solid auto-kdk-case
facet normal -0.8562230986068415 0.5166062382628563 0
outer loop
vertex -72.31282806396484 45.518306732177734 -3.700000047683716
vertex -74.0126724243164 42.700984954833984 -3.700000047683716
vertex -72.31282806396484 45.518306732177734 1.7000000476837158
endloop
endfacet
facet normal 0 0 1
outer loop
vertex 30.799428939819336 -34.69380187988281 7.199999809265137
vertex 31.5653076171875 -39.037384033203125 7.199999809265137
vertex 51.712806701660156 -34.8631477355957 7.199999809265137
endloop
endfacet
facet normal 0 0 1
outer loop
vertex 73.48246002197266 44.00657272338867 7.199999809265137
vertex 68.43033599853516 42.281063079833984 7.199999809265137
vertex 73.71582794189453 43.02511215209961 7.199999809265137
endloop
endfacet
facet normal 0 0 1
outer loop
vertex 68.37094116210938 42.44424057006836 7.199999809265137
vertex 68.40777587890625 42.36524963378906 7.199999809265137
vertex 73.48246002197266 44.00657272338867 7.199999809265137
endloop
endfacet
facet normal -0.608384430979487 0.7936424787910569 3.91249619273134e-7
outer loop
vertex -67.54238891601562 49.175193786621094 -3.700000047683716
vertex -72.31282806396484 45.518306732177734 -3.700000047683716
vertex -71.12687683105469 46.42742156982422 1.7000000476837158
endloop
endfacet
facet normal 0 0 1
outer loop
vertex 68.43033599853516 42.281063079833984 7.199999809265137
vertex 68.43792724609375 42.19424057006836 7.199999809265137
vertex 73.71582794189453 43.02511215209961 7.199999809265137
endloop
endfacet
facet normal 0 0 1
outer loop
vertex 68.43602752685547 42.15066146850586 7.199999809265137
vertex 68.38359069824219 41.57313537597656 7.199999809265137
vertex 73.71582794189453 43.02511215209961 7.199999809265137
endloop
endfacet
facet normal -0.99866169725361 -0.05171860824248042 0
outer loop
vertex -40.075191497802734 -43.71577072143555 -3.700000047683716
vertex -39.86530685424805 -47.7685432434082 -3.700000047683716
vertex -40.075191497802734 -43.71577072143555 1.7000000476837158
endloop
endfacet
facet normal -0.8640488121740194 -0.5034080354748682 0
outer loop
vertex -40.783206939697266 -42.50053405761719 -3.700000047683716
vertex -40.075191497802734 -43.71577072143555 -3.700000047683716
vertex -40.783206939697266 -42.50053405761719 1.7000000476837158
endloop
endfacet
facet normal -0.9986617225947739 -0.05171811891435073 0
outer loop
vertex -39.86530685424805 -47.7685432434082 -3.700000047683716
vertex -39.65061950683594 -51.914093017578125 1.7000000476837158
vertex -39.86530685424805 -47.7685432434082 1.7000000476837158
endloop
endfacet
facet normal -0.99866169725361 -0.05171860824248042 0
outer loop
vertex -39.86530685424805 -47.7685432434082 -3.700000047683716
vertex -39.86530685424805 -47.7685432434082 1.7000000476837158
vertex -40.075191497802734 -43.71577072143555 1.7000000476837158
endloop
endfacet
facet normal -0.8640496488949323 -0.5034065993253931 -4.329023671251267e-7
outer loop
vertex -40.783206939697266 -42.50053405761719 1.7000000476837158
vertex -40.075191497802734 -43.71577072143555 -3.700000047683716
vertex -40.339141845703125 -43.26272964477539 1.7000000476837158
endloop
endfacet
facet normal -0.8640474044742199 -0.5034104516409685 0
outer loop
vertex -40.339141845703125 -43.26272964477539 1.7000000476837158
vertex -40.075191497802734 -43.71577072143555 -3.700000047683716
vertex -40.075191497802734 -43.71577072143555 1.7000000476837158
endloop
endfacet
facet normal 0 0 -1
outer loop
vertex -76.01148986816406 -17.67460823059082 -5.699999809265137
vertex -75.12377166748047 -17.536853790283203 -5.699999809265137
vertex -75.06803131103516 -17.598400115966797 -5.699999809265137
endloop
endfacet
facet normal 0 0 1
outer loop
vertex 68.38359069824219 41.57313537597656 7.199999809265137
vertex 73.11668395996094 39.000125885009766 7.199999809265137
vertex 73.71582794189453 43.02511215209961 7.199999809265137
endloop
endfacet
facet normal 0 0 1
outer loop
vertex 68.37979125976562 41.52972412109375 7.199999809265137
vertex 68.35723114013672 41.44553756713867 7.199999809265137
vertex 73.11668395996094 39.000125885009766 7.199999809265137
endloop
endfacet
facet normal 0 0 -1
outer loop
vertex -76.01148986816406 -17.67460823059082 -5.699999809265137
vertex -75.06803131103516 -17.598400115966797 -5.699999809265137
vertex -38.17902374267578 -40.715248107910156 -5.699999809265137
endloop
endfacet
facet normal 0 0 1
outer loop
vertex 68.38359069824219 41.57313537597656 7.199999809265137
vertex 68.37979125976562 41.52972412109375 7.199999809265137
vertex 73.11668395996094 39.000125885009766 7.199999809265137
endloop
endfacet
facet normal 0 0 -1
outer loop
vertex -75.12377166748047 -17.536853790283203 -5.699999809265137
vertex -77.30632019042969 -14.55615520477295 -5.699999809265137
vertex -76.41582489013672 -14.934981346130371 -5.699999809265137
endloop
endfacet
facet normal 0 0 -1
outer loop
vertex -75.12377166748047 -17.536853790283203 -5.699999809265137
vertex -76.01148986816406 -17.67460823059082 -5.699999809265137
vertex -77.30632019042969 -14.55615520477295 -5.699999809265137
endloop
endfacet
facet normal 0 0 -1
outer loop
vertex -76.41582489013672 -14.934981346130371 -5.699999809265137
vertex -77.30632019042969 -14.55615520477295 -5.699999809265137
vertex -76.43116760253906 -14.853373527526855 -5.699999809265137
endloop
endfacet
facet normal 0 0 1
outer loop
vertex 68.32039642333984 41.366546630859375 7.199999809265137
vertex 68.2704086303711 41.2951545715332 7.199999809265137
vertex 73.11668395996094 39.000125885009766 7.199999809265137
endloop
endfacet
facet normal 0 0 -1
outer loop
vertex -39.7113037109375 -40.81882858276367 -5.699999809265137
vertex -76.01148986816406 -17.67460823059082 -5.699999809265137
vertex -38.17902374267578 -40.715248107910156 -5.699999809265137
endloop
endfacet
facet normal -0.9235520549145678 -0.38347307840718026 0
outer loop
vertex -79.343505859375 -14.865311622619629 1.7000000476837158
vertex -77.61723327636719 -19.022846221923828 -3.700000047683716
vertex -77.61723327636719 -19.022846221923828 1.7000000476837158
endloop
endfacet
facet normal 0 0 1
outer loop
vertex 68.35723114013672 41.44553756713867 7.199999809265137
vertex 68.32039642333984 41.366546630859375 7.199999809265137
vertex 73.11668395996094 39.000125885009766 7.199999809265137
endloop
endfacet
facet normal -0.5374921600464881 -0.8432687459455379 0
outer loop
vertex -77.61723327636719 -19.022846221923828 1.7000000476837158
vertex -77.61723327636719 -19.022846221923828 -3.700000047683716
vertex -40.783206939697266 -42.50053405761719 1.7000000476837158
endloop
endfacet
facet normal -0.9235520549145678 -0.38347307840718026 0
outer loop
vertex -79.343505859375 -14.865311622619629 -3.700000047683716
vertex -77.61723327636719 -19.022846221923828 -3.700000047683716
vertex -79.343505859375 -14.865311622619629 1.7000000476837158
endloop
endfacet
facet normal 0 0 1
outer loop
vertex 68.2704086303711 41.2951545715332 7.199999809265137
vertex 68.20877838134766 41.233524322509766 7.199999809265137
vertex 72.57127380371094 38.10428237915039 7.199999809265137
endloop
endfacet
facet normal 0 0 1
outer loop
vertex 68.2704086303711 41.2951545715332 7.199999809265137
vertex 72.57127380371094 38.10428237915039 7.199999809265137
vertex 73.11668395996094 39.000125885009766 7.199999809265137
endloop
endfacet
facet normal 0 0 1
outer loop
vertex 73.48246002197266 44.00657272338867 7.199999809265137
vertex 60.123470306396484 60.36468505859375 7.199999809265137
vertex 68.32095336914062 42.51563262939453 7.199999809265137
endloop
endfacet
facet normal 0 0 1
outer loop
vertex 63.03639221191406 -20.784088134765625 7.199999809265137
vertex 65.46637725830078 -26.20256805419922 7.199999809265137
vertex 62.987220764160156 -20.505233764648438 7.199999809265137
endloop
endfacet
facet normal 0 0 1
outer loop
vertex 63.04398727416992 -20.870912551879883 7.199999809265137
vertex 65.46637725830078 -26.20256805419922 7.199999809265137
vertex 63.03639221191406 -20.784088134765625 7.199999809265137
endloop
endfacet
facet normal 0 0 1
outer loop
vertex 63.04398727416992 -20.870912551879883 7.199999809265137
vertex 63.03639221191406 -20.957735061645508 7.199999809265137
vertex 65.46637725830078 -26.20256805419922 7.199999809265137
endloop
endfacet
facet normal 0 0 1
outer loop
vertex 63.0133056640625 -21.043052673339844 7.199999809265137
vertex 62.97616195678711 -21.123197555541992 7.199999809265137
vertex 65.46637725830078 -26.20256805419922 7.199999809265137
endloop
endfacet
facet normal 0 0 -1
outer loop
vertex -36.90123748779297 -53.651939392089844 -5.699999809265137
vertex -35.99972152709961 -53.49820327758789 -5.699999809265137
vertex -32.574092864990234 -57.17435073852539 -5.699999809265137
endloop
endfacet
facet normal 0 0 -1
outer loop
vertex -35.99972152709961 -53.49820327758789 -5.699999809265137
vertex -36.90123748779297 -53.651939392089844 -5.699999809265137
vertex -36.02899169921875 -53.452518463134766 -5.699999809265137
endloop
endfacet
facet normal 0 0 -1
outer loop
vertex -36.90123748779297 -53.651939392089844 -5.699999809265137
vertex -37.66856384277344 -51.515811920166016 -5.699999809265137
vertex -36.02899169921875 -53.452518463134766 -5.699999809265137
endloop
endfacet
facet normal 0 0 -1
outer loop
vertex -36.02899169921875 -53.452518463134766 -5.699999809265137
vertex -37.66856384277344 -51.515811920166016 -5.699999809265137
vertex -36.741844177246094 -51.7154426574707 -5.699999809265137
endloop
endfacet
facet normal 0 0 -1
outer loop
vertex -36.741844177246094 -51.7154426574707 -5.699999809265137
vertex -37.66856384277344 -51.515811920166016 -5.699999809265137
vertex -36.75310516357422 -51.66236877441406 -5.699999809265137
endloop
endfacet
facet normal 0 0 -1
outer loop
vertex -33.3238410949707 -57.675479888916016 -5.699999809265137
vertex -32.574092864990234 -57.17435073852539 -5.699999809265137
vertex -32.52409744262695 -57.20982360839844 -5.699999809265137
endloop
endfacet
facet normal 0 0 -1
outer loop
vertex -33.3238410949707 -57.675479888916016 -5.699999809265137
vertex -36.90123748779297 -53.651939392089844 -5.699999809265137
vertex -32.574092864990234 -57.17435073852539 -5.699999809265137
endloop
endfacet
facet normal 0 0 -1
outer loop
vertex -31.092815399169922 -58.794639587402344 -5.699999809265137
vertex -33.3238410949707 -57.675479888916016 -5.699999809265137
vertex -30.5770206451416 -58.0639762878418 -5.699999809265137
endloop
endfacet
facet normal 0 0 -1
outer loop
vertex -30.5770206451416 -58.0639762878418 -5.699999809265137
vertex -33.3238410949707 -57.675479888916016 -5.699999809265137
vertex -32.52409744262695 -57.20982360839844 -5.699999809265137
endloop
endfacet
facet normal 0 0 -1
outer loop
vertex -31.092815399169922 -58.794639587402344 -5.699999809265137
vertex -30.5770206451416 -58.0639762878418 -5.699999809265137
vertex -30.517065048217773 -58.07674026489258 -5.699999809265137
endloop
endfacet
facet normal 0 0 1
outer loop
vertex 63.03639221191406 -20.957735061645508 7.199999809265137
vertex 63.0133056640625 -21.043052673339844 7.199999809265137
vertex 65.46637725830078 -26.20256805419922 7.199999809265137
endloop
endfacet
facet normal 0 0 1
outer loop
vertex 62.97616195678711 -21.123197555541992 7.199999809265137
vertex 62.95211410522461 -21.160858154296875 7.199999809265137
vertex 65.46637725830078 -26.20256805419922 7.199999809265137
endloop
endfacet
facet normal 0 0 1
outer loop
vertex 62.783695220947266 -21.400299072265625 7.199999809265137
vertex 65.46637725830078 -26.20256805419922 7.199999809265137
vertex 62.95211410522461 -21.160858154296875 7.199999809265137
endloop
endfacet
facet normal 0 0 -1
outer loop
vertex -31.092815399169922 -58.794639587402344 -5.699999809265137
vertex -18.606342315673828 -58.15000534057617 -5.699999809265137
vertex -19.968833923339844 -59.03886032104492 -5.699999809265137
endloop
endfacet
facet normal 0 0 1
outer loop
vertex 62.619388580322266 -21.631633758544922 7.199999809265137
vertex 64.63192749023438 -26.69185447692871 7.199999809265137
vertex 62.783695220947266 -21.400299072265625 7.199999809265137
endloop
endfacet
facet normal 0 0 -1
outer loop
vertex -18.606342315673828 -58.15000534057617 -5.699999809265137
vertex -31.092815399169922 -58.794639587402344 -5.699999809265137
vertex -30.517065048217773 -58.07674026489258 -5.699999809265137
endloop
endfacet
facet normal 0 0 1
outer loop
vertex 62.59439468383789 -21.66733169555664 7.199999809265137
vertex 64.63192749023438 -26.69185447692871 7.199999809265137
vertex 62.619388580322266 -21.631633758544922 7.199999809265137
endloop
endfacet
facet normal 0 0 1
outer loop
vertex 62.53276443481445 -21.728960037231445 7.199999809265137
vertex 64.63192749023438 -26.69185447692871 7.199999809265137
vertex 62.59439468383789 -21.66733169555664 7.199999809265137
endloop
endfacet
facet normal 0 0 1
outer loop
vertex 62.46137237548828 -21.778949737548828 7.199999809265137
vertex 64.63192749023438 -26.69185447692871 7.199999809265137
vertex 62.53276443481445 -21.728960037231445 7.199999809265137
endloop
endfacet
facet normal 0 0 1
outer loop
vertex 65.76345825195312 39.1816520690918 7.199999809265137
vertex 72.57127380371094 38.10428237915039 7.199999809265137
vertex 68.20877838134766 41.233524322509766 7.199999809265137
endloop
endfacet
facet normal 0 0 1
outer loop
vertex 64.63192749023438 -26.69185447692871 7.199999809265137
vertex 65.46637725830078 -26.20256805419922 7.199999809265137
vertex 62.783695220947266 -21.400299072265625 7.199999809265137
endloop
endfacet
facet normal 0 0 -1
outer loop
vertex -36.75310516357422 -51.66236877441406 -5.699999809265137
vertex -37.66856384277344 -51.515811920166016 -5.699999809265137
vertex -38.08421325683594 -43.61266326904297 -5.699999809265137
endloop
endfacet
facet normal 0 0 1
outer loop
vertex 62.382381439208984 -21.815784454345703 7.199999809265137
vertex 64.63192749023438 -26.69185447692871 7.199999809265137
vertex 62.46137237548828 -21.778949737548828 7.199999809265137
endloop
endfacet
facet normal 0 0 -1
outer loop
vertex -36.75310516357422 -51.66236877441406 -5.699999809265137
vertex -38.08421325683594 -43.61266326904297 -5.699999809265137
vertex -37.008689880371094 -42.759971618652344 -5.699999809265137
endloop
endfacet
facet normal 0 0 -1
outer loop
vertex -37.008689880371094 -42.759971618652344 -5.699999809265137
vertex -38.08421325683594 -43.61266326904297 -5.699999809265137
vertex -38.10557556152344 -43.368473052978516 -5.699999809265137
endloop
endfacet
facet normal 0 0 -1
outer loop
vertex -37.008689880371094 -42.759971618652344 -5.699999809265137
vertex -38.10557556152344 -43.368473052978516 -5.699999809265137
vertex -38.19580841064453 -43.03173065185547 -5.699999809265137
endloop
endfacet
facet normal 0 0 -1
outer loop
vertex -37.008689880371094 -42.759971618652344 -5.699999809265137
vertex -38.19580841064453 -43.03173065185547 -5.699999809265137
vertex -38.343143463134766 -42.71577072143555 -5.699999809265137
endloop
endfacet
facet normal 0 0 -1
outer loop
vertex -38.343143463134766 -42.71577072143555 -5.699999809265137
vertex -38.17902374267578 -40.715248107910156 -5.699999809265137
vertex -37.008689880371094 -42.759971618652344 -5.699999809265137
endloop
endfacet
facet normal 0 0 1
outer loop
vertex 62.298194885253906 -21.838340759277344 7.199999809265137
vertex 64.63192749023438 -26.69185447692871 7.199999809265137
vertex 62.382381439208984 -21.815784454345703 7.199999809265137
endloop
endfacet
facet normal 0 0 1
outer loop
vertex 65.76345825195312 39.1816520690918 7.199999809265137
vertex 54.7418212890625 29.93335723876953 7.199999809265137
vertex 72.57127380371094 38.10428237915039 7.199999809265137
endloop
endfacet
facet normal 0 0 1
outer loop
vertex 62.987220764160156 -20.505233764648438 7.199999809265137
vertex 65.46637725830078 -26.20256805419922 7.199999809265137
vertex 67.95417785644531 -23.064443588256836 7.199999809265137
endloop
endfacet
facet normal -0.9848069876024826 -0.17365251846474036 4.2019718236804403e-7
outer loop
vertex 62.494632720947266 -20.591007232666016 6.199999809265137
vertex 62.54398727416992 -20.870912551879883 2.5
vertex 62.5091438293457 -20.673301696777344 6.199999809265137
endloop
endfacet
facet normal 0 0 -1
outer loop
vertex -39.49763488769531 -40.96844482421875 -5.699999809265137
vertex -39.7113037109375 -40.81882858276367 -5.699999809265137
vertex -38.17902374267578 -40.715248107910156 -5.699999809265137
endloop
endfacet
facet normal 0 0 -1
outer loop
vertex -38.343143463134766 -42.71577072143555 -5.699999809265137
vertex -39.055694580078125 -41.494056701660156 -5.699999809265137
vertex -38.17902374267578 -40.715248107910156 -5.699999809265137
endloop
endfacet
facet normal 0 0 -1
outer loop
vertex -39.055694580078125 -41.494056701660156 -5.699999809265137
vertex -39.251121520996094 -41.21495819091797 -5.699999809265137
vertex -38.17902374267578 -40.715248107910156 -5.699999809265137
endloop
endfacet
facet normal 0 0 -1
outer loop
vertex -39.251121520996094 -41.21495819091797 -5.699999809265137
vertex -39.49763488769531 -40.96844482421875 -5.699999809265137
vertex -38.17902374267578 -40.715248107910156 -5.699999809265137
endloop
endfacet
facet normal 0 0 -1
outer loop
vertex -19.664770126342773 -59.06546401977539 -5.699999809265137
vertex -19.968833923339844 -59.03886032104492 -5.699999809265137
vertex -18.606342315673828 -58.15000534057617 -5.699999809265137
endloop
endfacet
facet normal 0 0 -1
outer loop
vertex -19.328025817871094 -59.15569305419922 -5.699999809265137
vertex -18.606342315673828 -58.15000534057617 -5.699999809265137
vertex -19.012065887451172 -59.30302810668945 -5.699999809265137
endloop
endfacet
facet normal 0 0 -1
outer loop
vertex -18.606342315673828 -58.15000534057617 -5.699999809265137
vertex -19.328025817871094 -59.15569305419922 -5.699999809265137
vertex -19.664770126342773 -59.06546401977539 -5.699999809265137
endloop
endfacet
facet normal 0 0 -1
outer loop
vertex -18.839963912963867 -59.42353439331055 -5.699999809265137
vertex -19.012065887451172 -59.30302810668945 -5.699999809265137
vertex -18.606342315673828 -58.15000534057617 -5.699999809265137
endloop
endfacet
facet normal 0 0 -1
outer loop
vertex -18.839963912963867 -59.42353439331055 -5.699999809265137
vertex -18.606342315673828 -58.15000534057617 -5.699999809265137
vertex -17.37055206298828 -60.49225997924805 -5.699999809265137
endloop
endfacet
facet normal 0 0 -1
outer loop
vertex -16.81060218811035 -61.10380554199219 -5.699999809265137
vertex -17.01056480407715 -60.81822967529297 -5.699999809265137
vertex -16.026161193847656 -60.27947998046875 -5.699999809265137
endloop
endfacet
facet normal 0 0 -1
outer loop
vertex -16.81060218811035 -61.10380554199219 -5.699999809265137
vertex -16.026161193847656 -60.27947998046875 -5.699999809265137
vertex -16.663267135620117 -61.41976547241211 -5.699999809265137
endloop
endfacet
facet normal 0 0 -1
outer loop
vertex -15.762106895446777 -61.60271072387695 -5.699999809265137
vertex -16.663267135620117 -61.41976547241211 -5.699999809265137
vertex -16.026161193847656 -60.27947998046875 -5.699999809265137
endloop
endfacet
facet normal 0 0 -1
outer loop
vertex -16.444435119628906 -62.04816436767578 -5.699999809265137
vertex -16.663267135620117 -61.41976547241211 -5.699999809265137
vertex -12.862874984741211 -64.02587127685547 -5.699999809265137
endloop
endfacet
facet normal 0 0 -1
outer loop
vertex -12.862874984741211 -64.02587127685547 -5.699999809265137
vertex -16.663267135620117 -61.41976547241211 -5.699999809265137
vertex -15.708566665649414 -61.69194030761719 -5.699999809265137
endloop
endfacet
facet normal 0 0 -1
outer loop
vertex -15.708566665649414 -61.69194030761719 -5.699999809265137
vertex -16.663267135620117 -61.41976547241211 -5.699999809265137
vertex -15.762106895446777 -61.60271072387695 -5.699999809265137
endloop
endfacet
facet normal 0 0 -1
outer loop
vertex -16.026161193847656 -60.27947998046875 -5.699999809265137
vertex -17.01056480407715 -60.81822967529297 -5.699999809265137
vertex -17.257078170776367 -60.57171630859375 -5.699999809265137
endloop
endfacet
facet normal 0 0 -1
outer loop
vertex -16.026161193847656 -60.27947998046875 -5.699999809265137
vertex -17.257078170776367 -60.57171630859375 -5.699999809265137
vertex -17.37055206298828 -60.49225997924805 -5.699999809265137
endloop
endfacet
facet normal 0 0 -1
outer loop
vertex -16.026161193847656 -60.27947998046875 -5.699999809265137
vertex -17.37055206298828 -60.49225997924805 -5.699999809265137
vertex -18.606342315673828 -58.15000534057617 -5.699999809265137
endloop
endfacet
facet normal -0.7660446058110131 -0.6427874157976723 0
outer loop
vertex 64.1546859741211 46.70293426513672 6.199999809265137
vertex 67.93792724609375 42.19424057006836 2.5
vertex 67.93792724609375 42.19424057006836 6.199999809265137
endloop
endfacet
facet normal 0 0 1
outer loop
vertex 31.654693603515625 -33.47236251831055 7.199999809265137
vertex 30.799428939819336 -34.69380187988281 7.199999809265137
vertex 52.01375961303711 -33.33338928222656 7.199999809265137
endloop
endfacet
facet normal -0.5372967027008255 0.843393296906503 0
outer loop
vertex 31.427459716796875 -33.00471496582031 2.5
vertex 31.3268985748291 -33.06877899169922 2.5
vertex 31.427459716796875 -33.00471496582031 6.199999809265137
endloop
endfacet
facet normal -0.5372967027008255 0.843393296906503 0
outer loop
vertex 31.427459716796875 -33.00471496582031 6.199999809265137
vertex 31.3268985748291 -33.06877899169922 2.5
vertex 31.3268985748291 -33.06877899169922 6.199999809265137
endloop
endfacet
facet normal 0 0 1
outer loop
vertex 31.572904586791992 -39.12420654296875 7.199999809265137
vertex 50.596351623535156 -51.93859100341797 7.199999809265137
vertex 31.5653076171875 -39.037384033203125 7.199999809265137
endloop
endfacet
facet normal 0 0 1
outer loop
vertex 31.5653076171875 -39.21103286743164 7.199999809265137
vertex 47.93160629272461 -54.408111572265625 7.199999809265137
vertex 31.572904586791992 -39.12420654296875 7.199999809265137
endloop
endfacet
facet normal 0 0 1
outer loop
vertex 31.54275131225586 -39.29521560668945 7.199999809265137
vertex 47.93160629272461 -54.408111572265625 7.199999809265137
vertex 31.5653076171875 -39.21103286743164 7.199999809265137
endloop
endfacet
facet normal 0 0 1
outer loop
vertex 47.93160629272461 -54.408111572265625 7.199999809265137
vertex 31.505916595458984 -39.37420654296875 7.199999809265137
vertex 31.482479095458984 -39.41099548339844 7.199999809265137
endloop
endfacet
facet normal 0 0 1
outer loop
vertex 31.505916595458984 -39.37420654296875 7.199999809265137
vertex 47.93160629272461 -54.408111572265625 7.199999809265137
vertex 31.54275131225586 -39.29521560668945 7.199999809265137
endloop
endfacet
facet normal 0 0 1
outer loop
vertex 31.148303985595703 -39.88492965698242 7.199999809265137
vertex 47.93160629272461 -54.408111572265625 7.199999809265137
vertex 31.482479095458984 -39.41099548339844 7.199999809265137
endloop
endfacet
facet normal 0 0 1
outer loop
vertex 31.123310089111328 -39.920623779296875 7.199999809265137
vertex 47.93160629272461 -54.408111572265625 7.199999809265137
vertex 31.148303985595703 -39.88492965698242 7.199999809265137
endloop
endfacet
facet normal 0 0 1
outer loop
vertex 31.061681747436523 -39.98225402832031 7.199999809265137
vertex 47.93160629272461 -54.408111572265625 7.199999809265137
vertex 31.123310089111328 -39.920623779296875 7.199999809265137
endloop
endfacet
facet normal 0 0 1
outer loop
vertex 30.99028778076172 -40.03224563598633 7.199999809265137
vertex 47.93160629272461 -54.408111572265625 7.199999809265137
vertex 31.061681747436523 -39.98225402832031 7.199999809265137
endloop
endfacet
facet normal 0 0 1
outer loop
vertex 30.911296844482422 -40.06907653808594 7.199999809265137
vertex 47.93160629272461 -54.408111572265625 7.199999809265137
vertex 30.99028778076172 -40.03224563598633 7.199999809265137
endloop
endfacet
facet normal 0 0 1
outer loop
vertex 30.827110290527344 -40.091636657714844 7.199999809265137
vertex 47.93160629272461 -54.408111572265625 7.199999809265137
vertex 30.911296844482422 -40.06907653808594 7.199999809265137
endloop
endfacet
facet normal 0 0 1
outer loop
vertex 30.827110290527344 -40.091636657714844 7.199999809265137
vertex 25.974502563476562 -40.9472770690918 7.199999809265137
vertex 47.253692626953125 -55.086021423339844 7.199999809265137
endloop
endfacet
facet normal -0.17364816503485309 0.9848077552395841 0
outer loop
vertex 31.427459716796875 -33.00471496582031 2.5
vertex 31.427459716796875 -33.00471496582031 6.199999809265137
vertex 46.375 -30.369060516357422 6.199999809265137
endloop
endfacet
facet normal -0.7660497731262219 -0.6427812574505678 -0.000012787919828226793
outer loop
vertex 56.63782501220703 55.66133117675781 6.200226783752441
vertex 67.93792724609375 42.19424057006836 2.5
vertex 64.1546859741211 46.70293426513672 6.199999809265137
endloop
endfacet
facet normal -0.9961953809892233 0.08714793684153507 0
outer loop
vertex 67.93792724609375 42.19424057006836 6.199999809265137
vertex 67.88739013671875 41.616546630859375 2.5
vertex 67.88739013671875 41.616546630859375 6.199999809265137
endloop
endfacet
facet normal -0.642787254290262 0.7660447413317139 -1.1721717015413401e-7
outer loop
vertex 67.88739013671875 41.616546630859375 6.199999809265137
vertex 65.44206237792969 39.564674377441406 2.5
vertex 65.59017181396484 39.6889533996582 6.199999809265137
endloop
endfacet
facet normal -0.6427889726625176 0.7660432994442711 0
outer loop
vertex 65.44206237792969 39.564674377441406 2.5
vertex 65.44206237792969 39.564674377441406 6.199999809265137
vertex 65.59017181396484 39.6889533996582 6.199999809265137
endloop
endfacet
facet normal 0 0 1
outer loop
vertex 59.237701416015625 60.90172576904297 7.199999809265137
vertex 56.95918273925781 56.044246673583984 7.199999809265137
vertex 60.123470306396484 60.36468505859375 7.199999809265137
endloop
endfacet
facet normal 0 0 1
outer loop
vertex 59.237701416015625 60.90172576904297 7.199999809265137
vertex 55.182003021240234 61.48468017578125 7.199999809265137
vertex 56.95918273925781 56.044246673583984 7.199999809265137
endloop
endfacet
facet normal 0 0 1
outer loop
vertex 55.182003021240234 61.48468017578125 7.199999809265137
vertex 54.19098663330078 61.241146087646484 7.199999809265137
vertex 55.973228454589844 56.20419692993164 7.199999809265137
endloop
endfacet
facet normal 0 0 1
outer loop
vertex 57.020809173583984 55.98261642456055 7.199999809265137
vertex 60.123470306396484 60.36468505859375 7.199999809265137
vertex 56.95918273925781 56.044246673583984 7.199999809265137
endloop
endfacet
facet normal 0 0 1
outer loop
vertex 55.182003021240234 61.48468017578125 7.199999809265137
vertex 56.724571228027344 56.153656005859375 7.199999809265137
vertex 56.808753967285156 56.13109588623047 7.199999809265137
endloop
endfacet
facet normal 0 0 -1
outer loop
vertex -16.444435119628906 -62.04816436767578 -5.699999809265137
vertex -12.862874984741211 -64.02587127685547 -5.699999809265137
vertex -13.307533264160156 -64.76226806640625 -5.699999809265137
endloop
endfacet
facet normal 0 0 -1
outer loop
vertex -12.75208568572998 -64.9609146118164 -5.699999809265137
vertex -13.307533264160156 -64.76226806640625 -5.699999809265137
vertex -12.76488971710205 -64.0609130859375 -5.699999809265137
endloop
endfacet
facet normal 0 0 -1
outer loop
vertex -12.76488971710205 -64.0609130859375 -5.699999809265137
vertex -13.307533264160156 -64.76226806640625 -5.699999809265137
vertex -12.862874984741211 -64.02587127685547 -5.699999809265137
endloop
endfacet
facet normal 0 0 1
outer loop
vertex 55.182003021240234 61.48468017578125 7.199999809265137
vertex 56.681156158447266 56.15745162963867 7.199999809265137
vertex 56.724571228027344 56.153656005859375 7.199999809265137
endloop
endfacet
facet normal 0 0 1
outer loop
vertex 56.887779235839844 56.09423828125 7.199999809265137
vertex 56.95918273925781 56.044246673583984 7.199999809265137
vertex 55.182003021240234 61.48468017578125 7.199999809265137
endloop
endfacet
facet normal 0 0 1
outer loop
vertex 56.808753967285156 56.13109588623047 7.199999809265137
vertex 56.887779235839844 56.09423828125 7.199999809265137
vertex 55.182003021240234 61.48468017578125 7.199999809265137
endloop
endfacet
facet normal 0 0 1
outer loop
vertex 55.182003021240234 61.48468017578125 7.199999809265137
vertex 56.10346221923828 56.20799255371094 7.199999809265137
vertex 56.681156158447266 56.15745162963867 7.199999809265137
endloop
endfacet
facet normal 0 0 1
outer loop
vertex 55.182003021240234 61.48468017578125 7.199999809265137
vertex 56.06005096435547 56.2117919921875 7.199999809265137
vertex 56.10346221923828 56.20799255371094 7.199999809265137
endloop
endfacet
facet normal 0 0 1
outer loop
vertex 56.06005096435547 56.2117919921875 7.199999809265137
vertex 55.182003021240234 61.48468017578125 7.199999809265137
vertex 55.973228454589844 56.20419692993164 7.199999809265137
endloop
endfacet
facet normal 0 0 1
outer loop
vertex 54.19098663330078 61.241146087646484 7.199999809265137
vertex 55.889041900634766 56.181636810302734 7.199999809265137
vertex 55.973228454589844 56.20419692993164 7.199999809265137
endloop
endfacet
facet normal 0 0 1
outer loop
vertex 54.19098663330078 61.241146087646484 7.199999809265137
vertex 55.81005096435547 56.144805908203125 7.199999809265137
vertex 55.889041900634766 56.181636810302734 7.199999809265137
endloop
endfacet
facet normal 0 0 1
outer loop
vertex 54.19098663330078 61.241146087646484 7.199999809265137
vertex 55.7386589050293 56.09481430053711 7.199999809265137
vertex 55.81005096435547 56.144805908203125 7.199999809265137
endloop
endfacet
facet normal 0 0 -1
outer loop
vertex -12.75208568572998 -64.9609146118164 -5.699999809265137
vertex -12.76488971710205 -64.0609130859375 -5.699999809265137
vertex 8.365249633789062 -64.9609146118164 -5.699999809265137
endloop
endfacet
facet normal 0 0 1
outer loop
vertex 40.477237701416016 49.841819763183594 7.199999809265137
vertex 55.7386589050293 56.09481430053711 7.199999809265137
vertex 54.19098663330078 61.241146087646484 7.199999809265137
endloop
endfacet
facet normal 0.9999892035301053 -0.004646807740781337 -0.000001022573725079424
outer loop
vertex 64.25691223144531 21.358312606811523 1.7000000476837158
vertex 64.26299285888672 22.668046951293945 -3.700000047683716
vertex 64.26948547363281 24.06525230407715 -3.700000047683716
endloop
endfacet
facet normal 0.9999892231126778 -0.004642591787247031 0
outer loop
vertex 64.25691223144531 21.358312606811523 1.7000000476837158
vertex 64.25691223144531 21.358312606811523 -3.700000047683716
vertex 64.26299285888672 22.668046951293945 -3.700000047683716
endloop
endfacet
facet normal 0 0 1
outer loop
vertex 25.974502563476562 -40.9472770690918 7.199999809265137
vertex 8.777690887451172 -49.157371520996094 7.199999809265137
vertex 46.01914978027344 -56.97324752807617 7.199999809265137
endloop
endfacet
facet normal -0.44838085978348124 -0.8938426061560426 0
outer loop
vertex -34.56355285644531 -59.291133880615234 1.7000000476837158
vertex -34.56355285644531 -59.291133880615234 -3.700000047683716
vertex -31.58671760559082 -60.7844123840332 -3.700000047683716
endloop
endfacet
facet normal -0.7473253892897921 -0.6644582473886984 0
outer loop
vertex -38.65277862548828 -54.691925048828125 -3.700000047683716
vertex -34.56355285644531 -59.291133880615234 -3.700000047683716
vertex -38.65277862548828 -54.691925048828125 1.7000000476837158
endloop
endfacet
facet normal -0.9411224218426707 -0.33806595082170926 0
outer loop
vertex -39.65061950683594 -51.914093017578125 -3.700000047683716
vertex -38.65277862548828 -54.691925048828125 -3.700000047683716
vertex -39.65061950683594 -51.914093017578125 1.7000000476837158
endloop
endfacet
facet normal -0.8191501357993664 0.5735791619459175 -0.000001139544541942277
outer loop
vertex 31.3268985748291 -33.06877899169922 6.199999809265137
vertex 30.308109283447266 -34.52375793457031 2.5
vertex 31.174800872802734 -33.28599548339844 6.199999809265137
endloop
endfacet
facet normal -0.8191517362884025 0.5735768762212224 0
outer loop
vertex 30.308109283447266 -34.52375793457031 2.5
vertex 30.308109283447266 -34.52375793457031 6.199999809265137
vertex 31.174800872802734 -33.28599548339844 6.199999809265137
endloop
endfacet
facet normal -0.9762956138604045 0.2164413878095773 0
outer loop
vertex 30.308109283447266 -34.52375793457031 6.199999809265137
vertex 30.282278060913086 -34.64027404785156 2.5
vertex 30.282278060913086 -34.64027404785156 6.199999809265137
endloop
endfacet
facet normal -0.9848082488875323 -0.1736453653943104 -3.859342882193553e-7
outer loop
vertex 30.282278060913086 -34.64027404785156 6.199999809265137
vertex 31.072904586791992 -39.12420654296875 2.5
vertex 30.785385131835938 -37.49358367919922 6.199999809265137
endloop
endfacet
facet normal -0.984808099133958 -0.1736462147015031 0
outer loop
vertex 31.072904586791992 -39.12420654296875 6.199999809265137
vertex 30.785385131835938 -37.49358367919922 6.199999809265137
vertex 31.072904586791992 -39.12420654296875 2.5
endloop
endfacet
facet normal -0.021651520600241718 -0.9997655783510939 0
outer loop
vertex -20.012065887451172 -61.03507995605469 -3.700000047683716
vertex -31.58671760559082 -60.7844123840332 1.7000000476837158
vertex -31.58671760559082 -60.7844123840332 -3.700000047683716
endloop
endfacet
facet normal -0.4483802011550573 -0.8938429365453104 4.544428625253265e-7
outer loop
vertex -34.56355285644531 -59.291133880615234 1.7000000476837158
vertex -31.58671760559082 -60.7844123840332 -3.700000047683716
vertex -32.90278244018555 -60.124229431152344 1.7000000476837158
endloop
endfacet
facet normal -0.44838169091970204 -0.893842189230285 0
outer loop
vertex -32.90278244018555 -60.124229431152344 1.7000000476837158
vertex -31.58671760559082 -60.7844123840332 -3.700000047683716
vertex -31.58671760559082 -60.7844123840332 1.7000000476837158
endloop
endfacet
facet normal -0.7473253892897921 -0.6644582473886984 0
outer loop
vertex -38.65277862548828 -54.691925048828125 1.7000000476837158
vertex -34.56355285644531 -59.291133880615234 -3.700000047683716
vertex -34.56355285644531 -59.291133880615234 1.7000000476837158
endloop
endfacet
facet normal -0.9411224218426707 -0.33806595082170926 0
outer loop
vertex -39.65061950683594 -51.914093017578125 1.7000000476837158
vertex -38.65277862548828 -54.691925048828125 -3.700000047683716
vertex -38.65277862548828 -54.691925048828125 1.7000000476837158
endloop
endfacet
facet normal -0.021651520600241718 -0.9997655783510939 0
outer loop
vertex -31.58671760559082 -60.7844123840332 1.7000000476837158
vertex -20.012065887451172 -61.03507995605469 -3.700000047683716
vertex -20.012065887451172 -61.03507995605469 1.7000000476837158
endloop
endfacet
facet normal -0.819151561191149 0.573577126285649 0
outer loop
vertex 31.072904586791992 -39.12420654296875 6.199999809265137
vertex 30.74028778076172 -39.5992317199707 2.5
vertex 30.74028778076172 -39.5992317199707 6.199999809265137
endloop
endfacet
facet normal -0.654305371436587 -0.7562304416705466 0
outer loop
vertex -18.157604217529297 -63.21059036254883 1.7000000476837158
vertex -18.157604217529297 -63.21059036254883 -3.700000047683716
vertex -14.333253860473633 -66.51949310302734 -3.700000047683716
endloop
endfacet
facet normal -0.5881955390043625 -0.8087187446169168 -7.782982066977698e-7
outer loop
vertex -18.542652130126953 -62.10380554199219 -3.700000047683716
vertex -20.012065887451172 -61.03507995605469 1.7000000476837158
vertex -19.350505828857422 -61.516239166259766 -3.700000047683716
endloop
endfacet
facet normal -0.5881913840337666 -0.8087217665850487 0
outer loop
vertex -20.012065887451172 -61.03507995605469 1.7000000476837158
vertex -20.012065887451172 -61.03507995605469 -3.700000047683716
vertex -19.350505828857422 -61.516239166259766 -3.700000047683716
endloop
endfacet
facet normal -0.9444758029185251 -0.32858097586653917 0
outer loop
vertex -18.542652130126953 -62.10380554199219 -3.700000047683716
vertex -18.157604217529297 -63.21059036254883 -3.700000047683716
vertex -18.542652130126953 -62.10380554199219 1.7000000476837158
endloop
endfacet
facet normal -0.1736470766280389 0.9848079471544368 0
outer loop
vertex 30.74028778076172 -39.5992317199707 6.199999809265137
vertex 25.887678146362305 -40.454872131347656 2.5
vertex 25.887678146362305 -40.454872131347656 6.199999809265137
endloop
endfacet
facet normal -0.33674382402266967 -0.9415963025535886 0
outer loop
vertex -14.333253860473633 -66.51949310302734 1.7000000476837158
vertex -14.333253860473633 -66.51949310302734 -3.700000047683716
vertex -13.098959922790527 -66.9609146118164 -3.700000047683716
endloop
endfacet
facet normal 0 0 1
outer loop
vertex 46.12137985229492 -56.82725143432617 7.199999809265137
vertex 46.806026458740234 -55.72535705566406 7.199999809265137
vertex 25.974502563476562 -40.9472770690918 7.199999809265137
endloop
endfacet
facet normal 0 0 1
outer loop
vertex 25.974502563476562 -40.9472770690918 7.199999809265137
vertex 46.01914978027344 -56.97324752807617 7.199999809265137
vertex 46.12137985229492 -56.82725143432617 7.199999809265137
endloop
endfacet
facet normal 0 -1 0
outer loop
vertex -13.098959922790527 -66.9609146118164 -3.700000047683716
vertex 9.087956428527832 -66.9609146118164 -3.700000047683716
vertex -13.098959922790527 -66.9609146118164 1.7000000476837158
endloop
endfacet
facet normal -0.08696853379784324 -0.9962110587516729 0.000023450467200681077
outer loop
vertex 56.17573165893555 55.7016716003418 6.199999809265137
vertex 56.63774490356445 55.661251068115234 2.5
vertex 56.63782501220703 55.66133117675781 6.200226783752441
endloop
endfacet
facet normal -0.0871526873276321 -0.9961949654015994 2.7968990274220436e-7
outer loop
vertex 56.06005096435547 55.7117919921875 6.199999809265137
vertex 56.63774490356445 55.661251068115234 2.5
vertex 56.17573165893555 55.7016716003418 6.199999809265137
endloop
endfacet
facet normal 0.6427896554906112 -0.7660427264808808 0
outer loop
vertex 48.67591857910156 49.5157356262207 6.199999809265137
vertex 56.06005096435547 55.7117919921875 2.5
vertex 56.06005096435547 55.7117919921875 6.199999809265137
endloop
endfacet
facet normal -0.9444758569730949 -0.3285808204916077 0
outer loop
vertex -18.157604217529297 -63.21059036254883 -3.700000047683716
vertex -18.157604217529297 -63.21059036254883 1.7000000476837158
vertex -18.363950729370117 -62.61746597290039 1.7000000476837158
endloop
endfacet
facet normal -0.654305371436587 -0.7562304416705466 0
outer loop
vertex -18.157604217529297 -63.21059036254883 1.7000000476837158
vertex -14.333253860473633 -66.51949310302734 -3.700000047683716
vertex -14.333253860473633 -66.51949310302734 1.7000000476837158
endloop
endfacet
facet normal -0.5881955390045406 -0.8087187446171618 0
outer loop
vertex -18.542652130126953 -62.10380554199219 -3.700000047683716
vertex -18.542652130126953 -62.10380554199219 1.7000000476837158
vertex -19.350505828857422 -61.516239166259766 1.7000000476837158
endloop
endfacet
facet normal -0.588191384033501 -0.8087217665846834 9.50410210387979e-7
outer loop
vertex -20.012065887451172 -61.03507995605469 1.7000000476837158
vertex -18.542652130126953 -62.10380554199219 -3.700000047683716
vertex -19.350505828857422 -61.516239166259766 1.7000000476837158
endloop
endfacet
facet normal -0.9444757405016161 -0.32858115527814796 4.122287810831999e-8
outer loop
vertex -18.542652130126953 -62.10380554199219 1.7000000476837158
vertex -18.157604217529297 -63.21059036254883 -3.700000047683716
vertex -18.363950729370117 -62.61746597290039 1.7000000476837158
endloop
endfacet
facet normal -0.33674218279803386 -0.9415968895043338 4.231196780570661e-7
outer loop
vertex -14.333253860473633 -66.51949310302734 1.7000000476837158
vertex -13.098959922790527 -66.9609146118164 -3.700000047683716
vertex -13.625650405883789 -66.77255249023438 1.7000000476837158
endloop
endfacet
facet normal -0.33674602898686257 -0.9415955139876033 0
outer loop
vertex -13.625650405883789 -66.77255249023438 1.7000000476837158
vertex -13.098959922790527 -66.9609146118164 -3.700000047683716
vertex -13.098959922790527 -66.9609146118164 1.7000000476837158
endloop
endfacet
facet normal 0 0 1
outer loop
vertex 46.01914978027344 -56.97324752807617 7.199999809265137
vertex 7.94598388671875 -49.9166259765625 7.199999809265137
vertex 45.613983154296875 -57.84213638305664 7.199999809265137
endloop
endfacet
facet normal 0 0 1
outer loop
vertex 45.613983154296875 -57.84213638305664 7.199999809265137
vertex -9.609906196594238 -50.835086822509766 7.199999809265137
vertex 45.365848541259766 -58.76818084716797 7.199999809265137
endloop
endfacet
facet normal 0 0 1
outer loop
vertex 40.477237701416016 49.841819763183594 7.199999809265137
vertex 42.01542663574219 44.579593658447266 7.199999809265137
vertex 55.7386589050293 56.09481430053711 7.199999809265137
endloop
endfacet
facet normal 0 0 1
outer loop
vertex 39.712318420410156 49.30622100830078 7.199999809265137
vertex 42.01542663574219 44.579593658447266 7.199999809265137
vertex 40.477237701416016 49.841819763183594 7.199999809265137
endloop
endfacet
facet normal 0 0 1
outer loop
vertex 39.712318420410156 49.30622100830078 7.199999809265137
vertex 39.524112701416016 49.20240783691406 7.199999809265137
vertex 42.01542663574219 44.579593658447266 7.199999809265137
endloop
endfacet
facet normal 0 0 1
outer loop
vertex 39.524112701416016 49.20240783691406 7.199999809265137
vertex 38.9787712097168 48.93181610107422 7.199999809265137
vertex 42.01542663574219 44.579593658447266 7.199999809265137
endloop
endfacet
facet normal 0 0 1
outer loop
vertex 38.9787712097168 48.93181610107422 7.199999809265137
vertex 38.30487060546875 48.61757278442383 7.199999809265137
vertex 41.909576416015625 44.47355270385742 7.199999809265137
endloop
endfacet
facet normal 0 0 1
outer loop
vertex 38.9787712097168 48.93181610107422 7.199999809265137
vertex 41.98294448852539 44.5498046875 7.199999809265137
vertex 42.01542663574219 44.579593658447266 7.199999809265137
endloop
endfacet
facet normal 0 0 1
outer loop
vertex 41.94065475463867 44.50474548339844 7.199999809265137
vertex 41.98294448852539 44.5498046875 7.199999809265137
vertex 38.9787712097168 48.93181610107422 7.199999809265137
endloop
endfacet
facet normal 0 0 1
outer loop
vertex 41.909576416015625 44.47355270385742 7.199999809265137
vertex 41.94065475463867 44.50474548339844 7.199999809265137
vertex 38.9787712097168 48.93181610107422 7.199999809265137
endloop
endfacet
facet normal -0.984808333051753 -0.17364488806707615 0
outer loop
vertex 62.54398727416992 -20.870912551879883 2.5
vertex 62.54398727416992 -20.870912551879883 6.199999809265137
vertex 62.5091438293457 -20.673301696777344 6.199999809265137
endloop
endfacet
facet normal -0.8198229806405353 0.572617037556066 0.00009334979137099263
outer loop
vertex 62.54398727416992 -20.870912551879883 6.199999809265137
vertex 62.37442398071289 -21.113075256347656 2.5
vertex 62.43486022949219 -21.027151107788086 6.199999809265137
endloop
endfacet
facet normal -0.8179358433796693 0.5753094437907212 0
outer loop
vertex 62.37442398071289 -21.113075256347656 2.5
vertex 62.37442398071289 -21.113075256347656 6.199999809265137
vertex 62.43486022949219 -21.027151107788086 6.199999809265137
endloop
endfacet
facet normal -0.8191326485775975 0.5736041352945158 -0.0000026983671790919953
outer loop
vertex 62.37442398071289 -21.113075256347656 6.199999809265137
vertex 62.21137237548828 -21.345937728881836 2.5
vertex 62.329891204833984 -21.17667007446289 6.199999809265137
endloop
endfacet
facet normal -0.8191603623112013 0.5735645568008725 0
outer loop
vertex 62.21137237548828 -21.345937728881836 2.5
vertex 62.21137237548828 -21.345937728881836 6.199999809265137
vertex 62.329891204833984 -21.17667007446289 6.199999809265137
endloop
endfacet
facet normal 0 0 1
outer loop
vertex 62.987220764160156 -20.505233764648438 7.199999809265137
vertex 67.95417785644531 -23.064443588256836 7.199999809265137
vertex 68.24375915527344 -22.10074806213379 7.199999809265137
endloop
endfacet
facet normal -0.9855391688889936 -0.1694477694913443 0
outer loop
vertex 59.6812744140625 -4.228001594543457 6.199999809265137
vertex 62.494632720947266 -20.591007232666016 2.5
vertex 62.494632720947266 -20.591007232666016 6.199999809265137
endloop
endfacet
facet normal 0 0 1
outer loop
vertex 64.63192749023438 -26.69185447692871 7.199999809265137
vertex 62.298194885253906 -21.838340759277344 7.199999809265137
vertex 47.427555084228516 -24.46043586730957 7.199999809265137
endloop
endfacet
facet normal 0.7660431743426498 0.6427891217522561 0
outer loop
vertex 52.743629455566406 31.676780700683594 6.199999809265137
vertex 47.98930358886719 37.342742919921875 2.5
vertex 47.98930358886719 37.342742919921875 6.199999809265137
endloop
endfacet
facet normal 0.642789544768167 -0.7660428193884405 -3.765539823809583e-7
outer loop
vertex 42.336822509765625 44.19657516479492 6.199999809265137
vertex 56.06005096435547 55.7117919921875 2.5
vertex 48.67591857910156 49.5157356262207 6.199999809265137
endloop
endfacet
facet normal 0.7077549504193981 -0.7064580172641793 0
outer loop
vertex 42.29318618774414 44.15285873413086 6.199999809265137
vertex 42.336822509765625 44.19657516479492 2.5
vertex 42.336822509765625 44.19657516479492 6.199999809265137
endloop
endfacet
facet normal 0.7672189674164911 -0.6413852633451858 0
outer loop
vertex 41.70658493041992 43.451171875 6.199999809265137
vertex 42.29318618774414 44.15285873413086 2.5
vertex 42.29318618774414 44.15285873413086 6.199999809265137
endloop
endfacet
facet normal 0.5396073784938912 -0.8419167875003744 0
outer loop
vertex 41.62907409667969 43.401493072509766 6.199999809265137
vertex 41.70658493041992 43.451171875 2.5
vertex 41.70658493041992 43.451171875 6.199999809265137
endloop
endfacet
facet normal 0.1950764608416402 0.9807880374604392 0
outer loop
vertex 47.98930358886719 37.342742919921875 6.199999809265137
vertex 47.7823600769043 37.38390350341797 2.5
vertex 47.7823600769043 37.38390350341797 6.199999809265137
endloop
endfacet
facet normal -0.46174903937418116 0.887010611343965 -4.76062942893908e-7
outer loop
vertex 47.7823600769043 37.38390350341797 6.199999809265137
vertex 44.74760055541992 35.80410385131836 2.5
vertex 47.17540740966797 37.06794357299805 6.199999809265137
endloop
endfacet
facet normal -0.46175005864168245 0.8870100807455701 3.7398465595683437e-7
outer loop
vertex 44.74760055541992 35.80410385131836 2.5
vertex 46.14639663696289 36.53227233886719 6.199999809265137
vertex 47.17540740966797 37.06794357299805 6.199999809265137
endloop
endfacet
facet normal -0.46174928032118245 0.8870104859148341 0
outer loop
vertex 44.74760055541992 35.80410385131836 2.5
vertex 44.74760055541992 35.80410385131836 6.199999809265137
vertex 46.14639663696289 36.53227233886719 6.199999809265137
endloop
endfacet
facet normal -0.9153075678338458 0.4027555788143596 0
outer loop
vertex 44.662620544433594 35.61097717285156 2.5
vertex 44.662620544433594 35.61097717285156 6.199999809265137
vertex 44.74760055541992 35.80410385131836 6.199999809265137
endloop
endfacet
facet normal -0.7660439161699055 -0.6427882369558267 0.0000305007336044596
outer loop
vertex 56.63774490356445 55.661251068115234 2.5
vertex 67.93792724609375 42.19424057006836 2.5
vertex 56.63782501220703 55.66133117675781 6.200226783752441
endloop
endfacet
facet normal -0.9961953809892233 0.08714793684153507 0
outer loop
vertex 67.88739013671875 41.616546630859375 2.5
vertex 67.93792724609375 42.19424057006836 6.199999809265137
vertex 67.93792724609375 42.19424057006836 2.5
endloop
endfacet
facet normal -0.6427873583694922 0.7660446539989493 0
outer loop
vertex 65.44206237792969 39.564674377441406 2.5
vertex 67.88739013671875 41.616546630859375 6.199999809265137
vertex 67.88739013671875 41.616546630859375 2.5
endloop
endfacet
facet normal -0.6427895070950891 0.7660428510001595 0
outer loop
vertex 65.44206237792969 39.564674377441406 2.5
vertex 54.42042922973633 30.31637954711914 2.5
vertex 65.44206237792969 39.564674377441406 6.199999809265137
endloop
endfacet
facet normal 0.7660406541507585 0.6427921251759997 0
outer loop
vertex -67.56636047363281 -13.496581077575684 2.5
vertex -67.93911743164062 -13.052351951599121 2.5
vertex -67.56636047363281 -13.496581077575684 6.199999809265137
endloop
endfacet
facet normal 0.08715339217044289 0.9961949037378102 0
outer loop
vertex -65.3828125 -13.68761157989502 2.5
vertex -67.56636047363281 -13.496581077575684 2.5
vertex -65.3828125 -13.68761157989502 6.199999809265137
endloop
endfacet
facet normal 0.9961946013067848 -0.08715684899774695 0
outer loop
vertex -67.93911743164062 -13.052351951599121 2.5
vertex -66.35367584228516 5.069096565246582 2.5
vertex -67.93911743164062 -13.052351951599121 6.199999809265137
endloop
endfacet
facet normal -0.08715446507180016 -0.9961948098730731 0
outer loop
vertex 56.63774490356445 55.661251068115234 2.5
vertex 56.06005096435547 55.7117919921875 6.199999809265137
vertex 56.06005096435547 55.7117919921875 2.5
endloop
endfacet
facet normal 0.6427896043452224 -0.7660427693971873 0
outer loop
vertex 42.336822509765625 44.19657516479492 2.5
vertex 56.06005096435547 55.7117919921875 2.5
vertex 42.336822509765625 44.19657516479492 6.199999809265137
endloop
endfacet
facet normal 0.7077549504193981 -0.7064580172641793 0
outer loop
vertex 42.336822509765625 44.19657516479492 2.5
vertex 42.29318618774414 44.15285873413086 6.199999809265137
vertex 42.29318618774414 44.15285873413086 2.5
endloop
endfacet
facet normal 0.7672189674164911 -0.6413852633451858 0
outer loop
vertex 42.29318618774414 44.15285873413086 2.5
vertex 41.70658493041992 43.451171875 6.199999809265137
vertex 41.70658493041992 43.451171875 2.5
endloop
endfacet
facet normal 0.5396073784938912 -0.8419167875003744 0
outer loop
vertex 41.62907409667969 43.401493072509766 2.5
vertex 41.70658493041992 43.451171875 2.5
vertex 41.62907409667969 43.401493072509766 6.199999809265137
endloop
endfacet
facet normal 0.7660425342925467 0.6427898845304371 0
outer loop
vertex -51.7446174621582 -23.00165367126465 2.5
vertex -51.371864318847656 -23.445880889892578 6.199999809265137
vertex -51.371864318847656 -23.445880889892578 2.5
endloop
endfacet
facet normal 0.08715392650354828 0.996194856990847 0
outer loop
vertex -51.371864318847656 -23.445880889892578 2.5
vertex -50.55744552612305 -23.517131805419922 6.199999809265137
vertex -50.55744552612305 -23.517131805419922 2.5
endloop
endfacet
facet normal 0.9961949865935078 -0.08715244509456237 0
outer loop
vertex -51.7446174621582 -23.00165367126465 2.5
vertex -51.16260528564453 -16.348970413208008 2.5
vertex -51.7446174621582 -23.00165367126465 6.199999809265137
endloop
endfacet
facet normal 0.1950764608416402 0.9807880374604392 0
outer loop
vertex 47.98930358886719 37.342742919921875 2.5
vertex 47.7823600769043 37.38390350341797 2.5
vertex 47.98930358886719 37.342742919921875 6.199999809265137
endloop
endfacet
facet normal -0.4617494960408366 0.8870103736180505 0
outer loop
vertex 47.7823600769043 37.38390350341797 2.5
vertex 44.74760055541992 35.80410385131836 2.5
vertex 47.7823600769043 37.38390350341797 6.199999809265137
endloop
endfacet
facet normal -0.9153075678338458 0.4027555788143596 0
outer loop
vertex 44.74760055541992 35.80410385131836 2.5
vertex 44.662620544433594 35.61097717285156 2.5
vertex 44.74760055541992 35.80410385131836 6.199999809265137
endloop
endfacet
facet normal 0 0 1
outer loop
vertex 60.734153747558594 28.27849769592285 7.199999809265137
vertex 72.57127380371094 38.10428237915039 7.199999809265137
vertex 54.7418212890625 29.93335723876953 7.199999809265137
endloop
endfacet
facet normal 0.08715571592408843 0.9961947004385034 0
outer loop
vertex -52.44599533081055 -14.819436073303223 2.5
vertex -65.3828125 -13.68761157989502 2.5
vertex -52.44599533081055 -14.819436073303223 6.199999809265137
endloop
endfacet
facet normal 0.46175355260959194 0.887008261885097 0
outer loop
vertex -52.34021759033203 -14.87450122833252 2.5
vertex -52.44599533081055 -14.819436073303223 2.5
vertex -52.34021759033203 -14.87450122833252 6.199999809265137
endloop
endfacet
facet normal 0.7660428163532387 0.6427895483854713 0
outer loop
vertex -51.19849395751953 -16.23514747619629 2.5
vertex -52.34021759033203 -14.87450122833252 2.5
vertex -51.19849395751953 -16.23514747619629 6.199999809265137
endloop
endfacet
facet normal 0.9537158989846153 0.3007091352519358 0
outer loop
vertex -51.19849395751953 -16.23514747619629 2.5
vertex -51.16260528564453 -16.348970413208008 6.199999809265137
vertex -51.16260528564453 -16.348970413208008 2.5
endloop
endfacet
facet normal 0 0 1
outer loop
vertex 61.537261962890625 16.45503807067871 7.199999809265137
vertex 56.74231719970703 13.743351936340332 7.199999809265137
vertex 62.07493591308594 15.466231346130371 7.199999809265137
endloop
endfacet
facet normal 0 0 1
outer loop
vertex -73.2014389038086 -15.315195083618164 7.199999809265137
vertex -56.244014739990234 -26.12371063232422 7.199999809265137
vertex -51.67312240600586 -16.447368621826172 7.199999809265137
endloop
endfacet
facet normal 0 0 1
outer loop
vertex 57.23194885253906 12.968506813049316 7.199999809265137
vertex 68.24375915527344 -22.10074806213379 7.199999809265137
vertex 62.07493591308594 15.466231346130371 7.199999809265137
endloop
endfacet
facet normal 0.7660342241211783 0.6427997880172834 0
outer loop
vertex -67.93911743164062 -13.052351951599121 2.5
vertex -67.93911743164062 -13.052351951599121 6.199999809265137
vertex -67.85382080078125 -13.154001235961914 6.199999809265137
endloop
endfacet
facet normal 0.7660425620561859 0.6427898514430498 -4.65200949478679e-7
outer loop
vertex -67.56636047363281 -13.496581077575684 6.199999809265137
vertex -67.93911743164062 -13.052351951599121 2.5
vertex -67.85382080078125 -13.154001235961914 6.199999809265137
endloop
endfacet
facet normal 0.08715339217044289 0.9961949037378102 0
outer loop
vertex -65.3828125 -13.68761157989502 6.199999809265137
vertex -67.56636047363281 -13.496581077575684 2.5
vertex -67.56636047363281 -13.496581077575684 6.199999809265137
endloop
endfacet
facet normal 0.08715571592408843 0.9961947004385034 0
outer loop
vertex -52.44599533081055 -14.819436073303223 6.199999809265137
vertex -65.3828125 -13.68761157989502 2.5
vertex -65.3828125 -13.68761157989502 6.199999809265137
endloop
endfacet
facet normal 0.9961946013067848 -0.08715684899774695 0
outer loop
vertex -67.93911743164062 -13.052351951599121 6.199999809265137
vertex -66.35367584228516 5.069096565246582 2.5
vertex -66.35367584228516 5.069096565246582 6.199999809265137
endloop
endfacet
facet normal 0 0 1
outer loop
vertex -73.74124908447266 -14.015131950378418 7.199999809265137
vertex -73.2014389038086 -15.315195083618164 7.199999809265137
vertex -68.4315185546875 -13.139176368713379 7.199999809265137
endloop
endfacet
facet normal 0 0 1
outer loop
vertex -73.2014389038086 -15.315195083618164 7.199999809265137
vertex -67.94938659667969 -13.817975044250488 7.199999809265137
vertex -68.32213592529297 -13.373745918273926 7.199999809265137
endloop
endfacet
facet normal 0 0 1
outer loop
vertex -73.2014389038086 -15.315195083618164 7.199999809265137
vertex -67.73737335205078 -13.96642780303955 7.199999809265137
vertex -67.81636047363281 -13.929594039916992 7.199999809265137
endloop
endfacet
facet normal 0 0 1
outer loop
vertex -73.2014389038086 -15.315195083618164 7.199999809265137
vertex -67.81636047363281 -13.929594039916992 7.199999809265137
vertex -67.88775634765625 -13.879603385925293 7.199999809265137
endloop
endfacet
facet normal 0 0 1
outer loop
vertex -73.2014389038086 -15.315195083618164 7.199999809265137
vertex -67.60993957519531 -13.994678497314453 7.199999809265137
vertex -67.65319061279297 -13.988985061645508 7.199999809265137
endloop
endfacet
facet normal 0 0 1
outer loop
vertex -67.73737335205078 -13.96642780303955 7.199999809265137
vertex -73.2014389038086 -15.315195083618164 7.199999809265137
vertex -67.65319061279297 -13.988985061645508 7.199999809265137
endloop
endfacet
facet normal 0 0 1
outer loop
vertex -67.94938659667969 -13.817975044250488 7.199999809265137
vertex -73.2014389038086 -15.315195083618164 7.199999809265137
vertex -67.88775634765625 -13.879603385925293 7.199999809265137
endloop
endfacet
facet normal 0 0 1
outer loop
vertex -73.2014389038086 -15.315195083618164 7.199999809265137
vertex -68.32213592529297 -13.373745918273926 7.199999809265137
vertex -68.37213134765625 -13.302351951599121 7.199999809265137
endloop
endfacet
facet normal 0 0 1
outer loop
vertex -73.2014389038086 -15.315195083618164 7.199999809265137
vertex -68.37213134765625 -13.302351951599121 7.199999809265137
vertex -68.40896606445312 -13.22336196899414 7.199999809265137
endloop
endfacet
facet normal 0 0 1
outer loop
vertex -68.4315185546875 -13.139176368713379 7.199999809265137
vertex -73.2014389038086 -15.315195083618164 7.199999809265137
vertex -68.40896606445312 -13.22336196899414 7.199999809265137
endloop
endfacet
facet normal 0 0 1
outer loop
vertex -73.74124908447266 -14.015131950378418 7.199999809265137
vertex -68.4315185546875 -13.139176368713379 7.199999809265137
vertex -68.43911743164062 -13.052351951599121 7.199999809265137
endloop
endfacet
facet normal 0 0 1
outer loop
vertex -73.74124908447266 -14.015131950378418 7.199999809265137
vertex -68.43911743164062 -13.052351951599121 7.199999809265137
vertex -68.43531799316406 -13.008938789367676 7.199999809265137
endloop
endfacet
facet normal 0 0 1
outer loop
vertex -73.74124908447266 -14.015131950378418 7.199999809265137
vertex -68.43531799316406 -13.008938789367676 7.199999809265137
vertex -66.85176849365234 5.112674713134766 7.199999809265137
endloop
endfacet
facet normal 0 0 1
outer loop
vertex 8.777690887451172 -49.157371520996094 7.199999809265137
vertex 8.67941665649414 -49.320926666259766 7.199999809265137
vertex 46.01914978027344 -56.97324752807617 7.199999809265137
endloop
endfacet
facet normal 0 0 1
outer loop
vertex 8.67941665649414 -49.320926666259766 7.199999809265137
vertex 8.290482521057129 -49.751060485839844 7.199999809265137
vertex 46.01914978027344 -56.97324752807617 7.199999809265137
endloop
endfacet
facet normal 0 0 1
outer loop
vertex 8.290482521057129 -49.751060485839844 7.199999809265137
vertex 8.241209983825684 -49.800331115722656 7.199999809265137
vertex 46.01914978027344 -56.97324752807617 7.199999809265137
endloop
endfacet
facet normal 0 0 1
outer loop
vertex 8.241209983825684 -49.800331115722656 7.199999809265137
vertex 8.169816017150879 -49.85032272338867 7.199999809265137
vertex 46.01914978027344 -56.97324752807617 7.199999809265137
endloop
endfacet
facet normal 0 0 1
outer loop
vertex 8.169816017150879 -49.85032272338867 7.199999809265137
vertex 8.090826034545898 -49.88715744018555 7.199999809265137
vertex 46.01914978027344 -56.97324752807617 7.199999809265137
endloop
endfacet
facet normal 0 0 1
outer loop
vertex 8.090826034545898 -49.88715744018555 7.199999809265137
vertex 8.006640434265137 -49.90971374511719 7.199999809265137
vertex 46.01914978027344 -56.97324752807617 7.199999809265137
endloop
endfacet
facet normal 0 0 1
outer loop
vertex 8.006640434265137 -49.90971374511719 7.199999809265137
vertex 7.94598388671875 -49.9166259765625 7.199999809265137
vertex 46.01914978027344 -56.97324752807617 7.199999809265137
endloop
endfacet
facet normal 0 0 1
outer loop
vertex 45.365848541259766 -58.76818084716797 7.199999809265137
vertex -11.773975372314453 -61.460914611816406 7.199999809265137
vertex 45.31917190551758 -59.08738708496094 7.199999809265137
endloop
endfacet
facet normal 0 0 1
outer loop
vertex -11.773975372314453 -61.460914611816406 7.199999809265137
vertex 43.599334716796875 -61.460914611816406 7.199999809265137
vertex 45.31917190551758 -59.08738708496094 7.199999809265137
endloop
endfacet
facet normal 0 0 1
outer loop
vertex 13.514278411865234 -43.144351959228516 7.199999809265137
vertex 8.777690887451172 -49.157371520996094 7.199999809265137
vertex 25.974502563476562 -40.9472770690918 7.199999809265137
endloop
endfacet
facet normal 0.9867844114343838 0.16203865387646502 0
outer loop
vertex 73.87723541259766 -22.465028762817383 1.7000000476837158
vertex 67.35142517089844 17.275907516479492 -3.700000047683716
vertex 67.35142517089844 17.275907516479492 1.7000000476837158
endloop
endfacet
facet normal 0 0 1
outer loop
vertex 11.589856147766113 -37.4711799621582 7.199999809265137
vertex 8.805562019348145 -48.96027755737305 7.199999809265137
vertex 12.4600248336792 -42.40615463256836 7.199999809265137
endloop
endfacet
facet normal 0 0 1
outer loop
vertex 12.666731834411621 -42.72734832763672 7.199999809265137
vertex 8.805562019348145 -48.96027755737305 7.199999809265137
vertex 13.141757011413574 -43.05996322631836 7.199999809265137
endloop
endfacet
facet normal 0 0 1
outer loop
vertex 8.805562019348145 -48.96027755737305 7.199999809265137
vertex 12.482582092285156 -42.49034118652344 7.199999809265137
vertex 12.4600248336792 -42.40615463256836 7.199999809265137
endloop
endfacet
facet normal 0 0 1
outer loop
vertex 8.805562019348145 -48.96027755737305 7.199999809265137
vertex 12.519415855407715 -42.569332122802734 7.199999809265137
vertex 12.482582092285156 -42.49034118652344 7.199999809265137
endloop
endfacet
facet normal 0 0 1
outer loop
vertex 8.805562019348145 -48.96027755737305 7.199999809265137
vertex 12.666731834411621 -42.72734832763672 7.199999809265137
vertex 12.519415855407715 -42.569332122802734 7.199999809265137
endloop
endfacet
facet normal 0 0 1
outer loop
vertex 13.427453994750977 -43.151947021484375 7.199999809265137
vertex 8.805562019348145 -48.96027755737305 7.199999809265137
vertex 13.514278411865234 -43.144351959228516 7.199999809265137
endloop
endfacet
facet normal 0 0 1
outer loop
vertex 13.340629577636719 -43.144351959228516 7.199999809265137
vertex 8.805562019348145 -48.96027755737305 7.199999809265137
vertex 13.427453994750977 -43.151947021484375 7.199999809265137
endloop
endfacet
facet normal 0 0 1
outer loop
vertex 13.256443977355957 -43.12179183959961 7.199999809265137
vertex 8.805562019348145 -48.96027755737305 7.199999809265137
vertex 13.340629577636719 -43.144351959228516 7.199999809265137
endloop
endfacet
facet normal 0 0 1
outer loop
vertex 13.177453994750977 -43.0849609375 7.199999809265137
vertex 8.805562019348145 -48.96027755737305 7.199999809265137
vertex 13.256443977355957 -43.12179183959961 7.199999809265137
endloop
endfacet
facet normal 0 0 1
outer loop
vertex 8.805562019348145 -48.96027755737305 7.199999809265137
vertex 13.177453994750977 -43.0849609375 7.199999809265137
vertex 13.141757011413574 -43.05996322631836 7.199999809265137
endloop
endfacet
facet normal 0.8785214604132286 0.47770288212801026 0
outer loop
vertex 67.35142517089844 17.275907516479492 -3.700000047683716
vertex 65.87654876708984 19.988285064697266 -3.700000047683716
vertex 67.35142517089844 17.275907516479492 1.7000000476837158
endloop
endfacet
facet normal 0 0 1
outer loop
vertex 60.123470306396484 60.36468505859375 7.199999809265137
vertex 57.020809173583984 55.98261642456055 7.199999809265137
vertex 68.32095336914062 42.51563262939453 7.199999809265137
endloop
endfacet
facet normal 0 0 1
outer loop
vertex 8.805562019348145 -48.96027755737305 7.199999809265137
vertex 8.777690887451172 -49.157371520996094 7.199999809265137
vertex 13.514278411865234 -43.144351959228516 7.199999809265137
endloop
endfacet
facet normal 0 0 1
outer loop
vertex -67.60993957519531 -13.994678497314453 7.199999809265137
vertex -73.2014389038086 -15.315195083618164 7.199999809265137
vertex -51.67312240600586 -16.447368621826172 7.199999809265137
endloop
endfacet
facet normal 0 0 1
outer loop
vertex -65.42638397216797 -14.185708999633789 7.199999809265137
vertex -67.60993957519531 -13.994678497314453 7.199999809265137
vertex -51.67312240600586 -16.447368621826172 7.199999809265137
endloop
endfacet
facet normal 0 0 -1
outer loop
vertex 62.983909606933594 25.597341537475586 -5.699999809265137
vertex 74.7945556640625 36.570743560791016 -5.699999809265137
vertex 75.25669860839844 35.78469467163086 -5.699999809265137
endloop
endfacet
facet normal 0 0 1
outer loop
vertex 8.225136756896973 -37.85454177856445 7.199999809265137
vertex 8.805562019348145 -48.96027755737305 7.199999809265137
vertex 11.589856147766113 -37.4711799621582 7.199999809265137
endloop
endfacet
facet normal 0.7660439306405116 0.6427882204340082 -3.4046759085531224e-7
outer loop
vertex -51.371864318847656 -23.445880889892578 6.199999809265137
vertex -51.7446174621582 -23.00165367126465 2.5
vertex -51.4578857421875 -23.343364715576172 6.199999809265137
endloop
endfacet
facet normal 0.7660421153767404 0.6427903837715129 0
outer loop
vertex -51.4578857421875 -23.343364715576172 6.199999809265137
vertex -51.7446174621582 -23.00165367126465 2.5
vertex -51.7446174621582 -23.00165367126465 6.199999809265137
endloop
endfacet
facet normal 0.08715392650354828 0.996194856990847 0
outer loop
vertex -50.55744552612305 -23.517131805419922 6.199999809265137
vertex -51.371864318847656 -23.445880889892578 2.5
vertex -51.371864318847656 -23.445880889892578 6.199999809265137
endloop
endfacet
facet normal 0.9961949865935078 -0.08715244509456237 0
outer loop
vertex -51.7446174621582 -23.00165367126465 6.199999809265137
vertex -51.16260528564453 -16.348970413208008 2.5
vertex -51.16260528564453 -16.348970413208008 6.199999809265137
endloop
endfacet
facet normal 0.08715575679041876 0.9961946968631631 0
outer loop
vertex -50.55744552612305 -23.517131805419922 2.5
vertex -50.55744552612305 -23.517131805419922 6.199999809265137
vertex -33.858856201171875 -24.978069305419922 6.199999809265137
endloop
endfacet
facet normal -0.17364859005766606 0.9848076802958732 0.0000011161454448512284
outer loop
vertex 25.887678146362305 -40.454872131347656 6.199999809265137
vertex 13.427453994750977 -42.651947021484375 2.5
vertex 19.6021728515625 -41.56317901611328 6.199999809265137
endloop
endfacet
facet normal 0.5983205582570363 0.8012568312138566 -3.4280497535371886e-7
outer loop
vertex 12.028931617736816 -37.08191680908203 6.199999809265137
vertex 11.838385581970215 -36.939632415771484 2.5
vertex 11.886934280395508 -36.97588348388672 6.199999809265137
endloop
endfacet
facet normal 0.5983037847104345 0.8012693562099887 0
outer loop
vertex 11.838385581970215 -36.939632415771484 2.5
vertex 11.838385581970215 -36.939632415771484 6.199999809265137
vertex 11.886934280395508 -36.97588348388672 6.199999809265137
endloop
endfacet
facet normal 0.9848078157849514 0.17364782166463605 0
outer loop
vertex 12.234761238098145 -38.249237060546875 6.199999809265137
vertex 12.028931617736816 -37.08191680908203 2.5
vertex 12.028931617736816 -37.08191680908203 6.199999809265137
endloop
endfacet
facet normal 0.9848077527586842 0.17364817910469643 1.1627559891526981e-7
outer loop
vertex 12.952428817749023 -42.319332122802734 6.199999809265137
vertex 12.028931617736816 -37.08191680908203 2.5
vertex 12.234761238098145 -38.249237060546875 6.199999809265137
endloop
endfacet
facet normal -0.17364794141104287 0.9848077946704661 0
outer loop
vertex 13.427453994750977 -42.651947021484375 2.5
vertex 13.427453994750977 -42.651947021484375 6.199999809265137
vertex 19.6021728515625 -41.56317901611328 6.199999809265137
endloop
endfacet
facet normal 0.573583596361299 0.8191470307475224 -0.000001660202650164244
outer loop
vertex 13.427453994750977 -42.651947021484375 6.199999809265137
vertex 12.952428817749023 -42.319332122802734 2.5
vertex 13.341410636901855 -42.591697692871094 6.199999809265137
endloop
endfacet
facet normal 0.5735729998454395 0.8191544505453799 0
outer loop
vertex 12.952428817749023 -42.319332122802734 2.5
vertex 12.952428817749023 -42.319332122802734 6.199999809265137
vertex 13.341410636901855 -42.591697692871094 6.199999809265137
endloop
endfacet
facet normal 0 0 1
outer loop
vertex -56.244014739990234 -26.12371063232422 7.199999809265137
vertex -51.7548828125 -23.767276763916016 7.199999809265137
vertex -52.12763595581055 -23.323049545288086 7.199999809265137
endloop
endfacet
facet normal 0 0 1
outer loop
vertex -56.244014739990234 -26.12371063232422 7.199999809265137
vertex -52.17762756347656 -23.25165367126465 7.199999809265137
vertex -52.21446228027344 -23.172664642333984 7.199999809265137
endloop
endfacet
facet normal 0 0 1
outer loop
vertex -52.17762756347656 -23.25165367126465 7.199999809265137
vertex -56.244014739990234 -26.12371063232422 7.199999809265137
vertex -52.12763595581055 -23.323049545288086 7.199999809265137
endloop
endfacet
facet normal 0 0 1
outer loop
vertex -56.244014739990234 -26.12371063232422 7.199999809265137
vertex -52.21446228027344 -23.172664642333984 7.199999809265137
vertex -52.23701858520508 -23.088478088378906 7.199999809265137
endloop
endfacet
facet normal 0 0 1
outer loop
vertex -56.244014739990234 -26.12371063232422 7.199999809265137
vertex -52.2446174621582 -23.00165367126465 7.199999809265137
vertex -52.24081802368164 -22.95824432373047 7.199999809265137
endloop
endfacet
facet normal 0 0 1
outer loop
vertex -52.2446174621582 -23.00165367126465 7.199999809265137
vertex -56.244014739990234 -26.12371063232422 7.199999809265137
vertex -52.23701858520508 -23.088478088378906 7.199999809265137
endloop
endfacet
facet normal 0 0 1
outer loop
vertex -51.7548828125 -23.767276763916016 7.199999809265137
vertex -56.244014739990234 -26.12371063232422 7.199999809265137
vertex -51.69325637817383 -23.828903198242188 7.199999809265137
endloop
endfacet
facet normal 0 0 1
outer loop
vertex -51.69325637817383 -23.828903198242188 7.199999809265137
vertex -56.244014739990234 -26.12371063232422 7.199999809265137
vertex -51.621864318847656 -23.878894805908203 7.199999809265137
endloop
endfacet
facet normal 0 0 1
outer loop
vertex -51.621864318847656 -23.878894805908203 7.199999809265137
vertex -56.244014739990234 -26.12371063232422 7.199999809265137
vertex -51.54287338256836 -23.915727615356445 7.199999809265137
endloop
endfacet
facet normal 0 0 1
outer loop
vertex -51.54287338256836 -23.915727615356445 7.199999809265137
vertex -56.244014739990234 -26.12371063232422 7.199999809265137
vertex -51.45868682861328 -23.93828582763672 7.199999809265137
endloop
endfacet
facet normal 0 0 1
outer loop
vertex -51.45868682861328 -23.93828582763672 7.199999809265137
vertex -56.244014739990234 -26.12371063232422 7.199999809265137
vertex -51.41527557373047 -23.94208335876465 7.199999809265137
endloop
endfacet
facet normal 0 0 1
outer loop
vertex -51.67312240600586 -16.447368621826172 7.199999809265137
vertex -56.244014739990234 -26.12371063232422 7.199999809265137
vertex -52.24081802368164 -22.95824432373047 7.199999809265137
endloop
endfacet
facet normal -0.11320286330035333 0.9935718956072375 -2.0583845639527683e-7
outer loop
vertex 11.838385581970215 -36.939632415771484 6.199999809265137
vertex 7.863428592681885 -37.392520904541016 2.5
vertex 9.968389511108398 -37.15269088745117 6.199999809265137
endloop
endfacet
facet normal -0.11320322047675216 0.9935718549122111 0
outer loop
vertex 7.863428592681885 -37.392520904541016 2.5
vertex 7.863428592681885 -37.392520904541016 6.199999809265137
vertex 9.968389511108398 -37.15269088745117 6.199999809265137
endloop
endfacet
facet normal -0.7632238014828482 0.6461342189126452 -4.643742911144123e-7
outer loop
vertex 7.863428592681885 -37.392520904541016 6.199999809265137
vertex 7.709750175476074 -37.57405090332031 2.5
vertex 7.791924953460693 -37.47698211669922 6.199999809265137
endloop
endfacet
facet normal -0.7632325305216107 0.6461239078950559 0
outer loop
vertex 7.709750175476074 -37.57405090332031 2.5
vertex 7.709750175476074 -37.57405090332031 6.199999809265137
vertex 7.791924953460693 -37.47698211669922 6.199999809265137
endloop
endfacet
facet normal -0.9986295364345747 -0.05233592418646974 -1.211388849532339e-7
outer loop
vertex 7.709750175476074 -37.57405090332031 6.199999809265137
vertex 8.307844161987305 -48.98636245727539 2.5
vertex 8.104072570800781 -45.098175048828125 6.199999809265137
endloop
endfacet
facet normal -0.9986295304097788 -0.052336039146506905 0
outer loop
vertex 8.307844161987305 -48.98636245727539 2.5
vertex 8.307844161987305 -48.98636245727539 6.199999809265137
vertex 8.104072570800781 -45.098175048828125 6.199999809265137
endloop
endfacet
facet normal -0.7431428460816095 0.6691328046940495 0
outer loop
vertex 8.307844161987305 -48.98636245727539 6.199999809265137
vertex 7.919816017150879 -49.41730880737305 2.5
vertex 7.919816017150879 -49.41730880737305 6.199999809265137
endloop
endfacet
facet normal 0 0 1
outer loop
vertex -51.41527557373047 -23.94208335876465 7.199999809265137
vertex -56.244014739990234 -26.12371063232422 7.199999809265137
vertex -28.539257049560547 -30.448867797851562 7.199999809265137
endloop
endfacet
facet normal 0 0 1
outer loop
vertex -28.539257049560547 -30.448867797851562 7.199999809265137
vertex -56.244014739990234 -26.12371063232422 7.199999809265137
vertex -37.83547592163086 -37.87584686279297 7.199999809265137
endloop
endfacet
facet normal 0 0 1
outer loop
vertex -50.60102081298828 -24.015228271484375 7.199999809265137
vertex -51.41527557373047 -23.94208335876465 7.199999809265137
vertex -28.539257049560547 -30.448867797851562 7.199999809265137
endloop
endfacet
facet normal 0 0 1
outer loop
vertex -9.609906196594238 -50.835086822509766 7.199999809265137
vertex 45.613983154296875 -57.84213638305664 7.199999809265137
vertex 7.94598388671875 -49.9166259765625 7.199999809265137
endloop
endfacet
facet normal 0 0 1
outer loop
vertex -9.609906196594238 -50.835086822509766 7.199999809265137
vertex -11.773975372314453 -61.460914611816406 7.199999809265137
vertex 45.365848541259766 -58.76818084716797 7.199999809265137
endloop
endfacet
facet normal 0.46175355260959194 0.887008261885097 0
outer loop
vertex -52.44599533081055 -14.819436073303223 2.5
vertex -52.44599533081055 -14.819436073303223 6.199999809265137
vertex -52.34021759033203 -14.87450122833252 6.199999809265137
endloop
endfacet
facet normal 0.9537158989846153 0.3007091352519358 0
outer loop
vertex -51.16260528564453 -16.348970413208008 6.199999809265137
vertex -51.19849395751953 -16.23514747619629 2.5
vertex -51.19849395751953 -16.23514747619629 6.199999809265137
endloop
endfacet
facet normal 0.7660428163532387 0.6427895483854713 0
outer loop
vertex -51.19849395751953 -16.23514747619629 6.199999809265137
vertex -52.34021759033203 -14.87450122833252 2.5
vertex -52.34021759033203 -14.87450122833252 6.199999809265137
endloop
endfacet
facet normal 0.6458229708956411 0.763487190634771 3.9142393765302506e-7
outer loop
vertex 65.87654876708984 19.988285064697266 -3.700000047683716
vertex 64.25691223144531 21.358312606811523 -3.700000047683716
vertex 64.68706512451172 20.994449615478516 1.7000000476837158
endloop
endfacet
facet normal -0.8191514973485278 0.573577217462187 0
outer loop
vertex 31.3268985748291 -33.06877899169922 2.5
vertex 30.308109283447266 -34.52375793457031 2.5
vertex 31.3268985748291 -33.06877899169922 6.199999809265137
endloop
endfacet
facet normal -0.9762956138604045 0.2164413878095773 0
outer loop
vertex 30.308109283447266 -34.52375793457031 2.5
vertex 30.282278060913086 -34.64027404785156 2.5
vertex 30.308109283447266 -34.52375793457031 6.199999809265137
endloop
endfacet
facet normal -0.9848081944284082 -0.17364567425265434 0
outer loop
vertex 30.282278060913086 -34.64027404785156 2.5
vertex 31.072904586791992 -39.12420654296875 2.5
vertex 30.282278060913086 -34.64027404785156 6.199999809265137
endloop
endfacet
facet normal -0.819151561191149 0.573577126285649 0
outer loop
vertex 31.072904586791992 -39.12420654296875 2.5
vertex 30.74028778076172 -39.5992317199707 2.5
vertex 31.072904586791992 -39.12420654296875 6.199999809265137
endloop
endfacet
facet normal 0.6387030332827444 -0.7694533353462194 0
outer loop
vertex 76.79122161865234 34.4592170715332 -3.700000047683716
vertex 64.26948547363281 24.06525230407715 1.7000000476837158
vertex 64.26948547363281 24.06525230407715 -3.700000047683716
endloop
endfacet
facet normal 0.6458258352038737 0.763484767748001 0
outer loop
vertex 64.68706512451172 20.994449615478516 1.7000000476837158
vertex 64.25691223144531 21.358312606811523 -3.700000047683716
vertex 64.25691223144531 21.358312606811523 1.7000000476837158
endloop
endfacet
facet normal 0.9999892231120828 -0.004642591787244269 0.000001090866645051599
outer loop
vertex 64.25691223144531 21.358312606811523 1.7000000476837158
vertex 64.26948547363281 24.06525230407715 -3.700000047683716
vertex 64.26299285888672 22.668046951293945 1.7000000476837158
endloop
endfacet
facet normal 0.9999892035306283 -0.004646807740783766 0
outer loop
vertex 64.26299285888672 22.668046951293945 1.7000000476837158
vertex 64.26948547363281 24.06525230407715 -3.700000047683716
vertex 64.26948547363281 24.06525230407715 1.7000000476837158
endloop
endfacet
facet normal -0.1736470766280389 0.9848079471544368 0
outer loop
vertex 30.74028778076172 -39.5992317199707 2.5
vertex 25.887678146362305 -40.454872131347656 2.5
vertex 30.74028778076172 -39.5992317199707 6.199999809265137
endloop
endfacet
facet normal 0 0 1
outer loop
vertex -52.63159942626953 -15.305108070373535 7.199999809265137
vertex -65.42638397216797 -14.185708999633789 7.199999809265137
vertex -51.67312240600586 -16.447368621826172 7.199999809265137
endloop
endfacet
facet normal -0.17364826861806312 0.9848077369750651 0
outer loop
vertex 25.887678146362305 -40.454872131347656 2.5
vertex 13.427453994750977 -42.651947021484375 2.5
vertex 25.887678146362305 -40.454872131347656 6.199999809265137
endloop
endfacet
facet normal 0.6458219350693929 0.7634880668243774 0
outer loop
vertex 65.87654876708984 19.988285064697266 1.7000000476837158
vertex 65.87654876708984 19.988285064697266 -3.700000047683716
vertex 64.68706512451172 20.994449615478516 1.7000000476837158
endloop
endfacet
facet normal 0 0 1
outer loop
vertex 57.207000732421875 -28.38599967956543 7.199999809265137
vertex 64.63192749023438 -26.69185447692871 7.199999809265137
vertex 47.427555084228516 -24.46043586730957 7.199999809265137
endloop
endfacet
facet normal 0 0 1
outer loop
vertex 56.549381256103516 -28.579879760742188 7.199999809265137
vertex 57.207000732421875 -28.38599967956543 7.199999809265137
vertex 47.427555084228516 -24.46043586730957 7.199999809265137
endloop
endfacet
facet normal 0 0 1
outer loop
vertex 47.427555084228516 -24.46043586730957 7.199999809265137
vertex 55.68049240112305 -28.985050201416016 7.199999809265137
vertex 56.549381256103516 -28.579879760742188 7.199999809265137
endloop
endfacet
facet normal 0 0 1
outer loop
vertex 54.7418212890625 29.93335723876953 7.199999809265137
vertex 60.05624008178711 27.600584030151367 7.199999809265137
vertex 60.734153747558594 28.27849769592285 7.199999809265137
endloop
endfacet
facet normal 0 0 1
outer loop
vertex 59.50634765625 26.81525230407715 7.199999809265137
vertex 60.05624008178711 27.600584030151367 7.199999809265137
vertex 54.7418212890625 29.93335723876953 7.199999809265137
endloop
endfacet
facet normal 0 0 1
outer loop
vertex 54.7418212890625 29.93335723876953 7.199999809265137
vertex 59.10117721557617 25.94636344909668 7.199999809265137
vertex 59.50634765625 26.81525230407715 7.199999809265137
endloop
endfacet
facet normal 0 0 1
outer loop
vertex 54.67042922973633 29.883365631103516 7.199999809265137
vertex 58.85304260253906 25.02031707763672 7.199999809265137
vertex 59.10117721557617 25.94636344909668 7.199999809265137
endloop
endfacet
facet normal 0 0 1
outer loop
vertex 59.10117721557617 25.94636344909668 7.199999809265137
vertex 54.7418212890625 29.93335723876953 7.199999809265137
vertex 54.67042922973633 29.883365631103516 7.199999809265137
endloop
endfacet
facet normal 0 0 1
outer loop
vertex 54.59143829345703 29.846532821655273 7.199999809265137
vertex 58.85304260253906 25.02031707763672 7.199999809265137
vertex 54.67042922973633 29.883365631103516 7.199999809265137
endloop
endfacet
facet normal 0 0 1
outer loop
vertex 58.85304260253906 25.02031707763672 7.199999809265137
vertex 54.59143829345703 29.846532821655273 7.199999809265137
vertex 54.50725173950195 29.823974609375 7.199999809265137
endloop
endfacet
facet normal 0 0 1
outer loop
vertex 47.427555084228516 -24.46043586730957 7.199999809265137
vertex 54.89516067504883 -29.534944534301758 7.199999809265137
vertex 55.68049240112305 -28.985050201416016 7.199999809265137
endloop
endfacet
facet normal 0 0 1
outer loop
vertex 47.427555084228516 -24.46043586730957 7.199999809265137
vertex 54.24525451660156 -30.184850692749023 7.199999809265137
vertex 54.89516067504883 -29.534944534301758 7.199999809265137
endloop
endfacet
facet normal 0 0 1
outer loop
vertex 47.427555084228516 -24.46043586730957 7.199999809265137
vertex 47.15238952636719 -29.537090301513672 7.199999809265137
vertex 54.24525451660156 -30.184850692749023 7.199999809265137
endloop
endfacet
facet normal 0 0 1
outer loop
vertex 52.996829986572266 -31.65116310119629 7.199999809265137
vertex 54.24525451660156 -30.184850692749023 7.199999809265137
vertex 47.15238952636719 -29.537090301513672 7.199999809265137
endloop
endfacet
facet normal 0 0 1
outer loop
vertex 47.15238952636719 -29.537090301513672 7.199999809265137
vertex 52.96882247924805 -31.679168701171875 7.199999809265137
vertex 52.996829986572266 -31.65116310119629 7.199999809265137
endloop
endfacet
facet normal 0 0 1
outer loop
vertex 52.96882247924805 -31.679168701171875 7.199999809265137
vertex 46.461822509765625 -30.861465454101562 7.199999809265137
vertex 52.41892623901367 -32.464500427246094 7.199999809265137
endloop
endfacet
facet normal 0 0 1
outer loop
vertex 52.01375961303711 -33.33338928222656 7.199999809265137
vertex 52.41892623901367 -32.464500427246094 7.199999809265137
vertex 46.461822509765625 -30.861465454101562 7.199999809265137
endloop
endfacet
facet normal 0 0 1
outer loop
vertex 46.57244110107422 -25.647851943969727 7.199999809265137
vertex 47.15238952636719 -29.537090301513672 7.199999809265137
vertex 47.427555084228516 -24.46043586730957 7.199999809265137
endloop
endfacet
facet normal 0 0 1
outer loop
vertex 47.15238952636719 -29.537090301513672 7.199999809265137
vertex 47.20001983642578 -29.80721092224121 7.199999809265137
vertex 52.96882247924805 -31.679168701171875 7.199999809265137
endloop
endfacet
facet normal 0 0 1
outer loop
vertex 47.20001983642578 -29.80721092224121 7.199999809265137
vertex 47.20761489868164 -29.89403533935547 7.199999809265137
vertex 52.96882247924805 -31.679168701171875 7.199999809265137
endloop
endfacet
facet normal 0 0 1
outer loop
vertex 47.20761489868164 -29.89403533935547 7.199999809265137
vertex 47.20001983642578 -29.980859756469727 7.199999809265137
vertex 52.96882247924805 -31.679168701171875 7.199999809265137
endloop
endfacet
facet normal 0 0 1
outer loop
vertex 47.20001983642578 -29.980859756469727 7.199999809265137
vertex 47.17364501953125 -30.07322883605957 7.199999809265137
vertex 52.96882247924805 -31.679168701171875 7.199999809265137
endloop
endfacet
facet normal 0 0 1
outer loop
vertex 47.17364501953125 -30.07322883605957 7.199999809265137
vertex 47.13521194458008 -30.158193588256836 7.199999809265137
vertex 52.96882247924805 -31.679168701171875 7.199999809265137
endloop
endfacet
facet normal 0 0 1
outer loop
vertex 47.13521194458008 -30.158193588256836 7.199999809265137
vertex 47.10643005371094 -30.199298858642578 7.199999809265137
vertex 52.96882247924805 -31.679168701171875 7.199999809265137
endloop
endfacet
facet normal 0 0 1
outer loop
vertex 47.10643005371094 -30.199298858642578 7.199999809265137
vertex 46.947479248046875 -30.423200607299805 7.199999809265137
vertex 52.96882247924805 -31.679168701171875 7.199999809265137
endloop
endfacet
facet normal 0 0 1
outer loop
vertex 46.947479248046875 -30.423200607299805 7.199999809265137
vertex 46.783016204833984 -30.65475845336914 7.199999809265137
vertex 52.96882247924805 -31.679168701171875 7.199999809265137
endloop
endfacet
facet normal 0 0 1
outer loop
vertex 46.783016204833984 -30.65475845336914 7.199999809265137
vertex 46.75802230834961 -30.690454483032227 7.199999809265137
vertex 52.96882247924805 -31.679168701171875 7.199999809265137
endloop
endfacet
facet normal 0 0 1
outer loop
vertex 46.75802230834961 -30.690454483032227 7.199999809265137
vertex 46.69639205932617 -30.75208282470703 7.199999809265137
vertex 52.96882247924805 -31.679168701171875 7.199999809265137
endloop
endfacet
facet normal 0 0 1
outer loop
vertex 46.69639205932617 -30.75208282470703 7.199999809265137
vertex 46.625 -30.802074432373047 7.199999809265137
vertex 52.96882247924805 -31.679168701171875 7.199999809265137
endloop
endfacet
facet normal 0 0 1
outer loop
vertex 46.625 -30.802074432373047 7.199999809265137
vertex 46.5460090637207 -30.83890724182129 7.199999809265137
vertex 52.96882247924805 -31.679168701171875 7.199999809265137
endloop
endfacet
facet normal 0 0 1
outer loop
vertex 46.5460090637207 -30.83890724182129 7.199999809265137
vertex 46.461822509765625 -30.861465454101562 7.199999809265137
vertex 52.96882247924805 -31.679168701171875 7.199999809265137
endloop
endfacet
facet normal 0 0 1
outer loop
vertex 46.461822509765625 -30.861465454101562 7.199999809265137
vertex 31.654693603515625 -33.47236251831055 7.199999809265137
vertex 52.01375961303711 -33.33338928222656 7.199999809265137
endloop
endfacet
facet normal -0.17364800704592862 0.9848077830970369 -6.905807777861178e-7
outer loop
vertex 62.21137237548828 -21.345937728881836 6.199999809265137
vertex 47.20289993286133 -23.99233627319336 2.5
vertex 52.20240783691406 -23.11078643798828 6.199999809265137
endloop
endfacet
facet normal 0 0 1
outer loop
vertex 54.42042922973633 29.81637954711914 7.199999809265137
vertex 47.77678298950195 25.85478973388672 7.199999809265137
vertex 54.50725173950195 29.823974609375 7.199999809265137
endloop
endfacet
facet normal 0 0 1
outer loop
vertex 54.376853942871094 29.818281173706055 7.199999809265137
vertex 47.77678298950195 25.85478973388672 7.199999809265137
vertex 54.42042922973633 29.81637954711914 7.199999809265137
endloop
endfacet
facet normal 0 0 1
outer loop
vertex 47.77678298950195 25.85478973388672 7.199999809265137
vertex 58.85304260253906 25.02031707763672 7.199999809265137
vertex 54.50725173950195 29.823974609375 7.199999809265137
endloop
endfacet
facet normal 0 0 1
outer loop
vertex 53.79932403564453 29.870716094970703 7.199999809265137
vertex 47.77678298950195 25.85478973388672 7.199999809265137
vertex 54.376853942871094 29.818281173706055 7.199999809265137
endloop
endfacet
facet normal 0 0 1
outer loop
vertex 53.75591278076172 29.874515533447266 7.199999809265137
vertex 47.769187927246094 25.941614151000977 7.199999809265137
vertex 53.79932403564453 29.870716094970703 7.199999809265137
endloop
endfacet
facet normal 0 0 1
outer loop
vertex 53.45969009399414 30.04555320739746 7.199999809265137
vertex 47.75790786743164 25.983707427978516 7.199999809265137
vertex 53.52134323120117 29.983896255493164 7.199999809265137
endloop
endfacet
facet normal 0 0 1
outer loop
vertex 47.75790786743164 25.983707427978516 7.199999809265137
vertex 53.592735290527344 29.93390655517578 7.199999809265137
vertex 53.52134323120117 29.983896255493164 7.199999809265137
endloop
endfacet
facet normal 0 0 1
outer loop
vertex 47.75790786743164 25.983707427978516 7.199999809265137
vertex 53.67172622680664 29.897071838378906 7.199999809265137
vertex 53.592735290527344 29.93390655517578 7.199999809265137
endloop
endfacet
facet normal 0 0 1
outer loop
vertex 53.10631561279297 30.466690063476562 7.199999809265137
vertex 47.75790786743164 25.983707427978516 7.199999809265137
vertex 53.45969009399414 30.04555320739746 7.199999809265137
endloop
endfacet
facet normal 0.6691302609179482 0.7431451365136412 0
outer loop
vertex -27.11988067626953 -47.97850799560547 2.5
vertex -26.688932418823242 -48.36653518676758 6.199999809265137
vertex -26.688932418823242 -48.36653518676758 2.5
endloop
endfacet
facet normal 0.9986295340199495 0.05233597026041214 0
outer loop
vertex -27.11988067626953 -47.97850799560547 2.5
vertex -28.039941787719727 -30.422700881958008 2.5
vertex -27.11988067626953 -47.97850799560547 6.199999809265137
endloop
endfacet
facet normal -0.05233599988236292 0.998629532467528 0
outer loop
vertex -26.688932418823242 -48.36653518676758 2.5
vertex -19.544721603393555 -47.992122650146484 6.199999809265137
vertex -19.544721603393555 -47.992122650146484 2.5
endloop
endfacet
facet normal 0 0 1
outer loop
vertex 53.67172622680664 29.897071838378906 7.199999809265137
vertex 47.769187927246094 25.941614151000977 7.199999809265137
vertex 53.75591278076172 29.874515533447266 7.199999809265137
endloop
endfacet
facet normal 0 0 1
outer loop
vertex 47.75790786743164 25.983707427978516 7.199999809265137
vertex 47.769187927246094 25.941614151000977 7.199999809265137
vertex 53.67172622680664 29.897071838378906 7.199999809265137
endloop
endfacet
facet normal 0 0 1
outer loop
vertex 47.769187927246094 25.941614151000977 7.199999809265137
vertex 47.77678298950195 25.85478973388672 7.199999809265137
vertex 53.79932403564453 29.870716094970703 7.199999809265137
endloop
endfacet
facet normal -0.8191478152160938 0.5735824760456862 0
outer loop
vertex 59.7413215637207 -4.142246723175049 6.199999809265137
vertex 59.6812744140625 -4.228001594543457 2.5
vertex 59.6812744140625 -4.228001594543457 6.199999809265137
endloop
endfacet
facet normal -0.984807771270932 -0.17364807411652947 0
outer loop
vertex 59.7413215637207 -4.142246723175049 2.5
vertex 59.7413215637207 -4.142246723175049 6.199999809265137
vertex 59.295772552490234 -1.6154111623764038 6.199999809265137
endloop
endfacet
facet normal 0 0 1
outer loop
vertex 62.987220764160156 -20.505233764648438 7.199999809265137
vertex 68.24375915527344 -22.10074806213379 7.199999809265137
vertex 60.21116638183594 -4.313256740570068 7.199999809265137
endloop
endfacet
facet normal -0.17364850271503443 0.9848076956974019 0
outer loop
vertex 47.20289993286133 -23.99233627319336 6.199999809265137
vertex 52.20240783691406 -23.11078643798828 6.199999809265137
vertex 47.20289993286133 -23.99233627319336 2.5
endloop
endfacet
facet normal -0.5317000218905552 0.8469327521837746 0
outer loop
vertex 47.20289993286133 -23.99233627319336 6.199999809265137
vertex 47.10360336303711 -24.05467414855957 2.5
vertex 47.10360336303711 -24.05467414855957 6.199999809265137
endloop
endfacet
facet normal -0.8114780118820137 0.5843829534064238 0
outer loop
vertex 47.10360336303711 -24.05467414855957 6.199999809265137
vertex 46.08492660522461 -25.469215393066406 2.5
vertex 46.08492660522461 -25.469215393066406 6.199999809265137
endloop
endfacet
facet normal -0.971798175770443 0.23581413352307629 0
outer loop
vertex 46.08492660522461 -25.469215393066406 6.199999809265137
vertex 46.05727005004883 -25.583189010620117 2.5
vertex 46.05727005004883 -25.583189010620117 6.199999809265137
endloop
endfacet
facet normal -0.9890639896885591 -0.1474870309550091 0.0000011941253396958124
outer loop
vertex 46.05727005004883 -25.583189010620117 6.199999809265137
vertex 46.658836364746094 -29.617387771606445 2.5
vertex 46.176490783691406 -26.3826961517334 6.199999809265137
endloop
endfacet
facet normal -0.9890641889377713 -0.14748569476687742 0
outer loop
vertex 46.658836364746094 -29.617387771606445 2.5
vertex 46.658836364746094 -29.617387771606445 6.199999809265137
vertex 46.176490783691406 -26.3826961517334 6.199999809265137
endloop
endfacet
facet normal -0.9848095454666058 -0.17363801184584982 -2.789696529887346e-7
outer loop
vertex 46.658836364746094 -29.617387771606445 6.199999809265137
vertex 46.70761489868164 -29.89403533935547 2.5
vertex 46.67499542236328 -29.709035873413086 6.199999809265137
endloop
endfacet
facet normal 0 0 1
outer loop
vertex 47.77678298950195 25.85478973388672 7.199999809265137
vertex 58.76954650878906 24.090801239013672 7.199999809265137
vertex 58.85304260253906 25.02031707763672 7.199999809265137
endloop
endfacet
facet normal 0 0 1
outer loop
vertex 58.76954650878906 24.090801239013672 7.199999809265137
vertex 47.70979690551758 25.60478973388672 7.199999809265137
vertex 58.75914764404297 21.38385009765625 7.199999809265137
endloop
endfacet
facet normal 0 0 1
outer loop
vertex 45.420372009277344 24.415206909179688 7.199999809265137
vertex 58.84046936035156 20.403247833251953 7.199999809265137
vertex 58.75914764404297 21.38385009765625 7.199999809265137
endloop
endfacet
facet normal 0 0 1
outer loop
vertex 45.420372009277344 24.415206909179688 7.199999809265137
vertex 59.08860397338867 19.477203369140625 7.199999809265137
vertex 58.84046936035156 20.403247833251953 7.199999809265137
endloop
endfacet
facet normal 0 0 1
outer loop
vertex 47.77678298950195 25.85478973388672 7.199999809265137
vertex 47.70979690551758 25.60478973388672 7.199999809265137
vertex 58.76954650878906 24.090801239013672 7.199999809265137
endloop
endfacet
facet normal 0 0 1
outer loop
vertex 47.70979690551758 25.60478973388672 7.199999809265137
vertex 47.41984939575195 25.102582931518555 7.199999809265137
vertex 58.75914764404297 21.38385009765625 7.199999809265137
endloop
endfacet
facet normal 0 0 1
outer loop
vertex 47.41984939575195 25.102582931518555 7.199999809265137
vertex 47.308223724365234 24.96955680847168 7.199999809265137
vertex 58.75914764404297 21.38385009765625 7.199999809265137
endloop
endfacet
facet normal 0 0 1
outer loop
vertex 47.308223724365234 24.96955680847168 7.199999809265137
vertex 47.23682403564453 24.9195613861084 7.199999809265137
vertex 58.75914764404297 21.38385009765625 7.199999809265137
endloop
endfacet
facet normal 0 0 1
outer loop
vertex 47.11574935913086 24.871450424194336 7.199999809265137
vertex 58.75914764404297 21.38385009765625 7.199999809265137
vertex 47.23682403564453 24.9195613861084 7.199999809265137
endloop
endfacet
facet normal 0 0 1
outer loop
vertex 47.11574935913086 24.871450424194336 7.199999809265137
vertex 45.420372009277344 24.415206909179688 7.199999809265137
vertex 58.75914764404297 21.38385009765625 7.199999809265137
endloop
endfacet
facet normal 0 0 1
outer loop
vertex 59.08860397338867 19.477203369140625 7.199999809265137
vertex 39.054786682128906 22.292442321777344 7.199999809265137
vertex 59.493770599365234 18.608312606811523 7.199999809265137
endloop
endfacet
facet normal 0 0 1
outer loop
vertex 47.77727508544922 36.81756591796875 7.199999809265137
vertex 47.75790786743164 25.983707427978516 7.199999809265137
vertex 53.10631561279297 30.466690063476562 7.199999809265137
endloop
endfacet
facet normal 0 0 1
outer loop
vertex 45.21443557739258 35.48343276977539 7.199999809265137
vertex 47.75790786743164 25.983707427978516 7.199999809265137
vertex 47.77727508544922 36.81756591796875 7.199999809265137
endloop
endfacet
facet normal -0.9848085913717111 -0.17364342302680608 0
outer loop
vertex 46.70761489868164 -29.89403533935547 2.5
vertex 46.70761489868164 -29.89403533935547 6.199999809265137
vertex 46.67499542236328 -29.709035873413086 6.199999809265137
endloop
endfacet
facet normal -0.8191556518899862 0.5735712841283914 0
outer loop
vertex 46.70761489868164 -29.89403533935547 6.199999809265137
vertex 46.53980255126953 -30.133699417114258 2.5
vertex 46.53980255126953 -30.133699417114258 6.199999809265137
endloop
endfacet
facet normal 0.6691354710143721 0.7431404452930647 0
outer loop
vertex -9.854517936706543 -50.14060592651367 2.5
vertex -9.635990142822266 -50.337371826171875 6.199999809265137
vertex -9.635990142822266 -50.337371826171875 2.5
endloop
endfacet
facet normal -0.8191442247310289 0.5735876036745184 -8.515729388154401e-7
outer loop
vertex 46.53980255126953 -30.133699417114258 6.199999809265137
vertex 46.375 -30.369060516357422 2.5
vertex 46.4835319519043 -30.214059829711914 6.199999809265137
endloop
endfacet
facet normal -0.052335193852403594 0.9986295747094772 0
outer loop
vertex -11.593670845031738 -47.57543182373047 2.5
vertex -19.544721603393555 -47.992122650146484 2.5
vertex -11.593670845031738 -47.57543182373047 6.199999809265137
endloop
endfacet
facet normal 0.9986296024764788 0.05233466401602259 0
outer loop
vertex -10.082656860351562 -49.6494255065918 2.5
vertex -10.066939353942871 -49.9493408203125 6.199999809265137
vertex -10.066939353942871 -49.9493408203125 2.5
endloop
endfacet
facet normal 0.9986295037149389 0.052336548511101484 0
outer loop
vertex -10.121418952941895 -48.90980911254883 2.5
vertex -10.082656860351562 -49.6494255065918 6.199999809265137
vertex -10.082656860351562 -49.6494255065918 2.5
endloop
endfacet
facet normal 0.6786351098093509 0.7344755868877129 0
outer loop
vertex -11.47953987121582 -47.616676330566406 2.5
vertex -10.151291847229004 -48.84394073486328 6.199999809265137
vertex -10.151291847229004 -48.84394073486328 2.5
endloop
endfacet
facet normal 0.9107165680961751 0.41303187842480726 0
outer loop
vertex -10.151291847229004 -48.84394073486328 2.5
vertex -10.121418952941895 -48.90980911254883 6.199999809265137
vertex -10.121418952941895 -48.90980911254883 2.5
endloop
endfacet
facet normal 0.3398671117437713 0.9404734692456491 0
outer loop
vertex -11.593670845031738 -47.57543182373047 2.5
vertex -11.47953987121582 -47.616676330566406 6.199999809265137
vertex -11.47953987121582 -47.616676330566406 2.5
endloop
endfacet
facet normal 0.6691306122054907 0.7431448202130627 0
outer loop
vertex -9.854517936706543 -50.14060592651367 2.5
vertex -10.066939353942871 -49.9493408203125 2.5
vertex -9.854517936706543 -50.14060592651367 6.199999809265137
endloop
endfacet
facet normal -0.8191537757558899 0.573573963552103 0
outer loop
vertex 46.375 -30.369060516357422 2.5
vertex 46.375 -30.369060516357422 6.199999809265137
vertex 46.4835319519043 -30.214059829711914 6.199999809265137
endloop
endfacet
facet normal -0.8191478152160938 0.5735824760456862 0
outer loop
vertex 59.7413215637207 -4.142246723175049 2.5
vertex 59.6812744140625 -4.228001594543457 2.5
vertex 59.7413215637207 -4.142246723175049 6.199999809265137
endloop
endfacet
facet normal 0 0 1
outer loop
vertex 60.21116638183594 -4.313256740570068 7.199999809265137
vertex 68.24375915527344 -22.10074806213379 7.199999809265137
vertex 60.233726501464844 -4.229070663452148 7.199999809265137
endloop
endfacet
facet normal 0 0 1
outer loop
vertex 60.233726501464844 -4.229070663452148 7.199999809265137
vertex 68.24375915527344 -22.10074806213379 7.199999809265137
vertex 60.2413215637207 -4.142246723175049 7.199999809265137
endloop
endfacet
facet normal 0 0 1
outer loop
vertex -34.19997024536133 -50.81882858276367 7.199999809265137
vertex -33.836036682128906 -51.83196258544922 7.199999809265137
vertex -30.228487014770508 -55.31253433227539 7.199999809265137
endloop
endfacet
facet normal 0 0 1
outer loop
vertex -33.836036682128906 -51.83196258544922 7.199999809265137
vertex -31.154348373413086 -54.84809494018555 7.199999809265137
vertex -30.228487014770508 -55.31253433227539 7.199999809265137
endloop
endfacet
facet normal 0 0 1
outer loop
vertex -34.19997024536133 -50.81882858276367 7.199999809265137
vertex -30.228487014770508 -55.31253433227539 7.199999809265137
vertex -19.892982482910156 -55.53636932373047 7.199999809265137
endloop
endfacet
facet normal 0 0 1
outer loop
vertex -34.19997024536133 -50.81882858276367 7.199999809265137
vertex -19.892982482910156 -55.53636932373047 7.199999809265137
vertex -26.6628475189209 -48.864253997802734 7.199999809265137
endloop
endfacet
facet normal 0 0 1
outer loop
vertex -26.6628475189209 -48.864253997802734 7.199999809265137
vertex -19.892982482910156 -55.53636932373047 7.199999809265137
vertex -19.5185546875 -48.49143600463867 7.199999809265137
endloop
endfacet
facet normal 0 0 1
outer loop
vertex 60.2413215637207 -4.142246723175049 7.199999809265137
vertex 68.24375915527344 -22.10074806213379 7.199999809265137
vertex 60.233726501464844 -4.055422782897949 7.199999809265137
endloop
endfacet
facet normal -0.9855391688889936 -0.1694477694913443 0
outer loop
vertex 59.6812744140625 -4.228001594543457 2.5
vertex 62.494632720947266 -20.591007232666016 2.5
vertex 59.6812744140625 -4.228001594543457 6.199999809265137
endloop
endfacet
facet normal 0 0 1
outer loop
vertex 60.233726501464844 -4.055422782897949 7.199999809265137
vertex 68.24375915527344 -22.10074806213379 7.199999809265137
vertex 57.23194885253906 12.968506813049316 7.199999809265137
endloop
endfacet
facet normal -0.9848079374843905 -0.1736471314699463 0
outer loop
vertex 62.494632720947266 -20.591007232666016 2.5
vertex 62.54398727416992 -20.870912551879883 2.5
vertex 62.494632720947266 -20.591007232666016 6.199999809265137
endloop
endfacet
facet normal -0.8191534074296029 0.5735744895795759 0
outer loop
vertex 62.54398727416992 -20.870912551879883 2.5
vertex 62.37442398071289 -21.113075256347656 2.5
vertex 62.54398727416992 -20.870912551879883 6.199999809265137
endloop
endfacet
facet normal -0.8191527936859017 0.5735753660998549 0
outer loop
vertex 62.37442398071289 -21.113075256347656 2.5
vertex 62.21137237548828 -21.345937728881836 2.5
vertex 62.37442398071289 -21.113075256347656 6.199999809265137
endloop
endfacet
facet normal 0 0 -1
outer loop
vertex 16.5819091796875 49.69142532348633 -5.699999809265137
vertex 17.671085357666016 49.526397705078125 -5.699999809265137
vertex 17.542530059814453 47.71589279174805 -5.699999809265137
endloop
endfacet
facet normal 0 0 -1
outer loop
vertex 16.555599212646484 49.729373931884766 -5.699999809265137
vertex 17.453384399414062 49.95730209350586 -5.699999809265137
vertex 16.5819091796875 49.69142532348633 -5.699999809265137
endloop
endfacet
facet normal 0.6691305901970168 0.743144840029578 -6.944490063409592e-8
outer loop
vertex -26.688932418823242 -48.36653518676758 6.199999809265137
vertex -27.11988067626953 -47.97850799560547 2.5
vertex -26.971254348754883 -48.11233139038086 6.199999809265137
endloop
endfacet
facet normal 0.669129635437487 0.7431456996977752 0
outer loop
vertex -26.971254348754883 -48.11233139038086 6.199999809265137
vertex -27.11988067626953 -47.97850799560547 2.5
vertex -27.11988067626953 -47.97850799560547 6.199999809265137
endloop
endfacet
facet normal -0.05233605450419595 0.9986295296049151 0
outer loop
vertex -26.688932418823242 -48.36653518676758 2.5
vertex -26.688932418823242 -48.36653518676758 6.199999809265137
vertex -20.842113494873047 -48.060115814208984 6.199999809265137
endloop
endfacet
facet normal -0.05233575372390891 0.9986295453680125 -4.766048874303519e-7
outer loop
vertex -19.544721603393555 -47.992122650146484 6.199999809265137
vertex -26.688932418823242 -48.36653518676758 2.5
vertex -20.842113494873047 -48.060115814208984 6.199999809265137
endloop
endfacet
facet normal 0.9986295348764896 0.05233595391659457 -7.776134939782276e-8
outer loop
vertex -27.11988067626953 -47.97850799560547 6.199999809265137
vertex -28.039941787719727 -30.422700881958008 2.5
vertex -27.824779510498047 -34.528236389160156 6.199999809265137
endloop
endfacet
facet normal 0 0 1
outer loop
vertex -34.19997024536133 -50.81882858276367 7.199999809265137
vertex -27.552894592285156 -48.22850799560547 7.199999809265137
vertex -27.5897274017334 -48.14951705932617 7.199999809265137
endloop
endfacet
facet normal 0 0 1
outer loop
vertex -34.19997024536133 -50.81882858276367 7.199999809265137
vertex -27.612285614013672 -48.065330505371094 7.199999809265137
vertex -27.617599487304688 -48.00459289550781 7.199999809265137
endloop
endfacet
facet normal 0 0 1
outer loop
vertex -27.612285614013672 -48.065330505371094 7.199999809265137
vertex -34.19997024536133 -50.81882858276367 7.199999809265137
vertex -27.5897274017334 -48.14951705932617 7.199999809265137
endloop
endfacet
facet normal 0 0 1
outer loop
vertex -34.58255386352539 -43.43132019042969 7.199999809265137
vertex -34.19997024536133 -50.81882858276367 7.199999809265137
vertex -27.617599487304688 -48.00459289550781 7.199999809265137
endloop
endfacet
facet normal 0 0 1
outer loop
vertex -34.658748626708984 -42.760704040527344 7.199999809265137
vertex -34.58255386352539 -43.43132019042969 7.199999809265137
vertex -28.539257049560547 -30.448867797851562 7.199999809265137
endloop
endfacet
facet normal 0 0 1
outer loop
vertex -35.31205368041992 -40.96577072143555 7.199999809265137
vertex -34.906883239746094 -41.834659576416016 7.199999809265137
vertex -28.539257049560547 -30.448867797851562 7.199999809265137
endloop
endfacet
facet normal 0 0 1
outer loop
vertex -28.539257049560547 -30.448867797851562 7.199999809265137
vertex -34.906883239746094 -41.834659576416016 7.199999809265137
vertex -34.658748626708984 -42.760704040527344 7.199999809265137
endloop
endfacet
facet normal 0 0 1
outer loop
vertex -28.539257049560547 -30.448867797851562 7.199999809265137
vertex -34.58255386352539 -43.43132019042969 7.199999809265137
vertex -27.617599487304688 -48.00459289550781 7.199999809265137
endloop
endfacet
facet normal 0 0 1
outer loop
vertex -37.24787521362305 -38.287288665771484 7.199999809265137
vertex -36.56996536254883 -38.96520233154297 7.199999809265137
vertex -28.539257049560547 -30.448867797851562 7.199999809265137
endloop
endfacet
facet normal 0 0 1
outer loop
vertex -36.56996536254883 -38.96520233154297 7.199999809265137
vertex -36.030941009521484 -39.731788635253906 7.199999809265137
vertex -28.539257049560547 -30.448867797851562 7.199999809265137
endloop
endfacet
facet normal 0 0 1
outer loop
vertex -36.030941009521484 -39.731788635253906 7.199999809265137
vertex -35.31205368041992 -40.96577072143555 7.199999809265137
vertex -28.539257049560547 -30.448867797851562 7.199999809265137
endloop
endfacet
facet normal 0 0 1
outer loop
vertex -28.539257049560547 -30.448867797851562 7.199999809265137
vertex -37.83547592163086 -37.87584686279297 7.199999809265137
vertex -37.24787521362305 -38.287288665771484 7.199999809265137
endloop
endfacet
facet normal 0.8785214604132286 0.47770288212801026 0
outer loop
vertex 67.35142517089844 17.275907516479492 1.7000000476837158
vertex 65.87654876708984 19.988285064697266 -3.700000047683716
vertex 65.87654876708984 19.988285064697266 1.7000000476837158
endloop
endfacet
facet normal 0.6387030332827444 -0.7694533353462194 0
outer loop
vertex 64.26948547363281 24.06525230407715 1.7000000476837158
vertex 76.79122161865234 34.4592170715332 -3.700000047683716
vertex 76.79122161865234 34.4592170715332 1.7000000476837158
endloop
endfacet
facet normal 0 0 -1
outer loop
vertex 38.27666091918945 51.385799407958984 -5.699999809265137
vertex 38.24047088623047 52.532073974609375 -5.699999809265137
vertex 52.573081970214844 64.44768524169922 -5.699999809265137
endloop
endfacet
facet normal 0 0 -1
outer loop
vertex 38.27666091918945 51.385799407958984 -5.699999809265137
vertex 52.573081970214844 64.44768524169922 -5.699999809265137
vertex 52.59196853637695 63.52580261230469 -5.699999809265137
endloop
endfacet
facet normal 0 0 -1
outer loop
vertex 52.59196853637695 63.52580261230469 -5.699999809265137
vertex 52.573081970214844 64.44768524169922 -5.699999809265137
vertex 52.64623260498047 63.55531692504883 -5.699999809265137
endloop
endfacet
facet normal 0 0 -1
outer loop
vertex 52.64623260498047 63.55531692504883 -5.699999809265137
vertex 52.573081970214844 64.44768524169922 -5.699999809265137
vertex 54.69771957397461 64.17422485351562 -5.699999809265137
endloop
endfacet
facet normal 0 0 -1
outer loop
vertex 54.69771957397461 64.17422485351562 -5.699999809265137
vertex 52.573081970214844 64.44768524169922 -5.699999809265137
vertex 55.006996154785156 65.04580688476562 -5.699999809265137
endloop
endfacet
facet normal 0 0 -1
outer loop
vertex 54.69771957397461 64.17422485351562 -5.699999809265137
vertex 55.006996154785156 65.04580688476562 -5.699999809265137
vertex 54.75925064086914 64.17964935302734 -5.699999809265137
endloop
endfacet
facet normal 0 0 -1
outer loop
vertex 54.75925064086914 64.17964935302734 -5.699999809265137
vertex 55.006996154785156 65.04580688476562 -5.699999809265137
vertex 60.442047119140625 64.26458740234375 -5.699999809265137
endloop
endfacet
facet normal 0 0 1
outer loop
vertex -34.19997024536133 -50.81882858276367 7.199999809265137
vertex -27.022682189941406 -48.73720169067383 7.199999809265137
vertex -27.45444679260254 -48.35007858276367 7.199999809265137
endloop
endfacet
facet normal 0 0 1
outer loop
vertex -27.022682189941406 -48.73720169067383 7.199999809265137
vertex -34.19997024536133 -50.81882858276367 7.199999809265137
vertex -26.938932418823242 -48.7995491027832 7.199999809265137
endloop
endfacet
facet normal 0 0 1
outer loop
vertex -26.938932418823242 -48.7995491027832 7.199999809265137
vertex -34.19997024536133 -50.81882858276367 7.199999809265137
vertex -26.6628475189209 -48.864253997802734 7.199999809265137
endloop
endfacet
facet normal 0 0 1
outer loop
vertex -34.19997024536133 -50.81882858276367 7.199999809265137
vertex -27.45444679260254 -48.35007858276367 7.199999809265137
vertex -27.50290298461914 -48.29990005493164 7.199999809265137
endloop
endfacet
facet normal 0 0 1
outer loop
vertex -27.552894592285156 -48.22850799560547 7.199999809265137
vertex -34.19997024536133 -50.81882858276367 7.199999809265137
vertex -27.50290298461914 -48.29990005493164 7.199999809265137
endloop
endfacet
facet normal 0 0 -1
outer loop
vertex 54.75925064086914 64.17964935302734 -5.699999809265137
vertex 60.442047119140625 64.26458740234375 -5.699999809265137
vertex 59.832000732421875 63.581626892089844 -5.699999809265137
endloop
endfacet
facet normal 0.5983162846461045 0.8012600224192404 0
outer loop
vertex 12.028931617736816 -37.08191680908203 2.5
vertex 11.838385581970215 -36.939632415771484 2.5
vertex 12.028931617736816 -37.08191680908203 6.199999809265137
endloop
endfacet
facet normal -0.11320305244513873 0.9935718740569819 0
outer loop
vertex 11.838385581970215 -36.939632415771484 2.5
vertex 7.863428592681885 -37.392520904541016 2.5
vertex 11.838385581970215 -36.939632415771484 6.199999809265137
endloop
endfacet
facet normal 0.9848077668060561 0.17364809943811277 0
outer loop
vertex 12.952428817749023 -42.319332122802734 2.5
vertex 12.028931617736816 -37.08191680908203 2.5
vertex 12.952428817749023 -42.319332122802734 6.199999809265137
endloop
endfacet
facet normal 0.5735749192595302 0.8191531065658136 0
outer loop
vertex 13.427453994750977 -42.651947021484375 2.5
vertex 12.952428817749023 -42.319332122802734 2.5
vertex 13.427453994750977 -42.651947021484375 6.199999809265137
endloop
endfacet
facet normal -0.7632284691182278 0.6461287053888307 0
outer loop
vertex 7.863428592681885 -37.392520904541016 2.5
vertex 7.709750175476074 -37.57405090332031 2.5
vertex 7.863428592681885 -37.392520904541016 6.199999809265137
endloop
endfacet
facet normal -0.9986295343819263 -0.05233596335348445 0
outer loop
vertex 7.709750175476074 -37.57405090332031 2.5
vertex 8.307844161987305 -48.98636245727539 2.5
vertex 7.709750175476074 -37.57405090332031 6.199999809265137
endloop
endfacet
facet normal 0 0 -1
outer loop
vertex 75.25669860839844 35.78469467163086 -5.699999809265137
vertex 74.7945556640625 36.570743560791016 -5.699999809265137
vertex 74.8306884765625 36.61460494995117 -5.699999809265137
endloop
endfacet
facet normal -0.7431428460816095 0.6691328046940495 0
outer loop
vertex 7.919816017150879 -49.41730880737305 2.5
vertex 8.307844161987305 -48.98636245727539 6.199999809265137
vertex 8.307844161987305 -48.98636245727539 2.5
endloop
endfacet
facet normal -0.052336081294461566 0.9986295282008936 0
outer loop
vertex 7.919816017150879 -49.41730880737305 2.5
vertex -9.635990142822266 -50.337371826171875 2.5
vertex 7.919816017150879 -49.41730880737305 6.199999809265137
endloop
endfacet
facet normal 0 0 -1
outer loop
vertex 75.25669860839844 35.78469467163086 -5.699999809265137
vertex 74.8306884765625 36.61460494995117 -5.699999809265137
vertex 75.77476501464844 38.341670989990234 -5.699999809265137
endloop
endfacet
facet normal 0 0 -1
outer loop
vertex 75.25669860839844 35.78469467163086 -5.699999809265137
vertex 75.77476501464844 38.341670989990234 -5.699999809265137
vertex 76.47431945800781 37.7846565246582 -5.699999809265137
endloop
endfacet
facet normal 0 0 -1
outer loop
vertex 76.47431945800781 37.7846565246582 -5.699999809265137
vertex 75.77476501464844 38.341670989990234 -5.699999809265137
vertex 75.79217529296875 38.39576721191406 -5.699999809265137
endloop
endfacet
facet normal 0 0 -1
outer loop
vertex 17.671085357666016 49.526397705078125 -5.699999809265137
vertex 16.5819091796875 49.69142532348633 -5.699999809265137
vertex 17.453384399414062 49.95730209350586 -5.699999809265137
endloop
endfacet
facet normal 0 0 1
outer loop
vertex 45.420372009277344 24.415206909179688 7.199999809265137
vertex 39.702354431152344 22.883047103881836 7.199999809265137
vertex 59.08860397338867 19.477203369140625 7.199999809265137
endloop
endfacet
facet normal 0 0 -1
outer loop
vertex 18.648067474365234 48.57948684692383 -5.699999809265137
vertex 20.56743812561035 47.7110481262207 -5.699999809265137
vertex 17.542530059814453 47.71589279174805 -5.699999809265137
endloop
endfacet
facet normal 0 0 -1
outer loop
vertex 17.542530059814453 47.71589279174805 -5.699999809265137
vertex 20.56743812561035 47.7110481262207 -5.699999809265137
vertex 20.634140014648438 46.31581115722656 -5.699999809265137
endloop
endfacet
facet normal 0 0 -1
outer loop
vertex 17.542530059814453 47.71589279174805 -5.699999809265137
vertex 17.73105812072754 49.397789001464844 -5.699999809265137
vertex 17.931018829345703 49.112213134765625 -5.699999809265137
endloop
endfacet
facet normal 0 0 1
outer loop
vertex 39.702354431152344 22.883047103881836 7.199999809265137
vertex 39.054786682128906 22.292442321777344 7.199999809265137
vertex 59.08860397338867 19.477203369140625 7.199999809265137
endloop
endfacet
facet normal 0 0 -1
outer loop
vertex 17.931018829345703 49.112213134765625 -5.699999809265137
vertex 18.177534103393555 48.865699768066406 -5.699999809265137
vertex 17.542530059814453 47.71589279174805 -5.699999809265137
endloop
endfacet
facet normal 0 0 -1
outer loop
vertex 17.73105812072754 49.397789001464844 -5.699999809265137
vertex 17.542530059814453 47.71589279174805 -5.699999809265137
vertex 17.671085357666016 49.526397705078125 -5.699999809265137
endloop
endfacet
facet normal 0 0 1
outer loop
vertex 39.054786682128906 22.292442321777344 7.199999809265137
vertex 38.4471321105957 20.646926879882812 7.199999809265137
vertex 59.493770599365234 18.608312606811523 7.199999809265137
endloop
endfacet
facet normal 0 0 1
outer loop
vertex 38.4471321105957 20.646926879882812 7.199999809265137
vertex 38.40910339355469 20.144283294677734 7.199999809265137
vertex 59.493770599365234 18.608312606811523 7.199999809265137
endloop
endfacet
facet normal 0 0 1
outer loop
vertex 38.40910339355469 20.144283294677734 7.199999809265137
vertex 40.04322814941406 12.194160461425781 7.199999809265137
vertex 59.493770599365234 18.608312606811523 7.199999809265137
endloop
endfacet
facet normal 0 0 -1
outer loop
vertex 17.542530059814453 47.71589279174805 -5.699999809265137
vertex 18.177534103393555 48.865699768066406 -5.699999809265137
vertex 18.46310806274414 48.66573715209961 -5.699999809265137
endloop
endfacet
facet normal 0 0 -1
outer loop
vertex 18.648067474365234 48.57948684692383 -5.699999809265137
vertex 17.542530059814453 47.71589279174805 -5.699999809265137
vertex 18.46310806274414 48.66573715209961 -5.699999809265137
endloop
endfacet
facet normal 0.6615340131083675 0.7499147249386575 0.0008092100567160226
outer loop
vertex -9.635990142822266 -50.337371826171875 6.199999809265137
vertex -9.854517936706543 -50.14060592651367 2.5
vertex -9.759125709533691 -50.2287483215332 6.199999809265137
endloop
endfacet
facet normal 0 0 -1
outer loop
vertex 76.47431945800781 37.7846565246582 -5.699999809265137
vertex 75.79217529296875 38.39576721191406 -5.699999809265137
vertex 76.41197967529297 43.42898941040039 -5.699999809265137
endloop
endfacet
facet normal 0 0 -1
outer loop
vertex 76.41197967529297 43.42898941040039 -5.699999809265137
vertex 77.27711486816406 43.17775344848633 -5.699999809265137
vertex 76.47431945800781 37.7846565246582 -5.699999809265137
endloop
endfacet
facet normal 0 0 -1
outer loop
vertex 77.27711486816406 43.17775344848633 -5.699999809265137
vertex 76.41197967529297 43.42898941040039 -5.699999809265137
vertex 76.40699768066406 43.490150451660156 -5.699999809265137
endloop
endfacet
facet normal -0.6427895070950891 0.7660428510001595 0
outer loop
vertex 54.42042922973633 30.31637954711914 2.5
vertex 54.42042922973633 30.31637954711914 6.199999809265137
vertex 65.44206237792969 39.564674377441406 6.199999809265137
endloop
endfacet
facet normal 0 0 1
outer loop
vertex -19.5185546875 -48.49143600463867 7.199999809265137
vertex -19.892982482910156 -55.53636932373047 7.199999809265137
vertex -19.0570011138916 -55.61863708496094 7.199999809265137
endloop
endfacet
facet normal 0 0 1
outer loop
vertex -19.0570011138916 -55.61863708496094 7.199999809265137
vertex -18.13095474243164 -55.86676788330078 7.199999809265137
vertex -10.544845581054688 -50.1078987121582 7.199999809265137
endloop
endfacet
facet normal 0 0 1
outer loop
vertex -10.544845581054688 -50.1078987121582 7.199999809265137
vertex -18.13095474243164 -55.86676788330078 7.199999809265137
vertex -17.262065887451172 -56.27193832397461 7.199999809265137
endloop
endfacet
facet normal 0 0 1
outer loop
vertex -19.5185546875 -48.49143600463867 7.199999809265137
vertex -19.0570011138916 -55.61863708496094 7.199999809265137
vertex -10.544845581054688 -50.1078987121582 7.199999809265137
endloop
endfacet
facet normal 0 0 1
outer loop
vertex -16.788787841796875 -56.60333251953125 7.199999809265137
vertex -15.319374084472656 -57.67205810546875 7.199999809265137
vertex -10.544845581054688 -50.1078987121582 7.199999809265137
endloop
endfacet
facet normal 0 0 1
outer loop
vertex -15.319374084472656 -57.67205810546875 7.199999809265137
vertex -15.00732135772705 -57.890560150146484 7.199999809265137
vertex -9.609906196594238 -50.835086822509766 7.199999809265137
endloop
endfacet
facet normal 0 0 1
outer loop
vertex -14.329408645629883 -58.56847381591797 7.199999809265137
vertex -13.779513359069824 -59.35380554199219 7.199999809265137
vertex -9.609906196594238 -50.835086822509766 7.199999809265137
endloop
endfacet
facet normal 0 0 1
outer loop
vertex -9.609906196594238 -50.835086822509766 7.199999809265137
vertex -15.00732135772705 -57.890560150146484 7.199999809265137
vertex -14.329408645629883 -58.56847381591797 7.199999809265137
endloop
endfacet
facet normal 0 0 1
outer loop
vertex -9.609906196594238 -50.835086822509766 7.199999809265137
vertex -13.779513359069824 -59.35380554199219 7.199999809265137
vertex -13.48882007598877 -59.97719955444336 7.199999809265137
endloop
endfacet
facet normal 0 0 1
outer loop
vertex -9.609906196594238 -50.835086822509766 7.199999809265137
vertex -13.48882007598877 -59.97719955444336 7.199999809265137
vertex -11.773975372314453 -61.460914611816406 7.199999809265137
endloop
endfacet
facet normal 0 0 1
outer loop
vertex -17.262065887451172 -56.27193832397461 7.199999809265137
vertex -16.788787841796875 -56.60333251953125 7.199999809265137
vertex -10.544845581054688 -50.1078987121582 7.199999809265137
endloop
endfacet
facet normal 0 0 1
outer loop
vertex -15.319374084472656 -57.67205810546875 7.199999809265137
vertex -10.191473007202148 -50.51002883911133 7.199999809265137
vertex -10.400689125061035 -50.32000732421875 7.199999809265137
endloop
endfacet
facet normal 0 0 1
outer loop
vertex -10.191473007202148 -50.51002883911133 7.199999809265137
vertex -15.319374084472656 -57.67205810546875 7.199999809265137
vertex -9.962702751159668 -50.72063064575195 7.199999809265137
endloop
endfacet
facet normal 0 0 1
outer loop
vertex -10.544845581054688 -50.1078987121582 7.199999809265137
vertex -15.319374084472656 -57.67205810546875 7.199999809265137
vertex -10.501267433166504 -50.1965217590332 7.199999809265137
endloop
endfacet
facet normal 0 0 1
outer loop
vertex -10.501267433166504 -50.1965217590332 7.199999809265137
vertex -15.319374084472656 -57.67205810546875 7.199999809265137
vertex -10.44996166229248 -50.27073669433594 7.199999809265137
endloop
endfacet
facet normal 0 0 1
outer loop
vertex -10.44996166229248 -50.27073669433594 7.199999809265137
vertex -15.319374084472656 -57.67205810546875 7.199999809265137
vertex -10.400689125061035 -50.32000732421875 7.199999809265137
endloop
endfacet
facet normal 0 0 1
outer loop
vertex -15.319374084472656 -57.67205810546875 7.199999809265137
vertex -9.728133201599121 -50.83000946044922 7.199999809265137
vertex -9.812318801879883 -50.80745315551758 7.199999809265137
endloop
endfacet
facet normal 0 0 1
outer loop
vertex -9.728133201599121 -50.83000946044922 7.199999809265137
vertex -15.319374084472656 -57.67205810546875 7.199999809265137
vertex -9.609906196594238 -50.835086822509766 7.199999809265137
endloop
endfacet
facet normal 0 0 1
outer loop
vertex -9.962702751159668 -50.72063064575195 7.199999809265137
vertex -15.319374084472656 -57.67205810546875 7.199999809265137
vertex -9.891308784484863 -50.7706184387207 7.199999809265137
endloop
endfacet
facet normal 0 0 1
outer loop
vertex -9.891308784484863 -50.7706184387207 7.199999809265137
vertex -15.319374084472656 -57.67205810546875 7.199999809265137
vertex -9.812318801879883 -50.80745315551758 7.199999809265137
endloop
endfacet
facet normal 0 0 -1
outer loop
vertex 77.27711486816406 43.17775344848633 -5.699999809265137
vertex 76.40699768066406 43.490150451660156 -5.699999809265137
vertex 75.80828857421875 45.53261947631836 -5.699999809265137
endloop
endfacet
facet normal 0 0 -1
outer loop
vertex 77.27711486816406 43.17775344848633 -5.699999809265137
vertex 75.80828857421875 45.53261947631836 -5.699999809265137
vertex 76.70162963867188 45.598018646240234 -5.699999809265137
endloop
endfacet
facet normal 0 0 -1
outer loop
vertex 76.70162963867188 45.598018646240234 -5.699999809265137
vertex 75.80828857421875 45.53261947631836 -5.699999809265137
vertex 75.77946472167969 45.5867919921875 -5.699999809265137
endloop
endfacet
facet normal 0.9867844114343838 0.16203865387646502 0
outer loop
vertex 73.87723541259766 -22.465028762817383 1.7000000476837158
vertex 73.87723541259766 -22.465028762817383 -3.700000047683716
vertex 67.35142517089844 17.275907516479492 -3.700000047683716
endloop
endfacet
facet normal 0.9576979990577313 -0.28777515980504187 0
outer loop
vertex 72.91842651367188 -25.655885696411133 1.7000000476837158
vertex 73.87723541259766 -22.465028762817383 -3.700000047683716
vertex 73.87723541259766 -22.465028762817383 1.7000000476837158
endloop
endfacet
facet normal 0 0 -1
outer loop
vertex 76.70162963867188 45.598018646240234 -5.699999809265137
vertex 61.67239761352539 62.581783294677734 -5.699999809265137
vertex 62.4532470703125 63.045196533203125 -5.699999809265137
endloop
endfacet
facet normal 0.7836259510375001 -0.621232942510757 0
outer loop
vertex 69.13663482666016 -30.426254272460938 1.7000000476837158
vertex 69.13663482666016 -30.426254272460938 -3.700000047683716
vertex 72.91842651367188 -25.655885696411133 1.7000000476837158
endloop
endfacet
facet normal 0.5058154637923653 -0.8626417081201873 0
outer loop
vertex 66.68228912353516 -31.865375518798828 1.7000000476837158
vertex 69.13663482666016 -30.426254272460938 -3.700000047683716
vertex 69.13663482666016 -30.426254272460938 1.7000000476837158
endloop
endfacet
facet normal 0.22245282492773005 -0.9749434551201791 0
outer loop
vertex 62.594425201416016 -32.79810333251953 1.7000000476837158
vertex 62.594425201416016 -32.79810333251953 -3.700000047683716
vertex 66.68228912353516 -31.865375518798828 1.7000000476837158
endloop
endfacet
facet normal 0.2224528779929437 -0.9749434430122891 0
outer loop
vertex 58.43049240112305 -33.74818801879883 1.7000000476837158
vertex 62.594425201416016 -32.79810333251953 -3.700000047683716
vertex 62.594425201416016 -32.79810333251953 1.7000000476837158
endloop
endfacet
facet normal 0.9576979990577313 -0.28777515980504187 0
outer loop
vertex 72.91842651367188 -25.655885696411133 1.7000000476837158
vertex 72.91842651367188 -25.655885696411133 -3.700000047683716
vertex 73.87723541259766 -22.465028762817383 -3.700000047683716
endloop
endfacet
facet normal 0.7836259510375001 -0.621232942510757 0
outer loop
vertex 69.13663482666016 -30.426254272460938 -3.700000047683716
vertex 72.91842651367188 -25.655885696411133 -3.700000047683716
vertex 72.91842651367188 -25.655885696411133 1.7000000476837158
endloop
endfacet
facet normal 0.5058154637923653 -0.8626417081201873 0
outer loop
vertex 66.68228912353516 -31.865375518798828 1.7000000476837158
vertex 66.68228912353516 -31.865375518798828 -3.700000047683716
vertex 69.13663482666016 -30.426254272460938 -3.700000047683716
endloop
endfacet
facet normal 0.22245282492773005 -0.9749434551201791 0
outer loop
vertex 62.594425201416016 -32.79810333251953 -3.700000047683716
vertex 66.68228912353516 -31.865375518798828 -3.700000047683716
vertex 66.68228912353516 -31.865375518798828 1.7000000476837158
endloop
endfacet
facet normal 0.2224528779929437 -0.9749434430122891 0
outer loop
vertex 58.43049240112305 -33.74818801879883 1.7000000476837158
vertex 58.43049240112305 -33.74818801879883 -3.700000047683716
vertex 62.594425201416016 -32.79810333251953 -3.700000047683716
endloop
endfacet
facet normal 0 0 -1
outer loop
vertex 62.4532470703125 63.045196533203125 -5.699999809265137
vertex 61.67239761352539 62.581783294677734 -5.699999809265137
vertex 61.6281852722168 62.61811065673828 -5.699999809265137
endloop
endfacet
facet normal 0 0 -1
outer loop
vertex 59.832000732421875 63.581626892089844 -5.699999809265137
vertex 60.442047119140625 64.26458740234375 -5.699999809265137
vertex 59.886539459228516 63.564308166503906 -5.699999809265137
endloop
endfacet
facet normal 0 0 -1
outer loop
vertex 71.02655029296875 -21.875255584716797 -5.699999809265137
vertex 64.52325439453125 16.609344482421875 -5.699999809265137
vertex 71.82869720458984 -22.332563400268555 -5.699999809265137
endloop
endfacet
facet normal 0 0 -1
outer loop
vertex 62.4532470703125 63.045196533203125 -5.699999809265137
vertex 61.6281852722168 62.61811065673828 -5.699999809265137
vertex 59.886539459228516 63.564308166503906 -5.699999809265137
endloop
endfacet
facet normal -0.052334869063628324 0.998629591730634 0
outer loop
vertex -19.544721603393555 -47.992122650146484 2.5
vertex -19.544721603393555 -47.992122650146484 6.199999809265137
vertex -17.41058349609375 -47.880279541015625 6.199999809265137
endloop
endfacet
facet normal -0.05233531301253362 0.9986295684646104 2.567703972674473e-7
outer loop
vertex -11.593670845031738 -47.57543182373047 6.199999809265137
vertex -19.544721603393555 -47.992122650146484 2.5
vertex -17.41058349609375 -47.880279541015625 6.199999809265137
endloop
endfacet
facet normal 0.6691306122054907 0.7431448202130627 0
outer loop
vertex -9.854517936706543 -50.14060592651367 6.199999809265137
vertex -10.066939353942871 -49.9493408203125 2.5
vertex -10.066939353942871 -49.9493408203125 6.199999809265137
endloop
endfacet
facet normal 0.9986296024764788 0.05233466401602259 0
outer loop
vertex -10.066939353942871 -49.9493408203125 6.199999809265137
vertex -10.082656860351562 -49.6494255065918 2.5
vertex -10.082656860351562 -49.6494255065918 6.199999809265137
endloop
endfacet
facet normal 0.9986294919945858 0.05233677214572184 4.4826525797202554e-8
outer loop
vertex -10.082656860351562 -49.6494255065918 6.199999809265137
vertex -10.121418952941895 -48.90980911254883 2.5
vertex -10.117281913757324 -48.98875045776367 6.199999809265137
endloop
endfacet
facet normal 0.9986296018028283 0.05233467687035698 0
outer loop
vertex -10.117281913757324 -48.98875045776367 6.199999809265137
vertex -10.121418952941895 -48.90980911254883 2.5
vertex -10.121418952941895 -48.90980911254883 6.199999809265137
endloop
endfacet
facet normal 0.9107165680961751 0.41303187842480726 0
outer loop
vertex -10.121418952941895 -48.90980911254883 6.199999809265137
vertex -10.151291847229004 -48.84394073486328 2.5
vertex -10.151291847229004 -48.84394073486328 6.199999809265137
endloop
endfacet
facet normal 0.3398671117437713 0.9404734692456491 0
outer loop
vertex -11.47953987121582 -47.616676330566406 6.199999809265137
vertex -11.593670845031738 -47.57543182373047 2.5
vertex -11.593670845031738 -47.57543182373047 6.199999809265137
endloop
endfacet
facet normal 0.6786351098093509 0.7344755868877129 0
outer loop
vertex -10.151291847229004 -48.84394073486328 6.199999809265137
vertex -11.47953987121582 -47.616676330566406 2.5
vertex -11.47953987121582 -47.616676330566406 6.199999809265137
endloop
endfacet
facet normal 0.6786459829619075 0.7344655402465567 0
outer loop
vertex -9.759125709533691 -50.2287483215332 6.199999809265137
vertex -9.854517936706543 -50.14060592651367 2.5
vertex -9.854517936706543 -50.14060592651367 6.199999809265137
endloop
endfacet
facet normal -0.05233602373037662 0.9986295312177051 0
outer loop
vertex -9.635990142822266 -50.337371826171875 6.199999809265137
vertex 0.7658741474151611 -49.792232513427734 6.199999809265137
vertex -9.635990142822266 -50.337371826171875 2.5
endloop
endfacet
facet normal -0.05233616499290003 0.9986295238143509 3.982241981639315e-7
outer loop
vertex 0.7658741474151611 -49.792232513427734 6.199999809265137
vertex 7.919816017150879 -49.41730880737305 6.199999809265137
vertex -9.635990142822266 -50.337371826171875 2.5
endloop
endfacet
facet normal 0 0 -1
outer loop
vertex 62.4532470703125 63.045196533203125 -5.699999809265137
vertex 59.886539459228516 63.564308166503906 -5.699999809265137
vertex 60.442047119140625 64.26458740234375 -5.699999809265137
endloop
endfacet
facet normal 0 0 -1
outer loop
vertex 76.70162963867188 45.598018646240234 -5.699999809265137
vertex 75.77946472167969 45.5867919921875 -5.699999809265137
vertex 61.67239761352539 62.581783294677734 -5.699999809265137
endloop
endfacet
facet normal -0.639322002757528 0.7689391242420319 0
outer loop
vertex 46.64381790161133 62.1188850402832 -3.700000047683716
vertex 36.962318420410156 54.069358825683594 -3.700000047683716
vertex 46.64381790161133 62.1188850402832 1.7000000476837158
endloop
endfacet
facet normal 0 0 -1
outer loop
vertex 71.82869720458984 -22.332563400268555 -5.699999809265137
vertex 71.0243148803711 -21.936595916748047 -5.699999809265137
vertex 71.02655029296875 -21.875255584716797 -5.699999809265137
endloop
endfacet
facet normal 0 0 -1
outer loop
vertex 71.11324310302734 -24.713542938232422 -5.699999809265137
vertex 71.0243148803711 -21.936595916748047 -5.699999809265137
vertex 71.82869720458984 -22.332563400268555 -5.699999809265137
endloop
endfacet
facet normal 0 0 -1
outer loop
vertex 71.11324310302734 -24.713542938232422 -5.699999809265137
vertex 70.5174331665039 -24.004430770874023 -5.699999809265137
vertex 71.0243148803711 -21.936595916748047 -5.699999809265137
endloop
endfacet
facet normal 0 0 -1
outer loop
vertex 71.11324310302734 -24.713542938232422 -5.699999809265137
vertex 70.49105072021484 -24.05985450744629 -5.699999809265137
vertex 70.5174331665039 -24.004430770874023 -5.699999809265137
endloop
endfacet
facet normal -0.6393219139873682 0.7689391980485377 0
outer loop
vertex 51.648563385009766 66.27999877929688 -3.700000047683716
vertex 46.64381790161133 62.1188850402832 -3.700000047683716
vertex 51.648563385009766 66.27999877929688 1.7000000476837158
endloop
endfacet
facet normal 0 0 -1
outer loop
vertex 67.80199432373047 -28.89036750793457 -5.699999809265137
vertex 70.49105072021484 -24.05985450744629 -5.699999809265137
vertex 71.11324310302734 -24.713542938232422 -5.699999809265137
endloop
endfacet
facet normal -0.23864282712279478 0.971107409642641 0
outer loop
vertex 54.90699005126953 67.08073425292969 -3.700000047683716
vertex 51.648563385009766 66.27999877929688 -3.700000047683716
vertex 54.90699005126953 67.08073425292969 1.7000000476837158
endloop
endfacet
facet normal 0 0 -1
outer loop
vertex 67.48045349121094 -28.035160064697266 -5.699999809265137
vertex 70.49105072021484 -24.05985450744629 -5.699999809265137
vertex 67.80199432373047 -28.89036750793457 -5.699999809265137
endloop
endfacet
facet normal 0 0 -1
outer loop
vertex 67.80199432373047 -28.89036750793457 -5.699999809265137
vertex 67.44196319580078 -28.070873260498047 -5.699999809265137
vertex 67.48045349121094 -28.035160064697266 -5.699999809265137
endloop
endfacet
facet normal 0 0 -1
outer loop
vertex 67.80199432373047 -28.89036750793457 -5.699999809265137
vertex 65.93669891357422 -29.984094619750977 -5.699999809265137
vertex 67.44196319580078 -28.070873260498047 -5.699999809265137
endloop
endfacet
facet normal 0 0 -1
outer loop
vertex 65.93669891357422 -29.984094619750977 -5.699999809265137
vertex 65.91632843017578 -29.056259155273438 -5.699999809265137
vertex 67.44196319580078 -28.070873260498047 -5.699999809265137
endloop
endfacet
facet normal 0 0 -1
outer loop
vertex 65.93669891357422 -29.984094619750977 -5.699999809265137
vertex 65.8679428100586 -29.07665252685547 -5.699999809265137
vertex 65.91632843017578 -29.056259155273438 -5.699999809265137
endloop
endfacet
facet normal 0 0 -1
outer loop
vertex 57.986968994140625 -31.804357528686523 -5.699999809265137
vertex 65.8679428100586 -29.07665252685547 -5.699999809265137
vertex 65.93669891357422 -29.984094619750977 -5.699999809265137
endloop
endfacet
facet normal 0 0 -1
outer loop
vertex 57.986968994140625 -31.804357528686523 -5.699999809265137
vertex 56.392887115478516 -31.23857879638672 -5.699999809265137
vertex 65.8679428100586 -29.07665252685547 -5.699999809265137
endloop
endfacet
facet normal 0.14227549534729797 0.9898270977416617 0
outer loop
vertex 61.13024139404297 66.18621826171875 -3.700000047683716
vertex 54.90699005126953 67.08073425292969 -3.700000047683716
vertex 61.13024139404297 66.18621826171875 1.7000000476837158
endloop
endfacet
facet normal -0.639322002757528 0.7689391242420319 0
outer loop
vertex 46.64381790161133 62.1188850402832 1.7000000476837158
vertex 36.962318420410156 54.069358825683594 -3.700000047683716
vertex 36.962318420410156 54.069358825683594 1.7000000476837158
endloop
endfacet
facet normal -0.6393219139873682 0.7689391980485377 0
outer loop
vertex 51.648563385009766 66.27999877929688 1.7000000476837158
vertex 46.64381790161133 62.1188850402832 -3.700000047683716
vertex 46.64381790161133 62.1188850402832 1.7000000476837158
endloop
endfacet
facet normal -0.23864278852387205 0.9711074191280542 0
outer loop
vertex 51.648563385009766 66.27999877929688 1.7000000476837158
vertex 53.11164855957031 66.63954162597656 1.7000000476837158
vertex 51.648563385009766 66.27999877929688 -3.700000047683716
endloop
endfacet
facet normal -0.2386428585783759 0.971107401912652 2.0126921997908428e-8
outer loop
vertex 54.90699005126953 67.08073425292969 1.7000000476837158
vertex 51.648563385009766 66.27999877929688 -3.700000047683716
vertex 53.11164855957031 66.63954162597656 1.7000000476837158
endloop
endfacet
facet normal 0.14227341160004245 0.9898273972525133 0
outer loop
vertex 54.90699005126953 67.08073425292969 1.7000000476837158
vertex 57.459205627441406 66.7138900756836 1.7000000476837158
vertex 54.90699005126953 67.08073425292969 -3.700000047683716
endloop
endfacet
facet normal 0 0 -1
outer loop
vertex 57.74645233154297 -31.868803024291992 -5.699999809265137
vertex 56.392887115478516 -31.23857879638672 -5.699999809265137
vertex 57.986968994140625 -31.804357528686523 -5.699999809265137
endloop
endfacet
facet normal 0 0 -1
outer loop
vertex 57.43049240112305 -32.01613998413086 -5.699999809265137
vertex 56.392887115478516 -31.23857879638672 -5.699999809265137
vertex 57.74645233154297 -31.868803024291992 -5.699999809265137
endloop
endfacet
facet normal 0 0 -1
outer loop
vertex 57.14491653442383 -32.21609878540039 -5.699999809265137
vertex 56.392887115478516 -31.23857879638672 -5.699999809265137
vertex 57.43049240112305 -32.01613998413086 -5.699999809265137
endloop
endfacet
facet normal 0 0 -1
outer loop
vertex 57.14491653442383 -32.21609878540039 -5.699999809265137
vertex 56.90767288208008 -32.4516487121582 -5.699999809265137
vertex 56.392887115478516 -31.23857879638672 -5.699999809265137
endloop
endfacet
facet normal 0 0 -1
outer loop
vertex 55.64997863769531 -33.928924560546875 -5.699999809265137
vertex 56.392887115478516 -31.23857879638672 -5.699999809265137
vertex 56.90767288208008 -32.4516487121582 -5.699999809265137
endloop
endfacet
facet normal 0 0 -1
outer loop
vertex 55.64997863769531 -33.928924560546875 -5.699999809265137
vertex 54.36219024658203 -33.66070556640625 -5.699999809265137
vertex 56.392887115478516 -31.23857879638672 -5.699999809265137
endloop
endfacet
facet normal 0 0 1
outer loop
vertex -11.712335586547852 -48.08233642578125 7.199999809265137
vertex -19.5185546875 -48.49143600463867 7.199999809265137
vertex -10.612198829650879 -49.09883117675781 7.199999809265137
endloop
endfacet
facet normal 0 0 1
outer loop
vertex -19.5185546875 -48.49143600463867 7.199999809265137
vertex -10.567403793334961 -50.023712158203125 7.199999809265137
vertex -10.574822425842285 -49.95020294189453 7.199999809265137
endloop
endfacet
facet normal 0 0 1
outer loop
vertex -10.567403793334961 -50.023712158203125 7.199999809265137
vertex -19.5185546875 -48.49143600463867 7.199999809265137
vertex -10.544845581054688 -50.1078987121582 7.199999809265137
endloop
endfacet
facet normal 0 0 1
outer loop
vertex -19.5185546875 -48.49143600463867 7.199999809265137
vertex -10.574822425842285 -49.95020294189453 7.199999809265137
vertex -10.582308769226074 -49.66917037963867 7.199999809265137
endloop
endfacet
facet normal 0 0 1
outer loop
vertex -10.612198829650879 -49.09883117675781 7.199999809265137
vertex -19.5185546875 -48.49143600463867 7.199999809265137
vertex -10.582308769226074 -49.66917037963867 7.199999809265137
endloop
endfacet
facet normal 0.7614114642780859 -0.6482689118459262 0
outer loop
vertex 57.18206787109375 -35.214500427246094 1.7000000476837158
vertex 58.43049240112305 -33.74818801879883 -3.700000047683716
vertex 58.43049240112305 -33.74818801879883 1.7000000476837158
endloop
endfacet
facet normal 0.9979428941824939 -0.0641091253307033 0
outer loop
vertex 55.9841194152832 -53.862144470214844 1.7000000476837158
vertex 57.18206787109375 -35.214500427246094 -3.700000047683716
vertex 57.18206787109375 -35.214500427246094 1.7000000476837158
endloop
endfacet
facet normal 0.7614114642780859 -0.6482689118459262 0
outer loop
vertex 58.43049240112305 -33.74818801879883 -3.700000047683716
vertex 57.18206787109375 -35.214500427246094 1.7000000476837158
vertex 57.18206787109375 -35.214500427246094 -3.700000047683716
endloop
endfacet
facet normal 0.7661190221431551 0.6426987193937886 0
outer loop
vertex 53.84267044067383 30.366897583007812 6.200130462646484
vertex 53.48933792114258 30.788082122802734 2.5
vertex 53.48933792114258 30.788082122802734 6.199999809265137
endloop
endfacet
facet normal 0.08715575679041876 0.9961946968631631 0
outer loop
vertex -33.858856201171875 -24.978069305419922 2.5
vertex -50.55744552612305 -23.517131805419922 2.5
vertex -33.858856201171875 -24.978069305419922 6.199999809265137
endloop
endfacet
facet normal -0.642788264963095 0.7660438932761842 0
outer loop
vertex -33.41462707519531 -24.605316162109375 2.5
vertex -33.858856201171875 -24.978069305419922 2.5
vertex -33.41462707519531 -24.605316162109375 6.199999809265137
endloop
endfacet
facet normal -0.9961947045199644 0.08715566927274916 0
outer loop
vertex -32.93788528442383 -19.1561279296875 2.5
vertex -33.41462707519531 -24.605316162109375 2.5
vertex -32.93788528442383 -19.1561279296875 6.199999809265137
endloop
endfacet
facet normal -0.6691243501683469 0.7431504585289491 0
outer loop
vertex -32.76226043701172 -18.997997283935547 2.5
vertex -32.93788528442383 -19.1561279296875 2.5
vertex -32.76226043701172 -18.997997283935547 6.199999809265137
endloop
endfacet
facet normal 0.017452917186020527 0.9998476862411083 0
outer loop
vertex -28.79646110534668 -19.067222595214844 2.5
vertex -32.76226043701172 -18.997997283935547 2.5
vertex -28.79646110534668 -19.067222595214844 6.199999809265137
endloop
endfacet
facet normal 0.9986295335366242 0.05233597948280322 0
outer loop
vertex -28.626453399658203 -19.23139762878418 2.5
vertex -28.039941787719727 -30.422700881958008 6.199999809265137
vertex -28.039941787719727 -30.422700881958008 2.5
endloop
endfacet
facet normal 0.6946594663938609 0.7193387420050421 0
outer loop
vertex -28.626453399658203 -19.23139762878418 2.5
vertex -28.79646110534668 -19.067222595214844 2.5
vertex -28.626453399658203 -19.23139762878418 6.199999809265137
endloop
endfacet
facet normal -0.6427875241187534 0.7660445149188674 0
outer loop
vertex -33.858856201171875 -24.978069305419922 2.5
vertex -33.858856201171875 -24.978069305419922 6.199999809265137
vertex -33.7421989440918 -24.88018226623535 6.199999809265137
endloop
endfacet
facet normal -0.64278852879749 0.7660436718923769 5.397957920993665e-8
outer loop
vertex -33.41462707519531 -24.605316162109375 6.199999809265137
vertex -33.858856201171875 -24.978069305419922 2.5
vertex -33.7421989440918 -24.88018226623535 6.199999809265137
endloop
endfacet
facet normal -0.9961947045199644 0.08715566927274916 0
outer loop
vertex -32.93788528442383 -19.1561279296875 6.199999809265137
vertex -33.41462707519531 -24.605316162109375 2.5
vertex -33.41462707519531 -24.605316162109375 6.199999809265137
endloop
endfacet
facet normal -0.6691243501683469 0.7431504585289491 0
outer loop
vertex -32.76226043701172 -18.997997283935547 6.199999809265137
vertex -32.93788528442383 -19.1561279296875 2.5
vertex -32.93788528442383 -19.1561279296875 6.199999809265137
endloop
endfacet
facet normal 0.017452917186020527 0.9998476862411083 0
outer loop
vertex -28.79646110534668 -19.067222595214844 6.199999809265137
vertex -32.76226043701172 -18.997997283935547 2.5
vertex -32.76226043701172 -18.997997283935547 6.199999809265137
endloop
endfacet
facet normal 0.9986295312137997 0.052336023804896534 0
outer loop
vertex -27.824779510498047 -34.528236389160156 6.199999809265137
vertex -28.039941787719727 -30.422700881958008 2.5
vertex -28.039941787719727 -30.422700881958008 6.199999809265137
endloop
endfacet
facet normal 0.9986295276372958 0.05233609204740635 3.414066753824889e-7
outer loop
vertex -28.039941787719727 -30.422700881958008 6.199999809265137
vertex -28.626453399658203 -19.23139762878418 2.5
vertex -28.4119930267334 -23.323558807373047 6.199999809265137
endloop
endfacet
facet normal 0.9986295437707358 0.05233578420404552 0
outer loop
vertex -28.4119930267334 -23.323558807373047 6.199999809265137
vertex -28.626453399658203 -19.23139762878418 2.5
vertex -28.626453399658203 -19.23139762878418 6.199999809265137
endloop
endfacet
facet normal 0.6946594663938609 0.7193387420050421 0
outer loop
vertex -28.79646110534668 -19.067222595214844 2.5
vertex -28.79646110534668 -19.067222595214844 6.199999809265137
vertex -28.626453399658203 -19.23139762878418 6.199999809265137
endloop
endfacet
facet normal 0 0 1
outer loop
vertex -50.60102081298828 -24.015228271484375 7.199999809265137
vertex -28.539257049560547 -30.448867797851562 7.199999809265137
vertex -33.902435302734375 -25.476165771484375 7.199999809265137
endloop
endfacet
facet normal 0.9979428941824939 -0.0641091253307033 0
outer loop
vertex 55.9841194152832 -53.862144470214844 1.7000000476837158
vertex 55.9841194152832 -53.862144470214844 -3.700000047683716
vertex 57.18206787109375 -35.214500427246094 -3.700000047683716
endloop
endfacet
facet normal 0.8129004619919034 -0.5824026432746937 0
outer loop
vertex 53.5331916809082 -57.283077239990234 1.7000000476837158
vertex 55.9841194152832 -53.862144470214844 -3.700000047683716
vertex 55.9841194152832 -53.862144470214844 1.7000000476837158
endloop
endfacet
facet normal 0.543620086544781 -0.8393314014768213 0
outer loop
vertex 51.46693801879883 -58.62135314941406 1.7000000476837158
vertex 53.5331916809082 -57.283077239990234 -3.700000047683716
vertex 53.5331916809082 -57.283077239990234 1.7000000476837158
endloop
endfacet
facet normal 0.8493940969577355 -0.5277591003984232 0
outer loop
vertex 50.782291412353516 -59.72324752807617 1.7000000476837158
vertex 51.46693801879883 -58.62135314941406 -3.700000047683716
vertex 51.46693801879883 -58.62135314941406 1.7000000476837158
endloop
endfacet
facet normal 0.9932947114686668 -0.11560975810189246 0
outer loop
vertex 50.708045959472656 -60.361148834228516 1.7000000476837158
vertex 50.782291412353516 -59.72324752807617 -3.700000047683716
vertex 50.782291412353516 -59.72324752807617 1.7000000476837158
endloop
endfacet
facet normal 0 0 1
outer loop
vertex -33.858856201171875 -25.478069305419922 7.199999809265137
vertex -33.902435302734375 -25.476165771484375 7.199999809265137
vertex -28.539257049560547 -30.448867797851562 7.199999809265137
endloop
endfacet
facet normal 0 0 1
outer loop
vertex -33.608856201171875 -25.411081314086914 7.199999809265137
vertex -33.68784713745117 -25.447914123535156 7.199999809265137
vertex -28.539257049560547 -30.448867797851562 7.199999809265137
endloop
endfacet
facet normal 0 0 1
outer loop
vertex -33.68784713745117 -25.447914123535156 7.199999809265137
vertex -33.772029876708984 -25.47047233581543 7.199999809265137
vertex -28.539257049560547 -30.448867797851562 7.199999809265137
endloop
endfacet
facet normal 0 0 1
outer loop
vertex -33.772029876708984 -25.47047233581543 7.199999809265137
vertex -33.858856201171875 -25.478069305419922 7.199999809265137
vertex -28.539257049560547 -30.448867797851562 7.199999809265137
endloop
endfacet
facet normal 0 0 1
outer loop
vertex -33.53746032714844 -25.36109161376953 7.199999809265137
vertex -33.608856201171875 -25.411081314086914 7.199999809265137
vertex -28.539257049560547 -30.448867797851562 7.199999809265137
endloop
endfacet
facet normal 0 0 1
outer loop
vertex -33.53746032714844 -25.36109161376953 7.199999809265137
vertex -28.539257049560547 -30.448867797851562 7.199999809265137
vertex -33.09323501586914 -24.988338470458984 7.199999809265137
endloop
endfacet
facet normal 0 0 1
outer loop
vertex -33.09323501586914 -24.988338470458984 7.199999809265137
vertex -28.539257049560547 -30.448867797851562 7.199999809265137
vertex -33.0316047668457 -24.92671012878418 7.199999809265137
endloop
endfacet
facet normal 0 0 1
outer loop
vertex -33.0316047668457 -24.92671012878418 7.199999809265137
vertex -28.539257049560547 -30.448867797851562 7.199999809265137
vertex -32.98161315917969 -24.855316162109375 7.199999809265137
endloop
endfacet
facet normal 0 0 1
outer loop
vertex -32.98161315917969 -24.855316162109375 7.199999809265137
vertex -28.539257049560547 -30.448867797851562 7.199999809265137
vertex -32.94478225708008 -24.77632713317871 7.199999809265137
endloop
endfacet
facet normal 0 0 1
outer loop
vertex -32.94478225708008 -24.77632713317871 7.199999809265137
vertex -28.539257049560547 -30.448867797851562 7.199999809265137
vertex -32.92222213745117 -24.692140579223633 7.199999809265137
endloop
endfacet
facet normal 0 0 1
outer loop
vertex -32.92222213745117 -24.692140579223633 7.199999809265137
vertex -28.539257049560547 -30.448867797851562 7.199999809265137
vertex -32.918426513671875 -24.64872932434082 7.199999809265137
endloop
endfacet
facet normal 0.9932946040194058 -0.115610681279593 0
outer loop
vertex 50.48994445800781 -62.235015869140625 1.7000000476837158
vertex 50.48994445800781 -62.235015869140625 -3.700000047683716
vertex 50.708045959472656 -60.361148834228516 1.7000000476837158
endloop
endfacet
facet normal 0.8724523937452056 -0.4886991105458049 0
outer loop
vertex 50.1644401550293 -62.816123962402344 1.7000000476837158
vertex 50.48994445800781 -62.235015869140625 -3.700000047683716
vertex 50.48994445800781 -62.235015869140625 1.7000000476837158
endloop
endfacet
facet normal 0.8724578802125709 -0.4886893156750896 0
outer loop
vertex 49.96101760864258 -63.17929458618164 1.7000000476837158
vertex 49.96101760864258 -63.17929458618164 -3.700000047683716
vertex 50.1644401550293 -62.816123962402344 1.7000000476837158
endloop
endfacet
facet normal 0.662130628617029 -0.7493884377592291 0
outer loop
vertex 46.06558609008789 -66.62114715576172 1.7000000476837158
vertex 49.96101760864258 -63.17929458618164 -3.700000047683716
vertex 49.96101760864258 -63.17929458618164 1.7000000476837158
endloop
endfacet
facet normal 0.31648572423136845 -0.9485972730077534 0
outer loop
vertex 45.04720687866211 -66.9609146118164 1.7000000476837158
vertex 45.04720687866211 -66.9609146118164 -3.700000047683716
vertex 46.06558609008789 -66.62114715576172 1.7000000476837158
endloop
endfacet
facet normal 0.8129004619919034 -0.5824026432746937 0
outer loop
vertex 53.5331916809082 -57.283077239990234 1.7000000476837158
vertex 53.5331916809082 -57.283077239990234 -3.700000047683716
vertex 55.9841194152832 -53.862144470214844 -3.700000047683716
endloop
endfacet
facet normal 0.543620086544781 -0.8393314014768213 0
outer loop
vertex 53.5331916809082 -57.283077239990234 -3.700000047683716
vertex 51.46693801879883 -58.62135314941406 1.7000000476837158
vertex 51.46693801879883 -58.62135314941406 -3.700000047683716
endloop
endfacet
facet normal 0.8493940969577355 -0.5277591003984232 0
outer loop
vertex 51.46693801879883 -58.62135314941406 -3.700000047683716
vertex 50.782291412353516 -59.72324752807617 1.7000000476837158
vertex 50.782291412353516 -59.72324752807617 -3.700000047683716
endloop
endfacet
facet normal 0 0 1
outer loop
vertex -32.918426513671875 -24.64872932434082 7.199999809265137
vertex -28.539257049560547 -30.448867797851562 7.199999809265137
vertex -29.10982322692871 -19.56182861328125 7.199999809265137
endloop
endfacet
facet normal 0 0 1
outer loop
vertex -32.46634292602539 -19.503238677978516 7.199999809265137
vertex -32.918426513671875 -24.64872932434082 7.199999809265137
vertex -29.10982322692871 -19.56182861328125 7.199999809265137
endloop
endfacet
facet normal 0.9932946313078356 -0.11561044682477442 -8.246088802425723e-8
outer loop
vertex 50.48994445800781 -62.235015869140625 -3.700000047683716
vertex 50.782291412353516 -59.72324752807617 -3.700000047683716
vertex 50.708045959472656 -60.361148834228516 1.7000000476837158
endloop
endfacet
facet normal 0.8724545038512578 -0.48869534344965054 5.325812245080254e-7
outer loop
vertex 50.48994445800781 -62.235015869140625 -3.700000047683716
vertex 50.1644401550293 -62.816123962402344 1.7000000476837158
vertex 49.96101760864258 -63.17929458618164 -3.700000047683716
endloop
endfacet
facet normal 0.662130628617029 -0.7493884377592291 0
outer loop
vertex 49.96101760864258 -63.17929458618164 -3.700000047683716
vertex 46.06558609008789 -66.62114715576172 1.7000000476837158
vertex 46.06558609008789 -66.62114715576172 -3.700000047683716
endloop
endfacet
facet normal 0.31648572423136845 -0.9485972730077534 0
outer loop
vertex 46.06558609008789 -66.62114715576172 -3.700000047683716
vertex 46.06558609008789 -66.62114715576172 1.7000000476837158
vertex 45.04720687866211 -66.9609146118164 -3.700000047683716
endloop
endfacet
facet normal 0.14227694403036456 0.9898268895087043 -0.0000017040345161507166
outer loop
vertex 61.13024139404297 66.18621826171875 1.7000000476837158
vertex 54.90699005126953 67.08073425292969 -3.700000047683716
vertex 57.459205627441406 66.7138900756836 1.7000000476837158
endloop
endfacet
facet normal 0.8541500031188191 -0.520026703326013 0
outer loop
vertex 78.3929672241211 37.09010314941406 -3.700000047683716
vertex 76.79122161865234 34.4592170715332 1.7000000476837158
vertex 76.79122161865234 34.4592170715332 -3.700000047683716
endloop
endfacet
facet normal 0.9891017508437666 -0.14723357795623848 0
outer loop
vertex 79.3121337890625 43.26498031616211 -3.700000047683716
vertex 78.3929672241211 37.09010314941406 1.7000000476837158
vertex 78.3929672241211 37.09010314941406 -3.700000047683716
endloop
endfacet
facet normal 0 0 -1
outer loop
vertex 55.450016021728516 -34.214500427246094 -5.699999809265137
vertex 54.36219024658203 -33.66070556640625 -5.699999809265137
vertex 55.64997863769531 -33.928924560546875 -5.699999809265137
endloop
endfacet
facet normal 0 0 -1
outer loop
vertex -76.43116760253906 -14.853373527526855 -5.699999809265137
vertex -77.30632019042969 -14.55615520477295 -5.699999809265137
vertex -72.0634536743164 42.06019973754883 -5.699999809265137
endloop
endfacet
facet normal 0 0 -1
outer loop
vertex 55.30268096923828 -34.530460357666016 -5.699999809265137
vertex 54.36219024658203 -33.66070556640625 -5.699999809265137
vertex 55.450016021728516 -34.214500427246094 -5.699999809265137
endloop
endfacet
facet normal 0 0 -1
outer loop
vertex 55.21245193481445 -34.86720275878906 -5.699999809265137
vertex 54.36219024658203 -33.66070556640625 -5.699999809265137
vertex 55.30268096923828 -34.530460357666016 -5.699999809265137
endloop
endfacet
facet normal 0 0 -1
outer loop
vertex -71.39952087402344 41.418827056884766 -5.699999809265137
vertex -76.43116760253906 -14.853373527526855 -5.699999809265137
vertex -72.0634536743164 42.06019973754883 -5.699999809265137
endloop
endfacet
facet normal 0.08710559317108085 0.9961990843133857 0.000007175388490156878
outer loop
vertex 54.42042922973633 30.31637954711914 6.199999809265137
vertex 53.842735290527344 30.366918563842773 2.5
vertex 53.84267044067383 30.366897583007812 6.200130462646484
endloop
endfacet
facet normal -0.9957396881957085 0.09220885723135919 0
outer loop
vertex -79.343505859375 -14.865311622619629 1.7000000476837158
vertex -74.0126724243164 42.700984954833984 1.7000000476837158
vertex -79.343505859375 -14.865311622619629 -3.700000047683716
endloop
endfacet
facet normal 0.7660436720517306 0.6427885286057187 -0.0000015478425201160589
outer loop
vertex 53.48933792114258 30.788082122802734 6.199999809265137
vertex 47.98930358886719 37.342742919921875 2.5
vertex 52.743629455566406 31.676780700683594 6.199999809265137
endloop
endfacet
facet normal -0.965925729781043 -0.25881940527300024 0.0000010440989579767997
outer loop
vertex 44.662620544433594 35.61097717285156 6.199999809265137
vertex 47.27678298950195 25.85478973388672 2.5
vertex 45.49164581298828 32.51701736450195 6.199999809265137
endloop
endfacet
facet normal -0.9957396881957085 0.09220885723135919 0
outer loop
vertex -74.0126724243164 42.700984954833984 -3.700000047683716
vertex -79.343505859375 -14.865311622619629 -3.700000047683716
vertex -74.0126724243164 42.700984954833984 1.7000000476837158
endloop
endfacet
facet normal 0 0 -1
outer loop
vertex -71.39952087402344 41.418827056884766 -5.699999809265137
vertex -72.0634536743164 42.06019973754883 -5.699999809265137
vertex -71.38214874267578 41.47691345214844 -5.699999809265137
endloop
endfacet
facet normal 0 0 -1
outer loop
vertex -71.38214874267578 41.47691345214844 -5.699999809265137
vertex -72.0634536743164 42.06019973754883 -5.699999809265137
vertex -70.38909912109375 43.32986831665039 -5.699999809265137
endloop
endfacet
facet normal 0 0 -1
outer loop
vertex -70.38909912109375 43.32986831665039 -5.699999809265137
vertex -72.0634536743164 42.06019973754883 -5.699999809265137
vertex -70.79582214355469 44.16117858886719 -5.699999809265137
endloop
endfacet
facet normal 0 0 -1
outer loop
vertex -70.38909912109375 43.32986831665039 -5.699999809265137
vertex -70.79582214355469 44.16117858886719 -5.699999809265137
vertex -70.35034942626953 43.376495361328125 -5.699999809265137
endloop
endfacet
facet normal -0.8660275149999825 0.4999963432468661 0.000001648428908100072
outer loop
vertex 47.27678298950195 25.85478973388672 6.199999809265137
vertex 46.98682403564453 25.35257339477539 2.5
vertex 47.19068145751953 25.705656051635742 6.199999809265137
endloop
endfacet
facet normal -0.9659258747468757 -0.2588188642554536 0
outer loop
vertex 47.27678298950195 25.85478973388672 2.5
vertex 47.27678298950195 25.85478973388672 6.199999809265137
vertex 45.49164581298828 32.51701736450195 6.199999809265137
endloop
endfacet
facet normal 0 0 -1
outer loop
vertex -70.35034942626953 43.376495361328125 -5.699999809265137
vertex -70.79582214355469 44.16117858886719 -5.699999809265137
vertex -66.5118408203125 46.45539474487305 -5.699999809265137
endloop
endfacet
facet normal 0 0 -1
outer loop
vertex -66.5118408203125 46.45539474487305 -5.699999809265137
vertex -70.79582214355469 44.16117858886719 -5.699999809265137
vertex -66.6198501586914 47.36235809326172 -5.699999809265137
endloop
endfacet
facet normal 0 0 -1
outer loop
vertex -66.5118408203125 46.45539474487305 -5.699999809265137
vertex -66.6198501586914 47.36235809326172 -5.699999809265137
vertex -66.46627807617188 46.48046875 -5.699999809265137
endloop
endfacet
facet normal 0 0 -1
outer loop
vertex -66.46627807617188 46.48046875 -5.699999809265137
vertex -66.6198501586914 47.36235809326172 -5.699999809265137
vertex -64.76483917236328 47.063621520996094 -5.699999809265137
endloop
endfacet
facet normal 0 0 -1
outer loop
vertex -64.76483917236328 47.063621520996094 -5.699999809265137
vertex -66.6198501586914 47.36235809326172 -5.699999809265137
vertex -64.56593322753906 47.96957015991211 -5.699999809265137
endloop
endfacet
facet normal 0 0 -1
outer loop
vertex -64.76483917236328 47.063621520996094 -5.699999809265137
vertex -64.56593322753906 47.96957015991211 -5.699999809265137
vertex -64.7134780883789 47.0717658996582 -5.699999809265137
endloop
endfacet
facet normal -0.8673746977719805 0.4976555476573285 0.0002992504800913281
outer loop
vertex 46.98682403564453 25.35257339477539 2.5
vertex 46.98723602294922 25.351064682006836 6.203140735626221
vertex 47.19068145751953 25.705656051635742 6.199999809265137
endloop
endfacet
facet normal 0 0 -1
outer loop
vertex -64.56593322753906 47.96957015991211 -5.699999809265137
vertex -54.794410705566406 47.81924057006836 -5.699999809265137
vertex -64.7134780883789 47.0717658996582 -5.699999809265137
endloop
endfacet
facet normal 0 0 -1
outer loop
vertex 55.19324493408203 -35.086734771728516 -5.699999809265137
vertex 54.36219024658203 -33.66070556640625 -5.699999809265137
vertex 55.21245193481445 -34.86720275878906 -5.699999809265137
endloop
endfacet
facet normal 0 0 -1
outer loop
vertex 54.02492904663086 -53.16267013549805 -5.699999809265137
vertex 54.36219024658203 -33.66070556640625 -5.699999809265137
vertex 55.19324493408203 -35.086734771728516 -5.699999809265137
endloop
endfacet
facet normal 0.972876159153389 0.23132656343565455 0
outer loop
vertex 79.3121337890625 43.26498031616211 1.7000000476837158
vertex 79.3121337890625 43.26498031616211 -3.700000047683716
vertex 78.5411605834961 46.507415771484375 -3.700000047683716
endloop
endfacet
facet normal 0 0 -1
outer loop
vertex 54.02492904663086 -53.16267013549805 -5.699999809265137
vertex 53.4423942565918 -52.429351806640625 -5.699999809265137
vertex 54.36219024658203 -33.66070556640625 -5.699999809265137
endloop
endfacet
facet normal 0.8541500031188191 -0.520026703326013 0
outer loop
vertex 76.79122161865234 34.4592170715332 1.7000000476837158
vertex 78.3929672241211 37.09010314941406 -3.700000047683716
vertex 78.3929672241211 37.09010314941406 1.7000000476837158
endloop
endfacet
facet normal -0.2562652058071981 0.9666061525881087 -0.0008307053679372376
outer loop
vertex 46.98723602294922 25.351064682006836 6.203140735626221
vertex 45.29096221923828 24.898168563842773 2.5
vertex 46.4138298034668 25.19904136657715 6.199999809265137
endloop
endfacet
facet normal -0.25882012086251516 0.9659255380394046 0
outer loop
vertex 45.29096221923828 24.898168563842773 2.5
vertex 45.29096221923828 24.898168563842773 6.199999809265137
vertex 46.4138298034668 25.19904136657715 6.199999809265137
endloop
endfacet
facet normal 0 0 -1
outer loop
vertex -54.794410705566406 47.81924057006836 -5.699999809265137
vertex -53.59402847290039 46.89786911010742 -5.699999809265137
vertex -64.7134780883789 47.0717658996582 -5.699999809265137
endloop
endfacet
facet normal -0.2588223237398773 0.9659249477748725 0
outer loop
vertex 45.29096221923828 24.898168563842773 6.199999809265137
vertex 39.491146087646484 23.344091415405273 2.5
vertex 39.491146087646484 23.344091415405273 6.199999809265137
endloop
endfacet
facet normal 0 0 1
outer loop
vertex 56.46444320678711 13.93636417388916 7.199999809265137
vertex 56.50210189819336 13.912315368652344 7.199999809265137
vertex 61.537261962890625 16.45503807067871 7.199999809265137
endloop
endfacet
facet normal 0 0 -1
outer loop
vertex -54.794410705566406 47.81924057006836 -5.699999809265137
vertex -54.41587829589844 47.846893310546875 -5.699999809265137
vertex -53.59402847290039 46.89786911010742 -5.699999809265137
endloop
endfacet
facet normal 0 0 -1
outer loop
vertex -54.41587829589844 47.846893310546875 -5.699999809265137
vertex -54.07913589477539 47.9371223449707 -5.699999809265137
vertex -53.59402847290039 46.89786911010742 -5.699999809265137
endloop
endfacet
facet normal 0 0 -1
outer loop
vertex -54.07913589477539 47.9371223449707 -5.699999809265137
vertex -53.76317596435547 48.08445739746094 -5.699999809265137
vertex -53.59402847290039 46.89786911010742 -5.699999809265137
endloop
endfacet
facet normal 0 0 -1
outer loop
vertex -53.76317596435547 48.08445739746094 -5.699999809265137
vertex -52.3714485168457 48.88983917236328 -5.699999809265137
vertex -53.59402847290039 46.89786911010742 -5.699999809265137
endloop
endfacet
facet normal 0 0 -1
outer loop
vertex -53.59402847290039 46.89786911010742 -5.699999809265137
vertex -52.3714485168457 48.88983917236328 -5.699999809265137
vertex -51.21520233154297 48.414127349853516 -5.699999809265137
endloop
endfacet
facet normal 0 0 -1
outer loop
vertex -51.21520233154297 48.414127349853516 -5.699999809265137
vertex -52.3714485168457 48.88983917236328 -5.699999809265137
vertex -52.08761215209961 49.08879470825195 -5.699999809265137
endloop
endfacet
facet normal 0 0 -1
outer loop
vertex -51.21520233154297 48.414127349853516 -5.699999809265137
vertex -52.08761215209961 49.08879470825195 -5.699999809265137
vertex -51.84109878540039 49.33530807495117 -5.699999809265137
endloop
endfacet
facet normal 0 0 -1
outer loop
vertex -51.21520233154297 48.414127349853516 -5.699999809265137
vertex -51.84109878540039 49.33530807495117 -5.699999809265137
vertex -51.641136169433594 49.62088394165039 -5.699999809265137
endloop
endfacet
facet normal 0 0 -1
outer loop
vertex -51.626182556152344 49.652950286865234 -5.699999809265137
vertex -51.21520233154297 48.414127349853516 -5.699999809265137
vertex -51.641136169433594 49.62088394165039 -5.699999809265137
endloop
endfacet
facet normal 0 0 -1
outer loop
vertex -51.21520233154297 48.414127349853516 -5.699999809265137
vertex -51.626182556152344 49.652950286865234 -5.699999809265137
vertex -50.515769958496094 49.97938537597656 -5.699999809265137
endloop
endfacet
facet normal 0 0 -1
outer loop
vertex -50.515769958496094 49.97938537597656 -5.699999809265137
vertex -51.626182556152344 49.652950286865234 -5.699999809265137
vertex -51.017486572265625 50.745849609375 -5.699999809265137
endloop
endfacet
facet normal 0 0 -1
outer loop
vertex -50.515769958496094 49.97938537597656 -5.699999809265137
vertex -51.017486572265625 50.745849609375 -5.699999809265137
vertex -50.48073196411133 50.02841567993164 -5.699999809265137
endloop
endfacet
facet normal 0 0 1
outer loop
vertex 61.537261962890625 16.45503807067871 7.199999809265137
vertex 56.38545227050781 13.973197937011719 7.199999809265137
vertex 56.46444320678711 13.93636417388916 7.199999809265137
endloop
endfacet
facet normal 0 0 1
outer loop
vertex 61.537261962890625 16.45503807067871 7.199999809265137
vertex 56.301265716552734 13.995755195617676 7.199999809265137
vertex 56.38545227050781 13.973197937011719 7.199999809265137
endloop
endfacet
facet normal 0 0 1
outer loop
vertex 61.537261962890625 16.45503807067871 7.199999809265137
vertex 56.21444320678711 14.003351211547852 7.199999809265137
vertex 56.301265716552734 13.995755195617676 7.199999809265137
endloop
endfacet
facet normal 0 0 1
outer loop
vertex 61.537261962890625 16.45503807067871 7.199999809265137
vertex 56.127620697021484 13.995755195617676 7.199999809265137
vertex 56.21444320678711 14.003351211547852 7.199999809265137
endloop
endfacet
facet normal 0 0 1
outer loop
vertex 62.07493591308594 15.466231346130371 7.199999809265137
vertex 56.974300384521484 13.578591346740723 7.199999809265137
vertex 57.0099983215332 13.553596496582031 7.199999809265137
endloop
endfacet
facet normal 0 0 1
outer loop
vertex 56.74231719970703 13.743351936340332 7.199999809265137
vertex 56.974300384521484 13.578591346740723 7.199999809265137
vertex 62.07493591308594 15.466231346130371 7.199999809265137
endloop
endfacet
facet normal 0 0 1
outer loop
vertex 56.50210189819336 13.912315368652344 7.199999809265137
vertex 56.74231719970703 13.743351936340332 7.199999809265137
vertex 61.537261962890625 16.45503807067871 7.199999809265137
endloop
endfacet
facet normal 0 0 1
outer loop
vertex 57.073211669921875 13.490110397338867 7.199999809265137
vertex 57.123199462890625 13.418717384338379 7.199999809265137
vertex 62.07493591308594 15.466231346130371 7.199999809265137
endloop
endfacet
facet normal 0 0 1
outer loop
vertex 57.0099983215332 13.553596496582031 7.199999809265137
vertex 57.073211669921875 13.490110397338867 7.199999809265137
vertex 62.07493591308594 15.466231346130371 7.199999809265137
endloop
endfacet
facet normal 0 0 1
outer loop
vertex 57.123199462890625 13.418717384338379 7.199999809265137
vertex 57.1600341796875 13.339727401733398 7.199999809265137
vertex 62.07493591308594 15.466231346130371 7.199999809265137
endloop
endfacet
facet normal 0 0 1
outer loop
vertex 57.1600341796875 13.339727401733398 7.199999809265137
vertex 57.18295669555664 13.253440856933594 7.199999809265137
vertex 62.07493591308594 15.466231346130371 7.199999809265137
endloop
endfacet
facet normal 0 0 1
outer loop
vertex 57.18295669555664 13.253440856933594 7.199999809265137
vertex 57.23194885253906 12.968506813049316 7.199999809265137
vertex 62.07493591308594 15.466231346130371 7.199999809265137
endloop
endfacet
facet normal 0 0 -1
outer loop
vertex 11.174701690673828 54.117958068847656 -5.699999809265137
vertex 11.758337020874023 54.833744049072266 -5.699999809265137
vertex 11.234321594238281 54.10560989379883 -5.699999809265137
endloop
endfacet
facet normal 0 0 -1
outer loop
vertex 11.234321594238281 54.10560989379883 -5.699999809265137
vertex 11.758337020874023 54.833744049072266 -5.699999809265137
vertex 13.973335266113281 53.74380111694336 -5.699999809265137
endloop
endfacet
facet normal 0.9891017508437666 -0.14723357795623848 0
outer loop
vertex 78.3929672241211 37.09010314941406 1.7000000476837158
vertex 79.3121337890625 43.26498031616211 -3.700000047683716
vertex 79.3121337890625 43.26498031616211 1.7000000476837158
endloop
endfacet
facet normal 0.972876159153389 0.23132656343565455 0
outer loop
vertex 79.3121337890625 43.26498031616211 1.7000000476837158
vertex 78.5411605834961 46.507415771484375 -3.700000047683716
vertex 78.5411605834961 46.507415771484375 1.7000000476837158
endloop
endfacet
facet normal 0.774535055188412 0.6325309860269959 0
outer loop
vertex 78.5411605834961 46.507415771484375 1.7000000476837158
vertex 78.5411605834961 46.507415771484375 -3.700000047683716
vertex 75.80886840820312 49.853111267089844 1.7000000476837158
endloop
endfacet
facet normal 0 0 -1
outer loop
vertex 13.173798561096191 53.27084732055664 -5.699999809265137
vertex 13.973335266113281 53.74380111694336 -5.699999809265137
vertex 13.223747253417969 53.23603439331055 -5.699999809265137
endloop
endfacet
facet normal 0 0 -1
outer loop
vertex -50.48073196411133 50.02841567993164 -5.699999809265137
vertex -51.017486572265625 50.745849609375 -5.699999809265137
vertex -46.78813552856445 53.46937561035156 -5.699999809265137
endloop
endfacet
facet normal 0 0 -1
outer loop
vertex -46.78813552856445 53.46937561035156 -5.699999809265137
vertex -51.017486572265625 50.745849609375 -5.699999809265137
vertex -46.92057418823242 54.375301361083984 -5.699999809265137
endloop
endfacet
facet normal 0 0 -1
outer loop
vertex -46.78813552856445 53.46937561035156 -5.699999809265137
vertex -46.92057418823242 54.375301361083984 -5.699999809265137
vertex -46.74026870727539 53.49952697753906 -5.699999809265137
endloop
endfacet
facet normal 0 0 -1
outer loop
vertex -46.74026870727539 53.49952697753906 -5.699999809265137
vertex -46.92057418823242 54.375301361083984 -5.699999809265137
vertex -44.916568756103516 54.21549606323242 -5.699999809265137
endloop
endfacet
facet normal 0 0 -1
outer loop
vertex -44.916568756103516 54.21549606323242 -5.699999809265137
vertex -46.92057418823242 54.375301361083984 -5.699999809265137
vertex -44.7156867980957 55.12440872192383 -5.699999809265137
endloop
endfacet
facet normal 0 0 -1
outer loop
vertex -44.916568756103516 54.21549606323242 -5.699999809265137
vertex -44.7156867980957 55.12440872192383 -5.699999809265137
vertex -44.8609733581543 54.2259635925293 -5.699999809265137
endloop
endfacet
facet normal 0 0 -1
outer loop
vertex 13.973335266113281 53.74380111694336 -5.699999809265137
vertex 13.173798561096191 53.27084732055664 -5.699999809265137
vertex 11.234321594238281 54.10560989379883 -5.699999809265137
endloop
endfacet
facet normal 0 0 -1
outer loop
vertex 17.453384399414062 49.95730209350586 -5.699999809265137
vertex 16.555599212646484 49.729373931884766 -5.699999809265137
vertex 13.223747253417969 53.23603439331055 -5.699999809265137
endloop
endfacet
facet normal 0 0 -1
outer loop
vertex 13.223747253417969 53.23603439331055 -5.699999809265137
vertex 13.973335266113281 53.74380111694336 -5.699999809265137
vertex 17.453384399414062 49.95730209350586 -5.699999809265137
endloop
endfacet
facet normal 0 -1 0
outer loop
vertex 45.04720687866211 -66.9609146118164 -3.700000047683716
vertex 40.86524963378906 -66.9609146118164 -3.450000047683716
vertex 41.439273834228516 -66.9609146118164 -3.564180612564087
endloop
endfacet
facet normal 0 -1 0
outer loop
vertex 41.439273834228516 -66.9609146118164 -3.564180612564087
vertex 41.64254379272461 -66.9609146118164 -3.700000047683716
vertex 45.04720687866211 -66.9609146118164 -3.700000047683716
endloop
endfacet
facet normal 0.518451235596912 0.8551071957994713 0
outer loop
vertex 63.784549713134766 64.57691192626953 -3.700000047683716
vertex 61.13024139404297 66.18621826171875 -3.700000047683716
vertex 63.784549713134766 64.57691192626953 1.7000000476837158
endloop
endfacet
facet normal 0.7745351583512484 0.6325308597039274 1.3046472584339444e-7
outer loop
vertex 75.80886840820312 49.853111267089844 1.7000000476837158
vertex 78.5411605834961 46.507415771484375 -3.700000047683716
vertex 63.784549713134766 64.57691192626953 -3.700000047683716
endloop
endfacet
facet normal 0 0 -1
outer loop
vertex 20.701459884643555 47.65670394897461 -5.699999809265137
vertex 21.038204193115234 47.566471099853516 -5.699999809265137
vertex 20.634140014648438 46.31581115722656 -5.699999809265137
endloop
endfacet
facet normal 0 0 -1
outer loop
vertex 20.634140014648438 46.31581115722656 -5.699999809265137
vertex 21.038204193115234 47.566471099853516 -5.699999809265137
vertex 21.385501861572266 47.53608703613281 -5.699999809265137
endloop
endfacet
facet normal 0 0 -1
outer loop
vertex 20.701459884643555 47.65670394897461 -5.699999809265137
vertex 20.634140014648438 46.31581115722656 -5.699999809265137
vertex 20.56743812561035 47.7110481262207 -5.699999809265137
endloop
endfacet
facet normal 0.6524182397592733 -0.7578591164783937 0
outer loop
vertex -63.1407585144043 38.58716583251953 6.199999809265137
vertex -63.012386322021484 38.69767761230469 2.5
vertex -63.012386322021484 38.69767761230469 6.199999809265137
endloop
endfacet
facet normal 0 0 1
outer loop
vertex 68.32095336914062 42.51563262939453 7.199999809265137
vertex 68.37094116210938 42.44424057006836 7.199999809265137
vertex 73.48246002197266 44.00657272338867 7.199999809265137
endloop
endfacet
facet normal 0 0 1
outer loop
vertex 68.40777587890625 42.36524963378906 7.199999809265137
vertex 68.43033599853516 42.281063079833984 7.199999809265137
vertex 73.48246002197266 44.00657272338867 7.199999809265137
endloop
endfacet
facet normal 0 0 1
outer loop
vertex 68.43792724609375 42.19424057006836 7.199999809265137
vertex 68.43602752685547 42.15066146850586 7.199999809265137
vertex 73.71582794189453 43.02511215209961 7.199999809265137
endloop
endfacet
facet normal -0.9986617225947739 -0.05171811891435073 0
outer loop
vertex -39.86530685424805 -47.7685432434082 -3.700000047683716
vertex -39.65061950683594 -51.914093017578125 -3.700000047683716
vertex -39.65061950683594 -51.914093017578125 1.7000000476837158
endloop
endfacet
facet normal -0.5374921600464881 -0.8432687459455379 0
outer loop
vertex -77.61723327636719 -19.022846221923828 -3.700000047683716
vertex -40.783206939697266 -42.50053405761719 -3.700000047683716
vertex -40.783206939697266 -42.50053405761719 1.7000000476837158
endloop
endfacet
facet normal 0.518451235596912 0.8551071957994713 0
outer loop
vertex 63.784549713134766 64.57691192626953 1.7000000476837158
vertex 61.13024139404297 66.18621826171875 -3.700000047683716
vertex 61.13024139404297 66.18621826171875 1.7000000476837158
endloop
endfacet
facet normal 0.7745351817929929 0.6325308309994824 0
outer loop
vertex 75.80886840820312 49.853111267089844 1.7000000476837158
vertex 63.784549713134766 64.57691192626953 -3.700000047683716
vertex 63.784549713134766 64.57691192626953 1.7000000476837158
endloop
endfacet
facet normal -0.8318523609697629 -0.5549969815674958 0
outer loop
vertex 39.64662551879883 11.859130859375 2.5
vertex 39.581607818603516 11.956582069396973 6.199999809265137
vertex 39.581607818603516 11.956582069396973 2.5
endloop
endfacet
facet normal -0.28350527376638107 0.9589706772089798 0
outer loop
vertex -64.84004211425781 49.97410202026367 -3.700000047683716
vertex -67.54238891601562 49.175193786621094 -3.700000047683716
vertex -64.84004211425781 49.97410202026367 1.7000000476837158
endloop
endfacet
facet normal -0.9795218870428969 -0.20133770835072698 0
outer loop
vertex 37.90949630737305 20.091520309448242 2.5
vertex 39.581607818603516 11.956582069396973 2.5
vertex 37.90949630737305 20.091520309448242 6.199999809265137
endloop
endfacet
facet normal 0 0 -1
outer loop
vertex 20.634140014648438 46.31581115722656 -5.699999809265137
vertex 21.385501861572266 47.53608703613281 -5.699999809265137
vertex 21.732797622680664 47.566471099853516 -5.699999809265137
endloop
endfacet
facet normal 0 0 -1
outer loop
vertex 54.02492904663086 -53.16267013549805 -5.699999809265137
vertex 53.41935348510742 -52.50277328491211 -5.699999809265137
vertex 53.4423942565918 -52.429351806640625 -5.699999809265137
endloop
endfacet
facet normal 0 0 -1
outer loop
vertex 20.634140014648438 46.31581115722656 -5.699999809265137
vertex 21.732797622680664 47.566471099853516 -5.699999809265137
vertex 21.927377700805664 47.61861038208008 -5.699999809265137
endloop
endfacet
facet normal -0.8562230986068415 0.5166062382628563 0
outer loop
vertex -72.31282806396484 45.518306732177734 1.7000000476837158
vertex -74.0126724243164 42.700984954833984 -3.700000047683716
vertex -74.0126724243164 42.700984954833984 1.7000000476837158
endloop
endfacet
facet normal -0.6083833088800039 0.7936433389604036 0
outer loop
vertex -71.12687683105469 46.42742156982422 1.7000000476837158
vertex -72.31282806396484 45.518306732177734 -3.700000047683716
vertex -72.31282806396484 45.518306732177734 1.7000000476837158
endloop
endfacet
facet normal -0.6083848022326867 0.7936421941985535 0
outer loop
vertex -67.54238891601562 49.175193786621094 1.7000000476837158
vertex -67.54238891601562 49.175193786621094 -3.700000047683716
vertex -71.12687683105469 46.42742156982422 1.7000000476837158
endloop
endfacet
facet normal -0.28350527376638107 0.9589706772089798 0
outer loop
vertex -64.84004211425781 49.97410202026367 1.7000000476837158
vertex -67.54238891601562 49.175193786621094 -3.700000047683716
vertex -67.54238891601562 49.175193786621094 1.7000000476837158
endloop
endfacet
facet normal 0.015637157669964027 0.9998777321752919 0
outer loop
vertex -64.84004211425781 49.97410202026367 1.7000000476837158
vertex -56.21060562133789 49.83914566040039 1.7000000476837158
vertex -64.84004211425781 49.97410202026367 -3.700000047683716
endloop
endfacet
facet normal 0.015637153712038127 0.9998777322371901 6.326485769992045e-9
outer loop
vertex -54.76317596435547 49.81650924682617 -3.700000047683716
vertex -64.84004211425781 49.97410202026367 -3.700000047683716
vertex -56.21060562133789 49.83914566040039 1.7000000476837158
endloop
endfacet
facet normal 0 0 -1
outer loop
vertex 52.12800979614258 -55.810340881347656 -5.699999809265137
vertex 53.41935348510742 -52.50277328491211 -5.699999809265137
vertex 54.02492904663086 -53.16267013549805 -5.699999809265137
endloop
endfacet
facet normal -0.5008687631265911 0.8655232418162083 0
outer loop
vertex -54.36611557006836 50.04628372192383 -3.700000047683716
vertex -54.76317596435547 49.81650924682617 -3.700000047683716
vertex -54.36611557006836 50.04628372192383 1.7000000476837158
endloop
endfacet
facet normal 0 0 -1
outer loop
vertex 52.12800979614258 -55.810340881347656 -5.699999809265137
vertex 51.995052337646484 -54.778690338134766 -5.699999809265137
vertex 53.41935348510742 -52.50277328491211 -5.699999809265137
endloop
endfacet
facet normal -0.997980914951647 -0.06351451324125332 0
outer loop
vertex 37.90684127807617 20.133237838745117 2.5
vertex 37.90949630737305 20.091520309448242 2.5
vertex 37.90684127807617 20.133237838745117 6.199999809265137
endloop
endfacet
facet normal 0.01563713011526432 0.9998777326062215 0
outer loop
vertex -54.76317596435547 49.81650924682617 1.7000000476837158
vertex -54.76317596435547 49.81650924682617 -3.700000047683716
vertex -56.21060562133789 49.83914566040039 1.7000000476837158
endloop
endfacet
facet normal -0.5008687631265911 0.8655232418162083 0
outer loop
vertex -54.36611557006836 50.04628372192383 1.7000000476837158
vertex -54.76317596435547 49.81650924682617 -3.700000047683716
vertex -54.76317596435547 49.81650924682617 1.7000000476837158
endloop
endfacet
facet normal -0.5008713663664134 0.8655217353447815 0
outer loop
vertex -54.36611557006836 50.04628372192383 -3.700000047683716
vertex -54.36611557006836 50.04628372192383 1.7000000476837158
vertex -53.37318801879883 50.62088394165039 1.7000000476837158
endloop
endfacet
facet normal -0.5008713663664134 0.8655217353447815 0
outer loop
vertex -53.37318801879883 50.62088394165039 -3.700000047683716
vertex -54.36611557006836 50.04628372192383 -3.700000047683716
vertex -53.37318801879883 50.62088394165039 1.7000000476837158
endloop
endfacet
facet normal -0.8747129825141021 0.4846413088253807 -0.000001142716122711281
outer loop
vertex -53.085052490234375 51.14093017578125 -3.700000047683716
vertex -53.37318801879883 50.62088394165039 -3.700000047683716
vertex -52.6005973815918 52.01531982421875 1.7000000476837158
endloop
endfacet
facet normal -0.8747159741743111 0.48463590923938554 0
outer loop
vertex -52.6005973815918 52.01531982421875 -3.700000047683716
vertex -53.085052490234375 51.14093017578125 -3.700000047683716
vertex -52.6005973815918 52.01531982421875 1.7000000476837158
endloop
endfacet
facet normal -0.9971503827399469 0.0754394737625957 0
outer loop
vertex 37.90684127807617 20.133237838745117 2.5
vertex 37.952247619628906 20.733413696289062 6.199999809265137
vertex 37.952247619628906 20.733413696289062 2.5
endloop
endfacet
facet normal -0.9770530674464305 0.21299601731844847 0
outer loop
vertex 37.952247619628906 20.733413696289062 2.5
vertex 37.961151123046875 20.774255752563477 6.199999809265137
vertex 37.961151123046875 20.774255752563477 2.5
endloop
endfacet
facet normal -0.9380819670052593 0.3464133703821831 0
outer loop
vertex 37.961151123046875 20.774255752563477 2.5
vertex 38.615081787109375 22.545089721679688 6.199999809265137
vertex 38.615081787109375 22.545089721679688 2.5
endloop
endfacet
facet normal -0.8295143349092724 0.5584854234266344 0
outer loop
vertex 38.615081787109375 22.545089721679688 2.5
vertex 38.6552848815918 22.60480308532715 6.199999809265137
vertex 38.6552848815918 22.60480308532715 2.5
endloop
endfacet
facet normal -0.6631122446571976 0.7485199736718405 0
outer loop
vertex -47.945316314697266 56.13942337036133 -3.700000047683716
vertex -52.6005973815918 52.01531982421875 -3.700000047683716
vertex -47.945316314697266 56.13942337036133 1.7000000476837158
endloop
endfacet
facet normal -0.3216904614418039 0.9468448906855067 3.316920666122242e-7
outer loop
vertex -45.0411491394043 57.12611389160156 -3.700000047683716
vertex -47.945316314697266 56.13942337036133 -3.700000047683716
vertex -45.81807327270508 56.862152099609375 1.7000000476837158
endloop
endfacet
facet normal -0.8747148584548652 0.4846379229881678 0
outer loop
vertex -52.6005973815918 52.01531982421875 1.7000000476837158
vertex -53.37318801879883 50.62088394165039 -3.700000047683716
vertex -53.37318801879883 50.62088394165039 1.7000000476837158
endloop
endfacet
facet normal -0.6631122446571976 0.7485199736718405 0
outer loop
vertex -47.945316314697266 56.13942337036133 1.7000000476837158
vertex -52.6005973815918 52.01531982421875 -3.700000047683716
vertex -52.6005973815918 52.01531982421875 1.7000000476837158
endloop
endfacet
facet normal -0.32168970657628804 0.9468451471507164 0
outer loop
vertex -45.81807327270508 56.862152099609375 1.7000000476837158
vertex -47.945316314697266 56.13942337036133 -3.700000047683716
vertex -47.945316314697266 56.13942337036133 1.7000000476837158
endloop
endfacet
facet normal -0.32169252828457545 0.9468441884734138 0
outer loop
vertex -45.0411491394043 57.12611389160156 1.7000000476837158
vertex -45.0411491394043 57.12611389160156 -3.700000047683716
vertex -45.81807327270508 56.862152099609375 1.7000000476837158
endloop
endfacet
facet normal 0 0 -1
outer loop
vertex -44.7156867980957 55.12440872192383 -5.699999809265137
vertex 11.758337020874023 54.833744049072266 -5.699999809265137
vertex -44.8609733581543 54.2259635925293 -5.699999809265137
endloop
endfacet
facet normal 0 0 -1
outer loop
vertex 21.927377700805664 47.61861038208008 -5.699999809265137
vertex 36.96765899658203 51.86125564575195 -5.699999809265137
vertex 20.634140014648438 46.31581115722656 -5.699999809265137
endloop
endfacet
facet normal 0 0 -1
outer loop
vertex -44.8609733581543 54.2259635925293 -5.699999809265137
vertex 11.758337020874023 54.833744049072266 -5.699999809265137
vertex 11.174701690673828 54.117958068847656 -5.699999809265137
endloop
endfacet
facet normal 0 0 -1
outer loop
vertex 20.634140014648438 46.31581115722656 -5.699999809265137
vertex 36.96765899658203 51.86125564575195 -5.699999809265137
vertex 37.367671966552734 50.90614318847656 -5.699999809265137
endloop
endfacet
facet normal -0.6738634566354429 0.7388559005728604 0
outer loop
vertex 38.6552848815918 22.60480308532715 2.5
vertex 39.42799377441406 23.309541702270508 6.199999809265137
vertex 39.42799377441406 23.309541702270508 2.5
endloop
endfacet
facet normal -0.4799544726819507 0.8772933968477082 0
outer loop
vertex 39.42799377441406 23.309541702270508 2.5
vertex 39.491146087646484 23.344091415405273 6.199999809265137
vertex 39.491146087646484 23.344091415405273 2.5
endloop
endfacet
facet normal 0 0 -1
outer loop
vertex 52.12800979614258 -55.810340881347656 -5.699999809265137
vertex 51.939090728759766 -54.83150863647461 -5.699999809265137
vertex 51.995052337646484 -54.778690338134766 -5.699999809265137
endloop
endfacet
facet normal 0.005146829051899831 0.9999867549876401 0
outer loop
vertex -45.0411491394043 57.12611389160156 -3.700000047683716
vertex -45.0411491394043 57.12611389160156 1.7000000476837158
vertex 12.228628158569336 56.83135223388672 1.7000000476837158
endloop
endfacet
facet normal 0 0 -1
outer loop
vertex 37.367671966552734 50.90614318847656 -5.699999809265137
vertex 36.96765899658203 51.86125564575195 -5.699999809265137
vertex 37.10780334472656 51.906494140625 -5.699999809265137
endloop
endfacet
facet normal 0.005146829051899831 0.9999867549876401 0
outer loop
vertex 12.228628158569336 56.83135223388672 -3.700000047683716
vertex -45.0411491394043 57.12611389160156 -3.700000047683716
vertex 12.228628158569336 56.83135223388672 1.7000000476837158
endloop
endfacet
facet normal -0.17364817215948405 0.9848077539833193 0
outer loop
vertex 62.21137237548828 -21.345937728881836 2.5
vertex 47.20289993286133 -23.99233627319336 2.5
vertex 62.21137237548828 -21.345937728881836 6.199999809265137
endloop
endfacet
facet normal 0 0 -1
outer loop
vertex 37.367671966552734 50.90614318847656 -5.699999809265137
vertex 37.10780334472656 51.906494140625 -5.699999809265137
vertex 37.35285568237305 52.02076721191406 -5.699999809265137
endloop
endfacet
facet normal 0 0 -1
outer loop
vertex 37.367671966552734 50.90614318847656 -5.699999809265137
vertex 37.35285568237305 52.02076721191406 -5.699999809265137
vertex 38.27666091918945 51.385799407958984 -5.699999809265137
endloop
endfacet
facet normal 0 0 -1
outer loop
vertex 38.27666091918945 51.385799407958984 -5.699999809265137
vertex 37.35285568237305 52.02076721191406 -5.699999809265137
vertex 37.89387893676758 52.299556732177734 -5.699999809265137
endloop
endfacet
facet normal 0 0 -1
outer loop
vertex 38.27666091918945 51.385799407958984 -5.699999809265137
vertex 37.89387893676758 52.299556732177734 -5.699999809265137
vertex 37.962318420410156 52.33730697631836 -5.699999809265137
endloop
endfacet
facet normal 0 0 -1
outer loop
vertex 38.27666091918945 51.385799407958984 -5.699999809265137
vertex 37.962318420410156 52.33730697631836 -5.699999809265137
vertex 38.24047088623047 52.532073974609375 -5.699999809265137
endloop
endfacet
facet normal 0 0 -1
outer loop
vertex 50.38312530517578 -56.94799041748047 -5.699999809265137
vertex 51.939090728759766 -54.83150863647461 -5.699999809265137
vertex 52.12800979614258 -55.810340881347656 -5.699999809265137
endloop
endfacet
facet normal 0 0 -1
outer loop
vertex 50.38312530517578 -56.94799041748047 -5.699999809265137
vertex 49.30198287963867 -56.27695083618164 -5.699999809265137
vertex 51.939090728759766 -54.83150863647461 -5.699999809265137
endloop
endfacet
facet normal 0.9961946870909315 -0.08715586848744687 0
outer loop
vertex -64.97579956054688 20.81827163696289 2.5
vertex -66.35367584228516 5.069096565246582 6.199999809265137
vertex -66.35367584228516 5.069096565246582 2.5
endloop
endfacet
facet normal -0.5317000218905552 0.8469327521837746 0
outer loop
vertex 47.10360336303711 -24.05467414855957 2.5
vertex 47.20289993286133 -23.99233627319336 6.199999809265137
vertex 47.20289993286133 -23.99233627319336 2.5
endloop
endfacet
facet normal -0.8114780118820137 0.5843829534064238 0
outer loop
vertex 46.08492660522461 -25.469215393066406 2.5
vertex 47.10360336303711 -24.05467414855957 6.199999809265137
vertex 47.10360336303711 -24.05467414855957 2.5
endloop
endfacet
facet normal -0.971798175770443 0.23581413352307629 0
outer loop
vertex 46.05727005004883 -25.583189010620117 2.5
vertex 46.08492660522461 -25.469215393066406 6.199999809265137
vertex 46.08492660522461 -25.469215393066406 2.5
endloop
endfacet
facet normal -0.9890641494503636 -0.1474859595759162 0
outer loop
vertex 46.05727005004883 -25.583189010620117 2.5
vertex 46.658836364746094 -29.617387771606445 2.5
vertex 46.05727005004883 -25.583189010620117 6.199999809265137
endloop
endfacet
facet normal 0 0 1
outer loop
vertex 60.70488357543945 17.159135818481445 7.199999809265137
vertex 40.04322814941406 12.194160461425781 7.199999809265137
vertex 61.537261962890625 16.45503807067871 7.199999809265137
endloop
endfacet
facet normal 0 0 1
outer loop
vertex 60.04366683959961 17.822980880737305 7.199999809265137
vertex 40.04322814941406 12.194160461425781 7.199999809265137
vertex 60.70488357543945 17.159135818481445 7.199999809265137
endloop
endfacet
facet normal 0.9961947010131667 -0.08715570935565586 0
outer loop
vertex -64.97579956054688 20.81827163696289 2.5
vertex -63.44361114501953 38.33127212524414 2.5
vertex -64.97579956054688 20.81827163696289 6.199999809265137
endloop
endfacet
facet normal 0.9961946870909315 -0.08715586848744687 0
outer loop
vertex -66.35367584228516 5.069096565246582 6.199999809265137
vertex -64.97579956054688 20.81827163696289 2.5
vertex -64.97579956054688 20.81827163696289 6.199999809265137
endloop
endfacet
facet normal 0 0 1
outer loop
vertex -66.85176849365234 5.112674713134766 7.199999809265137
vertex -68.6523208618164 40.93882751464844 7.199999809265137
vertex -73.74124908447266 -14.015131950378418 7.199999809265137
endloop
endfacet
facet normal 0 0 -1
outer loop
vertex 50.18136215209961 -57.08926773071289 -5.699999809265137
vertex 49.30198287963867 -56.27695083618164 -5.699999809265137
vertex 50.38312530517578 -56.94799041748047 -5.699999809265137
endloop
endfacet
facet normal 0 0 -1
outer loop
vertex 49.93484878540039 -57.33578109741211 -5.699999809265137
vertex 49.30198287963867 -56.27695083618164 -5.699999809265137
vertex 50.18136215209961 -57.08926773071289 -5.699999809265137
endloop
endfacet
facet normal 0 0 -1
outer loop
vertex 49.768150329589844 -57.565834045410156 -5.699999809265137
vertex 49.30198287963867 -56.27695083618164 -5.699999809265137
vertex 49.93484878540039 -57.33578109741211 -5.699999809265137
endloop
endfacet
facet normal 0 0 1
outer loop
vertex 40.04322814941406 12.194160461425781 7.199999809265137
vertex 60.04366683959961 17.822980880737305 7.199999809265137
vertex 59.493770599365234 18.608312606811523 7.199999809265137
endloop
endfacet
facet normal 0.9961947010131667 -0.08715570935565586 0
outer loop
vertex -63.44361114501953 38.33127212524414 2.5
vertex -63.44361114501953 38.33127212524414 6.199999809265137
vertex -64.97579956054688 20.81827163696289 6.199999809265137
endloop
endfacet
facet normal 0 0 1
outer loop
vertex -68.6523208618164 40.93882751464844 7.199999809265137
vertex -66.85176849365234 5.112674713134766 7.199999809265137
vertex -65.4738998413086 20.861848831176758 7.199999809265137
endloop
endfacet
facet normal -0.8318523609697629 -0.5549969815674958 0
outer loop
vertex 39.581607818603516 11.956582069396973 6.199999809265137
vertex 39.64662551879883 11.859130859375 2.5
vertex 39.64662551879883 11.859130859375 6.199999809265137
endloop
endfacet
facet normal 0 0 1
outer loop
vertex -68.6523208618164 40.93882751464844 7.199999809265137
vertex -65.4738998413086 20.861848831176758 7.199999809265137
vertex -63.941707611083984 38.37485122680664 7.199999809265137
endloop
endfacet
facet normal -0.9795218430416502 -0.2013379224197186 0
outer loop
vertex 39.581607818603516 11.956582069396973 6.199999809265137
vertex 38.95524215698242 15.003890991210938 6.199999809265137
vertex 39.581607818603516 11.956582069396973 2.5
endloop
endfacet
facet normal 0 0 1
outer loop
vertex 40.04322814941406 12.194160461425781 7.199999809265137
vertex 56.127620697021484 13.995755195617676 7.199999809265137
vertex 61.537261962890625 16.45503807067871 7.199999809265137
endloop
endfacet
facet normal -0.9848089074483883 -0.17364163040674202 0
outer loop
vertex 46.70761489868164 -29.89403533935547 2.5
vertex 46.658836364746094 -29.617387771606445 6.199999809265137
vertex 46.658836364746094 -29.617387771606445 2.5
endloop
endfacet
facet normal -0.8191556518899862 0.5735712841283914 0
outer loop
vertex 46.53980255126953 -30.133699417114258 2.5
vertex 46.70761489868164 -29.89403533935547 6.199999809265137
vertex 46.70761489868164 -29.89403533935547 2.5
endloop
endfacet
facet normal -0.8191505147065468 0.5735786208149669 0
outer loop
vertex 46.375 -30.369060516357422 2.5
vertex 46.53980255126953 -30.133699417114258 6.199999809265137
vertex 46.53980255126953 -30.133699417114258 2.5
endloop
endfacet
facet normal -0.17364816503485309 0.9848077552395841 0
outer loop
vertex 46.375 -30.369060516357422 2.5
vertex 31.427459716796875 -33.00471496582031 2.5
vertex 46.375 -30.369060516357422 6.199999809265137
endloop
endfacet
facet normal -0.9795219133980151 -0.201337580130996 -2.9381847169101083e-7
outer loop
vertex 37.90949630737305 20.091520309448242 6.199999809265137
vertex 39.581607818603516 11.956582069396973 2.5
vertex 38.95524215698242 15.003890991210938 6.199999809265137
endloop
endfacet
facet normal 0 0 -1
outer loop
vertex 49.768150329589844 -57.565834045410156 -5.699999809265137
vertex 48.0117073059082 -58.269100189208984 -5.699999809265137
vertex 49.30198287963867 -56.27695083618164 -5.699999809265137
endloop
endfacet
facet normal 0 0 -1
outer loop
vertex 49.0874137878418 -58.67015838623047 -5.699999809265137
vertex 48.0117073059082 -58.269100189208984 -5.699999809265137
vertex 49.768150329589844 -57.565834045410156 -5.699999809265137
endloop
endfacet
facet normal 0 0 1
outer loop
vertex 52.01375961303711 -33.33338928222656 7.199999809265137
vertex 30.799428939819336 -34.69380187988281 7.199999809265137
vertex 51.765625 -34.25943374633789 7.199999809265137
endloop
endfacet
facet normal 0 0 1
outer loop
vertex 51.712806701660156 -34.8631477355957 7.199999809265137
vertex 51.765625 -34.25943374633789 7.199999809265137
vertex 30.799428939819336 -34.69380187988281 7.199999809265137
endloop
endfacet
facet normal 0 0 1
outer loop
vertex 51.712806701660156 -34.8631477355957 7.199999809265137
vertex 31.5653076171875 -39.037384033203125 7.199999809265137
vertex 50.596351623535156 -51.93859100341797 7.199999809265137
endloop
endfacet
facet normal 0 0 1
outer loop
vertex 50.596351623535156 -51.93859100341797 7.199999809265137
vertex 31.572904586791992 -39.12420654296875 7.199999809265137
vertex 49.66893768310547 -53.23305130004883 7.199999809265137
endloop
endfacet
facet normal 0 0 1
outer loop
vertex 48.47702407836914 -54.00503158569336 7.199999809265137
vertex 49.66893768310547 -53.23305130004883 7.199999809265137
vertex 31.572904586791992 -39.12420654296875 7.199999809265137
endloop
endfacet
facet normal 0 0 1
outer loop
vertex 31.572904586791992 -39.12420654296875 7.199999809265137
vertex 47.93160629272461 -54.408111572265625 7.199999809265137
vertex 48.47702407836914 -54.00503158569336 7.199999809265137
endloop
endfacet
facet normal 0 0 1
outer loop
vertex 47.93160629272461 -54.408111572265625 7.199999809265137
vertex 30.827110290527344 -40.091636657714844 7.199999809265137
vertex 47.253692626953125 -55.086021423339844 7.199999809265137
endloop
endfacet
facet normal 0 0 -1
outer loop
vertex 49.0874137878418 -58.67015838623047 -5.699999809265137
vertex 49.05023956298828 -58.72324752807617 -5.699999809265137
vertex 48.0117073059082 -58.269100189208984 -5.699999809265137
endloop
endfacet
facet normal 0 0 -1
outer loop
vertex 62.983909606933594 25.597341537475586 -5.699999809265137
vertex 60.73797607421875 24.902748107910156 -5.699999809265137
vertex 74.7945556640625 36.570743560791016 -5.699999809265137
endloop
endfacet
facet normal 0.44151575319641856 0.8972534980034345 0
outer loop
vertex 15.19243049621582 55.37294006347656 -3.700000047683716
vertex 12.228628158569336 56.83135223388672 -3.700000047683716
vertex 15.19243049621582 55.37294006347656 1.7000000476837158
endloop
endfacet
facet normal 0 0 1
outer loop
vertex 40.04322814941406 12.194160461425781 7.199999809265137
vertex 41.25213623046875 11.372818946838379 7.199999809265137
vertex 56.127620697021484 13.995755195617676 7.199999809265137
endloop
endfacet
facet normal 0 0 1
outer loop
vertex 47.253692626953125 -55.086021423339844 7.199999809265137
vertex 25.974502563476562 -40.9472770690918 7.199999809265137
vertex 46.806026458740234 -55.72535705566406 7.199999809265137
endloop
endfacet
facet normal 0 0 1
outer loop
vertex 45.31917190551758 -59.08738708496094 7.199999809265137
vertex 43.599334716796875 -61.460914611816406 7.199999809265137
vertex 45.2083854675293 -60.03921890258789 7.199999809265137
endloop
endfacet
facet normal 0.8993155946303151 0.4373001958091521 0
outer loop
vertex 19.46310806274414 50.397789001464844 -3.700000047683716
vertex 19.12401008605957 51.095149993896484 -3.700000047683716
vertex 19.46310806274414 50.397789001464844 1.7000000476837158
endloop
endfacet
facet normal 0.7362728638514761 0.6766847640932562 0
outer loop
vertex 19.12401008605957 51.095149993896484 1.7000000476837158
vertex 19.12401008605957 51.095149993896484 -3.700000047683716
vertex 15.19243049621582 55.37294006347656 -3.700000047683716
endloop
endfacet
facet normal 0.44151575319641856 0.8972534980034345 0
outer loop
vertex 15.19243049621582 55.37294006347656 1.7000000476837158
vertex 12.228628158569336 56.83135223388672 -3.700000047683716
vertex 12.228628158569336 56.83135223388672 1.7000000476837158
endloop
endfacet
facet normal 0.7362728638514761 0.6766847640932562 0
outer loop
vertex 19.12401008605957 51.095149993896484 1.7000000476837158
vertex 15.19243049621582 55.37294006347656 -3.700000047683716
vertex 15.19243049621582 55.37294006347656 1.7000000476837158
endloop
endfacet
facet normal 0.8993155946303151 0.4373001958091521 0
outer loop
vertex 19.46310806274414 50.397789001464844 1.7000000476837158
vertex 19.12401008605957 51.095149993896484 -3.700000047683716
vertex 19.12401008605957 51.095149993896484 1.7000000476837158
endloop
endfacet
facet normal 0.40903188363297927 0.9125200919276555 0
outer loop
vertex 21.385501861572266 49.53608703613281 -3.700000047683716
vertex 19.46310806274414 50.397789001464844 -3.700000047683716
vertex 21.385501861572266 49.53608703613281 1.7000000476837158
endloop
endfacet
facet normal 0.40903188363297927 0.9125200919276555 0
outer loop
vertex 21.385501861572266 49.53608703613281 1.7000000476837158
vertex 19.46310806274414 50.397789001464844 -3.700000047683716
vertex 19.46310806274414 50.397789001464844 1.7000000476837158
endloop
endfacet
facet normal -0.27194825934809674 0.9623118747253574 3.2918483803544247e-7
outer loop
vertex 29.90286636352539 51.943084716796875 -3.700000047683716
vertex 21.385501861572266 49.53608703613281 -3.700000047683716
vertex 36.423763275146484 53.78588104248047 1.7000000476837158
endloop
endfacet
facet normal 0.6427962430367722 -0.7660371987950786 0
outer loop
vertex -63.22195816040039 38.51726531982422 2.5
vertex -63.44361114501953 38.33127212524414 6.199999809265137
vertex -63.44361114501953 38.33127212524414 2.5
endloop
endfacet
facet normal 0.6524144321860623 -0.7578623942876029 0
outer loop
vertex -63.012386322021484 38.69767761230469 2.5
vertex -63.22195816040039 38.51726531982422 6.199999809265137
vertex -63.22195816040039 38.51726531982422 2.5
endloop
endfacet
facet normal -0.061929568132444726 -0.9980805220977558 0
outer loop
vertex -62.71814727783203 38.679420471191406 2.5
vertex -63.012386322021484 38.69767761230469 6.199999809265137
vertex -63.012386322021484 38.69767761230469 2.5
endloop
endfacet
facet normal -0.5654802843135794 -0.8247617185347503 0.000394578558366657
outer loop
vertex 56.5672492980957 13.255547523498535 6.199999809265137
vertex 56.688602447509766 13.170574188232422 2.5
vertex 56.69065856933594 13.170936584472656 6.204172134399414
endloop
endfacet
facet normal -0.5735848148977767 -0.8191461775035291 -2.0026243322769842e-7
outer loop
vertex 56.45509338378906 13.334081649780273 6.199999809265137
vertex 56.688602447509766 13.170574188232422 2.5
vertex 56.5672492980957 13.255547523498535 6.199999809265137
endloop
endfacet
facet normal -0.575313327487463 -0.8179331117000357 0
outer loop
vertex 56.390602111816406 13.379443168640137 6.199999809265137
vertex 56.45509338378906 13.334081649780273 2.5
vertex 56.45509338378906 13.334081649780273 6.199999809265137
endloop
endfacet
facet normal -0.9866066523497757 -0.16311724448701284 -0.000279446117751607
outer loop
vertex 56.69065856933594 13.170936584472656 6.204172134399414
vertex 56.739356994628906 12.882732391357422 2.5
vertex 56.7120246887207 13.041711807250977 6.199999809265137
endloop
endfacet
facet normal -0.9855409013947519 -0.16943769261300756 0
outer loop
vertex 56.739356994628906 12.882732391357422 2.5
vertex 56.739356994628906 12.882732391357422 6.199999809265137
vertex 56.7120246887207 13.041711807250977 6.199999809265137
endloop
endfacet
facet normal -0.06193370285535109 -0.9980802655351048 0
outer loop
vertex -62.71814727783203 38.679420471191406 2.5
vertex -44.72687530517578 37.563011169433594 2.5
vertex -62.71814727783203 38.679420471191406 6.199999809265137
endloop
endfacet
facet normal -0.5753206392327568 -0.8179279687556696 -1.9049609689786474e-7
outer loop
vertex 56.21444320678711 13.503351211547852 6.199999809265137
vertex 56.45509338378906 13.334081649780273 2.5
vertex 56.390602111816406 13.379443168640137 6.199999809265137
endloop
endfacet
facet normal 0.17364728751324826 -0.9848079099699044 0
outer loop
vertex 49.501930236816406 12.3197603225708 6.199999809265137
vertex 56.21444320678711 13.503351211547852 2.5
vertex 56.21444320678711 13.503351211547852 6.199999809265137
endloop
endfacet
facet normal -0.9848077335069572 -0.1736482882866038 1.5081034874543818e-7
outer loop
vertex 56.739356994628906 12.882732391357422 6.199999809265137
vertex 59.7413215637207 -4.142246723175049 2.5
vertex 59.295772552490234 -1.6154111623764038 6.199999809265137
endloop
endfacet
facet normal 0.17364744114422956 -0.9848078828807061 2.873817669367291e-7
outer loop
vertex 41.20131301879883 10.856143951416016 6.199999809265137
vertex 56.21444320678711 13.503351211547852 2.5
vertex 49.501930236816406 12.3197603225708 6.199999809265137
endloop
endfacet
facet normal -0.20955799806558975 -0.9777962187729825 0
outer loop
vertex 41.08676528930664 10.880693435668945 6.199999809265137
vertex 41.20131301879883 10.856143951416016 2.5
vertex 41.20131301879883 10.856143951416016 6.199999809265137
endloop
endfacet
facet normal 0.3393644078568031 -0.9406549838702826 0
outer loop
vertex -44.61005783081055 37.60515594482422 2.5
vertex -44.72687530517578 37.563011169433594 6.199999809265137
vertex -44.72687530517578 37.563011169433594 2.5
endloop
endfacet
facet normal 0.6848599808158272 -0.7286746919421209 0
outer loop
vertex -43.25900650024414 38.874969482421875 2.5
vertex -44.61005783081055 37.60515594482422 6.199999809265137
vertex -44.61005783081055 37.60515594482422 2.5
endloop
endfacet
facet normal 0.9178376619332115 -0.39695595012164214 0
outer loop
vertex -43.20975112915039 38.98885726928711 2.5
vertex -43.25900650024414 38.874969482421875 6.199999809265137
vertex -43.25900650024414 38.874969482421875 2.5
endloop
endfacet
facet normal 1 0 0
outer loop
vertex -43.20975112915039 38.98885726928711 2.5
vertex -43.20975112915039 45.514034271240234 2.5
vertex -43.20975112915039 38.98885726928711 6.199999809265137
endloop
endfacet
facet normal -0.5619734926125578 -0.8271552415362206 0
outer loop
vertex 39.934654235839844 11.663443565368652 6.199999809265137
vertex 41.08676528930664 10.880693435668945 2.5
vertex 41.08676528930664 10.880693435668945 6.199999809265137
endloop
endfacet
facet normal -0.5619717510807777 -0.827156424738741 7.925919165689198e-7
outer loop
vertex 41.08676528930664 10.880693435668945 2.5
vertex 39.934654235839844 11.663443565368652 6.199999809265137
vertex 39.64662551879883 11.859130859375 6.199999809265137
endloop
endfacet
facet normal 0.7660451752713718 0.6427867369136062 0.000017070781823132287
outer loop
vertex 53.48933792114258 30.788082122802734 2.5
vertex 53.84267044067383 30.366897583007812 6.200130462646484
vertex 53.842735290527344 30.366918563842773 2.5
endloop
endfacet
facet normal 0.08715120095807109 0.9961950954364138 0
outer loop
vertex 54.42042922973633 30.31637954711914 2.5
vertex 53.842735290527344 30.366918563842773 2.5
vertex 54.42042922973633 30.31637954711914 6.199999809265137
endloop
endfacet
facet normal 0.7071067811865476 -0.7071067811865476 0
outer loop
vertex -42.79970169067383 45.9240837097168 2.5
vertex -43.20975112915039 45.514034271240234 6.199999809265137
vertex -43.20975112915039 45.514034271240234 2.5
endloop
endfacet
facet normal 0.7660432418235019 0.6427890413320221 0
outer loop
vertex 53.48933792114258 30.788082122802734 2.5
vertex 47.98930358886719 37.342742919921875 2.5
vertex 53.48933792114258 30.788082122802734 6.199999809265137
endloop
endfacet
facet normal -0.9659258287743522 -0.2588190358273149 0
outer loop
vertex 44.662620544433594 35.61097717285156 2.5
vertex 47.27678298950195 25.85478973388672 2.5
vertex 44.662620544433594 35.61097717285156 6.199999809265137
endloop
endfacet
facet normal -0.8660222562705588 0.5000054516143304 0
outer loop
vertex 46.98682403564453 25.35257339477539 2.5
vertex 47.27678298950195 25.85478973388672 6.199999809265137
vertex 47.27678298950195 25.85478973388672 2.5
endloop
endfacet
facet normal -0.25881903623760427 0.9659257363386293 0.00042232654945709375
outer loop
vertex 45.29096221923828 24.898168563842773 2.5
vertex 46.98723602294922 25.351064682006836 6.203140735626221
vertex 46.98682403564453 25.35257339477539 2.5
endloop
endfacet
facet normal -0.2588223237398773 0.9659249477748725 0
outer loop
vertex 45.29096221923828 24.898168563842773 2.5
vertex 39.491146087646484 23.344091415405273 2.5
vertex 45.29096221923828 24.898168563842773 6.199999809265137
endloop
endfacet
facet normal -0.5735826856733042 -0.8191476684309121 0
outer loop
vertex 56.688602447509766 13.170574188232422 2.5
vertex 56.45509338378906 13.334081649780273 6.199999809265137
vertex 56.45509338378906 13.334081649780273 2.5
endloop
endfacet
facet normal -0.9848074373472632 -0.1736490531422993 0.0005636384473324809
outer loop
vertex 56.688602447509766 13.170574188232422 2.5
vertex 56.739356994628906 12.882732391357422 2.5
vertex 56.69065856933594 13.170936584472656 6.204172134399414
endloop
endfacet
facet normal -0.5753186797889583 -0.8179293470012493 0
outer loop
vertex 56.45509338378906 13.334081649780273 2.5
vertex 56.21444320678711 13.503351211547852 6.199999809265137
vertex 56.21444320678711 13.503351211547852 2.5
endloop
endfacet
facet normal -0.9848077391118722 -0.17364825649963353 0
outer loop
vertex 59.7413215637207 -4.142246723175049 2.5
vertex 56.739356994628906 12.882732391357422 6.199999809265137
vertex 56.739356994628906 12.882732391357422 2.5
endloop
endfacet
facet normal 0.1736473724543655 -0.984807894992569 0
outer loop
vertex 41.20131301879883 10.856143951416016 2.5
vertex 56.21444320678711 13.503351211547852 2.5
vertex 41.20131301879883 10.856143951416016 6.199999809265137
endloop
endfacet
facet normal -0.20955799806558975 -0.9777962187729825 0
outer loop
vertex 41.20131301879883 10.856143951416016 2.5
vertex 41.08676528930664 10.880693435668945 6.199999809265137
vertex 41.08676528930664 10.880693435668945 2.5
endloop
endfacet
facet normal -0.5619731443059124 -0.827155478177426 0
outer loop
vertex 39.64662551879883 11.859130859375 6.199999809265137
vertex 39.64662551879883 11.859130859375 2.5
vertex 41.08676528930664 10.880693435668945 2.5
endloop
endfacet
facet normal 0 0 1
outer loop
vertex 37.91947555541992 48.4931640625 7.199999809265137
vertex 41.909576416015625 44.47355270385742 7.199999809265137
vertex 38.30487060546875 48.61757278442383 7.199999809265137
endloop
endfacet
facet normal 0 0 1
outer loop
vertex 41.909576416015625 44.47355270385742 7.199999809265137
vertex 22.875661849975586 44.263023376464844 7.199999809265137
vertex 41.39281463623047 43.85540771484375 7.199999809265137
endloop
endfacet
facet normal 0 0 1
outer loop
vertex 37.91947555541992 48.4931640625 7.199999809265137
vertex 22.875661849975586 44.263023376464844 7.199999809265137
vertex 41.909576416015625 44.47355270385742 7.199999809265137
endloop
endfacet
facet normal 0 0 1
outer loop
vertex 22.875661849975586 44.263023376464844 7.199999809265137
vertex 11.256301879882812 35.661739349365234 7.199999809265137
vertex 41.39281463623047 43.85540771484375 7.199999809265137
endloop
endfacet
facet normal 0.26236091762792374 -0.9649698176116359 0
outer loop
vertex 11.226277351379395 35.13542556762695 6.199999809265137
vertex 41.62907409667969 43.401493072509766 2.5
vertex 41.62907409667969 43.401493072509766 6.199999809265137
endloop
endfacet
facet normal 0.6427962430367722 -0.7660371987950786 0
outer loop
vertex -63.44361114501953 38.33127212524414 6.199999809265137
vertex -63.22195816040039 38.51726531982422 2.5
vertex -63.22195816040039 38.51726531982422 6.199999809265137
endloop
endfacet
facet normal 0 0 -1
outer loop
vertex 62.737396240234375 25.350828170776367 -5.699999809265137
vertex 60.73797607421875 24.902748107910156 -5.699999809265137
vertex 62.983909606933594 25.597341537475586 -5.699999809265137
endloop
endfacet
facet normal 0.6524084125204777 -0.7578675763430958 -5.936375695852744e-7
outer loop
vertex -63.22195816040039 38.51726531982422 6.199999809265137
vertex -63.012386322021484 38.69767761230469 2.5
vertex -63.1407585144043 38.58716583251953 6.199999809265137
endloop
endfacet
facet normal -0.27194800690821413 0.9623119460646063 0
outer loop
vertex 36.423763275146484 53.78588104248047 -3.700000047683716
vertex 29.90286636352539 51.943084716796875 -3.700000047683716
vertex 36.423763275146484 53.78588104248047 1.7000000476837158
endloop
endfacet
facet normal -0.061929568132444726 -0.9980805220977558 0
outer loop
vertex -63.012386322021484 38.69767761230469 6.199999809265137
vertex -62.71814727783203 38.679420471191406 2.5
vertex -62.71814727783203 38.679420471191406 6.199999809265137
endloop
endfacet
facet normal 0 0 1
outer loop
vertex 16.71310806274414 45.634647369384766 7.199999809265137
vertex 11.256301879882812 35.661739349365234 7.199999809265137
vertex 17.22174644470215 45.397464752197266 7.199999809265137
endloop
endfacet
facet normal 0 0 1
outer loop
vertex 15.249863624572754 46.862457275390625 7.199999809265137
vertex 14.699968338012695 47.647789001464844 7.199999809265137
vertex 9.6902494430542 45.23746109008789 7.199999809265137
endloop
endfacet
facet normal 0 0 -1
outer loop
vertex 65.43270111083984 16.617843627929688 -5.699999809265137
vertex 64.50344848632812 16.66257667541504 -5.699999809265137
vertex 63.4837532043457 18.34482765197754 -5.699999809265137
endloop
endfacet
facet normal 0 0 -1
outer loop
vertex 62.53743362426758 25.06525230407715 -5.699999809265137
vertex 60.73797607421875 24.902748107910156 -5.699999809265137
vertex 62.737396240234375 25.350828170776367 -5.699999809265137
endloop
endfacet
facet normal -0.997980914951647 -0.06351451324125332 0
outer loop
vertex 37.90684127807617 20.133237838745117 6.199999809265137
vertex 37.90949630737305 20.091520309448242 2.5
vertex 37.90949630737305 20.091520309448242 6.199999809265137
endloop
endfacet
facet normal -0.9971503827399469 0.0754394737625957 0
outer loop
vertex 37.952247619628906 20.733413696289062 6.199999809265137
vertex 37.90684127807617 20.133237838745117 2.5
vertex 37.90684127807617 20.133237838745117 6.199999809265137
endloop
endfacet
facet normal -0.9770530674464305 0.21299601731844847 0
outer loop
vertex 37.961151123046875 20.774255752563477 6.199999809265137
vertex 37.952247619628906 20.733413696289062 2.5
vertex 37.952247619628906 20.733413696289062 6.199999809265137
endloop
endfacet
facet normal 0 0 -1
outer loop
vertex 48.90290451049805 -59.039207458496094 -5.699999809265137
vertex 48.0117073059082 -58.269100189208984 -5.699999809265137
vertex 49.05023956298828 -58.72324752807617 -5.699999809265137
endloop
endfacet
facet normal 0 0 -1
outer loop
vertex 48.81267547607422 -59.37594985961914 -5.699999809265137
vertex 48.0117073059082 -58.269100189208984 -5.699999809265137
vertex 48.90290451049805 -59.039207458496094 -5.699999809265137
endloop
endfacet
facet normal 0 0 -1
outer loop
vertex 48.802452087402344 -59.49281311035156 -5.699999809265137
vertex 48.0117073059082 -58.269100189208984 -5.699999809265137
vertex 48.81267547607422 -59.37594985961914 -5.699999809265137
endloop
endfacet
facet normal 0 0 1
outer loop
vertex -68.6523208618164 40.93882751464844 7.199999809265137
vertex -63.941707611083984 38.37485122680664 7.199999809265137
vertex -63.93601608276367 38.41809844970703 7.199999809265137
endloop
endfacet
facet normal 0 0 1
outer loop
vertex -68.6523208618164 40.93882751464844 7.199999809265137
vertex -63.93601608276367 38.41809844970703 7.199999809265137
vertex -63.913455963134766 38.50228500366211 7.199999809265137
endloop
endfacet
facet normal 0 0 1
outer loop
vertex -68.6523208618164 40.93882751464844 7.199999809265137
vertex -63.913455963134766 38.50228500366211 7.199999809265137
vertex -63.876625061035156 38.58127212524414 7.199999809265137
endloop
endfacet
facet normal 0 0 1
outer loop
vertex -68.6523208618164 40.93882751464844 7.199999809265137
vertex -63.876625061035156 38.58127212524414 7.199999809265137
vertex -63.82663345336914 38.65266799926758 7.199999809265137
endloop
endfacet
facet normal 0 0 1
outer loop
vertex -68.14105224609375 41.78620529174805 7.199999809265137
vertex -63.82663345336914 38.65266799926758 7.199999809265137
vertex -63.7650032043457 38.71429443359375 7.199999809265137
endloop
endfacet
facet normal 0 0 1
outer loop
vertex -68.14105224609375 41.78620529174805 7.199999809265137
vertex -63.7650032043457 38.71429443359375 7.199999809265137
vertex -63.545772552490234 38.89825439453125 7.199999809265137
endloop
endfacet
facet normal 0 0 1
outer loop
vertex -68.14105224609375 41.78620529174805 7.199999809265137
vertex -68.6523208618164 40.93882751464844 7.199999809265137
vertex -63.82663345336914 38.65266799926758 7.199999809265137
endloop
endfacet
facet normal 0 0 1
outer loop
vertex -68.14105224609375 41.78620529174805 7.199999809265137
vertex -63.545772552490234 38.89825439453125 7.199999809265137
vertex -63.338600158691406 39.07660675048828 7.199999809265137
endloop
endfacet
facet normal 0 0 1
outer loop
vertex -65.00540924072266 44.18989562988281 7.199999809265137
vertex -68.14105224609375 41.78620529174805 7.199999809265137
vertex -63.338600158691406 39.07660675048828 7.199999809265137
endloop
endfacet
facet normal 0 0 -1
outer loop
vertex 48.802452087402344 -59.49281311035156 -5.699999809265137
vertex 47.77731704711914 -61.18974685668945 -5.699999809265137
vertex 48.0117073059082 -58.269100189208984 -5.699999809265137
endloop
endfacet
facet normal 0 0 -1
outer loop
vertex 48.549591064453125 -61.606544494628906 -5.699999809265137
vertex 47.77731704711914 -61.18974685668945 -5.699999809265137
vertex 48.802452087402344 -59.49281311035156 -5.699999809265137
endloop
endfacet
facet normal 0 0 -1
outer loop
vertex 48.549591064453125 -61.606544494628906 -5.699999809265137
vertex 47.72783279418945 -61.291465759277344 -5.699999809265137
vertex 47.77731704711914 -61.18974685668945 -5.699999809265137
endloop
endfacet
facet normal 0 0 -1
outer loop
vertex 48.382144927978516 -61.90548324584961 -5.699999809265137
vertex 47.72783279418945 -61.291465759277344 -5.699999809265137
vertex 48.549591064453125 -61.606544494628906 -5.699999809265137
endloop
endfacet
facet normal 0 0 -1
outer loop
vertex 48.382144927978516 -61.90548324584961 -5.699999809265137
vertex 45.046417236328125 -64.85279846191406 -5.699999809265137
vertex 47.72783279418945 -61.291465759277344 -5.699999809265137
endloop
endfacet
facet normal -0.9380819670052593 0.3464133703821831 0
outer loop
vertex 38.615081787109375 22.545089721679688 6.199999809265137
vertex 37.961151123046875 20.774255752563477 2.5
vertex 37.961151123046875 20.774255752563477 6.199999809265137
endloop
endfacet
facet normal 0 0 -1
outer loop
vertex 44.771846771240234 -64.01972961425781 -5.699999809265137
vertex 47.72783279418945 -61.291465759277344 -5.699999809265137
vertex 45.046417236328125 -64.85279846191406 -5.699999809265137
endloop
endfacet
facet normal 0 0 -1
outer loop
vertex 45.046417236328125 -64.85279846191406 -5.699999809265137
vertex 44.66649627685547 -64.0609130859375 -5.699999809265137
vertex 44.771846771240234 -64.01972961425781 -5.699999809265137
endloop
endfacet
facet normal 0 0 -1
outer loop
vertex 44.72237014770508 -64.9609146118164 -5.699999809265137
vertex 44.66649627685547 -64.0609130859375 -5.699999809265137
vertex 45.046417236328125 -64.85279846191406 -5.699999809265137
endloop
endfacet
facet normal -0.8295143349092724 0.5584854234266344 0
outer loop
vertex 38.6552848815918 22.60480308532715 6.199999809265137
vertex 38.615081787109375 22.545089721679688 2.5
vertex 38.615081787109375 22.545089721679688 6.199999809265137
endloop
endfacet
facet normal 0 0 -1
outer loop
vertex 42.36524963378906 -64.9609146118164 -5.699999809265137
vertex 44.66649627685547 -64.0609130859375 -5.699999809265137
vertex 44.72237014770508 -64.9609146118164 -5.699999809265137
endloop
endfacet
facet normal 0 0 -1
outer loop
vertex 42.36524963378906 -64.9609146118164 -5.699999809265137
vertex 42.36524963378906 -64.0609130859375 -5.699999809265137
vertex 44.66649627685547 -64.0609130859375 -5.699999809265137
endloop
endfacet
facet normal -0.6738634566354429 0.7388559005728604 0
outer loop
vertex 39.42799377441406 23.309541702270508 6.199999809265137
vertex 38.6552848815918 22.60480308532715 2.5
vertex 38.6552848815918 22.60480308532715 6.199999809265137
endloop
endfacet
facet normal 0 -1 0
outer loop
vertex -13.098959922790527 -66.9609146118164 1.7000000476837158
vertex 45.04720687866211 -66.9609146118164 -3.700000047683716
vertex 45.04720687866211 -66.9609146118164 1.7000000476837158
endloop
endfacet
facet normal 0 -1 0
outer loop
vertex 40.86524963378906 -66.9609146118164 -3.450000047683716
vertex 45.04720687866211 -66.9609146118164 -3.700000047683716
vertex -13.098959922790527 -66.9609146118164 1.7000000476837158
endloop
endfacet
facet normal -0.4799544726819507 0.8772933968477082 0
outer loop
vertex 39.491146087646484 23.344091415405273 6.199999809265137
vertex 39.42799377441406 23.309541702270508 2.5
vertex 39.42799377441406 23.309541702270508 6.199999809265137
endloop
endfacet
facet normal 0 -1 0
outer loop
vertex -13.098959922790527 -66.9609146118164 1.7000000476837158
vertex 28.865249633789062 -66.9609146118164 -3.450000047683716
vertex 40.86524963378906 -66.9609146118164 -3.450000047683716
endloop
endfacet
facet normal 0 -1 0
outer loop
vertex -13.098959922790527 -66.9609146118164 1.7000000476837158
vertex 21.865249633789062 -66.9609146118164 -3.450000047683716
vertex 28.865249633789062 -66.9609146118164 -3.450000047683716
endloop
endfacet
facet normal 0 0 -1
outer loop
vertex 62.390098571777344 24.749292373657227 -5.699999809265137
vertex 60.73797607421875 24.902748107910156 -5.699999809265137
vertex 62.53743362426758 25.06525230407715 -5.699999809265137
endloop
endfacet
facet normal 0 -1 0
outer loop
vertex -13.098959922790527 -66.9609146118164 1.7000000476837158
vertex 9.865249633789062 -66.9609146118164 -3.450000047683716
vertex 21.865249633789062 -66.9609146118164 -3.450000047683716
endloop
endfacet
facet normal 0 -1 0
outer loop
vertex -13.098959922790527 -66.9609146118164 1.7000000476837158
vertex 9.291224479675293 -66.9609146118164 -3.564180612564087
vertex 9.865249633789062 -66.9609146118164 -3.450000047683716
endloop
endfacet
facet normal 0 -1 0
outer loop
vertex -13.098959922790527 -66.9609146118164 1.7000000476837158
vertex 9.087956428527832 -66.9609146118164 -3.700000047683716
vertex 9.291224479675293 -66.9609146118164 -3.564180612564087
endloop
endfacet
facet normal 0 0 -1
outer loop
vertex 62.299869537353516 24.41254997253418 -5.699999809265137
vertex 60.73797607421875 24.902748107910156 -5.699999809265137
vertex 62.390098571777344 24.749292373657227 -5.699999809265137
endloop
endfacet
facet normal 0 0 -1
outer loop
vertex 62.269508361816406 24.074542999267578 -5.699999809265137
vertex 60.73797607421875 24.902748107910156 -5.699999809265137
vertex 62.299869537353516 24.41254997253418 -5.699999809265137
endloop
endfacet
facet normal 0 0 1
outer loop
vertex -63.338600158691406 39.07660675048828 7.199999809265137
vertex -63.262386322021484 39.13069152832031 7.199999809265137
vertex -65.00540924072266 44.18989562988281 7.199999809265137
endloop
endfacet
facet normal 0 0 1
outer loop
vertex -65.00540924072266 44.18989562988281 7.199999809265137
vertex -63.262386322021484 39.13069152832031 7.199999809265137
vertex -63.17039108276367 39.17387008666992 7.199999809265137
endloop
endfacet
facet normal 0 0 1
outer loop
vertex -63.17039108276367 39.17387008666992 7.199999809265137
vertex -63.08620834350586 39.19643020629883 7.199999809265137
vertex -64.08622741699219 44.461639404296875 7.199999809265137
endloop
endfacet
facet normal 0 0 1
outer loop
vertex -64.08622741699219 44.461639404296875 7.199999809265137
vertex -63.08620834350586 39.19643020629883 7.199999809265137
vertex -62.99938201904297 39.20402526855469 7.199999809265137
endloop
endfacet
facet normal 0 0 1
outer loop
vertex -62.99938201904297 39.20402526855469 7.199999809265137
vertex -62.955970764160156 39.200225830078125 7.199999809265137
vertex -64.08622741699219 44.461639404296875 7.199999809265137
endloop
endfacet
facet normal 0 0 1
outer loop
vertex -64.08622741699219 44.461639404296875 7.199999809265137
vertex -62.955970764160156 39.200225830078125 7.199999809265137
vertex -62.680870056152344 39.178070068359375 7.199999809265137
endloop
endfacet
facet normal 0 0 1
outer loop
vertex -64.08622741699219 44.461639404296875 7.199999809265137
vertex -65.00540924072266 44.18989562988281 7.199999809265137
vertex -63.17039108276367 39.17387008666992 7.199999809265137
endloop
endfacet
facet normal -0.06193370285535109 -0.9980802655351048 0
outer loop
vertex -62.71814727783203 38.679420471191406 6.199999809265137
vertex -44.72687530517578 37.563011169433594 2.5
vertex -44.72687530517578 37.563011169433594 6.199999809265137
endloop
endfacet
facet normal 0 0 1
outer loop
vertex 14.57396411895752 47.918006896972656 7.199999809265137
vertex 9.6902494430542 45.23746109008789 7.199999809265137
vertex 14.699968338012695 47.647789001464844 7.199999809265137
endloop
endfacet
facet normal 0 0 1
outer loop
vertex 10.935328483581543 51.33793258666992 7.199999809265137
vertex 9.03019905090332 46.35709762573242 7.199999809265137
vertex 11.839919090270996 50.8928108215332 7.199999809265137
endloop
endfacet
facet normal 0 0 1
outer loop
vertex 11.839919090270996 50.8928108215332 7.199999809265137
vertex 9.6902494430542 45.23746109008789 7.199999809265137
vertex 14.57396411895752 47.918006896972656 7.199999809265137
endloop
endfacet
facet normal 0 0 1
outer loop
vertex 9.133752822875977 46.27763748168945 7.199999809265137
vertex 9.332661628723145 46.07872772216797 7.199999809265137
vertex 11.839919090270996 50.8928108215332 7.199999809265137
endloop
endfacet
facet normal 0 0 1
outer loop
vertex 9.03019905090332 46.35709762573242 7.199999809265137
vertex 9.101593017578125 46.307106018066406 7.199999809265137
vertex 11.839919090270996 50.8928108215332 7.199999809265137
endloop
endfacet
facet normal 0 0 1
outer loop
vertex 9.133752822875977 46.27763748168945 7.199999809265137
vertex 11.839919090270996 50.8928108215332 7.199999809265137
vertex 9.101593017578125 46.307106018066406 7.199999809265137
endloop
endfacet
facet normal 0 0 1
outer loop
vertex 9.617842674255371 45.77322769165039 7.199999809265137
vertex 9.660096168518066 45.68504333496094 7.199999809265137
vertex 11.839919090270996 50.8928108215332 7.199999809265137
endloop
endfacet
facet normal 0 0 1
outer loop
vertex 9.533751487731934 45.87872314453125 7.199999809265137
vertex 11.839919090270996 50.8928108215332 7.199999809265137
vertex 9.332661628723145 46.07872772216797 7.199999809265137
endloop
endfacet
facet normal 0 0 1
outer loop
vertex 9.533751487731934 45.87872314453125 7.199999809265137
vertex 9.567852020263672 45.84461975097656 7.199999809265137
vertex 11.839919090270996 50.8928108215332 7.199999809265137
endloop
endfacet
facet normal 0 0 1
outer loop
vertex 9.567852020263672 45.84461975097656 7.199999809265137
vertex 9.617842674255371 45.77322769165039 7.199999809265137
vertex 11.839919090270996 50.8928108215332 7.199999809265137
endloop
endfacet
facet normal 0 0 1
outer loop
vertex 9.660096168518066 45.68504333496094 7.199999809265137
vertex 9.682653427124023 45.600860595703125 7.199999809265137
vertex 11.839919090270996 50.8928108215332 7.199999809265137
endloop
endfacet
facet normal 0 0 1
outer loop
vertex 9.682653427124023 45.600860595703125 7.199999809265137
vertex 9.6902494430542 45.514034271240234 7.199999809265137
vertex 11.839919090270996 50.8928108215332 7.199999809265137
endloop
endfacet
facet normal 0.3393644078568031 -0.9406549838702826 0
outer loop
vertex -44.72687530517578 37.563011169433594 6.199999809265137
vertex -44.61005783081055 37.60515594482422 2.5
vertex -44.61005783081055 37.60515594482422 6.199999809265137
endloop
endfacet
facet normal 0.6848599808158272 -0.7286746919421209 0
outer loop
vertex -44.61005783081055 37.60515594482422 6.199999809265137
vertex -43.25900650024414 38.874969482421875 2.5
vertex -43.25900650024414 38.874969482421875 6.199999809265137
endloop
endfacet
facet normal 0.9178376619332115 -0.39695595012164214 0
outer loop
vertex -43.25900650024414 38.874969482421875 6.199999809265137
vertex -43.20975112915039 38.98885726928711 2.5
vertex -43.20975112915039 38.98885726928711 6.199999809265137
endloop
endfacet
facet normal 1 0 0
outer loop
vertex -43.20975112915039 38.98885726928711 6.199999809265137
vertex -43.20975112915039 45.514034271240234 2.5
vertex -43.20975112915039 45.514034271240234 6.199999809265137
endloop
endfacet
facet normal 0.7071067811865476 -0.7071067811865476 0
outer loop
vertex -43.20975112915039 45.514034271240234 6.199999809265137
vertex -42.79970169067383 45.9240837097168 2.5
vertex -42.79970169067383 45.9240837097168 6.199999809265137
endloop
endfacet
facet normal 0 0 1
outer loop
vertex -64.08622741699219 44.461639404296875 7.199999809265137
vertex -62.680870056152344 39.178070068359375 7.199999809265137
vertex -44.844215393066406 38.07125473022461 7.199999809265137
endloop
endfacet
facet normal 0 0 -1
outer loop
vertex 62.25691223144531 21.358312606811523 -5.699999809265137
vertex 60.73797607421875 24.902748107910156 -5.699999809265137
vertex 62.269508361816406 24.074542999267578 -5.699999809265137
endloop
endfacet
facet normal 0 0 -1
outer loop
vertex 62.25691223144531 21.358312606811523 -5.699999809265137
vertex 60.838951110839844 20.36188507080078 -5.699999809265137
vertex 60.73797607421875 24.902748107910156 -5.699999809265137
endloop
endfacet
facet normal 0 -1 0
outer loop
vertex 28.865249633789062 -66.9609146118164 -3.450000047683716
vertex 22.439273834228516 -66.9609146118164 -3.564180612564087
vertex 28.291223526000977 -66.9609146118164 -3.564180612564087
endloop
endfacet
facet normal 0 0 1
outer loop
vertex -54.84918212890625 44.31718063354492 7.199999809265137
vertex -64.08622741699219 44.461639404296875 7.199999809265137
vertex -44.844215393066406 38.07125473022461 7.199999809265137
endloop
endfacet
facet normal 0 0 1
outer loop
vertex -54.76317596435547 44.31650924682617 7.199999809265137
vertex -54.84918212890625 44.31718063354492 7.199999809265137
vertex -44.844215393066406 38.07125473022461 7.199999809265137
endloop
endfacet
facet normal 0 0 1
outer loop
vertex -53.808109283447266 44.40006637573242 7.199999809265137
vertex -54.76317596435547 44.31650924682617 7.199999809265137
vertex -44.844215393066406 38.07125473022461 7.199999809265137
endloop
endfacet
facet normal 0 0 1
outer loop
vertex -52.88206481933594 44.648197174072266 7.199999809265137
vertex -53.808109283447266 44.40006637573242 7.199999809265137
vertex -44.844215393066406 38.07125473022461 7.199999809265137
endloop
endfacet
facet normal 0 0 1
outer loop
vertex -52.00838851928711 45.05613708496094 7.199999809265137
vertex -52.88206481933594 44.648197174072266 7.199999809265137
vertex -44.844215393066406 38.07125473022461 7.199999809265137
endloop
endfacet
facet normal 0 -1 0
outer loop
vertex 28.291223526000977 -66.9609146118164 -3.564180612564087
vertex 22.642541885375977 -66.9609146118164 -3.700000047683716
vertex 28.087955474853516 -66.9609146118164 -3.700000047683716
endloop
endfacet
facet normal 0 0 -1
outer loop
vertex 62.724822998046875 20.072738647460938 -5.699999809265137
vertex 60.838951110839844 20.36188507080078 -5.699999809265137
vertex 62.52486038208008 20.358312606811523 -5.699999809265137
endloop
endfacet
facet normal 0 0 -1
outer loop
vertex 62.965702056884766 19.831857681274414 -5.699999809265137
vertex 60.838951110839844 20.36188507080078 -5.699999809265137
vertex 62.724822998046875 20.072738647460938 -5.699999809265137
endloop
endfacet
facet normal 0 0 -1
outer loop
vertex 64.29862213134766 18.703468322753906 -5.699999809265137
vertex 60.838951110839844 20.36188507080078 -5.699999809265137
vertex 62.965702056884766 19.831857681274414 -5.699999809265137
endloop
endfacet
facet normal 0 -1 0
outer loop
vertex 21.865249633789062 -66.9609146118164 -3.450000047683716
vertex 22.439273834228516 -66.9609146118164 -3.564180612564087
vertex 28.865249633789062 -66.9609146118164 -3.450000047683716
endloop
endfacet
facet normal 0 -1 0
outer loop
vertex 22.439273834228516 -66.9609146118164 -3.564180612564087
vertex 22.642541885375977 -66.9609146118164 -3.700000047683716
vertex 28.291223526000977 -66.9609146118164 -3.564180612564087
endloop
endfacet
facet normal 0 0 -1
outer loop
vertex 64.29862213134766 18.703468322753906 -5.699999809265137
vertex 63.44572067260742 18.38701057434082 -5.699999809265137
vertex 60.838951110839844 20.36188507080078 -5.699999809265137
endloop
endfacet
facet normal 0 0 -1
outer loop
vertex 65.43270111083984 16.617843627929688 -5.699999809265137
vertex 63.4837532043457 18.34482765197754 -5.699999809265137
vertex 64.29862213134766 18.703468322753906 -5.699999809265137
endloop
endfacet
facet normal 0 0 -1
outer loop
vertex 63.4837532043457 18.34482765197754 -5.699999809265137
vertex 63.44572067260742 18.38701057434082 -5.699999809265137
vertex 64.29862213134766 18.703468322753906 -5.699999809265137
endloop
endfacet
facet normal 0 0 -1
outer loop
vertex 62.287296295166016 21.011016845703125 -5.699999809265137
vertex 60.838951110839844 20.36188507080078 -5.699999809265137
vertex 62.25691223144531 21.358312606811523 -5.699999809265137
endloop
endfacet
facet normal 0 0 -1
outer loop
vertex 62.377525329589844 20.674272537231445 -5.699999809265137
vertex 60.838951110839844 20.36188507080078 -5.699999809265137
vertex 62.287296295166016 21.011016845703125 -5.699999809265137
endloop
endfacet
facet normal 0 0 1
outer loop
vertex -44.844215393066406 38.07125473022461 7.199999809265137
vertex -43.70975112915039 39.13750457763672 7.199999809265137
vertex -43.70975112915039 45.514034271240234 7.199999809265137
endloop
endfacet
facet normal 0 0 -1
outer loop
vertex 60.838951110839844 20.36188507080078 -5.699999809265137
vertex 62.377525329589844 20.674272537231445 -5.699999809265137
vertex 62.52486038208008 20.358312606811523 -5.699999809265137
endloop
endfacet
facet normal 0 0 -1
outer loop
vertex 65.43270111083984 16.617843627929688 -5.699999809265137
vertex 64.52325439453125 16.609344482421875 -5.699999809265137
vertex 64.50344848632812 16.66257667541504 -5.699999809265137
endloop
endfacet
facet normal 0 0 -1
outer loop
vertex 65.43270111083984 16.617843627929688 -5.699999809265137
vertex 71.82869720458984 -22.332563400268555 -5.699999809265137
vertex 64.52325439453125 16.609344482421875 -5.699999809265137
endloop
endfacet
facet normal 0 0 1
outer loop
vertex -50.61840057373047 45.860511779785156 7.199999809265137
vertex -52.00838851928711 45.05613708496094 7.199999809265137
vertex -44.844215393066406 38.07125473022461 7.199999809265137
endloop
endfacet
facet normal 0 0 1
outer loop
vertex -49.83785629272461 46.40763854980469 7.199999809265137
vertex -50.61840057373047 45.860511779785156 7.199999809265137
vertex -44.844215393066406 38.07125473022461 7.199999809265137
endloop
endfacet
facet normal 0 0 1
outer loop
vertex -49.159942626953125 47.08555221557617 7.199999809265137
vertex -49.83785629272461 46.40763854980469 7.199999809265137
vertex -44.844215393066406 38.07125473022461 7.199999809265137
endloop
endfacet
facet normal 0 0 1
outer loop
vertex -49.159942626953125 47.08555221557617 7.199999809265137
vertex -44.844215393066406 38.07125473022461 7.199999809265137
vertex -43.70975112915039 45.514034271240234 7.199999809265137
endloop
endfacet
facet normal 0 0 1
outer loop
vertex -48.610050201416016 47.87088394165039 7.199999809265137
vertex -49.159942626953125 47.08555221557617 7.199999809265137
vertex -43.70975112915039 45.514034271240234 7.199999809265137
endloop
endfacet
facet normal 0 0 1
outer loop
vertex -48.56892776489258 47.95906448364258 7.199999809265137
vertex -48.610050201416016 47.87088394165039 7.199999809265137
vertex -43.70975112915039 45.514034271240234 7.199999809265137
endloop
endfacet
facet normal 0 0 1
outer loop
vertex -48.24705123901367 48.52428436279297 7.199999809265137
vertex -48.56892776489258 47.95906448364258 7.199999809265137
vertex -43.70975112915039 45.514034271240234 7.199999809265137
endloop
endfacet
facet normal 0 0 1
outer loop
vertex -48.24705123901367 48.52428436279297 7.199999809265137
vertex -43.70975112915039 45.514034271240234 7.199999809265137
vertex -43.70215606689453 45.600860595703125 7.199999809265137
endloop
endfacet
facet normal 0 0 1
outer loop
vertex -48.24705123901367 48.52428436279297 7.199999809265137
vertex -43.70215606689453 45.600860595703125 7.199999809265137
vertex -43.679595947265625 45.68504333496094 7.199999809265137
endloop
endfacet
facet normal 0 0 1
outer loop
vertex -43.642765045166016 45.764034271240234 7.199999809265137
vertex -48.24705123901367 48.52428436279297 7.199999809265137
vertex -43.679595947265625 45.68504333496094 7.199999809265137
endloop
endfacet
facet normal 0 0 1
outer loop
vertex -48.24705123901367 48.52428436279297 7.199999809265137
vertex -43.642765045166016 45.764034271240234 7.199999809265137
vertex -43.5927734375 45.83543014526367 7.199999809265137
endloop
endfacet
facet normal 0 0 1
outer loop
vertex -48.24705123901367 48.52428436279297 7.199999809265137
vertex -43.5927734375 45.83543014526367 7.199999809265137
vertex -43.56195831298828 45.866241455078125 7.199999809265137
endloop
endfacet
facet normal 0 0 1
outer loop
vertex -48.24705123901367 48.52428436279297 7.199999809265137
vertex -43.56195831298828 45.866241455078125 7.199999809265137
vertex -43.15190887451172 46.27629470825195 7.199999809265137
endloop
endfacet
facet normal 0 0 1
outer loop
vertex -48.24705123901367 48.52428436279297 7.199999809265137
vertex -43.15190887451172 46.27629470825195 7.199999809265137
vertex -45.12727737426758 51.2880859375 7.199999809265137
endloop
endfacet
facet normal -0.4657849842345019 0.8848979310980042 3.6962542965767857e-7
outer loop
vertex 36.962318420410156 54.069358825683594 1.7000000476837158
vertex 36.423763275146484 53.78588104248047 -3.700000047683716
vertex 36.615875244140625 53.887001037597656 1.7000000476837158
endloop
endfacet
facet normal -0.46577684861372154 0.8849022134086174 0
outer loop
vertex 36.423763275146484 53.78588104248047 -3.700000047683716
vertex 36.423763275146484 53.78588104248047 1.7000000476837158
vertex 36.615875244140625 53.887001037597656 1.7000000476837158
endloop
endfacet
facet normal -0.271948006908189 0.9623119460645174 -4.299696038624661e-7
outer loop
vertex 36.423763275146484 53.78588104248047 1.7000000476837158
vertex 21.385501861572266 49.53608703613281 -3.700000047683716
vertex 29.90286636352539 51.943084716796875 1.7000000476837158
endloop
endfacet
facet normal -0.27194825934811145 0.9623118747254095 0
outer loop
vertex 21.385501861572266 49.53608703613281 -3.700000047683716
vertex 21.385501861572266 49.53608703613281 1.7000000476837158
vertex 29.90286636352539 51.943084716796875 1.7000000476837158
endloop
endfacet
facet normal -0.46578498423453374 0.8848979310980647 0
outer loop
vertex 36.962318420410156 54.069358825683594 -3.700000047683716
vertex 36.615875244140625 53.887001037597656 -3.700000047683716
vertex 36.962318420410156 54.069358825683594 1.7000000476837158
endloop
endfacet
facet normal -0.46577684861361807 0.8849022134084208 -6.665635058931847e-7
outer loop
vertex 36.615875244140625 53.887001037597656 -3.700000047683716
vertex 36.423763275146484 53.78588104248047 -3.700000047683716
vertex 36.962318420410156 54.069358825683594 1.7000000476837158
endloop
endfacet
facet normal 0 0 -1
outer loop
vertex 27.365249633789062 -64.9609146118164 -5.699999809265137
vertex 23.365249633789062 -64.0609130859375 -5.699999809265137
vertex 27.365249633789062 -64.0609130859375 -5.699999809265137
endloop
endfacet
facet normal -0.8901772920771686 -0.45561429814060883 0
outer loop
vertex 9.415665626525879 36.416812896728516 2.5
vertex 9.35246467590332 36.5402946472168 6.199999809265137
vertex 9.35246467590332 36.5402946472168 2.5
endloop
endfacet
facet normal -0.9998259194089394 -0.018658265676885805 0
outer loop
vertex 9.1902494430542 45.23279571533203 2.5
vertex 9.35246467590332 36.5402946472168 2.5
vertex 9.1902494430542 45.23279571533203 6.199999809265137
endloop
endfacet
facet normal -0.9998249248451457 -0.018657664175132867 0.0014181769729001011
outer loop
vertex 9.1902494430542 45.23279571533203 2.5
vertex 9.1902494430542 45.514034271240234 6.199999809265137
vertex 9.184829711914062 45.52322769165039 2.5
endloop
endfacet
facet normal 0 0 -1
outer loop
vertex 23.365249633789062 -64.0609130859375 -5.699999809265137
vertex 27.365249633789062 -64.9609146118164 -5.699999809265137
vertex 23.365249633789062 -64.9609146118164 -5.699999809265137
endloop
endfacet
facet normal 0 0 1
outer loop
vertex -45.12727737426758 51.2880859375 7.199999809265137
vertex -43.15190887451172 46.27629470825195 7.199999809265137
vertex -43.12109375 46.307106018066406 7.199999809265137
endloop
endfacet
facet normal 0 0 1
outer loop
vertex -43.04970169067383 46.35709762573242 7.199999809265137
vertex -42.97071075439453 46.3939323425293 7.199999809265137
vertex -45.12727737426758 51.2880859375 7.199999809265137
endloop
endfacet
facet normal 0 0 1
outer loop
vertex -45.12727737426758 51.2880859375 7.199999809265137
vertex -43.12109375 46.307106018066406 7.199999809265137
vertex -43.04970169067383 46.35709762573242 7.199999809265137
endloop
endfacet
facet normal 0 0 1
outer loop
vertex -45.12727737426758 51.2880859375 7.199999809265137
vertex -42.97071075439453 46.3939323425293 7.199999809265137
vertex -42.88652420043945 46.41648864746094 7.199999809265137
endloop
endfacet
facet normal 0 0 1
outer loop
vertex -42.88652420043945 46.41648864746094 7.199999809265137
vertex -42.79970169067383 46.4240837097168 7.199999809265137
vertex -44.146121978759766 51.62143325805664 7.199999809265137
endloop
endfacet
facet normal 0 0 1
outer loop
vertex -45.12727737426758 51.2880859375 7.199999809265137
vertex -42.88652420043945 46.41648864746094 7.199999809265137
vertex -44.146121978759766 51.62143325805664 7.199999809265137
endloop
endfacet
facet normal 0 0 1
outer loop
vertex 9.6902494430542 45.514034271240234 7.199999809265137
vertex 9.6902494430542 45.23746109008789 7.199999809265137
vertex 11.839919090270996 50.8928108215332 7.199999809265137
endloop
endfacet
facet normal 0 0 1
outer loop
vertex 15.927776336669922 46.18454360961914 7.199999809265137
vertex 15.249863624572754 46.862457275390625 7.199999809265137
vertex 9.849260330200195 36.716651916503906 7.199999809265137
endloop
endfacet
facet normal 0 0 1
outer loop
vertex 15.927776336669922 46.18454360961914 7.199999809265137
vertex 11.256301879882812 35.661739349365234 7.199999809265137
vertex 16.71310806274414 45.634647369384766 7.199999809265137
endloop
endfacet
facet normal 0 -1 0
outer loop
vertex -42.79970169067383 45.9240837097168 6.199999809265137
vertex -42.79970169067383 45.9240837097168 2.5
vertex 8.78019905090332 45.9240837097168 2.5
endloop
endfacet
facet normal 0 0 1
outer loop
vertex 9.6902494430542 45.23746109008789 7.199999809265137
vertex 9.849260330200195 36.716651916503906 7.199999809265137
vertex 15.249863624572754 46.862457275390625 7.199999809265137
endloop
endfacet
facet normal 0 0 1
outer loop
vertex 22.340566635131836 44.11964416503906 7.199999809265137
vertex 11.256301879882812 35.661739349365234 7.199999809265137
vertex 22.875661849975586 44.263023376464844 7.199999809265137
endloop
endfacet
facet normal 0 0 1
outer loop
vertex 21.385501861572266 44.03608703613281 7.199999809265137
vertex 11.256301879882812 35.661739349365234 7.199999809265137
vertex 22.340566635131836 44.11964416503906 7.199999809265137
endloop
endfacet
facet normal 0 0 1
outer loop
vertex 20.430437088012695 44.11964416503906 7.199999809265137
vertex 11.256301879882812 35.661739349365234 7.199999809265137
vertex 21.385501861572266 44.03608703613281 7.199999809265137
endloop
endfacet
facet normal 0 0 1
outer loop
vertex 19.504390716552734 44.36777877807617 7.199999809265137
vertex 11.256301879882812 35.661739349365234 7.199999809265137
vertex 20.430437088012695 44.11964416503906 7.199999809265137
endloop
endfacet
facet normal 0 0 1
outer loop
vertex 19.144140243530273 44.5357666015625 7.199999809265137
vertex 11.256301879882812 35.661739349365234 7.199999809265137
vertex 19.504390716552734 44.36777877807617 7.199999809265137
endloop
endfacet
facet normal 0 0 1
outer loop
vertex 19.144140243530273 44.5357666015625 7.199999809265137
vertex 17.22174644470215 45.397464752197266 7.199999809265137
vertex 11.256301879882812 35.661739349365234 7.199999809265137
endloop
endfacet
facet normal 0 0 1
outer loop
vertex 11.256301879882812 35.661739349365234 7.199999809265137
vertex 15.927776336669922 46.18454360961914 7.199999809265137
vertex 9.849260330200195 36.716651916503906 7.199999809265137
endloop
endfacet
facet normal 0 0 1
outer loop
vertex 10.935328483581543 51.33793258666992 7.199999809265137
vertex 8.95120906829834 46.3939323425293 7.199999809265137
vertex 9.03019905090332 46.35709762573242 7.199999809265137
endloop
endfacet
facet normal 0 0 1
outer loop
vertex 10.935328483581543 51.33793258666992 7.199999809265137
vertex 8.867023468017578 46.41648864746094 7.199999809265137
vertex 8.95120906829834 46.3939323425293 7.199999809265137
endloop
endfacet
facet normal 0 0 1
outer loop
vertex 8.867023468017578 46.41648864746094 7.199999809265137
vertex 10.935328483581543 51.33793258666992 7.199999809265137
vertex 8.78019905090332 46.4240837097168 7.199999809265137
endloop
endfacet
facet normal -0.1877995092527191 -0.9822073835623706 0
outer loop
vertex 11.090030670166016 35.161476135253906 6.199999809265137
vertex 11.226277351379395 35.13542556762695 2.5
vertex 11.226277351379395 35.13542556762695 6.199999809265137
endloop
endfacet
facet normal -0.5998663392211067 -0.8001002281398675 0
outer loop
vertex 11.090030670166016 35.161476135253906 2.5
vertex 11.090030670166016 35.161476135253906 6.199999809265137
vertex 9.415665626525879 36.416812896728516 6.199999809265137
endloop
endfacet
facet normal -0.707105100002666 -0.707108462366432 0
outer loop
vertex 8.980757713317871 45.72352600097656 2.5
vertex 8.980757713317871 45.72352600097656 6.199999809265137
vertex 8.78019905090332 45.9240837097168 6.199999809265137
endloop
endfacet
facet normal -0.707105100002666 -0.707108462366432 0
outer loop
vertex 8.78019905090332 45.9240837097168 2.5
vertex 8.980757713317871 45.72352600097656 2.5
vertex 8.78019905090332 45.9240837097168 6.199999809265137
endloop
endfacet
facet normal -0.7004773741148954 -0.7136746095757512 0
outer loop
vertex 9.184829711914062 45.52322769165039 2.5
vertex 8.980757713317871 45.72352600097656 6.199999809265137
vertex 8.980757713317871 45.72352600097656 2.5
endloop
endfacet
facet normal 0 0 1
outer loop
vertex -44.146121978759766 51.62143325805664 7.199999809265137
vertex -42.79970169067383 46.4240837097168 7.199999809265137
vertex 8.78019905090332 46.4240837097168 7.199999809265137
endloop
endfacet
facet normal 0 -1 0
outer loop
vertex -42.79970169067383 45.9240837097168 6.199999809265137
vertex 8.78019905090332 45.9240837097168 2.5
vertex 8.78019905090332 45.9240837097168 6.199999809265137
endloop
endfacet
facet normal -0.1877995092527191 -0.9822073835623706 0
outer loop
vertex 11.090030670166016 35.161476135253906 2.5
vertex 11.226277351379395 35.13542556762695 2.5
vertex 11.090030670166016 35.161476135253906 6.199999809265137
endloop
endfacet
facet normal -0.5998663392211067 -0.8001002281398675 0
outer loop
vertex 11.090030670166016 35.161476135253906 2.5
vertex 9.415665626525879 36.416812896728516 6.199999809265137
vertex 9.415665626525879 36.416812896728516 2.5
endloop
endfacet
facet normal 0 0 1
outer loop
vertex -44.146121978759766 51.62143325805664 7.199999809265137
vertex 8.78019905090332 46.4240837097168 7.199999809265137
vertex 10.935328483581543 51.33793258666992 7.199999809265137
endloop
endfacet
facet normal -0.707106597298411 -0.707106597298411 -0.0007211893828489171
outer loop
vertex 8.980757713317871 45.72352600097656 6.199999809265137
vertex 9.184829711914062 45.52322769165039 2.5
vertex 9.1902494430542 45.514034271240234 6.199999809265137
endloop
endfacet
facet normal 0 0 -1
outer loop
vertex 8.365249633789062 -64.9609146118164 -5.699999809265137
vertex -12.76488971710205 -64.0609130859375 -5.699999809265137
vertex 8.365249633789062 -64.0609130859375 -5.699999809265137
endloop
endfacet
facet normal -1 0 0
outer loop
vertex 9.1902494430542 45.514034271240234 6.199999809265137
vertex 9.1902494430542 45.23279571533203 2.5
vertex 9.1902494430542 45.23279571533203 6.199999809265137
endloop
endfacet
facet normal -0.9998259215663083 -0.018658150069297937 -2.716943489061547e-7
outer loop
vertex 9.1902494430542 45.23279571533203 6.199999809265137
vertex 9.35246467590332 36.5402946472168 2.5
vertex 9.234896659851074 42.84030532836914 6.199999809265137
endloop
endfacet
facet normal -0.9998259185896399 -0.01865830957999228 0
outer loop
vertex 9.35246467590332 36.5402946472168 2.5
vertex 9.35246467590332 36.5402946472168 6.199999809265137
vertex 9.234896659851074 42.84030532836914 6.199999809265137
endloop
endfacet
facet normal 0.2623608039967303 -0.9649698485062573 0
outer loop
vertex 11.226277351379395 35.13542556762695 2.5
vertex 24.4483642578125 38.73031234741211 2.5
vertex 11.226277351379395 35.13542556762695 6.199999809265137
endloop
endfacet
facet normal -0.8901772920771686 -0.45561429814060883 0
outer loop
vertex 9.35246467590332 36.5402946472168 6.199999809265137
vertex 9.415665626525879 36.416812896728516 2.5
vertex 9.415665626525879 36.416812896728516 6.199999809265137
endloop
endfacet
facet normal 0.2623610050771653 -0.9649697938351771 7.716863455153355e-7
outer loop
vertex 11.226277351379395 35.13542556762695 6.199999809265137
vertex 24.4483642578125 38.73031234741211 2.5
vertex 41.62907409667969 43.401493072509766 2.5
endloop
endfacet
facet normal 0.625697316896902 -0.7800659380001269 0
outer loop
vertex -70.35034942626953 43.376495361328125 0
vertex -70.35034942626953 43.376495361328125 -5.699999809265137
vertex -66.5118408203125 46.45539474487305 0
endloop
endfacet
facet normal -0.4806501406170926 0.8769124484945855 0
outer loop
vertex 51.939090728759766 -54.83150863647461 0
vertex 51.939090728759766 -54.83150863647461 -5.699999809265137
vertex 49.30198287963867 -56.27695083618164 0
endloop
endfacet
facet normal 0 1 0
outer loop
vertex 8.365249633789062 -64.0609130859375 -4.949999809265137
vertex -7.712859153747559 -64.0609130859375 -1.9500000476837158
vertex 8.479430198669434 -64.0609130859375 -4.375974655151367
endloop
endfacet
facet normal 0 1 0
outer loop
vertex 8.365249633789062 -64.0609130859375 -5.699999809265137
vertex -7.712859153747559 -64.0609130859375 -1.9500000476837158
vertex 8.365249633789062 -64.0609130859375 -4.949999809265137
endloop
endfacet
facet normal 0.8814017020513124 -0.4723674836618728 0
outer loop
vertex -71.38214874267578 41.47691345214844 0
vertex -71.38214874267578 41.47691345214844 -5.699999809265137
vertex -70.38909912109375 43.32986831665039 0
endloop
endfacet
facet normal 0.531009781344113 0.8473656897213134 0
outer loop
vertex -38.17902374267578 -40.715248107910156 -5.699999809265137
vertex -75.06803131103516 -17.598400115966797 -5.699999809265137
vertex -75.06803131103516 -17.598400115966797 0
endloop
endfacet
facet normal 0.8956469697536891 0.44476567490200314 0
outer loop
vertex -75.12377166748047 -17.536853790283203 -5.699999809265137
vertex -76.41582489013672 -14.934981346130371 -5.699999809265137
vertex -76.41582489013672 -14.934981346130371 0
endloop
endfacet
facet normal 0.9827820978713753 0.18476836337300384 0
outer loop
vertex -76.41582489013672 -14.934981346130371 -5.699999809265137
vertex -76.43116760253906 -14.853373527526855 -5.699999809265137
vertex -76.43116760253906 -14.853373527526855 0
endloop
endfacet
facet normal 0 1 0
outer loop
vertex 8.80458927154541 -64.0609130859375 -3.8893399238586426
vertex -7.712859153747559 -64.0609130859375 -1.9500000476837158
vertex 9.291224479675293 -64.0609130859375 -3.564180612564087
endloop
endfacet
facet normal 0 1 0
outer loop
vertex 9.865249633789062 -64.0609130859375 -3.450000047683716
vertex 9.291224479675293 -64.0609130859375 -3.564180612564087
vertex -7.712859153747559 -64.0609130859375 -1.9500000476837158
endloop
endfacet
facet normal 0.9960261614674907 -0.08906113445920237 0.000001084485270959851
outer loop
vertex -76.43116760253906 -14.853373527526855 -5.699999809265137
vertex -74.73531341552734 4.112477779388428 -1
vertex -76.42747497558594 -14.812019348144531 -1
endloop
endfacet
facet normal 0.7412026483985017 0.671281337448798 0
outer loop
vertex -75.06803131103516 -17.598400115966797 0
vertex -75.06803131103516 -17.598400115966797 -5.699999809265137
vertex -75.12377166748047 -17.536853790283203 0
endloop
endfacet
facet normal 0 1 0
outer loop
vertex 21.865249633789062 -64.0609130859375 -3.450000047683716
vertex 0.2871410846710205 -64.0609130859375 -0.44999998807907104
vertex 27.804590225219727 -64.0609130859375 -3.8893399238586426
endloop
endfacet
facet normal 0 1 0
outer loop
vertex 27.804590225219727 -64.0609130859375 -3.8893399238586426
vertex 0.2871410846710205 -64.0609130859375 -0.44999998807907104
vertex 28.291223526000977 -64.0609130859375 -3.564180612564087
endloop
endfacet
facet normal 0 1 0
outer loop
vertex 28.291223526000977 -64.0609130859375 -3.564180612564087
vertex 0.2871410846710205 -64.0609130859375 -0.44999998807907104
vertex 28.865249633789062 -64.0609130859375 -3.450000047683716
endloop
endfacet
facet normal 0.9960370876288144 -0.08893885578255124 0
outer loop
vertex -76.43116760253906 -14.853373527526855 0
vertex -76.43116760253906 -14.853373527526855 -5.699999809265137
vertex -76.42747497558594 -14.812019348144531 -1
endloop
endfacet
facet normal 0.9827820978713753 0.18476836337300384 0
outer loop
vertex -76.41582489013672 -14.934981346130371 0
vertex -76.41582489013672 -14.934981346130371 -5.699999809265137
vertex -76.43116760253906 -14.853373527526855 0
endloop
endfacet
facet normal 0 1 0
outer loop
vertex 23.365249633789062 -64.0609130859375 -5.699999809265137
vertex 23.365249633789062 -64.0609130859375 -4.949999809265137
vertex 27.365249633789062 -64.0609130859375 -5.699999809265137
endloop
endfacet
facet normal 0.8956469697536891 0.44476567490200314 0
outer loop
vertex -75.12377166748047 -17.536853790283203 0
vertex -75.12377166748047 -17.536853790283203 -5.699999809265137
vertex -76.41582489013672 -14.934981346130371 0
endloop
endfacet
facet normal 0.9960370876288145 -0.08893885578255124 0
outer loop
vertex -76.43116760253906 -14.853373527526855 0
vertex -76.42747497558594 -14.812019348144531 -1
vertex -76.42747497558594 -14.812019348144531 0
endloop
endfacet
facet normal 0.531009781344113 0.8473656897213134 0
outer loop
vertex -38.17902374267578 -40.715248107910156 -5.699999809265137
vertex -75.06803131103516 -17.598400115966797 0
vertex -38.17902374267578 -40.715248107910156 0
endloop
endfacet
facet normal 0.7315952928061144 0.6817391931992292 0
outer loop
vertex -32.574092864990234 -57.17435073852539 -5.699999809265137
vertex -35.99972152709961 -53.49820327758789 -5.699999809265137
vertex -35.99972152709961 -53.49820327758789 0
endloop
endfacet
facet normal 0.8420044316280269 0.5394706082065673 0
outer loop
vertex -35.99972152709961 -53.49820327758789 -5.699999809265137
vertex -36.02899169921875 -53.452518463134766 -5.699999809265137
vertex -36.02899169921875 -53.452518463134766 0
endloop
endfacet
facet normal 0 1 0
outer loop
vertex 27.365249633789062 -64.0609130859375 -5.699999809265137
vertex 23.365249633789062 -64.0609130859375 -4.949999809265137
vertex 27.365249633789062 -64.0609130859375 -4.949999809265137
endloop
endfacet
facet normal 0.978223311600894 0.2075551797488564 0
outer loop
vertex -36.741844177246094 -51.7154426574707 -5.699999809265137
vertex -36.75310516357422 -51.66236877441406 -5.699999809265137
vertex -36.75310516357422 -51.66236877441406 0
endloop
endfacet
facet normal 0.9251300892845398 0.3796502573427015 0
outer loop
vertex -36.02899169921875 -53.452518463134766 -5.699999809265137
vertex -36.741844177246094 -51.7154426574707 -5.699999809265137
vertex -36.741844177246094 -51.7154426574707 0
endloop
endfacet
facet normal 0.466691688633852 -0.8844200742634033 0
outer loop
vertex 37.367671966552734 50.90614318847656 0
vertex 37.367671966552734 50.90614318847656 -5.699999809265137
vertex 38.27666091918945 51.385799407958984 0
endloop
endfacet
facet normal 0 1 0
outer loop
vertex 27.365249633789062 -64.0609130859375 -4.949999809265137
vertex 23.365249633789062 -64.0609130859375 -4.949999809265137
vertex 23.251068115234375 -64.0609130859375 -4.375974655151367
endloop
endfacet
facet normal 0 1 0
outer loop
vertex 23.251068115234375 -64.0609130859375 -4.375974655151367
vertex 22.9259090423584 -64.0609130859375 -3.8893399238586426
vertex 27.365249633789062 -64.0609130859375 -4.949999809265137
endloop
endfacet
facet normal 0.5786628974816167 0.815566828088404 0
outer loop
vertex -32.52409744262695 -57.20982360839844 -5.699999809265137
vertex -32.574092864990234 -57.17435073852539 -5.699999809265137
vertex -32.574092864990234 -57.17435073852539 0
endloop
endfacet
facet normal 0.4017291919978675 0.9157585141819542 0
outer loop
vertex -30.5770206451416 -58.0639762878418 -5.699999809265137
vertex -32.52409744262695 -57.20982360839844 -5.699999809265137
vertex -32.52409744262695 -57.20982360839844 0
endloop
endfacet
facet normal 0.2082241808313903 0.978081126756414 0
outer loop
vertex -30.517065048217773 -58.07674026489258 -5.699999809265137
vertex -30.5770206451416 -58.0639762878418 -5.699999809265137
vertex -30.5770206451416 -58.0639762878418 0
endloop
endfacet
facet normal 0.0061510700315408826 0.9999810819897881 0
outer loop
vertex -18.606342315673828 -58.15000534057617 -5.699999809265137
vertex -30.517065048217773 -58.07674026489258 -5.699999809265137
vertex -30.517065048217773 -58.07674026489258 0
endloop
endfacet
facet normal 0.9995881325572332 0.02869782658570886 0
outer loop
vertex -36.75310516357422 -51.66236877441406 -5.699999809265137
vertex -37.008689880371094 -42.759971618652344 -5.699999809265137
vertex -37.008689880371094 -42.759971618652344 0
endloop
endfacet
facet normal 0.8678917900975671 0.496753299617869 0
outer loop
vertex -37.008689880371094 -42.759971618652344 -5.699999809265137
vertex -38.17902374267578 -40.715248107910156 -5.699999809265137
vertex -38.17902374267578 -40.715248107910156 0
endloop
endfacet
facet normal 0 1 0
outer loop
vertex 27.479429244995117 -64.0609130859375 -4.375974655151367
vertex 27.365249633789062 -64.0609130859375 -4.949999809265137
vertex 22.9259090423584 -64.0609130859375 -3.8893399238586426
endloop
endfacet
facet normal 0 1 0
outer loop
vertex -12.76488971710205 -64.0609130859375 -5.699999809265137
vertex -7.712859153747559 -64.0609130859375 -1.9500000476837158
vertex 8.365249633789062 -64.0609130859375 -5.699999809265137
endloop
endfacet
facet normal 0.6365297149272847 0.771252177964244 0
outer loop
vertex -16.026161193847656 -60.27947998046875 -5.699999809265137
vertex -18.606342315673828 -58.15000534057617 -5.699999809265137
vertex -18.606342315673828 -58.15000534057617 0
endloop
endfacet
facet normal -0.9372300188765866 -0.348711760221236 0
outer loop
vertex 64.50344848632812 16.66257667541504 -5.699999809265137
vertex 64.52325439453125 16.609344482421875 -5.699999809265137
vertex 64.52325439453125 16.609344482421875 0
endloop
endfacet
facet normal 0.85748241312741 0.514513275997028 0
outer loop
vertex -15.708566665649414 -61.69194030761719 -5.699999809265137
vertex -15.762106895446777 -61.60271072387695 -5.699999809265137
vertex -15.762106895446777 -61.60271072387695 0
endloop
endfacet
facet normal 0.9806649366389789 0.19569435875075106 0
outer loop
vertex -15.762106895446777 -61.60271072387695 -5.699999809265137
vertex -16.026161193847656 -60.27947998046875 -5.699999809265137
vertex -16.026161193847656 -60.27947998046875 0
endloop
endfacet
facet normal 0.33673752765897647 0.9415985543033294 0
outer loop
vertex -12.76488971710205 -64.0609130859375 -5.699999809265137
vertex -12.862874984741211 -64.02587127685547 -5.699999809265137
vertex -12.862874984741211 -64.02587127685547 0
endloop
endfacet
facet normal 0 1 0
outer loop
vertex 22.9259090423584 -64.0609130859375 -3.8893399238586426
vertex 22.439273834228516 -64.0609130859375 -3.564180612564087
vertex 27.479429244995117 -64.0609130859375 -4.375974655151367
endloop
endfacet
facet normal 0.6341549362674644 0.7732059989469872 0
outer loop
vertex -12.862874984741211 -64.02587127685547 -5.699999809265137
vertex -15.708566665649414 -61.69194030761719 -5.699999809265137
vertex -15.708566665649414 -61.69194030761719 0
endloop
endfacet
facet normal 0 1 0
outer loop
vertex -7.712859153747559 -64.0609130859375 -1.9500000476837158
vertex -12.76488971710205 -64.0609130859375 -5.699999809265137
vertex -12.76488971710205 -64.0609130859375 0
endloop
endfacet
facet normal 0.8420044316280269 0.5394706082065673 0
outer loop
vertex -35.99972152709961 -53.49820327758789 0
vertex -35.99972152709961 -53.49820327758789 -5.699999809265137
vertex -36.02899169921875 -53.452518463134766 0
endloop
endfacet
facet normal 0.9251300892845398 0.3796502573427015 0
outer loop
vertex -36.02899169921875 -53.452518463134766 0
vertex -36.02899169921875 -53.452518463134766 -5.699999809265137
vertex -36.741844177246094 -51.7154426574707 0
endloop
endfacet
facet normal 0.978223311600894 0.2075551797488564 0
outer loop
vertex -36.741844177246094 -51.7154426574707 0
vertex -36.741844177246094 -51.7154426574707 -5.699999809265137
vertex -36.75310516357422 -51.66236877441406 0
endloop
endfacet
facet normal 0 1 0
outer loop
vertex 22.439273834228516 -64.0609130859375 -3.564180612564087
vertex 21.865249633789062 -64.0609130859375 -3.450000047683716
vertex 27.804590225219727 -64.0609130859375 -3.8893399238586426
endloop
endfacet
facet normal 0.5786628974816167 0.815566828088404 0
outer loop
vertex -32.52409744262695 -57.20982360839844 0
vertex -32.52409744262695 -57.20982360839844 -5.699999809265137
vertex -32.574092864990234 -57.17435073852539 0
endloop
endfacet
facet normal 0 1 0
outer loop
vertex 27.479429244995117 -64.0609130859375 -4.375974655151367
vertex 22.439273834228516 -64.0609130859375 -3.564180612564087
vertex 27.804590225219727 -64.0609130859375 -3.8893399238586426
endloop
endfacet
facet normal 0.7315952928061144 0.6817391931992292 0
outer loop
vertex -32.574092864990234 -57.17435073852539 0
vertex -32.574092864990234 -57.17435073852539 -5.699999809265137
vertex -35.99972152709961 -53.49820327758789 0
endloop
endfacet
facet normal 0.4017291919978675 0.9157585141819542 0
outer loop
vertex -30.5770206451416 -58.0639762878418 0
vertex -30.5770206451416 -58.0639762878418 -5.699999809265137
vertex -32.52409744262695 -57.20982360839844 0
endloop
endfacet
facet normal 0.2082241808313903 0.978081126756414 0
outer loop
vertex -30.517065048217773 -58.07674026489258 0
vertex -30.517065048217773 -58.07674026489258 -5.699999809265137
vertex -30.5770206451416 -58.0639762878418 0
endloop
endfacet
facet normal 0.0061510700315408826 0.9999810819897881 0
outer loop
vertex -18.606342315673828 -58.15000534057617 0
vertex -18.606342315673828 -58.15000534057617 -5.699999809265137
vertex -30.517065048217773 -58.07674026489258 0
endloop
endfacet
facet normal 0.9995881325572332 0.02869782658570886 0
outer loop
vertex -36.75310516357422 -51.66236877441406 0
vertex -36.75310516357422 -51.66236877441406 -5.699999809265137
vertex -37.008689880371094 -42.759971618652344 0
endloop
endfacet
facet normal 0.8678917900975671 0.496753299617869 0
outer loop
vertex -37.008689880371094 -42.759971618652344 0
vertex -37.008689880371094 -42.759971618652344 -5.699999809265137
vertex -38.17902374267578 -40.715248107910156 0
endloop
endfacet
facet normal 0.85748241312741 0.514513275997028 0
outer loop
vertex -15.708566665649414 -61.69194030761719 0
vertex -15.708566665649414 -61.69194030761719 -5.699999809265137
vertex -15.762106895446777 -61.60271072387695 0
endloop
endfacet
facet normal 0.9806649366389789 0.19569435875075106 0
outer loop
vertex -15.762106895446777 -61.60271072387695 0
vertex -15.762106895446777 -61.60271072387695 -5.699999809265137
vertex -16.026161193847656 -60.27947998046875 0
endloop
endfacet
facet normal 0.6365297149272847 0.771252177964244 0
outer loop
vertex -16.026161193847656 -60.27947998046875 0
vertex -16.026161193847656 -60.27947998046875 -5.699999809265137
vertex -18.606342315673828 -58.15000534057617 0
endloop
endfacet
facet normal 0.6341549362674644 0.7732059989469872 0
outer loop
vertex -12.862874984741211 -64.02587127685547 0
vertex -12.862874984741211 -64.02587127685547 -5.699999809265137
vertex -15.708566665649414 -61.69194030761719 0
endloop
endfacet
facet normal 0 1 0
outer loop
vertex 9.865249633789062 -64.0609130859375 -3.450000047683716
vertex -7.712859153747559 -64.0609130859375 -1.9500000476837158
vertex 0.2871410846710205 -64.0609130859375 -1.9500000476837158
endloop
endfacet
facet normal 0.33673752765897647 0.9415985543033294 0
outer loop
vertex -12.76488971710205 -64.0609130859375 0
vertex -12.76488971710205 -64.0609130859375 -5.699999809265137
vertex -12.862874984741211 -64.02587127685547 0
endloop
endfacet
facet normal 0 1 0
outer loop
vertex -7.712859153747559 -64.0609130859375 -0.44999998807907104
vertex -7.712859153747559 -64.0609130859375 -1.9500000476837158
vertex -12.76488971710205 -64.0609130859375 0
endloop
endfacet
facet normal 0 1 0
outer loop
vertex 9.865249633789062 -64.0609130859375 -3.450000047683716
vertex 0.2871410846710205 -64.0609130859375 -1.9500000476837158
vertex 0.2871410846710205 -64.0609130859375 -0.44999998807907104
endloop
endfacet
facet normal 0 1 0
outer loop
vertex -7.712859153747559 -64.0609130859375 -0.44999998807907104
vertex -12.76488971710205 -64.0609130859375 0
vertex -7.712859153747559 -64.0609130859375 0
endloop
endfacet
facet normal -0.9997528502300249 -0.02223147446620246 0
outer loop
vertex 60.73797607421875 24.902748107910156 0
vertex 60.73797607421875 24.902748107910156 -5.699999809265137
vertex 60.838951110839844 20.36188507080078 0
endloop
endfacet
facet normal -0.7426993958083856 -0.669624975240514 0
outer loop
vertex 63.44572067260742 18.38701057434082 0
vertex 63.44572067260742 18.38701057434082 -5.699999809265137
vertex 63.4837532043457 18.34482765197754 0
endloop
endfacet
facet normal 0 1 0
outer loop
vertex 21.865249633789062 -64.0609130859375 -3.450000047683716
vertex 9.865249633789062 -64.0609130859375 -3.450000047683716
vertex 0.2871410846710205 -64.0609130859375 -0.44999998807907104
endloop
endfacet
facet normal -0.8551642033566915 -0.5183571985584027 0
outer loop
vertex 63.4837532043457 18.34482765197754 0
vertex 63.4837532043457 18.34482765197754 -5.699999809265137
vertex 64.50344848632812 16.66257667541504 0
endloop
endfacet
facet normal -0.6038672212432689 -0.7970849259068526 0
outer loop
vertex 60.838951110839844 20.36188507080078 0
vertex 60.838951110839844 20.36188507080078 -5.699999809265137
vertex 63.44572067260742 18.38701057434082 0
endloop
endfacet
facet normal -0.9860208518459697 -0.166621966513867 0
outer loop
vertex 64.52325439453125 16.609344482421875 0
vertex 67.8556137084961 -3.1105990409851074 -1
vertex 67.8556137084961 -3.1105990409851074 0
endloop
endfacet
facet normal -0.9372300188765866 -0.348711760221236 0
outer loop
vertex 64.50344848632812 16.66257667541504 0
vertex 64.50344848632812 16.66257667541504 -5.699999809265137
vertex 64.52325439453125 16.609344482421875 0
endloop
endfacet
facet normal 0 1 0
outer loop
vertex 0.2871410846710205 -64.0609130859375 -0.44999998807907104
vertex 0.2871410846710205 -64.0609130859375 0
vertex 44.66649627685547 -64.0609130859375 0
endloop
endfacet
facet normal -0.9860208518459698 -0.166621966513867 0
outer loop
vertex 64.52325439453125 16.609344482421875 -5.699999809265137
vertex 67.8556137084961 -3.1105990409851074 -1
vertex 64.52325439453125 16.609344482421875 0
endloop
endfacet
facet normal -0.6387029488921991 0.7694534053965898 0
outer loop
vertex 74.7945556640625 36.570743560791016 -5.699999809265137
vertex 60.73797607421875 24.902748107910156 -5.699999809265137
vertex 60.73797607421875 24.902748107910156 0
endloop
endfacet
facet normal 0 1 0
outer loop
vertex 0.2871410846710205 -64.0609130859375 -0.44999998807907104
vertex 44.66649627685547 -64.0609130859375 0
vertex 28.865249633789062 -64.0609130859375 -3.450000047683716
endloop
endfacet
facet normal 0 1 0
outer loop
vertex 40.86524963378906 -64.0609130859375 -3.450000047683716
vertex 28.865249633789062 -64.0609130859375 -3.450000047683716
vertex 44.66649627685547 -64.0609130859375 0
endloop
endfacet
facet normal -0.9997528502300249 -0.02223147446620246 0
outer loop
vertex 60.73797607421875 24.902748107910156 -5.699999809265137
vertex 60.838951110839844 20.36188507080078 -5.699999809265137
vertex 60.838951110839844 20.36188507080078 0
endloop
endfacet
facet normal -0.6038672212432689 -0.7970849259068526 0
outer loop
vertex 60.838951110839844 20.36188507080078 -5.699999809265137
vertex 63.44572067260742 18.38701057434082 -5.699999809265137
vertex 63.44572067260742 18.38701057434082 0
endloop
endfacet
facet normal -0.7426993958083856 -0.669624975240514 0
outer loop
vertex 63.44572067260742 18.38701057434082 -5.699999809265137
vertex 63.4837532043457 18.34482765197754 -5.699999809265137
vertex 63.4837532043457 18.34482765197754 0
endloop
endfacet
facet normal -0.8551642033566915 -0.5183571985584027 0
outer loop
vertex 63.4837532043457 18.34482765197754 -5.699999809265137
vertex 64.50344848632812 16.66257667541504 -5.699999809265137
vertex 64.50344848632812 16.66257667541504 0
endloop
endfacet
facet normal -0.6387029488921991 0.7694534053965898 0
outer loop
vertex 74.7945556640625 36.570743560791016 -5.699999809265137
vertex 60.73797607421875 24.902748107910156 0
vertex 74.7945556640625 36.570743560791016 0
endloop
endfacet
facet normal 0.6467817061423652 -0.762675176336277 0
outer loop
vertex 38.27666091918945 51.385799407958984 -5.699999809265137
vertex 52.59196853637695 63.52580261230469 -5.699999809265137
vertex 52.59196853637695 63.52580261230469 0
endloop
endfacet
facet normal 0 1 0
outer loop
vertex 44.66649627685547 -64.0609130859375 -5.699999809265137
vertex 42.36524963378906 -64.0609130859375 -5.699999809265137
vertex 42.36524963378906 -64.0609130859375 -4.949999809265137
endloop
endfacet
facet normal 0.47780037461133296 -0.8784684411071748 0
outer loop
vertex 52.59196853637695 63.52580261230469 -5.699999809265137
vertex 52.64623260498047 63.55531692504883 -5.699999809265137
vertex 52.64623260498047 63.55531692504883 0
endloop
endfacet
facet normal 0.28882970472813435 -0.9573804894955081 0
outer loop
vertex 52.64623260498047 63.55531692504883 -5.699999809265137
vertex 54.69771957397461 64.17422485351562 -5.699999809265137
vertex 54.69771957397461 64.17422485351562 0
endloop
endfacet
facet normal 0.08781811162867789 -0.9961365264209384 0
outer loop
vertex 54.69771957397461 64.17422485351562 -5.699999809265137
vertex 54.75925064086914 64.17964935302734 -5.699999809265137
vertex 54.75925064086914 64.17964935302734 0
endloop
endfacet
facet normal -0.1170784392737005 -0.9931226706994633 0
outer loop
vertex 54.75925064086914 64.17964935302734 -5.699999809265137
vertex 59.832000732421875 63.581626892089844 -5.699999809265137
vertex 59.832000732421875 63.581626892089844 0
endloop
endfacet
facet normal -0.8993154801508069 -0.43730043123820916 0
outer loop
vertex 16.5819091796875 49.69142532348633 -5.699999809265137
vertex 17.542530059814453 47.71589279174805 -5.699999809265137
vertex 17.542530059814453 47.71589279174805 0
endloop
endfacet
facet normal -0.8218083621516604 -0.5697640001769202 0
outer loop
vertex 16.555599212646484 49.729373931884766 -5.699999809265137
vertex 16.5819091796875 49.69142532348633 -5.699999809265137
vertex 16.5819091796875 49.69142532348633 0
endloop
endfacet
facet normal -0.41253379297126713 -0.9109422976548732 0
outer loop
vertex 17.542530059814453 47.71589279174805 -5.699999809265137
vertex 20.634140014648438 46.31581115722656 -5.699999809265137
vertex 20.634140014648438 46.31581115722656 0
endloop
endfacet
facet normal -0.7718294657972086 0.6358295964542667 0
outer loop
vertex 74.8306884765625 36.61460494995117 -5.699999809265137
vertex 74.7945556640625 36.570743560791016 -5.699999809265137
vertex 74.7945556640625 36.570743560791016 0
endloop
endfacet
facet normal -0.8774593940714108 0.47965092698318906 0
outer loop
vertex 75.77476501464844 38.341670989990234 -5.699999809265137
vertex 74.8306884765625 36.61460494995117 -5.699999809265137
vertex 74.8306884765625 36.61460494995117 0
endloop
endfacet
facet normal -0.9519146527109099 0.3063633365046607 0
outer loop
vertex 75.79217529296875 38.39576721191406 -5.699999809265137
vertex 75.77476501464844 38.341670989990234 -5.699999809265137
vertex 75.77476501464844 38.341670989990234 0
endloop
endfacet
facet normal -0.9925030983157224 0.12221947403622471 0
outer loop
vertex 76.41197967529297 43.42898941040039 -5.699999809265137
vertex 75.79217529296875 38.39576721191406 -5.699999809265137
vertex 75.79217529296875 38.39576721191406 0
endloop
endfacet
facet normal -0.9966987981382766 -0.08118808896454745 0
outer loop
vertex 76.40699768066406 43.490150451660156 -5.699999809265137
vertex 76.41197967529297 43.42898941040039 -5.699999809265137
vertex 76.41197967529297 43.42898941040039 0
endloop
endfacet
facet normal -0.9596216458157788 -0.28129396879744134 0
outer loop
vertex 75.80828857421875 45.53261947631836 -5.699999809265137
vertex 76.40699768066406 43.490150451660156 -5.699999809265137
vertex 76.40699768066406 43.490150451660156 0
endloop
endfacet
facet normal -0.8828137044727227 -0.4697232836417078 0
outer loop
vertex 75.77946472167969 45.5867919921875 -5.699999809265137
vertex 75.80828857421875 45.53261947631836 -5.699999809265137
vertex 75.80828857421875 45.53261947631836 0
endloop
endfacet
facet normal -0.9993366223609285 0.036418610740267664 0
outer loop
vertex 71.02655029296875 -21.875255584716797 0
vertex 71.02655029296875 -21.875255584716797 -5.699999809265137
vertex 71.0243148803711 -21.936595916748047 0
endloop
endfacet
facet normal -0.9712459405202897 0.2380783967999993 0
outer loop
vertex 71.0243148803711 -21.936595916748047 0
vertex 71.0243148803711 -21.936595916748047 -5.699999809265137
vertex 70.5174331665039 -24.004430770874023 0
endloop
endfacet
facet normal -0.9029225407811904 0.429803310072456 0
outer loop
vertex 70.5174331665039 -24.004430770874023 0
vertex 70.5174331665039 -24.004430770874023 -5.699999809265137
vertex 70.49105072021484 -24.05985450744629 0
endloop
endfacet
facet normal -0.9860321184425379 -0.1665552803117359 0
outer loop
vertex 71.02143859863281 -21.844993591308594 -1
vertex 71.02655029296875 -21.875255584716797 -5.699999809265137
vertex 71.02655029296875 -21.875255584716797 0
endloop
endfacet
facet normal -0.7971884579847744 0.6037305379520381 0
outer loop
vertex 70.49105072021484 -24.05985450744629 0
vertex 70.49105072021484 -24.05985450744629 -5.699999809265137
vertex 67.48045349121094 -28.035160064697266 0
endloop
endfacet
facet normal -0.6801668101769556 0.733057371788665 0
outer loop
vertex 67.48045349121094 -28.035160064697266 0
vertex 67.48045349121094 -28.035160064697266 -5.699999809265137
vertex 67.44196319580078 -28.070873260498047 0
endloop
endfacet
facet normal -0.5425565566749306 0.8400192752604208 0
outer loop
vertex 67.44196319580078 -28.070873260498047 0
vertex 67.44196319580078 -28.070873260498047 -5.699999809265137
vertex 65.91632843017578 -29.056259155273438 0
endloop
endfacet
facet normal -0.3883882601484834 0.9214958271087472 0
outer loop
vertex 65.91632843017578 -29.056259155273438 0
vertex 65.91632843017578 -29.056259155273438 -5.699999809265137
vertex 65.8679428100586 -29.07665252685547 0
endloop
endfacet
facet normal -0.22245312200067888 0.9749433873370038 0
outer loop
vertex 65.8679428100586 -29.07665252685547 0
vertex 65.8679428100586 -29.07665252685547 -5.699999809265137
vertex 56.392887115478516 -31.23857879638672 0
endloop
endfacet
facet normal -0.7663105867832336 0.6424702986005939 0
outer loop
vertex 56.392887115478516 -31.23857879638672 -5.699999809265137
vertex 54.36219024658203 -33.66070556640625 0
vertex 56.392887115478516 -31.23857879638672 0
endloop
endfacet
facet normal -0.9860207843766429 -0.16662236577684367 4.442715463946576e-7
outer loop
vertex 67.8556137084961 -3.1105990409851074 -1
vertex 71.02655029296875 -21.875255584716797 -5.699999809265137
vertex 71.02143859863281 -21.844993591308594 -1
endloop
endfacet
facet normal -0.9860208278626827 -0.16662210843887024 -6.124838500567153e-7
outer loop
vertex 64.52325439453125 16.609344482421875 -5.699999809265137
vertex 71.02655029296875 -21.875255584716797 -5.699999809265137
vertex 67.8556137084961 -3.1105990409851074 -1
endloop
endfacet
facet normal 0.26454620227123304 -0.9643730123058546 0
outer loop
vertex 20.634140014648438 46.31581115722656 0
vertex 20.634140014648438 46.31581115722656 -5.699999809265137
vertex 37.367671966552734 50.90614318847656 0
endloop
endfacet
facet normal -0.5717948980026237 -0.8203966081220528 0
outer loop
vertex 13.173798561096191 53.27084732055664 0
vertex 13.173798561096191 53.27084732055664 -5.699999809265137
vertex 13.223747253417969 53.23603439331055 0
endloop
endfacet
facet normal -0.7249452844999691 -0.688806456474719 0
outer loop
vertex 13.223747253417969 53.23603439331055 0
vertex 13.223747253417969 53.23603439331055 -5.699999809265137
vertex 16.555599212646484 49.729373931884766 0
endloop
endfacet
facet normal -0.39534247836062775 -0.9185337907794554 0
outer loop
vertex 11.234321594238281 54.10560989379883 0
vertex 11.234321594238281 54.10560989379883 -5.699999809265137
vertex 13.173798561096191 53.27084732055664 0
endloop
endfacet
facet normal -0.2028107072042135 -0.9792179619693088 0
outer loop
vertex 11.174701690673828 54.117958068847656 0
vertex 11.174701690673828 54.117958068847656 -5.699999809265137
vertex 11.234321594238281 54.10560989379883 0
endloop
endfacet
facet normal -0.41253379297126713 -0.9109422976548732 0
outer loop
vertex 17.542530059814453 47.71589279174805 0
vertex 17.542530059814453 47.71589279174805 -5.699999809265137
vertex 20.634140014648438 46.31581115722656 0
endloop
endfacet
facet normal -0.8218083621516604 -0.5697640001769202 0
outer loop
vertex 16.555599212646484 49.729373931884766 0
vertex 16.555599212646484 49.729373931884766 -5.699999809265137
vertex 16.5819091796875 49.69142532348633 0
endloop
endfacet
facet normal -0.9993366223609285 0.036418610740267664 0
outer loop
vertex 71.02655029296875 -21.875255584716797 -5.699999809265137
vertex 71.0243148803711 -21.936595916748047 -5.699999809265137
vertex 71.0243148803711 -21.936595916748047 0
endloop
endfacet
facet normal -0.9712459405202897 0.2380783967999993 0
outer loop
vertex 71.0243148803711 -21.936595916748047 -5.699999809265137
vertex 70.5174331665039 -24.004430770874023 -5.699999809265137
vertex 70.5174331665039 -24.004430770874023 0
endloop
endfacet
facet normal -0.9029225407811904 0.429803310072456 0
outer loop
vertex 70.5174331665039 -24.004430770874023 -5.699999809265137
vertex 70.49105072021484 -24.05985450744629 -5.699999809265137
vertex 70.49105072021484 -24.05985450744629 0
endloop
endfacet
facet normal -0.6348441981997665 -0.7726393213415198 -0.0011502734507113197
outer loop
vertex 61.6281852722168 62.61811065673828 -5.699999809265137
vertex 61.67239761352539 62.581783294677734 -5.699999809265137
vertex 61.690670013427734 62.55977249145508 -1
endloop
endfacet
facet normal -0.7971884579847744 0.6037305379520381 0
outer loop
vertex 70.49105072021484 -24.05985450744629 -5.699999809265137
vertex 67.48045349121094 -28.035160064697266 -5.699999809265137
vertex 67.48045349121094 -28.035160064697266 0
endloop
endfacet
facet normal -0.6801668101769556 0.733057371788665 0
outer loop
vertex 67.48045349121094 -28.035160064697266 -5.699999809265137
vertex 67.44196319580078 -28.070873260498047 -5.699999809265137
vertex 67.44196319580078 -28.070873260498047 0
endloop
endfacet
facet normal -0.5425565566749306 0.8400192752604208 0
outer loop
vertex 67.44196319580078 -28.070873260498047 -5.699999809265137
vertex 65.91632843017578 -29.056259155273438 -5.699999809265137
vertex 65.91632843017578 -29.056259155273438 0
endloop
endfacet
facet normal -0.3883882601484834 0.9214958271087472 0
outer loop
vertex 65.91632843017578 -29.056259155273438 -5.699999809265137
vertex 65.8679428100586 -29.07665252685547 -5.699999809265137
vertex 65.8679428100586 -29.07665252685547 0
endloop
endfacet
facet normal -0.7694539905350527 -0.6387022439678797 -2.7916702479455585e-7
outer loop
vertex 61.67239761352539 62.581783294677734 -5.699999809265137
vertex 75.77946472167969 45.5867919921875 -5.699999809265137
vertex 73.82601165771484 47.94014358520508 -1
endloop
endfacet
facet normal -0.7694540824307242 -0.6387021332597851 3.033463087498092e-7
outer loop
vertex 61.67239761352539 62.581783294677734 -5.699999809265137
vertex 73.82601165771484 47.94014358520508 -1
vertex 61.690670013427734 62.55977249145508 -1
endloop
endfacet
facet normal -0.8993154801508069 -0.43730043123820916 0
outer loop
vertex 16.5819091796875 49.69142532348633 0
vertex 16.5819091796875 49.69142532348633 -5.699999809265137
vertex 17.542530059814453 47.71589279174805 0
endloop
endfacet
facet normal 0.466691688633852 -0.8844200742634033 0
outer loop
vertex 37.367671966552734 50.90614318847656 -5.699999809265137
vertex 38.27666091918945 51.385799407958984 -5.699999809265137
vertex 38.27666091918945 51.385799407958984 0
endloop
endfacet
facet normal 0.26454620227123304 -0.9643730123058546 0
outer loop
vertex 20.634140014648438 46.31581115722656 -5.699999809265137
vertex 37.367671966552734 50.90614318847656 -5.699999809265137
vertex 37.367671966552734 50.90614318847656 0
endloop
endfacet
facet normal -0.0019274385998923856 -0.9999981424884966 0
outer loop
vertex -44.8609733581543 54.2259635925293 0
vertex -44.8609733581543 54.2259635925293 -5.699999809265137
vertex 11.174701690673828 54.117958068847656 0
endloop
endfacet
facet normal -0.0019274385998923856 -0.9999981424884966 0
outer loop
vertex -44.8609733581543 54.2259635925293 -5.699999809265137
vertex 11.174701690673828 54.117958068847656 -5.699999809265137
vertex 11.174701690673828 54.117958068847656 0
endloop
endfacet
facet normal 0.18502945547112776 -0.9827329752318571 0
outer loop
vertex -44.916568756103516 54.21549606323242 0
vertex -44.916568756103516 54.21549606323242 -5.699999809265137
vertex -44.8609733581543 54.2259635925293 0
endloop
endfacet
facet normal 0.3654381472384299 -0.9308356248784979 0
outer loop
vertex -46.74026870727539 53.49952697753906 0
vertex -46.74026870727539 53.49952697753906 -5.699999809265137
vertex -44.916568756103516 54.21549606323242 0
endloop
endfacet
facet normal 0.5329777975333783 -0.8461292261448419 0
outer loop
vertex -46.78813552856445 53.46937561035156 0
vertex -46.78813552856445 53.46937561035156 -5.699999809265137
vertex -46.74026870727539 53.49952697753906 0
endloop
endfacet
facet normal 0.681739537165999 -0.7315949722795323 0
outer loop
vertex -50.48073196411133 50.02841567993164 0
vertex -50.48073196411133 50.02841567993164 -5.699999809265137
vertex -46.78813552856445 53.46937561035156 0
endloop
endfacet
facet normal 0.813605138953044 -0.581417816951973 0
outer loop
vertex -50.515769958496094 49.97938537597656 0
vertex -50.515769958496094 49.97938537597656 -5.699999809265137
vertex -50.48073196411133 50.02841567993164 0
endloop
endfacet
facet normal 0.9129952917212886 -0.40797009362790215 0
outer loop
vertex -51.21520233154297 48.414127349853516 0
vertex -51.21520233154297 48.414127349853516 -5.699999809265137
vertex -50.515769958496094 49.97938537597656 0
endloop
endfacet
facet normal 0.5374959813302211 -0.8432663102803659 0
outer loop
vertex -53.59402847290039 46.89786911010742 0
vertex -53.59402847290039 46.89786911010742 -5.699999809265137
vertex -51.21520233154297 48.414127349853516 0
endloop
endfacet
facet normal -0.015637062430281814 -0.9998777336647473 0
outer loop
vertex -64.7134780883789 47.0717658996582 0
vertex -64.7134780883789 47.0717658996582 -5.699999809265137
vertex -53.59402847290039 46.89786911010742 0
endloop
endfacet
facet normal 0.1566142148568051 -0.9876598542538754 0
outer loop
vertex -64.76483917236328 47.063621520996094 0
vertex -64.76483917236328 47.063621520996094 -5.699999809265137
vertex -64.7134780883789 47.0717658996582 0
endloop
endfacet
facet normal 0.3242259605600335 -0.945979664950005 0
outer loop
vertex -66.46627807617188 46.48046875 0
vertex -66.46627807617188 46.48046875 -5.699999809265137
vertex -64.76483917236328 47.063621520996094 0
endloop
endfacet
facet normal 0.4821327329734366 -0.8760981838787049 0
outer loop
vertex -66.5118408203125 46.45539474487305 0
vertex -66.5118408203125 46.45539474487305 -5.699999809265137
vertex -66.46627807617188 46.48046875 0
endloop
endfacet
facet normal 0.9580701119495799 -0.2865338733708798 0
outer loop
vertex -71.39952087402344 41.418827056884766 0
vertex -71.39952087402344 41.418827056884766 -5.699999809265137
vertex -71.38214874267578 41.47691345214844 0
endloop
endfacet
facet normal 0.9960221622192884 -0.08910584923569069 0
outer loop
vertex -71.4022216796875 41.38863754272461 -1
vertex -71.39952087402344 41.418827056884766 -5.699999809265137
vertex -71.39952087402344 41.418827056884766 0
endloop
endfacet
facet normal 0.18502945547112776 -0.9827329752318571 0
outer loop
vertex -44.916568756103516 54.21549606323242 -5.699999809265137
vertex -44.8609733581543 54.2259635925293 -5.699999809265137
vertex -44.8609733581543 54.2259635925293 0
endloop
endfacet
facet normal 0.3654381472384299 -0.9308356248784979 0
outer loop
vertex -46.74026870727539 53.49952697753906 -5.699999809265137
vertex -44.916568756103516 54.21549606323242 -5.699999809265137
vertex -44.916568756103516 54.21549606323242 0
endloop
endfacet
facet normal 0.5329777975333783 -0.8461292261448419 0
outer loop
vertex -46.78813552856445 53.46937561035156 -5.699999809265137
vertex -46.74026870727539 53.49952697753906 -5.699999809265137
vertex -46.74026870727539 53.49952697753906 0
endloop
endfacet
facet normal 0.681739537165999 -0.7315949722795323 0
outer loop
vertex -50.48073196411133 50.02841567993164 -5.699999809265137
vertex -46.78813552856445 53.46937561035156 -5.699999809265137
vertex -46.78813552856445 53.46937561035156 0
endloop
endfacet
facet normal -0.47737733597589227 -0.878698400531468 0
outer loop
vertex 59.886539459228516 63.564308166503906 0
vertex 59.886539459228516 63.564308166503906 -5.699999809265137
vertex 61.6281852722168 62.61811065673828 0
endloop
endfacet
facet normal -0.3026560342106621 -0.9530998504647216 0
outer loop
vertex 59.832000732421875 63.581626892089844 0
vertex 59.832000732421875 63.581626892089844 -5.699999809265137
vertex 59.886539459228516 63.564308166503906 0
endloop
endfacet
facet normal -0.6824374864025026 -0.7309439630728433 0
outer loop
vertex 61.6281852722168 62.61811065673828 0
vertex 61.6281852722168 62.61811065673828 -5.699999809265137
vertex 61.690670013427734 62.55977249145508 0
endloop
endfacet
facet normal -0.6824374864025026 -0.7309439630728433 0
outer loop
vertex 61.6281852722168 62.61811065673828 -5.699999809265137
vertex 61.690670013427734 62.55977249145508 -1
vertex 61.690670013427734 62.55977249145508 0
endloop
endfacet
facet normal -0.7249452844999691 -0.688806456474719 0
outer loop
vertex 13.223747253417969 53.23603439331055 -5.699999809265137
vertex 16.555599212646484 49.729373931884766 -5.699999809265137
vertex 16.555599212646484 49.729373931884766 0
endloop
endfacet
facet normal -0.39534247836062775 -0.9185337907794554 0
outer loop
vertex 11.234321594238281 54.10560989379883 -5.699999809265137
vertex 13.173798561096191 53.27084732055664 -5.699999809265137
vertex 13.173798561096191 53.27084732055664 0
endloop
endfacet
facet normal 0 1 0
outer loop
vertex 44.66649627685547 -64.0609130859375 -5.699999809265137
vertex 42.36524963378906 -64.0609130859375 -4.949999809265137
vertex 44.66649627685547 -64.0609130859375 0
endloop
endfacet
facet normal -0.5717948980026237 -0.8203966081220528 0
outer loop
vertex 13.173798561096191 53.27084732055664 -5.699999809265137
vertex 13.223747253417969 53.23603439331055 -5.699999809265137
vertex 13.223747253417969 53.23603439331055 0
endloop
endfacet
facet normal -0.36408779284369114 0.9313646327310316 0
outer loop
vertex 44.771846771240234 -64.01972961425781 -5.699999809265137
vertex 44.66649627685547 -64.0609130859375 -5.699999809265137
vertex 44.66649627685547 -64.0609130859375 0
endloop
endfacet
facet normal -0.6782346488590774 0.7348453994460358 0
outer loop
vertex 47.72783279418945 -61.291465759277344 -5.699999809265137
vertex 44.771846771240234 -64.01972961425781 -5.699999809265137
vertex 44.771846771240234 -64.01972961425781 0
endloop
endfacet
facet normal -0.2028107072042135 -0.9792179619693088 0
outer loop
vertex 11.174701690673828 54.117958068847656 -5.699999809265137
vertex 11.234321594238281 54.10560989379883 -5.699999809265137
vertex 11.234321594238281 54.10560989379883 0
endloop
endfacet
facet normal 0.813605138953044 -0.581417816951973 0
outer loop
vertex -50.515769958496094 49.97938537597656 -5.699999809265137
vertex -50.48073196411133 50.02841567993164 -5.699999809265137
vertex -50.48073196411133 50.02841567993164 0
endloop
endfacet
facet normal -0.7694537165315273 -0.6387025740638752 0
outer loop
vertex 73.82601165771484 47.94014358520508 0
vertex 73.82601165771484 47.94014358520508 -1
vertex 75.77946472167969 45.5867919921875 0
endloop
endfacet
facet normal -0.8992372400275725 0.4374612967424591 0
outer loop
vertex 47.77731704711914 -61.18974685668945 -5.699999809265137
vertex 47.72783279418945 -61.291465759277344 -5.699999809265137
vertex 47.72783279418945 -61.291465759277344 0
endloop
endfacet
facet normal -0.9967952110414171 0.07999567016343251 0
outer loop
vertex 48.0117073059082 -58.269100189208984 -5.699999809265137
vertex 47.77731704711914 -61.18974685668945 -5.699999809265137
vertex 47.77731704711914 -61.18974685668945 0
endloop
endfacet
facet normal 0 1 0
outer loop
vertex 44.66649627685547 -64.0609130859375 0
vertex 42.36524963378906 -64.0609130859375 -4.949999809265137
vertex 42.251068115234375 -64.0609130859375 -4.375974655151367
endloop
endfacet
facet normal 0 1 0
outer loop
vertex 44.66649627685547 -64.0609130859375 0
vertex 42.251068115234375 -64.0609130859375 -4.375974655151367
vertex 41.92591094970703 -64.0609130859375 -3.8893399238586426
endloop
endfacet
facet normal 0 1 0
outer loop
vertex 44.66649627685547 -64.0609130859375 0
vertex 41.92591094970703 -64.0609130859375 -3.8893399238586426
vertex 41.439273834228516 -64.0609130859375 -3.564180612564087
endloop
endfacet
facet normal -0.8393322255802294 0.5436188141543106 0
outer loop
vertex 49.30198287963867 -56.27695083618164 -5.699999809265137
vertex 48.0117073059082 -58.269100189208984 -5.699999809265137
vertex 48.0117073059082 -58.269100189208984 0
endloop
endfacet
facet normal 0.9129952917212886 -0.40797009362790215 0
outer loop
vertex -51.21520233154297 48.414127349853516 -5.699999809265137
vertex -50.515769958496094 49.97938537597656 -5.699999809265137
vertex -50.515769958496094 49.97938537597656 0
endloop
endfacet
facet normal 0.5374959813302211 -0.8432663102803659 0
outer loop
vertex -53.59402847290039 46.89786911010742 -5.699999809265137
vertex -51.21520233154297 48.414127349853516 -5.699999809265137
vertex -51.21520233154297 48.414127349853516 0
endloop
endfacet
facet normal -0.015637062430281814 -0.9998777336647473 0
outer loop
vertex -64.7134780883789 47.0717658996582 -5.699999809265137
vertex -53.59402847290039 46.89786911010742 -5.699999809265137
vertex -53.59402847290039 46.89786911010742 0
endloop
endfacet
facet normal 0.1566142148568051 -0.9876598542538754 0
outer loop
vertex -64.76483917236328 47.063621520996094 -5.699999809265137
vertex -64.7134780883789 47.0717658996582 -5.699999809265137
vertex -64.7134780883789 47.0717658996582 0
endloop
endfacet
facet normal 0.3242259605600335 -0.945979664950005 0
outer loop
vertex -66.46627807617188 46.48046875 -5.699999809265137
vertex -64.76483917236328 47.063621520996094 -5.699999809265137
vertex -64.76483917236328 47.063621520996094 0
endloop
endfacet
facet normal 0.4821327329734366 -0.8760981838787049 0
outer loop
vertex -66.5118408203125 46.45539474487305 -5.699999809265137
vertex -66.46627807617188 46.48046875 -5.699999809265137
vertex -66.46627807617188 46.48046875 0
endloop
endfacet
facet normal 0.625697316896902 -0.7800659380001269 0
outer loop
vertex -70.35034942626953 43.376495361328125 -5.699999809265137
vertex -66.5118408203125 46.45539474487305 -5.699999809265137
vertex -66.5118408203125 46.45539474487305 0
endloop
endfacet
facet normal -0.7694537165315273 -0.6387025740638752 0
outer loop
vertex 73.82601165771484 47.94014358520508 -1
vertex 75.77946472167969 45.5867919921875 -5.699999809265137
vertex 75.77946472167969 45.5867919921875 0
endloop
endfacet
facet normal -0.4806501406170926 0.8769124484945855 0
outer loop
vertex 51.939090728759766 -54.83150863647461 -5.699999809265137
vertex 49.30198287963867 -56.27695083618164 -5.699999809265137
vertex 49.30198287963867 -56.27695083618164 0
endloop
endfacet
facet normal -0.6863876814246058 0.7272358288674684 0
outer loop
vertex 51.995052337646484 -54.778690338134766 -5.699999809265137
vertex 51.939090728759766 -54.83150863647461 -5.699999809265137
vertex 51.939090728759766 -54.83150863647461 0
endloop
endfacet
facet normal -0.8476879725804137 0.530495147143221 0
outer loop
vertex 53.41935348510742 -52.50277328491211 -5.699999809265137
vertex 51.995052337646484 -54.778690338134766 -5.699999809265137
vertex 51.995052337646484 -54.778690338134766 0
endloop
endfacet
facet normal -0.9541220538566818 0.2994179459289426 0
outer loop
vertex 53.4423942565918 -52.429351806640625 -5.699999809265137
vertex 53.41935348510742 -52.50277328491211 -5.699999809265137
vertex 53.41935348510742 -52.50277328491211 0
endloop
endfacet
facet normal 0.7690818783049175 -0.6391502675138142 0
outer loop
vertex -70.38909912109375 43.32986831665039 -5.699999809265137
vertex -70.35034942626953 43.376495361328125 -5.699999809265137
vertex -70.35034942626953 43.376495361328125 0
endloop
endfacet
facet normal 0.8814017020513124 -0.4723674836618728 0
outer loop
vertex -71.38214874267578 41.47691345214844 -5.699999809265137
vertex -70.38909912109375 43.32986831665039 -5.699999809265137
vertex -70.38909912109375 43.32986831665039 0
endloop
endfacet
facet normal 0.9960261972871429 -0.0890607338709278 2.9210828365562945e-7
outer loop
vertex -73.09437561035156 22.464139938354492 -1
vertex -71.39952087402344 41.418827056884766 -5.699999809265137
vertex -71.4022216796875 41.38863754272461 -1
endloop
endfacet
facet normal -0.8828137044727227 -0.4697232836417078 0
outer loop
vertex 75.77946472167969 45.5867919921875 -5.699999809265137
vertex 75.80828857421875 45.53261947631836 0
vertex 75.77946472167969 45.5867919921875 0
endloop
endfacet
facet normal 0.9580701119495799 -0.2865338733708798 0
outer loop
vertex -71.39952087402344 41.418827056884766 -5.699999809265137
vertex -71.38214874267578 41.47691345214844 -5.699999809265137
vertex -71.38214874267578 41.47691345214844 0
endloop
endfacet
facet normal 0.9960261753301384 -0.08906097942988443 4.538954535911618e-7
outer loop
vertex -74.73531341552734 4.112477779388428 -1
vertex -76.43116760253906 -14.853373527526855 -5.699999809265137
vertex -73.09437561035156 22.464139938354492 -1
endloop
endfacet
facet normal 0.9960261839248463 -0.08906088331028714 -3.153860922719555e-7
outer loop
vertex -76.43116760253906 -14.853373527526855 -5.699999809265137
vertex -71.39952087402344 41.418827056884766 -5.699999809265137
vertex -73.09437561035156 22.464139938354492 -1
endloop
endfacet
facet normal -0.3026560342106621 -0.9530998504647216 0
outer loop
vertex 59.832000732421875 63.581626892089844 -5.699999809265137
vertex 59.886539459228516 63.564308166503906 -5.699999809265137
vertex 59.886539459228516 63.564308166503906 0
endloop
endfacet
facet normal -0.47737733597589227 -0.878698400531468 0
outer loop
vertex 59.886539459228516 63.564308166503906 -5.699999809265137
vertex 61.6281852722168 62.61811065673828 -5.699999809265137
vertex 61.6281852722168 62.61811065673828 0
endloop
endfacet
facet normal -0.22245312200067888 0.9749433873370038 0
outer loop
vertex 65.8679428100586 -29.07665252685547 -5.699999809265137
vertex 56.392887115478516 -31.23857879638672 -5.699999809265137
vertex 56.392887115478516 -31.23857879638672 0
endloop
endfacet
facet normal -0.9596216458157788 -0.28129396879744134 0
outer loop
vertex 75.80828857421875 45.53261947631836 0
vertex 75.80828857421875 45.53261947631836 -5.699999809265137
vertex 76.40699768066406 43.490150451660156 0
endloop
endfacet
facet normal -0.9966987981382766 -0.08118808896454745 0
outer loop
vertex 76.40699768066406 43.490150451660156 0
vertex 76.40699768066406 43.490150451660156 -5.699999809265137
vertex 76.41197967529297 43.42898941040039 0
endloop
endfacet
facet normal 0.6467817061423652 -0.762675176336277 0
outer loop
vertex 38.27666091918945 51.385799407958984 0
vertex 38.27666091918945 51.385799407958984 -5.699999809265137
vertex 52.59196853637695 63.52580261230469 0
endloop
endfacet
facet normal -0.9925030983157224 0.12221947403622471 0
outer loop
vertex 76.41197967529297 43.42898941040039 0
vertex 76.41197967529297 43.42898941040039 -5.699999809265137
vertex 75.79217529296875 38.39576721191406 0
endloop
endfacet
facet normal -0.9519146527109099 0.3063633365046607 0
outer loop
vertex 75.79217529296875 38.39576721191406 0
vertex 75.79217529296875 38.39576721191406 -5.699999809265137
vertex 75.77476501464844 38.341670989990234 0
endloop
endfacet
facet normal -0.8774593940714108 0.47965092698318906 0
outer loop
vertex 75.77476501464844 38.341670989990234 0
vertex 75.77476501464844 38.341670989990234 -5.699999809265137
vertex 74.8306884765625 36.61460494995117 0
endloop
endfacet
facet normal 0 1 0
outer loop
vertex 8.479430198669434 -64.0609130859375 -4.375974655151367
vertex -7.712859153747559 -64.0609130859375 -1.9500000476837158
vertex 8.80458927154541 -64.0609130859375 -3.8893399238586426
endloop
endfacet
facet normal 0.7412026483985017 0.671281337448798 0
outer loop
vertex -75.06803131103516 -17.598400115966797 -5.699999809265137
vertex -75.12377166748047 -17.536853790283203 -5.699999809265137
vertex -75.12377166748047 -17.536853790283203 0
endloop
endfacet
facet normal -0.7718294657972086 0.6358295964542667 0
outer loop
vertex 74.8306884765625 36.61460494995117 0
vertex 74.8306884765625 36.61460494995117 -5.699999809265137
vertex 74.7945556640625 36.570743560791016 0
endloop
endfacet
facet normal 0.47780037461133296 -0.8784684411071748 0
outer loop
vertex 52.59196853637695 63.52580261230469 0
vertex 52.59196853637695 63.52580261230469 -5.699999809265137
vertex 52.64623260498047 63.55531692504883 0
endloop
endfacet
facet normal -0.9988013132361785 0.04894830617789644 0
outer loop
vertex 54.36219024658203 -33.66070556640625 -5.699999809265137
vertex 53.4423942565918 -52.429351806640625 -5.699999809265137
vertex 53.4423942565918 -52.429351806640625 0
endloop
endfacet
facet normal 0.28882970472813435 -0.9573804894955081 0
outer loop
vertex 52.64623260498047 63.55531692504883 0
vertex 52.64623260498047 63.55531692504883 -5.699999809265137
vertex 54.69771957397461 64.17422485351562 0
endloop
endfacet
facet normal 0 1 0
outer loop
vertex 44.66649627685547 -64.0609130859375 0
vertex 41.439273834228516 -64.0609130859375 -3.564180612564087
vertex 40.86524963378906 -64.0609130859375 -3.450000047683716
endloop
endfacet
facet normal 0.08781811162867789 -0.9961365264209384 0
outer loop
vertex 54.69771957397461 64.17422485351562 0
vertex 54.69771957397461 64.17422485351562 -5.699999809265137
vertex 54.75925064086914 64.17964935302734 0
endloop
endfacet
facet normal -0.1170784392737005 -0.9931226706994633 0
outer loop
vertex 54.75925064086914 64.17964935302734 0
vertex 54.75925064086914 64.17964935302734 -5.699999809265137
vertex 59.832000732421875 63.581626892089844 0
endloop
endfacet
facet normal -0.7663105867832336 0.6424702986005939 0
outer loop
vertex 56.392887115478516 -31.23857879638672 -5.699999809265137
vertex 54.36219024658203 -33.66070556640625 -5.699999809265137
vertex 54.36219024658203 -33.66070556640625 0
endloop
endfacet
facet normal -0.36408779284369114 0.9313646327310316 0
outer loop
vertex 44.771846771240234 -64.01972961425781 0
vertex 44.771846771240234 -64.01972961425781 -5.699999809265137
vertex 44.66649627685547 -64.0609130859375 0
endloop
endfacet
facet normal -0.9988013132361785 0.04894830617789644 0
outer loop
vertex 54.36219024658203 -33.66070556640625 -5.699999809265137
vertex 53.4423942565918 -52.429351806640625 0
vertex 54.36219024658203 -33.66070556640625 0
endloop
endfacet
facet normal -0.6782346488590774 0.7348453994460358 0
outer loop
vertex 47.72783279418945 -61.291465759277344 0
vertex 47.72783279418945 -61.291465759277344 -5.699999809265137
vertex 44.771846771240234 -64.01972961425781 0
endloop
endfacet
facet normal -0.8992372400275725 0.4374612967424591 0
outer loop
vertex 47.77731704711914 -61.18974685668945 0
vertex 47.77731704711914 -61.18974685668945 -5.699999809265137
vertex 47.72783279418945 -61.291465759277344 0
endloop
endfacet
facet normal -0.9967952110414171 0.07999567016343251 0
outer loop
vertex 48.0117073059082 -58.269100189208984 0
vertex 48.0117073059082 -58.269100189208984 -5.699999809265137
vertex 47.77731704711914 -61.18974685668945 0
endloop
endfacet
facet normal -0.8393322255802294 0.5436188141543106 0
outer loop
vertex 49.30198287963867 -56.27695083618164 0
vertex 49.30198287963867 -56.27695083618164 -5.699999809265137
vertex 48.0117073059082 -58.269100189208984 0
endloop
endfacet
facet normal -0.9541220538566818 0.2994179459289426 0
outer loop
vertex 53.4423942565918 -52.429351806640625 0
vertex 53.4423942565918 -52.429351806640625 -5.699999809265137
vertex 53.41935348510742 -52.50277328491211 0
endloop
endfacet
facet normal -0.8476879725804137 0.530495147143221 0
outer loop
vertex 53.41935348510742 -52.50277328491211 0
vertex 53.41935348510742 -52.50277328491211 -5.699999809265137
vertex 51.995052337646484 -54.778690338134766 0
endloop
endfacet
facet normal -0.6863876814246058 0.7272358288674684 0
outer loop
vertex 51.995052337646484 -54.778690338134766 0
vertex 51.995052337646484 -54.778690338134766 -5.699999809265137
vertex 51.939090728759766 -54.83150863647461 0
endloop
endfacet
facet normal 0.7690818783049175 -0.6391502675138142 0
outer loop
vertex -70.38909912109375 43.32986831665039 0
vertex -70.38909912109375 43.32986831665039 -5.699999809265137
vertex -70.35034942626953 43.376495361328125 0
endloop
endfacet
facet normal 0 -0.8944271909999159 0.4472135954999579
outer loop
vertex 8.78019905090332 46.4240837097168 7.199999809265137
vertex -42.79970169067383 45.9240837097168 6.199999809265137
vertex 8.78019905090332 45.9240837097168 6.199999809265137
endloop
endfacet
facet normal 0 -0.8944271909999159 0.4472135954999579
outer loop
vertex -42.79970169067383 46.4240837097168 7.199999809265137
vertex -42.79970169067383 45.9240837097168 6.199999809265137
vertex 8.78019905090332 46.4240837097168 7.199999809265137
endloop
endfacet
facet normal 0.513428688715645 -0.7332176962467223 0.4458506381226595
outer loop
vertex -43.12109375 46.307106018066406 7.199999809265137
vertex -42.79970169067383 45.9240837097168 6.199999809265137
vertex -43.04970169067383 46.35709762573242 7.199999809265137
endloop
endfacet
facet normal 0.0780043261152452 -0.8917018896951184 0.4458509448475592
outer loop
vertex -42.88652420043945 46.41648864746094 7.199999809265137
vertex -42.79970169067383 45.9240837097168 6.199999809265137
vertex -42.79970169067383 46.4240837097168 7.199999809265137
endloop
endfacet
facet normal 0.23165716695816205 -0.8646105221714321 0.445851546983255
outer loop
vertex -42.97071075439453 46.3939323425293 7.199999809265137
vertex -42.79970169067383 45.9240837097168 6.199999809265137
vertex -42.88652420043945 46.41648864746094 7.199999809265137
endloop
endfacet
facet normal 0.3782939013393423 -0.8112398317143498 0.44585161169332277
outer loop
vertex -43.04970169067383 46.35709762573242 7.199999809265137
vertex -42.79970169067383 45.9240837097168 6.199999809265137
vertex -42.97071075439453 46.3939323425293 7.199999809265137
endloop
endfacet
facet normal 0.6328969361045468 -0.6329752940265605 0.4458517078821908
outer loop
vertex -43.15190887451172 46.27629470825195 7.199999809265137
vertex -42.79970169067383 45.9240837097168 6.199999809265137
vertex -43.12109375 46.307106018066406 7.199999809265137
endloop
endfacet
facet normal 0.6329361160792807 -0.6329361160792807 0.4458517084468227
outer loop
vertex -43.15190887451172 46.27629470825195 7.199999809265137
vertex -43.20975112915039 45.514034271240234 6.199999809265137
vertex -42.79970169067383 45.9240837097168 6.199999809265137
endloop
endfacet
facet normal 0.6329397415205463 -0.6329338533255799 0.44584977393550107
outer loop
vertex -43.15190887451172 46.27629470825195 7.199999809265137
vertex -43.56195831298828 45.866241455078125 7.199999809265137
vertex -43.20975112915039 45.514034271240234 6.199999809265137
endloop
endfacet
facet normal 0.8917021280677333 -0.07800091986217025 0.44585106403386665
outer loop
vertex -43.70215606689453 45.600860595703125 7.199999809265137
vertex -43.70975112915039 45.514034271240234 7.199999809265137
vertex -43.20975112915039 45.514034271240234 6.199999809265137
endloop
endfacet
facet normal 0.8645985680498756 -0.23170364017794834 0.44585057951559554
outer loop
vertex -43.679595947265625 45.68504333496094 7.199999809265137
vertex -43.70215606689453 45.600860595703125 7.199999809265137
vertex -43.20975112915039 45.514034271240234 6.199999809265137
endloop
endfacet
facet normal 0.8112553969561 -0.3782619818231103 0.4458503717805488
outer loop
vertex -43.642765045166016 45.764034271240234 7.199999809265137
vertex -43.679595947265625 45.68504333496094 7.199999809265137
vertex -43.20975112915039 45.514034271240234 6.199999809265137
endloop
endfacet
facet normal 0.7332302653873112 -0.5134100570581702 0.44585142282107815
outer loop
vertex -43.5927734375 45.83543014526367 7.199999809265137
vertex -43.642765045166016 45.764034271240234 7.199999809265137
vertex -43.20975112915039 45.514034271240234 6.199999809265137
endloop
endfacet
facet normal 0.6328976174538097 -0.63297597546018 0.4458497732549887
outer loop
vertex -43.5927734375 45.83543014526367 7.199999809265137
vertex -43.20975112915039 45.514034271240234 6.199999809265137
vertex -43.56195831298828 45.866241455078125 7.199999809265137
endloop
endfacet
facet normal 0.8944300000995139 0.000047261470861112064 0.44720797475932483
outer loop
vertex -43.50950241088867 39.050899505615234 6.799505233764648
vertex -43.20975112915039 38.98885726928711 6.199999809265137
vertex -43.70975112915039 39.13750457763672 7.199999809265137
endloop
endfacet
facet normal 0.8944271909999159 0 0.4472135954999579
outer loop
vertex -43.70975112915039 39.13750457763672 7.199999809265137
vertex -43.20975112915039 38.98885726928711 6.199999809265137
vertex -43.70975112915039 45.514034271240234 7.199999809265137
endloop
endfacet
facet normal 0.894427190999916 0 0.447213595499958
outer loop
vertex -43.70975112915039 45.514034271240234 7.199999809265137
vertex -43.20975112915039 38.98885726928711 6.199999809265137
vertex -43.20975112915039 45.514034271240234 6.199999809265137
endloop
endfacet
facet normal 0.8209398719906544 -0.3550485890853569 0.4472116120635346
outer loop
vertex -43.50950241088867 39.050899505615234 6.799505233764648
vertex -43.25900650024414 38.874969482421875 6.199999809265137
vertex -43.20975112915039 38.98885726928711 6.199999809265137
endloop
endfacet
facet normal 0.6125545383812939 -0.6517470138541436 0.44721668958200417
outer loop
vertex -43.50950241088867 39.050899505615234 6.799505233764648
vertex -43.70975112915039 39.13750457763672 7.199999809265137
vertex -44.61005783081055 37.60515594482422 6.199999809265137
endloop
endfacet
facet normal 0.6125580803956051 -0.6517471054916987 0.447211704481495
outer loop
vertex -44.844215393066406 38.07125473022461 7.199999809265137
vertex -44.77027130126953 37.86628341674805 6.800000190734863
vertex -43.70975112915039 39.13750457763672 7.199999809265137
endloop
endfacet
facet normal 0.6125565860849268 -0.6517466923499237 0.44721435336414866
outer loop
vertex -44.77027130126953 37.86628341674805 6.800000190734863
vertex -44.61005783081055 37.60515594482422 6.199999809265137
vertex -43.70975112915039 39.13750457763672 7.199999809265137
endloop
endfacet
facet normal 0.6125583420731385 -0.651747472052619 0.4472108118433949
outer loop
vertex -44.61005783081055 37.60515594482422 6.199999809265137
vertex -43.25900650024414 38.874969482421875 6.199999809265137
vertex -43.50950241088867 39.050899505615234 6.799505233764648
endloop
endfacet
facet normal 0.30353646736655604 -0.8413466003046747 0.44721528499638485
outer loop
vertex -44.77027130126953 37.86628341674805 6.800000190734863
vertex -44.72687530517578 37.563011169433594 6.199999809265137
vertex -44.61005783081055 37.60515594482422 6.199999809265137
endloop
endfacet
facet normal -0.05539504900113241 -0.8927115668694586 0.44721074106470016
outer loop
vertex -44.844215393066406 38.07125473022461 7.199999809265137
vertex -62.71814727783203 38.679420471191406 6.199999809265137
vertex -44.77027130126953 37.86628341674805 6.800000190734863
endloop
endfacet
facet normal -0.05539510737769434 -0.8927088310867537 0.44721619489720577
outer loop
vertex -62.71814727783203 38.679420471191406 6.199999809265137
vertex -44.72687530517578 37.563011169433594 6.199999809265137
vertex -44.77027130126953 37.86628341674805 6.800000190734863
endloop
endfacet
facet normal -0.05539518866830166 -0.8927097558460845 0.44721433886854217
outer loop
vertex -62.680870056152344 39.178070068359375 7.199999809265137
vertex -62.71814727783203 38.679420471191406 6.199999809265137
vertex -44.844215393066406 38.07125473022461 7.199999809265137
endloop
endfacet
facet normal -0.07164490581719896 -0.8895909138968869 0.4511042156559236
outer loop
vertex -62.955970764160156 39.200225830078125 7.199999809265137
vertex -63.012386322021484 38.69767761230469 6.199999809265137
vertex -62.680870056152344 39.178070068359375 7.199999809265137
endloop
endfacet
facet normal -0.05539146723042319 -0.8927099962148416 0.4472143200034613
outer loop
vertex -62.71814727783203 38.679420471191406 6.199999809265137
vertex -62.680870056152344 39.178070068359375 7.199999809265137
vertex -63.012386322021484 38.69767761230469 6.199999809265137
endloop
endfacet
facet normal 0.23144767179092138 -0.8636434259523255 0.44783033397916683
outer loop
vertex -63.17039108276367 39.17387008666992 7.199999809265137
vertex -63.012386322021484 38.69767761230469 6.199999809265137
vertex -63.08620834350586 39.19643020629883 7.199999809265137
endloop
endfacet
facet normal 0.07783901506940603 -0.8898512415845056 0.4495618484519551
outer loop
vertex -63.08620834350586 39.19643020629883 7.199999809265137
vertex -63.012386322021484 38.69767761230469 6.199999809265137
vertex -62.99938201904297 39.20402526855469 7.199999809265137
endloop
endfacet
facet normal -0.07781031077852342 -0.8890374866060206 0.45117391651756567
outer loop
vertex -62.99938201904297 39.20402526855469 7.199999809265137
vertex -63.012386322021484 38.69767761230469 6.199999809265137
vertex -62.955970764160156 39.200225830078125 7.199999809265137
endloop
endfacet
facet normal 0.583530667152847 -0.6778560238493506 0.4472171412449462
outer loop
vertex -63.22195816040039 38.51726531982422 6.199999809265137
vertex -63.1407585144043 38.58716583251953 6.199999809265137
vertex -63.338600158691406 39.07660675048828 7.199999809265137
endloop
endfacet
facet normal 0.5835399695542222 -0.6778490526558055 0.44721556965996206
outer loop
vertex -63.338600158691406 39.07660675048828 7.199999809265137
vertex -63.1407585144043 38.58716583251953 6.199999809265137
vertex -63.012386322021484 38.69767761230469 6.199999809265137
endloop
endfacet
facet normal 0.5835481977579224 -0.6778440148871756 0.4472124689396697
outer loop
vertex -63.338600158691406 39.07660675048828 7.199999809265137
vertex -63.545772552490234 38.89825439453125 7.199999809265137
vertex -63.22195816040039 38.51726531982422 6.199999809265137
endloop
endfacet
facet normal 0.5749347880101195 -0.6851649169827511 0.44721250661377826
outer loop
vertex -63.545772552490234 38.89825439453125 7.199999809265137
vertex -63.44361114501953 38.33127212524414 6.199999809265137
vertex -63.22195816040039 38.51726531982422 6.199999809265137
endloop
endfacet
facet normal 0.5749335646478614 -0.6851657257861768 0.4472128402105699
outer loop
vertex -63.545772552490234 38.89825439453125 7.199999809265137
vertex -63.7650032043457 38.71429443359375 7.199999809265137
vertex -63.44361114501953 38.33127212524414 6.199999809265137
endloop
endfacet
facet normal 0.8112481390932186 -0.3782768657850394 0.44585095001540287
outer loop
vertex -63.876625061035156 38.58127212524414 7.199999809265137
vertex -63.913455963134766 38.50228500366211 7.199999809265137
vertex -63.44361114501953 38.33127212524414 6.199999809265137
endloop
endfacet
facet normal 0.8646010226976371 -0.2316937989140344 0.4458509337155
outer loop
vertex -63.913455963134766 38.50228500366211 7.199999809265137
vertex -63.93601608276367 38.41809844970703 7.199999809265137
vertex -63.44361114501953 38.33127212524414 6.199999809265137
endloop
endfacet
facet normal 0.8869494119791288 -0.1167265169509447 0.44687320442199086
outer loop
vertex -63.941707611083984 38.37485122680664 7.199999809265137
vertex -63.44361114501953 38.33127212524414 6.199999809265137
vertex -63.93601608276367 38.41809844970703 7.199999809265137
endloop
endfacet
facet normal 0.7332302653873112 -0.5134100570581702 0.44585142282107815
outer loop
vertex -63.82663345336914 38.65266799926758 7.199999809265137
vertex -63.876625061035156 38.58127212524414 7.199999809265137
vertex -63.44361114501953 38.33127212524414 6.199999809265137
endloop
endfacet
facet normal 0.6329168676158927 -0.6329560453854759 0.445850741052727
outer loop
vertex -63.7650032043457 38.71429443359375 7.199999809265137
vertex -63.82663345336914 38.65266799926758 7.199999809265137
vertex -63.44361114501953 38.33127212524414 6.199999809265137
endloop
endfacet
facet normal 0.8910239034080106 -0.07795446038348698 0.4472130428127866
outer loop
vertex -63.941707611083984 38.37485122680664 7.199999809265137
vertex -64.97579956054688 20.81827163696289 6.199999809265137
vertex -63.44361114501953 38.33127212524414 6.199999809265137
endloop
endfacet
facet normal 0.8910225921207201 -0.07795453125402581 0.4472156430486728
outer loop
vertex -65.4738998413086 20.861848831176758 7.199999809265137
vertex -64.97579956054688 20.81827163696289 6.199999809265137
vertex -63.941707611083984 38.37485122680664 7.199999809265137
endloop
endfacet
facet normal 0.891022595782271 -0.07795448940218512 0.4472156430487065
outer loop
vertex -65.4738998413086 20.861848831176758 7.199999809265137
vertex -66.35367584228516 5.069096565246582 6.199999809265137
vertex -64.97579956054688 20.81827163696289 6.199999809265137
endloop
endfacet
facet normal 0.8910253120641475 -0.07795430012622347 0.4472102641407273
outer loop
vertex -66.85176849365234 5.112674713134766 7.199999809265137
vertex -66.35367584228516 5.069096565246582 6.199999809265137
vertex -65.4738998413086 20.861848831176758 7.199999809265137
endloop
endfacet
facet normal 0.8917097385609474 -0.07792167678738537 0.4458496993855767
outer loop
vertex -66.85176849365234 5.112674713134766 7.199999809265137
vertex -68.43531799316406 -13.008938789367676 7.199999809265137
vertex -67.93911743164062 -13.052351951599121 6.199999809265137
endloop
endfacet
facet normal 0.8910251982691662 -0.07795560080014693 0.44721026414124393
outer loop
vertex -66.85176849365234 5.112674713134766 7.199999809265137
vertex -67.93911743164062 -13.052351951599121 6.199999809265137
vertex -66.35367584228516 5.069096565246582 6.199999809265137
endloop
endfacet
facet normal 0.7332060308097508 0.5134459800589134 0.44584990966193155
outer loop
vertex -68.32213592529297 -13.373745918273926 7.199999809265137
vertex -67.93911743164062 -13.052351951599121 6.199999809265137
vertex -68.37213134765625 -13.302351951599121 7.199999809265137
endloop
endfacet
facet normal 0.8112380170853483 0.3782976224166575 0.4458517562030415
outer loop
vertex -68.40896606445312 -13.22336196899414 7.199999809265137
vertex -68.37213134765625 -13.302351951599121 7.199999809265137
vertex -67.93911743164062 -13.052351951599121 6.199999809265137
endloop
endfacet
facet normal 0.8916992832110381 0.07804156201122066 0.44584964160551904
outer loop
vertex -68.43911743164062 -13.052351951599121 7.199999809265137
vertex -68.4315185546875 -13.139176368713379 7.199999809265137
vertex -67.93911743164062 -13.052351951599121 6.199999809265137
endloop
endfacet
facet normal 0.8916994025120991 -0.0780398580819868 0.44584970125604956
outer loop
vertex -68.43911743164062 -13.052351951599121 7.199999809265137
vertex -67.93911743164062 -13.052351951599121 6.199999809265137
vertex -68.43531799316406 -13.008938789367676 7.199999809265137
endloop
endfacet
facet normal 0.8646201677590148 0.23162319713582763 0.44585049069497545
outer loop
vertex -68.4315185546875 -13.139176368713379 7.199999809265137
vertex -68.40896606445312 -13.22336196899414 7.199999809265137
vertex -67.93911743164062 -13.052351951599121 6.199999809265137
endloop
endfacet
facet normal 0.6851695793849745 0.5749289582082799 0.44721285815477063
outer loop
vertex -67.56636047363281 -13.496581077575684 6.199999809265137
vertex -67.85382080078125 -13.154001235961914 6.199999809265137
vertex -68.32213592529297 -13.373745918273926 7.199999809265137
endloop
endfacet
facet normal 0.6851725371878642 0.5749231382782173 0.4472158084816219
outer loop
vertex -67.56636047363281 -13.496581077575684 6.199999809265137
vertex -68.32213592529297 -13.373745918273926 7.199999809265137
vertex -67.94938659667969 -13.817975044250488 7.199999809265137
endloop
endfacet
facet normal 0.6851625934452198 0.574938241603014 0.4472116265101512
outer loop
vertex -67.85382080078125 -13.154001235961914 6.199999809265137
vertex -67.93911743164062 -13.052351951599121 6.199999809265137
vertex -68.32213592529297 -13.373745918273926 7.199999809265137
endloop
endfacet
facet normal 0.11675483334625422 0.8869455949613604 0.4468733830392306
outer loop
vertex -67.60993957519531 -13.994678497314453 7.199999809265137
vertex -67.56636047363281 -13.496581077575684 6.199999809265137
vertex -67.65319061279297 -13.988985061645508 7.199999809265137
endloop
endfacet
facet normal 0.23167609071828527 0.8646054149530493 0.44585161816837476
outer loop
vertex -67.56636047363281 -13.496581077575684 6.199999809265137
vertex -67.73737335205078 -13.96642780303955 7.199999809265137
vertex -67.65319061279297 -13.988985061645508 7.199999809265137
endloop
endfacet
facet normal 0.5134035650255018 0.7332349814393476 0.4458511426617017
outer loop
vertex -67.56636047363281 -13.496581077575684 6.199999809265137
vertex -67.88775634765625 -13.879603385925293 7.199999809265137
vertex -67.81636047363281 -13.929594039916992 7.199999809265137
endloop
endfacet
facet normal 0.6329261514059937 0.6329457399718507 0.44585219200748977
outer loop
vertex -67.88775634765625 -13.879603385925293 7.199999809265137
vertex -67.56636047363281 -13.496581077575684 6.199999809265137
vertex -67.94938659667969 -13.817975044250488 7.199999809265137
endloop
endfacet
facet normal 0.378300936631962 0.8112367443131197 0.4458512599731332
outer loop
vertex -67.81636047363281 -13.929594039916992 7.199999809265137
vertex -67.73737335205078 -13.96642780303955 7.199999809265137
vertex -67.56636047363281 -13.496581077575684 6.199999809265137
endloop
endfacet
facet normal 0.07795210864060695 0.891024006760227 0.44721324682463764
outer loop
vertex -65.3828125 -13.68761157989502 6.199999809265137
vertex -67.60993957519531 -13.994678497314453 7.199999809265137
vertex -65.42638397216797 -14.185708999633789 7.199999809265137
endloop
endfacet
facet normal 0.07795235820621373 0.8910237461268945 0.4472137226070836
outer loop
vertex -65.3828125 -13.68761157989502 6.199999809265137
vertex -67.56636047363281 -13.496581077575684 6.199999809265137
vertex -67.60993957519531 -13.994678497314453 7.199999809265137
endloop
endfacet
facet normal 0.07795445458385869 0.8910238282433977 0.4472131935811079
outer loop
vertex -52.44599533081055 -14.819436073303223 6.199999809265137
vertex -65.42638397216797 -14.185708999633789 7.199999809265137
vertex -52.531524658203125 -15.112865447998047 6.799534797668457
endloop
endfacet
facet normal 0.07795445736855446 0.891023801281745 0.4472132468138704
outer loop
vertex -65.42638397216797 -14.185708999633789 7.199999809265137
vertex -52.44599533081055 -14.819436073303223 6.199999809265137
vertex -65.3828125 -13.68761157989502 6.199999809265137
endloop
endfacet
facet normal 0.07795444659577941 0.8910230271395639 0.4472147910825331
outer loop
vertex -52.531524658203125 -15.112865447998047 6.799534797668457
vertex -65.42638397216797 -14.185708999633789 7.199999809265137
vertex -52.63159942626953 -15.305108070373535 7.199999809265137
endloop
endfacet
facet normal 0.4130048623965857 0.793364172455485 0.4472139012830448
outer loop
vertex -52.34021759033203 -14.87450122833252 6.199999809265137
vertex -52.44599533081055 -14.819436073303223 6.199999809265137
vertex -52.531524658203125 -15.112865447998047 6.799534797668457
endloop
endfacet
facet normal 0.685169442684216 0.5749277739312141 0.44721459007315467
outer loop
vertex -51.19849395751953 -16.23514747619629 6.199999809265137
vertex -52.531524658203125 -15.112865447998047 6.799534797668457
vertex -52.63159942626953 -15.305108070373535 7.199999809265137
endloop
endfacet
facet normal 0.685169551858859 0.5749284731935203 0.44721352385286617
outer loop
vertex -51.19849395751953 -16.23514747619629 6.199999809265137
vertex -52.34021759033203 -14.87450122833252 6.199999809265137
vertex -52.531524658203125 -15.112865447998047 6.799534797668457
endloop
endfacet
facet normal 0.6851684927133278 0.574928596141449 0.44721498849185376
outer loop
vertex -51.67312240600586 -16.447368621826172 7.199999809265137
vertex -51.4666633605957 -16.38227081298828 6.800000190734863
vertex -52.63159942626953 -15.305108070373535 7.199999809265137
endloop
endfacet
facet normal 0.6851691102533456 0.5749305463722606 0.4472115351852327
outer loop
vertex -51.4666633605957 -16.38227081298828 6.800000190734863
vertex -51.19849395751953 -16.23514747619629 6.199999809265137
vertex -52.63159942626953 -15.305108070373535 7.199999809265137
endloop
endfacet
facet normal 0.8530302491831036 0.268962684640882 0.4472118829474253
outer loop
vertex -51.4666633605957 -16.38227081298828 6.800000190734863
vertex -51.16260528564453 -16.348970413208008 6.199999809265137
vertex -51.19849395751953 -16.23514747619629 6.199999809265137
endloop
endfacet
facet normal 0.8910246391927973 -0.07795158276262157 0.447212078432758
outer loop
vertex -51.7446174621582 -23.00165367126465 6.199999809265137
vertex -51.16260528564453 -16.348970413208008 6.199999809265137
vertex -51.4666633605957 -16.38227081298828 6.800000190734863
endloop
endfacet
facet normal 0.8910236834180693 -0.07795171317770966 0.4472139599797357
outer loop
vertex -51.7446174621582 -23.00165367126465 6.199999809265137
vertex -51.4666633605957 -16.38227081298828 6.800000190734863
vertex -51.67312240600586 -16.447368621826172 7.199999809265137
endloop
endfacet
facet normal 0.8917247471231805 -0.07775117423403007 0.445849447990383
outer loop
vertex -52.24081802368164 -22.95824432373047 7.199999809265137
vertex -51.7446174621582 -23.00165367126465 6.199999809265137
vertex -51.67312240600586 -16.447368621826172 7.199999809265137
endloop
endfacet
facet normal 0.8646116232686648 0.23165746197777948 0.44584925840326123
outer loop
vertex -52.21446228027344 -23.172664642333984 7.199999809265137
vertex -51.7446174621582 -23.00165367126465 6.199999809265137
vertex -52.23701858520508 -23.088478088378906 7.199999809265137
endloop
endfacet
facet normal 0.8916992832110381 0.07804156201122066 0.44584964160551904
outer loop
vertex -51.7446174621582 -23.00165367126465 6.199999809265137
vertex -52.2446174621582 -23.00165367126465 7.199999809265137
vertex -52.23701858520508 -23.088478088378906 7.199999809265137
endloop
endfacet
facet normal 0.8916989252609635 -0.07804667424402827 0.44584946263048175
outer loop
vertex -52.2446174621582 -23.00165367126465 7.199999809265137
vertex -51.7446174621582 -23.00165367126465 6.199999809265137
vertex -52.24081802368164 -22.95824432373047 7.199999809265137
endloop
endfacet
facet normal 0.7332311797751702 0.5134106973153241 0.4458491817730576
outer loop
vertex -52.17762756347656 -23.25165367126465 7.199999809265137
vertex -52.12763595581055 -23.323049545288086 7.199999809265137
vertex -51.7446174621582 -23.00165367126465 6.199999809265137
endloop
endfacet
facet normal 0.811237321702177 0.37830186551837447 0.44584942124308774
outer loop
vertex -52.21446228027344 -23.172664642333984 7.199999809265137
vertex -52.17762756347656 -23.25165367126465 7.199999809265137
vertex -51.7446174621582 -23.00165367126465 6.199999809265137
endloop
endfacet
facet normal 0.6851705939582233 0.574927323575126 0.4472134051900478
outer loop
vertex -51.371864318847656 -23.445880889892578 6.199999809265137
vertex -51.4578857421875 -23.343364715576172 6.199999809265137
vertex -52.12763595581055 -23.323049545288086 7.199999809265137
endloop
endfacet
facet normal 0.6851696902757263 0.5749291016886222 0.4472125038043761
outer loop
vertex -51.7548828125 -23.767276763916016 7.199999809265137
vertex -51.371864318847656 -23.445880889892578 6.199999809265137
vertex -52.12763595581055 -23.323049545288086 7.199999809265137
endloop
endfacet
facet normal 0.6851693155853931 0.5749295482233381 0.44721250380546435
outer loop
vertex -51.4578857421875 -23.343364715576172 6.199999809265137
vertex -51.7446174621582 -23.00165367126465 6.199999809265137
vertex -52.12763595581055 -23.323049545288086 7.199999809265137
endloop
endfacet
facet normal 0.0780043261152452 0.8917018896951184 0.4458509448475592
outer loop
vertex -51.371864318847656 -23.445880889892578 6.199999809265137
vertex -51.45868682861328 -23.93828582763672 7.199999809265137
vertex -51.41527557373047 -23.94208335876465 7.199999809265137
endloop
endfacet
facet normal 0.2316755287256868 0.8646059429182688 0.4458508863511264
outer loop
vertex -51.371864318847656 -23.445880889892578 6.199999809265137
vertex -51.54287338256836 -23.915727615356445 7.199999809265137
vertex -51.45868682861328 -23.93828582763672 7.199999809265137
endloop
endfacet
facet normal 0.3782779417940396 0.8112476143886054 0.4458509918132536
outer loop
vertex -51.54287338256836 -23.915727615356445 7.199999809265137
vertex -51.371864318847656 -23.445880889892578 6.199999809265137
vertex -51.621864318847656 -23.878894805908203 7.199999809265137
endloop
endfacet
facet normal 0.513428688715645 0.7332176962467223 0.4458506381226595
outer loop
vertex -51.69325637817383 -23.828903198242188 7.199999809265137
vertex -51.621864318847656 -23.878894805908203 7.199999809265137
vertex -51.371864318847656 -23.445880889892578 6.199999809265137
endloop
endfacet
facet normal 0.6329367974285491 0.6329367974285491 0.44584977393936553
outer loop
vertex -51.69325637817383 -23.828903198242188 7.199999809265137
vertex -51.371864318847656 -23.445880889892578 6.199999809265137
vertex -51.7548828125 -23.767276763916016 7.199999809265137
endloop
endfacet
facet normal 0.0780121088486029 0.8917012088356611 0.44585094486163696
outer loop
vertex -50.55744552612305 -23.517131805419922 6.199999809265137
vertex -51.371864318847656 -23.445880889892578 6.199999809265137
vertex -51.41527557373047 -23.94208335876465 7.199999809265137
endloop
endfacet
facet normal 0.0800246897208244 0.8908409643166397 0.44721183496245415
outer loop
vertex -50.55744552612305 -23.517131805419922 6.199999809265137
vertex -51.41527557373047 -23.94208335876465 7.199999809265137
vertex -50.60102081298828 -24.015228271484375 7.199999809265137
endloop
endfacet
facet normal 0.0779545204834298 0.8910238981499154 0.44721304281284946
outer loop
vertex -33.858856201171875 -24.978069305419922 6.199999809265137
vertex -50.60102081298828 -24.015228271484375 7.199999809265137
vertex -33.902435302734375 -25.476165771484375 7.199999809265137
endloop
endfacet
facet normal 0.07795451317753048 0.8910240181924797 0.4472128049143737
outer loop
vertex -33.858856201171875 -24.978069305419922 6.199999809265137
vertex -50.55744552612305 -23.517131805419922 6.199999809265137
vertex -50.60102081298828 -24.015228271484375 7.199999809265137
endloop
endfacet
facet normal 0.03903877255550033 0.893745366080232 0.446872683040116
outer loop
vertex -33.858856201171875 -25.478069305419922 7.199999809265137
vertex -33.858856201171875 -24.978069305419922 6.199999809265137
vertex -33.902435302734375 -25.476165771484375 7.199999809265137
endloop
endfacet
facet normal -0.07802038901671021 0.8917007654578665 0.44585038272893324
outer loop
vertex -33.858856201171875 -24.978069305419922 6.199999809265137
vertex -33.858856201171875 -25.478069305419922 7.199999809265137
vertex -33.772029876708984 -25.47047233581543 7.199999809265137
endloop
endfacet
facet normal -0.23168544836626756 0.8646037836385884 0.44584991906824273
outer loop
vertex -33.858856201171875 -24.978069305419922 6.199999809265137
vertex -33.772029876708984 -25.47047233581543 7.199999809265137
vertex -33.68784713745117 -25.447914123535156 7.199999809265137
endloop
endfacet
facet normal -0.3782782027600616 0.8112481740513277 0.4458497520634105
outer loop
vertex -33.858856201171875 -24.978069305419922 6.199999809265137
vertex -33.68784713745117 -25.447914123535156 7.199999809265137
vertex -33.608856201171875 -25.411081314086914 7.199999809265137
endloop
endfacet
facet normal -0.5133970728762233 0.7332396975047805 0.44585086246997857
outer loop
vertex -33.858856201171875 -24.978069305419922 6.199999809265137
vertex -33.608856201171875 -25.411081314086914 7.199999809265137
vertex -33.53746032714844 -25.36109161376953 7.199999809265137
endloop
endfacet
facet normal -0.5749263184466212 0.6851706609152637 0.4472145947734208
outer loop
vertex -33.7421989440918 -24.88018226623535 6.199999809265137
vertex -33.858856201171875 -24.978069305419922 6.199999809265137
vertex -33.53746032714844 -25.36109161376953 7.199999809265137
endloop
endfacet
facet normal -0.5749272629885994 0.6851699616275738 0.44721445186365233
outer loop
vertex -33.7421989440918 -24.88018226623535 6.199999809265137
vertex -33.53746032714844 -25.36109161376953 7.199999809265137
vertex -33.41462707519531 -24.605316162109375 6.199999809265137
endloop
endfacet
facet normal -0.574930442154744 0.685168345897376 0.44721284022711627
outer loop
vertex -33.41462707519531 -24.605316162109375 6.199999809265137
vertex -33.53746032714844 -25.36109161376953 7.199999809265137
vertex -33.09323501586914 -24.988338470458984 7.199999809265137
endloop
endfacet
facet normal -0.6329268327345475 0.6329464213214911 0.4458502575315297
outer loop
vertex -33.41462707519531 -24.605316162109375 6.199999809265137
vertex -33.09323501586914 -24.988338470458984 7.199999809265137
vertex -33.0316047668457 -24.92671012878418 7.199999809265137
endloop
endfacet
facet normal -0.7332239809774006 0.5134193727503318 0.4458510305071733
outer loop
vertex -33.41462707519531 -24.605316162109375 6.199999809265137
vertex -33.0316047668457 -24.92671012878418 7.199999809265137
vertex -32.98161315917969 -24.855316162109375 7.199999809265137
endloop
endfacet
facet normal -0.8112517681238944 0.37826942367064453 0.44585066090758846
outer loop
vertex -33.41462707519531 -24.605316162109375 6.199999809265137
vertex -32.98161315917969 -24.855316162109375 7.199999809265137
vertex -32.94478225708008 -24.77632713317871 7.199999809265137
endloop
endfacet
facet normal -0.8917059073836532 0.07796549893205051 0.44584970081112774
outer loop
vertex -33.41462707519531 -24.605316162109375 6.199999809265137
vertex -32.92222213745117 -24.692140579223633 7.199999809265137
vertex -32.918426513671875 -24.64872932434082 7.199999809265137
endloop
endfacet
facet normal -0.8646011930506549 0.23169384456484537 0.44585057964092156
outer loop
vertex -33.41462707519531 -24.605316162109375 6.199999809265137
vertex -32.94478225708008 -24.77632713317871 7.199999809265137
vertex -32.92222213745117 -24.692140579223633 7.199999809265137
endloop
endfacet
facet normal -0.8909321570099353 0.07827743427644203 0.4473393956368264
outer loop
vertex -32.64935302734375 -19.299985885620117 6.799946308135986
vertex -32.918426513671875 -24.64872932434082 7.199999809265137
vertex -32.46634292602539 -19.503238677978516 7.199999809265137
endloop
endfacet
facet normal -0.8917016893739902 0.07801372279576668 0.4458497013827834
outer loop
vertex -32.93788528442383 -19.1561279296875 6.199999809265137
vertex -33.41462707519531 -24.605316162109375 6.199999809265137
vertex -32.918426513671875 -24.64872932434082 7.199999809265137
endloop
endfacet
facet normal -0.8909706732170908 0.07827368292899248 0.44726333409728053
outer loop
vertex -32.93788528442383 -19.1561279296875 6.199999809265137
vertex -32.918426513671875 -24.64872932434082 7.199999809265137
vertex -32.64935302734375 -19.299985885620117 6.799946308135986
endloop
endfacet
facet normal -0.5984834855944763 0.6646945020453066 0.4472121827739359
outer loop
vertex -32.76226043701172 -18.997997283935547 6.199999809265137
vertex -32.93788528442383 -19.1561279296875 6.199999809265137
vertex -32.64935302734375 -19.299985885620117 6.799946308135986
endloop
endfacet
facet normal 0.015625581140400788 0.8942926090148097 0.4472097613821837
outer loop
vertex -32.46634292602539 -19.503238677978516 7.199999809265137
vertex -32.76226043701172 -18.997997283935547 6.199999809265137
vertex -32.64935302734375 -19.299985885620117 6.799946308135986
endloop
endfacet
facet normal 0.015610346614539528 0.8942907284450229 0.4472140540008155
outer loop
vertex -28.91984748840332 -19.36510467529297 6.799981117248535
vertex -32.46634292602539 -19.503238677978516 7.199999809265137
vertex -29.10982322692871 -19.56182861328125 7.199999809265137
endloop
endfacet
facet normal 0.01561020465608735 0.8942912672620528 0.44721298148580935
outer loop
vertex -28.79646110534668 -19.067222595214844 6.199999809265137
vertex -32.46634292602539 -19.503238677978516 7.199999809265137
vertex -28.91984748840332 -19.36510467529297 6.799981117248535
endloop
endfacet
facet normal 0.015610364848526176 0.8942910236049332 0.44721346313470556
outer loop
vertex -28.79646110534668 -19.067222595214844 6.199999809265137
vertex -32.76226043701172 -18.997997283935547 6.199999809265137
vertex -32.46634292602539 -19.503238677978516 7.199999809265137
endloop
endfacet
facet normal 0.6213227353493169 0.6433965654358486 0.44721238592350787
outer loop
vertex -28.626453399658203 -19.23139762878418 6.199999809265137
vertex -28.79646110534668 -19.067222595214844 6.199999809265137
vertex -28.91984748840332 -19.36510467529297 6.799981117248535
endloop
endfacet
facet normal 0.8932046129209804 0.04679077895418838 0.44720928262005233
outer loop
vertex -29.10982322692871 -19.56182861328125 7.199999809265137
vertex -28.626453399658203 -19.23139762878418 6.199999809265137
vertex -28.91984748840332 -19.36510467529297 6.799981117248535
endloop
endfacet
facet normal 0.8932011122051755 0.04681073849115696 0.4472141857291091
outer loop
vertex -29.10982322692871 -19.56182861328125 7.199999809265137
vertex -28.539257049560547 -30.448867797851562 7.199999809265137
vertex -28.626453399658203 -19.23139762878418 6.199999809265137
endloop
endfacet
facet normal 0.8932020440799804 0.04681058128229602 0.4472123409873194
outer loop
vertex -28.4119930267334 -23.323558807373047 6.199999809265137
vertex -28.626453399658203 -19.23139762878418 6.199999809265137
vertex -28.539257049560547 -30.448867797851562 7.199999809265137
endloop
endfacet
facet normal 0.8932012466963751 0.046810815593005456 0.4472139090452786
outer loop
vertex -28.539257049560547 -30.448867797851562 7.199999809265137
vertex -28.039941787719727 -30.422700881958008 6.199999809265137
vertex -28.4119930267334 -23.323558807373047 6.199999809265137
endloop
endfacet
facet normal 0.893201150375469 0.046810686657771855 0.44721411491875634
outer loop
vertex -28.539257049560547 -30.448867797851562 7.199999809265137
vertex -27.11988067626953 -47.97850799560547 6.199999809265137
vertex -27.824779510498047 -34.528236389160156 6.199999809265137
endloop
endfacet
facet normal 0.8937677567504085 0.04692189057001369 0.44606897805011964
outer loop
vertex -28.539257049560547 -30.448867797851562 7.199999809265137
vertex -27.617599487304688 -48.00459289550781 7.199999809265137
vertex -27.11988067626953 -47.97850799560547 6.199999809265137
endloop
endfacet
facet normal 0.8932012498952169 0.046810754555055595 0.44721390904533415
outer loop
vertex -28.539257049560547 -30.448867797851562 7.199999809265137
vertex -27.824779510498047 -34.528236389160156 6.199999809265137
vertex -28.039941787719727 -30.422700881958008 6.199999809265137
endloop
endfacet
facet normal 0.8646059429182688 0.2316755287256868 0.4458508863511264
outer loop
vertex -27.612285614013672 -48.065330505371094 7.199999809265137
vertex -27.5897274017334 -48.14951705932617 7.199999809265137
vertex -27.11988067626953 -47.97850799560547 6.199999809265137
endloop
endfacet
facet normal 0.6437147767726752 0.6216198078116851 0.4463407898687602
outer loop
vertex -27.45444679260254 -48.35007858276367 7.199999809265137
vertex -27.11988067626953 -47.97850799560547 6.199999809265137
vertex -27.50290298461914 -48.29990005493164 7.199999809265137
endloop
endfacet
facet normal 0.7332176962467223 0.513428688715645 0.4458506381226595
outer loop
vertex -27.50290298461914 -48.29990005493164 7.199999809265137
vertex -27.11988067626953 -47.97850799560547 6.199999809265137
vertex -27.552894592285156 -48.22850799560547 7.199999809265137
endloop
endfacet
facet normal 0.8112476143886054 0.3782779417940396 0.4458509918132536
outer loop
vertex -27.5897274017334 -48.14951705932617 7.199999809265137
vertex -27.552894592285156 -48.22850799560547 7.199999809265137
vertex -27.11988067626953 -47.97850799560547 6.199999809265137
endloop
endfacet
facet normal 0.8917008709262462 0.07801402544908058 0.44585128532124274
outer loop
vertex -27.11988067626953 -47.97850799560547 6.199999809265137
vertex -27.617599487304688 -48.00459289550781 7.199999809265137
vertex -27.612285614013672 -48.065330505371094 7.199999809265137
endloop
endfacet
facet normal 0.5973820138995983 0.6662697281509932 0.44633998120139506
outer loop
vertex -26.688932418823242 -48.36653518676758 6.199999809265137
vertex -27.45444679260254 -48.35007858276367 7.199999809265137
vertex -27.022682189941406 -48.73720169067383 7.199999809265137
endloop
endfacet
facet normal 0.5984887272145805 0.6646890994991429 0.4472131979314675
outer loop
vertex -26.688932418823242 -48.36653518676758 6.199999809265137
vertex -26.971254348754883 -48.11233139038086 6.199999809265137
vertex -27.45444679260254 -48.35007858276367 7.199999809265137
endloop
endfacet
facet normal 0.5984879347637758 0.6646899367264003 0.44721301407365643
outer loop
vertex -26.971254348754883 -48.11233139038086 6.199999809265137
vertex -27.11988067626953 -47.97850799560547 6.199999809265137
vertex -27.45444679260254 -48.35007858276367 7.199999809265137
endloop
endfacet
facet normal 0.20582158977943363 0.8782060923650943 0.43173085656864757
outer loop
vertex -26.6628475189209 -48.864253997802734 7.199999809265137
vertex -26.688932418823242 -48.36653518676758 6.199999809265137
vertex -26.938932418823242 -48.7995491027832 7.199999809265137
endloop
endfacet
facet normal 0.5348248600626191 0.718417302388936 0.44479090445646935
outer loop
vertex -26.938932418823242 -48.7995491027832 7.199999809265137
vertex -26.688932418823242 -48.36653518676758 6.199999809265137
vertex -27.022682189941406 -48.73720169067383 7.199999809265137
endloop
endfacet
facet normal -0.04681081035132984 0.8932017891762472 0.4472128261204085
outer loop
vertex -20.842113494873047 -48.060115814208984 6.199999809265137
vertex -26.688932418823242 -48.36653518676758 6.199999809265137
vertex -19.5185546875 -48.49143600463867 7.199999809265137
endloop
endfacet
facet normal -0.046810548651953734 0.8932019430795415 0.4472125461274926
outer loop
vertex -19.544721603393555 -47.992122650146484 6.199999809265137
vertex -20.842113494873047 -48.060115814208984 6.199999809265137
vertex -19.5185546875 -48.49143600463867 7.199999809265137
endloop
endfacet
facet normal -0.046641170598860984 0.8937824538202627 0.44606897050590505
outer loop
vertex -19.5185546875 -48.49143600463867 7.199999809265137
vertex -26.688932418823242 -48.36653518676758 6.199999809265137
vertex -26.6628475189209 -48.864253997802734 7.199999809265137
endloop
endfacet
facet normal -0.04680975738726347 0.8932019845472435 0.4472125461279134
outer loop
vertex -17.41058349609375 -47.880279541015625 6.199999809265137
vertex -19.544721603393555 -47.992122650146484 6.199999809265137
vertex -19.5185546875 -48.49143600463867 7.199999809265137
endloop
endfacet
facet normal -0.04680980094049712 0.8932013064322167 0.44721389594207833
outer loop
vertex -11.593670845031738 -47.57543182373047 6.199999809265137
vertex -19.5185546875 -48.49143600463867 7.199999809265137
vertex -11.638565063476562 -47.878196716308594 6.800000190734863
endloop
endfacet
facet normal -0.046810172256239596 0.893202303171619 0.44721186632541005
outer loop
vertex -11.593670845031738 -47.57543182373047 6.199999809265137
vertex -17.41058349609375 -47.880279541015625 6.199999809265137
vertex -19.5185546875 -48.49143600463867 7.199999809265137
endloop
endfacet
facet normal -0.04680993030227036 0.8932020244566732 0.4472124483191375
outer loop
vertex -11.638565063476562 -47.878196716308594 6.800000190734863
vertex -19.5185546875 -48.49143600463867 7.199999809265137
vertex -11.712335586547852 -48.08233642578125 7.199999809265137
endloop
endfacet
facet normal 0.3039863401661437 0.8411849162824464 0.4472138656295074
outer loop
vertex -11.638565063476562 -47.878196716308594 6.800000190734863
vertex -11.47953987121582 -47.616676330566406 6.199999809265137
vertex -11.593670845031738 -47.57543182373047 6.199999809265137
endloop
endfacet
facet normal 0.6069896031721127 0.6569348366750748 0.44721386606818686
outer loop
vertex -10.151291847229004 -48.84394073486328 6.199999809265137
vertex -11.47953987121582 -47.616676330566406 6.199999809265137
vertex -11.638565063476562 -47.878196716308594 6.800000190734863
endloop
endfacet
facet normal 0.6069896938184166 0.6569373095900869 0.4472101104254724
outer loop
vertex -10.304244995117188 -48.954368591308594 6.569815158843994
vertex -10.151291847229004 -48.84394073486328 6.199999809265137
vertex -11.638565063476562 -47.878196716308594 6.800000190734863
endloop
endfacet
facet normal 0.6069892726192071 0.6569352268755039 0.4472137415322075
outer loop
vertex -10.612198829650879 -49.09883117675781 7.199999809265137
vertex -10.304244995117188 -48.954368591308594 6.569815158843994
vertex -11.712335586547852 -48.08233642578125 7.199999809265137
endloop
endfacet
facet normal 0.60698924687537 0.656936312350484 0.4472121819595465
outer loop
vertex -10.304244995117188 -48.954368591308594 6.569815158843994
vertex -11.638565063476562 -47.878196716308594 6.800000190734863
vertex -11.712335586547852 -48.08233642578125 7.199999809265137
endloop
endfacet
facet normal 0.814570088130591 0.3694271361643979 0.4472126592442265
outer loop
vertex -10.304244995117188 -48.954368591308594 6.569815158843994
vertex -10.121418952941895 -48.90980911254883 6.199999809265137
vertex -10.151291847229004 -48.84394073486328 6.199999809265137
endloop
endfacet
facet normal 0.8932012355190401 0.046810457296850655 0.44721396887275316
outer loop
vertex -10.582308769226074 -49.66917037963867 7.199999809265137
vertex -10.082656860351562 -49.6494255065918 6.199999809265137
vertex -10.612198829650879 -49.09883117675781 7.199999809265137
endloop
endfacet
facet normal 0.8932013346368287 0.0468110189434466 0.4472137121203511
outer loop
vertex -10.304244995117188 -48.954368591308594 6.569815158843994
vertex -10.612198829650879 -49.09883117675781 7.199999809265137
vertex -10.082656860351562 -49.6494255065918 6.199999809265137
endloop
endfacet
facet normal 0.8932016349584043 0.04680956669142696 0.447213264308869
outer loop
vertex -10.304244995117188 -48.954368591308594 6.569815158843994
vertex -10.117281913757324 -48.98875045776367 6.199999809265137
vertex -10.121418952941895 -48.90980911254883 6.199999809265137
endloop
endfacet
facet normal 0.8932016261748094 0.04681144545003349 0.4472130851993875
outer loop
vertex -10.082656860351562 -49.6494255065918 6.199999809265137
vertex -10.117281913757324 -48.98875045776367 6.199999809265137
vertex -10.304244995117188 -48.954368591308594 6.569815158843994
endloop
endfacet
facet normal 0.8932012813935372 0.04680953663349133 0.44721397361565207
outer loop
vertex -10.066939353942871 -49.9493408203125 6.199999809265137
vertex -10.082656860351562 -49.6494255065918 6.199999809265137
vertex -10.582308769226074 -49.66917037963867 7.199999809265137
endloop
endfacet
facet normal 0.8913384701460327 0.023744102125145435 0.45271619062277935
outer loop
vertex -10.582308769226074 -49.66917037963867 7.199999809265137
vertex -10.574822425842285 -49.95020294189453 7.199999809265137
vertex -10.066939353942871 -49.9493408203125 6.199999809265137
endloop
endfacet
facet normal 0.887979476697335 0.08961588413633327 0.45106700419648343
outer loop
vertex -10.066939353942871 -49.9493408203125 6.199999809265137
vertex -10.574822425842285 -49.95020294189453 7.199999809265137
vertex -10.567403793334961 -50.023712158203125 7.199999809265137
endloop
endfacet
facet normal 0.8630288677311294 0.23125294346495237 0.44911384926488335
outer loop
vertex -10.544845581054688 -50.1078987121582 7.199999809265137
vertex -10.066939353942871 -49.9493408203125 6.199999809265137
vertex -10.567403793334961 -50.023712158203125 7.199999809265137
endloop
endfacet
facet normal 0.6329240782581039 0.6329485798096005 0.4458511034842678
outer loop
vertex -10.44996166229248 -50.27073669433594 7.199999809265137
vertex -10.400689125061035 -50.32000732421875 7.199999809265137
vertex -10.066939353942871 -49.9493408203125 6.199999809265137
endloop
endfacet
facet normal 0.6013510098621406 0.6620951518305791 0.44722139132674105
outer loop
vertex -10.400689125061035 -50.32000732421875 7.199999809265137
vertex -10.191473007202148 -50.51002883911133 7.199999809265137
vertex -9.854517936706543 -50.14060592651367 6.199999809265137
endloop
endfacet
facet normal 0.5987802749048795 0.6650128564207147 0.44634077024175023
outer loop
vertex -9.854517936706543 -50.14060592651367 6.199999809265137
vertex -10.066939353942871 -49.9493408203125 6.199999809265137
vertex -10.400689125061035 -50.32000732421875 7.199999809265137
endloop
endfacet
facet normal 0.6071384255591994 0.6570763887624911 0.44680370582655204
outer loop
vertex -9.854517936706543 -50.14060592651367 6.199999809265137
vertex -9.962702751159668 -50.72063064575195 7.199999809265137
vertex -9.759125709533691 -50.2287483215332 6.199999809265137
endloop
endfacet
facet normal 0.5908544500675738 0.6697923970972337 0.4497434420045352
outer loop
vertex -9.962702751159668 -50.72063064575195 7.199999809265137
vertex -9.635990142822266 -50.337371826171875 6.199999809265137
vertex -9.759125709533691 -50.2287483215332 6.199999809265137
endloop
endfacet
facet normal 0.6057835784683934 0.6580440432262245 0.44721839545406744
outer loop
vertex -9.854517936706543 -50.14060592651367 6.199999809265137
vertex -10.191473007202148 -50.51002883911133 7.199999809265137
vertex -9.962702751159668 -50.72063064575195 7.199999809265137
endloop
endfacet
facet normal 0.2315114452558148 0.8640568590375889 0.44699909962511136
outer loop
vertex -9.635990142822266 -50.337371826171875 6.199999809265137
vertex -9.812318801879883 -50.80745315551758 7.199999809265137
vertex -9.728133201599121 -50.83000946044922 7.199999809265137
endloop
endfacet
facet normal 0.37792605693581793 0.8104412157679938 0.4476124789071918
outer loop
vertex -9.891308784484863 -50.7706184387207 7.199999809265137
vertex -9.812318801879883 -50.80745315551758 7.199999809265137
vertex -9.635990142822266 -50.337371826171875 6.199999809265137
endloop
endfacet
facet normal 0.5127278260704946 0.7322922488417538 0.44817210830138865
outer loop
vertex -9.891308784484863 -50.7706184387207 7.199999809265137
vertex -9.635990142822266 -50.337371826171875 6.199999809265137
vertex -9.962702751159668 -50.72063064575195 7.199999809265137
endloop
endfacet
facet normal -0.0467292543267724 0.8932048178819119 0.4472153062034041
outer loop
vertex 7.919816017150879 -49.41730880737305 6.199999809265137
vertex -9.609906196594238 -50.835086822509766 7.199999809265137
vertex 7.94598388671875 -49.9166259765625 7.199999809265137
endloop
endfacet
facet normal -0.04684089329066576 0.8937739127091588 0.4460651563127221
outer loop
vertex 0.7658741474151611 -49.792232513427734 6.199999809265137
vertex -9.609906196594238 -50.835086822509766 7.199999809265137
vertex 7.919816017150879 -49.41730880737305 6.199999809265137
endloop
endfacet
facet normal -0.6329239928289441 0.6329484943771335 0.4458513460416894
outer loop
vertex 7.919816017150879 -49.41730880737305 6.199999809265137
vertex 8.241209983825684 -49.800331115722656 7.199999809265137
vertex 8.290482521057129 -49.751060485839844 7.199999809265137
endloop
endfacet
facet normal -0.10130839541048198 0.8890063290967005 0.4465471485133037
outer loop
vertex 7.919816017150879 -49.41730880737305 6.199999809265137
vertex 7.94598388671875 -49.9166259765625 7.199999809265137
vertex 8.006640434265137 -49.90971374511719 7.199999809265137
endloop
endfacet
facet normal -0.2316595812208756 0.8646097383846099 0.4458518125106871
outer loop
vertex 7.919816017150879 -49.41730880737305 6.199999809265137
vertex 8.006640434265137 -49.90971374511719 7.199999809265137
vertex 8.090826034545898 -49.88715744018555 7.199999809265137
endloop
endfacet
facet normal -0.3782976224166575 0.8112380170853483 0.4458517562030415
outer loop
vertex 7.919816017150879 -49.41730880737305 6.199999809265137
vertex 8.090826034545898 -49.88715744018555 7.199999809265137
vertex 8.169816017150879 -49.85032272338867 7.199999809265137
endloop
endfacet
facet normal -0.5134193727503318 0.7332239809774006 0.4458510305071733
outer loop
vertex 7.919816017150879 -49.41730880737305 6.199999809265137
vertex 8.169816017150879 -49.85032272338867 7.199999809265137
vertex 8.241209983825684 -49.800331115722656 7.199999809265137
endloop
endfacet
facet normal -0.6650107508478025 0.5987819316471216 0.44634168479964287
outer loop
vertex 8.307844161987305 -48.98636245727539 6.199999809265137
vertex 7.919816017150879 -49.41730880737305 6.199999809265137
vertex 8.290482521057129 -49.751060485839844 7.199999809265137
endloop
endfacet
facet normal -0.6634301927030738 0.5998845863217284 0.4472123237384801
outer loop
vertex 8.67941665649414 -49.320926666259766 7.199999809265137
vertex 8.307844161987305 -48.98636245727539 6.199999809265137
vertex 8.290482521057129 -49.751060485839844 7.199999809265137
endloop
endfacet
facet normal -0.8894383660954571 0.1257758155550919 0.43940850826866695
outer loop
vertex 8.805562019348145 -48.96027755737305 7.199999809265137
vertex 8.307844161987305 -48.98636245727539 6.199999809265137
vertex 8.777690887451172 -49.157371520996094 7.199999809265137
endloop
endfacet
facet normal -0.7694796893839232 0.46235185441186305 0.4406038701004935
outer loop
vertex 8.307844161987305 -48.98636245727539 6.199999809265137
vertex 8.67941665649414 -49.320926666259766 7.199999809265137
vertex 8.777690887451172 -49.157371520996094 7.199999809265137
endloop
endfacet
facet normal -0.8931834872876343 -0.0466809467064049 0.4472629509039333
outer loop
vertex 8.015545845031738 -37.6771125793457 6.7999653816223145
vertex 8.805562019348145 -48.96027755737305 7.199999809265137
vertex 8.225136756896973 -37.85454177856445 7.199999809265137
endloop
endfacet
facet normal -0.8931980017396641 -0.04668299825123763 0.44723375024985085
outer loop
vertex 7.709750175476074 -37.57405090332031 6.199999809265137
vertex 8.805562019348145 -48.96027755737305 7.199999809265137
vertex 8.015545845031738 -37.6771125793457 6.7999653816223145
endloop
endfacet
facet normal -0.8937723555793265 -0.04684069874287715 0.44606829672535686
outer loop
vertex 8.104072570800781 -45.098175048828125 6.199999809265137
vertex 8.307844161987305 -48.98636245727539 6.199999809265137
vertex 8.805562019348145 -48.96027755737305 7.199999809265137
endloop
endfacet
facet normal -0.8937722010392578 -0.046840587472078386 0.4460686180563603
outer loop
vertex 8.805562019348145 -48.96027755737305 7.199999809265137
vertex 7.709750175476074 -37.57405090332031 6.199999809265137
vertex 8.104072570800781 -45.098175048828125 6.199999809265137
endloop
endfacet
facet normal -0.6826476015941032 0.5779195748240942 0.44721495622682017
outer loop
vertex 7.863428592681885 -37.392520904541016 6.199999809265137
vertex 7.791924953460693 -37.47698211669922 6.199999809265137
vertex 8.015545845031738 -37.6771125793457 6.7999653816223145
endloop
endfacet
facet normal -0.6826554598490555 0.5779103953576559 0.4472148231843754
outer loop
vertex 7.791924953460693 -37.47698211669922 6.199999809265137
vertex 7.709750175476074 -37.57405090332031 6.199999809265137
vertex 8.015545845031738 -37.6771125793457 6.7999653816223145
endloop
endfacet
facet normal -0.10125226612899597 0.8886786545602385 0.4472116138169348
outer loop
vertex 9.968389511108398 -37.15269088745117 6.199999809265137
vertex 8.225136756896973 -37.85454177856445 7.199999809265137
vertex 11.589856147766113 -37.4711799621582 7.199999809265137
endloop
endfacet
facet normal -0.1012519275951885 0.8886795501604967 0.44720991076316285
outer loop
vertex 11.838385581970215 -36.939632415771484 6.199999809265137
vertex 9.968389511108398 -37.15269088745117 6.199999809265137
vertex 11.754199028015137 -37.2510986328125 6.7998738288879395
endloop
endfacet
facet normal -0.1012679083540996 0.8886747977738445 0.44721573601473635
outer loop
vertex 8.015545845031738 -37.6771125793457 6.7999653816223145
vertex 8.225136756896973 -37.85454177856445 7.199999809265137
vertex 7.863428592681885 -37.392520904541016 6.199999809265137
endloop
endfacet
facet normal -0.10125214113725074 0.8886785840534552 0.4472117822238902
outer loop
vertex 9.968389511108398 -37.15269088745117 6.199999809265137
vertex 7.863428592681885 -37.392520904541016 6.199999809265137
vertex 8.225136756896973 -37.85454177856445 7.199999809265137
endloop
endfacet
facet normal -0.10125283543613725 0.88867819828443 0.44721239161061027
outer loop
vertex 11.754199028015137 -37.2510986328125 6.7998738288879395
vertex 9.968389511108398 -37.15269088745117 6.199999809265137
vertex 11.589856147766113 -37.4711799621582 7.199999809265137
endloop
endfacet
facet normal 0.5351544479321407 0.7166662606567141 0.4472126873141774
outer loop
vertex 11.886934280395508 -36.97588348388672 6.199999809265137
vertex 11.754199028015137 -37.2510986328125 6.7998738288879395
vertex 12.028931617736816 -37.08191680908203 6.199999809265137
endloop
endfacet
facet normal 0.5351390096464849 0.7166768800398191 0.44721414330382075
outer loop
vertex 11.886934280395508 -36.97588348388672 6.199999809265137
vertex 11.838385581970215 -36.939632415771484 6.199999809265137
vertex 11.754199028015137 -37.2510986328125 6.7998738288879395
endloop
endfacet
facet normal 0.8808389066782715 0.15531557609021063 0.44721347509393494
outer loop
vertex 12.4600248336792 -42.40615463256836 7.199999809265137
vertex 12.952428817749023 -42.319332122802734 6.199999809265137
vertex 11.589856147766113 -37.4711799621582 7.199999809265137
endloop
endfacet
facet normal 0.8808390664971678 0.1553156944114695 0.44721311921932844
outer loop
vertex 12.952428817749023 -42.319332122802734 6.199999809265137
vertex 12.234761238098145 -38.249237060546875 6.199999809265137
vertex 11.589856147766113 -37.4711799621582 7.199999809265137
endloop
endfacet
facet normal 0.8808390105610034 0.1553153549042831 0.44721334730178763
outer loop
vertex 11.589856147766113 -37.4711799621582 7.199999809265137
vertex 12.234761238098145 -38.249237060546875 6.199999809265137
vertex 12.028931617736816 -37.08191680908203 6.199999809265137
endloop
endfacet
facet normal 0.880838788551529 0.15531608091786617 0.4472135324332098
outer loop
vertex 11.589856147766113 -37.4711799621582 7.199999809265137
vertex 12.028931617736816 -37.08191680908203 6.199999809265137
vertex 11.754199028015137 -37.2510986328125 6.7998738288879395
endloop
endfacet
facet normal 0.6575502713889808 0.6130235951162315 0.43798368968153184
outer loop
vertex 12.666731834411621 -42.72734832763672 7.199999809265137
vertex 12.952428817749023 -42.319332122802734 6.199999809265137
vertex 12.519415855407715 -42.569332122802734 7.199999809265137
endloop
endfacet
facet normal 0.8646085504322214 0.2316664330437869 0.44585055603897306
outer loop
vertex 12.482582092285156 -42.49034118652344 7.199999809265137
vertex 12.952428817749023 -42.319332122802734 6.199999809265137
vertex 12.4600248336792 -42.40615463256836 7.199999809265137
endloop
endfacet
facet normal 0.8112440028937907 0.3782860521051683 0.4458506819009535
outer loop
vertex 12.519415855407715 -42.569332122802734 7.199999809265137
vertex 12.952428817749023 -42.319332122802734 6.199999809265137
vertex 12.482582092285156 -42.49034118652344 7.199999809265137
endloop
endfacet
facet normal 0.5134096289081574 0.7332314850704231 0.4458499099986561
outer loop
vertex 13.341410636901855 -42.591697692871094 6.199999809265137
vertex 12.952428817749023 -42.319332122802734 6.199999809265137
vertex 12.666731834411621 -42.72734832763672 7.199999809265137
endloop
endfacet
facet normal 0.5134178552977807 0.7332230460702113 0.44585431541362036
outer loop
vertex 13.427453994750977 -42.651947021484375 6.199999809265137
vertex 13.341410636901855 -42.591697692871094 6.199999809265137
vertex 12.666731834411621 -42.72734832763672 7.199999809265137
endloop
endfacet
facet normal 0.5134113469894563 0.733230282062345 0.4458499100025099
outer loop
vertex 12.666731834411621 -42.72734832763672 7.199999809265137
vertex 13.141757011413574 -43.05996322631836 7.199999809265137
vertex 13.427453994750977 -42.651947021484375 6.199999809265137
endloop
endfacet
facet normal 0.5134459800589134 0.7332060308097508 0.44584990966193155
outer loop
vertex 13.427453994750977 -42.651947021484375 6.199999809265137
vertex 13.141757011413574 -43.05996322631836 7.199999809265137
vertex 13.177453994750977 -43.0849609375 7.199999809265137
endloop
endfacet
facet normal 0.37826570271352067 0.8112535825648052 0.4458505163464716
outer loop
vertex 13.427453994750977 -42.651947021484375 6.199999809265137
vertex 13.177453994750977 -43.0849609375 7.199999809265137
vertex 13.256443977355957 -43.12179183959961 7.199999809265137
endloop
endfacet
facet normal 0.2316963048056471 0.8646005794182658 0.4458504910942768
outer loop
vertex 13.427453994750977 -42.651947021484375 6.199999809265137
vertex 13.256443977355957 -43.12179183959961 7.199999809265137
vertex 13.340629577636719 -43.144351959228516 7.199999809265137
endloop
endfacet
facet normal 0.0780026229516351 0.8917020088853294 0.4458510044426647
outer loop
vertex 13.427453994750977 -42.651947021484375 6.199999809265137
vertex 13.340629577636719 -43.144351959228516 7.199999809265137
vertex 13.427453994750977 -43.151947021484375 7.199999809265137
endloop
endfacet
facet normal -0.0780026229516351 0.8917020088853294 0.4458510044426647
outer loop
vertex 13.514278411865234 -43.144351959228516 7.199999809265137
vertex 13.427453994750977 -42.651947021484375 6.199999809265137
vertex 13.427453994750977 -43.151947021484375 7.199999809265137
endloop
endfacet
facet normal -0.15531566465134172 0.8808384295411008 0.4472143841128986
outer loop
vertex 25.887678146362305 -40.454872131347656 6.199999809265137
vertex 13.514278411865234 -43.144351959228516 7.199999809265137
vertex 25.974502563476562 -40.9472770690918 7.199999809265137
endloop
endfacet
facet normal -0.15531620872121982 0.8808398338984473 0.4472114291095681
outer loop
vertex 19.6021728515625 -41.56317901611328 6.199999809265137
vertex 13.514278411865234 -43.144351959228516 7.199999809265137
vertex 25.887678146362305 -40.454872131347656 6.199999809265137
endloop
endfacet
facet normal -0.15531537198861836 0.8808384811454342 0.4472143841128568
outer loop
vertex 19.6021728515625 -41.56317901611328 6.199999809265137
vertex 13.427453994750977 -42.651947021484375 6.199999809265137
vertex 13.514278411865234 -43.144351959228516 7.199999809265137
endloop
endfacet
facet normal -0.1553145985035524 0.8808386175313315 0.4472143841125561
outer loop
vertex 30.74028778076172 -39.5992317199707 6.199999809265137
vertex 25.887678146362305 -40.454872131347656 6.199999809265137
vertex 25.974502563476562 -40.9472770690918 7.199999809265137
endloop
endfacet
facet normal -0.1553146782866287 0.8808387237872822 0.44721414712139074
outer loop
vertex 30.74028778076172 -39.5992317199707 6.199999809265137
vertex 25.974502563476562 -40.9472770690918 7.199999809265137
vertex 30.827110290527344 -40.091636657714844 7.199999809265137
endloop
endfacet
facet normal -0.23169389021563808 0.8646013634036044 0.4458502255661338
outer loop
vertex 30.74028778076172 -39.5992317199707 6.199999809265137
vertex 30.827110290527344 -40.091636657714844 7.199999809265137
vertex 30.911296844482422 -40.06907653808594 7.199999809265137
endloop
endfacet
facet normal -0.3782619818231103 0.8112553969561 0.4458503717805488
outer loop
vertex 30.74028778076172 -39.5992317199707 6.199999809265137
vertex 30.911296844482422 -40.06907653808594 7.199999809265137
vertex 30.99028778076172 -40.03224563598633 7.199999809265137
endloop
endfacet
facet normal -0.5134193727503318 0.7332239809774006 0.4458510305071733
outer loop
vertex 30.74028778076172 -39.5992317199707 6.199999809265137
vertex 30.99028778076172 -40.03224563598633 7.199999809265137
vertex 31.061681747436523 -39.98225402832031 7.199999809265137
endloop
endfacet
facet normal -0.7332233515289622 0.5134209040523416 0.44585030229294714
outer loop
vertex 30.74028778076172 -39.5992317199707 6.199999809265137
vertex 31.123310089111328 -39.920623779296875 7.199999809265137
vertex 31.148303985595703 -39.88492965698242 7.199999809265137
endloop
endfacet
facet normal -0.6329464213214911 0.6329268327345475 0.4458502575315297
outer loop
vertex 30.74028778076172 -39.5992317199707 6.199999809265137
vertex 31.061681747436523 -39.98225402832031 7.199999809265137
vertex 31.123310089111328 -39.920623779296875 7.199999809265137
endloop
endfacet
facet normal -0.7332287387200065 0.5134132104363212 0.44585030230396655
outer loop
vertex 31.072904586791992 -39.12420654296875 6.199999809265137
vertex 30.74028778076172 -39.5992317199707 6.199999809265137
vertex 31.148303985595703 -39.88492965698242 7.199999809265137
endloop
endfacet
facet normal -0.7309856382454117 0.5154243344004262 0.4472110823613674
outer loop
vertex 31.072904586791992 -39.12420654296875 6.199999809265137
vertex 31.148303985595703 -39.88492965698242 7.199999809265137
vertex 31.482479095458984 -39.41099548339844 7.199999809265137
endloop
endfacet
facet normal -0.7544926849466347 0.4806722372783206 0.44687245235287454
outer loop
vertex 31.072904586791992 -39.12420654296875 6.199999809265137
vertex 31.482479095458984 -39.41099548339844 7.199999809265137
vertex 31.505916595458984 -39.37420654296875 7.199999809265137
endloop
endfacet
facet normal -0.8917007654578665 0.07802038901671021 0.44585038272893324
outer loop
vertex 31.072904586791992 -39.12420654296875 6.199999809265137
vertex 31.5653076171875 -39.21103286743164 7.199999809265137
vertex 31.572904586791992 -39.12420654296875 7.199999809265137
endloop
endfacet
facet normal -0.8917005269666048 -0.07802379610957792 0.4458502634833024
outer loop
vertex 31.072904586791992 -39.12420654296875 6.199999809265137
vertex 31.572904586791992 -39.12420654296875 7.199999809265137
vertex 31.5653076171875 -39.037384033203125 7.199999809265137
endloop
endfacet
facet normal -0.864608363271777 0.23166708591743781 0.4458505797495629
outer loop
vertex 31.072904586791992 -39.12420654296875 6.199999809265137
vertex 31.54275131225586 -39.29521560668945 7.199999809265137
vertex 31.5653076171875 -39.21103286743164 7.199999809265137
endloop
endfacet
facet normal -0.8112403913671121 0.3782941623142336 0.44585037195622845
outer loop
vertex 31.072904586791992 -39.12420654296875 6.199999809265137
vertex 31.505916595458984 -39.37420654296875 7.199999809265137
vertex 31.54275131225586 -39.29521560668945 7.199999809265137
endloop
endfacet
facet normal -0.8808395319786686 -0.15531396484457002 0.44721280306791283
outer loop
vertex 30.785385131835938 -37.49358367919922 6.199999809265137
vertex 31.072904586791992 -39.12420654296875 6.199999809265137
vertex 31.5653076171875 -39.037384033203125 7.199999809265137
endloop
endfacet
facet normal -0.8808398769900738 -0.15531369009511062 0.4472122189443749
outer loop
vertex 30.282278060913086 -34.64027404785156 6.199999809265137
vertex 31.5653076171875 -39.037384033203125 7.199999809265137
vertex 30.58808135986328 -34.64694595336914 6.800000190734863
endloop
endfacet
facet normal -0.8808391628023902 -0.1553131164886366 0.44721382483122263
outer loop
vertex 30.282278060913086 -34.64027404785156 6.199999809265137
vertex 30.785385131835938 -37.49358367919922 6.199999809265137
vertex 31.5653076171875 -39.037384033203125 7.199999809265137
endloop
endfacet
facet normal -0.8808386311020595 -0.155313172849175 0.44721485250131404
outer loop
vertex 30.58808135986328 -34.64694595336914 6.800000190734863
vertex 31.5653076171875 -39.037384033203125 7.199999809265137
vertex 30.799428939819336 -34.69380187988281 7.199999809265137
endloop
endfacet
facet normal -0.8732263301033032 0.19359128124327257 0.44721157435927894
outer loop
vertex 30.308109283447266 -34.52375793457031 6.199999809265137
vertex 30.282278060913086 -34.64027404785156 6.199999809265137
vertex 30.58808135986328 -34.64694595336914 6.800000190734863
endloop
endfacet
facet normal -0.7326701793604175 0.5130233511914813 0.4472152159846932
outer loop
vertex 31.53821563720703 -33.28952407836914 6.799431324005127
vertex 30.799428939819336 -34.69380187988281 7.199999809265137
vertex 31.654693603515625 -33.47236251831055 7.199999809265137
endloop
endfacet
facet normal -0.7326716386881067 0.5130234158155546 0.4472127510335826
outer loop
vertex 31.3268985748291 -33.06877899169922 6.199999809265137
vertex 30.799428939819336 -34.69380187988281 7.199999809265137
vertex 31.53821563720703 -33.28952407836914 6.799431324005127
endloop
endfacet
facet normal -0.7326691758262547 0.5130244026997449 0.44721565382782225
outer loop
vertex 31.3268985748291 -33.06877899169922 6.199999809265137
vertex 30.58808135986328 -34.64694595336914 6.800000190734863
vertex 30.799428939819336 -34.69380187988281 7.199999809265137
endloop
endfacet
facet normal -0.7326695343596114 0.5130243640760641 0.44721511075277914
outer loop
vertex 31.3268985748291 -33.06877899169922 6.199999809265137
vertex 31.174800872802734 -33.28599548339844 6.199999809265137
vertex 30.58808135986328 -34.64694595336914 6.800000190734863
endloop
endfacet
facet normal -0.7326729439894439 0.5130237047526865 0.44721028108449085
outer loop
vertex 31.174800872802734 -33.28599548339844 6.199999809265137
vertex 30.308109283447266 -34.52375793457031 6.199999809265137
vertex 30.58808135986328 -34.64694595336914 6.800000190734863
endloop
endfacet
facet normal -0.48057305956106755 0.7543543354542743 0.4472125568512749
outer loop
vertex 31.427459716796875 -33.00471496582031 6.199999809265137
vertex 31.3268985748291 -33.06877899169922 6.199999809265137
vertex 31.53821563720703 -33.28952407836914 6.799431324005127
endloop
endfacet
facet normal -0.15531494682920965 0.8808365720039683 0.4472182920137971
outer loop
vertex 31.53821563720703 -33.28952407836914 6.799431324005127
vertex 31.654693603515625 -33.47236251831055 7.199999809265137
vertex 46.375 -30.369060516357422 6.199999809265137
endloop
endfacet
facet normal -0.15531574123744762 0.8808394056494805 0.44721243495561713
outer loop
vertex 31.427459716796875 -33.00471496582031 6.199999809265137
vertex 31.53821563720703 -33.28952407836914 6.799431324005127
vertex 46.375 -30.369060516357422 6.199999809265137
endloop
endfacet
facet normal -0.15531564606506762 0.8808385531429267 0.4472141471202204
outer loop
vertex 46.375 -30.369060516357422 6.199999809265137
vertex 31.654693603515625 -33.47236251831055 7.199999809265137
vertex 46.461822509765625 -30.861465454101562 7.199999809265137
endloop
endfacet
facet normal -0.2316755287256868 0.8646059429182688 0.4458508863511264
outer loop
vertex 46.375 -30.369060516357422 6.199999809265137
vertex 46.461822509765625 -30.861465454101562 7.199999809265137
vertex 46.5460090637207 -30.83890724182129 7.199999809265137
endloop
endfacet
facet normal -0.3782779417940396 0.8112476143886054 0.4458509918132536
outer loop
vertex 46.375 -30.369060516357422 6.199999809265137
vertex 46.5460090637207 -30.83890724182129 7.199999809265137
vertex 46.625 -30.802074432373047 7.199999809265137
endloop
endfacet
facet normal -0.513428688715645 0.7332176962467223 0.4458506381226595
outer loop
vertex 46.375 -30.369060516357422 6.199999809265137
vertex 46.625 -30.802074432373047 7.199999809265137
vertex 46.69639205932617 -30.75208282470703 7.199999809265137
endloop
endfacet
facet normal -0.6329268327345475 0.6329464213214911 0.4458502575315297
outer loop
vertex 46.375 -30.369060516357422 6.199999809265137
vertex 46.69639205932617 -30.75208282470703 7.199999809265137
vertex 46.75802230834961 -30.690454483032227 7.199999809265137
endloop
endfacet
facet normal -0.733236241249665 0.513402495609704 0.4458503022537845
outer loop
vertex 46.375 -30.369060516357422 6.199999809265137
vertex 46.75802230834961 -30.690454483032227 7.199999809265137
vertex 46.783016204833984 -30.65475845336914 7.199999809265137
endloop
endfacet
facet normal -0.7292127359055942 0.5179204580298326 0.4472216284430423
outer loop
vertex 46.947479248046875 -30.423200607299805 7.199999809265137
vertex 46.53980255126953 -30.133699417114258 6.199999809265137
vertex 46.783016204833984 -30.65475845336914 7.199999809265137
endloop
endfacet
facet normal -0.7332212498218651 0.5134219432318585 0.44585256197277184
outer loop
vertex 46.53980255126953 -30.133699417114258 6.199999809265137
vertex 46.4835319519043 -30.214059829711914 6.199999809265137
vertex 46.783016204833984 -30.65475845336914 7.199999809265137
endloop
endfacet
facet normal -0.7332307209959881 0.513410379451347 0.44585030229812267
outer loop
vertex 46.4835319519043 -30.214059829711914 6.199999809265137
vertex 46.375 -30.369060516357422 6.199999809265137
vertex 46.783016204833984 -30.65475845336914 7.199999809265137
endloop
endfacet
facet normal -0.7287730241755618 0.5173655857251924 0.4485785660742551
outer loop
vertex 46.70761489868164 -29.89403533935547 6.199999809265137
vertex 46.947479248046875 -30.423200607299805 7.199999809265137
vertex 47.10643005371094 -30.199298858642578 7.199999809265137
endloop
endfacet
facet normal -0.7326750184567856 0.5130177033088339 0.4472137670299049
outer loop
vertex 46.70761489868164 -29.89403533935547 6.199999809265137
vertex 46.53980255126953 -30.133699417114258 6.199999809265137
vertex 46.947479248046875 -30.423200607299805 7.199999809265137
endloop
endfacet
facet normal -0.7321519701474516 0.5126524629727179 0.4484873964976175
outer loop
vertex 47.13521194458008 -30.158193588256836 7.199999809265137
vertex 46.70761489868164 -29.89403533935547 6.199999809265137
vertex 47.10643005371094 -30.199298858642578 7.199999809265137
endloop
endfacet
facet normal -0.8917020088853294 -0.0780026229516351 0.4458510044426647
outer loop
vertex 47.20001983642578 -29.80721092224121 7.199999809265137
vertex 46.70761489868164 -29.89403533935547 6.199999809265137
vertex 47.20761489868164 -29.89403533935547 7.199999809265137
endloop
endfacet
facet normal -0.8917020088853294 0.0780026229516351 0.4458510044426647
outer loop
vertex 46.70761489868164 -29.89403533935547 6.199999809265137
vertex 47.20001983642578 -29.980859756469727 7.199999809265137
vertex 47.20761489868164 -29.89403533935547 7.199999809265137
endloop
endfacet
facet normal -0.880839683436803 -0.15530642659888855 0.447215122664738
outer loop
vertex 46.658836364746094 -29.617387771606445 6.199999809265137
vertex 46.67499542236328 -29.709035873413086 6.199999809265137
vertex 47.20001983642578 -29.80721092224121 7.199999809265137
endloop
endfacet
facet normal -0.8808391937386493 -0.15531133062507996 0.447214384108241
outer loop
vertex 46.67499542236328 -29.709035873413086 6.199999809265137
vertex 46.70761489868164 -29.89403533935547 6.199999809265137
vertex 47.20001983642578 -29.80721092224121 7.199999809265137
endloop
endfacet
facet normal -0.880838948860182 -0.15531813947745365 0.44721250174849975
outer loop
vertex 46.658836364746094 -29.617387771606445 6.199999809265137
vertex 47.20001983642578 -29.80721092224121 7.199999809265137
vertex 47.15238952636719 -29.537090301513672 7.199999809265137
endloop
endfacet
facet normal -0.884647247212613 -0.13191523141428277 0.44721093425816644
outer loop
vertex 46.362640380859375 -25.59694480895996 6.800000190734863
vertex 47.15238952636719 -29.537090301513672 7.199999809265137
vertex 46.57244110107422 -25.647851943969727 7.199999809265137
endloop
endfacet
facet normal -0.8846464400913803 -0.13191529558869808 0.4472125119262591
outer loop
vertex 46.176490783691406 -26.3826961517334 6.199999809265137
vertex 46.658836364746094 -29.617387771606445 6.199999809265137
vertex 47.15238952636719 -29.537090301513672 7.199999809265137
endloop
endfacet
facet normal -0.8846478221445027 -0.13191672337599908 0.4472093568662542
outer loop
vertex 46.05727005004883 -25.583189010620117 6.199999809265137
vertex 46.176490783691406 -26.3826961517334 6.199999809265137
vertex 47.15238952636719 -29.537090301513672 7.199999809265137
endloop
endfacet
facet normal -0.8846448801534387 -0.13191425230206952 0.4472159054169408
outer loop
vertex 46.362640380859375 -25.59694480895996 6.800000190734863
vertex 46.05727005004883 -25.583189010620117 6.199999809265137
vertex 47.15238952636719 -29.537090301513672 7.199999809265137
endloop
endfacet
facet normal -0.8692015818279885 0.2109182986612975 0.4472159226118258
outer loop
vertex 46.08492660522461 -25.469215393066406 6.199999809265137
vertex 46.05727005004883 -25.583189010620117 6.199999809265137
vertex 46.362640380859375 -25.59694480895996 6.800000190734863
endloop
endfacet
facet normal -0.7258062986074252 0.5226871416010854 0.4472173620362654
outer loop
vertex 47.312705993652344 -24.27750015258789 6.799799919128418
vertex 46.57244110107422 -25.647851943969727 7.199999809265137
vertex 47.427555084228516 -24.46043586730957 7.199999809265137
endloop
endfacet
facet normal -0.725810149390058 0.5226873317395929 0.4472108901640548
outer loop
vertex 47.10360336303711 -24.05467414855957 6.199999809265137
vertex 46.57244110107422 -25.647851943969727 7.199999809265137
vertex 47.312705993652344 -24.27750015258789 6.799799919128418
endloop
endfacet
facet normal -0.7258073575535406 0.5226875417456417 0.4472151757544068
outer loop
vertex 47.10360336303711 -24.05467414855957 6.199999809265137
vertex 46.08492660522461 -25.469215393066406 6.199999809265137
vertex 46.362640380859375 -25.59694480895996 6.800000190734863
endloop
endfacet
facet normal -0.7258104227945702 0.5226872236617394 0.44721057275465925
outer loop
vertex 46.57244110107422 -25.647851943969727 7.199999809265137
vertex 47.10360336303711 -24.05467414855957 6.199999809265137
vertex 46.362640380859375 -25.59694480895996 6.800000190734863
endloop
endfacet
facet normal -0.4755674457008456 0.7575204608874957 0.44721175736598123
outer loop
vertex 47.20289993286133 -23.99233627319336 6.199999809265137
vertex 47.10360336303711 -24.05467414855957 6.199999809265137
vertex 47.312705993652344 -24.27750015258789 6.799799919128418
endloop
endfacet
facet normal -0.15531602680966242 0.8808392590537242 0.4472126245151699
outer loop
vertex 52.20240783691406 -23.11078643798828 6.199999809265137
vertex 47.20289993286133 -23.99233627319336 6.199999809265137
vertex 47.312705993652344 -24.27750015258789 6.799799919128418
endloop
endfacet
facet normal -0.15531562359902143 0.880838931315031 0.4472134100693328
outer loop
vertex 47.427555084228516 -24.46043586730957 7.199999809265137
vertex 62.21137237548828 -21.345937728881836 6.199999809265137
vertex 47.312705993652344 -24.27750015258789 6.799799919128418
endloop
endfacet
facet normal -0.155315321867726 0.8808378536075125 0.4472156375231469
outer loop
vertex 62.21137237548828 -21.345937728881836 6.199999809265137
vertex 52.20240783691406 -23.11078643798828 6.199999809265137
vertex 47.312705993652344 -24.27750015258789 6.799799919128418
endloop
endfacet
facet normal -0.15531572578640865 0.880839221479577 0.44721280306660927
outer loop
vertex 62.21137237548828 -21.345937728881836 6.199999809265137
vertex 47.427555084228516 -24.46043586730957 7.199999809265137
vertex 62.298194885253906 -21.838340759277344 7.199999809265137
endloop
endfacet
facet normal -0.7332494497959088 0.5133843123597771 0.4458495174348357
outer loop
vertex 62.619388580322266 -21.631633758544922 7.199999809265137
vertex 62.21137237548828 -21.345937728881836 6.199999809265137
vertex 62.59439468383789 -21.66733169555664 7.199999809265137
endloop
endfacet
facet normal -0.6329268327345475 0.6329464213214911 0.4458502575315297
outer loop
vertex 62.59439468383789 -21.66733169555664 7.199999809265137
vertex 62.21137237548828 -21.345937728881836 6.199999809265137
vertex 62.53276443481445 -21.728960037231445 7.199999809265137
endloop
endfacet
facet normal -0.5134157044699232 0.7332271287843576 0.4458500779615268
outer loop
vertex 62.21137237548828 -21.345937728881836 6.199999809265137
vertex 62.46137237548828 -21.778949737548828 7.199999809265137
vertex 62.53276443481445 -21.728960037231445 7.199999809265137
endloop
endfacet
facet normal -0.3782941623142336 0.8112403913671121 0.44585037195622845
outer loop
vertex 62.46137237548828 -21.778949737548828 7.199999809265137
vertex 62.21137237548828 -21.345937728881836 6.199999809265137
vertex 62.382381439208984 -21.815784454345703 7.199999809265137
endloop
endfacet
facet normal -0.23165733728625873 0.8646111578843978 0.4458502256848612
outer loop
vertex 62.382381439208984 -21.815784454345703 7.199999809265137
vertex 62.21137237548828 -21.345937728881836 6.199999809265137
vertex 62.298194885253906 -21.838340759277344 7.199999809265137
endloop
endfacet
facet normal -0.7332369368170021 0.5134021835589033 0.4458495176673067
outer loop
vertex 62.329891204833984 -21.17667007446289 6.199999809265137
vertex 62.21137237548828 -21.345937728881836 6.199999809265137
vertex 62.619388580322266 -21.631633758544922 7.199999809265137
endloop
endfacet
facet normal -0.7292150803655703 0.5179287294742319 0.44720822639196056
outer loop
vertex 62.37442398071289 -21.113075256347656 6.199999809265137
vertex 62.619388580322266 -21.631633758544922 7.199999809265137
vertex 62.783695220947266 -21.400299072265625 7.199999809265137
endloop
endfacet
facet normal -0.7332092086589266 0.5134355648661934 0.44585667772086085
outer loop
vertex 62.37442398071289 -21.113075256347656 6.199999809265137
vertex 62.329891204833984 -21.17667007446289 6.199999809265137
vertex 62.619388580322266 -21.631633758544922 7.199999809265137
endloop
endfacet
facet normal -0.7330902046826678 0.5120372948545323 0.44765674403093386
outer loop
vertex 62.54398727416992 -20.870912551879883 6.199999809265137
vertex 62.43486022949219 -21.027151107788086 6.199999809265137
vertex 62.95211410522461 -21.160858154296875 7.199999809265137
endloop
endfacet
facet normal -0.7315830604483928 0.5145717075488419 0.44721603667045784
outer loop
vertex 62.43486022949219 -21.027151107788086 6.199999809265137
vertex 62.37442398071289 -21.113075256347656 6.199999809265137
vertex 62.95211410522461 -21.160858154296875 7.199999809265137
endloop
endfacet
facet normal -0.7315783431524369 0.5145804207586683 0.4472137278775857
outer loop
vertex 62.95211410522461 -21.160858154296875 7.199999809265137
vertex 62.37442398071289 -21.113075256347656 6.199999809265137
vertex 62.783695220947266 -21.400299072265625 7.199999809265137
endloop
endfacet
facet normal -0.7482887756616243 0.49012023995296133 0.4470414506589731
outer loop
vertex 62.97616195678711 -21.123197555541992 7.199999809265137
vertex 62.54398727416992 -20.870912551879883 6.199999809265137
vertex 62.6786003112793 -20.965167999267578 6.52866268157959
endloop
endfacet
facet normal -0.8155073467701128 0.37435098155407276 0.4413718500011902
outer loop
vertex 62.6786003112793 -20.965167999267578 6.52866268157959
vertex 62.54398727416992 -20.870912551879883 6.199999809265137
vertex 62.95211410522461 -21.160858154296875 7.199999809265137
endloop
endfacet
facet normal -0.7537712892218458 0.4813141764755144 0.447398599761481
outer loop
vertex 62.97616195678711 -21.123197555541992 7.199999809265137
vertex 62.6786003112793 -20.965167999267578 6.52866268157959
vertex 62.95211410522461 -21.160858154296875 7.199999809265137
endloop
endfacet
facet normal -0.8120958624650517 0.3763715182570841 0.445920161477367
outer loop
vertex 63.0133056640625 -21.043052673339844 7.199999809265137
vertex 62.54398727416992 -20.870912551879883 6.199999809265137
vertex 62.97616195678711 -21.123197555541992 7.199999809265137
endloop
endfacet
facet normal -0.8917020088853294 -0.0780026229516351 0.4458510044426647
outer loop
vertex 63.04398727416992 -20.870912551879883 7.199999809265137
vertex 63.03639221191406 -20.784088134765625 7.199999809265137
vertex 62.54398727416992 -20.870912551879883 6.199999809265137
endloop
endfacet
facet normal -0.8917018896951184 0.0780043261152452 0.4458509448475592
outer loop
vertex 62.54398727416992 -20.870912551879883 6.199999809265137
vertex 63.03639221191406 -20.957735061645508 7.199999809265137
vertex 63.04398727416992 -20.870912551879883 7.199999809265137
endloop
endfacet
facet normal -0.8640705034070775 0.233813448687471 0.44577285286871265
outer loop
vertex 62.54398727416992 -20.870912551879883 6.199999809265137
vertex 63.0133056640625 -21.043052673339844 7.199999809265137
vertex 63.03639221191406 -20.957735061645508 7.199999809265137
endloop
endfacet
facet normal -0.8808383070699208 -0.15531956242033926 0.4472132716364198
outer loop
vertex 62.494632720947266 -20.591007232666016 6.199999809265137
vertex 62.5091438293457 -20.673301696777344 6.199999809265137
vertex 63.03639221191406 -20.784088134765625 7.199999809265137
endloop
endfacet
facet normal -0.8808381859244963 -0.15532153511035235 0.44721282511596894
outer loop
vertex 62.987220764160156 -20.505233764648438 7.199999809265137
vertex 62.494632720947266 -20.591007232666016 6.199999809265137
vertex 63.03639221191406 -20.784088134765625 7.199999809265137
endloop
endfacet
facet normal -0.8808389626892137 -0.1553126409961542 0.4472143841105627
outer loop
vertex 62.5091438293457 -20.673301696777344 6.199999809265137
vertex 62.54398727416992 -20.870912551879883 6.199999809265137
vertex 63.03639221191406 -20.784088134765625 7.199999809265137
endloop
endfacet
facet normal -0.8814934064769799 -0.15155875713923567 0.44721283240982684
outer loop
vertex 59.6812744140625 -4.228001594543457 6.199999809265137
vertex 62.494632720947266 -20.591007232666016 6.199999809265137
vertex 62.987220764160156 -20.505233764648438 7.199999809265137
endloop
endfacet
facet normal -0.8815007632041744 -0.15156042866205785 0.4471977649029917
outer loop
vertex 59.9468994140625 -4.286192893981934 6.703841686248779
vertex 62.987220764160156 -20.505233764648438 7.199999809265137
vertex 60.017391204833984 -4.301636219024658 6.837558746337891
endloop
endfacet
facet normal -0.8739090966887647 -0.14982847208887584 0.46242223094931356
outer loop
vertex 60.017391204833984 -4.301636219024658 6.837558746337891
vertex 62.987220764160156 -20.505233764648438 7.199999809265137
vertex 60.21116638183594 -4.313256740570068 7.199999809265137
endloop
endfacet
facet normal -0.8814912983097419 -0.15155805914714862 0.44721722430129496
outer loop
vertex 59.6812744140625 -4.228001594543457 6.199999809265137
vertex 62.987220764160156 -20.505233764648438 7.199999809265137
vertex 59.9468994140625 -4.286192893981934 6.703841686248779
endloop
endfacet
facet normal -0.7332244770299611 0.5134173628006347 0.4458525292728319
outer loop
vertex 59.6812744140625 -4.228001594543457 6.199999809265137
vertex 59.9468994140625 -4.286192893981934 6.703841686248779
vertex 59.7413215637207 -4.142246723175049 6.199999809265137
endloop
endfacet
facet normal -0.7332845899856931 0.5133315049933252 0.4458525272674826
outer loop
vertex 59.7413215637207 -4.142246723175049 6.199999809265137
vertex 59.9468994140625 -4.286192893981934 6.703841686248779
vertex 60.017391204833984 -4.301636219024658 6.837558746337891
endloop
endfacet
facet normal -0.8112395521533793 0.37829721072267547 0.44584931241556075
outer loop
vertex 59.7413215637207 -4.142246723175049 6.199999809265137
vertex 60.017391204833984 -4.301636219024658 6.837558746337891
vertex 60.21116638183594 -4.313256740570068 7.199999809265137
endloop
endfacet
facet normal -0.8917019790885086 -0.07800304873558632 0.4458509895442543
outer loop
vertex 60.233726501464844 -4.055422782897949 7.199999809265137
vertex 59.7413215637207 -4.142246723175049 6.199999809265137
vertex 60.2413215637207 -4.142246723175049 7.199999809265137
endloop
endfacet
facet normal -0.8646009288252354 0.2316950860917216 0.4458504468490413
outer loop
vertex 59.7413215637207 -4.142246723175049 6.199999809265137
vertex 60.21116638183594 -4.313256740570068 7.199999809265137
vertex 60.233726501464844 -4.229070663452148 7.199999809265137
endloop
endfacet
facet normal -0.8917019790885086 0.07800304873558632 0.4458509895442543
outer loop
vertex 59.7413215637207 -4.142246723175049 6.199999809265137
vertex 60.233726501464844 -4.229070663452148 7.199999809265137
vertex 60.2413215637207 -4.142246723175049 7.199999809265137
endloop
endfacet
facet normal -0.8808386522159645 -0.15531572205398486 0.4472139255940189
outer loop
vertex 56.739356994628906 12.882732391357422 6.199999809265137
vertex 59.295772552490234 -1.6154111623764038 6.199999809265137
vertex 60.233726501464844 -4.055422782897949 7.199999809265137
endloop
endfacet
facet normal -0.8808384893903137 -0.1553154958281306 0.44721432486477003
outer loop
vertex 59.295772552490234 -1.6154111623764038 6.199999809265137
vertex 59.7413215637207 -4.142246723175049 6.199999809265137
vertex 60.233726501464844 -4.055422782897949 7.199999809265137
endloop
endfacet
facet normal -0.8808378311021917 -0.15531545163111304 0.44721563678365517
outer loop
vertex 56.739356994628906 12.882732391357422 6.199999809265137
vertex 60.233726501464844 -4.055422782897949 7.199999809265137
vertex 57.23194885253906 12.968506813049316 7.199999809265137
endloop
endfacet
facet normal -0.8805597679784185 -0.1599961630959661 0.4461117828665397
outer loop
vertex 56.69065856933594 13.170936584472656 6.204172134399414
vertex 56.7120246887207 13.041711807250977 6.199999809265137
vertex 57.23194885253906 12.968506813049316 7.199999809265137
endloop
endfacet
facet normal -0.8810506672727338 -0.1514896992021919 0.4481077914228894
outer loop
vertex 56.69065856933594 13.170936584472656 6.204172134399414
vertex 57.23194885253906 12.968506813049316 7.199999809265137
vertex 57.18295669555664 13.253440856933594 7.199999809265137
endloop
endfacet
facet normal -0.8814935773448652 -0.1515495070647253 0.4472156303263457
outer loop
vertex 56.7120246887207 13.041711807250977 6.199999809265137
vertex 56.739356994628906 12.882732391357422 6.199999809265137
vertex 57.23194885253906 12.968506813049316 7.199999809265137
endloop
endfacet
facet normal -0.7331159667176792 -0.513311423992117 0.44615284527030397
outer loop
vertex 57.073211669921875 13.490110397338867 7.199999809265137
vertex 56.69065856933594 13.170936584472656 6.204172134399414
vertex 57.123199462890625 13.418717384338379 7.199999809265137
endloop
endfacet
facet normal -0.8110065920157137 -0.37818970396144885 0.4463640392377164
outer loop
vertex 57.123199462890625 13.418717384338379 7.199999809265137
vertex 56.69065856933594 13.170936584472656 6.204172134399414
vertex 57.1600341796875 13.339727401733398 7.199999809265137
endloop
endfacet
facet normal -0.8647687428852978 -0.22973077990219742 0.4465409164837079
outer loop
vertex 56.69065856933594 13.170936584472656 6.204172134399414
vertex 57.18295669555664 13.253440856933594 7.199999809265137
vertex 57.1600341796875 13.339727401733398 7.199999809265137
endloop
endfacet
facet normal -0.6342284133190567 -0.6315036224792001 0.4460465161106404
outer loop
vertex 57.0099983215332 13.553596496582031 7.199999809265137
vertex 56.69065856933594 13.170936584472656 6.204172134399414
vertex 57.073211669921875 13.490110397338867 7.199999809265137
endloop
endfacet
facet normal -0.5132731712845943 -0.7330627398040724 0.4462842940888712
outer loop
vertex 56.974300384521484 13.578591346740723 7.199999809265137
vertex 56.69065856933594 13.170936584472656 6.204172134399414
vertex 57.0099983215332 13.553596496582031 7.199999809265137
endloop
endfacet
facet normal -0.5134197806840126 -0.7332234743295318 0.4458513939582456
outer loop
vertex 56.45509338378906 13.334081649780273 6.199999809265137
vertex 56.5672492980957 13.255547523498535 6.199999809265137
vertex 56.974300384521484 13.578591346740723 7.199999809265137
endloop
endfacet
facet normal -0.5162519560480142 -0.7309724419065173 0.446277051896938
outer loop
vertex 56.5672492980957 13.255547523498535 6.199999809265137
vertex 56.69065856933594 13.170936584472656 6.204172134399414
vertex 56.974300384521484 13.578591346740723 7.199999809265137
endloop
endfacet
facet normal -0.5179149838798155 -0.7292251606742891 0.447207708467025
outer loop
vertex 56.74231719970703 13.743351936340332 7.199999809265137
vertex 56.45509338378906 13.334081649780273 6.199999809265137
vertex 56.974300384521484 13.578591346740723 7.199999809265137
endloop
endfacet
facet normal -0.5145824009670279 -0.7315769838218809 0.44721367304353343
outer loop
vertex 56.390602111816406 13.379443168640137 6.199999809265137
vertex 56.74231719970703 13.743351936340332 7.199999809265137
vertex 56.21444320678711 13.503351211547852 6.199999809265137
endloop
endfacet
facet normal -0.5145803355399962 -0.7315788319598375 0.4472130263127682
outer loop
vertex 56.21444320678711 13.503351211547852 6.199999809265137
vertex 56.74231719970703 13.743351936340332 7.199999809265137
vertex 56.50210189819336 13.912315368652344 7.199999809265137
endloop
endfacet
facet normal -0.5145760052429539 -0.7315817886796913 0.44721317210076333
outer loop
vertex 56.390602111816406 13.379443168640137 6.199999809265137
vertex 56.45509338378906 13.334081649780273 6.199999809265137
vertex 56.74231719970703 13.743351936340332 7.199999809265137
endloop
endfacet
facet normal -0.3782860521051683 -0.8112440028937907 0.4458506819009535
outer loop
vertex 56.38545227050781 13.973197937011719 7.199999809265137
vertex 56.21444320678711 13.503351211547852 6.199999809265137
vertex 56.46444320678711 13.93636417388916 7.199999809265137
endloop
endfacet
facet normal -0.48149104631527917 -0.7539801894316431 0.4468559569512766
outer loop
vertex 56.46444320678711 13.93636417388916 7.199999809265137
vertex 56.21444320678711 13.503351211547852 6.199999809265137
vertex 56.50210189819336 13.912315368652344 7.199999809265137
endloop
endfacet
facet normal 0.0780140611235696 -0.8917012083728532 0.4458506041864266
outer loop
vertex 56.127620697021484 13.995755195617676 7.199999809265137
vertex 56.21444320678711 13.503351211547852 6.199999809265137
vertex 56.21444320678711 14.003351211547852 7.199999809265137
endloop
endfacet
facet normal -0.0780140611235696 -0.8917012083728532 0.4458506041864266
outer loop
vertex 56.21444320678711 14.003351211547852 7.199999809265137
vertex 56.21444320678711 13.503351211547852 6.199999809265137
vertex 56.301265716552734 13.995755195617676 7.199999809265137
endloop
endfacet
facet normal -0.2316664330437869 -0.8646085504322214 0.44585055603897306
outer loop
vertex 56.301265716552734 13.995755195617676 7.199999809265137
vertex 56.21444320678711 13.503351211547852 6.199999809265137
vertex 56.38545227050781 13.973197937011719 7.199999809265137
endloop
endfacet
facet normal 0.15531505885713057 -0.8808393518632652 0.4472127778824182
outer loop
vertex 41.206905364990234 11.161757469177246 6.800000190734863
vertex 41.20131301879883 10.856143951416016 6.199999809265137
vertex 56.127620697021484 13.995755195617676 7.199999809265137
endloop
endfacet
facet normal 0.15531486604925102 -0.8808390318768957 0.44721347509469817
outer loop
vertex 56.127620697021484 13.995755195617676 7.199999809265137
vertex 49.501930236816406 12.3197603225708 6.199999809265137
vertex 56.21444320678711 13.503351211547852 6.199999809265137
endloop
endfacet
facet normal 0.15531475191716065 -0.8808380991514593 0.4472153518386357
outer loop
vertex 41.25213623046875 11.372818946838379 7.199999809265137
vertex 41.206905364990234 11.161757469177246 6.800000190734863
vertex 56.127620697021484 13.995755195617676 7.199999809265137
endloop
endfacet
facet normal 0.15531506952031635 -0.8808393822902888 0.44721271424945186
outer loop
vertex 56.127620697021484 13.995755195617676 7.199999809265137
vertex 41.20131301879883 10.856143951416016 6.199999809265137
vertex 49.501930236816406 12.3197603225708 6.199999809265137
endloop
endfacet
facet normal -0.1874344375119218 -0.8745678330522862 0.4472129660741267
outer loop
vertex 41.206905364990234 11.161757469177246 6.800000190734863
vertex 41.08676528930664 10.880693435668945 6.199999809265137
vertex 41.20131301879883 10.856143951416016 6.199999809265137
endloop
endfacet
facet normal -0.502644419928171 -0.7398307827784608 0.447212477429334
outer loop
vertex 39.64662551879883 11.859130859375 6.199999809265137
vertex 41.206905364990234 11.161757469177246 6.800000190734863
vertex 41.25213623046875 11.372818946838379 7.199999809265137
endloop
endfacet
facet normal -0.5026453434668872 -0.7398286910249271 0.44721489982713886
outer loop
vertex 40.04322814941406 12.194160461425781 7.199999809265137
vertex 39.863670349121094 12.074359893798828 6.800000190734863
vertex 41.25213623046875 11.372818946838379 7.199999809265137
endloop
endfacet
facet normal -0.5026441127406432 -0.7398331080004146 0.4472089760208513
outer loop
vertex 39.64662551879883 11.859130859375 6.199999809265137
vertex 39.934654235839844 11.663443565368652 6.199999809265137
vertex 41.206905364990234 11.161757469177246 6.800000190734863
endloop
endfacet
facet normal -0.5026453420969001 -0.7398286277890922 0.4472150059781081
outer loop
vertex 39.863670349121094 12.074359893798828 6.800000190734863
vertex 39.64662551879883 11.859130859375 6.199999809265137
vertex 41.25213623046875 11.372818946838379 7.199999809265137
endloop
endfacet
facet normal -0.5026447290484493 -0.7398306641299536 0.4472123262756101
outer loop
vertex 41.08676528930664 10.880693435668945 6.199999809265137
vertex 41.206905364990234 11.161757469177246 6.800000190734863
vertex 39.934654235839844 11.663443565368652 6.199999809265137
endloop
endfacet
facet normal -0.7440311085229302 -0.4964042164178626 0.4472142254811531
outer loop
vertex 39.863670349121094 12.074359893798828 6.800000190734863
vertex 39.581607818603516 11.956582069396973 6.199999809265137
vertex 39.64662551879883 11.859130859375 6.199999809265137
endloop
endfacet
facet normal -0.8761099010133906 -0.18008139966277717 0.44721597784717176
outer loop
vertex 39.863670349121094 12.074359893798828 6.800000190734863
vertex 40.04322814941406 12.194160461425781 7.199999809265137
vertex 37.90949630737305 20.091520309448242 6.199999809265137
endloop
endfacet
facet normal -0.8761107834569163 -0.18008175483891528 0.44721410608862194
outer loop
vertex 37.90949630737305 20.091520309448242 6.199999809265137
vertex 38.95524215698242 15.003890991210938 6.199999809265137
vertex 39.863670349121094 12.074359893798828 6.800000190734863
endloop
endfacet
facet normal -0.8761113435356375 -0.18008218904855308 0.4472128340238697
outer loop
vertex 38.95524215698242 15.003890991210938 6.199999809265137
vertex 39.581607818603516 11.956582069396973 6.199999809265137
vertex 39.863670349121094 12.074359893798828 6.800000190734863
endloop
endfacet
facet normal -0.8761110513667645 -0.1800820278587058 0.4472134713034917
outer loop
vertex 37.90949630737305 20.091520309448242 6.199999809265137
vertex 40.04322814941406 12.194160461425781 7.199999809265137
vertex 38.20756149291992 20.131446838378906 6.800000190734863
endloop
endfacet
facet normal -0.8761115461104703 -0.18008219450462665 0.44721243497282065
outer loop
vertex 38.40910339355469 20.144283294677734 7.199999809265137
vertex 38.20756149291992 20.131446838378906 6.800000190734863
vertex 40.04322814941406 12.194160461425781 7.199999809265137
endloop
endfacet
facet normal -0.8926218080124152 -0.0568091421339284 0.44721251014551683
outer loop
vertex 37.90684127807617 20.133237838745117 6.199999809265137
vertex 37.90949630737305 20.091520309448242 6.199999809265137
vertex 38.20756149291992 20.131446838378906 6.800000190734863
endloop
endfacet
facet normal -0.8918792730034979 0.06747518145685498 0.4472118762668504
outer loop
vertex 37.952247619628906 20.733413696289062 6.199999809265137
vertex 37.90684127807617 20.133237838745117 6.199999809265137
vertex 38.40910339355469 20.144283294677734 7.199999809265137
endloop
endfacet
facet normal -0.8918771410413326 0.06751323345677845 0.4472103851613348
outer loop
vertex 38.40910339355469 20.144283294677734 7.199999809265137
vertex 37.90684127807617 20.133237838745117 6.199999809265137
vertex 38.20756149291992 20.131446838378906 6.800000190734863
endloop
endfacet
facet normal -0.8918806066042455 0.06747076407750464 0.4472098831175813
outer loop
vertex 38.249813079833984 20.689939498901367 6.800000190734863
vertex 37.952247619628906 20.733413696289062 6.199999809265137
vertex 38.40910339355469 20.144283294677734 7.199999809265137
endloop
endfacet
facet normal -0.8918766051119968 0.06747708326461122 0.44721690988601936
outer loop
vertex 38.249813079833984 20.689939498901367 6.800000190734863
vertex 38.40910339355469 20.144283294677734 7.199999809265137
vertex 38.4471321105957 20.646926879882812 7.199999809265137
endloop
endfacet
facet normal -0.8739046448936741 0.19050982498312571 0.4472098816195366
outer loop
vertex 37.961151123046875 20.774255752563477 6.199999809265137
vertex 37.952247619628906 20.733413696289062 6.199999809265137
vertex 38.249813079833984 20.689939498901367 6.800000190734863
endloop
endfacet
facet normal -0.8390431601679648 0.3098439661888576 0.44721727604343825
outer loop
vertex 38.88404083251953 22.407400131225586 6.800000190734863
vertex 38.615081787109375 22.545089721679688 6.199999809265137
vertex 38.4471321105957 20.646926879882812 7.199999809265137
endloop
endfacet
facet normal -0.8390478852144889 0.3098422270679516 0.4472096159997745
outer loop
vertex 38.615081787109375 22.545089721679688 6.199999809265137
vertex 37.961151123046875 20.774255752563477 6.199999809265137
vertex 38.249813079833984 20.689939498901367 6.800000190734863
endloop
endfacet
facet normal -0.8390485255812652 0.30984314053026574 0.4472077816700499
outer loop
vertex 38.88404083251953 22.407400131225586 6.800000190734863
vertex 38.4471321105957 20.646926879882812 7.199999809265137
vertex 39.054786682128906 22.292442321777344 7.199999809265137
endloop
endfacet
facet normal -0.8390436436858538 0.3098436474139042 0.4472165897499936
outer loop
vertex 38.615081787109375 22.545089721679688 6.199999809265137
vertex 38.249813079833984 20.689939498901367 6.800000190734863
vertex 38.4471321105957 20.646926879882812 7.199999809265137
endloop
endfacet
facet normal -0.7419387805481265 0.49952360866238893 0.4472169611135781
outer loop
vertex 38.6552848815918 22.60480308532715 6.199999809265137
vertex 38.615081787109375 22.545089721679688 6.199999809265137
vertex 38.88404083251953 22.407400131225586 6.800000190734863
endloop
endfacet
facet normal -0.6027239208503669 0.6608522449205242 0.4472115669549078
outer loop
vertex 39.42799377441406 23.309541702270508 6.199999809265137
vertex 39.054786682128906 22.292442321777344 7.199999809265137
vertex 39.60355758666992 23.063631057739258 6.800000190734863
endloop
endfacet
facet normal -0.6027278877071531 0.6608506953660109 0.44720851044488563
outer loop
vertex 39.42799377441406 23.309541702270508 6.199999809265137
vertex 38.88404083251953 22.407400131225586 6.800000190734863
vertex 39.054786682128906 22.292442321777344 7.199999809265137
endloop
endfacet
facet normal -0.6027208252345814 0.660851740419621 0.4472164845048793
outer loop
vertex 39.42799377441406 23.309541702270508 6.199999809265137
vertex 38.6552848815918 22.60480308532715 6.199999809265137
vertex 38.88404083251953 22.407400131225586 6.800000190734863
endloop
endfacet
facet normal -0.6027206931737804 0.6608522219844422 0.44721595087646804
outer loop
vertex 39.054786682128906 22.292442321777344 7.199999809265137
vertex 39.702354431152344 22.883047103881836 7.199999809265137
vertex 39.60355758666992 23.063631057739258 6.800000190734863
endloop
endfacet
facet normal -0.4292848371171568 0.7846759940901546 0.4472114856753163
outer loop
vertex 39.491146087646484 23.344091415405273 6.199999809265137
vertex 39.42799377441406 23.309541702270508 6.199999809265137
vertex 39.60355758666992 23.063631057739258 6.800000190734863
endloop
endfacet
facet normal -0.23149675776477985 0.8639483786784887 0.4472163348125886
outer loop
vertex 45.29096221923828 24.898168563842773 6.199999809265137
vertex 39.60355758666992 23.063631057739258 6.800000190734863
vertex 39.702354431152344 22.883047103881836 7.199999809265137
endloop
endfacet
facet normal -0.23149802169793807 0.8639506487983637 0.44721129501705065
outer loop
vertex 45.29096221923828 24.898168563842773 6.199999809265137
vertex 39.491146087646484 23.344091415405273 6.199999809265137
vertex 39.60355758666992 23.063631057739258 6.800000190734863
endloop
endfacet
facet normal -0.23149794444094046 0.863949903290782 0.44721277522390585
outer loop
vertex 45.29096221923828 24.898168563842773 6.199999809265137
vertex 39.702354431152344 22.883047103881836 7.199999809265137
vertex 45.420372009277344 24.415206909179688 7.199999809265137
endloop
endfacet
facet normal -0.23166973808456148 0.8646073987164066 0.4458510721537849
outer loop
vertex 46.98723602294922 25.351064682006836 6.203140735626221
vertex 46.4138298034668 25.19904136657715 6.199999809265137
vertex 47.11574935913086 24.871450424194336 7.199999809265137
endloop
endfacet
facet normal -0.23254733370679784 0.8641338876294468 0.4463119557397919
outer loop
vertex 46.4138298034668 25.19904136657715 6.199999809265137
vertex 45.420372009277344 24.415206909179688 7.199999809265137
vertex 47.11574935913086 24.871450424194336 7.199999809265137
endloop
endfacet
facet normal -0.23149585982904122 0.863950461865526 0.4472127752249002
outer loop
vertex 46.4138298034668 25.19904136657715 6.199999809265137
vertex 45.29096221923828 24.898168563842773 6.199999809265137
vertex 45.420372009277344 24.415206909179688 7.199999809265137
endloop
endfacet
facet normal -0.3309890161421609 0.8329575311874441 0.44342758420215866
outer loop
vertex 46.98723602294922 25.351064682006836 6.203140735626221
vertex 47.11574935913086 24.871450424194336 7.199999809265137
vertex 47.23682403564453 24.9195613861084 7.199999809265137
endloop
endfacet
facet normal -0.513399377950759 0.7331982418056124 0.4459163788569919
outer loop
vertex 47.23682403564453 24.9195613861084 7.199999809265137
vertex 47.308223724365234 24.96955680847168 7.199999809265137
vertex 46.98723602294922 25.351064682006836 6.203140735626221
endloop
endfacet
facet normal -0.6871655264870901 0.5766184226905606 0.4419442655149748
outer loop
vertex 47.308223724365234 24.96955680847168 7.199999809265137
vertex 47.41984939575195 25.102582931518555 7.199999809265137
vertex 46.98723602294922 25.351064682006836 6.203140735626221
endloop
endfacet
facet normal -0.7745974940478666 0.44721141452246854 0.44721434786417363
outer loop
vertex 47.27678298950195 25.85478973388672 6.199999809265137
vertex 47.41984939575195 25.102582931518555 7.199999809265137
vertex 47.70979690551758 25.60478973388672 7.199999809265137
endloop
endfacet
facet normal -0.7745985281875495 0.44721030783668236 0.4472136633582452
outer loop
vertex 47.27678298950195 25.85478973388672 6.199999809265137
vertex 47.19068145751953 25.705656051635742 6.199999809265137
vertex 47.41984939575195 25.102582931518555 7.199999809265137
endloop
endfacet
facet normal -0.7739431885920669 0.4480112392585987 0.44754650074592134
outer loop
vertex 46.98723602294922 25.351064682006836 6.203140735626221
vertex 47.41984939575195 25.102582931518555 7.199999809265137
vertex 47.19068145751953 25.705656051635742 6.199999809265137
endloop
endfacet
facet normal -0.8697973585921951 0.23305727564817727 0.43489867929609755
outer loop
vertex 47.27678298950195 25.85478973388672 6.199999809265137
vertex 47.70979690551758 25.60478973388672 7.199999809265137
vertex 47.77678298950195 25.85478973388672 7.199999809265137
endloop
endfacet
facet normal -0.8646011930506549 -0.23169384456484537 0.44585057964092156
outer loop
vertex 47.27678298950195 25.85478973388672 6.199999809265137
vertex 47.769187927246094 25.941614151000977 7.199999809265137
vertex 47.75790786743164 25.983707427978516 7.199999809265137
endloop
endfacet
facet normal -0.8917020088853294 -0.0780026229516351 0.4458510044426647
outer loop
vertex 47.769187927246094 25.941614151000977 7.199999809265137
vertex 47.27678298950195 25.85478973388672 6.199999809265137
vertex 47.77678298950195 25.85478973388672 7.199999809265137
endloop
endfacet
facet normal -0.8639681548847007 -0.23132027320378923 0.44726944736931257
outer loop
vertex 44.979705810546875 35.58671569824219 6.800000190734863
vertex 47.75790786743164 25.983707427978516 7.199999809265137
vertex 45.21443557739258 35.48343276977539 7.199999809265137
endloop
endfacet
facet normal -0.8646073999547242 -0.23167068108801195 0.44585057975486375
outer loop
vertex 45.49164581298828 32.51701736450195 6.199999809265137
vertex 47.27678298950195 25.85478973388672 6.199999809265137
vertex 47.75790786743164 25.983707427978516 7.199999809265137
endloop
endfacet
facet normal -0.8639823180176354 -0.23132562559921907 0.4472393197092621
outer loop
vertex 44.662620544433594 35.61097717285156 6.199999809265137
vertex 47.75790786743164 25.983707427978516 7.199999809265137
vertex 44.979705810546875 35.58671569824219 6.800000190734863
endloop
endfacet
facet normal -0.8646086031825105 -0.23167152253035328 0.44584780918072914
outer loop
vertex 47.75790786743164 25.983707427978516 7.199999809265137
vertex 44.662620544433594 35.61097717285156 6.199999809265137
vertex 45.49164581298828 32.51701736450195 6.199999809265137
endloop
endfacet
facet normal -0.8186749958951852 0.36023510939927395 0.4472157388242409
outer loop
vertex 44.74760055541992 35.80410385131836 6.199999809265137
vertex 44.662620544433594 35.61097717285156 6.199999809265137
vertex 44.979705810546875 35.58671569824219 6.800000190734863
endloop
endfacet
facet normal -0.41300064745212567 0.7933648733461163 0.4472165503921183
outer loop
vertex 47.82730484008789 37.069087982177734 6.800000190734863
vertex 45.21443557739258 35.48343276977539 7.199999809265137
vertex 47.77727508544922 36.81756591796875 7.199999809265137
endloop
endfacet
facet normal -0.41300116266112563 0.793366395115161 0.44721337495935043
outer loop
vertex 46.14639663696289 36.53227233886719 6.199999809265137
vertex 44.74760055541992 35.80410385131836 6.199999809265137
vertex 44.979705810546875 35.58671569824219 6.800000190734863
endloop
endfacet
facet normal -0.4130022143152953 0.7933667156330274 0.4472118351478704
outer loop
vertex 47.17540740966797 37.06794357299805 6.199999809265137
vertex 46.14639663696289 36.53227233886719 6.199999809265137
vertex 44.979705810546875 35.58671569824219 6.800000190734863
endloop
endfacet
facet normal -0.4130004700598315 0.7933655908188119 0.4472154414094798
outer loop
vertex 47.17540740966797 37.06794357299805 6.199999809265137
vertex 44.979705810546875 35.58671569824219 6.800000190734863
vertex 47.7823600769043 37.38390350341797 6.199999809265137
endloop
endfacet
facet normal -0.4130015806780481 0.7933664635079868 0.447212867590216
outer loop
vertex 47.7823600769043 37.38390350341797 6.199999809265137
vertex 44.979705810546875 35.58671569824219 6.800000190734863
vertex 45.21443557739258 35.48343276977539 7.199999809265137
endloop
endfacet
facet normal -0.41300286012313336 0.7933670360878504 0.4472106702431092
outer loop
vertex 47.7823600769043 37.38390350341797 6.199999809265137
vertex 45.21443557739258 35.48343276977539 7.199999809265137
vertex 47.82730484008789 37.069087982177734 6.800000190734863
endloop
endfacet
facet normal 0.1744817559045552 0.8772438161321793 0.4472129290554046
outer loop
vertex 47.98930358886719 37.342742919921875 6.199999809265137
vertex 47.7823600769043 37.38390350341797 6.199999809265137
vertex 47.82730484008789 37.069087982177734 6.800000190734863
endloop
endfacet
facet normal 0.6851697248830146 0.574927968109261 0.4472139080904022
outer loop
vertex 47.82730484008789 37.069087982177734 6.800000190734863
vertex 52.743629455566406 31.676780700683594 6.199999809265137
vertex 47.98930358886719 37.342742919921875 6.199999809265137
endloop
endfacet
facet normal 0.6851694470921521 0.5749274904643394 0.44721494773745124
outer loop
vertex 47.77727508544922 36.81756591796875 7.199999809265137
vertex 53.48933792114258 30.788082122802734 6.199999809265137
vertex 47.82730484008789 37.069087982177734 6.800000190734863
endloop
endfacet
facet normal 0.6851675913652396 0.5749252738063809 0.44722064049126126
outer loop
vertex 53.48933792114258 30.788082122802734 6.199999809265137
vertex 52.743629455566406 31.676780700683594 6.199999809265137
vertex 47.82730484008789 37.069087982177734 6.800000190734863
endloop
endfacet
facet normal 0.6851700500601562 0.5749284112222147 0.44721284023389024
outer loop
vertex 47.77727508544922 36.81756591796875 7.199999809265137
vertex 53.10631561279297 30.466690063476562 7.199999809265137
vertex 53.48933792114258 30.788082122802734 6.199999809265137
endloop
endfacet
facet normal 0.6851723097050447 0.5749257182799297 0.4472128402380248
outer loop
vertex 53.45969009399414 30.04555320739746 7.199999809265137
vertex 53.48933792114258 30.788082122802734 6.199999809265137
vertex 53.10631561279297 30.466690063476562 7.199999809265137
endloop
endfacet
facet normal 0.6851689680248364 0.5749282915303661 0.4472146518773232
outer loop
vertex 53.45969009399414 30.04555320739746 7.199999809265137
vertex 53.84267044067383 30.366897583007812 6.200130462646484
vertex 53.48933792114258 30.788082122802734 6.199999809265137
endloop
endfacet
facet normal 0.5134135128139713 0.7332239988029664 0.44585774910772336
outer loop
vertex 53.84267044067383 30.366897583007812 6.200130462646484
vertex 53.52134323120117 29.983896255493164 7.199999809265137
vertex 53.592735290527344 29.93390655517578 7.199999809265137
endloop
endfacet
facet normal 0.3782913454220415 0.8112343506269898 0.44586375311476906
outer loop
vertex 53.592735290527344 29.93390655517578 7.199999809265137
vertex 53.67172622680664 29.897071838378906 7.199999809265137
vertex 53.84267044067383 30.366897583007812 6.200130462646484
endloop
endfacet
facet normal 0.6329556102483805 0.6329164494731379 0.445851952380403
outer loop
vertex 53.52134323120117 29.983896255493164 7.199999809265137
vertex 53.84267044067383 30.366897583007812 6.200130462646484
vertex 53.45969009399414 30.04555320739746 7.199999809265137
endloop
endfacet
facet normal 0.07804200682708257 0.8916847767993972 0.4458785753931341
outer loop
vertex 53.84267044067383 30.366897583007812 6.200130462646484
vertex 53.75591278076172 29.874515533447266 7.199999809265137
vertex 53.79932403564453 29.870716094970703 7.199999809265137
endloop
endfacet
facet normal 0.23165474565209562 0.8646014851676135 0.44587032942641514
outer loop
vertex 53.75591278076172 29.874515533447266 7.199999809265137
vertex 53.84267044067383 30.366897583007812 6.200130462646484
vertex 53.67172622680664 29.897071838378906 7.199999809265137
endloop
endfacet
facet normal 0.07806770980467609 0.8916825277528949 0.44587857358933547
outer loop
vertex 54.42042922973633 30.31637954711914 6.199999809265137
vertex 53.84267044067383 30.366897583007812 6.200130462646484
vertex 53.79932403564453 29.870716094970703 7.199999809265137
endloop
endfacet
facet normal 0.08087398221767082 0.8907640618257969 0.4472122372653319
outer loop
vertex 54.42042922973633 30.31637954711914 6.199999809265137
vertex 53.79932403564453 29.870716094970703 7.199999809265137
vertex 54.376853942871094 29.818281173706055 7.199999809265137
endloop
endfacet
facet normal -0.2316755287256868 0.8646059429182688 0.4458508863511264
outer loop
vertex 54.59143829345703 29.846532821655273 7.199999809265137
vertex 54.42042922973633 30.31637954711914 6.199999809265137
vertex 54.50725173950195 29.823974609375 7.199999809265137
endloop
endfacet
facet normal 0.0390031240207724 0.8937466112122028 0.4468733056061014
outer loop
vertex 54.42042922973633 29.81637954711914 7.199999809265137
vertex 54.42042922973633 30.31637954711914 6.199999809265137
vertex 54.376853942871094 29.818281173706055 7.199999809265137
endloop
endfacet
facet normal -0.3782779417940396 0.8112476143886054 0.4458509918132536
outer loop
vertex 54.67042922973633 29.883365631103516 7.199999809265137
vertex 54.42042922973633 30.31637954711914 6.199999809265137
vertex 54.59143829345703 29.846532821655273 7.199999809265137
endloop
endfacet
facet normal -0.513428688715645 0.7332176962467223 0.4458506381226595
outer loop
vertex 54.42042922973633 30.31637954711914 6.199999809265137
vertex 54.67042922973633 29.883365631103516 7.199999809265137
vertex 54.7418212890625 29.93335723876953 7.199999809265137
endloop
endfacet
facet normal -0.0780043261152452 0.8917018896951184 0.4458509448475592
outer loop
vertex 54.50725173950195 29.823974609375 7.199999809265137
vertex 54.42042922973633 30.31637954711914 6.199999809265137
vertex 54.42042922973633 29.81637954711914 7.199999809265137
endloop
endfacet
facet normal -0.5749286559737854 0.6851698446886693 0.44721284023324054
outer loop
vertex 65.44206237792969 39.564674377441406 6.199999809265137
vertex 54.42042922973633 30.31637954711914 6.199999809265137
vertex 54.7418212890625 29.93335723876953 7.199999809265137
endloop
endfacet
facet normal -0.574927975302381 0.685169270644001 0.44721459477511755
outer loop
vertex 65.44206237792969 39.564674377441406 6.199999809265137
vertex 54.7418212890625 29.93335723876953 7.199999809265137
vertex 65.76345825195312 39.1816520690918 7.199999809265137
endloop
endfacet
facet normal -0.5749283506178752 0.6851712461063758 0.4472110856909136
outer loop
vertex 67.88739013671875 41.616546630859375 6.199999809265137
vertex 65.76345825195312 39.1816520690918 7.199999809265137
vertex 68.20877838134766 41.233524322509766 7.199999809265137
endloop
endfacet
facet normal -0.5749276140623438 0.6851695737617656 0.4472145947749259
outer loop
vertex 65.59017181396484 39.6889533996582 6.199999809265137
vertex 65.44206237792969 39.564674377441406 6.199999809265137
vertex 65.76345825195312 39.1816520690918 7.199999809265137
endloop
endfacet
facet normal -0.574925977365789 0.6851707445605006 0.447214905105366
outer loop
vertex 67.88739013671875 41.616546630859375 6.199999809265137
vertex 65.59017181396484 39.6889533996582 6.199999809265137
vertex 65.76345825195312 39.1816520690918 7.199999809265137
endloop
endfacet
facet normal -0.7332374757752497 0.5134033600084891 0.4458472765989873
outer loop
vertex 67.88739013671875 41.616546630859375 6.199999809265137
vertex 68.2704086303711 41.2951545715332 7.199999809265137
vertex 68.32039642333984 41.366546630859375 7.199999809265137
endloop
endfacet
facet normal -0.8646026347978819 0.23169423092096034 0.4458475829905382
outer loop
vertex 67.88739013671875 41.616546630859375 6.199999809265137
vertex 68.35723114013672 41.44553756713867 7.199999809265137
vertex 68.37979125976562 41.52972412109375 7.199999809265137
endloop
endfacet
facet normal -0.8916991639021621 0.07804326601463563 0.44584958195108104
outer loop
vertex 67.88739013671875 41.616546630859375 6.199999809265137
vertex 68.37979125976562 41.52972412109375 7.199999809265137
vertex 68.38359069824219 41.57313537597656 7.199999809265137
endloop
endfacet
facet normal -0.6329374787763282 0.6329374787763282 0.4458478394256609
outer loop
vertex 67.88739013671875 41.616546630859375 6.199999809265137
vertex 68.20877838134766 41.233524322509766 7.199999809265137
vertex 68.2704086303711 41.2951545715332 7.199999809265137
endloop
endfacet
facet normal -0.811242070320695 0.3782949452367137 0.4458466527295507
outer loop
vertex 67.88739013671875 41.616546630859375 6.199999809265137
vertex 68.32039642333984 41.366546630859375 7.199999809265137
vertex 68.35723114013672 41.44553756713867 7.199999809265137
endloop
endfacet
facet normal -0.8917023540479734 0.07800680661142474 0.4458495821547783
outer loop
vertex 67.88739013671875 41.616546630859375 6.199999809265137
vertex 68.38359069824219 41.57313537597656 7.199999809265137
vertex 67.93792724609375 42.19424057006836 6.199999809265137
endloop
endfacet
facet normal -0.8907629513506454 0.08087735743760344 0.4472138387337736
outer loop
vertex 67.93792724609375 42.19424057006836 6.199999809265137
vertex 68.38359069824219 41.57313537597656 7.199999809265137
vertex 68.43602752685547 42.15066146850586 7.199999809265137
endloop
endfacet
facet normal -0.8937480929988095 0.03896065741538928 0.44687404649940476
outer loop
vertex 67.93792724609375 42.19424057006836 6.199999809265137
vertex 68.43602752685547 42.15066146850586 7.199999809265137
vertex 68.43792724609375 42.19424057006836 7.199999809265137
endloop
endfacet
facet normal -0.8917046141443395 -0.07796538585884165 0.4458523070721698
outer loop
vertex 67.93792724609375 42.19424057006836 6.199999809265137
vertex 68.43792724609375 42.19424057006836 7.199999809265137
vertex 68.43033599853516 42.281063079833984 7.199999809265137
endloop
endfacet
facet normal -0.8646000920055301 -0.23169354950929835 0.4458528681300715
outer loop
vertex 67.93792724609375 42.19424057006836 6.199999809265137
vertex 68.43033599853516 42.281063079833984 7.199999809265137
vertex 68.40777587890625 42.36524963378906 7.199999809265137
endloop
endfacet
facet normal -0.8112398317143498 -0.3782939013393423 0.44585161169332277
outer loop
vertex 67.93792724609375 42.19424057006836 6.199999809265137
vertex 68.40777587890625 42.36524963378906 7.199999809265137
vertex 68.37094116210938 42.44424057006836 7.199999809265137
endloop
endfacet
facet normal -0.7332356469736245 -0.5134020795053367 0.44585175873463373
outer loop
vertex 68.32095336914062 42.51563262939453 7.199999809265137
vertex 67.93792724609375 42.19424057006836 6.199999809265137
vertex 68.37094116210938 42.44424057006836 7.199999809265137
endloop
endfacet
facet normal -0.6851669135202315 -0.5749234601130413 0.4472240105683143
outer loop
vertex 57.020809173583984 55.98261642456055 7.199999809265137
vertex 56.63782501220703 55.66133117675781 6.200226783752441
vertex 68.32095336914062 42.51563262939453 7.199999809265137
endloop
endfacet
facet normal -0.6851706133475858 -0.574926113431643 0.4472149312123632
outer loop
vertex 68.32095336914062 42.51563262939453 7.199999809265137
vertex 64.1546859741211 46.70293426513672 6.199999809265137
vertex 67.93792724609375 42.19424057006836 6.199999809265137
endloop
endfacet
facet normal -0.6851723424375654 -0.5749295090016018 0.4472079167879262
outer loop
vertex 56.63782501220703 55.66133117675781 6.200226783752441
vertex 64.1546859741211 46.70293426513672 6.199999809265137
vertex 68.32095336914062 42.51563262939453 7.199999809265137
endloop
endfacet
facet normal -0.5133729396998965 -0.7332556036095127 0.4458524919288167
outer loop
vertex 56.887779235839844 56.09423828125 7.199999809265137
vertex 56.63782501220703 55.66133117675781 6.200226783752441
vertex 56.95918273925781 56.044246673583984 7.199999809265137
endloop
endfacet
facet normal -0.6329533783447655 -0.6329142007402629 0.4458583130808063
outer loop
vertex 56.95918273925781 56.044246673583984 7.199999809265137
vertex 56.63782501220703 55.66133117675781 6.200226783752441
vertex 57.020809173583984 55.98261642456055 7.199999809265137
endloop
endfacet
facet normal -0.07795788795067549 -0.8916972088106911 0.445868428469086
outer loop
vertex 56.63782501220703 55.66133117675781 6.200226783752441
vertex 56.724571228027344 56.153656005859375 7.199999809265137
vertex 56.681156158447266 56.15745162963867 7.199999809265137
endloop
endfacet
facet normal -0.23170225831156613 -0.8645934116367334 0.4458612968712069
outer loop
vertex 56.724571228027344 56.153656005859375 7.199999809265137
vertex 56.63782501220703 55.66133117675781 6.200226783752441
vertex 56.808753967285156 56.13109588623047 7.199999809265137
endloop
endfacet
facet normal -0.37835189516189105 -0.8112127779107572 0.4458516259718225
outer loop
vertex 56.808753967285156 56.13109588623047 7.199999809265137
vertex 56.63782501220703 55.66133117675781 6.200226783752441
vertex 56.887779235839844 56.09423828125 7.199999809265137
endloop
endfacet
facet normal -0.07801109102672564 -0.8917023503149095 0.4458488399891677
outer loop
vertex 56.681156158447266 56.15745162963867 7.199999809265137
vertex 56.06005096435547 55.7117919921875 6.199999809265137
vertex 56.17573165893555 55.7016716003418 6.199999809265137
endloop
endfacet
facet normal -0.07806274140514266 -0.8916880386741756 0.4458684223957957
outer loop
vertex 56.681156158447266 56.15745162963867 7.199999809265137
vertex 56.17573165893555 55.7016716003418 6.199999809265137
vertex 56.63782501220703 55.66133117675781 6.200226783752441
endloop
endfacet
facet normal -0.07801265008157143 -0.8917018428336551 0.44584958216231846
outer loop
vertex 56.10346221923828 56.20799255371094 7.199999809265137
vertex 56.06005096435547 55.7117919921875 6.199999809265137
vertex 56.681156158447266 56.15745162963867 7.199999809265137
endloop
endfacet
facet normal 0.513428688715645 -0.7332176962467223 0.4458506381226595
outer loop
vertex 55.81005096435547 56.144805908203125 7.199999809265137
vertex 55.7386589050293 56.09481430053711 7.199999809265137
vertex 56.06005096435547 55.7117919921875 6.199999809265137
endloop
endfacet
facet normal -0.07804326601463563 -0.8916991639021621 0.44584958195108104
outer loop
vertex 56.06005096435547 56.2117919921875 7.199999809265137
vertex 56.06005096435547 55.7117919921875 6.199999809265137
vertex 56.10346221923828 56.20799255371094 7.199999809265137
endloop
endfacet
facet normal 0.0780043261152452 -0.8917018896951184 0.4458509448475592
outer loop
vertex 55.973228454589844 56.20419692993164 7.199999809265137
vertex 56.06005096435547 55.7117919921875 6.199999809265137
vertex 56.06005096435547 56.2117919921875 7.199999809265137
endloop
endfacet
facet normal 0.23169389021563808 -0.8646013634036044 0.4458502255661338
outer loop
vertex 55.889041900634766 56.181636810302734 7.199999809265137
vertex 56.06005096435547 55.7117919921875 6.199999809265137
vertex 55.973228454589844 56.20419692993164 7.199999809265137
endloop
endfacet
facet normal 0.3782619818231103 -0.8112553969561 0.4458503717805488
outer loop
vertex 55.81005096435547 56.144805908203125 7.199999809265137
vertex 56.06005096435547 55.7117919921875 6.199999809265137
vertex 55.889041900634766 56.181636810302734 7.199999809265137
endloop
endfacet
facet normal 0.5749283692622414 -0.685169434569585 0.44721383716188273
outer loop
vertex 42.336822509765625 44.19657516479492 6.199999809265137
vertex 48.67591857910156 49.5157356262207 6.199999809265137
vertex 55.7386589050293 56.09481430053711 7.199999809265137
endloop
endfacet
facet normal 0.5749288690660188 -0.6851698854707863 0.44721250380374905
outer loop
vertex 42.01542663574219 44.579593658447266 7.199999809265137
vertex 42.336822509765625 44.19657516479492 6.199999809265137
vertex 55.7386589050293 56.09481430053711 7.199999809265137
endloop
endfacet
facet normal 0.5749287887029507 -0.6851697333153357 0.447212840232869
outer loop
vertex 55.7386589050293 56.09481430053711 7.199999809265137
vertex 48.67591857910156 49.5157356262207 6.199999809265137
vertex 56.06005096435547 55.7117919921875 6.199999809265137
endloop
endfacet
facet normal 0.604654764568976 -0.659320696671127 0.44686556661387083
outer loop
vertex 41.98294448852539 44.5498046875 7.199999809265137
vertex 42.336822509765625 44.19657516479492 6.199999809265137
vertex 42.01542663574219 44.579593658447266 7.199999809265137
endloop
endfacet
facet normal 0.6527373004827857 -0.6126181606122725 0.44568262906072703
outer loop
vertex 41.94065475463867 44.50474548339844 7.199999809265137
vertex 42.29318618774414 44.15285873413086 6.199999809265137
vertex 41.98294448852539 44.5498046875 7.199999809265137
endloop
endfacet
facet normal 0.6330350824037682 -0.6318750704726618 0.4472141318889901
outer loop
vertex 42.29318618774414 44.15285873413086 6.199999809265137
vertex 42.336822509765625 44.19657516479492 6.199999809265137
vertex 41.98294448852539 44.5498046875 7.199999809265137
endloop
endfacet
facet normal 0.6340982465260411 -0.6317718496328307 0.44585170602355206
outer loop
vertex 41.909576416015625 44.47355270385742 7.199999809265137
vertex 42.29318618774414 44.15285873413086 6.199999809265137
vertex 41.94065475463867 44.50474548339844 7.199999809265137
endloop
endfacet
facet normal 0.6862208422008733 -0.5736723746757558 0.4472146713414076
outer loop
vertex 41.39281463623047 43.85540771484375 7.199999809265137
vertex 41.505943298339844 43.67890548706055 6.800000190734863
vertex 41.909576416015625 44.47355270385742 7.199999809265137
endloop
endfacet
facet normal 0.6862208647109085 -0.5736723710586786 0.44721464144113904
outer loop
vertex 41.505943298339844 43.67890548706055 6.800000190734863
vertex 41.70658493041992 43.451171875 6.199999809265137
vertex 41.909576416015625 44.47355270385742 7.199999809265137
endloop
endfacet
facet normal 0.686221209684706 -0.5736721718035259 0.44721436769974726
outer loop
vertex 41.70658493041992 43.451171875 6.199999809265137
vertex 42.29318618774414 44.15285873413086 6.199999809265137
vertex 41.909576416015625 44.47355270385742 7.199999809265137
endloop
endfacet
facet normal 0.4826394263811176 -0.7530331340426882 0.44721391205591127
outer loop
vertex 41.505943298339844 43.67890548706055 6.800000190734863
vertex 41.62907409667969 43.401493072509766 6.199999809265137
vertex 41.70658493041992 43.451171875 6.199999809265137
endloop
endfacet
facet normal 0.23471586867040514 -0.8630846684767006 0.447206122537204
outer loop
vertex 11.214497566223145 35.443111419677734 6.800000190734863
vertex 11.226277351379395 35.13542556762695 6.199999809265137
vertex 11.256301879882812 35.661739349365234 7.199999809265137
endloop
endfacet
facet normal 0.23466287537809466 -0.8630957465050473 0.44721255269075344
outer loop
vertex 11.226277351379395 35.13542556762695 6.199999809265137
vertex 41.62907409667969 43.401493072509766 6.199999809265137
vertex 41.505943298339844 43.67890548706055 6.800000190734863
endloop
endfacet
facet normal 0.23466270052972496 -0.8630952064513197 0.4472136867101126
outer loop
vertex 41.39281463623047 43.85540771484375 7.199999809265137
vertex 11.226277351379395 35.13542556762695 6.199999809265137
vertex 41.505943298339844 43.67890548706055 6.800000190734863
endloop
endfacet
facet normal 0.23466275802991982 -0.8630953664910012 0.4472133476715066
outer loop
vertex 11.256301879882812 35.661739349365234 7.199999809265137
vertex 11.226277351379395 35.13542556762695 6.199999809265137
vertex 41.39281463623047 43.85540771484375 7.199999809265137
endloop
endfacet
facet normal -0.16797311215714658 -0.8785136428587914 0.44721226828343896
outer loop
vertex 11.090030670166016 35.161476135253906 6.199999809265137
vertex 11.226277351379395 35.13542556762695 6.199999809265137
vertex 11.214497566223145 35.443111419677734 6.800000190734863
endloop
endfacet
facet normal -0.5365599246488416 -0.7156158206912231 0.4472107382848234
outer loop
vertex 11.256301879882812 35.661739349365234 7.199999809265137
vertex 11.090030670166016 35.161476135253906 6.199999809265137
vertex 11.214497566223145 35.443111419677734 6.800000190734863
endloop
endfacet
facet normal -0.5365363132471521 -0.715631711261084 0.4472136384377005
outer loop
vertex 9.651118278503418 36.615238189697266 6.800000190734863
vertex 11.256301879882812 35.661739349365234 7.199999809265137
vertex 9.849260330200195 36.716651916503906 7.199999809265137
endloop
endfacet
facet normal -0.53653631600149 -0.7156317295848066 0.4472136058115939
outer loop
vertex 9.651118278503418 36.615238189697266 6.800000190734863
vertex 9.415665626525879 36.416812896728516 6.199999809265137
vertex 11.256301879882812 35.661739349365234 7.199999809265137
endloop
endfacet
facet normal -0.5365365043017212 -0.7156310521683453 0.44721446390307656
outer loop
vertex 9.415665626525879 36.416812896728516 6.199999809265137
vertex 11.090030670166016 35.161476135253906 6.199999809265137
vertex 11.256301879882812 35.661739349365234 7.199999809265137
endloop
endfacet
facet normal -0.7961988735708413 -0.40751386739583895 0.4472133736871137
outer loop
vertex 9.35246467590332 36.5402946472168 6.199999809265137
vertex 9.415665626525879 36.416812896728516 6.199999809265137
vertex 9.651118278503418 36.615238189697266 6.800000190734863
endloop
endfacet
facet normal -0.8942715320012855 -0.0166884413444123 0.44721350938625254
outer loop
vertex 9.1902494430542 45.23279571533203 6.199999809265137
vertex 9.651118278503418 36.615238189697266 6.800000190734863
vertex 9.849260330200195 36.716651916503906 7.199999809265137
endloop
endfacet
facet normal -0.8942714864558303 -0.016688427062954533 0.44721360099424967
outer loop
vertex 9.1902494430542 45.23279571533203 6.199999809265137
vertex 9.849260330200195 36.716651916503906 7.199999809265137
vertex 9.6902494430542 45.23746109008789 7.199999809265137
endloop
endfacet
facet normal -0.8942716444298522 -0.016688463066592264 0.4472132837575412
outer loop
vertex 9.1902494430542 45.23279571533203 6.199999809265137
vertex 9.35246467590332 36.5402946472168 6.199999809265137
vertex 9.651118278503418 36.615238189697266 6.800000190734863
endloop
endfacet
facet normal 0 0 1
outer loop
vertex 9.234896659851074 42.84030532836914 6.199999809265137
vertex 9.35246467590332 36.5402946472168 6.199999809265137
vertex 9.1902494430542 45.23279571533203 6.199999809265137
endloop
endfacet
facet normal -0.8944271909999159 0 0.4472135954999579
outer loop
vertex 9.1902494430542 45.514034271240234 6.199999809265137
vertex 9.6902494430542 45.23746109008789 7.199999809265137
vertex 9.6902494430542 45.514034271240234 7.199999809265137
endloop
endfacet
facet normal -0.8944271909999159 0 0.4472135954999579
outer loop
vertex 9.1902494430542 45.514034271240234 6.199999809265137
vertex 9.1902494430542 45.23279571533203 6.199999809265137
vertex 9.6902494430542 45.23746109008789 7.199999809265137
endloop
endfacet
facet normal -0.8646057556352303 -0.23167618200607332 0.44585091007367134
outer loop
vertex 9.1902494430542 45.514034271240234 6.199999809265137
vertex 9.682653427124023 45.600860595703125 7.199999809265137
vertex 9.660096168518066 45.68504333496094 7.199999809265137
endloop
endfacet
facet normal -0.8917014468047877 -0.0780106544505968 0.44585072340239384
outer loop
vertex 9.1902494430542 45.514034271240234 6.199999809265137
vertex 9.6902494430542 45.514034271240234 7.199999809265137
vertex 9.682653427124023 45.600860595703125 7.199999809265137
endloop
endfacet
facet normal -0.6322882171658765 -0.6322351728523559 0.4477614282645941
outer loop
vertex 9.1902494430542 45.514034271240234 6.199999809265137
vertex 9.567852020263672 45.84461975097656 7.199999809265137
vertex 9.533751487731934 45.87872314453125 7.199999809265137
endloop
endfacet
facet normal -0.6307409989243826 -0.6341635778714356 0.44721622150495793
outer loop
vertex 9.332661628723145 46.07872772216797 7.199999809265137
vertex 8.980757713317871 45.72352600097656 6.199999809265137
vertex 9.533751487731934 45.87872314453125 7.199999809265137
endloop
endfacet
facet normal -0.6322615363728138 -0.6322615363728138 0.4477618778401952
outer loop
vertex 8.980757713317871 45.72352600097656 6.199999809265137
vertex 9.1902494430542 45.514034271240234 6.199999809265137
vertex 9.533751487731934 45.87872314453125 7.199999809265137
endloop
endfacet
facet normal -0.632454231684781 -0.6324572390753264 0.447213020344029
outer loop
vertex 9.332661628723145 46.07872772216797 7.199999809265137
vertex 8.78019905090332 45.9240837097168 6.199999809265137
vertex 8.980757713317871 45.72352600097656 6.199999809265137
endloop
endfacet
facet normal -0.6324569117454324 -0.632453879426081 0.4472139814276055
outer loop
vertex 8.78019905090332 45.9240837097168 6.199999809265137
vertex 9.332661628723145 46.07872772216797 7.199999809265137
vertex 9.133752822875977 46.27763748168945 7.199999809265137
endloop
endfacet
facet normal -0.5134193727503318 -0.7332239809774006 0.4458510305071733
outer loop
vertex 9.03019905090332 46.35709762573242 7.199999809265137
vertex 8.78019905090332 45.9240837097168 6.199999809265137
vertex 9.101593017578125 46.307106018066406 7.199999809265137
endloop
endfacet
facet normal -0.0780026229516351 -0.8917020088853294 0.4458510044426647
outer loop
vertex 8.78019905090332 46.4240837097168 7.199999809265137
vertex 8.78019905090332 45.9240837097168 6.199999809265137
vertex 8.867023468017578 46.41648864746094 7.199999809265137
endloop
endfacet
facet normal -0.604375642225406 -0.6595713723988719 0.44687323459399153
outer loop
vertex 9.101593017578125 46.307106018066406 7.199999809265137
vertex 8.78019905090332 45.9240837097168 6.199999809265137
vertex 9.133752822875977 46.27763748168945 7.199999809265137
endloop
endfacet
facet normal -0.2316595812208756 -0.8646097383846099 0.4458518125106871
outer loop
vertex 8.867023468017578 46.41648864746094 7.199999809265137
vertex 8.78019905090332 45.9240837097168 6.199999809265137
vertex 8.95120906829834 46.3939323425293 7.199999809265137
endloop
endfacet
facet normal -0.3782976224166575 -0.8112380170853483 0.4458517562030415
outer loop
vertex 8.95120906829834 46.3939323425293 7.199999809265137
vertex 8.78019905090332 45.9240837097168 6.199999809265137
vertex 9.03019905090332 46.35709762573242 7.199999809265137
endloop
endfacet
facet normal -3.400857850009767e-8 -0.7071065905668993 0.7071069718061436
outer loop
vertex 43.599334716796875 -61.460914611816406 7.199999809265137
vertex -13.098959922790527 -66.9609146118164 1.7000000476837158
vertex 44.570770263671875 -64.02751159667969 4.63340425491333
endloop
endfacet
facet normal 0 -0.7071069621177165 0.7071066002553323
outer loop
vertex -11.773975372314453 -61.460914611816406 7.199999809265137
vertex -12.46826457977295 -63.324466705322266 5.336446762084961
vertex 43.599334716796875 -61.460914611816406 7.199999809265137
endloop
endfacet
facet normal 0 -0.7071069248655287 0.7071066375075371
outer loop
vertex -13.098959922790527 -66.9609146118164 1.7000000476837158
vertex 45.04720687866211 -66.9609146118164 1.7000000476837158
vertex 44.570770263671875 -64.02751159667969 4.63340425491333
endloop
endfacet
facet normal -1.984639909899751e-8 -0.707106663564319 0.7071068988087564
outer loop
vertex -12.46826457977295 -63.324466705322266 5.336446762084961
vertex -13.098959922790527 -66.9609146118164 1.7000000476837158
vertex 43.599334716796875 -61.460914611816406 7.199999809265137
endloop
endfacet
facet normal 0.2237892291901319 -0.6707596465964879 0.707106694492593
outer loop
vertex 44.570770263671875 -64.02751159667969 4.63340425491333
vertex 45.04720687866211 -66.9609146118164 1.7000000476837158
vertex 46.06558609008789 -66.62114715576172 1.7000000476837158
endloop
endfacet
facet normal 0.46819705937479195 -0.5298976481743088 0.7071067783949848
outer loop
vertex 46.06558609008789 -66.62114715576172 1.7000000476837158
vertex 49.96101760864258 -63.17929458618164 1.7000000476837158
vertex 45.2083854675293 -60.03921890258789 7.199999809265137
endloop
endfacet
facet normal 0.46819722908194333 -0.5298975768430374 0.707106719481485
outer loop
vertex 44.570770263671875 -64.02751159667969 4.63340425491333
vertex 46.06558609008789 -66.62114715576172 1.7000000476837158
vertex 45.2083854675293 -60.03921890258789 7.199999809265137
endloop
endfacet
facet normal 0.46819934104057515 -0.5298950106212732 0.7071072441771841
outer loop
vertex 45.2083854675293 -60.03921890258789 7.199999809265137
vertex 49.96101760864258 -63.17929458618164 1.7000000476837158
vertex 47.650779724121094 -61.315425872802734 4.626439571380615
endloop
endfacet
facet normal 0.46819723357838905 -0.5298975760354215 0.707106717109467
outer loop
vertex 43.599334716796875 -61.460914611816406 7.199999809265137
vertex 44.570770263671875 -64.02751159667969 4.63340425491333
vertex 45.2083854675293 -60.03921890258789 7.199999809265137
endloop
endfacet
facet normal 0.616921046789061 -0.34555562052743577 0.7071065939097075
outer loop
vertex 49.96101760864258 -63.17929458618164 1.7000000476837158
vertex 50.1644401550293 -62.816123962402344 1.7000000476837158
vertex 47.650779724121094 -61.315425872802734 4.626439571380615
endloop
endfacet
facet normal 0.6169170715599477 -0.34556249293748453 0.7071067036117883
outer loop
vertex 47.650779724121094 -61.315425872802734 4.626439571380615
vertex 50.1644401550293 -62.816123962402344 1.7000000476837158
vertex 50.48994445800781 -62.235015869140625 1.7000000476837158
endloop
endfacet
facet normal 0.7023654501599723 -0.08174844671432911 0.7071067570610351
outer loop
vertex 45.31917190551758 -59.08738708496094 7.199999809265137
vertex 50.708045959472656 -60.361148834228516 1.7000000476837158
vertex 50.782291412353516 -59.72324752807617 1.7000000476837158
endloop
endfacet
facet normal 0.7023653360703794 -0.08174909506372437 0.7071067954298028
outer loop
vertex 45.31917190551758 -59.08738708496094 7.199999809265137
vertex 50.48994445800781 -62.235015869140625 1.7000000476837158
vertex 50.708045959472656 -60.361148834228516 1.7000000476837158
endloop
endfacet
facet normal 0.702364563276541 -0.08175161634057797 0.7071072715501211
outer loop
vertex 47.650779724121094 -61.315425872802734 4.626439571380615
vertex 50.48994445800781 -62.235015869140625 1.7000000476837158
vertex 45.2083854675293 -60.03921890258789 7.199999809265137
endloop
endfacet
facet normal 0.7023649182660076 -0.08175026934550107 0.7071070746719499
outer loop
vertex 45.2083854675293 -60.03921890258789 7.199999809265137
vertex 50.48994445800781 -62.235015869140625 1.7000000476837158
vertex 45.31917190551758 -59.08738708496094 7.199999809265137
endloop
endfacet
facet normal 0.6843131443635218 -0.18336244516703534 0.7057575604651187
outer loop
vertex 45.613983154296875 -57.84213638305664 7.199999809265137
vertex 45.365848541259766 -58.76818084716797 7.199999809265137
vertex 50.782291412353516 -59.72324752807617 1.7000000476837158
endloop
endfacet
facet normal 0.6998165584012082 -0.10233221884601906 0.7069546672690824
outer loop
vertex 45.31917190551758 -59.08738708496094 7.199999809265137
vertex 50.782291412353516 -59.72324752807617 1.7000000476837158
vertex 45.365848541259766 -58.76818084716797 7.199999809265137
endloop
endfacet
facet normal 0.642077648733555 -0.2994035808621192 0.7057575991540792
outer loop
vertex 46.01914978027344 -56.97324752807617 7.199999809265137
vertex 45.613983154296875 -57.84213638305664 7.199999809265137
vertex 50.782291412353516 -59.72324752807617 1.7000000476837158
endloop
endfacet
facet normal 0.5803265951877485 -0.40635902028732424 0.705757316326881
outer loop
vertex 46.01914978027344 -56.97324752807617 7.199999809265137
vertex 50.782291412353516 -59.72324752807617 1.7000000476837158
vertex 46.12137985229492 -56.82725143432617 7.199999809265137
endloop
endfacet
facet normal 0.6013040118175534 -0.3736118080869891 0.7062915136330652
outer loop
vertex 46.12137985229492 -56.82725143432617 7.199999809265137
vertex 51.46693801879883 -58.62135314941406 1.7000000476837158
vertex 46.806026458740234 -55.72535705566406 7.199999809265137
endloop
endfacet
facet normal 0.6013040118175534 -0.3736118080869891 0.7062915136330652
outer loop
vertex 50.782291412353516 -59.72324752807617 1.7000000476837158
vertex 51.46693801879883 -58.62135314941406 1.7000000476837158
vertex 46.12137985229492 -56.82725143432617 7.199999809265137
endloop
endfacet
facet normal 0.5009508432595711 -0.5009536621827789 0.7057575227960287
outer loop
vertex 47.253692626953125 -55.086021423339844 7.199999809265137
vertex 51.46693801879883 -58.62135314941406 1.7000000476837158
vertex 47.93160629272461 -54.408111572265625 7.199999809265137
endloop
endfacet
facet normal 0.420660901613396 -0.5692069691087884 0.706433176012984
outer loop
vertex 47.93160629272461 -54.408111572265625 7.199999809265137
vertex 51.46693801879883 -58.62135314941406 1.7000000476837158
vertex 48.47702407836914 -54.00503158569336 7.199999809265137
endloop
endfacet
facet normal 0.5803316923258077 -0.4063512994755935 0.7057575704849085
outer loop
vertex 46.806026458740234 -55.72535705566406 7.199999809265137
vertex 51.46693801879883 -58.62135314941406 1.7000000476837158
vertex 47.253692626953125 -55.086021423339844 7.199999809265137
endloop
endfacet
facet normal 0.38439743982400615 -0.5934969105763677 0.7071067991421499
outer loop
vertex 51.46693801879883 -58.62135314941406 1.7000000476837158
vertex 53.5331916809082 -57.283077239990234 1.7000000476837158
vertex 49.66893768310547 -53.23305130004883 7.199999809265137
endloop
endfacet
facet normal 0.3843970404310367 -0.5934971017136863 0.7071068558324931
outer loop
vertex 48.47702407836914 -54.00503158569336 7.199999809265137
vertex 51.46693801879883 -58.62135314941406 1.7000000476837158
vertex 49.66893768310547 -53.23305130004883 7.199999809265137
endloop
endfacet
facet normal 0.5748073356206963 -0.4118207914642714 0.7071068961864093
outer loop
vertex 50.596351623535156 -51.93859100341797 7.199999809265137
vertex 53.5331916809082 -57.283077239990234 1.7000000476837158
vertex 55.9841194152832 -53.862144470214844 1.7000000476837158
endloop
endfacet
facet normal 0.5748079835471366 -0.41182022994399536 0.7071066965171164
outer loop
vertex 49.66893768310547 -53.23305130004883 7.199999809265137
vertex 53.5331916809082 -57.283077239990234 1.7000000476837158
vertex 50.596351623535156 -51.93859100341797 7.199999809265137
endloop
endfacet
facet normal 0.7056520496633023 -0.045331988388765974 0.7071069195211577
outer loop
vertex 50.596351623535156 -51.93859100341797 7.199999809265137
vertex 55.9841194152832 -53.862144470214844 1.7000000476837158
vertex 57.18206787109375 -35.214500427246094 1.7000000476837158
endloop
endfacet
facet normal 0.7068500527995132 -0.0462164477105014 0.7058519978142359
outer loop
vertex 50.596351623535156 -51.93859100341797 7.199999809265137
vertex 57.18206787109375 -35.214500427246094 1.7000000476837158
vertex 51.712806701660156 -34.8631477355957 7.199999809265137
endloop
endfacet
facet normal 0.7057574917859305 -0.061745976439201274 0.7057576051177924
outer loop
vertex 51.712806701660156 -34.8631477355957 7.199999809265137
vertex 57.18206787109375 -35.214500427246094 1.7000000476837158
vertex 51.765625 -34.25943374633789 7.199999809265137
endloop
endfacet
facet normal 0.6843131443635218 -0.18336244516703534 0.7057575604651187
outer loop
vertex 51.765625 -34.25943374633789 7.199999809265137
vertex 57.18206787109375 -35.214500427246094 1.7000000476837158
vertex 52.01375961303711 -33.33338928222656 7.199999809265137
endloop
endfacet
facet normal 0.642077648733555 -0.2994035808621192 0.7057575991540792
outer loop
vertex 52.01375961303711 -33.33338928222656 7.199999809265137
vertex 57.18206787109375 -35.214500427246094 1.7000000476837158
vertex 52.41892623901367 -32.464500427246094 7.199999809265137
endloop
endfacet
facet normal 0.5009358761552026 -0.5009699928804057 0.705756554495972
outer loop
vertex 52.96882247924805 -31.679168701171875 7.199999809265137
vertex 57.18206787109375 -35.214500427246094 1.7000000476837158
vertex 52.996829986572266 -31.65116310119629 7.199999809265137
endloop
endfacet
facet normal 0.5803306448202201 -0.40635266484735205 0.7057576456929129
outer loop
vertex 52.41892623901367 -32.464500427246094 7.199999809265137
vertex 57.18206787109375 -35.214500427246094 1.7000000476837158
vertex 52.96882247924805 -31.679168701171875 7.199999809265137
endloop
endfacet
facet normal 0.5385612846111484 -0.4585333348877732 0.7068938559039022
outer loop
vertex 52.996829986572266 -31.65116310119629 7.199999809265137
vertex 57.18206787109375 -35.214500427246094 1.7000000476837158
vertex 54.24525451660156 -30.184850692749023 7.199999809265137
endloop
endfacet
facet normal 0.5385612846111484 -0.4585333348877732 0.7068938559039022
outer loop
vertex 54.24525451660156 -30.184850692749023 7.199999809265137
vertex 57.18206787109375 -35.214500427246094 1.7000000476837158
vertex 58.43049240112305 -33.74818801879883 1.7000000476837158
endloop
endfacet
facet normal 0.20015528041409994 -0.6789042478699663 0.7064183505165111
outer loop
vertex 56.549381256103516 -28.579879760742188 7.199999809265137
vertex 58.43049240112305 -33.74818801879883 1.7000000476837158
vertex 57.207000732421875 -28.38599967956543 7.199999809265137
endloop
endfacet
facet normal 0.5009522527219974 -0.5009522527219974 0.705757522797676
outer loop
vertex 54.24525451660156 -30.184850692749023 7.199999809265137
vertex 58.43049240112305 -33.74818801879883 1.7000000476837158
vertex 54.89516067504883 -29.534944534301758 7.199999809265137
endloop
endfacet
facet normal 0.4063518056606416 -0.5803314306917118 0.7057574941774597
outer loop
vertex 54.89516067504883 -29.534944534301758 7.199999809265137
vertex 58.43049240112305 -33.74818801879883 1.7000000476837158
vertex 55.68049240112305 -28.985050201416016 7.199999809265137
endloop
endfacet
facet normal 0.2994059433597419 -0.6420766699257328 0.7057574873977213
outer loop
vertex 55.68049240112305 -28.985050201416016 7.199999809265137
vertex 58.43049240112305 -33.74818801879883 1.7000000476837158
vertex 56.549381256103516 -28.579879760742188 7.199999809265137
endloop
endfacet
facet normal 0.15729788923285412 -0.6893891414352914 0.7071067710848205
outer loop
vertex 57.207000732421875 -28.38599967956543 7.199999809265137
vertex 58.43049240112305 -33.74818801879883 1.7000000476837158
vertex 64.63192749023438 -26.69185447692871 7.199999809265137
endloop
endfacet
facet normal 0.15729790878578212 -0.6893891625094504 0.7071067461891015
outer loop
vertex 64.63192749023438 -26.69185447692871 7.199999809265137
vertex 62.594425201416016 -32.79810333251953 1.7000000476837158
vertex 66.68228912353516 -31.865375518798828 1.7000000476837158
endloop
endfacet
facet normal 0.15729794891189883 -0.6893891653575384 0.7071067344862064
outer loop
vertex 58.43049240112305 -33.74818801879883 1.7000000476837158
vertex 62.594425201416016 -32.79810333251953 1.7000000476837158
vertex 64.63192749023438 -26.69185447692871 7.199999809265137
endloop
endfacet
facet normal 0.35766550654842283 -0.6099797368616164 0.7071068561707581
outer loop
vertex 66.68228912353516 -31.865375518798828 1.7000000476837158
vertex 69.13663482666016 -30.426254272460938 1.7000000476837158
vertex 65.46637725830078 -26.20256805419922 7.199999809265137
endloop
endfacet
facet normal 0.3576663911307323 -0.6099793970559291 0.7071067018652865
outer loop
vertex 64.63192749023438 -26.69185447692871 7.199999809265137
vertex 66.68228912353516 -31.865375518798828 1.7000000476837158
vertex 65.46637725830078 -26.20256805419922 7.199999809265137
endloop
endfacet
facet normal 0.5541072518270375 -0.4392777812009309 0.7071069115882513
outer loop
vertex 65.46637725830078 -26.20256805419922 7.199999809265137
vertex 69.13663482666016 -30.426254272460938 1.7000000476837158
vertex 67.95417785644531 -23.064443588256836 7.199999809265137
endloop
endfacet
facet normal 0.5541070465871828 -0.43927788578409105 0.7071070074490061
outer loop
vertex 69.13663482666016 -30.426254272460938 1.7000000476837158
vertex 72.91842651367188 -25.655885696411133 1.7000000476837158
vertex 67.95417785644531 -23.064443588256836 7.199999809265137
endloop
endfacet
facet normal 0.6771947424042726 -0.20348776483428374 0.7071067885565504
outer loop
vertex 73.87723541259766 -22.465028762817383 1.7000000476837158
vertex 68.24375915527344 -22.10074806213379 7.199999809265137
vertex 72.91842651367188 -25.655885696411133 1.7000000476837158
endloop
endfacet
facet normal 0.6771934963383919 -0.20349017600668182 0.7071072880304331
outer loop
vertex 67.95417785644531 -23.064443588256836 7.199999809265137
vertex 72.91842651367188 -25.655885696411133 1.7000000476837158
vertex 68.24375915527344 -22.10074806213379 7.199999809265137
endloop
endfacet
facet normal 0.6977619972962832 0.11457863891839717 0.7071067321364641
outer loop
vertex 68.24375915527344 -22.10074806213379 7.199999809265137
vertex 73.87723541259766 -22.465028762817383 1.7000000476837158
vertex 67.35142517089844 17.275907516479492 1.7000000476837158
endloop
endfacet
facet normal 0.69776228023304 0.11457860705394986 0.7071064581020067
outer loop
vertex 67.35142517089844 17.275907516479492 1.7000000476837158
vertex 62.07493591308594 15.466231346130371 7.199999809265137
vertex 68.24375915527344 -22.10074806213379 7.199999809265137
endloop
endfacet
facet normal 0.6212085334044002 0.33778697525523516 0.7071067227607678
outer loop
vertex 67.35142517089844 17.275907516479492 1.7000000476837158
vertex 65.87654876708984 19.988285064697266 1.7000000476837158
vertex 61.537261962890625 16.45503807067871 7.199999809265137
endloop
endfacet
facet normal 0.6212080840365555 0.3377883626244168 0.7071064547882074
outer loop
vertex 62.07493591308594 15.466231346130371 7.199999809265137
vertex 67.35142517089844 17.275907516479492 1.7000000476837158
vertex 61.537261962890625 16.45503807067871 7.199999809265137
endloop
endfacet
facet normal 0.4566660365918293 0.5398667164158035 0.7071068232805622
outer loop
vertex 61.537261962890625 16.45503807067871 7.199999809265137
vertex 65.87654876708984 19.988285064697266 1.7000000476837158
vertex 60.70488357543945 17.159135818481445 7.199999809265137
endloop
endfacet
facet normal 0.45666520470135363 0.5398677489731472 0.7071065721896084
outer loop
vertex 65.87654876708984 19.988285064697266 1.7000000476837158
vertex 64.68706512451172 20.994449615478516 1.7000000476837158
vertex 60.70488357543945 17.159135818481445 7.199999809265137
endloop
endfacet
facet normal 0.45666784303067964 0.5398652749222934 0.7071067571977961
outer loop
vertex 64.68706512451172 20.994449615478516 1.7000000476837158
vertex 64.25691223144531 21.358312606811523 1.7000000476837158
vertex 60.70488357543945 17.159135818481445 7.199999809265137
endloop
endfacet
facet normal 0.6420779239948242 0.29940305198052575 0.7057575730966289
outer loop
vertex 59.493770599365234 18.608312606811523 7.199999809265137
vertex 64.25691223144531 21.358312606811523 1.7000000476837158
vertex 59.08860397338867 19.477203369140625 7.199999809265137
endloop
endfacet
facet normal 0.684313175074117 0.18336245339597249 0.7057575285497071
outer loop
vertex 58.84046936035156 20.403247833251953 7.199999809265137
vertex 59.08860397338867 19.477203369140625 7.199999809265137
vertex 64.25691223144531 21.358312606811523 1.7000000476837158
endloop
endfacet
facet normal 0.5803306448202201 0.40635266484735205 0.7057576456929129
outer loop
vertex 59.493770599365234 18.608312606811523 7.199999809265137
vertex 60.04366683959961 17.822980880737305 7.199999809265137
vertex 64.25691223144531 21.358312606811523 1.7000000476837158
endloop
endfacet
facet normal 0.7061725745923721 0.05856315843895833 0.7056136700541126
outer loop
vertex 58.75914764404297 21.38385009765625 7.199999809265137
vertex 58.84046936035156 20.403247833251953 7.199999809265137
vertex 64.25691223144531 21.358312606811523 1.7000000476837158
endloop
endfacet
facet normal 0.5019019740398513 0.4999148202721685 0.7058183767281396
outer loop
vertex 60.70488357543945 17.159135818481445 7.199999809265137
vertex 64.25691223144531 21.358312606811523 1.7000000476837158
vertex 60.04366683959961 17.822980880737305 7.199999809265137
endloop
endfacet
facet normal 0.7072390428655303 -0.0032834575574800864 0.706966869911962
outer loop
vertex 64.25691223144531 21.358312606811523 1.7000000476837158
vertex 64.26299285888672 22.668046951293945 1.7000000476837158
vertex 58.75914764404297 21.38385009765625 7.199999809265137
endloop
endfacet
facet normal 0.7070992405029576 -0.003285789699199315 0.7071066876124091
outer loop
vertex 64.26299285888672 22.668046951293945 1.7000000476837158
vertex 64.26948547363281 24.06525230407715 1.7000000476837158
vertex 58.76954650878906 24.090801239013672 7.199999809265137
endloop
endfacet
facet normal 0.7071741042517069 -0.0027166385642135664 0.7070342326582973
outer loop
vertex 58.75914764404297 21.38385009765625 7.199999809265137
vertex 64.26299285888672 22.668046951293945 1.7000000476837158
vertex 58.76954650878906 24.090801239013672 7.199999809265137
endloop
endfacet
facet normal 0.6420766699257328 -0.2994059433597419 0.7057574873977213
outer loop
vertex 59.50634765625 26.81525230407715 7.199999809265137
vertex 59.10117721557617 25.94636344909668 7.199999809265137
vertex 64.26948547363281 24.06525230407715 1.7000000476837158
endloop
endfacet
facet normal 0.7055419341992415 -0.06337707549956703 0.7058285382353957
outer loop
vertex 58.76954650878906 24.090801239013672 7.199999809265137
vertex 64.26948547363281 24.06525230407715 1.7000000476837158
vertex 58.85304260253906 25.02031707763672 7.199999809265137
endloop
endfacet
facet normal 0.5009521913011832 -0.5009521913011832 0.7057576099916214
outer loop
vertex 60.05624008178711 27.600584030151367 7.199999809265137
vertex 64.26948547363281 24.06525230407715 1.7000000476837158
vertex 60.734153747558594 28.27849769592285 7.199999809265137
endloop
endfacet
facet normal 0.5803320517080175 -0.40635083103785125 0.7057575446817488
outer loop
vertex 59.50634765625 26.81525230407715 7.199999809265137
vertex 64.26948547363281 24.06525230407715 1.7000000476837158
vertex 60.05624008178711 27.600584030151367 7.199999809265137
endloop
endfacet
facet normal 0.6843132541355293 -0.183362096914632 0.705757544507681
outer loop
vertex 58.85304260253906 25.02031707763672 7.199999809265137
vertex 64.26948547363281 24.06525230407715 1.7000000476837158
vertex 59.10117721557617 25.94636344909668 7.199999809265137
endloop
endfacet
facet normal 0.4516371687472009 -0.5440871707078044 0.7071018444871918
outer loop
vertex 60.734153747558594 28.27849769592285 7.199999809265137
vertex 64.26948547363281 24.06525230407715 1.7000000476837158
vertex 72.57127380371094 38.10428237915039 7.199999809265137
endloop
endfacet
facet normal 0.4516311898889094 -0.5440856036338345 0.7071068690360275
outer loop
vertex 64.26948547363281 24.06525230407715 1.7000000476837158
vertex 76.79122161865234 34.4592170715332 1.7000000476837158
vertex 72.57127380371094 38.10428237915039 7.199999809265137
endloop
endfacet
facet normal 0.6039754435986883 -0.3677141586781044 0.7071067536358434
outer loop
vertex 72.57127380371094 38.10428237915039 7.199999809265137
vertex 76.79122161865234 34.4592170715332 1.7000000476837158
vertex 73.11668395996094 39.000125885009766 7.199999809265137
endloop
endfacet
facet normal 0.6039752356675707 -0.3677143938979382 0.707106808919681
outer loop
vertex 73.11668395996094 39.000125885009766 7.199999809265137
vertex 76.79122161865234 34.4592170715332 1.7000000476837158
vertex 78.3929672241211 37.09010314941406 1.7000000476837158
endloop
endfacet
facet normal 0.6994004556768532 -0.10411006303466876 0.7071068500403086
outer loop
vertex 73.11668395996094 39.000125885009766 7.199999809265137
vertex 78.3929672241211 37.09010314941406 1.7000000476837158
vertex 73.71582794189453 43.02511215209961 7.199999809265137
endloop
endfacet
facet normal 0.699400586963997 -0.10410986610382418 0.7071067491788355
outer loop
vertex 78.3929672241211 37.09010314941406 1.7000000476837158
vertex 79.3121337890625 43.26498031616211 1.7000000476837158
vertex 73.71582794189453 43.02511215209961 7.199999809265137
endloop
endfacet
facet normal 0.6879272325619378 0.1635726915751042 0.7071068499672094
outer loop
vertex 73.71582794189453 43.02511215209961 7.199999809265137
vertex 78.5411605834961 46.507415771484375 1.7000000476837158
vertex 73.48246002197266 44.00657272338867 7.199999809265137
endloop
endfacet
facet normal 0.6879272884585812 0.16357257194092836 0.7071068232612763
outer loop
vertex 73.71582794189453 43.02511215209961 7.199999809265137
vertex 79.3121337890625 43.26498031616211 1.7000000476837158
vertex 78.5411605834961 46.507415771484375 1.7000000476837158
endloop
endfacet
facet normal 0.5476790253908318 0.4472666721995083 0.7071069290330325
outer loop
vertex 78.5411605834961 46.507415771484375 1.7000000476837158
vertex 60.123470306396484 60.36468505859375 7.199999809265137
vertex 73.48246002197266 44.00657272338867 7.199999809265137
endloop
endfacet
facet normal 0.5476792492998153 0.4472671614609703 0.7071064461345528
outer loop
vertex 78.5411605834961 46.507415771484375 1.7000000476837158
vertex 75.80886840820312 49.853111267089844 1.7000000476837158
vertex 60.123470306396484 60.36468505859375 7.199999809265137
endloop
endfacet
facet normal 0.5476791588142607 0.44726690483437487 0.7071066785431899
outer loop
vertex 75.80886840820312 49.853111267089844 1.7000000476837158
vertex 63.784549713134766 64.57691192626953 1.7000000476837158
vertex 60.123470306396484 60.36468505859375 7.199999809265137
endloop
endfacet
facet normal 0.36660009650735326 0.604652411593179 0.7071066612579409
outer loop
vertex 60.123470306396484 60.36468505859375 7.199999809265137
vertex 61.13024139404297 66.18621826171875 1.7000000476837158
vertex 59.237701416015625 60.90172576904297 7.199999809265137
endloop
endfacet
facet normal 0.3666004882080429 0.6046522679984985 0.7071065809691609
outer loop
vertex 63.784549713134766 64.57691192626953 1.7000000476837158
vertex 61.13024139404297 66.18621826171875 1.7000000476837158
vertex 60.123470306396484 60.36468505859375 7.199999809265137
endloop
endfacet
facet normal 0.10060359366545742 0.6999137987832587 0.7071064921314072
outer loop
vertex 61.13024139404297 66.18621826171875 1.7000000476837158
vertex 55.182003021240234 61.48468017578125 7.199999809265137
vertex 59.237701416015625 60.90172576904297 7.199999809265137
endloop
endfacet
facet normal 0.10060493489679756 0.6999129089873499 0.7071071820504136
outer loop
vertex 61.13024139404297 66.18621826171875 1.7000000476837158
vertex 57.459205627441406 66.7138900756836 1.7000000476837158
vertex 55.182003021240234 61.48468017578125 7.199999809265137
endloop
endfacet
facet normal 0.10060248637840793 0.6999136109071924 0.7071068356347133
outer loop
vertex 57.459205627441406 66.7138900756836 1.7000000476837158
vertex 54.90699005126953 67.08073425292969 1.7000000476837158
vertex 55.182003021240234 61.48468017578125 7.199999809265137
endloop
endfacet
facet normal -0.1687451769001307 0.6866769123558223 0.707106698674548
outer loop
vertex 55.182003021240234 61.48468017578125 7.199999809265137
vertex 53.11164855957031 66.63954162597656 1.7000000476837158
vertex 54.19098663330078 61.241146087646484 7.199999809265137
endloop
endfacet
facet normal -0.16874595790481667 0.6866767384125056 0.7071066812115052
outer loop
vertex 53.11164855957031 66.63954162597656 1.7000000476837158
vertex 51.648563385009766 66.27999877929688 1.7000000476837158
vertex 54.19098663330078 61.241146087646484 7.199999809265137
endloop
endfacet
facet normal -0.16874598886670308 0.6866766506558017 0.7071067590438721
outer loop
vertex 54.90699005126953 67.08073425292969 1.7000000476837158
vertex 53.11164855957031 66.63954162597656 1.7000000476837158
vertex 55.182003021240234 61.48468017578125 7.199999809265137
endloop
endfacet
facet normal -0.45215582538468985 0.5438265895630362 0.7069708268768428
outer loop
vertex 46.64381790161133 62.1188850402832 1.7000000476837158
vertex 36.962318420410156 54.069358825683594 1.7000000476837158
vertex 40.477237701416016 49.841819763183594 7.199999809265137
endloop
endfacet
facet normal -0.45215570285496565 0.5438265699011214 0.7069709203675304
outer loop
vertex 51.648563385009766 66.27999877929688 1.7000000476837158
vertex 46.64381790161133 62.1188850402832 1.7000000476837158
vertex 40.477237701416016 49.841819763183594 7.199999809265137
endloop
endfacet
facet normal -0.45199838445526314 0.5437683057405647 0.7071163200788594
outer loop
vertex 54.19098663330078 61.241146087646484 7.199999809265137
vertex 51.648563385009766 66.27999877929688 1.7000000476837158
vertex 40.477237701416016 49.841819763183594 7.199999809265137
endloop
endfacet
facet normal -0.3415581756053353 0.6192200966355709 0.7070392383735072
outer loop
vertex 36.962318420410156 54.069358825683594 1.7000000476837158
vertex 39.524112701416016 49.20240783691406 7.199999809265137
vertex 39.712318420410156 49.30622100830078 7.199999809265137
endloop
endfacet
facet normal -0.4063504141129975 0.5803323173664864 0.7057575662862136
outer loop
vertex 36.962318420410156 54.069358825683594 1.7000000476837158
vertex 39.712318420410156 49.30622100830078 7.199999809265137
vertex 40.477237701416016 49.841819763183594 7.199999809265137
endloop
endfacet
facet normal -0.31433942162086875 0.6335091075658521 0.7070056142960786
outer loop
vertex 38.9787712097168 48.93181610107422 7.199999809265137
vertex 39.524112701416016 49.20240783691406 7.199999809265137
vertex 36.962318420410156 54.069358825683594 1.7000000476837158
endloop
endfacet
facet normal -0.3297961235754693 0.6265464051308879 0.706168619447335
outer loop
vertex 36.962318420410156 54.069358825683594 1.7000000476837158
vertex 36.615875244140625 53.887001037597656 1.7000000476837158
vertex 38.9787712097168 48.93181610107422 7.199999809265137
endloop
endfacet
facet normal -0.3297903033582073 0.6265493235031945 0.7061687482667234
outer loop
vertex 36.615875244140625 53.887001037597656 1.7000000476837158
vertex 36.423763275146484 53.78588104248047 1.7000000476837158
vertex 38.9787712097168 48.93181610107422 7.199999809265137
endloop
endfacet
facet normal -0.21729615345699724 0.6731430131422125 0.7068669362409139
outer loop
vertex 36.423763275146484 53.78588104248047 1.7000000476837158
vertex 37.91947555541992 48.4931640625 7.199999809265137
vertex 38.30487060546875 48.61757278442383 7.199999809265137
endloop
endfacet
facet normal -0.29940406726244784 0.6420775594949655 0.7057574739949217
outer loop
vertex 36.423763275146484 53.78588104248047 1.7000000476837158
vertex 38.30487060546875 48.61757278442383 7.199999809265137
vertex 38.9787712097168 48.93181610107422 7.199999809265137
endloop
endfacet
facet normal -0.19140702078939148 0.680708226129618 0.707106543083854
outer loop
vertex 22.875661849975586 44.263023376464844 7.199999809265137
vertex 37.91947555541992 48.4931640625 7.199999809265137
vertex 36.423763275146484 53.78588104248047 1.7000000476837158
endloop
endfacet
facet normal -0.1926537887103935 0.6817216959992987 0.7057903703645799
outer loop
vertex 21.385501861572266 49.53608703613281 1.7000000476837158
vertex 22.875661849975586 44.263023376464844 7.199999809265137
vertex 29.90286636352539 51.943084716796875 1.7000000476837158
endloop
endfacet
facet normal -0.1926535692124602 0.6817216026433588 0.7057905204514086
outer loop
vertex 36.423763275146484 53.78588104248047 1.7000000476837158
vertex 29.90286636352539 51.943084716796875 1.7000000476837158
vertex 22.875661849975586 44.263023376464844 7.199999809265137
endloop
endfacet
facet normal 0.183362096914632 0.6843132541355293 0.705757544507681
outer loop
vertex 21.385501861572266 49.53608703613281 1.7000000476837158
vertex 19.504390716552734 44.36777877807617 7.199999809265137
vertex 20.430437088012695 44.11964416503906 7.199999809265137
endloop
endfacet
facet normal 0.061745628233511755 0.7057575483870094 0.7057575789807765
outer loop
vertex 20.430437088012695 44.11964416503906 7.199999809265137
vertex 21.385501861572266 44.03608703613281 7.199999809265137
vertex 21.385501861572266 49.53608703613281 1.7000000476837158
endloop
endfacet
facet normal -0.061745628233511755 0.7057575483870094 0.7057575789807765
outer loop
vertex 21.385501861572266 49.53608703613281 1.7000000476837158
vertex 21.385501861572266 44.03608703613281 7.199999809265137
vertex 22.340566635131836 44.11964416503906 7.199999809265137
endloop
endfacet
facet normal -0.18336229819278657 0.6843132094955185 0.7057575354974273
outer loop
vertex 21.385501861572266 49.53608703613281 1.7000000476837158
vertex 22.340566635131836 44.11964416503906 7.199999809265137
vertex 22.875661849975586 44.263023376464844 7.199999809265137
endloop
endfacet
facet normal 0.2994057795143389 0.642076737808783 0.7057574951484699
outer loop
vertex 19.504390716552734 44.36777877807617 7.199999809265137
vertex 21.385501861572266 49.53608703613281 1.7000000476837158
vertex 19.144140243530273 44.5357666015625 7.199999809265137
endloop
endfacet
facet normal 0.2897638661750751 0.6464419043593432 0.70579725569567
outer loop
vertex 19.46310806274414 50.397789001464844 1.7000000476837158
vertex 17.22174644470215 45.397464752197266 7.199999809265137
vertex 21.385501861572266 49.53608703613281 1.7000000476837158
endloop
endfacet
facet normal 0.28976288972015496 0.6464425877184536 0.7057970306858019
outer loop
vertex 21.385501861572266 49.53608703613281 1.7000000476837158
vertex 17.22174644470215 45.397464752197266 7.199999809265137
vertex 19.144140243530273 44.5357666015625 7.199999809265137
endloop
endfacet
facet normal 0.40635266484735205 0.5803306448202201 0.7057576456929129
outer loop
vertex 16.71310806274414 45.634647369384766 7.199999809265137
vertex 19.46310806274414 50.397789001464844 1.7000000476837158
vertex 15.927776336669922 46.18454360961914 7.199999809265137
endloop
endfacet
facet normal 0.5803310377557999 0.40635223525435776 0.7057575699353592
outer loop
vertex 15.249863624572754 46.862457275390625 7.199999809265137
vertex 19.46310806274414 50.397789001464844 1.7000000476837158
vertex 14.699968338012695 47.647789001464844 7.199999809265137
endloop
endfacet
facet normal 0.5009525590209596 0.5009518542917095 0.705757588193035
outer loop
vertex 19.46310806274414 50.397789001464844 1.7000000476837158
vertex 15.249863624572754 46.862457275390625 7.199999809265137
vertex 15.927776336669922 46.18454360961914 7.199999809265137
endloop
endfacet
facet normal 0.6420767835490082 0.2994054841272898 0.7057575788483347
outer loop
vertex 19.46310806274414 50.397789001464844 1.7000000476837158
vertex 15.083392143249512 48.26810836791992 6.5880126953125
vertex 14.699968338012695 47.647789001464844 7.199999809265137
endloop
endfacet
facet normal 0.299405960680966 0.6420764101315237 0.7057577164022532
outer loop
vertex 19.46310806274414 50.397789001464844 1.7000000476837158
vertex 16.71310806274414 45.634647369384766 7.199999809265137
vertex 17.22174644470215 45.397464752197266 7.199999809265137
endloop
endfacet
facet normal 0.6420775940649975 0.2994046181173337 0.7057572088542331
outer loop
vertex 15.083392143249512 48.26810836791992 6.5880126953125
vertex 14.57396411895752 47.918006896972656 7.199999809265137
vertex 14.699968338012695 47.647789001464844 7.199999809265137
endloop
endfacet
facet normal 0.6370812343860119 0.3097864089167304 0.7058044216662797
outer loop
vertex 19.12401008605957 51.095149993896484 1.7000000476837158
vertex 15.083392143249512 48.26810836791992 6.5880126953125
vertex 19.46310806274414 50.397789001464844 1.7000000476837158
endloop
endfacet
facet normal 0.5206303424708385 0.47847982795813443 0.707107559523904
outer loop
vertex 19.12401008605957 51.095149993896484 1.7000000476837158
vertex 14.698389053344727 48.08089828491211 6.998163223266602
vertex 15.083392143249512 48.26810836791992 6.5880126953125
endloop
endfacet
facet normal 0.5206236690969073 0.4784882478261425 0.707106775436597
outer loop
vertex 14.698389053344727 48.08089828491211 6.998163223266602
vertex 19.12401008605957 51.095149993896484 1.7000000476837158
vertex 11.839919090270996 50.8928108215332 7.199999809265137
endloop
endfacet
facet normal 0.5206234014322707 0.4784879469708381 0.7071071760947735
outer loop
vertex 11.839919090270996 50.8928108215332 7.199999809265137
vertex 14.57396411895752 47.918006896972656 7.199999809265137
vertex 14.698389053344727 48.08089828491211 6.998163223266602
endloop
endfacet
facet normal 0.5206271812579623 0.478484500841101 0.7071067250353594
outer loop
vertex 15.083392143249512 48.26810836791992 6.5880126953125
vertex 14.698389053344727 48.08089828491211 6.998163223266602
vertex 14.57396411895752 47.918006896972656 7.199999809265137
endloop
endfacet
facet normal 0.520623600547072 0.47848844581163874 0.7071066919342267
outer loop
vertex 19.12401008605957 51.095149993896484 1.7000000476837158
vertex 15.19243049621582 55.37294006347656 1.7000000476837158
vertex 11.839919090270996 50.8928108215332 7.199999809265137
endloop
endfacet
facet normal 0.3121987146009439 0.6344538937057004 0.7071069362997328
outer loop
vertex 15.19243049621582 55.37294006347656 1.7000000476837158
vertex 12.228628158569336 56.83135223388672 1.7000000476837158
vertex 10.935328483581543 51.33793258666992 7.199999809265137
endloop
endfacet
facet normal 0.31219645990798195 0.6344555741679334 0.7071064239760249
outer loop
vertex 11.839919090270996 50.8928108215332 7.199999809265137
vertex 15.19243049621582 55.37294006347656 1.7000000476837158
vertex 10.935328483581543 51.33793258666992 7.199999809265137
endloop
endfacet
facet normal 0.0036393572575057188 0.7070973248723883 0.7071068718638395
outer loop
vertex 12.228628158569336 56.83135223388672 1.7000000476837158
vertex -45.0411491394043 57.12611389160156 1.7000000476837158
vertex -44.146121978759766 51.62143325805664 7.199999809265137
endloop
endfacet
facet normal 0.0036393835916857004 0.707097186184247 0.7071070104145433
outer loop
vertex 12.228628158569336 56.83135223388672 1.7000000476837158
vertex -44.146121978759766 51.62143325805664 7.199999809265137
vertex 10.935328483581543 51.33793258666992 7.199999809265137
endloop
endfacet
facet normal -0.22747104535541227 0.6695201734689201 0.7071065413663369
outer loop
vertex -45.0411491394043 57.12611389160156 1.7000000476837158
vertex -45.81807327270508 56.862152099609375 1.7000000476837158
vertex -45.12727737426758 51.2880859375 7.199999809265137
endloop
endfacet
facet normal -0.2274689799106696 0.6695206447479689 0.7071067595735904
outer loop
vertex -45.81807327270508 56.862152099609375 1.7000000476837158
vertex -47.945316314697266 56.13942337036133 1.7000000476837158
vertex -45.12727737426758 51.2880859375 7.199999809265137
endloop
endfacet
facet normal -0.22746941001974916 0.6695204226665853 0.7071068314884421
outer loop
vertex -45.12727737426758 51.2880859375 7.199999809265137
vertex -44.146121978759766 51.62143325805664 7.199999809265137
vertex -45.0411491394043 57.12611389160156 1.7000000476837158
endloop
endfacet
facet normal -0.46889122555558227 0.5292835072836714 0.7071067723579516
outer loop
vertex -45.12727737426758 51.2880859375 7.199999809265137
vertex -52.6005973815918 52.01531982421875 1.7000000476837158
vertex -48.24705123901367 48.52428436279297 7.199999809265137
endloop
endfacet
facet normal -0.46889119330584506 0.5292835813184066 0.7071067383266705
outer loop
vertex -47.945316314697266 56.13942337036133 1.7000000476837158
vertex -52.6005973815918 52.01531982421875 1.7000000476837158
vertex -45.12727737426758 51.2880859375 7.199999809265137
endloop
endfacet
facet normal -0.6185168129997155 0.34269076452519237 0.7071067754913779
outer loop
vertex -52.6005973815918 52.01531982421875 1.7000000476837158
vertex -53.37318801879883 50.62088394165039 1.7000000476837158
vertex -48.24705123901367 48.52428436279297 7.199999809265137
endloop
endfacet
facet normal -0.6149050660525941 0.35017081618547596 0.7065919326137631
outer loop
vertex -48.24705123901367 48.52428436279297 7.199999809265137
vertex -53.37318801879883 50.62088394165039 1.7000000476837158
vertex -48.56892776489258 47.95906448364258 7.199999809265137
endloop
endfacet
facet normal -0.40663438818362524 0.5801144516209926 0.7057731203205488
outer loop
vertex -53.37318801879883 50.62088394165039 1.7000000476837158
vertex -50.61840057373047 45.860511779785156 7.199999809265137
vertex -49.83785629272461 46.40763854980469 7.199999809265137
endloop
endfacet
facet normal -0.5009521913011832 0.5009521913011832 0.7057576099916214
outer loop
vertex -49.159942626953125 47.08555221557617 7.199999809265137
vertex -53.37318801879883 50.62088394165039 1.7000000476837158
vertex -49.83785629272461 46.40763854980469 7.199999809265137
endloop
endfacet
facet normal -0.5803320517080175 0.40635083103785125 0.7057575446817488
outer loop
vertex -49.159942626953125 47.08555221557617 7.199999809265137
vertex -48.610050201416016 47.87088394165039 7.199999809265137
vertex -53.37318801879883 50.62088394165039 1.7000000476837158
endloop
endfacet
facet normal -0.6420672718251884 0.29942400027148 0.7057583768630625
outer loop
vertex -48.56892776489258 47.95906448364258 7.199999809265137
vertex -53.37318801879883 50.62088394165039 1.7000000476837158
vertex -48.610050201416016 47.87088394165039 7.199999809265137
endloop
endfacet
facet normal -0.35416958522823855 0.612016367070254 0.7071066902083345
outer loop
vertex -53.37318801879883 50.62088394165039 1.7000000476837158
vertex -54.36611557006836 50.04628372192383 1.7000000476837158
vertex -52.00838851928711 45.05613708496094 7.199999809265137
endloop
endfacet
facet normal -0.35416770003446035 0.6120173555381823 0.7071067789042549
outer loop
vertex -54.36611557006836 50.04628372192383 1.7000000476837158
vertex -54.76317596435547 49.81650924682617 1.7000000476837158
vertex -52.00838851928711 45.05613708496094 7.199999809265137
endloop
endfacet
facet normal -0.35416901497441405 0.6120165945942467 0.7071067789049365
outer loop
vertex -52.00838851928711 45.05613708496094 7.199999809265137
vertex -50.61840057373047 45.860511779785156 7.199999809265137
vertex -53.37318801879883 50.62088394165039 1.7000000476837158
endloop
endfacet
facet normal 0.005519777117777652 0.7070959937353122 0.7070960243870993
outer loop
vertex -54.76317596435547 49.81650924682617 1.7000000476837158
vertex -54.84918212890625 44.31718063354492 7.199999809265137
vertex -54.76317596435547 44.31650924682617 7.199999809265137
endloop
endfacet
facet normal -0.06174550539241509 0.7057575537605919 0.7057575843543593
outer loop
vertex -54.76317596435547 49.81650924682617 1.7000000476837158
vertex -54.76317596435547 44.31650924682617 7.199999809265137
vertex -53.808109283447266 44.40006637573242 7.199999809265137
endloop
endfacet
facet normal -0.18335978436499586 0.6843137344816485 0.7057576795738053
outer loop
vertex -54.76317596435547 49.81650924682617 1.7000000476837158
vertex -53.808109283447266 44.40006637573242 7.199999809265137
vertex -52.88206481933594 44.648197174072266 7.199999809265137
endloop
endfacet
facet normal -0.29973653466914624 0.6419394121764734 0.7057420214774341
outer loop
vertex -54.76317596435547 49.81650924682617 1.7000000476837158
vertex -52.88206481933594 44.648197174072266 7.199999809265137
vertex -52.00838851928711 45.05613708496094 7.199999809265137
endloop
endfacet
facet normal 0.011057138881665488 0.7070202387600767 0.7071068672155544
outer loop
vertex -56.21060562133789 49.83914566040039 1.7000000476837158
vertex -64.84004211425781 49.97410202026367 1.7000000476837158
vertex -64.08622741699219 44.461639404296875 7.199999809265137
endloop
endfacet
facet normal 0.011057119613360752 0.7070202528640945 0.7071068534145654
outer loop
vertex -54.76317596435547 49.81650924682617 1.7000000476837158
vertex -56.21060562133789 49.83914566040039 1.7000000476837158
vertex -64.08622741699219 44.461639404296875 7.199999809265137
endloop
endfacet
facet normal 0.011057136916971345 0.7070202378643066 0.7071068681419369
outer loop
vertex -54.76317596435547 49.81650924682617 1.7000000476837158
vertex -64.08622741699219 44.461639404296875 7.199999809265137
vertex -54.84918212890625 44.31718063354492 7.199999809265137
endloop
endfacet
facet normal -0.2004695139722592 0.6780944065883491 0.7071067456341518
outer loop
vertex -64.08622741699219 44.461639404296875 7.199999809265137
vertex -64.84004211425781 49.97410202026367 1.7000000476837158
vertex -65.00540924072266 44.18989562988281 7.199999809265137
endloop
endfacet
facet normal -0.2004684632152709 0.678094539034951 0.7071069165176401
outer loop
vertex -64.84004211425781 49.97410202026367 1.7000000476837158
vertex -67.54238891601562 49.175193786621094 1.7000000476837158
vertex -65.00540924072266 44.18989562988281 7.199999809265137
endloop
endfacet
facet normal -0.4301920999843211 0.5611907651682223 0.7071065564686732
outer loop
vertex -71.12687683105469 46.42742156982422 1.7000000476837158
vertex -72.31282806396484 45.518306732177734 1.7000000476837158
vertex -65.00540924072266 44.18989562988281 7.199999809265137
endloop
endfacet
facet normal -0.430192096159497 0.561190772325194 0.7071065531155474
outer loop
vertex -65.00540924072266 44.18989562988281 7.199999809265137
vertex -72.31282806396484 45.518306732177734 1.7000000476837158
vertex -68.14105224609375 41.78620529174805 7.199999809265137
endloop
endfacet
facet normal -0.430192898607846 0.5611896200016933 0.7071069794520024
outer loop
vertex -67.54238891601562 49.175193786621094 1.7000000476837158
vertex -71.12687683105469 46.42742156982422 1.7000000476837158
vertex -65.00540924072266 44.18989562988281 7.199999809265137
endloop
endfacet
facet normal -0.6054415489506141 0.3652954691500889 0.7071066051329867
outer loop
vertex -68.6523208618164 40.93882751464844 7.199999809265137
vertex -68.14105224609375 41.78620529174805 7.199999809265137
vertex -72.31282806396484 45.518306732177734 1.7000000476837158
endloop
endfacet
facet normal -0.6054412368793378 0.3652958211269477 0.7071066905023643
outer loop
vertex -72.31282806396484 45.518306732177734 1.7000000476837158
vertex -74.0126724243164 42.700984954833984 1.7000000476837158
vertex -68.6523208618164 40.93882751464844 7.199999809265137
endloop
endfacet
facet normal -0.7040941703846226 0.06520157473563572 0.7071068899978159
outer loop
vertex -74.0126724243164 42.700984954833984 1.7000000476837158
vertex -73.74124908447266 -14.015131950378418 7.199999809265137
vertex -68.6523208618164 40.93882751464844 7.199999809265137
endloop
endfacet
facet normal -0.7040945702333795 0.06520153457141743 0.7071064955559416
outer loop
vertex -74.0126724243164 42.700984954833984 1.7000000476837158
vertex -79.343505859375 -14.865311622619629 1.7000000476837158
vertex -73.74124908447266 -14.015131950378418 7.199999809265137
endloop
endfacet
facet normal -0.6530498851320783 -0.2711563993306463 0.7071068198165102
outer loop
vertex -79.343505859375 -14.865311622619629 1.7000000476837158
vertex -77.61723327636719 -19.022846221923828 1.7000000476837158
vertex -73.2014389038086 -15.315195083618164 7.199999809265137
endloop
endfacet
facet normal -0.6530496131355342 -0.2711582388855263 0.7071063655971631
outer loop
vertex -73.74124908447266 -14.015131950378418 7.199999809265137
vertex -79.343505859375 -14.865311622619629 1.7000000476837158
vertex -73.2014389038086 -15.315195083618164 7.199999809265137
endloop
endfacet
facet normal -0.3800643237460303 -0.5962809525742665 0.7071068769377072
outer loop
vertex -73.2014389038086 -15.315195083618164 7.199999809265137
vertex -77.61723327636719 -19.022846221923828 1.7000000476837158
vertex -56.244014739990234 -26.12371063232422 7.199999809265137
endloop
endfacet
facet normal -0.3800643301204837 -0.5962810155437639 0.7071068204112909
outer loop
vertex -77.61723327636719 -19.022846221923828 1.7000000476837158
vertex -40.783206939697266 -42.50053405761719 1.7000000476837158
vertex -56.244014739990234 -26.12371063232422 7.199999809265137
endloop
endfacet
facet normal -0.38104033929373377 -0.5968613484128874 0.7060912055830083
outer loop
vertex -40.783206939697266 -42.50053405761719 1.7000000476837158
vertex -37.83547592163086 -37.87584686279297 7.199999809265137
vertex -56.244014739990234 -26.12371063232422 7.199999809265137
endloop
endfacet
facet normal -0.5794799390423395 -0.40746070954119634 0.7058178025720742
outer loop
vertex -36.56996536254883 -38.96520233154297 7.199999809265137
vertex -40.783206939697266 -42.50053405761719 1.7000000476837158
vertex -36.030941009521484 -39.731788635253906 7.199999809265137
endloop
endfacet
facet normal -0.5009536621827789 -0.5009508432595711 0.7057575227960287
outer loop
vertex -37.24787521362305 -38.287288665771484 7.199999809265137
vertex -40.783206939697266 -42.50053405761719 1.7000000476837158
vertex -36.56996536254883 -38.96520233154297 7.199999809265137
endloop
endfacet
facet normal -0.40635174956307457 -0.5803313470214985 0.7057575952770481
outer loop
vertex -37.83547592163086 -37.87584686279297 7.199999809265137
vertex -40.783206939697266 -42.50053405761719 1.7000000476837158
vertex -37.24787521362305 -38.287288665771484 7.199999809265137
endloop
endfacet
facet normal -0.6109776831171762 -0.35596357005073626 0.707104099499856
outer loop
vertex -40.783206939697266 -42.50053405761719 1.7000000476837158
vertex -40.339141845703125 -43.26272964477539 1.7000000476837158
vertex -35.31205368041992 -40.96577072143555 7.199999809265137
endloop
endfacet
facet normal -0.6109762312745077 -0.35596637283455157 0.7071039430158853
outer loop
vertex -40.075191497802734 -43.71577072143555 1.7000000476837158
vertex -35.31205368041992 -40.96577072143555 7.199999809265137
vertex -40.339141845703125 -43.26272964477539 1.7000000476837158
endloop
endfacet
facet normal -0.6109855052799842 -0.35594498731308355 0.7071066951630789
outer loop
vertex -40.783206939697266 -42.50053405761719 1.7000000476837158
vertex -35.31205368041992 -40.96577072143555 7.199999809265137
vertex -36.030941009521484 -39.731788635253906 7.199999809265137
endloop
endfacet
facet normal -0.6420766699257328 -0.2994059433597419 0.7057574873977213
outer loop
vertex -35.31205368041992 -40.96577072143555 7.199999809265137
vertex -40.075191497802734 -43.71577072143555 1.7000000476837158
vertex -34.906883239746094 -41.834659576416016 7.199999809265137
endloop
endfacet
facet normal -0.7032486003767946 -0.079902430880477 0.7064396701824369
outer loop
vertex -40.075191497802734 -43.71577072143555 1.7000000476837158
vertex -34.58255386352539 -43.43132019042969 7.199999809265137
vertex -34.658748626708984 -42.760704040527344 7.199999809265137
endloop
endfacet
facet normal -0.6843131443635218 -0.18336244516703534 0.7057575604651187
outer loop
vertex -34.906883239746094 -41.834659576416016 7.199999809265137
vertex -40.075191497802734 -43.71577072143555 1.7000000476837158
vertex -34.658748626708984 -42.760704040527344 7.199999809265137
endloop
endfacet
facet normal -0.706160561000515 -0.03657058392357784 0.7071066782876021
outer loop
vertex -40.075191497802734 -43.71577072143555 1.7000000476837158
vertex -39.86530685424805 -47.7685432434082 1.7000000476837158
vertex -34.19997024536133 -50.81882858276367 7.199999809265137
endloop
endfacet
facet normal -0.7061604738840368 -0.03657023247677641 0.7071067834637617
outer loop
vertex -39.65061950683594 -51.914093017578125 1.7000000476837158
vertex -34.19997024536133 -50.81882858276367 7.199999809265137
vertex -39.86530685424805 -47.7685432434082 1.7000000476837158
endloop
endfacet
facet normal -0.7061605582171768 -0.03657057928324416 0.7071066813072079
outer loop
vertex -34.19997024536133 -50.81882858276367 7.199999809265137
vertex -34.58255386352539 -43.43132019042969 7.199999809265137
vertex -40.075191497802734 -43.71577072143555 1.7000000476837158
endloop
endfacet
facet normal -0.665474041296627 -0.2390487244769087 0.7071067866215812
outer loop
vertex -39.65061950683594 -51.914093017578125 1.7000000476837158
vertex -38.65277862548828 -54.691925048828125 1.7000000476837158
vertex -34.19997024536133 -50.81882858276367 7.199999809265137
endloop
endfacet
facet normal -0.6654740664589345 -0.2390486822110334 0.7071067772294211
outer loop
vertex -34.19997024536133 -50.81882858276367 7.199999809265137
vertex -38.65277862548828 -54.691925048828125 1.7000000476837158
vertex -33.836036682128906 -51.83196258544922 7.199999809265137
endloop
endfacet
facet normal -0.528438923645659 -0.46984293682789 0.7071067236910994
outer loop
vertex -33.836036682128906 -51.83196258544922 7.199999809265137
vertex -34.56355285644531 -59.291133880615234 1.7000000476837158
vertex -31.154348373413086 -54.84809494018555 7.199999809265137
endloop
endfacet
facet normal -0.5284388777889458 -0.46984295678938426 0.7071067446974102
outer loop
vertex -38.65277862548828 -54.691925048828125 1.7000000476837158
vertex -34.56355285644531 -59.291133880615234 1.7000000476837158
vertex -33.836036682128906 -51.83196258544922 7.199999809265137
endloop
endfacet
facet normal -0.3170515291652138 -0.6320431999356048 0.7071065840940536
outer loop
vertex -31.154348373413086 -54.84809494018555 7.199999809265137
vertex -34.56355285644531 -59.291133880615234 1.7000000476837158
vertex -30.228487014770508 -55.31253433227539 7.199999809265137
endloop
endfacet
facet normal -0.317052650921478 -0.6320423422111057 0.7071068477931485
outer loop
vertex -34.56355285644531 -59.291133880615234 1.7000000476837158
vertex -32.90278244018555 -60.124229431152344 1.7000000476837158
vertex -30.228487014770508 -55.31253433227539 7.199999809265137
endloop
endfacet
facet normal -0.3170536931543915 -0.6320417914731938 0.7071068727487498
outer loop
vertex -31.58671760559082 -60.7844123840332 1.7000000476837158
vertex -30.228487014770508 -55.31253433227539 7.199999809265137
vertex -32.90278244018555 -60.124229431152344 1.7000000476837158
endloop
endfacet
facet normal -0.015310145961645375 -0.7069407778532533 0.7071070188018715
outer loop
vertex -30.228487014770508 -55.31253433227539 7.199999809265137
vertex -31.58671760559082 -60.7844123840332 1.7000000476837158
vertex -19.892982482910156 -55.53636932373047 7.199999809265137
endloop
endfacet
facet normal -0.015309936773990125 -0.7069410077921288 0.7071067934462415
outer loop
vertex -31.58671760559082 -60.7844123840332 1.7000000476837158
vertex -20.012065887451172 -61.03507995605469 1.7000000476837158
vertex -19.892982482910156 -55.53636932373047 7.199999809265137
endloop
endfacet
facet normal -0.40635326699305074 -0.5803302611401335 0.7057576144889256
outer loop
vertex -17.262065887451172 -56.27193832397461 7.199999809265137
vertex -20.012065887451172 -61.03507995605469 1.7000000476837158
vertex -16.788787841796875 -56.60333251953125 7.199999809265137
endloop
endfacet
facet normal -0.299405849257463 -0.6420764681231994 0.7057577109127858
outer loop
vertex -18.13095474243164 -55.86676788330078 7.199999809265137
vertex -20.012065887451172 -61.03507995605469 1.7000000476837158
vertex -17.262065887451172 -56.27193832397461 7.199999809265137
endloop
endfacet
facet normal -0.18335943611703787 -0.6843138442514808 0.7057576636159201
outer loop
vertex -19.0570011138916 -55.61863708496094 7.199999809265137
vertex -20.012065887451172 -61.03507995605469 1.7000000476837158
vertex -18.13095474243164 -55.86676788330078 7.199999809265137
endloop
endfacet
facet normal -0.06935206062489417 -0.7047357278027448 0.7060721249599199
outer loop
vertex -19.892982482910156 -55.53636932373047 7.199999809265137
vertex -20.012065887451172 -61.03507995605469 1.7000000476837158
vertex -19.0570011138916 -55.61863708496094 7.199999809265137
endloop
endfacet
facet normal -0.4166729002862277 -0.5728959198563323 0.7058143942843829
outer loop
vertex -20.012065887451172 -61.03507995605469 1.7000000476837158
vertex -19.350505828857422 -61.516239166259766 1.7000000476837158
vertex -15.319374084472656 -57.67205810546875 7.199999809265137
endloop
endfacet
facet normal -0.4166743240883227 -0.5728944756216938 0.7058147260065378
outer loop
vertex -16.788787841796875 -56.60333251953125 7.199999809265137
vertex -20.012065887451172 -61.03507995605469 1.7000000476837158
vertex -15.319374084472656 -57.67205810546875 7.199999809265137
endloop
endfacet
facet normal -0.4166756492481833 -0.5728935118121159 0.705814726006185
outer loop
vertex -15.319374084472656 -57.67205810546875 7.199999809265137
vertex -19.350505828857422 -61.516239166259766 1.7000000476837158
vertex -18.542652130126953 -62.10380554199219 1.7000000476837158
endloop
endfacet
facet normal -0.6843097781528009 -0.1833733206580748 0.7057579987469467
outer loop
vertex -18.542652130126953 -62.10380554199219 1.7000000476837158
vertex -14.440115928649902 -60.67654037475586 6.048697471618652
vertex -14.196979522705078 -60.52210998535156 6.3245697021484375
endloop
endfacet
facet normal -0.6420779240143996 -0.29940308942494437 0.7057575571937984
outer loop
vertex -13.48882007598877 -59.97719955444336 7.199999809265137
vertex -18.542652130126953 -62.10380554199219 1.7000000476837158
vertex -14.196979522705078 -60.52210998535156 6.3245697021484375
endloop
endfacet
facet normal -0.40635263376323844 -0.5803307130287846 0.7057576075035833
outer loop
vertex -15.319374084472656 -57.67205810546875 7.199999809265137
vertex -18.542652130126953 -62.10380554199219 1.7000000476837158
vertex -15.00732135772705 -57.890560150146484 7.199999809265137
endloop
endfacet
facet normal -0.5803310789697815 -0.4063522641127032 0.7057575194301857
outer loop
vertex -18.542652130126953 -62.10380554199219 1.7000000476837158
vertex -13.779513359069824 -59.35380554199219 7.199999809265137
vertex -14.329408645629883 -58.56847381591797 7.199999809265137
endloop
endfacet
facet normal -0.6420769535187727 -0.29940527801215155 0.7057575116557514
outer loop
vertex -13.779513359069824 -59.35380554199219 7.199999809265137
vertex -18.542652130126953 -62.10380554199219 1.7000000476837158
vertex -13.48882007598877 -59.97719955444336 7.199999809265137
endloop
endfacet
facet normal -0.50095258973141 -0.5009518850021167 0.7057575445960318
outer loop
vertex -15.00732135772705 -57.890560150146484 7.199999809265137
vertex -18.542652130126953 -62.10380554199219 1.7000000476837158
vertex -14.329408645629883 -58.56847381591797 7.199999809265137
endloop
endfacet
facet normal -0.6678453570143358 -0.23234175204071134 0.7071067029614745
outer loop
vertex -18.363950729370117 -62.61746597290039 1.7000000476837158
vertex -18.157604217529297 -63.21059036254883 1.7000000476837158
vertex -14.404902458190918 -60.66429138183594 6.081002235412598
endloop
endfacet
facet normal 0.32827691617167665 -0.9445814748455265 0.0003220053785485674
outer loop
vertex -18.542652130126953 -62.10380554199219 1.7000000476837158
vertex -14.404902458190918 -60.66429138183594 6.081002235412598
vertex -14.440115928649902 -60.67654037475586 6.048697471618652
endloop
endfacet
facet normal -0.6678452599627193 -0.23234198365861558 0.7071067185191409
outer loop
vertex -18.542652130126953 -62.10380554199219 1.7000000476837158
vertex -18.363950729370117 -62.61746597290039 1.7000000476837158
vertex -14.404902458190918 -60.66429138183594 6.081002235412598
endloop
endfacet
facet normal -0.4626633629262647 -0.5347361390576112 0.7071066922265117
outer loop
vertex -14.196979522705078 -60.52210998535156 6.3245697021484375
vertex -12.46826457977295 -63.324466705322266 5.336446762084961
vertex -11.773975372314453 -61.460914611816406 7.199999809265137
endloop
endfacet
facet normal -0.4626640702504128 -0.5347363547019023 0.7071060663432627
outer loop
vertex -14.404902458190918 -60.66429138183594 6.081002235412598
vertex -12.46826457977295 -63.324466705322266 5.336446762084961
vertex -14.196979522705078 -60.52210998535156 6.3245697021484375
endloop
endfacet
facet normal -0.4626633459344115 -0.5347359551399242 0.7071068424286164
outer loop
vertex -13.48882007598877 -59.97719955444336 7.199999809265137
vertex -14.196979522705078 -60.52210998535156 6.3245697021484375
vertex -11.773975372314453 -61.460914611816406 7.199999809265137
endloop
endfacet
facet normal -0.4626636370200096 -0.5347355254020754 0.7071069769507179
outer loop
vertex -18.157604217529297 -63.21059036254883 1.7000000476837158
vertex -14.333253860473633 -66.51949310302734 1.7000000476837158
vertex -12.46826457977295 -63.324466705322266 5.336446762084961
endloop
endfacet
facet normal -0.4626634562836453 -0.5347360786041631 0.707106676859096
outer loop
vertex -14.404902458190918 -60.66429138183594 6.081002235412598
vertex -18.157604217529297 -63.21059036254883 1.7000000476837158
vertex -12.46826457977295 -63.324466705322266 5.336446762084961
endloop
endfacet
facet normal -0.462724111009016 -0.5346687825928229 0.7071178756131288
outer loop
vertex -14.196979522705078 -60.52210998535156 6.3245697021484375
vertex -14.440115928649902 -60.67654037475586 6.048697471618652
vertex -14.404902458190918 -60.66429138183594 6.081002235412598
endloop
endfacet
facet normal -0.23811538513295438 -0.6658085297313702 0.707106827219152
outer loop
vertex -12.46826457977295 -63.324466705322266 5.336446762084961
vertex -13.625650405883789 -66.77255249023438 1.7000000476837158
vertex -13.098959922790527 -66.9609146118164 1.7000000476837158
endloop
endfacet
facet normal -0.23811265592738887 -0.665809475694098 0.7071068555481238
outer loop
vertex -14.333253860473633 -66.51949310302734 1.7000000476837158
vertex -13.625650405883789 -66.77255249023438 1.7000000476837158
vertex -12.46826457977295 -63.324466705322266 5.336446762084961
endloop
endfacet
facet normal 1.2605946308816892e-7 -0.7071050064910133 -0.7071085558776162
outer loop
vertex -12.75208568572998 -64.9609146118164 -5.699999809265137
vertex 8.365249633789062 -65.7109146118164 -4.949999809265137
vertex 8.479430198669434 -66.28494262695312 -4.375974655151367
endloop
endfacet
facet normal 0 -0.7071090071790697 -0.707104555187018
outer loop
vertex 22.642541885375977 -66.9609146118164 -3.700000047683716
vertex 22.9259090423584 -66.77157592773438 -3.8893399238586426
vertex 28.087955474853516 -66.9609146118164 -3.700000047683716
endloop
endfacet
facet normal 0.0000014457120563373547 -0.7071051628136752 -0.707108399554238
outer loop
vertex 42.251068115234375 -66.28494262695312 -4.375974655151367
vertex 42.36524963378906 -65.7109146118164 -4.949999809265137
vertex 45.04720687866211 -66.9609146118164 -3.700000047683716
endloop
endfacet
facet normal -6.285983654879481e-8 -0.7071067811865461 -0.7071067811865461
outer loop
vertex 42.36524963378906 -65.7109146118164 -4.949999809265137
vertex 42.36524963378906 -64.9609146118164 -5.699999809265137
vertex 45.04720687866211 -66.9609146118164 -3.700000047683716
endloop
endfacet
facet normal 0 -0.7071067811865475 -0.7071067811865475
outer loop
vertex -12.75208568572998 -64.9609146118164 -5.699999809265137
vertex 8.365249633789062 -64.9609146118164 -5.699999809265137
vertex 8.365249633789062 -65.7109146118164 -4.949999809265137
endloop
endfacet
facet normal 0 -0.7071067811865476 -0.7071067811865476
outer loop
vertex 27.365249633789062 -65.7109146118164 -4.949999809265137
vertex 23.365249633789062 -64.9609146118164 -5.699999809265137
vertex 27.365249633789062 -64.9609146118164 -5.699999809265137
endloop
endfacet
facet normal -3.9271566871327013e-8 -0.7071067356341206 -0.7071068267389705
outer loop
vertex -13.098959922790527 -66.9609146118164 -3.700000047683716
vertex -12.75208568572998 -64.9609146118164 -5.699999809265137
vertex 8.80458927154541 -66.77157592773438 -3.8893399238586426
endloop
endfacet
facet normal 0 -0.7071090071790695 -0.7071045551870179
outer loop
vertex 9.087956428527832 -66.9609146118164 -3.700000047683716
vertex -13.098959922790527 -66.9609146118164 -3.700000047683716
vertex 8.80458927154541 -66.77157592773438 -3.8893399238586426
endloop
endfacet
facet normal 5.863197312731052e-7 -0.7071050773418129 -0.7071084850269335
outer loop
vertex 23.251068115234375 -66.28494262695312 -4.375974655151367
vertex 23.365249633789062 -65.7109146118164 -4.949999809265137
vertex 27.804590225219727 -66.77157592773438 -3.8893399238586426
endloop
endfacet
facet normal -8.621153566647149e-7 -0.7071081085178971 -0.7071054538521808
outer loop
vertex 27.804590225219727 -66.77157592773438 -3.8893399238586426
vertex 23.365249633789062 -65.7109146118164 -4.949999809265137
vertex 27.479429244995117 -66.28494262695312 -4.375974655151367
endloop
endfacet
facet normal 0 -0.7071090071790697 -0.707104555187018
outer loop
vertex 41.64254379272461 -66.9609146118164 -3.700000047683716
vertex 41.92591094970703 -66.77157592773438 -3.8893399238586426
vertex 45.04720687866211 -66.9609146118164 -3.700000047683716
endloop
endfacet
facet normal 1.3836214261924204e-7 -0.7071078667179264 -0.7071056956534887
outer loop
vertex 41.92591094970703 -66.77157592773438 -3.8893399238586426
vertex 42.251068115234375 -66.28494262695312 -4.375974655151367
vertex 45.04720687866211 -66.9609146118164 -3.700000047683716
endloop
endfacet
facet normal 0 -0.7071067811865476 -0.7071067811865476
outer loop
vertex 23.365249633789062 -65.7109146118164 -4.949999809265137
vertex 23.365249633789062 -64.9609146118164 -5.699999809265137
vertex 27.365249633789062 -65.7109146118164 -4.949999809265137
endloop
endfacet
facet normal 0 -0.7071078204928717 -0.7071057418786957
outer loop
vertex 22.9259090423584 -66.77157592773438 -3.8893399238586426
vertex 23.251068115234375 -66.28494262695312 -4.375974655151367
vertex 27.804590225219727 -66.77157592773438 -3.8893399238586426
endloop
endfacet
facet normal -2.3468961232393286e-7 -0.7071078989001746 -0.7071056634711146
outer loop
vertex 8.80458927154541 -66.77157592773438 -3.8893399238586426
vertex -12.75208568572998 -64.9609146118164 -5.699999809265137
vertex 8.479430198669434 -66.28494262695312 -4.375974655151367
endloop
endfacet
facet normal 0 -0.7071090071790695 -0.7071045551870179
outer loop
vertex 28.087955474853516 -66.9609146118164 -3.700000047683716
vertex 22.9259090423584 -66.77157592773438 -3.8893399238586426
vertex 27.804590225219727 -66.77157592773438 -3.8893399238586426
endloop
endfacet
facet normal 0 -0.7071067390396952 -0.7071068233333972
outer loop
vertex 42.36524963378906 -64.9609146118164 -5.699999809265137
vertex 44.72237014770508 -64.9609146118164 -5.699999809265137
vertex 45.04720687866211 -66.9609146118164 -3.700000047683716
endloop
endfacet
facet normal 0 -0.7071050190283972 -0.7071085433403066
outer loop
vertex 23.365249633789062 -65.7109146118164 -4.949999809265137
vertex 27.365249633789062 -65.7109146118164 -4.949999809265137
vertex 27.479429244995117 -66.28494262695312 -4.375974655151367
endloop
endfacet
facet normal 0.22378901265508613 -0.6707589975796818 -0.707107378677922
outer loop
vertex 45.04720687866211 -66.9609146118164 -3.700000047683716
vertex 45.046417236328125 -64.85279846191406 -5.699999809265137
vertex 46.06558609008789 -66.62114715576172 -3.700000047683716
endloop
endfacet
facet normal 0.2237940025171642 -0.6707582080243295 -0.7071065484107314
outer loop
vertex 44.72237014770508 -64.9609146118164 -5.699999809265137
vertex 45.046417236328125 -64.85279846191406 -5.699999809265137
vertex 45.04720687866211 -66.9609146118164 -3.700000047683716
endloop
endfacet
facet normal 0.4681967054226737 -0.5298980940027623 -0.7071066786585981
outer loop
vertex 45.046417236328125 -64.85279846191406 -5.699999809265137
vertex 48.382144927978516 -61.90548324584961 -5.699999809265137
vertex 49.96101760864258 -63.17929458618164 -3.700000047683716
endloop
endfacet
facet normal 0.4681966809414046 -0.5298972198696924 -0.7071073499333912
outer loop
vertex 46.06558609008789 -66.62114715576172 -3.700000047683716
vertex 45.046417236328125 -64.85279846191406 -5.699999809265137
vertex 49.96101760864258 -63.17929458618164 -3.700000047683716
endloop
endfacet
facet normal 0.6169182908394725 -0.345559676397254 -0.7071070162824926
outer loop
vertex 49.96101760864258 -63.17929458618164 -3.700000047683716
vertex 48.549591064453125 -61.606544494628906 -5.699999809265137
vertex 50.48994445800781 -62.235015869140625 -3.700000047683716
endloop
endfacet
facet normal 0.6169193957182525 -0.34555830887580796 -0.7071067206253367
outer loop
vertex 48.382144927978516 -61.90548324584961 -5.699999809265137
vertex 48.549591064453125 -61.606544494628906 -5.699999809265137
vertex 49.96101760864258 -63.17929458618164 -3.700000047683716
endloop
endfacet
facet normal 0.7018784094970972 -0.08396416589711747 -0.7073306985611654
outer loop
vertex 48.549591064453125 -61.606544494628906 -5.699999809265137
vertex 48.802452087402344 -59.49281311035156 -5.699999809265137
vertex 50.48994445800781 -62.235015869140625 -3.700000047683716
endloop
endfacet
facet normal 0.7035595884159054 -0.08188792712744382 -0.705902452849409
outer loop
vertex 50.48994445800781 -62.235015869140625 -3.700000047683716
vertex 48.802452087402344 -59.49281311035156 -5.699999809265137
vertex 50.782291412353516 -59.72324752807617 -3.700000047683716
endloop
endfacet
facet normal 0.580327032749557 -0.4063581902812699 -0.7057574344287318
outer loop
vertex 50.782291412353516 -59.72324752807617 -3.700000047683716
vertex 49.05023956298828 -58.72324752807617 -5.699999809265137
vertex 49.0874137878418 -58.67015838623047 -5.699999809265137
endloop
endfacet
facet normal 0.6420762358911506 -0.2994061170732238 -0.7057578085738667
outer loop
vertex 50.782291412353516 -59.72324752807617 -3.700000047683716
vertex 48.90290451049805 -59.039207458496094 -5.699999809265137
vertex 49.05023956298828 -58.72324752807617 -5.699999809265137
endloop
endfacet
facet normal 0.6843136495470479 -0.1833596233671631 -0.7057578037558296
outer loop
vertex 50.782291412353516 -59.72324752807617 -3.700000047683716
vertex 48.81267547607422 -59.37594985961914 -5.699999809265137
vertex 48.90290451049805 -59.039207458496094 -5.699999809265137
endloop
endfacet
facet normal 0.705758063950125 -0.06174087192382357 -0.7057574795235665
outer loop
vertex 48.802452087402344 -59.49281311035156 -5.699999809265137
vertex 48.81267547607422 -59.37594985961914 -5.699999809265137
vertex 50.782291412353516 -59.72324752807617 -3.700000047683716
endloop
endfacet
facet normal 0.6019346973866352 -0.3710494545042434 -0.7071046049872418
outer loop
vertex 51.46693801879883 -58.62135314941406 -3.700000047683716
vertex 49.0874137878418 -58.67015838623047 -5.699999809265137
vertex 49.768150329589844 -57.565834045410156 -5.699999809265137
endloop
endfacet
facet normal 0.6013039280149918 -0.3736117560174436 -0.7062916125222667
outer loop
vertex 50.782291412353516 -59.72324752807617 -3.700000047683716
vertex 49.0874137878418 -58.67015838623047 -5.699999809265137
vertex 51.46693801879883 -58.62135314941406 -3.700000047683716
endloop
endfacet
facet normal 0.40635473005211153 -0.5803296348639457 -0.7057572870774732
outer loop
vertex 51.46693801879883 -58.62135314941406 -3.700000047683716
vertex 50.18136215209961 -57.08926773071289 -5.699999809265137
vertex 50.38312530517578 -56.94799041748047 -5.699999809265137
endloop
endfacet
facet normal 0.5009524487661237 -0.5009524487661237 -0.7057572444902344
outer loop
vertex 51.46693801879883 -58.62135314941406 -3.700000047683716
vertex 49.93484878540039 -57.33578109741211 -5.699999809265137
vertex 50.18136215209961 -57.08926773071289 -5.699999809265137
endloop
endfacet
facet normal 0.5733109544307885 -0.41542632526358514 -0.7062120912358073
outer loop
vertex 51.46693801879883 -58.62135314941406 -3.700000047683716
vertex 49.768150329589844 -57.565834045410156 -5.699999809265137
vertex 49.93484878540039 -57.33578109741211 -5.699999809265137
endloop
endfacet
facet normal 0.38500445983213416 -0.5944341293560945 -0.7059884076711377
outer loop
vertex 51.46693801879883 -58.62135314941406 -3.700000047683716
vertex 50.38312530517578 -56.94799041748047 -5.699999809265137
vertex 53.5331916809082 -57.283077239990234 -3.700000047683716
endloop
endfacet
facet normal 0.38608394188809336 -0.5921611717980024 -0.7073078088293441
outer loop
vertex 52.12800979614258 -55.810340881347656 -5.699999809265137
vertex 53.5331916809082 -57.283077239990234 -3.700000047683716
vertex 50.38312530517578 -56.94799041748047 -5.699999809265137
endloop
endfacet
facet normal 0.574807436935592 -0.4118198209336135 -0.7071073790661089
outer loop
vertex 52.12800979614258 -55.810340881347656 -5.699999809265137
vertex 54.02492904663086 -53.16267013549805 -5.699999809265137
vertex 55.9841194152832 -53.862144470214844 -3.700000047683716
endloop
endfacet
facet normal 0.5748076030053763 -0.41182098303206066 -0.7071065672596464
outer loop
vertex 53.5331916809082 -57.283077239990234 -3.700000047683716
vertex 52.12800979614258 -55.810340881347656 -5.699999809265137
vertex 55.9841194152832 -53.862144470214844 -3.700000047683716
endloop
endfacet
facet normal 0.7056516526605119 -0.04533196288479997 -0.7071073173419289
outer loop
vertex 55.9841194152832 -53.862144470214844 -3.700000047683716
vertex 54.02492904663086 -53.16267013549805 -5.699999809265137
vertex 57.18206787109375 -35.214500427246094 -3.700000047683716
endloop
endfacet
facet normal 0.706884005432827 -0.045688579733893654 -0.705852361719604
outer loop
vertex 57.18206787109375 -35.214500427246094 -3.700000047683716
vertex 54.02492904663086 -53.16267013549805 -5.699999809265137
vertex 55.19324493408203 -35.086734771728516 -5.699999809265137
endloop
endfacet
facet normal 0.6420762358911506 -0.2994061170732238 -0.7057578085738667
outer loop
vertex 55.450016021728516 -34.214500427246094 -5.699999809265137
vertex 57.18206787109375 -35.214500427246094 -3.700000047683716
vertex 55.30268096923828 -34.530460357666016 -5.699999809265137
endloop
endfacet
facet normal 0.7057572357984805 -0.061747166453723766 -0.7057577569910403
outer loop
vertex 57.18206787109375 -35.214500427246094 -3.700000047683716
vertex 55.19324493408203 -35.086734771728516 -5.699999809265137
vertex 55.21245193481445 -34.86720275878906 -5.699999809265137
endloop
endfacet
facet normal 0.6843136495470479 -0.1833596233671631 -0.7057578037558296
outer loop
vertex 57.18206787109375 -35.214500427246094 -3.700000047683716
vertex 55.21245193481445 -34.86720275878906 -5.699999809265137
vertex 55.30268096923828 -34.530460357666016 -5.699999809265137
endloop
endfacet
facet normal 0.5803307060105506 -0.40635242550782846 -0.7057577331812954
outer loop
vertex 55.64997863769531 -33.928924560546875 -5.699999809265137
vertex 57.18206787109375 -35.214500427246094 -3.700000047683716
vertex 55.450016021728516 -34.214500427246094 -5.699999809265137
endloop
endfacet
facet normal 0.5384110197389012 -0.45838185290685685 -0.707106534229032
outer loop
vertex 58.43049240112305 -33.74818801879883 -3.700000047683716
vertex 55.64997863769531 -33.928924560546875 -5.699999809265137
vertex 56.90767288208008 -32.4516487121582 -5.699999809265137
endloop
endfacet
facet normal 0.5384060186779109 -0.45840114082147815 -0.7070978384530449
outer loop
vertex 57.18206787109375 -35.214500427246094 -3.700000047683716
vertex 55.64997863769531 -33.928924560546875 -5.699999809265137
vertex 58.43049240112305 -33.74818801879883 -3.700000047683716
endloop
endfacet
facet normal 0.49907798601895703 -0.5026666144084176 -0.7058664453212384
outer loop
vertex 58.43049240112305 -33.74818801879883 -3.700000047683716
vertex 56.90767288208008 -32.4516487121582 -5.699999809265137
vertex 57.14491653442383 -32.21609878540039 -5.699999809265137
endloop
endfacet
facet normal 0.4063473825154961 -0.5803345749527847 -0.7057574553890138
outer loop
vertex 58.43049240112305 -33.74818801879883 -3.700000047683716
vertex 57.14491653442383 -32.21609878540039 -5.699999809265137
vertex 57.43049240112305 -32.01613998413086 -5.699999809265137
endloop
endfacet
facet normal 0.2994094948779993 -0.6420751675083833 -0.7057573475678328
outer loop
vertex 58.43049240112305 -33.74818801879883 -3.700000047683716
vertex 57.43049240112305 -32.01613998413086 -5.699999809265137
vertex 57.74645233154297 -31.868803024291992 -5.699999809265137
endloop
endfacet
facet normal 0.18335927699265195 -0.6843141005319466 -0.7057574564635396
outer loop
vertex 58.43049240112305 -33.74818801879883 -3.700000047683716
vertex 57.74645233154297 -31.868803024291992 -5.699999809265137
vertex 57.986968994140625 -31.804357528686523 -5.699999809265137
endloop
endfacet
facet normal 0.1578137885617703 -0.6892284573124241 -0.7071484580839564
outer loop
vertex 57.986968994140625 -31.804357528686523 -5.699999809265137
vertex 65.93669891357422 -29.984094619750977 -5.699999809265137
vertex 66.68228912353516 -31.865375518798828 -3.700000047683716
endloop
endfacet
facet normal 0.15754240819805745 -0.690460556207925 -0.706006097665027
outer loop
vertex 58.43049240112305 -33.74818801879883 -3.700000047683716
vertex 57.986968994140625 -31.804357528686523 -5.699999809265137
vertex 62.594425201416016 -32.79810333251953 -3.700000047683716
endloop
endfacet
facet normal 0.1575423797726369 -0.6904606049093311 -0.7060060563789908
outer loop
vertex 62.594425201416016 -32.79810333251953 -3.700000047683716
vertex 57.986968994140625 -31.804357528686523 -5.699999809265137
vertex 66.68228912353516 -31.865375518798828 -3.700000047683716
endloop
endfacet
facet normal 0.35766519299249766 -0.6099796152566653 -0.7071071196735118
outer loop
vertex 65.93669891357422 -29.984094619750977 -5.699999809265137
vertex 67.80199432373047 -28.89036750793457 -5.699999809265137
vertex 69.13663482666016 -30.426254272460938 -3.700000047683716
endloop
endfacet
facet normal 0.35766530622869874 -0.6099793952268479 -0.707107252203667
outer loop
vertex 66.68228912353516 -31.865375518798828 -3.700000047683716
vertex 65.93669891357422 -29.984094619750977 -5.699999809265137
vertex 69.13663482666016 -30.426254272460938 -3.700000047683716
endloop
endfacet
facet normal 0.5541068241941228 -0.4392776173847533 -0.7071073484601031
outer loop
vertex 67.80199432373047 -28.89036750793457 -5.699999809265137
vertex 71.11324310302734 -24.713542938232422 -5.699999809265137
vertex 72.91842651367188 -25.655885696411133 -3.700000047683716
endloop
endfacet
facet normal 0.5541068601335158 -0.4392777379697416 -0.707107245385849
outer loop
vertex 69.13663482666016 -30.426254272460938 -3.700000047683716
vertex 67.80199432373047 -28.89036750793457 -5.699999809265137
vertex 72.91842651367188 -25.655885696411133 -3.700000047683716
endloop
endfacet
facet normal 0.677194398227504 -0.20348831312567514 -0.7071069603889895
outer loop
vertex 71.82869720458984 -22.332563400268555 -5.699999809265137
vertex 73.87723541259766 -22.465028762817383 -3.700000047683716
vertex 71.11324310302734 -24.713542938232422 -5.699999809265137
endloop
endfacet
facet normal 0.6771941371853661 -0.2034875829742739 -0.7071074205077015
outer loop
vertex 72.91842651367188 -25.655885696411133 -3.700000047683716
vertex 71.11324310302734 -24.713542938232422 -5.699999809265137
vertex 73.87723541259766 -22.465028762817383 -3.700000047683716
endloop
endfacet
facet normal 0.697761724206314 0.11457855264929415 -0.7071070155962426
outer loop
vertex 73.87723541259766 -22.465028762817383 -3.700000047683716
vertex 71.82869720458984 -22.332563400268555 -5.699999809265137
vertex 65.43270111083984 16.617843627929688 -5.699999809265137
endloop
endfacet
facet normal 0.6977621203007726 0.114578659116813 -0.7071066074845882
outer loop
vertex 65.43270111083984 16.617843627929688 -5.699999809265137
vertex 67.35142517089844 17.275907516479492 -3.700000047683716
vertex 73.87723541259766 -22.465028762817383 -3.700000047683716
endloop
endfacet
facet normal 0.6212085569354873 0.33778698805044693 -0.7071066959758877
outer loop
vertex 67.35142517089844 17.275907516479492 -3.700000047683716
vertex 65.43270111083984 16.617843627929688 -5.699999809265137
vertex 65.87654876708984 19.988285064697266 -3.700000047683716
endloop
endfacet
facet normal 0.6212073349789771 0.3377876097527684 -0.7071074725003466
outer loop
vertex 65.43270111083984 16.617843627929688 -5.699999809265137
vertex 64.29862213134766 18.703468322753906 -5.699999809265137
vertex 65.87654876708984 19.988285064697266 -3.700000047683716
endloop
endfacet
facet normal 0.45674318936544755 0.5399584564274352 -0.7069869336138969
outer loop
vertex 65.87654876708984 19.988285064697266 -3.700000047683716
vertex 62.965702056884766 19.831857681274414 -5.699999809265137
vertex 64.25691223144531 21.358312606811523 -3.700000047683716
endloop
endfacet
facet normal 0.4568591363637293 0.5396689621917651 -0.7071330431876668
outer loop
vertex 64.29862213134766 18.703468322753906 -5.699999809265137
vertex 62.965702056884766 19.831857681274414 -5.699999809265137
vertex 65.87654876708984 19.988285064697266 -3.700000047683716
endloop
endfacet
facet normal 0.5803295101965397 0.40635430221131574 -0.7057576359270928
outer loop
vertex 62.724822998046875 20.072738647460938 -5.699999809265137
vertex 62.52486038208008 20.358312606811523 -5.699999809265137
vertex 64.25691223144531 21.358312606811523 -3.700000047683716
endloop
endfacet
facet normal 0.6420762358911506 0.2994061170732238 -0.7057578085738667
outer loop
vertex 64.25691223144531 21.358312606811523 -3.700000047683716
vertex 62.52486038208008 20.358312606811523 -5.699999809265137
vertex 62.377525329589844 20.674272537231445 -5.699999809265137
endloop
endfacet
facet normal 0.5009541767603224 0.5009502100946315 -0.7057576069675284
outer loop
vertex 62.965702056884766 19.831857681274414 -5.699999809265137
vertex 62.724822998046875 20.072738647460938 -5.699999809265137
vertex 64.25691223144531 21.358312606811523 -3.700000047683716
endloop
endfacet
facet normal 0.6843139514133353 0.18335866568617137 -0.7057577598715117
outer loop
vertex 64.25691223144531 21.358312606811523 -3.700000047683716
vertex 62.377525329589844 20.674272537231445 -5.699999809265137
vertex 62.287296295166016 21.011016845703125 -5.699999809265137
endloop
endfacet
facet normal 0.7057575483995611 0.06174501598724213 -0.7057576325324271
outer loop
vertex 62.287296295166016 21.011016845703125 -5.699999809265137
vertex 62.25691223144531 21.358312606811523 -5.699999809265137
vertex 64.25691223144531 21.358312606811523 -3.700000047683716
endloop
endfacet
facet normal 0.7071038980194965 -0.003285811342016886 -0.7071020300136737
outer loop
vertex 64.26299285888672 22.668046951293945 -3.700000047683716
vertex 62.25691223144531 21.358312606811523 -5.699999809265137
vertex 64.26948547363281 24.06525230407715 -3.700000047683716
endloop
endfacet
facet normal 0.707102928804527 -0.0032828256286481176 -0.7071030130977748
outer loop
vertex 64.25691223144531 21.358312606811523 -3.700000047683716
vertex 62.25691223144531 21.358312606811523 -5.699999809265137
vertex 64.26299285888672 22.668046951293945 -3.700000047683716
endloop
endfacet
facet normal 0.707099367342551 -0.003279072291180389 -0.7071065919567384
outer loop
vertex 62.25691223144531 21.358312606811523 -5.699999809265137
vertex 62.269508361816406 24.074542999267578 -5.699999809265137
vertex 64.26948547363281 24.06525230407715 -3.700000047683716
endloop
endfacet
facet normal 0.7055421394740965 -0.063374694724138 -0.7058285468121396
outer loop
vertex 62.299869537353516 24.41254997253418 -5.699999809265137
vertex 64.26948547363281 24.06525230407715 -3.700000047683716
vertex 62.269508361816406 24.074542999267578 -5.699999809265137
endloop
endfacet
facet normal 0.6843136495470479 -0.1833596233671631 -0.7057578037558296
outer loop
vertex 64.26948547363281 24.06525230407715 -3.700000047683716
vertex 62.299869537353516 24.41254997253418 -5.699999809265137
vertex 62.390098571777344 24.749292373657227 -5.699999809265137
endloop
endfacet
facet normal 0.6420762358911506 -0.2994061170732238 -0.7057578085738667
outer loop
vertex 62.53743362426758 25.06525230407715 -5.699999809265137
vertex 64.26948547363281 24.06525230407715 -3.700000047683716
vertex 62.390098571777344 24.749292373657227 -5.699999809265137
endloop
endfacet
facet normal 0.5009521109515812 -0.5009521109515812 -0.7057577240571365
outer loop
vertex 64.26948547363281 24.06525230407715 -3.700000047683716
vertex 62.737396240234375 25.350828170776367 -5.699999809265137
vertex 62.983909606933594 25.597341537475586 -5.699999809265137
endloop
endfacet
facet normal 0.5803307060105506 -0.40635242550782846 -0.7057577331812954
outer loop
vertex 62.737396240234375 25.350828170776367 -5.699999809265137
vertex 64.26948547363281 24.06525230407715 -3.700000047683716
vertex 62.53743362426758 25.06525230407715 -5.699999809265137
endloop
endfacet
facet normal 0.4516322858214108 -0.5440851688503915 -0.7071065036051983
outer loop
vertex 76.79122161865234 34.4592170715332 -3.700000047683716
vertex 62.983909606933594 25.597341537475586 -5.699999809265137
vertex 75.25669860839844 35.78469467163086 -5.699999809265137
endloop
endfacet
facet normal 0.45163433802604286 -0.5440893962330414 -0.7071019400500484
outer loop
vertex 64.26948547363281 24.06525230407715 -3.700000047683716
vertex 62.983909606933594 25.597341537475586 -5.699999809265137
vertex 76.79122161865234 34.4592170715332 -3.700000047683716
endloop
endfacet
facet normal 0.6039756852221974 -0.3677137070741927 -0.7071067820988086
outer loop
vertex 75.25669860839844 35.78469467163086 -5.699999809265137
vertex 76.47431945800781 37.7846565246582 -5.699999809265137
vertex 78.3929672241211 37.09010314941406 -3.700000047683716
endloop
endfacet
facet normal 0.6039757396486607 -0.3677147007335336 -0.7071062188810822
outer loop
vertex 76.79122161865234 34.4592170715332 -3.700000047683716
vertex 75.25669860839844 35.78469467163086 -5.699999809265137
vertex 78.3929672241211 37.09010314941406 -3.700000047683716
endloop
endfacet
facet normal 0.6994006109682305 -0.10410986967699468 -0.7071067249101122
outer loop
vertex 78.3929672241211 37.09010314941406 -3.700000047683716
vertex 76.47431945800781 37.7846565246582 -5.699999809265137
vertex 79.3121337890625 43.26498031616211 -3.700000047683716
endloop
endfacet
facet normal 0.6994008445688976 -0.1041100866180557 -0.7071064619141122
outer loop
vertex 76.47431945800781 37.7846565246582 -5.699999809265137
vertex 77.27711486816406 43.17775344848633 -5.699999809265137
vertex 79.3121337890625 43.26498031616211 -3.700000047683716
endloop
endfacet
facet normal 0.687926272079103 0.16357356579293425 -0.7071075821663438
outer loop
vertex 77.27711486816406 43.17775344848633 -5.699999809265137
vertex 76.70162963867188 45.598018646240234 -5.699999809265137
vertex 78.5411605834961 46.507415771484375 -3.700000047683716
endloop
endfacet
facet normal 0.6879274116810339 0.16357260124026546 -0.7071066966033672
outer loop
vertex 79.3121337890625 43.26498031616211 -3.700000047683716
vertex 77.27711486816406 43.17775344848633 -5.699999809265137
vertex 78.5411605834961 46.507415771484375 -3.700000047683716
endloop
endfacet
facet normal 0.5476786005646288 0.44726648276886466 -0.7071073778961287
outer loop
vertex 78.5411605834961 46.507415771484375 -3.700000047683716
vertex 76.70162963867188 45.598018646240234 -5.699999809265137
vertex 63.784549713134766 64.57691192626953 -3.700000047683716
endloop
endfacet
facet normal 0.5476794234077306 0.44726694483712975 -0.707106448303108
outer loop
vertex 76.70162963867188 45.598018646240234 -5.699999809265137
vertex 62.4532470703125 63.045196533203125 -5.699999809265137
vertex 63.784549713134766 64.57691192626953 -3.700000047683716
endloop
endfacet
facet normal 0.36660069665065065 0.604652611793173 -0.7071061789200772
outer loop
vertex 61.13024139404297 66.18621826171875 -3.700000047683716
vertex 63.784549713134766 64.57691192626953 -3.700000047683716
vertex 62.4532470703125 63.045196533203125 -5.699999809265137
endloop
endfacet
facet normal 0.3666009908924967 0.6046526291460372 -0.7071060115311029
outer loop
vertex 62.4532470703125 63.045196533203125 -5.699999809265137
vertex 60.442047119140625 64.26458740234375 -5.699999809265137
vertex 61.13024139404297 66.18621826171875 -3.700000047683716
endloop
endfacet
facet normal 0.10060371165767273 0.6999138044633373 -0.7071064697217508
outer loop
vertex 60.442047119140625 64.26458740234375 -5.699999809265137
vertex 55.006996154785156 65.04580688476562 -5.699999809265137
vertex 54.90699005126953 67.08073425292969 -3.700000047683716
endloop
endfacet
facet normal 0.1006040752975964 0.6999142025808778 -0.7071060239165619
outer loop
vertex 60.442047119140625 64.26458740234375 -5.699999809265137
vertex 54.90699005126953 67.08073425292969 -3.700000047683716
vertex 61.13024139404297 66.18621826171875 -3.700000047683716
endloop
endfacet
facet normal -0.16874694295075876 0.6866756667508344 -0.7071074868342652
outer loop
vertex 55.006996154785156 65.04580688476562 -5.699999809265137
vertex 52.573081970214844 64.44768524169922 -5.699999809265137
vertex 51.648563385009766 66.27999877929688 -3.700000047683716
endloop
endfacet
facet normal -0.16874600255627648 0.6866768023396562 -0.7071066084755974
outer loop
vertex 55.006996154785156 65.04580688476562 -5.699999809265137
vertex 51.648563385009766 66.27999877929688 -3.700000047683716
vertex 54.90699005126953 67.08073425292969 -3.700000047683716
endloop
endfacet
facet normal -0.45206852937494335 0.5437217227116963 -0.7071072994957703
outer loop
vertex 51.648563385009766 66.27999877929688 -3.700000047683716
vertex 52.573081970214844 64.44768524169922 -5.699999809265137
vertex 46.64381790161133 62.1188850402832 -3.700000047683716
endloop
endfacet
facet normal -0.452068513233781 0.5437215756129986 -0.7071074229249166
outer loop
vertex 52.573081970214844 64.44768524169922 -5.699999809265137
vertex 36.962318420410156 54.069358825683594 -3.700000047683716
vertex 46.64381790161133 62.1188850402832 -3.700000047683716
endloop
endfacet
facet normal -0.4521334078598388 0.5438455608928429 -0.7069705703876209
outer loop
vertex 52.573081970214844 64.44768524169922 -5.699999809265137
vertex 38.24047088623047 52.532073974609375 -5.699999809265137
vertex 36.962318420410156 54.069358825683594 -3.700000047683716
endloop
endfacet
facet normal -0.34155407351081574 0.6192220728433251 -0.7070394892591106
outer loop
vertex 37.962318420410156 52.33730697631836 -5.699999809265137
vertex 37.89387893676758 52.299556732177734 -5.699999809265137
vertex 36.962318420410156 54.069358825683594 -3.700000047683716
endloop
endfacet
facet normal -0.40635575791037415 0.5803285826388711 -0.7057575604876255
outer loop
vertex 38.24047088623047 52.532073974609375 -5.699999809265137
vertex 37.962318420410156 52.33730697631836 -5.699999809265137
vertex 36.962318420410156 54.069358825683594 -3.700000047683716
endloop
endfacet
facet normal -0.32418040690785754 0.62910951096854 -0.7064901181092205
outer loop
vertex 37.89387893676758 52.299556732177734 -5.699999809265137
vertex 37.35285568237305 52.02076721191406 -5.699999809265137
vertex 36.615875244140625 53.887001037597656 -3.700000047683716
endloop
endfacet
facet normal -0.32979039475440436 0.6265494971414878 -0.7061685515225689
outer loop
vertex 36.615875244140625 53.887001037597656 -3.700000047683716
vertex 37.35285568237305 52.02076721191406 -5.699999809265137
vertex 36.423763275146484 53.78588104248047 -3.700000047683716
endloop
endfacet
facet normal -0.32935960978138257 0.6257171165828299 -0.7071070198067085
outer loop
vertex 36.962318420410156 54.069358825683594 -3.700000047683716
vertex 37.89387893676758 52.299556732177734 -5.699999809265137
vertex 36.615875244140625 53.887001037597656 -3.700000047683716
endloop
endfacet
facet normal -0.2994124597528909 0.6420736080273053 -0.7057575085109061
outer loop
vertex 37.35285568237305 52.02076721191406 -5.699999809265137
vertex 37.10780334472656 51.906494140625 -5.699999809265137
vertex 36.423763275146484 53.78588104248047 -3.700000047683716
endloop
endfacet
facet normal -0.21729055348334342 0.6731444770951236 -0.7068672635815262
outer loop
vertex 37.10780334472656 51.906494140625 -5.699999809265137
vertex 36.96765899658203 51.86125564575195 -5.699999809265137
vertex 36.423763275146484 53.78588104248047 -3.700000047683716
endloop
endfacet
facet normal -0.1922962956150411 0.6804566765003155 -0.7071073794685484
outer loop
vertex 36.96765899658203 51.86125564575195 -5.699999809265137
vertex 21.385501861572266 49.53608703613281 -3.700000047683716
vertex 29.90286636352539 51.943084716796875 -3.700000047683716
endloop
endfacet
facet normal -0.19229620256955188 0.6804570293394192 -0.7071070652312156
outer loop
vertex 36.423763275146484 53.78588104248047 -3.700000047683716
vertex 36.96765899658203 51.86125564575195 -5.699999809265137
vertex 29.90286636352539 51.943084716796875 -3.700000047683716
endloop
endfacet
facet normal -0.19232968173499568 0.6818134288978814 -0.7057901541522302
outer loop
vertex 36.96765899658203 51.86125564575195 -5.699999809265137
vertex 21.927377700805664 47.61861038208008 -5.699999809265137
vertex 21.385501861572266 49.53608703613281 -3.700000047683716
endloop
endfacet
facet normal 0.061744678178218174 0.7057575631765648 -0.7057576473094326
outer loop
vertex 21.385501861572266 47.53608703613281 -5.699999809265137
vertex 21.038204193115234 47.566471099853516 -5.699999809265137
vertex 21.385501861572266 49.53608703613281 -3.700000047683716
endloop
endfacet
facet normal -0.06174501598724213 0.7057575483995611 -0.7057576325324271
outer loop
vertex 21.732797622680664 47.566471099853516 -5.699999809265137
vertex 21.385501861572266 47.53608703613281 -5.699999809265137
vertex 21.385501861572266 49.53608703613281 -3.700000047683716
endloop
endfacet
facet normal 0.26579690169892867 0.6554992662774436 -0.7068753206591549
outer loop
vertex 20.56743812561035 47.7110481262207 -5.699999809265137
vertex 21.385501861572266 49.53608703613281 -3.700000047683716
vertex 20.701459884643555 47.65670394897461 -5.699999809265137
endloop
endfacet
facet normal 0.18336596023530743 0.6843122441342641 -0.7057575200838537
outer loop
vertex 21.038204193115234 47.566471099853516 -5.699999809265137
vertex 20.701459884643555 47.65670394897461 -5.699999809265137
vertex 21.385501861572266 49.53608703613281 -3.700000047683716
endloop
endfacet
facet normal -0.18336688689465722 0.6843121280891628 -0.7057573918427232
outer loop
vertex 21.927377700805664 47.61861038208008 -5.699999809265137
vertex 21.732797622680664 47.566471099853516 -5.699999809265137
vertex 21.385501861572266 49.53608703613281 -3.700000047683716
endloop
endfacet
facet normal 0.29202859208263876 0.645423903386108 -0.705795498954245
outer loop
vertex 20.56743812561035 47.7110481262207 -5.699999809265137
vertex 18.648067474365234 48.57948684692383 -5.699999809265137
vertex 19.46310806274414 50.397789001464844 -3.700000047683716
endloop
endfacet
facet normal 0.28922928638199835 0.6452492961020398 -0.7071066155671166
outer loop
vertex 20.56743812561035 47.7110481262207 -5.699999809265137
vertex 19.46310806274414 50.397789001464844 -3.700000047683716
vertex 21.385501861572266 49.53608703613281 -3.700000047683716
endloop
endfacet
facet normal 0.2994117383218536 0.64207331022881 -0.7057580854987808
outer loop
vertex 18.648067474365234 48.57948684692383 -5.699999809265137
vertex 18.46310806274414 48.66573715209961 -5.699999809265137
vertex 19.46310806274414 50.397789001464844 -3.700000047683716
endloop
endfacet
facet normal 0.5009502574010013 0.5009541334049736 -0.7057576041633151
outer loop
vertex 18.177534103393555 48.865699768066406 -5.699999809265137
vertex 17.931018829345703 49.112213134765625 -5.699999809265137
vertex 19.46310806274414 50.397789001464844 -3.700000047683716
endloop
endfacet
facet normal 0.5803326404781556 0.4063499040221234 -0.7057575942891885
outer loop
vertex 19.46310806274414 50.397789001464844 -3.700000047683716
vertex 17.931018829345703 49.112213134765625 -5.699999809265137
vertex 17.73105812072754 49.397789001464844 -5.699999809265137
endloop
endfacet
facet normal 0.6420737342804327 0.2994115860915294 -0.7057577642940496
outer loop
vertex 19.46310806274414 50.397789001464844 -3.700000047683716
vertex 17.73105812072754 49.397789001464844 -5.699999809265137
vertex 17.671085357666016 49.526397705078125 -5.699999809265137
endloop
endfacet
facet normal 0.40635430221131574 0.5803295101965397 -0.7057576359270928
outer loop
vertex 19.46310806274414 50.397789001464844 -3.700000047683716
vertex 18.46310806274414 48.66573715209961 -5.699999809265137
vertex 18.177534103393555 48.865699768066406 -5.699999809265137
endloop
endfacet
facet normal 0.6370811124368981 0.30978634961789064 -0.705804557768357
outer loop
vertex 19.46310806274414 50.397789001464844 -3.700000047683716
vertex 17.671085357666016 49.526397705078125 -5.699999809265137
vertex 19.12401008605957 51.095149993896484 -3.700000047683716
endloop
endfacet
facet normal 0.6304663920692664 0.31852341583230165 -0.7078523589264111
outer loop
vertex 17.671085357666016 49.526397705078125 -5.699999809265137
vertex 17.453384399414062 49.95730209350586 -5.699999809265137
vertex 19.12401008605957 51.095149993896484 -3.700000047683716
endloop
endfacet
facet normal 0.5206234131113993 0.4784882735455263 -0.7071069465078524
outer loop
vertex 19.12401008605957 51.095149993896484 -3.700000047683716
vertex 17.453384399414062 49.95730209350586 -5.699999809265137
vertex 15.19243049621582 55.37294006347656 -3.700000047683716
endloop
endfacet
facet normal 0.5206235193731864 0.47848828592219106 -0.7071068598951088
outer loop
vertex 17.453384399414062 49.95730209350586 -5.699999809265137
vertex 13.973335266113281 53.74380111694336 -5.699999809265137
vertex 15.19243049621582 55.37294006347656 -3.700000047683716
endloop
endfacet
facet normal 0.31219873581382385 0.6344539368147641 -0.7071068882541717
outer loop
vertex 12.228628158569336 56.83135223388672 -3.700000047683716
vertex 15.19243049621582 55.37294006347656 -3.700000047683716
vertex 13.973335266113281 53.74380111694336 -5.699999809265137
endloop
endfacet
facet normal 0.3121982078854681 0.6344538436360702 -0.7071072049473962
outer loop
vertex 13.973335266113281 53.74380111694336 -5.699999809265137
vertex 11.758337020874023 54.833744049072266 -5.699999809265137
vertex 12.228628158569336 56.83135223388672 -3.700000047683716
endloop
endfacet
facet normal 0.0036393376922175978 0.7070967431275372 -0.7071074537010564
outer loop
vertex 11.758337020874023 54.833744049072266 -5.699999809265137
vertex -44.7156867980957 55.12440872192383 -5.699999809265137
vertex -45.0411491394043 57.12611389160156 -3.700000047683716
endloop
endfacet
facet normal 0.00363935547419358 0.7070969783894372 -0.7071072183511213
outer loop
vertex 11.758337020874023 54.833744049072266 -5.699999809265137
vertex -45.0411491394043 57.12611389160156 -3.700000047683716
vertex 12.228628158569336 56.83135223388672 -3.700000047683716
endloop
endfacet
facet normal -0.22746935422481088 0.6695199940650316 -0.7071072552560239
outer loop
vertex -44.7156867980957 55.12440872192383 -5.699999809265137
vertex -47.945316314697266 56.13942337036133 -3.700000047683716
vertex -45.0411491394043 57.12611389160156 -3.700000047683716
endloop
endfacet
facet normal -0.227468743737445 0.6695208069436673 -0.7071066819738087
outer loop
vertex -44.7156867980957 55.12440872192383 -5.699999809265137
vertex -46.92057418823242 54.375301361083984 -5.699999809265137
vertex -47.945316314697266 56.13942337036133 -3.700000047683716
endloop
endfacet
facet normal -0.4688910608772715 0.529282581912275 -0.707107574216019
outer loop
vertex -51.017486572265625 50.745849609375 -5.699999809265137
vertex -52.6005973815918 52.01531982421875 -3.700000047683716
vertex -46.92057418823242 54.375301361083984 -5.699999809265137
endloop
endfacet
facet normal -0.4688911824646469 0.5292835690808806 -0.7071067546756359
outer loop
vertex -47.945316314697266 56.13942337036133 -3.700000047683716
vertex -46.92057418823242 54.375301361083984 -5.699999809265137
vertex -52.6005973815918 52.01531982421875 -3.700000047683716
endloop
endfacet
facet normal -0.6185170705852211 0.3426890461970863 -0.7071073829420874
outer loop
vertex -52.6005973815918 52.01531982421875 -3.700000047683716
vertex -51.017486572265625 50.745849609375 -5.699999809265137
vertex -53.085052490234375 51.14093017578125 -3.700000047683716
endloop
endfacet
facet normal -0.6185155817483712 0.34269321144160525 -0.7071066666114196
outer loop
vertex -51.017486572265625 50.745849609375 -5.699999809265137
vertex -53.37318801879883 50.62088394165039 -3.700000047683716
vertex -53.085052490234375 51.14093017578125 -3.700000047683716
endloop
endfacet
facet normal -0.6181839375233784 0.34430077164806405 -0.7066155942453006
outer loop
vertex -51.017486572265625 50.745849609375 -5.699999809265137
vertex -51.626182556152344 49.652950286865234 -5.699999809265137
vertex -53.37318801879883 50.62088394165039 -3.700000047683716
endloop
endfacet
facet normal -0.5803307060105506 0.40635242550782846 -0.7057577331812954
outer loop
vertex -51.641136169433594 49.62088394165039 -5.699999809265137
vertex -51.84109878540039 49.33530807495117 -5.699999809265137
vertex -53.37318801879883 50.62088394165039 -3.700000047683716
endloop
endfacet
facet normal -0.40663285504023977 0.5801155059366135 -0.7057731370445678
outer loop
vertex -52.08761215209961 49.08879470825195 -5.699999809265137
vertex -52.3714485168457 48.88983917236328 -5.699999809265137
vertex -53.37318801879883 50.62088394165039 -3.700000047683716
endloop
endfacet
facet normal -0.6420697077840691 0.29941865982792665 -0.7057584264413203
outer loop
vertex -51.626182556152344 49.652950286865234 -5.699999809265137
vertex -51.641136169433594 49.62088394165039 -5.699999809265137
vertex -53.37318801879883 50.62088394165039 -3.700000047683716
endloop
endfacet
facet normal -0.5009521109515812 0.5009521109515812 -0.7057577240571365
outer loop
vertex -51.84109878540039 49.33530807495117 -5.699999809265137
vertex -52.08761215209961 49.08879470825195 -5.699999809265137
vertex -53.37318801879883 50.62088394165039 -3.700000047683716
endloop
endfacet
facet normal -0.3541680270516332 0.6120179206382333 -0.7071061260037327
outer loop
vertex -52.3714485168457 48.88983917236328 -5.699999809265137
vertex -54.76317596435547 49.81650924682617 -3.700000047683716
vertex -54.36611557006836 50.04628372192383 -3.700000047683716
endloop
endfacet
facet normal -0.3541695623109615 0.6120163274684666 -0.7071067359631589
outer loop
vertex -52.3714485168457 48.88983917236328 -5.699999809265137
vertex -54.36611557006836 50.04628372192383 -3.700000047683716
vertex -53.37318801879883 50.62088394165039 -3.700000047683716
endloop
endfacet
facet normal -0.35416914888698303 0.6120164882387042 -0.7071068038851231
outer loop
vertex -52.3714485168457 48.88983917236328 -5.699999809265137
vertex -53.76317596435547 48.08445739746094 -5.699999809265137
vertex -54.76317596435547 49.81650924682617 -3.700000047683716
endloop
endfacet
facet normal -0.2994061170732238 0.6420762358911506 -0.7057578085738667
outer loop
vertex -53.76317596435547 48.08445739746094 -5.699999809265137
vertex -54.07913589477539 47.9371223449707 -5.699999809265137
vertex -54.76317596435547 49.81650924682617 -3.700000047683716
endloop
endfacet
facet normal -0.1833596233671631 0.6843136495470479 -0.7057578037558296
outer loop
vertex -54.07913589477539 47.9371223449707 -5.699999809265137
vertex -54.41587829589844 47.846893310546875 -5.699999809265137
vertex -54.76317596435547 49.81650924682617 -3.700000047683716
endloop
endfacet
facet normal -0.05165165892474077 0.7070484363501209 -0.7052762684120112
outer loop
vertex -54.794410705566406 47.81924057006836 -5.699999809265137
vertex -54.76317596435547 49.81650924682617 -3.700000047683716
vertex -54.41587829589844 47.846893310546875 -5.699999809265137
endloop
endfacet
facet normal 0.010876955105207321 0.7070092580674835 -0.7071206409478554
outer loop
vertex -54.794410705566406 47.81924057006836 -5.699999809265137
vertex -64.56593322753906 47.96957015991211 -5.699999809265137
vertex -64.84004211425781 49.97410202026367 -3.700000047683716
endloop
endfacet
facet normal 0.011064013963795956 0.7074600272711018 -0.7066667513110978
outer loop
vertex -54.794410705566406 47.81924057006836 -5.699999809265137
vertex -64.84004211425781 49.97410202026367 -3.700000047683716
vertex -54.76317596435547 49.81650924682617 -3.700000047683716
endloop
endfacet
facet normal -0.20046930000404703 0.6780947087002457 -0.7071065165790908
outer loop
vertex -64.84004211425781 49.97410202026367 -3.700000047683716
vertex -64.56593322753906 47.96957015991211 -5.699999809265137
vertex -66.6198501586914 47.36235809326172 -5.699999809265137
endloop
endfacet
facet normal -0.20046844575672498 0.678094479980552 -0.7071069780986381
outer loop
vertex -64.84004211425781 49.97410202026367 -3.700000047683716
vertex -66.6198501586914 47.36235809326172 -5.699999809265137
vertex -67.54238891601562 49.175193786621094 -3.700000047683716
endloop
endfacet
facet normal -0.4301925928603819 0.5611907153018069 -0.7071062961868663
outer loop
vertex -70.79582214355469 44.16117858886719 -5.699999809265137
vertex -72.31282806396484 45.518306732177734 -3.700000047683716
vertex -66.6198501586914 47.36235809326172 -5.699999809265137
endloop
endfacet
facet normal -0.4301925557420473 0.5611897164214086 -0.707107111523413
outer loop
vertex -66.6198501586914 47.36235809326172 -5.699999809265137
vertex -72.31282806396484 45.518306732177734 -3.700000047683716
vertex -67.54238891601562 49.175193786621094 -3.700000047683716
endloop
endfacet
facet normal -0.605441567776084 0.3652948818904971 -0.7071068923956585
outer loop
vertex -70.79582214355469 44.16117858886719 -5.699999809265137
vertex -72.0634536743164 42.06019973754883 -5.699999809265137
vertex -74.0126724243164 42.700984954833984 -3.700000047683716
endloop
endfacet
facet normal -0.6054416718678162 0.36529608357929433 -0.7071061824701669
outer loop
vertex -72.31282806396484 45.518306732177734 -3.700000047683716
vertex -70.79582214355469 44.16117858886719 -5.699999809265137
vertex -74.0126724243164 42.700984954833984 -3.700000047683716
endloop
endfacet
facet normal -0.7040943035495023 0.0652015208684221 -0.7071067623673146
outer loop
vertex -72.0634536743164 42.06019973754883 -5.699999809265137
vertex -77.30632019042969 -14.55615520477295 -5.699999809265137
vertex -79.343505859375 -14.865311622619629 -3.700000047683716
endloop
endfacet
facet normal -0.7040941482775086 0.06520149549687905 -0.7071069193172559
outer loop
vertex -72.0634536743164 42.06019973754883 -5.699999809265137
vertex -79.343505859375 -14.865311622619629 -3.700000047683716
vertex -74.0126724243164 42.700984954833984 -3.700000047683716
endloop
endfacet
facet normal -0.6530498296238325 -0.2711564722465452 -0.7071068431199714
outer loop
vertex -76.01148986816406 -17.67460823059082 -5.699999809265137
vertex -79.343505859375 -14.865311622619629 -3.700000047683716
vertex -77.30632019042969 -14.55615520477295 -5.699999809265137
endloop
endfacet
facet normal -0.6530497843716981 -0.27115635749338013 -0.7071069289174028
outer loop
vertex -79.343505859375 -14.865311622619629 -3.700000047683716
vertex -76.01148986816406 -17.67460823059082 -5.699999809265137
vertex -77.61723327636719 -19.022846221923828 -3.700000047683716
endloop
endfacet
facet normal -0.38006419047792595 -0.5962807964592575 -0.7071070802150636
outer loop
vertex -76.01148986816406 -17.67460823059082 -5.699999809265137
vertex -40.783206939697266 -42.50053405761719 -3.700000047683716
vertex -77.61723327636719 -19.022846221923828 -3.700000047683716
endloop
endfacet
facet normal -0.3806887387700446 -0.5970852279763675 -0.7060915767137305
outer loop
vertex -39.7113037109375 -40.81882858276367 -5.699999809265137
vertex -40.783206939697266 -42.50053405761719 -3.700000047683716
vertex -76.01148986816406 -17.67460823059082 -5.699999809265137
endloop
endfacet
facet normal -0.40635890270595637 -0.5803262246848889 -0.7057576886825923
outer loop
vertex -40.783206939697266 -42.50053405761719 -3.700000047683716
vertex -39.7113037109375 -40.81882858276367 -5.699999809265137
vertex -39.49763488769531 -40.96844482421875 -5.699999809265137
endloop
endfacet
facet normal -0.5803313421184674 -0.4063525047390668 -0.7057571645029649
outer loop
vertex -39.251121520996094 -41.21495819091797 -5.699999809265137
vertex -39.055694580078125 -41.494056701660156 -5.699999809265137
vertex -40.783206939697266 -42.50053405761719 -3.700000047683716
endloop
endfacet
facet normal -0.5009524487661237 -0.5009524487661237 -0.7057572444902344
outer loop
vertex -39.251121520996094 -41.21495819091797 -5.699999809265137
vertex -40.783206939697266 -42.50053405761719 -3.700000047683716
vertex -39.49763488769531 -40.96844482421875 -5.699999809265137
endloop
endfacet
facet normal -0.6109774747453198 -0.35596480887122917 -0.7071036559084539
outer loop
vertex -40.075191497802734 -43.71577072143555 -3.700000047683716
vertex -40.783206939697266 -42.50053405761719 -3.700000047683716
vertex -38.343143463134766 -42.71577072143555 -5.699999809265137
endloop
endfacet
facet normal -0.6109122904825149 -0.35630780026390474 -0.7069872168635759
outer loop
vertex -38.343143463134766 -42.71577072143555 -5.699999809265137
vertex -40.783206939697266 -42.50053405761719 -3.700000047683716
vertex -39.055694580078125 -41.494056701660156 -5.699999809265137
endloop
endfacet
facet normal -0.684312026707175 -0.18336694058036268 -0.7057574761956946
outer loop
vertex -38.10557556152344 -43.368473052978516 -5.699999809265137
vertex -40.075191497802734 -43.71577072143555 -3.700000047683716
vertex -38.19580841064453 -43.03173065185547 -5.699999809265137
endloop
endfacet
facet normal -0.7057580096504441 -0.061741284645970146 -0.7057574977175298
outer loop
vertex -38.10557556152344 -43.368473052978516 -5.699999809265137
vertex -38.08421325683594 -43.61266326904297 -5.699999809265137
vertex -40.075191497802734 -43.71577072143555 -3.700000047683716
endloop
endfacet
facet normal -0.6420767908479861 -0.29940637585475466 -0.7057571939072763
outer loop
vertex -38.343143463134766 -42.71577072143555 -5.699999809265137
vertex -38.19580841064453 -43.03173065185547 -5.699999809265137
vertex -40.075191497802734 -43.71577072143555 -3.700000047683716
endloop
endfacet
facet normal -0.7072829915348386 -0.036628712261976844 -0.705980953938248
outer loop
vertex -38.08421325683594 -43.61266326904297 -5.699999809265137
vertex -39.86530685424805 -47.7685432434082 -3.700000047683716
vertex -40.075191497802734 -43.71577072143555 -3.700000047683716
endloop
endfacet
facet normal -0.7061601740403136 -0.03657021694864213 -0.7071070837091674
outer loop
vertex -39.65061950683594 -51.914093017578125 -3.700000047683716
vertex -39.86530685424805 -47.7685432434082 -3.700000047683716
vertex -37.66856384277344 -51.515811920166016 -5.699999809265137
endloop
endfacet
facet normal -0.7066776741796544 -0.037166219967542206 -0.706558799329085
outer loop
vertex -37.66856384277344 -51.515811920166016 -5.699999809265137
vertex -39.86530685424805 -47.7685432434082 -3.700000047683716
vertex -38.08421325683594 -43.61266326904297 -5.699999809265137
endloop
endfacet
facet normal -0.6654748016185491 -0.23904769755965227 -0.7071064182300862
outer loop
vertex -37.66856384277344 -51.515811920166016 -5.699999809265137
vertex -36.90123748779297 -53.651939392089844 -5.699999809265137
vertex -38.65277862548828 -54.691925048828125 -3.700000047683716
endloop
endfacet
facet normal -0.6654736233201474 -0.23904857433319443 -0.7071072307468094
outer loop
vertex -37.66856384277344 -51.515811920166016 -5.699999809265137
vertex -38.65277862548828 -54.691925048828125 -3.700000047683716
vertex -39.65061950683594 -51.914093017578125 -3.700000047683716
endloop
endfacet
facet normal -0.5284380294283053 -0.4698429907187778 -0.7071073561534796
outer loop
vertex -36.90123748779297 -53.651939392089844 -5.699999809265137
vertex -33.3238410949707 -57.675479888916016 -5.699999809265137
vertex -34.56355285644531 -59.291133880615234 -3.700000047683716
endloop
endfacet
facet normal -0.5284390555818335 -0.4698431148677157 -0.7071065067917154
outer loop
vertex -38.65277862548828 -54.691925048828125 -3.700000047683716
vertex -36.90123748779297 -53.651939392089844 -5.699999809265137
vertex -34.56355285644531 -59.291133880615234 -3.700000047683716
endloop
endfacet
facet normal -0.31705367809926444 -0.632041078448689 -0.7071075168297578
outer loop
vertex -31.092815399169922 -58.794639587402344 -5.699999809265137
vertex -34.56355285644531 -59.291133880615234 -3.700000047683716
vertex -33.3238410949707 -57.675479888916016 -5.699999809265137
endloop
endfacet
facet normal -0.31705312775492794 -0.6320421307440253 -0.7071068230086383
outer loop
vertex -34.56355285644531 -59.291133880615234 -3.700000047683716
vertex -31.092815399169922 -58.794639587402344 -5.699999809265137
vertex -31.58671760559082 -60.7844123840332 -3.700000047683716
endloop
endfacet
facet normal -0.015533246987888164 -0.7075220403098336 -0.7065205451462989
outer loop
vertex -31.092815399169922 -58.794639587402344 -5.699999809265137
vertex -19.968833923339844 -59.03886032104492 -5.699999809265137
vertex -20.012065887451172 -61.03507995605469 -3.700000047683716
endloop
endfacet
facet normal -0.015309935803052854 -0.7069409629588037 -0.7071068382900747
outer loop
vertex -31.58671760559082 -60.7844123840332 -3.700000047683716
vertex -31.092815399169922 -58.794639587402344 -5.699999809265137
vertex -20.012065887451172 -61.03507995605469 -3.700000047683716
endloop
endfacet
facet normal -0.2994061170732238 -0.6420762358911506 -0.7057578085738667
outer loop
vertex -19.012065887451172 -59.30302810668945 -5.699999809265137
vertex -20.012065887451172 -61.03507995605469 -3.700000047683716
vertex -19.328025817871094 -59.15569305419922 -5.699999809265137
endloop
endfacet
facet normal -0.18335866568617137 -0.6843139514133353 -0.7057577598715117
outer loop
vertex -19.664770126342773 -59.06546401977539 -5.699999809265137
vertex -19.328025817871094 -59.15569305419922 -5.699999809265137
vertex -20.012065887451172 -61.03507995605469 -3.700000047683716
endloop
endfacet
facet normal -0.06174936365992939 -0.7057569763819159 -0.7057578241690625
outer loop
vertex -20.012065887451172 -61.03507995605469 -3.700000047683716
vertex -19.968833923339844 -59.03886032104492 -5.699999809265137
vertex -19.664770126342773 -59.06546401977539 -5.699999809265137
endloop
endfacet
facet normal -0.4063501900585089 -0.5803321304078715 -0.7057578490216563
outer loop
vertex -20.012065887451172 -61.03507995605469 -3.700000047683716
vertex -19.012065887451172 -59.30302810668945 -5.699999809265137
vertex -18.839963912963867 -59.42353439331055 -5.699999809265137
endloop
endfacet
facet normal -0.41667463817846156 -0.5728941638340518 -0.7058147936560489
outer loop
vertex -18.839963912963867 -59.42353439331055 -5.699999809265137
vertex -17.37055206298828 -60.49225997924805 -5.699999809265137
vertex -18.542652130126953 -62.10380554199219 -3.700000047683716
endloop
endfacet
facet normal -0.41667593053607327 -0.5728938985589954 -0.7058142460348708
outer loop
vertex -18.839963912963867 -59.42353439331055 -5.699999809265137
vertex -18.542652130126953 -62.10380554199219 -3.700000047683716
vertex -19.350505828857422 -61.516239166259766 -3.700000047683716
endloop
endfacet
facet normal -0.41667254937221765 -0.5728954373742595 -0.7058149930650474
outer loop
vertex -20.012065887451172 -61.03507995605469 -3.700000047683716
vertex -18.839963912963867 -59.42353439331055 -5.699999809265137
vertex -19.350505828857422 -61.516239166259766 -3.700000047683716
endloop
endfacet
facet normal -0.6420765133695088 -0.29940624646396147 -0.7057575012407707
outer loop
vertex -16.663267135620117 -61.41976547241211 -5.699999809265137
vertex -18.542652130126953 -62.10380554199219 -3.700000047683716
vertex -16.81060218811035 -61.10380554199219 -5.699999809265137
endloop
endfacet
facet normal -0.5803309326872961 -0.40635258422878595 -0.7057574554029736
outer loop
vertex -17.01056480407715 -60.81822967529297 -5.699999809265137
vertex -16.81060218811035 -61.10380554199219 -5.699999809265137
vertex -18.542652130126953 -62.10380554199219 -3.700000047683716
endloop
endfacet
facet normal -0.4063557262694466 -0.5803284176616301 -0.705757714362641
outer loop
vertex -18.542652130126953 -62.10380554199219 -3.700000047683716
vertex -17.37055206298828 -60.49225997924805 -5.699999809265137
vertex -17.257078170776367 -60.57171630859375 -5.699999809265137
endloop
endfacet
facet normal -0.5009522798588242 -0.5009522798588242 -0.7057574842738068
outer loop
vertex -17.257078170776367 -60.57171630859375 -5.699999809265137
vertex -17.01056480407715 -60.81822967529297 -5.699999809265137
vertex -18.542652130126953 -62.10380554199219 -3.700000047683716
endloop
endfacet
facet normal -0.6678073693970635 -0.2325555217241882 -0.7070723065532722
outer loop
vertex -16.663267135620117 -61.41976547241211 -5.699999809265137
vertex -16.444435119628906 -62.04816436767578 -5.699999809265137
vertex -18.542652130126953 -62.10380554199219 -3.700000047683716
endloop
endfacet
facet normal -0.6678455679035371 -0.2323419485727337 -0.7071064392048958
outer loop
vertex -18.542652130126953 -62.10380554199219 -3.700000047683716
vertex -16.444435119628906 -62.04816436767578 -5.699999809265137
vertex -18.157604217529297 -63.21059036254883 -3.700000047683716
endloop
endfacet
facet normal -0.4626630142191045 -0.5347358203150223 -0.7071071614300853
outer loop
vertex -16.444435119628906 -62.04816436767578 -5.699999809265137
vertex -13.307533264160156 -64.76226806640625 -5.699999809265137
vertex -14.333253860473633 -66.51949310302734 -3.700000047683716
endloop
endfacet
facet normal -0.4626640074453151 -0.5347359535307513 -0.7071064108153734
outer loop
vertex -16.444435119628906 -62.04816436767578 -5.699999809265137
vertex -14.333253860473633 -66.51949310302734 -3.700000047683716
vertex -18.157604217529297 -63.21059036254883 -3.700000047683716
endloop
endfacet
facet normal -0.2381153314080262 -0.6658086298183609 -0.7071067510693435
outer loop
vertex -13.307533264160156 -64.76226806640625 -5.699999809265137
vertex -12.75208568572998 -64.9609146118164 -5.699999809265137
vertex -13.098959922790527 -66.9609146118164 -3.700000047683716
endloop
endfacet
facet normal -0.23811372769232486 -0.665808812479517 -0.7071071191192185
outer loop
vertex -14.333253860473633 -66.51949310302734 -3.700000047683716
vertex -13.307533264160156 -64.76226806640625 -5.699999809265137
vertex -13.098959922790527 -66.9609146118164 -3.700000047683716
endloop
endfacet
facet normal 0 0 1
outer loop
vertex -7.712859153747559 -64.5609130859375 -1.9500000476837158
vertex 0.2871410846710205 -64.0609130859375 -1.9500000476837158
vertex -7.712859153747559 -64.0609130859375 -1.9500000476837158
endloop
endfacet
facet normal 0 0 1
outer loop
vertex 0.2871410846710205 -64.0609130859375 -1.9500000476837158
vertex -7.712859153747559 -64.5609130859375 -1.9500000476837158
vertex 0.2871410846710205 -64.5609130859375 -1.9500000476837158
endloop
endfacet
facet normal 1 0 0
outer loop
vertex -7.712859153747559 -64.0609130859375 -1.9500000476837158
vertex -7.712859153747559 -64.0609130859375 -0.44999998807907104
vertex -7.712859153747559 -64.5609130859375 -1.9500000476837158
endloop
endfacet
facet normal 0 1 0
outer loop
vertex 0.2871410846710205 -64.5609130859375 -1.9500000476837158
vertex -7.712859153747559 -64.5609130859375 -1.9500000476837158
vertex -7.712859153747559 -64.5609130859375 -0.44999998807907104
endloop
endfacet
facet normal 1 0 0
outer loop
vertex -7.712859153747559 -64.5609130859375 -0.44999998807907104
vertex -7.712859153747559 -64.5609130859375 -1.9500000476837158
vertex -7.712859153747559 -64.0609130859375 -0.44999998807907104
endloop
endfacet
facet normal 0 1 0
outer loop
vertex 0.2871410846710205 -64.5609130859375 -1.9500000476837158
vertex -7.712859153747559 -64.5609130859375 -0.44999998807907104
vertex 0.2871410846710205 -64.5609130859375 -0.44999998807907104
endloop
endfacet
facet normal -1 0 0
outer loop
vertex 0.2871410846710205 -64.0609130859375 -0.44999998807907104
vertex 0.2871410846710205 -64.0609130859375 -1.9500000476837158
vertex 0.2871410846710205 -64.5609130859375 -0.44999998807907104
endloop
endfacet
facet normal -1 0 0
outer loop
vertex 0.2871410846710205 -64.0609130859375 -1.9500000476837158
vertex 0.2871410846710205 -64.5609130859375 -1.9500000476837158
vertex 0.2871410846710205 -64.5609130859375 -0.44999998807907104
endloop
endfacet
facet normal -0.9807850135586839 0 -0.19509166352946058
outer loop
vertex 23.365249633789062 -64.0609130859375 -4.949999809265137
vertex 23.365249633789062 -65.7109146118164 -4.949999809265137
vertex 23.251068115234375 -64.0609130859375 -4.375974655151367
endloop
endfacet
facet normal -0.19509040787318935 0 -0.9807852633251953
outer loop
vertex 21.865249633789062 -64.0609130859375 -3.450000047683716
vertex 22.439273834228516 -66.9609146118164 -3.564180612564087
vertex 21.865249633789062 -66.9609146118164 -3.450000047683716
endloop
endfacet
facet normal -0.5555703047945764 0 -0.8314695643440364
outer loop
vertex 22.9259090423584 -64.0609130859375 -3.8893399238586426
vertex 22.9259090423584 -66.77157592773438 -3.8893399238586426
vertex 22.439273834228516 -64.0609130859375 -3.564180612564087
endloop
endfacet
facet normal -0.19509040787318935 0 -0.9807852633251953
outer loop
vertex 22.439273834228516 -66.9609146118164 -3.564180612564087
vertex 21.865249633789062 -64.0609130859375 -3.450000047683716
vertex 22.439273834228516 -64.0609130859375 -3.564180612564087
endloop
endfacet
facet normal -0.5555702319973101 1.890385462313232e-8 -0.8314696129856188
outer loop
vertex 22.9259090423584 -66.77157592773438 -3.8893399238586426
vertex 22.642541885375977 -66.9609146118164 -3.700000047683716
vertex 22.439273834228516 -64.0609130859375 -3.564180612564087
endloop
endfacet
facet normal -0.8314695010489663 0 -0.5555703995223136
outer loop
vertex 22.9259090423584 -64.0609130859375 -3.8893399238586426
vertex 23.251068115234375 -66.28494262695312 -4.375974655151367
vertex 22.9259090423584 -66.77157592773438 -3.8893399238586426
endloop
endfacet
facet normal 0.8314695010489662 0 -0.5555703995223135
outer loop
vertex 8.80458927154541 -66.77157592773438 -3.8893399238586426
vertex 8.479430198669434 -66.28494262695312 -4.375974655151367
vertex 8.479430198669434 -64.0609130859375 -4.375974655151367
endloop
endfacet
facet normal -0.5555704184514964 0 -0.8314694884008849
outer loop
vertex 22.439273834228516 -64.0609130859375 -3.564180612564087
vertex 22.642541885375977 -66.9609146118164 -3.700000047683716
vertex 22.439273834228516 -66.9609146118164 -3.564180612564087
endloop
endfacet
facet normal 0.9807853253427457 0 -0.1950900960897925
outer loop
vertex 8.479430198669434 -66.28494262695312 -4.375974655151367
vertex 8.365249633789062 -64.0609130859375 -4.949999809265137
vertex 8.479430198669434 -64.0609130859375 -4.375974655151367
endloop
endfacet
facet normal 0.9807853253427458 0 -0.1950900960897925
outer loop
vertex 8.479430198669434 -66.28494262695312 -4.375974655151367
vertex 8.365249633789062 -65.7109146118164 -4.949999809265137
vertex 8.365249633789062 -64.0609130859375 -4.949999809265137
endloop
endfacet
facet normal 0.19509009608979253 0 -0.9807853253427458
outer loop
vertex 9.291224479675293 -66.9609146118164 -3.564180612564087
vertex 9.291224479675293 -64.0609130859375 -3.564180612564087
vertex 9.865249633789062 -66.9609146118164 -3.450000047683716
endloop
endfacet
facet normal 0.5555704184514964 0 -0.8314694884008849
outer loop
vertex 9.087956428527832 -66.9609146118164 -3.700000047683716
vertex 9.291224479675293 -64.0609130859375 -3.564180612564087
vertex 9.291224479675293 -66.9609146118164 -3.564180612564087
endloop
endfacet
facet normal 0.5555703047945764 1.152322722926239e-8 -0.8314695643440363
outer loop
vertex 9.087956428527832 -66.9609146118164 -3.700000047683716
vertex 8.80458927154541 -64.0609130859375 -3.8893399238586426
vertex 9.291224479675293 -64.0609130859375 -3.564180612564087
endloop
endfacet
facet normal 0.5555702232649231 0 -0.8314696188204134
outer loop
vertex 9.087956428527832 -66.9609146118164 -3.700000047683716
vertex 8.80458927154541 -66.77157592773438 -3.8893399238586426
vertex 8.80458927154541 -64.0609130859375 -3.8893399238586426
endloop
endfacet
facet normal 1 0 0
outer loop
vertex 8.365249633789062 -65.7109146118164 -4.949999809265137
vertex 8.365249633789062 -64.9609146118164 -5.699999809265137
vertex 8.365249633789062 -64.0609130859375 -4.949999809265137
endloop
endfacet
facet normal 1 0 0
outer loop
vertex 8.365249633789062 -64.9609146118164 -5.699999809265137
vertex 8.365249633789062 -64.0609130859375 -5.699999809265137
vertex 8.365249633789062 -64.0609130859375 -4.949999809265137
endloop
endfacet
facet normal 0.19509009608979253 0 -0.9807853253427458
outer loop
vertex 9.865249633789062 -66.9609146118164 -3.450000047683716
vertex 9.291224479675293 -64.0609130859375 -3.564180612564087
vertex 9.865249633789062 -64.0609130859375 -3.450000047683716
endloop
endfacet
facet normal 0 0 -1
outer loop
vertex 9.865249633789062 -64.0609130859375 -3.450000047683716
vertex 21.865249633789062 -66.9609146118164 -3.450000047683716
vertex 9.865249633789062 -66.9609146118164 -3.450000047683716
endloop
endfacet
facet normal 0 0 -1
outer loop
vertex 21.865249633789062 -66.9609146118164 -3.450000047683716
vertex 9.865249633789062 -64.0609130859375 -3.450000047683716
vertex 21.865249633789062 -64.0609130859375 -3.450000047683716
endloop
endfacet
facet normal -1 0 0
outer loop
vertex 23.365249633789062 -64.0609130859375 -5.699999809265137
vertex 23.365249633789062 -64.9609146118164 -5.699999809265137
vertex 23.365249633789062 -64.0609130859375 -4.949999809265137
endloop
endfacet
facet normal -1 0 0
outer loop
vertex 23.365249633789062 -64.0609130859375 -4.949999809265137
vertex 23.365249633789062 -64.9609146118164 -5.699999809265137
vertex 23.365249633789062 -65.7109146118164 -4.949999809265137
endloop
endfacet
facet normal 0.8314695010489663 0 -0.5555703995223136
outer loop
vertex 8.80458927154541 -66.77157592773438 -3.8893399238586426
vertex 8.479430198669434 -64.0609130859375 -4.375974655151367
vertex 8.80458927154541 -64.0609130859375 -3.8893399238586426
endloop
endfacet
facet normal -0.8314695010489662 0 -0.5555703995223135
outer loop
vertex 23.251068115234375 -64.0609130859375 -4.375974655151367
vertex 23.251068115234375 -66.28494262695312 -4.375974655151367
vertex 22.9259090423584 -64.0609130859375 -3.8893399238586426
endloop
endfacet
facet normal -0.9807850135586839 0 -0.1950916635294606
outer loop
vertex 23.251068115234375 -66.28494262695312 -4.375974655151367
vertex 23.251068115234375 -64.0609130859375 -4.375974655151367
vertex 23.365249633789062 -65.7109146118164 -4.949999809265137
endloop
endfacet
facet normal 0 0 -1
outer loop
vertex 28.865249633789062 -64.0609130859375 -3.450000047683716
vertex 40.86524963378906 -66.9609146118164 -3.450000047683716
vertex 28.865249633789062 -66.9609146118164 -3.450000047683716
endloop
endfacet
facet normal 0.8314679956250159 0 -0.5555726525408883
outer loop
vertex 27.804590225219727 -66.77157592773438 -3.8893399238586426
vertex 27.479429244995117 -66.28494262695312 -4.375974655151367
vertex 27.479429244995117 -64.0609130859375 -4.375974655151367
endloop
endfacet
facet normal 0 0 -1
outer loop
vertex 40.86524963378906 -66.9609146118164 -3.450000047683716
vertex 28.865249633789062 -64.0609130859375 -3.450000047683716
vertex 40.86524963378906 -64.0609130859375 -3.450000047683716
endloop
endfacet
facet normal 0.9807856371245007 0 -0.19508852864862958
outer loop
vertex 27.479429244995117 -66.28494262695312 -4.375974655151367
vertex 27.365249633789062 -65.7109146118164 -4.949999809265137
vertex 27.365249633789062 -64.0609130859375 -4.949999809265137
endloop
endfacet
facet normal -1 0 0
outer loop
vertex 42.36524963378906 -64.0609130859375 -5.699999809265137
vertex 42.36524963378906 -64.9609146118164 -5.699999809265137
vertex 42.36524963378906 -64.0609130859375 -4.949999809265137
endloop
endfacet
facet normal 0.19508978430737248 0 -0.9807853873599988
outer loop
vertex 28.865249633789062 -66.9609146118164 -3.450000047683716
vertex 28.291223526000977 -66.9609146118164 -3.564180612564087
vertex 28.291223526000977 -64.0609130859375 -3.564180612564087
endloop
endfacet
facet normal -1 0 0
outer loop
vertex 42.36524963378906 -64.0609130859375 -4.949999809265137
vertex 42.36524963378906 -64.9609146118164 -5.699999809265137
vertex 42.36524963378906 -65.7109146118164 -4.949999809265137
endloop
endfacet
facet normal -0.9807850135586839 0 -0.1950916635294606
outer loop
vertex 42.251068115234375 -66.28494262695312 -4.375974655151367
vertex 42.251068115234375 -64.0609130859375 -4.375974655151367
vertex 42.36524963378906 -65.7109146118164 -4.949999809265137
endloop
endfacet
facet normal -0.9807850135586839 0 -0.19509166352946058
outer loop
vertex 42.36524963378906 -64.0609130859375 -4.949999809265137
vertex 42.36524963378906 -65.7109146118164 -4.949999809265137
vertex 42.251068115234375 -64.0609130859375 -4.375974655151367
endloop
endfacet
facet normal -0.831471006472263 0 -0.5555681464915012
outer loop
vertex 42.251068115234375 -64.0609130859375 -4.375974655151367
vertex 42.251068115234375 -66.28494262695312 -4.375974655151367
vertex 41.92591094970703 -64.0609130859375 -3.8893399238586426
endloop
endfacet
facet normal 0.5555704184514964 0 -0.8314694884008849
outer loop
vertex 28.291223526000977 -66.9609146118164 -3.564180612564087
vertex 28.087955474853516 -66.9609146118164 -3.700000047683716
vertex 28.291223526000977 -64.0609130859375 -3.564180612564087
endloop
endfacet
facet normal 0.5555718102198604 -1.4110599581378675e-7 -0.8314685584488494
outer loop
vertex 28.087955474853516 -66.9609146118164 -3.700000047683716
vertex 27.804590225219727 -64.0609130859375 -3.8893399238586426
vertex 28.291223526000977 -64.0609130859375 -3.564180612564087
endloop
endfacet
facet normal 0.5555728085823306 0 -0.8314678913607794
outer loop
vertex 28.087955474853516 -66.9609146118164 -3.700000047683716
vertex 27.804590225219727 -66.77157592773438 -3.8893399238586426
vertex 27.804590225219727 -64.0609130859375 -3.8893399238586426
endloop
endfacet
facet normal 0.8314679956250158 0 -0.5555726525408882
outer loop
vertex 27.804590225219727 -66.77157592773438 -3.8893399238586426
vertex 27.479429244995117 -64.0609130859375 -4.375974655151367
vertex 27.804590225219727 -64.0609130859375 -3.8893399238586426
endloop
endfacet
facet normal 0.9807856371245007 0 -0.19508852864862958
outer loop
vertex 27.479429244995117 -66.28494262695312 -4.375974655151367
vertex 27.365249633789062 -64.0609130859375 -4.949999809265137
vertex 27.479429244995117 -64.0609130859375 -4.375974655151367
endloop
endfacet
facet normal 1 0 0
outer loop
vertex 27.365249633789062 -64.9609146118164 -5.699999809265137
vertex 27.365249633789062 -64.0609130859375 -5.699999809265137
vertex 27.365249633789062 -64.0609130859375 -4.949999809265137
endloop
endfacet
facet normal -0.831471006472263 0 -0.5555681464915011
outer loop
vertex 41.92591094970703 -64.0609130859375 -3.8893399238586426
vertex 42.251068115234375 -66.28494262695312 -4.375974655151367
vertex 41.92591094970703 -66.77157592773438 -3.8893399238586426
endloop
endfacet
facet normal -0.5555700707562606 -3.301503694707942e-7 -0.8314697207233553
outer loop
vertex 41.92591094970703 -66.77157592773438 -3.8893399238586426
vertex 41.64254379272461 -66.9609146118164 -3.700000047683716
vertex 41.439273834228516 -64.0609130859375 -3.564180612564087
endloop
endfacet
facet normal 0.19508978430737248 0 -0.9807853873599988
outer loop
vertex 28.865249633789062 -66.9609146118164 -3.450000047683716
vertex 28.291223526000977 -64.0609130859375 -3.564180612564087
vertex 28.865249633789062 -64.0609130859375 -3.450000047683716
endloop
endfacet
facet normal 1 0 0
outer loop
vertex 27.365249633789062 -65.7109146118164 -4.949999809265137
vertex 27.365249633789062 -64.9609146118164 -5.699999809265137
vertex 27.365249633789062 -64.0609130859375 -4.949999809265137
endloop
endfacet
facet normal -0.555568799375624 0 -0.831470570231038
outer loop
vertex 41.92591094970703 -64.0609130859375 -3.8893399238586426
vertex 41.92591094970703 -66.77157592773438 -3.8893399238586426
vertex 41.439273834228516 -64.0609130859375 -3.564180612564087
endloop
endfacet
facet normal -0.5555668144038974 0 -0.8314718965383648
outer loop
vertex 41.439273834228516 -64.0609130859375 -3.564180612564087
vertex 41.64254379272461 -66.9609146118164 -3.700000047683716
vertex 41.439273834228516 -66.9609146118164 -3.564180612564087
endloop
endfacet
facet normal -0.19509040787318935 0 -0.9807852633251953
outer loop
vertex 41.439273834228516 -66.9609146118164 -3.564180612564087
vertex 40.86524963378906 -66.9609146118164 -3.450000047683716
vertex 40.86524963378906 -64.0609130859375 -3.450000047683716
endloop
endfacet
facet normal -0.19509040787318935 0 -0.9807852633251953
outer loop
vertex 41.439273834228516 -64.0609130859375 -3.564180612564087
vertex 41.439273834228516 -66.9609146118164 -3.564180612564087
vertex 40.86524963378906 -64.0609130859375 -3.450000047683716
endloop
endfacet
facet normal 0.16662187808719495 -0.9860208667886781 0
outer loop
vertex 67.8556137084961 -3.1105990409851074 -1
vertex 68.54582977294922 -2.9939634799957275 -1
vertex 67.8556137084961 -3.1105990409851074 0
endloop
endfacet
facet normal -0.1533291437494591 0.9873655142708256 -0.0399939358624004
outer loop
vertex 71.71165466308594 -21.72835922241211 3.5
vertex 71.02655029296875 -21.875255584716797 2.5
vertex 68.75359344482422 -22.228225708007812 2.5
endloop
endfacet
facet normal -0.1666222296767392 0.9860208073755604 0
outer loop
vertex 71.71165466308594 -21.72835922241211 3.5
vertex 68.75359344482422 -22.228225708007812 2.5
vertex 68.75359344482422 -22.228225708007812 3.5
endloop
endfacet
facet normal -0.2096495524947917 0.9777765926522958 0
outer loop
vertex 71.71165466308594 -21.72835922241211 3.5
vertex 71.71165466308594 -21.72835922241211 -1
vertex 71.02655029296875 -21.875255584716797 2.5
endloop
endfacet
facet normal -0.16654180650663314 0.985557099005206 0.0306762332425201
outer loop
vertex 71.02143859863281 -21.844993591308594 -1
vertex 71.02655029296875 -21.875255584716797 0
vertex 71.71165466308594 -21.72835922241211 -1
endloop
endfacet
facet normal -0.2096495524947917 0.9777765926522959 0
outer loop
vertex 71.71165466308594 -21.72835922241211 -1
vertex 71.02655029296875 -21.875255584716797 0
vertex 71.02655029296875 -21.875255584716797 2.5
endloop
endfacet
facet normal 0 0 1
outer loop
vertex 71.71165466308594 -21.72835922241211 -1
vertex 68.54582977294922 -2.9939634799957275 -1
vertex 67.8556137084961 -3.1105990409851074 -1
endloop
endfacet
facet normal 0 0 1
outer loop
vertex 67.8556137084961 -3.1105990409851074 -1
vertex 71.02143859863281 -21.844993591308594 -1
vertex 71.71165466308594 -21.72835922241211 -1
endloop
endfacet
facet normal 0.16662187808719495 -0.9860208667886781 0
outer loop
vertex 67.8556137084961 -3.1105990409851074 0
vertex 68.54582977294922 -2.9939634799957275 -1
vertex 68.54582977294922 -2.9939634799957275 3.5
endloop
endfacet
facet normal 0.16662187808719492 -0.986020866788678 0
outer loop
vertex 67.8556137084961 -3.1105990409851074 0
vertex 68.54582977294922 -2.9939634799957275 3.5
vertex 67.8556137084961 -3.1105990409851074 2.5
endloop
endfacet
facet normal -0.9860207861186396 -0.16662235546882603 0
outer loop
vertex 68.54582977294922 -2.9939634799957275 3.5
vertex 68.54582977294922 -2.9939634799957275 -1
vertex 71.71165466308594 -21.72835922241211 3.5
endloop
endfacet
facet normal -0.9860207861186396 -0.16662235546882603 0
outer loop
vertex 68.54582977294922 -2.9939634799957275 -1
vertex 71.71165466308594 -21.72835922241211 -1
vertex 71.71165466308594 -21.72835922241211 3.5
endloop
endfacet
facet normal 0 0 -1
outer loop
vertex 71.71165466308594 -21.72835922241211 3.5
vertex 68.75359344482422 -22.228225708007812 3.5
vertex 68.54582977294922 -2.9939634799957275 3.5
endloop
endfacet
facet normal 0.9860207857702598 0.16662235753043275 0
outer loop
vertex 68.75359344482422 -22.228225708007812 3.5
vertex 68.75359344482422 -22.228225708007812 2.5
vertex 65.5877685546875 -3.4938302040100098 2.5
endloop
endfacet
facet normal 0.9860207857702598 0.16662235753043275 0
outer loop
vertex 65.5877685546875 -3.4938302040100098 2.5
vertex 65.5877685546875 -3.4938302040100098 3.5
vertex 68.75359344482422 -22.228225708007812 3.5
endloop
endfacet
facet normal 0.1666223069432187 -0.9860207943186732 -3.0445589661280044e-7
outer loop
vertex 68.54582977294922 -2.9939634799957275 3.5
vertex 65.5877685546875 -3.4938302040100098 3.5
vertex 67.8556137084961 -3.1105990409851074 2.5
endloop
endfacet
facet normal 0.16662243746504762 -0.9860207722625353 0
outer loop
vertex 65.5877685546875 -3.4938302040100098 3.5
vertex 65.5877685546875 -3.4938302040100098 2.5
vertex 67.8556137084961 -3.1105990409851074 2.5
endloop
endfacet
facet normal 0 0 -1
outer loop
vertex 68.75359344482422 -22.228225708007812 3.5
vertex 65.5877685546875 -3.4938302040100098 3.5
vertex 68.54582977294922 -2.9939634799957275 3.5
endloop
endfacet
facet normal 0.6387021737805567 -0.7694540487956324 0
outer loop
vertex 61.690670013427734 62.55977249145508 -1
vertex 62.229286193847656 63.00686264038086 -1
vertex 61.690670013427734 62.55977249145508 0
endloop
endfacet
facet normal -0.7694539018565486 -0.6387023508002243 0
outer loop
vertex 62.229286193847656 63.00686264038086 -1
vertex 74.36463165283203 48.387237548828125 3.5
vertex 62.229286193847656 63.00686264038086 3.5
endloop
endfacet
facet normal 0.6387021737805567 -0.7694540487956324 0
outer loop
vertex 61.690670013427734 62.55977249145508 0
vertex 62.229286193847656 63.00686264038086 -1
vertex 62.229286193847656 63.00686264038086 3.5
endloop
endfacet
facet normal 0 0 1
outer loop
vertex 61.690670013427734 62.55977249145508 -1
vertex 73.82601165771484 47.94014358520508 -1
vertex 74.36463165283203 48.387237548828125 -1
endloop
endfacet
facet normal -0.7694539018565486 -0.6387023508002243 0
outer loop
vertex 62.229286193847656 63.00686264038086 -1
vertex 74.36463165283203 48.387237548828125 -1
vertex 74.36463165283203 48.387237548828125 3.5
endloop
endfacet
facet normal 0.5936690646832039 -0.804628205854904 0.011423308666405247
outer loop
vertex 61.67239761352539 62.581783294677734 2.5
vertex 61.690670013427734 62.55977249145508 0
vertex 62.229286193847656 63.00686264038086 3.5
endloop
endfacet
facet normal 0.7694540005271068 0.6387022319303661 0
outer loop
vertex 59.92092514038086 61.090755462646484 2.5
vertex 59.92092514038086 61.090755462646484 3.5
vertex 72.05626678466797 46.47113037109375 3.5
endloop
endfacet
facet normal 0.7694540005271068 0.6387022319303661 0
outer loop
vertex 72.05626678466797 46.47113037109375 3.5
vertex 72.05626678466797 46.47113037109375 2.5
vertex 59.92092514038086 61.090755462646484 2.5
endloop
endfacet
facet normal 0 0 -1
outer loop
vertex 72.05626678466797 46.47113037109375 3.5
vertex 59.92092514038086 61.090755462646484 3.5
vertex 62.229286193847656 63.00686264038086 3.5
endloop
endfacet
facet normal -0.6387018574475032 0.769454311374295 -7.865594629118948e-7
outer loop
vertex 74.36463165283203 48.387237548828125 3.5
vertex 73.82601165771484 47.94014358520508 2.5
vertex 72.05626678466797 46.47113037109375 3.5
endloop
endfacet
facet normal -0.6387015943077693 0.7694545297993336 0
outer loop
vertex 73.82601165771484 47.94014358520508 2.5
vertex 72.05626678466797 46.47113037109375 2.5
vertex 72.05626678466797 46.47113037109375 3.5
endloop
endfacet
facet normal -0.6387027220455601 0.7694535936959369 0
outer loop
vertex 74.36463165283203 48.387237548828125 3.5
vertex 74.36463165283203 48.387237548828125 -1
vertex 73.82601165771484 47.94014358520508 2.5
endloop
endfacet
facet normal 0.6482227430920512 -0.7614507701343644 0
outer loop
vertex 59.92092514038086 61.090755462646484 3.5
vertex 59.92092514038086 61.090755462646484 2.5
vertex 61.67239761352539 62.581783294677734 2.5
endloop
endfacet
facet normal 0.6384412945106414 -0.7691391360037962 -0.028595505431979973
outer loop
vertex 62.229286193847656 63.00686264038086 3.5
vertex 59.92092514038086 61.090755462646484 3.5
vertex 61.67239761352539 62.581783294677734 2.5
endloop
endfacet
facet normal 0 0 -1
outer loop
vertex 74.36463165283203 48.387237548828125 3.5
vertex 72.05626678466797 46.47113037109375 3.5
vertex 62.229286193847656 63.00686264038086 3.5
endloop
endfacet
facet normal -0.6387027220455601 0.769453593695937 0
outer loop
vertex 73.82601165771484 47.94014358520508 -1
vertex 73.82601165771484 47.94014358520508 0
vertex 74.36463165283203 48.387237548828125 -1
endloop
endfacet
facet normal -0.6387027220455601 0.769453593695937 0
outer loop
vertex 74.36463165283203 48.387237548828125 -1
vertex 73.82601165771484 47.94014358520508 0
vertex 73.82601165771484 47.94014358520508 2.5
endloop
endfacet
facet normal 0 0 1
outer loop
vertex 74.36463165283203 48.387237548828125 -1
vertex 62.229286193847656 63.00686264038086 -1
vertex 61.690670013427734 62.55977249145508 -1
endloop
endfacet
facet normal -0.10209876006804722 -0.9939897269054182 -0.039500202519224294
outer loop
vertex -72.09944152832031 41.45098114013672 3.5
vertex -71.39952087402344 41.418827056884766 2.5
vertex -69.11135864257812 41.18379592895508 2.5
endloop
endfacet
facet normal 0 0 -1
outer loop
vertex -70.77790832519531 22.545717239379883 3.5
vertex -70.80352020263672 22.259300231933594 3.5
vertex -73.79159545898438 22.52648162841797 3.5
endloop
endfacet
facet normal -0.08902119576551663 -0.99556886694334 0.030296169355741802
outer loop
vertex -72.09944152832031 41.45098114013672 -1
vertex -71.4022216796875 41.38863754272461 -1
vertex -71.39952087402344 41.418827056884766 0
endloop
endfacet
facet normal 0.9960261980834345 -0.08906072496594086 0
outer loop
vertex -73.79159545898438 22.52648162841797 -1
vertex -72.09944152832031 41.45098114013672 -1
vertex -72.09944152832031 41.45098114013672 3.5
endloop
endfacet
facet normal -0.04589121196274975 -0.9989464433414786 0
outer loop
vertex -72.09944152832031 41.45098114013672 -1
vertex -71.39952087402344 41.418827056884766 0
vertex -71.39952087402344 41.418827056884766 2.5
endloop
endfacet
facet normal 0 0 -1
outer loop
vertex -69.11135864257812 41.18379592895508 3.5
vertex -73.79159545898438 22.52648162841797 3.5
vertex -72.09944152832031 41.45098114013672 3.5
endloop
endfacet
facet normal -0.08906160213657931 -0.9960261196499145 0
outer loop
vertex -69.11135864257812 41.18379592895508 2.5
vertex -69.11135864257812 41.18379592895508 3.5
vertex -72.09944152832031 41.45098114013672 3.5
endloop
endfacet
facet normal 0 0 1
outer loop
vertex -73.79159545898438 22.52648162841797 -1
vertex -73.09437561035156 22.464139938354492 -1
vertex -72.09944152832031 41.45098114013672 -1
endloop
endfacet
facet normal -0.9960261678884037 0.08906106265670381 0
outer loop
vertex -70.77790832519531 22.545717239379883 2.5
vertex -69.11135864257812 41.18379592895508 3.5
vertex -69.11135864257812 41.18379592895508 2.5
endloop
endfacet
facet normal -0.04589121196274975 -0.9989464433414786 0
outer loop
vertex -72.09944152832031 41.45098114013672 3.5
vertex -72.09944152832031 41.45098114013672 -1
vertex -71.39952087402344 41.418827056884766 2.5
endloop
endfacet
facet normal 0 0 -1
outer loop
vertex -70.77790832519531 22.545717239379883 3.5
vertex -73.79159545898438 22.52648162841797 3.5
vertex -69.11135864257812 41.18379592895508 3.5
endloop
endfacet
facet normal -0.9960261678884037 0.08906106265670381 0
outer loop
vertex -70.77790832519531 22.545717239379883 2.5
vertex -70.77790832519531 22.545717239379883 3.5
vertex -69.11135864257812 41.18379592895508 3.5
endloop
endfacet
facet normal 0.9960261980834345 -0.08906072496594086 0
outer loop
vertex -73.79159545898438 22.52648162841797 3.5
vertex -73.79159545898438 22.52648162841797 -1
vertex -72.09944152832031 41.45098114013672 3.5
endloop
endfacet
facet normal 0 0 1
outer loop
vertex -72.09944152832031 41.45098114013672 -1
vertex -73.09437561035156 22.464139938354492 -1
vertex -71.4022216796875 41.38863754272461 -1
endloop
endfacet
facet normal 0.08906072673138228 0.9960261979255757 0
outer loop
vertex -76.42747497558594 -14.812019348144531 2.5
vertex -76.42747497558594 -14.812019348144531 0
vertex -77.12469482421875 -14.749676704406738 3.5
endloop
endfacet
facet normal 0 0 1
outer loop
vertex -75.45814514160156 3.8884027004241943 -1
vertex -74.73531341552734 4.112477779388428 -1
vertex -75.43253326416016 4.174820423126221 -1
endloop
endfacet
facet normal 0 0 1
outer loop
vertex -77.12469482421875 -14.749676704406738 -1
vertex -76.42747497558594 -14.812019348144531 -1
vertex -75.45814514160156 3.8884027004241943 -1
endloop
endfacet
facet normal 0 0 1
outer loop
vertex -75.45814514160156 3.8884027004241943 -1
vertex -76.42747497558594 -14.812019348144531 -1
vertex -74.73531341552734 4.112477779388428 -1
endloop
endfacet
facet normal 0 0 -1
outer loop
vertex -72.4444580078125 3.907637596130371 3.5
vertex -77.12469482421875 -14.749676704406738 3.5
vertex -75.45814514160156 3.8884027004241943 3.5
endloop
endfacet
facet normal -0.9960261972871854 0.08906073387093161 0
outer loop
vertex -74.13661193847656 -15.016860008239746 2.5
vertex -72.4444580078125 3.907637596130371 3.5
vertex -72.4444580078125 3.907637596130371 2.5
endloop
endfacet
facet normal 0.08906072673138228 0.9960261979255757 0
outer loop
vertex -76.42747497558594 -14.812019348144531 -1
vertex -77.12469482421875 -14.749676704406738 -1
vertex -76.42747497558594 -14.812019348144531 0
endloop
endfacet
facet normal 0 0 -1
outer loop
vertex -74.13661193847656 -15.016860008239746 3.5
vertex -77.12469482421875 -14.749676704406738 3.5
vertex -72.4444580078125 3.907637596130371 3.5
endloop
endfacet
facet normal 0 0 -1
outer loop
vertex -72.4444580078125 3.907637596130371 3.5
vertex -75.45814514160156 3.8884027004241943 3.5
vertex -75.43253326416016 4.174820423126221 3.5
endloop
endfacet
facet normal 0.9960261681915882 -0.0890610592660023 0
outer loop
vertex -77.12469482421875 -14.749676704406738 -1
vertex -75.45814514160156 3.8884027004241943 -1
vertex -77.12469482421875 -14.749676704406738 3.5
endloop
endfacet
facet normal 0.08906072673138228 0.9960261979255757 0
outer loop
vertex -76.42747497558594 -14.812019348144531 0
vertex -77.12469482421875 -14.749676704406738 -1
vertex -77.12469482421875 -14.749676704406738 3.5
endloop
endfacet
facet normal -0.9960261972871854 0.08906073387093161 0
outer loop
vertex -74.13661193847656 -15.016860008239746 2.5
vertex -74.13661193847656 -15.016860008239746 3.5
vertex -72.4444580078125 3.907637596130371 3.5
endloop
endfacet
facet normal 0.0890609713976124 0.9960261760484431 1.719500302173478e-7
outer loop
vertex -74.13661193847656 -15.016860008239746 3.5
vertex -76.42747497558594 -14.812019348144531 2.5
vertex -77.12469482421875 -14.749676704406738 3.5
endloop
endfacet
facet normal 0.08906104586131704 0.9960261693901865 0
outer loop
vertex -74.13661193847656 -15.016860008239746 2.5
vertex -76.42747497558594 -14.812019348144531 2.5
vertex -74.13661193847656 -15.016860008239746 3.5
endloop
endfacet
facet normal 0.9960261681915882 -0.0890610592660023 0
outer loop
vertex -77.12469482421875 -14.749676704406738 3.5
vertex -75.45814514160156 3.8884027004241943 -1
vertex -75.45814514160156 3.8884027004241943 3.5
endloop
endfacet
facet normal -0.9960257042051537 0.08906624816746114 0
outer loop
vertex -70.80352020263672 22.259300231933594 3.5
vertex -70.77790832519531 22.545717239379883 3.5
vertex -70.77790832519531 22.545717239379883 2.5
endloop
endfacet
facet normal 0.996025723936549 -0.08906602751146847 0
outer loop
vertex -75.45814514160156 3.8884027004241943 3.5
vertex -75.45814514160156 3.8884027004241943 -1
vertex -75.43253326416016 4.174820423126221 3.5
endloop
endfacet
facet normal 0.9960261749196349 -0.08906098402137927 -3.2357677096438695e-7
outer loop
vertex -75.43253326416016 4.174820423126221 3.5
vertex -75.45814514160156 3.8884027004241943 -1
vertex -73.79159545898438 22.52648162841797 3.5
endloop
endfacet
facet normal -0.9960261755355182 0.08906097713414864 0
outer loop
vertex -72.4444580078125 3.907637596130371 2.5
vertex -72.4444580078125 3.907637596130371 3.5
vertex -70.80352020263672 22.259300231933594 3.5
endloop
endfacet
facet normal -0.9960261682915313 0.08906105813566853 -0.0000014983994980202244
outer loop
vertex -70.77790832519531 22.545717239379883 2.5
vertex -72.4444580078125 3.907637596130371 2.5
vertex -70.80352020263672 22.259300231933594 3.5
endloop
endfacet
facet normal 0 0 -1
outer loop
vertex -72.4444580078125 3.907637596130371 3.5
vertex -75.43253326416016 4.174820423126221 3.5
vertex -70.80352020263672 22.259300231933594 3.5
endloop
endfacet
facet normal 0 0 -1
outer loop
vertex -70.80352020263672 22.259300231933594 3.5
vertex -75.43253326416016 4.174820423126221 3.5
vertex -73.79159545898438 22.52648162841797 3.5
endloop
endfacet
facet normal 0 0 1
outer loop
vertex -74.73531341552734 4.112477779388428 -1
vertex -73.79159545898438 22.52648162841797 -1
vertex -75.43253326416016 4.174820423126221 -1
endloop
endfacet
facet normal 0 0 1
outer loop
vertex -73.79159545898438 22.52648162841797 -1
vertex -74.73531341552734 4.112477779388428 -1
vertex -73.09437561035156 22.464139938354492 -1
endloop
endfacet
facet normal 0.9960257237224838 -0.08906602749232646 0.00002073254590758342
outer loop
vertex -75.45814514160156 3.8884027004241943 -1
vertex -75.43253326416016 4.174820423126221 -1
vertex -73.79159545898438 22.52648162841797 3.5
endloop
endfacet
facet normal 0.9960261749196869 -0.08906098402138393 0
outer loop
vertex -73.79159545898438 22.52648162841797 3.5
vertex -75.43253326416016 4.174820423126221 -1
vertex -73.79159545898438 22.52648162841797 -1
endloop
endfacet
facet normal 0.681739537165999 -0.7315949722795323 0
outer loop
vertex -50.48073196411133 50.02841567993164 0
vertex -46.78813552856445 53.46937561035156 0
vertex -46.78813552856445 53.46937561035156 2.5
endloop
endfacet
facet normal 0 0 -1
outer loop
vertex 24.4483642578125 38.73031234741211 2.5
vertex 8.78019905090332 45.9240837097168 2.5
vertex 11.174701690673828 54.117958068847656 2.5
endloop
endfacet
facet normal 0 0 -1
outer loop
vertex 24.4483642578125 38.73031234741211 2.5
vertex 11.174701690673828 54.117958068847656 2.5
vertex 11.234321594238281 54.10560989379883 2.5
endloop
endfacet
facet normal 0 0 -1
outer loop
vertex 17.542530059814453 47.71589279174805 2.5
vertex 13.223747253417969 53.23603439331055 2.5
vertex 16.5819091796875 49.69142532348633 2.5
endloop
endfacet
facet normal 0 0 -1
outer loop
vertex 24.4483642578125 38.73031234741211 2.5
vertex 11.234321594238281 54.10560989379883 2.5
vertex 13.173798561096191 53.27084732055664 2.5
endloop
endfacet
facet normal 0 0 -1
outer loop
vertex 9.184829711914062 45.52322769165039 2.5
vertex 8.980757713317871 45.72352600097656 2.5
vertex 24.4483642578125 38.73031234741211 2.5
endloop
endfacet
facet normal 0 0 -1
outer loop
vertex 8.980757713317871 45.72352600097656 2.5
vertex 8.78019905090332 45.9240837097168 2.5
vertex 24.4483642578125 38.73031234741211 2.5
endloop
endfacet
facet normal 0 0 -1
outer loop
vertex -28.626453399658203 -19.23139762878418 2.5
vertex -32.93788528442383 -19.1561279296875 2.5
vertex -28.79646110534668 -19.067222595214844 2.5
endloop
endfacet
facet normal 0 0 -1
outer loop
vertex -32.93788528442383 -19.1561279296875 2.5
vertex -32.76226043701172 -18.997997283935547 2.5
vertex -28.79646110534668 -19.067222595214844 2.5
endloop
endfacet
facet normal 0 0 -1
outer loop
vertex -28.626453399658203 -19.23139762878418 2.5
vertex -33.41462707519531 -24.605316162109375 2.5
vertex -32.93788528442383 -19.1561279296875 2.5
endloop
endfacet
facet normal 0 0 -1
outer loop
vertex -28.039941787719727 -30.422700881958008 2.5
vertex -33.41462707519531 -24.605316162109375 2.5
vertex -28.626453399658203 -19.23139762878418 2.5
endloop
endfacet
facet normal 0 0 -1
outer loop
vertex -28.039941787719727 -30.422700881958008 2.5
vertex -33.858856201171875 -24.978069305419922 2.5
vertex -33.41462707519531 -24.605316162109375 2.5
endloop
endfacet
facet normal 0 0 -1
outer loop
vertex -28.039941787719727 -30.422700881958008 2.5
vertex -38.17902374267578 -40.715248107910156 2.5
vertex -33.858856201171875 -24.978069305419922 2.5
endloop
endfacet
facet normal 0 0 -1
outer loop
vertex 24.4483642578125 38.73031234741211 2.5
vertex 13.173798561096191 53.27084732055664 2.5
vertex 13.223747253417969 53.23603439331055 2.5
endloop
endfacet
facet normal 0 0 -1
outer loop
vertex 13.223747253417969 53.23603439331055 2.5
vertex 17.542530059814453 47.71589279174805 2.5
vertex 24.4483642578125 38.73031234741211 2.5
endloop
endfacet
facet normal 0 0 -1
outer loop
vertex 37.90684127807617 20.133237838745117 2.5
vertex 56.21444320678711 13.503351211547852 2.5
vertex 37.90949630737305 20.091520309448242 2.5
endloop
endfacet
facet normal 0 0 -1
outer loop
vertex 11.226277351379395 35.13542556762695 2.5
vertex 9.1902494430542 45.23279571533203 2.5
vertex 24.4483642578125 38.73031234741211 2.5
endloop
endfacet
facet normal 0 0 -1
outer loop
vertex 11.090030670166016 35.161476135253906 2.5
vertex 9.1902494430542 45.23279571533203 2.5
vertex 11.226277351379395 35.13542556762695 2.5
endloop
endfacet
facet normal 0 0 -1
outer loop
vertex 9.415665626525879 36.416812896728516 2.5
vertex 9.35246467590332 36.5402946472168 2.5
vertex 11.090030670166016 35.161476135253906 2.5
endloop
endfacet
facet normal 0.3654381472384298 -0.9308356248784978 0
outer loop
vertex -46.74026870727539 53.49952697753906 0
vertex -44.916568756103516 54.21549606323242 0
vertex -44.916568756103516 54.21549606323242 2.5
endloop
endfacet
facet normal -0.2028107072042135 -0.9792179619693089 0
outer loop
vertex 11.174701690673828 54.117958068847656 0
vertex 11.234321594238281 54.10560989379883 0
vertex 11.234321594238281 54.10560989379883 2.5
endloop
endfacet
facet normal -0.0018796370417231327 -0.9999982334807354 0
outer loop
vertex 11.174701690673828 54.117958068847656 0
vertex 11.174701690673828 54.117958068847656 2.5
vertex 11.144259452819824 54.11801528930664 0.800000011920929
endloop
endfacet
facet normal -0.5717948980026236 -0.8203966081220527 0
outer loop
vertex 13.173798561096191 53.27084732055664 0
vertex 13.223747253417969 53.23603439331055 0
vertex 13.223747253417969 53.23603439331055 2.5
endloop
endfacet
facet normal -0.39534247836062775 -0.9185337907794554 0
outer loop
vertex 11.234321594238281 54.10560989379883 0
vertex 13.173798561096191 53.27084732055664 0
vertex 13.173798561096191 53.27084732055664 2.5
endloop
endfacet
facet normal 0 0 -1
outer loop
vertex 60.838951110839844 20.36188507080078 2.5
vertex 56.21444320678711 13.503351211547852 2.5
vertex 38.6552848815918 22.60480308532715 2.5
endloop
endfacet
facet normal 0 0 -1
outer loop
vertex 9.35246467590332 36.5402946472168 2.5
vertex 9.1902494430542 45.23279571533203 2.5
vertex 11.090030670166016 35.161476135253906 2.5
endloop
endfacet
facet normal -0.4125337929712672 -0.9109422976548733 0
outer loop
vertex 17.542530059814453 47.71589279174805 2.5
vertex 17.542530059814453 47.71589279174805 0
vertex 20.634140014648438 46.31581115722656 2.5
endloop
endfacet
facet normal -0.8218083621516603 -0.5697640001769201 0
outer loop
vertex 16.555599212646484 49.729373931884766 0
vertex 16.5819091796875 49.69142532348633 2.5
vertex 16.555599212646484 49.729373931884766 2.5
endloop
endfacet
facet normal -0.8993154801508069 -0.43730043123820916 0
outer loop
vertex 16.5819091796875 49.69142532348633 2.5
vertex 16.5819091796875 49.69142532348633 0
vertex 17.542530059814453 47.71589279174805 2.5
endloop
endfacet
facet normal -0.4125337929712672 -0.9109422976548733 0
outer loop
vertex 17.542530059814453 47.71589279174805 0
vertex 20.634140014648438 46.31581115722656 0
vertex 20.634140014648438 46.31581115722656 2.5
endloop
endfacet
facet normal -0.8218083621516603 -0.5697640001769201 0
outer loop
vertex 16.555599212646484 49.729373931884766 0
vertex 16.5819091796875 49.69142532348633 0
vertex 16.5819091796875 49.69142532348633 2.5
endloop
endfacet
facet normal -0.8993154801508069 -0.43730043123820916 0
outer loop
vertex 16.5819091796875 49.69142532348633 0
vertex 17.542530059814453 47.71589279174805 0
vertex 17.542530059814453 47.71589279174805 2.5
endloop
endfacet
facet normal -0.7249452844999691 -0.688806456474719 0
outer loop
vertex 13.223747253417969 53.23603439331055 0
vertex 16.555599212646484 49.729373931884766 0
vertex 16.555599212646484 49.729373931884766 2.5
endloop
endfacet
facet normal -0.2028107072042135 -0.9792179619693089 0
outer loop
vertex 11.174701690673828 54.117958068847656 2.5
vertex 11.174701690673828 54.117958068847656 0
vertex 11.234321594238281 54.10560989379883 2.5
endloop
endfacet
facet normal -0.39534247836062775 -0.9185337907794554 0
outer loop
vertex 13.173798561096191 53.27084732055664 2.5
vertex 11.234321594238281 54.10560989379883 2.5
vertex 11.234321594238281 54.10560989379883 0
endloop
endfacet
facet normal -0.7249452844999691 -0.688806456474719 0
outer loop
vertex 13.223747253417969 53.23603439331055 2.5
vertex 13.223747253417969 53.23603439331055 0
vertex 16.555599212646484 49.729373931884766 2.5
endloop
endfacet
facet normal -0.5717948980026236 -0.8203966081220527 0
outer loop
vertex 13.173798561096191 53.27084732055664 2.5
vertex 13.173798561096191 53.27084732055664 0
vertex 13.223747253417969 53.23603439331055 2.5
endloop
endfacet
facet normal 0 0 -1
outer loop
vertex 60.838951110839844 20.36188507080078 2.5
vertex 45.29096221923828 24.898168563842773 2.5
vertex 46.98682403564453 25.35257339477539 2.5
endloop
endfacet
facet normal 0 0 -1
outer loop
vertex 11.174701690673828 54.117958068847656 2.5
vertex 8.78019905090332 45.9240837097168 2.5
vertex -7.855705261230469 54.15463638305664 2.5
endloop
endfacet
facet normal 0 0 -1
outer loop
vertex 60.838951110839844 20.36188507080078 2.5
vertex 46.98682403564453 25.35257339477539 2.5
vertex 47.27678298950195 25.85478973388672 2.5
endloop
endfacet
facet normal 0 0 -1
outer loop
vertex 13.223747253417969 53.23603439331055 2.5
vertex 16.555599212646484 49.729373931884766 2.5
vertex 16.5819091796875 49.69142532348633 2.5
endloop
endfacet
facet normal 0.264546202271233 -0.9643730123058545 0
outer loop
vertex 20.634140014648438 46.31581115722656 2.5
vertex 20.634140014648438 46.31581115722656 0
vertex 37.367671966552734 50.90614318847656 2.5
endloop
endfacet
facet normal 0.264546202271233 -0.9643730123058545 0
outer loop
vertex 37.367671966552734 50.90614318847656 2.5
vertex 20.634140014648438 46.31581115722656 0
vertex 37.367671966552734 50.90614318847656 0
endloop
endfacet
facet normal 0 0 -1
outer loop
vertex 24.4483642578125 38.73031234741211 2.5
vertex 17.542530059814453 47.71589279174805 2.5
vertex 20.634140014648438 46.31581115722656 2.5
endloop
endfacet
facet normal 0 0 -1
outer loop
vertex 41.62907409667969 43.401493072509766 2.5
vertex 24.4483642578125 38.73031234741211 2.5
vertex 20.634140014648438 46.31581115722656 2.5
endloop
endfacet
facet normal 0 0 -1
outer loop
vertex 41.62907409667969 43.401493072509766 2.5
vertex 20.634140014648438 46.31581115722656 2.5
vertex 37.367671966552734 50.90614318847656 2.5
endloop
endfacet
facet normal 0 0 -1
outer loop
vertex -11.47953987121582 -47.616676330566406 2.5
vertex -35.99972152709961 -53.49820327758789 2.5
vertex -11.593670845031738 -47.57543182373047 2.5
endloop
endfacet
facet normal 0 0 -1
outer loop
vertex -9.635990142822266 -50.337371826171875 2.5
vertex -32.574092864990234 -57.17435073852539 2.5
vertex -9.854517936706543 -50.14060592651367 2.5
endloop
endfacet
facet normal 0 0 -1
outer loop
vertex -10.151291847229004 -48.84394073486328 2.5
vertex -32.574092864990234 -57.17435073852539 2.5
vertex -11.47953987121582 -47.616676330566406 2.5
endloop
endfacet
facet normal 0 0 -1
outer loop
vertex -10.121418952941895 -48.90980911254883 2.5
vertex -32.574092864990234 -57.17435073852539 2.5
vertex -10.151291847229004 -48.84394073486328 2.5
endloop
endfacet
facet normal 0 0 -1
outer loop
vertex -32.574092864990234 -57.17435073852539 2.5
vertex -10.121418952941895 -48.90980911254883 2.5
vertex -10.082656860351562 -49.6494255065918 2.5
endloop
endfacet
facet normal 0 0 -1
outer loop
vertex -10.066939353942871 -49.9493408203125 2.5
vertex -32.574092864990234 -57.17435073852539 2.5
vertex -10.082656860351562 -49.6494255065918 2.5
endloop
endfacet
facet normal 0 0 -1
outer loop
vertex -10.066939353942871 -49.9493408203125 2.5
vertex -9.854517936706543 -50.14060592651367 2.5
vertex -32.574092864990234 -57.17435073852539 2.5
endloop
endfacet
facet normal 0 0 -1
outer loop
vertex -18.606342315673828 -58.15000534057617 2.5
vertex -30.517065048217773 -58.07674026489258 2.5
vertex -9.635990142822266 -50.337371826171875 2.5
endloop
endfacet
facet normal 0.466691688633852 -0.8844200742634032 0
outer loop
vertex 37.367671966552734 50.90614318847656 0
vertex 38.27666091918945 51.385799407958984 0
vertex 38.27666091918945 51.385799407958984 2.5
endloop
endfacet
facet normal 0.466691688633852 -0.8844200742634032 0
outer loop
vertex 37.367671966552734 50.90614318847656 2.5
vertex 37.367671966552734 50.90614318847656 0
vertex 38.27666091918945 51.385799407958984 2.5
endloop
endfacet
facet normal 0 0 -1
outer loop
vertex 60.838951110839844 20.36188507080078 2.5
vertex 47.27678298950195 25.85478973388672 2.5
vertex 60.73797607421875 24.902748107910156 2.5
endloop
endfacet
facet normal 0 0 -1
outer loop
vertex -7.855705261230469 54.15463638305664 2.5
vertex 8.78019905090332 45.9240837097168 2.5
vertex -25.83272361755371 54.18928909301758 2.5
endloop
endfacet
facet normal 0 0 -1
outer loop
vertex 53.842735290527344 30.366918563842773 2.5
vertex 47.27678298950195 25.85478973388672 2.5
vertex 53.48933792114258 30.788082122802734 2.5
endloop
endfacet
facet normal 0 0 -1
outer loop
vertex 60.73797607421875 24.902748107910156 2.5
vertex 47.27678298950195 25.85478973388672 2.5
vertex 53.842735290527344 30.366918563842773 2.5
endloop
endfacet
facet normal 0 0 -1
outer loop
vertex 47.27678298950195 25.85478973388672 2.5
vertex 47.98930358886719 37.342742919921875 2.5
vertex 53.48933792114258 30.788082122802734 2.5
endloop
endfacet
facet normal 0 0 -1
outer loop
vertex 60.73797607421875 24.902748107910156 2.5
vertex 53.842735290527344 30.366918563842773 2.5
vertex 54.42042922973633 30.31637954711914 2.5
endloop
endfacet
facet normal 0 1 0
outer loop
vertex 0.2871410846710205 -64.0609130859375 1.350000023841858
vertex -7.712859153747559 -64.0609130859375 1.350000023841858
vertex -12.76488971710205 -64.0609130859375 2.5
endloop
endfacet
facet normal 0 0 -1
outer loop
vertex 47.27678298950195 25.85478973388672 2.5
vertex 44.662620544433594 35.61097717285156 2.5
vertex 44.74760055541992 35.80410385131836 2.5
endloop
endfacet
facet normal 0.5310098483045758 0.847365647753601 -0.0000032667139018113414
outer loop
vertex -75.03284454345703 -17.620447158813477 0.800000011920929
vertex -58.932899475097656 -27.709632873535156 0.800000011920929
vertex -75.06803131103516 -17.598400115966797 0
endloop
endfacet
facet normal 0.5329777975333783 -0.846129226144842 0
outer loop
vertex -46.78813552856445 53.46937561035156 0
vertex -46.74026870727539 53.49952697753906 0
vertex -46.74026870727539 53.49952697753906 2.5
endloop
endfacet
facet normal 0 0 -1
outer loop
vertex -42.79970169067383 45.9240837097168 2.5
vertex -50.48073196411133 50.02841567993164 2.5
vertex -46.78813552856445 53.46937561035156 2.5
endloop
endfacet
facet normal 0.3367375276589765 0.9415985543033295 0
outer loop
vertex -12.76488971710205 -64.0609130859375 2.5
vertex -12.76488971710205 -64.0609130859375 0
vertex -12.862874984741211 -64.02587127685547 2.5
endloop
endfacet
facet normal 0.6341549362674643 0.773205998946987 0
outer loop
vertex -12.862874984741211 -64.02587127685547 2.5
vertex -12.862874984741211 -64.02587127685547 0
vertex -15.708566665649414 -61.69194030761719 2.5
endloop
endfacet
facet normal 0 1 0
outer loop
vertex 44.66649627685547 -64.0609130859375 0
vertex 0.2871410846710205 -64.0609130859375 0
vertex 0.2871410846710205 -64.0609130859375 1.350000023841858
endloop
endfacet
facet normal 0 1 0
outer loop
vertex 44.66649627685547 -64.0609130859375 0
vertex 0.2871410846710205 -64.0609130859375 1.350000023841858
vertex 25.609939575195312 -64.0609130859375 0.800000011920929
endloop
endfacet
facet normal 0.6365297149272847 0.771252177964244 0
outer loop
vertex -16.026161193847656 -60.27947998046875 2.5
vertex -16.026161193847656 -60.27947998046875 0
vertex -18.606342315673828 -58.15000534057617 2.5
endloop
endfacet
facet normal 0.9806649366389788 0.19569435875075106 0
outer loop
vertex -15.762106895446777 -61.60271072387695 2.5
vertex -15.762106895446777 -61.60271072387695 0
vertex -16.026161193847656 -60.27947998046875 2.5
endloop
endfacet
facet normal 0.8574824131274099 0.5145132759970279 0
outer loop
vertex -15.708566665649414 -61.69194030761719 2.5
vertex -15.708566665649414 -61.69194030761719 0
vertex -15.762106895446777 -61.60271072387695 2.5
endloop
endfacet
facet normal 0 1 0
outer loop
vertex 44.60993957519531 -64.0609130859375 0.800000011920929
vertex 44.66649627685547 -64.0609130859375 0
vertex 25.609939575195312 -64.0609130859375 0.800000011920929
endloop
endfacet
facet normal -0.0019276080657514647 -0.9999981421618468 0
outer loop
vertex -25.83272361755371 54.18928909301758 2.5
vertex -25.83272361755371 54.18928909301758 0.800000011920929
vertex -7.855705261230469 54.15463638305664 2.5
endloop
endfacet
facet normal -0.0019276080657514647 -0.9999981421618468 0
outer loop
vertex -7.855705261230469 54.15463638305664 0.800000011920929
vertex -7.855705261230469 54.15463638305664 2.5
vertex -25.83272361755371 54.18928909301758 0.800000011920929
endloop
endfacet
facet normal 0 0 -1
outer loop
vertex -25.83272361755371 54.18928909301758 2.5
vertex 8.78019905090332 45.9240837097168 2.5
vertex -44.8609733581543 54.2259635925293 2.5
endloop
endfacet
facet normal -0.0019274260829443004 -0.9999981425116536 0.0000013918419147459527
outer loop
vertex -44.83268737792969 54.22591018676758 0.800000011920929
vertex -44.8609733581543 54.2259635925293 0
vertex -25.83272361755371 54.18928909301758 0.800000011920929
endloop
endfacet
facet normal -0.0019276080657199264 -0.9999981421454853 0.000005720375765416948
outer loop
vertex -44.8609733581543 54.2259635925293 0
vertex -7.855705261230469 54.15463638305664 0.800000011920929
vertex -25.83272361755371 54.18928909301758 0.800000011920929
endloop
endfacet
facet normal 0.6341549362674643 0.773205998946987 0
outer loop
vertex -12.862874984741211 -64.02587127685547 0
vertex -15.708566665649414 -61.69194030761719 0
vertex -15.708566665649414 -61.69194030761719 2.5
endloop
endfacet
facet normal 0 1 0
outer loop
vertex -7.712859153747559 -64.0609130859375 1.350000023841858
vertex -12.76488971710205 -64.0609130859375 0
vertex -12.76488971710205 -64.0609130859375 2.5
endloop
endfacet
facet normal 0.3367375276589765 0.9415985543033295 0
outer loop
vertex -12.76488971710205 -64.0609130859375 0
vertex -12.862874984741211 -64.02587127685547 0
vertex -12.862874984741211 -64.02587127685547 2.5
endloop
endfacet
facet normal 0.9806649366389788 0.19569435875075106 0
outer loop
vertex -15.762106895446777 -61.60271072387695 0
vertex -16.026161193847656 -60.27947998046875 0
vertex -16.026161193847656 -60.27947998046875 2.5
endloop
endfacet
facet normal 0.8574824131274099 0.5145132759970279 0
outer loop
vertex -15.708566665649414 -61.69194030761719 0
vertex -15.762106895446777 -61.60271072387695 0
vertex -15.762106895446777 -61.60271072387695 2.5
endloop
endfacet
facet normal 0.6365297149272847 0.771252177964244 0
outer loop
vertex -16.026161193847656 -60.27947998046875 0
vertex -18.606342315673828 -58.15000534057617 0
vertex -18.606342315673828 -58.15000534057617 2.5
endloop
endfacet
facet normal 0 0 -1
outer loop
vertex -11.593670845031738 -47.57543182373047 2.5
vertex -36.02899169921875 -53.452518463134766 2.5
vertex -19.544721603393555 -47.992122650146484 2.5
endloop
endfacet
facet normal 0 0 -1
outer loop
vertex -36.02899169921875 -53.452518463134766 2.5
vertex -26.688932418823242 -48.36653518676758 2.5
vertex -19.544721603393555 -47.992122650146484 2.5
endloop
endfacet
facet normal -0.0019274385998880599 -0.9999981424862524 -0.000002118565177087416
outer loop
vertex -44.8609733581543 54.2259635925293 0
vertex 11.174701690673828 54.117958068847656 0
vertex -7.855705261230469 54.15463638305664 0.800000011920929
endloop
endfacet
facet normal 0 0 -1
outer loop
vertex -27.11988067626953 -47.97850799560547 2.5
vertex -37.008689880371094 -42.759971618652344 2.5
vertex -28.039941787719727 -30.422700881958008 2.5
endloop
endfacet
facet normal 0 0 -1
outer loop
vertex -37.008689880371094 -42.759971618652344 2.5
vertex -38.17902374267578 -40.715248107910156 2.5
vertex -28.039941787719727 -30.422700881958008 2.5
endloop
endfacet
facet normal 0 0 -1
outer loop
vertex -74.13661193847656 -15.016860008239746 2.5
vertex -72.4444580078125 3.907637596130371 2.5
vertex -63.44361114501953 38.33127212524414 2.5
endloop
endfacet
facet normal 0 0 -1
outer loop
vertex -66.35367584228516 5.069096565246582 2.5
vertex -74.13661193847656 -15.016860008239746 2.5
vertex -64.97579956054688 20.81827163696289 2.5
endloop
endfacet
facet normal 0 0 -1
outer loop
vertex -64.97579956054688 20.81827163696289 2.5
vertex -74.13661193847656 -15.016860008239746 2.5
vertex -63.44361114501953 38.33127212524414 2.5
endloop
endfacet
facet normal 0 0 -1
outer loop
vertex -26.688932418823242 -48.36653518676758 2.5
vertex -36.75310516357422 -51.66236877441406 2.5
vertex -27.11988067626953 -47.97850799560547 2.5
endloop
endfacet
facet normal 0 0 -1
outer loop
vertex -36.75310516357422 -51.66236877441406 2.5
vertex -37.008689880371094 -42.759971618652344 2.5
vertex -27.11988067626953 -47.97850799560547 2.5
endloop
endfacet
facet normal 0.8678917900975671 0.496753299617869 0
outer loop
vertex -38.17902374267578 -40.715248107910156 2.5
vertex -37.008689880371094 -42.759971618652344 0
vertex -38.17902374267578 -40.715248107910156 0
endloop
endfacet
facet normal 0.8678917900975671 0.496753299617869 0
outer loop
vertex -37.008689880371094 -42.759971618652344 2.5
vertex -37.008689880371094 -42.759971618652344 0
vertex -38.17902374267578 -40.715248107910156 2.5
endloop
endfacet
facet normal 0.999588132557233 0.028697826585708856 0
outer loop
vertex -36.75310516357422 -51.66236877441406 2.5
vertex -36.75310516357422 -51.66236877441406 0
vertex -37.008689880371094 -42.759971618652344 2.5
endloop
endfacet
facet normal 0.999588132557233 0.028697826585708856 0
outer loop
vertex -36.75310516357422 -51.66236877441406 0
vertex -37.008689880371094 -42.759971618652344 0
vertex -37.008689880371094 -42.759971618652344 2.5
endloop
endfacet
facet normal 0 0 -1
outer loop
vertex -30.5770206451416 -58.0639762878418 2.5
vertex -32.52409744262695 -57.20982360839844 2.5
vertex -9.635990142822266 -50.337371826171875 2.5
endloop
endfacet
facet normal 0 0 -1
outer loop
vertex -30.517065048217773 -58.07674026489258 2.5
vertex -30.5770206451416 -58.0639762878418 2.5
vertex -9.635990142822266 -50.337371826171875 2.5
endloop
endfacet
facet normal 0 0 -1
outer loop
vertex -32.574092864990234 -57.17435073852539 2.5
vertex -35.99972152709961 -53.49820327758789 2.5
vertex -11.47953987121582 -47.616676330566406 2.5
endloop
endfacet
facet normal 0 0 -1
outer loop
vertex -35.99972152709961 -53.49820327758789 2.5
vertex -36.02899169921875 -53.452518463134766 2.5
vertex -11.593670845031738 -47.57543182373047 2.5
endloop
endfacet
facet normal 0 0 -1
outer loop
vertex -32.52409744262695 -57.20982360839844 2.5
vertex -32.574092864990234 -57.17435073852539 2.5
vertex -9.635990142822266 -50.337371826171875 2.5
endloop
endfacet
facet normal 0 0 -1
outer loop
vertex -63.44361114501953 38.33127212524414 2.5
vertex -72.4444580078125 3.907637596130371 2.5
vertex -70.77790832519531 22.545717239379883 2.5
endloop
endfacet
facet normal 0 0 -1
outer loop
vertex -44.916568756103516 54.21549606323242 2.5
vertex -44.8609733581543 54.2259635925293 2.5
vertex 8.78019905090332 45.9240837097168 2.5
endloop
endfacet
facet normal 0.9580701119495799 -0.2865338733708798 0
outer loop
vertex -71.39952087402344 41.418827056884766 0
vertex -71.38214874267578 41.47691345214844 0
vertex -71.38214874267578 41.47691345214844 2.5
endloop
endfacet
facet normal 0.9580701119495799 -0.2865338733708798 0
outer loop
vertex -71.39952087402344 41.418827056884766 2.5
vertex -71.39952087402344 41.418827056884766 0
vertex -71.38214874267578 41.47691345214844 2.5
endloop
endfacet
facet normal 0.8814017020513124 -0.47236748366187276 0
outer loop
vertex -71.38214874267578 41.47691345214844 0
vertex -70.38909912109375 43.32986831665039 0
vertex -70.38909912109375 43.32986831665039 2.5
endloop
endfacet
facet normal 0 0 -1
outer loop
vertex -26.688932418823242 -48.36653518676758 2.5
vertex -36.741844177246094 -51.7154426574707 2.5
vertex -36.75310516357422 -51.66236877441406 2.5
endloop
endfacet
facet normal 0 0 -1
outer loop
vertex -36.02899169921875 -53.452518463134766 2.5
vertex -36.741844177246094 -51.7154426574707 2.5
vertex -26.688932418823242 -48.36653518676758 2.5
endloop
endfacet
facet normal 0.7690818783049174 -0.6391502675138141 0
outer loop
vertex -70.38909912109375 43.32986831665039 0
vertex -70.35034942626953 43.376495361328125 0
vertex -70.35034942626953 43.376495361328125 2.5
endloop
endfacet
facet normal 0.006151070031540882 0.999981081989788 0
outer loop
vertex -18.606342315673828 -58.15000534057617 0
vertex -30.517065048217773 -58.07674026489258 2.5
vertex -18.606342315673828 -58.15000534057617 2.5
endloop
endfacet
facet normal 0.006151070031540882 0.999981081989788 0
outer loop
vertex -18.606342315673828 -58.15000534057617 0
vertex -30.517065048217773 -58.07674026489258 0
vertex -30.517065048217773 -58.07674026489258 2.5
endloop
endfacet
facet normal 0.8814017020513124 -0.47236748366187276 0
outer loop
vertex -71.38214874267578 41.47691345214844 2.5
vertex -71.38214874267578 41.47691345214844 0
vertex -70.38909912109375 43.32986831665039 2.5
endloop
endfacet
facet normal 0.7690818783049174 -0.6391502675138141 0
outer loop
vertex -70.38909912109375 43.32986831665039 2.5
vertex -70.38909912109375 43.32986831665039 0
vertex -70.35034942626953 43.376495361328125 2.5
endloop
endfacet
facet normal 0.625697316896902 -0.7800659380001269 0
outer loop
vertex -70.35034942626953 43.376495361328125 0
vertex -66.5118408203125 46.45539474487305 0
vertex -66.5118408203125 46.45539474487305 2.5
endloop
endfacet
facet normal 0.2082241808313903 0.9780811267564141 0
outer loop
vertex -30.517065048217773 -58.07674026489258 0
vertex -30.5770206451416 -58.0639762878418 2.5
vertex -30.517065048217773 -58.07674026489258 2.5
endloop
endfacet
facet normal 0.40172919199786755 0.9157585141819543 0
outer loop
vertex -30.5770206451416 -58.0639762878418 2.5
vertex -30.5770206451416 -58.0639762878418 0
vertex -32.52409744262695 -57.20982360839844 2.5
endloop
endfacet
facet normal 0.7315952928061144 0.6817391931992292 0
outer loop
vertex -32.574092864990234 -57.17435073852539 2.5
vertex -32.574092864990234 -57.17435073852539 0
vertex -35.99972152709961 -53.49820327758789 2.5
endloop
endfacet
facet normal 0.5786628974816166 0.8155668280884039 0
outer loop
vertex -32.52409744262695 -57.20982360839844 2.5
vertex -32.52409744262695 -57.20982360839844 0
vertex -32.574092864990234 -57.17435073852539 2.5
endloop
endfacet
facet normal 0.978223311600894 0.2075551797488564 0
outer loop
vertex -36.741844177246094 -51.7154426574707 2.5
vertex -36.741844177246094 -51.7154426574707 0
vertex -36.75310516357422 -51.66236877441406 2.5
endloop
endfacet
facet normal 0.9251300892845399 0.3796502573427016 0
outer loop
vertex -36.02899169921875 -53.452518463134766 2.5
vertex -36.02899169921875 -53.452518463134766 0
vertex -36.741844177246094 -51.7154426574707 2.5
endloop
endfacet
facet normal 0.8420044316280269 0.5394706082065672 0
outer loop
vertex -35.99972152709961 -53.49820327758789 2.5
vertex -35.99972152709961 -53.49820327758789 0
vertex -36.02899169921875 -53.452518463134766 2.5
endloop
endfacet
facet normal 0.2082241808313903 0.9780811267564141 0
outer loop
vertex -30.517065048217773 -58.07674026489258 0
vertex -30.5770206451416 -58.0639762878418 0
vertex -30.5770206451416 -58.0639762878418 2.5
endloop
endfacet
facet normal 0.40172919199786755 0.9157585141819543 0
outer loop
vertex -30.5770206451416 -58.0639762878418 0
vertex -32.52409744262695 -57.20982360839844 0
vertex -32.52409744262695 -57.20982360839844 2.5
endloop
endfacet
facet normal 0.5786628974816166 0.8155668280884039 0
outer loop
vertex -32.52409744262695 -57.20982360839844 0
vertex -32.574092864990234 -57.17435073852539 0
vertex -32.574092864990234 -57.17435073852539 2.5
endloop
endfacet
facet normal 0.9251300892845399 0.3796502573427016 0
outer loop
vertex -36.02899169921875 -53.452518463134766 0
vertex -36.741844177246094 -51.7154426574707 0
vertex -36.741844177246094 -51.7154426574707 2.5
endloop
endfacet
facet normal 0.978223311600894 0.2075551797488564 0
outer loop
vertex -36.741844177246094 -51.7154426574707 0
vertex -36.75310516357422 -51.66236877441406 0
vertex -36.75310516357422 -51.66236877441406 2.5
endloop
endfacet
facet normal 0.8420044316280269 0.5394706082065672 0
outer loop
vertex -36.02899169921875 -53.452518463134766 0
vertex -36.02899169921875 -53.452518463134766 2.5
vertex -35.99972152709961 -53.49820327758789 0
endloop
endfacet
facet normal 0.7315952928061144 0.6817391931992292 0
outer loop
vertex -32.574092864990234 -57.17435073852539 0
vertex -35.99972152709961 -53.49820327758789 0
vertex -35.99972152709961 -53.49820327758789 2.5
endloop
endfacet
facet normal 0 0 -1
outer loop
vertex 47.27678298950195 25.85478973388672 2.5
vertex 44.74760055541992 35.80410385131836 2.5
vertex 47.98930358886719 37.342742919921875 2.5
endloop
endfacet
facet normal 0.48213273297343656 -0.8760981838787048 0
outer loop
vertex -66.5118408203125 46.45539474487305 0
vertex -66.46627807617188 46.48046875 0
vertex -66.46627807617188 46.48046875 2.5
endloop
endfacet
facet normal 0 0 -1
outer loop
vertex 56.21444320678711 13.503351211547852 2.5
vertex 37.90684127807617 20.133237838745117 2.5
vertex 37.952247619628906 20.733413696289062 2.5
endloop
endfacet
facet normal 0 1 0
outer loop
vertex 0.2871410846710205 -64.0609130859375 1.350000023841858
vertex -12.76488971710205 -64.0609130859375 2.5
vertex 25.609939575195312 -64.0609130859375 0.800000011920929
endloop
endfacet
facet normal 0 1 0
outer loop
vertex 25.609939575195312 -64.0609130859375 2.5
vertex 25.609939575195312 -64.0609130859375 0.800000011920929
vertex -12.76488971710205 -64.0609130859375 2.5
endloop
endfacet
facet normal 0 0 -1
outer loop
vertex -15.708566665649414 -61.69194030761719 2.5
vertex -15.762106895446777 -61.60271072387695 2.5
vertex 49.30198287963867 -56.27695083618164 2.5
endloop
endfacet
facet normal 0 0 -1
outer loop
vertex 49.30198287963867 -56.27695083618164 2.5
vertex -15.762106895446777 -61.60271072387695 2.5
vertex -16.026161193847656 -60.27947998046875 2.5
endloop
endfacet
facet normal 0 0 -1
outer loop
vertex -12.862874984741211 -64.02587127685547 2.5
vertex -15.708566665649414 -61.69194030761719 2.5
vertex 49.30198287963867 -56.27695083618164 2.5
endloop
endfacet
facet normal 0 0 -1
outer loop
vertex -12.76488971710205 -64.0609130859375 2.5
vertex -12.862874984741211 -64.02587127685547 2.5
vertex 49.30198287963867 -56.27695083618164 2.5
endloop
endfacet
facet normal 0 0 -1
outer loop
vertex 49.30198287963867 -56.27695083618164 2.5
vertex -16.026161193847656 -60.27947998046875 2.5
vertex -18.606342315673828 -58.15000534057617 2.5
endloop
endfacet
facet normal 0 0 -1
outer loop
vertex -18.606342315673828 -58.15000534057617 2.5
vertex -9.635990142822266 -50.337371826171875 2.5
vertex 53.4423942565918 -52.429351806640625 2.5
endloop
endfacet
facet normal 0 0 -1
outer loop
vertex 53.4423942565918 -52.429351806640625 2.5
vertex -9.635990142822266 -50.337371826171875 2.5
vertex 7.919816017150879 -49.41730880737305 2.5
endloop
endfacet
facet normal 0 0 -1
outer loop
vertex 8.307844161987305 -48.98636245727539 2.5
vertex 7.709750175476074 -37.57405090332031 2.5
vertex 12.028931617736816 -37.08191680908203 2.5
endloop
endfacet
facet normal 0 0 -1
outer loop
vertex 12.028931617736816 -37.08191680908203 2.5
vertex 7.709750175476074 -37.57405090332031 2.5
vertex 7.863428592681885 -37.392520904541016 2.5
endloop
endfacet
facet normal 0 0 -1
outer loop
vertex 8.307844161987305 -48.98636245727539 2.5
vertex 12.952428817749023 -42.319332122802734 2.5
vertex 13.427453994750977 -42.651947021484375 2.5
endloop
endfacet
facet normal 0 0 -1
outer loop
vertex 12.952428817749023 -42.319332122802734 2.5
vertex 8.307844161987305 -48.98636245727539 2.5
vertex 12.028931617736816 -37.08191680908203 2.5
endloop
endfacet
facet normal 0 0 -1
outer loop
vertex 8.307844161987305 -48.98636245727539 2.5
vertex 13.427453994750977 -42.651947021484375 2.5
vertex 25.887678146362305 -40.454872131347656 2.5
endloop
endfacet
facet normal 0 0 -1
outer loop
vertex 12.028931617736816 -37.08191680908203 2.5
vertex 7.863428592681885 -37.392520904541016 2.5
vertex 11.838385581970215 -36.939632415771484 2.5
endloop
endfacet
facet normal 0 0 -1
outer loop
vertex -43.20975112915039 45.514034271240234 2.5
vertex -50.48073196411133 50.02841567993164 2.5
vertex -42.79970169067383 45.9240837097168 2.5
endloop
endfacet
facet normal 0 0 -1
outer loop
vertex -43.20975112915039 45.514034271240234 2.5
vertex -50.515769958496094 49.97938537597656 2.5
vertex -50.48073196411133 50.02841567993164 2.5
endloop
endfacet
facet normal 0.5310097813436032 0.8473656897204999 -0.0000013857624279122213
outer loop
vertex -58.932899475097656 -27.709632873535156 0.800000011920929
vertex -38.17902374267578 -40.715248107910156 0
vertex -75.06803131103516 -17.598400115966797 0
endloop
endfacet
facet normal -0.9860208518459697 -0.166621966513867 0
outer loop
vertex 67.8556137084961 -3.1105990409851074 0
vertex 67.8556137084961 -3.1105990409851074 2.5
vertex 64.52325439453125 16.609344482421875 2.5
endloop
endfacet
facet normal -0.9860208518459697 -0.166621966513867 0
outer loop
vertex 64.52325439453125 16.609344482421875 0
vertex 67.8556137084961 -3.1105990409851074 0
vertex 64.52325439453125 16.609344482421875 2.5
endloop
endfacet
facet normal 0 0 -1
outer loop
vertex -51.16260528564453 -16.348970413208008 2.5
vertex -52.34021759033203 -14.87450122833252 2.5
vertex -51.19849395751953 -16.23514747619629 2.5
endloop
endfacet
facet normal 0 0 -1
outer loop
vertex -52.34021759033203 -14.87450122833252 2.5
vertex -65.3828125 -13.68761157989502 2.5
vertex -52.44599533081055 -14.819436073303223 2.5
endloop
endfacet
facet normal 0 0 -1
outer loop
vertex 47.98930358886719 37.342742919921875 2.5
vertex 44.74760055541992 35.80410385131836 2.5
vertex 47.7823600769043 37.38390350341797 2.5
endloop
endfacet
facet normal 0 0 -1
outer loop
vertex -38.17902374267578 -40.715248107910156 2.5
vertex -50.55744552612305 -23.517131805419922 2.5
vertex -33.858856201171875 -24.978069305419922 2.5
endloop
endfacet
facet normal 0 0 -1
outer loop
vertex -38.17902374267578 -40.715248107910156 2.5
vertex -51.371864318847656 -23.445880889892578 2.5
vertex -50.55744552612305 -23.517131805419922 2.5
endloop
endfacet
facet normal 0 0 -1
outer loop
vertex -38.17902374267578 -40.715248107910156 2.5
vertex -51.7446174621582 -23.00165367126465 2.5
vertex -51.371864318847656 -23.445880889892578 2.5
endloop
endfacet
facet normal 0 0 -1
outer loop
vertex 41.62907409667969 43.401493072509766 2.5
vertex 37.367671966552734 50.90614318847656 2.5
vertex 41.70658493041992 43.451171875 2.5
endloop
endfacet
facet normal 0 0 -1
outer loop
vertex 41.70658493041992 43.451171875 2.5
vertex 37.367671966552734 50.90614318847656 2.5
vertex 42.29318618774414 44.15285873413086 2.5
endloop
endfacet
facet normal 0 0 -1
outer loop
vertex 42.29318618774414 44.15285873413086 2.5
vertex 37.367671966552734 50.90614318847656 2.5
vertex 42.336822509765625 44.19657516479492 2.5
endloop
endfacet
facet normal 0 0 -1
outer loop
vertex 42.336822509765625 44.19657516479492 2.5
vertex 37.367671966552734 50.90614318847656 2.5
vertex 56.06005096435547 55.7117919921875 2.5
endloop
endfacet
facet normal 0 0 -1
outer loop
vertex -52.34021759033203 -14.87450122833252 2.5
vertex -51.16260528564453 -16.348970413208008 2.5
vertex -51.7446174621582 -23.00165367126465 2.5
endloop
endfacet
facet normal 0 0 -1
outer loop
vertex -51.7446174621582 -23.00165367126465 2.5
vertex -65.3828125 -13.68761157989502 2.5
vertex -52.34021759033203 -14.87450122833252 2.5
endloop
endfacet
facet normal -0.9372300188765869 -0.34871176022123607 0
outer loop
vertex 64.50344848632812 16.66257667541504 0
vertex 64.52325439453125 16.609344482421875 0
vertex 64.52325439453125 16.609344482421875 2.5
endloop
endfacet
facet normal 0 0 -1
outer loop
vertex -58.932899475097656 -27.709632873535156 2.5
vertex -51.7446174621582 -23.00165367126465 2.5
vertex -38.17902374267578 -40.715248107910156 2.5
endloop
endfacet
facet normal 0 0 -1
outer loop
vertex 25.609939575195312 -64.0609130859375 2.5
vertex -12.76488971710205 -64.0609130859375 2.5
vertex 48.0117073059082 -58.269100189208984 2.5
endloop
endfacet
facet normal 0.6467817061423651 -0.7626751763362769 0
outer loop
vertex 38.27666091918945 51.385799407958984 2.5
vertex 38.27666091918945 51.385799407958984 0
vertex 52.59196853637695 63.52580261230469 2.5
endloop
endfacet
facet normal 0.6467817061423651 -0.7626751763362769 0
outer loop
vertex 52.59196853637695 63.52580261230469 2.5
vertex 38.27666091918945 51.385799407958984 0
vertex 52.59196853637695 63.52580261230469 0
endloop
endfacet
facet normal 0.477800374611333 -0.8784684411071748 0
outer loop
vertex 52.59196853637695 63.52580261230469 0
vertex 52.64623260498047 63.55531692504883 0
vertex 52.64623260498047 63.55531692504883 2.5
endloop
endfacet
facet normal 0.28882970472813435 -0.9573804894955081 0
outer loop
vertex 54.69771957397461 64.17422485351562 0
vertex 54.69771957397461 64.17422485351562 2.5
vertex 52.64623260498047 63.55531692504883 0
endloop
endfacet
facet normal 0.08781811162867789 -0.9961365264209384 0
outer loop
vertex 54.69771957397461 64.17422485351562 0
vertex 54.75925064086914 64.17964935302734 0
vertex 54.75925064086914 64.17964935302734 2.5
endloop
endfacet
facet normal -0.11707843927370049 -0.9931226706994631 0
outer loop
vertex 54.75925064086914 64.17964935302734 0
vertex 59.832000732421875 63.581626892089844 0
vertex 59.832000732421875 63.581626892089844 2.5
endloop
endfacet
facet normal 0.477800374611333 -0.8784684411071748 0
outer loop
vertex 52.59196853637695 63.52580261230469 2.5
vertex 52.59196853637695 63.52580261230469 0
vertex 52.64623260498047 63.55531692504883 2.5
endloop
endfacet
facet normal 0.28882970472813435 -0.9573804894955081 0
outer loop
vertex 52.64623260498047 63.55531692504883 2.5
vertex 52.64623260498047 63.55531692504883 0
vertex 54.69771957397461 64.17422485351562 2.5
endloop
endfacet
facet normal 0 0 -1
outer loop
vertex 48.0117073059082 -58.269100189208984 2.5
vertex -12.76488971710205 -64.0609130859375 2.5
vertex 49.30198287963867 -56.27695083618164 2.5
endloop
endfacet
facet normal 0.08781811162867789 -0.9961365264209384 0
outer loop
vertex 54.69771957397461 64.17422485351562 2.5
vertex 54.69771957397461 64.17422485351562 0
vertex 54.75925064086914 64.17964935302734 2.5
endloop
endfacet
facet normal -0.11707843927370049 -0.9931226706994631 0
outer loop
vertex 54.75925064086914 64.17964935302734 2.5
vertex 54.75925064086914 64.17964935302734 0
vertex 59.832000732421875 63.581626892089844 2.5
endloop
endfacet
facet normal 0 0 -1
outer loop
vertex 49.30198287963867 -56.27695083618164 2.5
vertex -18.606342315673828 -58.15000534057617 2.5
vertex 51.939090728759766 -54.83150863647461 2.5
endloop
endfacet
facet normal 0 0 -1
outer loop
vertex 51.939090728759766 -54.83150863647461 2.5
vertex -18.606342315673828 -58.15000534057617 2.5
vertex 51.995052337646484 -54.778690338134766 2.5
endloop
endfacet
facet normal 0 0 -1
outer loop
vertex 56.06005096435547 55.7117919921875 2.5
vertex 37.367671966552734 50.90614318847656 2.5
vertex 38.27666091918945 51.385799407958984 2.5
endloop
endfacet
facet normal 0 0 -1
outer loop
vertex 51.995052337646484 -54.778690338134766 2.5
vertex -18.606342315673828 -58.15000534057617 2.5
vertex 53.41935348510742 -52.50277328491211 2.5
endloop
endfacet
facet normal 0 0 -1
outer loop
vertex 38.27666091918945 51.385799407958984 2.5
vertex 52.59196853637695 63.52580261230469 2.5
vertex 54.69771957397461 64.17422485351562 2.5
endloop
endfacet
facet normal 0 0 -1
outer loop
vertex 54.69771957397461 64.17422485351562 2.5
vertex 54.75925064086914 64.17964935302734 2.5
vertex 38.27666091918945 51.385799407958984 2.5
endloop
endfacet
facet normal 0 0 -1
outer loop
vertex 53.41935348510742 -52.50277328491211 2.5
vertex -18.606342315673828 -58.15000534057617 2.5
vertex 53.4423942565918 -52.429351806640625 2.5
endloop
endfacet
facet normal 0 0 -1
outer loop
vertex 56.06005096435547 55.7117919921875 2.5
vertex 38.27666091918945 51.385799407958984 2.5
vertex 59.92092514038086 61.090755462646484 2.5
endloop
endfacet
facet normal 0 0 -1
outer loop
vertex 59.92092514038086 61.090755462646484 2.5
vertex 38.27666091918945 51.385799407958984 2.5
vertex 61.67239761352539 62.581783294677734 2.5
endloop
endfacet
facet normal 0 0 -1
outer loop
vertex 56.06005096435547 55.7117919921875 2.5
vertex 59.92092514038086 61.090755462646484 2.5
vertex 56.63774490356445 55.661251068115234 2.5
endloop
endfacet
facet normal -0.9372300188765869 -0.34871176022123607 0
outer loop
vertex 64.50344848632812 16.66257667541504 0
vertex 64.52325439453125 16.609344482421875 2.5
vertex 64.50344848632812 16.66257667541504 2.5
endloop
endfacet
facet normal 0.531009819699052 0.8473656656858244 0
outer loop
vertex -58.932899475097656 -27.709632873535156 0.800000011920929
vertex -58.932899475097656 -27.709632873535156 2.5
vertex -38.17902374267578 -40.715248107910156 0
endloop
endfacet
facet normal 0 0 -1
outer loop
vertex 60.838951110839844 20.36188507080078 2.5
vertex 39.491146087646484 23.344091415405273 2.5
vertex 45.29096221923828 24.898168563842773 2.5
endloop
endfacet
facet normal 0 0 -1
outer loop
vertex 54.75925064086914 64.17964935302734 2.5
vertex 59.832000732421875 63.581626892089844 2.5
vertex 38.27666091918945 51.385799407958984 2.5
endloop
endfacet
facet normal 0 0 -1
outer loop
vertex 38.27666091918945 51.385799407958984 2.5
vertex 59.886539459228516 63.564308166503906 2.5
vertex 61.6281852722168 62.61811065673828 2.5
endloop
endfacet
facet normal 0 0 -1
outer loop
vertex 59.886539459228516 63.564308166503906 2.5
vertex 38.27666091918945 51.385799407958984 2.5
vertex 59.832000732421875 63.581626892089844 2.5
endloop
endfacet
facet normal 0 0 -1
outer loop
vertex 61.6281852722168 62.61811065673828 2.5
vertex 61.67239761352539 62.581783294677734 2.5
vertex 38.27666091918945 51.385799407958984 2.5
endloop
endfacet
facet normal 0 0 -1
outer loop
vertex 54.69771957397461 64.17422485351562 2.5
vertex 52.59196853637695 63.52580261230469 2.5
vertex 52.64623260498047 63.55531692504883 2.5
endloop
endfacet
facet normal 0 0 -1
outer loop
vertex 65.5877685546875 -3.4938302040100098 2.5
vertex 59.7413215637207 -4.142246723175049 2.5
vertex 56.739356994628906 12.882732391357422 2.5
endloop
endfacet
facet normal 0 0 -1
outer loop
vertex 67.8556137084961 -3.1105990409851074 2.5
vertex 65.5877685546875 -3.4938302040100098 2.5
vertex 56.739356994628906 12.882732391357422 2.5
endloop
endfacet
facet normal 0 0 -1
outer loop
vertex 25.609939575195312 -64.0609130859375 2.5
vertex 48.0117073059082 -58.269100189208984 2.5
vertex 44.60993957519531 -64.0609130859375 2.5
endloop
endfacet
facet normal 0 0 -1
outer loop
vertex 8.307844161987305 -48.98636245727539 2.5
vertex 25.887678146362305 -40.454872131347656 2.5
vertex 30.74028778076172 -39.5992317199707 2.5
endloop
endfacet
facet normal -0.7718294657972085 0.6358295964542667 0
outer loop
vertex 74.8306884765625 36.61460494995117 0
vertex 74.7945556640625 36.570743560791016 0
vertex 74.7945556640625 36.570743560791016 2.5
endloop
endfacet
facet normal -0.8774593940714108 0.4796509269831891 0
outer loop
vertex 75.77476501464844 38.341670989990234 0
vertex 74.8306884765625 36.61460494995117 0
vertex 74.8306884765625 36.61460494995117 2.5
endloop
endfacet
facet normal -0.9519146527109098 0.30636333650466063 0
outer loop
vertex 75.79217529296875 38.39576721191406 0
vertex 75.77476501464844 38.341670989990234 0
vertex 75.77476501464844 38.341670989990234 2.5
endloop
endfacet
facet normal -0.9925030983157224 0.12221947403622471 0
outer loop
vertex 76.41197967529297 43.42898941040039 0
vertex 75.79217529296875 38.39576721191406 0
vertex 75.79217529296875 38.39576721191406 2.5
endloop
endfacet
facet normal -0.7718294657972085 0.6358295964542667 0
outer loop
vertex 74.8306884765625 36.61460494995117 2.5
vertex 74.8306884765625 36.61460494995117 0
vertex 74.7945556640625 36.570743560791016 2.5
endloop
endfacet
facet normal 0 0 -1
outer loop
vertex 7.919816017150879 -49.41730880737305 2.5
vertex 8.307844161987305 -48.98636245727539 2.5
vertex 54.36219024658203 -33.66070556640625 2.5
endloop
endfacet
facet normal -0.8774593940714108 0.4796509269831891 0
outer loop
vertex 75.77476501464844 38.341670989990234 2.5
vertex 75.77476501464844 38.341670989990234 0
vertex 74.8306884765625 36.61460494995117 2.5
endloop
endfacet
facet normal -0.9519146527109098 0.30636333650466063 0
outer loop
vertex 75.79217529296875 38.39576721191406 2.5
vertex 75.79217529296875 38.39576721191406 0
vertex 75.77476501464844 38.341670989990234 2.5
endloop
endfacet
facet normal -0.9925030983157224 0.12221947403622471 0
outer loop
vertex 76.41197967529297 43.42898941040039 0
vertex 75.79217529296875 38.39576721191406 2.5
vertex 76.41197967529297 43.42898941040039 2.5
endloop
endfacet
facet normal 0 0 -1
outer loop
vertex 53.4423942565918 -52.429351806640625 2.5
vertex 7.919816017150879 -49.41730880737305 2.5
vertex 54.36219024658203 -33.66070556640625 2.5
endloop
endfacet
facet normal -0.9966987981382764 -0.08118808896454743 0
outer loop
vertex 76.40699768066406 43.490150451660156 0
vertex 76.41197967529297 43.42898941040039 0
vertex 76.41197967529297 43.42898941040039 2.5
endloop
endfacet
facet normal -0.9596216458157788 -0.28129396879744134 0
outer loop
vertex 75.80828857421875 45.53261947631836 0
vertex 76.40699768066406 43.490150451660156 0
vertex 76.40699768066406 43.490150451660156 2.5
endloop
endfacet
facet normal -0.8828137044727227 -0.4697232836417078 0
outer loop
vertex 75.77946472167969 45.5867919921875 0
vertex 75.80828857421875 45.53261947631836 0
vertex 75.80828857421875 45.53261947631836 2.5
endloop
endfacet
facet normal -0.7694537165315273 -0.6387025740638752 0
outer loop
vertex 73.82601165771484 47.94014358520508 2.5
vertex 73.82601165771484 47.94014358520508 0
vertex 75.77946472167969 45.5867919921875 0
endloop
endfacet
facet normal 0.32422596056003344 -0.9459796649500049 0
outer loop
vertex -66.46627807617188 46.48046875 0
vertex -64.76483917236328 47.063621520996094 0
vertex -64.76483917236328 47.063621520996094 2.5
endloop
endfacet
facet normal -0.9966987981382764 -0.08118808896454743 0
outer loop
vertex 76.40699768066406 43.490150451660156 2.5
vertex 76.40699768066406 43.490150451660156 0
vertex 76.41197967529297 43.42898941040039 2.5
endloop
endfacet
facet normal -0.9596216458157788 -0.28129396879744134 0
outer loop
vertex 75.80828857421875 45.53261947631836 2.5
vertex 75.80828857421875 45.53261947631836 0
vertex 76.40699768066406 43.490150451660156 2.5
endloop
endfacet
facet normal -0.8828137044727227 -0.4697232836417078 0
outer loop
vertex 75.77946472167969 45.5867919921875 0
vertex 75.80828857421875 45.53261947631836 2.5
vertex 75.77946472167969 45.5867919921875 2.5
endloop
endfacet
facet normal -0.7694537165315273 -0.6387025740638752 0
outer loop
vertex 73.82601165771484 47.94014358520508 2.5
vertex 75.77946472167969 45.5867919921875 0
vertex 75.77946472167969 45.5867919921875 2.5
endloop
endfacet
facet normal 0 0 -1
outer loop
vertex 30.74028778076172 -39.5992317199707 2.5
vertex 56.392887115478516 -31.23857879638672 2.5
vertex 8.307844161987305 -48.98636245727539 2.5
endloop
endfacet
facet normal 0 0 -1
outer loop
vertex 74.7945556640625 36.570743560791016 2.5
vertex 60.73797607421875 24.902748107910156 2.5
vertex 65.44206237792969 39.564674377441406 2.5
endloop
endfacet
facet normal 0 0 -1
outer loop
vertex -65.3828125 -13.68761157989502 2.5
vertex -74.13661193847656 -15.016860008239746 2.5
vertex -67.56636047363281 -13.496581077575684 2.5
endloop
endfacet
facet normal 0.1566142148568051 -0.9876598542538755 0
outer loop
vertex -64.76483917236328 47.063621520996094 0
vertex -64.7134780883789 47.0717658996582 0
vertex -64.7134780883789 47.0717658996582 2.5
endloop
endfacet
facet normal 0 0 -1
outer loop
vertex 67.93792724609375 42.19424057006836 2.5
vertex 59.92092514038086 61.090755462646484 2.5
vertex 72.05626678466797 46.47113037109375 2.5
endloop
endfacet
facet normal 0.625697316896902 -0.7800659380001269 0
outer loop
vertex -70.35034942626953 43.376495361328125 2.5
vertex -70.35034942626953 43.376495361328125 0
vertex -66.5118408203125 46.45539474487305 2.5
endloop
endfacet
facet normal 0 0 -1
outer loop
vertex 74.8306884765625 36.61460494995117 2.5
vertex 74.7945556640625 36.570743560791016 2.5
vertex 65.44206237792969 39.564674377441406 2.5
endloop
endfacet
facet normal 0 0 -1
outer loop
vertex 65.44206237792969 39.564674377441406 2.5
vertex 67.88739013671875 41.616546630859375 2.5
vertex 75.79217529296875 38.39576721191406 2.5
endloop
endfacet
facet normal 0 0 -1
outer loop
vertex 75.77476501464844 38.341670989990234 2.5
vertex 74.8306884765625 36.61460494995117 2.5
vertex 65.44206237792969 39.564674377441406 2.5
endloop
endfacet
facet normal 0 0 -1
outer loop
vertex 24.4483642578125 38.73031234741211 2.5
vertex 9.1902494430542 45.23279571533203 2.5
vertex 9.184829711914062 45.52322769165039 2.5
endloop
endfacet
facet normal 0 0 -1
outer loop
vertex 76.41197967529297 43.42898941040039 2.5
vertex 75.79217529296875 38.39576721191406 2.5
vertex 67.88739013671875 41.616546630859375 2.5
endloop
endfacet
facet normal 0 0 -1
outer loop
vertex 31.3268985748291 -33.06877899169922 2.5
vertex 31.427459716796875 -33.00471496582031 2.5
vertex 30.308109283447266 -34.52375793457031 2.5
endloop
endfacet
facet normal 0 0 -1
outer loop
vertex 56.392887115478516 -31.23857879638672 2.5
vertex 30.74028778076172 -39.5992317199707 2.5
vertex 31.072904586791992 -39.12420654296875 2.5
endloop
endfacet
facet normal 0 0 -1
outer loop
vertex 56.392887115478516 -31.23857879638672 2.5
vertex 31.072904586791992 -39.12420654296875 2.5
vertex 30.282278060913086 -34.64027404785156 2.5
endloop
endfacet
facet normal 0 0 -1
outer loop
vertex 76.41197967529297 43.42898941040039 2.5
vertex 67.88739013671875 41.616546630859375 2.5
vertex 67.93792724609375 42.19424057006836 2.5
endloop
endfacet
facet normal 0 0 -1
outer loop
vertex 76.40699768066406 43.490150451660156 2.5
vertex 76.41197967529297 43.42898941040039 2.5
vertex 67.93792724609375 42.19424057006836 2.5
endloop
endfacet
facet normal 0 0 -1
outer loop
vertex 75.80828857421875 45.53261947631836 2.5
vertex 76.40699768066406 43.490150451660156 2.5
vertex 67.93792724609375 42.19424057006836 2.5
endloop
endfacet
facet normal 0 0 -1
outer loop
vertex 72.05626678466797 46.47113037109375 2.5
vertex 75.77946472167969 45.5867919921875 2.5
vertex 67.93792724609375 42.19424057006836 2.5
endloop
endfacet
facet normal 0 0 -1
outer loop
vertex 75.77946472167969 45.5867919921875 2.5
vertex 75.80828857421875 45.53261947631836 2.5
vertex 67.93792724609375 42.19424057006836 2.5
endloop
endfacet
facet normal 0 0 -1
outer loop
vertex 75.77946472167969 45.5867919921875 2.5
vertex 72.05626678466797 46.47113037109375 2.5
vertex 73.82601165771484 47.94014358520508 2.5
endloop
endfacet
facet normal 0 0 -1
outer loop
vertex 8.78019905090332 45.9240837097168 2.5
vertex -46.74026870727539 53.49952697753906 2.5
vertex -44.916568756103516 54.21549606323242 2.5
endloop
endfacet
facet normal 0 0 -1
outer loop
vertex -46.78813552856445 53.46937561035156 2.5
vertex -46.74026870727539 53.49952697753906 2.5
vertex 8.78019905090332 45.9240837097168 2.5
endloop
endfacet
facet normal 0 0 -1
outer loop
vertex 56.392887115478516 -31.23857879638672 2.5
vertex 30.282278060913086 -34.64027404785156 2.5
vertex 30.308109283447266 -34.52375793457031 2.5
endloop
endfacet
facet normal 0.48213273297343656 -0.8760981838787048 0
outer loop
vertex -66.5118408203125 46.45539474487305 2.5
vertex -66.5118408203125 46.45539474487305 0
vertex -66.46627807617188 46.48046875 2.5
endloop
endfacet
facet normal -0.6824367714063863 -0.7309431972560392 0.0014475557146160214
outer loop
vertex 61.690670013427734 62.55977249145508 0
vertex 61.67239761352539 62.581783294677734 2.5
vertex 61.6281852722168 62.61811065673828 0
endloop
endfacet
facet normal 0.32422596056003344 -0.9459796649500049 0
outer loop
vertex -66.46627807617188 46.48046875 2.5
vertex -66.46627807617188 46.48046875 0
vertex -64.76483917236328 47.063621520996094 2.5
endloop
endfacet
facet normal -0.30265603421066206 -0.9530998504647215 0
outer loop
vertex 59.832000732421875 63.581626892089844 0
vertex 59.886539459228516 63.564308166503906 0
vertex 59.886539459228516 63.564308166503906 2.5
endloop
endfacet
facet normal -0.4773773359758922 -0.8786984005314679 0
outer loop
vertex 59.886539459228516 63.564308166503906 0
vertex 61.6281852722168 62.61811065673828 0
vertex 61.6281852722168 62.61811065673828 2.5
endloop
endfacet
facet normal -0.6348446181905715 -0.7726398324927778 0
outer loop
vertex 61.67239761352539 62.581783294677734 2.5
vertex 61.6281852722168 62.61811065673828 2.5
vertex 61.6281852722168 62.61811065673828 0
endloop
endfacet
facet normal 0.1566142148568051 -0.9876598542538755 0
outer loop
vertex -64.76483917236328 47.063621520996094 2.5
vertex -64.76483917236328 47.063621520996094 0
vertex -64.7134780883789 47.0717658996582 2.5
endloop
endfacet
facet normal -0.30265603421066206 -0.9530998504647215 0
outer loop
vertex 59.832000732421875 63.581626892089844 2.5
vertex 59.832000732421875 63.581626892089844 0
vertex 59.886539459228516 63.564308166503906 2.5
endloop
endfacet
facet normal -0.4773773359758922 -0.8786984005314679 0
outer loop
vertex 59.886539459228516 63.564308166503906 2.5
vertex 59.886539459228516 63.564308166503906 0
vertex 61.6281852722168 62.61811065673828 2.5
endloop
endfacet
facet normal 0 0 -1
outer loop
vertex 31.427459716796875 -33.00471496582031 2.5
vertex 46.375 -30.369060516357422 2.5
vertex 30.308109283447266 -34.52375793457031 2.5
endloop
endfacet
facet normal -0.36408779284369114 0.9313646327310318 0
outer loop
vertex 44.771846771240234 -64.01972961425781 0
vertex 44.66649627685547 -64.0609130859375 0
vertex 44.66649627685547 -64.0609130859375 2.5
endloop
endfacet
facet normal 0 0 -1
outer loop
vertex 59.92092514038086 61.090755462646484 2.5
vertex 67.93792724609375 42.19424057006836 2.5
vertex 56.63774490356445 55.661251068115234 2.5
endloop
endfacet
facet normal 0 0 -1
outer loop
vertex 65.5877685546875 -3.4938302040100098 2.5
vertex 59.6812744140625 -4.228001594543457 2.5
vertex 59.7413215637207 -4.142246723175049 2.5
endloop
endfacet
facet normal 0 0 -1
outer loop
vertex 67.8556137084961 -3.1105990409851074 2.5
vertex 56.739356994628906 12.882732391357422 2.5
vertex 60.838951110839844 20.36188507080078 2.5
endloop
endfacet
facet normal 0 0 -1
outer loop
vertex -67.93911743164062 -13.052351951599121 2.5
vertex -74.13661193847656 -15.016860008239746 2.5
vertex -66.35367584228516 5.069096565246582 2.5
endloop
endfacet
facet normal 0 0 -1
outer loop
vertex 60.838951110839844 20.36188507080078 2.5
vertex 63.44572067260742 18.38701057434082 2.5
vertex 67.8556137084961 -3.1105990409851074 2.5
endloop
endfacet
facet normal -0.6782346488590775 0.7348453994460359 0
outer loop
vertex 47.72783279418945 -61.291465759277344 0
vertex 44.771846771240234 -64.01972961425781 0
vertex 44.771846771240234 -64.01972961425781 2.5
endloop
endfacet
facet normal -0.015637062430281814 -0.9998777336647473 0
outer loop
vertex -64.7134780883789 47.0717658996582 2.5
vertex -64.7134780883789 47.0717658996582 0
vertex -53.59402847290039 46.89786911010742 2.5
endloop
endfacet
facet normal 0 0 -1
outer loop
vertex 67.8556137084961 -3.1105990409851074 2.5
vertex 63.44572067260742 18.38701057434082 2.5
vertex 63.4837532043457 18.34482765197754 2.5
endloop
endfacet
facet normal 0 1 0
outer loop
vertex 44.66649627685547 -64.0609130859375 2.5
vertex 44.66649627685547 -64.0609130859375 0
vertex 44.60993957519531 -64.0609130859375 0.800000011920929
endloop
endfacet
facet normal 0 0 -1
outer loop
vertex 64.52325439453125 16.609344482421875 2.5
vertex 67.8556137084961 -3.1105990409851074 2.5
vertex 63.4837532043457 18.34482765197754 2.5
endloop
endfacet
facet normal -0.8992372400275725 0.43746129674245904 0
outer loop
vertex 47.77731704711914 -61.18974685668945 0
vertex 47.72783279418945 -61.291465759277344 0
vertex 47.72783279418945 -61.291465759277344 2.5
endloop
endfacet
facet normal 0 0 -1
outer loop
vertex -69.11135864257812 41.18379592895508 2.5
vertex -71.39952087402344 41.418827056884766 2.5
vertex -71.38214874267578 41.47691345214844 2.5
endloop
endfacet
facet normal -0.9967952110414171 0.07999567016343251 0
outer loop
vertex 48.0117073059082 -58.269100189208984 0
vertex 47.77731704711914 -61.18974685668945 0
vertex 47.77731704711914 -61.18974685668945 2.5
endloop
endfacet
facet normal -0.36408779284369114 0.9313646327310318 0
outer loop
vertex 44.771846771240234 -64.01972961425781 2.5
vertex 44.771846771240234 -64.01972961425781 0
vertex 44.66649627685547 -64.0609130859375 2.5
endloop
endfacet
facet normal 0 0 -1
outer loop
vertex -69.11135864257812 41.18379592895508 2.5
vertex -71.38214874267578 41.47691345214844 2.5
vertex -70.38909912109375 43.32986831665039 2.5
endloop
endfacet
facet normal 0 0 -1
outer loop
vertex -74.13661193847656 -15.016860008239746 2.5
vertex -67.93911743164062 -13.052351951599121 2.5
vertex -67.56636047363281 -13.496581077575684 2.5
endloop
endfacet
facet normal -0.8551642033566914 -0.5183571985584027 0
outer loop
vertex 63.4837532043457 18.34482765197754 0
vertex 64.50344848632812 16.66257667541504 0
vertex 64.50344848632812 16.66257667541504 2.5
endloop
endfacet
facet normal -0.7426993958083856 -0.6696249752405141 0
outer loop
vertex 63.44572067260742 18.38701057434082 0
vertex 63.4837532043457 18.34482765197754 0
vertex 63.4837532043457 18.34482765197754 2.5
endloop
endfacet
facet normal -0.6038672212432689 -0.7970849259068526 0
outer loop
vertex 60.838951110839844 20.36188507080078 0
vertex 63.44572067260742 18.38701057434082 0
vertex 63.44572067260742 18.38701057434082 2.5
endloop
endfacet
facet normal 0 0 -1
outer loop
vertex -63.44361114501953 38.33127212524414 2.5
vertex -70.77790832519531 22.545717239379883 2.5
vertex -69.11135864257812 41.18379592895508 2.5
endloop
endfacet
facet normal 0.8956469697536891 0.44476567490200314 0
outer loop
vertex -75.12377166748047 -17.536853790283203 2.5
vertex -75.12377166748047 -17.536853790283203 0
vertex -76.41582489013672 -14.934981346130371 2.5
endloop
endfacet
facet normal 0.9960370876288145 -0.08893885578255124 0
outer loop
vertex -76.42747497558594 -14.812019348144531 2.5
vertex -76.43116760253906 -14.853373527526855 2.5
vertex -76.42747497558594 -14.812019348144531 0
endloop
endfacet
facet normal 0.9827820978713754 0.18476836337300387 0
outer loop
vertex -76.43116760253906 -14.853373527526855 2.5
vertex -76.41582489013672 -14.934981346130371 2.5
vertex -76.41582489013672 -14.934981346130371 0
endloop
endfacet
facet normal 0.9960370876288145 -0.08893885578255124 0
outer loop
vertex -76.43116760253906 -14.853373527526855 2.5
vertex -76.43116760253906 -14.853373527526855 0
vertex -76.42747497558594 -14.812019348144531 0
endloop
endfacet
facet normal 0.9827820978713754 0.18476836337300387 0
outer loop
vertex -76.43116760253906 -14.853373527526855 0
vertex -76.43116760253906 -14.853373527526855 2.5
vertex -76.41582489013672 -14.934981346130371 0
endloop
endfacet
facet normal 0.8956469697536891 0.44476567490200314 0
outer loop
vertex -75.12377166748047 -17.536853790283203 0
vertex -76.41582489013672 -14.934981346130371 0
vertex -76.41582489013672 -14.934981346130371 2.5
endloop
endfacet
facet normal 0 0 -1
outer loop
vertex -63.44361114501953 38.33127212524414 2.5
vertex -69.11135864257812 41.18379592895508 2.5
vertex -63.22195816040039 38.51726531982422 2.5
endloop
endfacet
facet normal 0 0 -1
outer loop
vertex -51.7446174621582 -23.00165367126465 2.5
vertex -74.13661193847656 -15.016860008239746 2.5
vertex -65.3828125 -13.68761157989502 2.5
endloop
endfacet
facet normal 0 0 -1
outer loop
vertex -75.03284454345703 -17.620447158813477 2.5
vertex -51.7446174621582 -23.00165367126465 2.5
vertex -58.932899475097656 -27.709632873535156 2.5
endloop
endfacet
facet normal 0 0 -1
outer loop
vertex -51.7446174621582 -23.00165367126465 2.5
vertex -76.42747497558594 -14.812019348144531 2.5
vertex -74.13661193847656 -15.016860008239746 2.5
endloop
endfacet
facet normal 0 0 -1
outer loop
vertex -51.7446174621582 -23.00165367126465 2.5
vertex -75.12377166748047 -17.536853790283203 2.5
vertex -76.41582489013672 -14.934981346130371 2.5
endloop
endfacet
facet normal 0 0 -1
outer loop
vertex -51.7446174621582 -23.00165367126465 2.5
vertex -76.43116760253906 -14.853373527526855 2.5
vertex -76.42747497558594 -14.812019348144531 2.5
endloop
endfacet
facet normal 0 0 -1
outer loop
vertex -76.43116760253906 -14.853373527526855 2.5
vertex -51.7446174621582 -23.00165367126465 2.5
vertex -76.41582489013672 -14.934981346130371 2.5
endloop
endfacet
facet normal 0 0 -1
outer loop
vertex -75.03284454345703 -17.620447158813477 2.5
vertex -75.06803131103516 -17.598400115966797 2.5
vertex -51.7446174621582 -23.00165367126465 2.5
endloop
endfacet
facet normal 0 0 -1
outer loop
vertex -75.06803131103516 -17.598400115966797 2.5
vertex -75.12377166748047 -17.536853790283203 2.5
vertex -51.7446174621582 -23.00165367126465 2.5
endloop
endfacet
facet normal -0.9997528502300249 -0.02223147446620246 0
outer loop
vertex 60.73797607421875 24.902748107910156 0
vertex 60.838951110839844 20.36188507080078 0
vertex 60.838951110839844 20.36188507080078 2.5
endloop
endfacet
facet normal -0.6038672212432689 -0.7970849259068526 0
outer loop
vertex 63.44572067260742 18.38701057434082 2.5
vertex 60.838951110839844 20.36188507080078 2.5
vertex 60.838951110839844 20.36188507080078 0
endloop
endfacet
facet normal -0.8551642033566914 -0.5183571985584027 0
outer loop
vertex 63.4837532043457 18.34482765197754 2.5
vertex 63.4837532043457 18.34482765197754 0
vertex 64.50344848632812 16.66257667541504 2.5
endloop
endfacet
facet normal -0.7426993958083856 -0.6696249752405141 0
outer loop
vertex 63.44572067260742 18.38701057434082 2.5
vertex 63.44572067260742 18.38701057434082 0
vertex 63.4837532043457 18.34482765197754 2.5
endloop
endfacet
facet normal -0.9997528502300249 -0.02223147446620246 0
outer loop
vertex 60.73797607421875 24.902748107910156 0
vertex 60.838951110839844 20.36188507080078 2.5
vertex 60.73797607421875 24.902748107910156 2.5
endloop
endfacet
facet normal 0.5309565161538262 0.8473990665287469 0
outer loop
vertex -75.03284454345703 -17.620447158813477 2.5
vertex -75.03284454345703 -17.620447158813477 0.800000011920929
vertex -75.06803131103516 -17.598400115966797 2.5
endloop
endfacet
facet normal 0 0 -1
outer loop
vertex 60.838951110839844 20.36188507080078 2.5
vertex 39.42799377441406 23.309541702270508 2.5
vertex 39.491146087646484 23.344091415405273 2.5
endloop
endfacet
facet normal 0.7412026483985017 0.6712813374487979 0
outer loop
vertex -75.06803131103516 -17.598400115966797 0
vertex -75.12377166748047 -17.536853790283203 2.5
vertex -75.06803131103516 -17.598400115966797 2.5
endloop
endfacet
facet normal 0 0 -1
outer loop
vertex 38.6552848815918 22.60480308532715 2.5
vertex 39.42799377441406 23.309541702270508 2.5
vertex 60.838951110839844 20.36188507080078 2.5
endloop
endfacet
facet normal 0 0 -1
outer loop
vertex 56.21444320678711 13.503351211547852 2.5
vertex 38.615081787109375 22.545089721679688 2.5
vertex 38.6552848815918 22.60480308532715 2.5
endloop
endfacet
facet normal -0.6387029488921991 0.7694534053965898 0
outer loop
vertex 74.7945556640625 36.570743560791016 0
vertex 60.73797607421875 24.902748107910156 0
vertex 60.73797607421875 24.902748107910156 2.5
endloop
endfacet
facet normal 0.5309565161538262 0.8473990665287469 0
outer loop
vertex -75.03284454345703 -17.620447158813477 0.800000011920929
vertex -75.06803131103516 -17.598400115966797 0
vertex -75.06803131103516 -17.598400115966797 2.5
endloop
endfacet
facet normal 0.7412026483985017 0.6712813374487979 0
outer loop
vertex -75.06803131103516 -17.598400115966797 0
vertex -75.12377166748047 -17.536853790283203 0
vertex -75.12377166748047 -17.536853790283203 2.5
endloop
endfacet
facet normal 0 1 0
outer loop
vertex 44.66649627685547 -64.0609130859375 2.5
vertex 44.60993957519531 -64.0609130859375 0.800000011920929
vertex 44.60993957519531 -64.0609130859375 2.5
endloop
endfacet
facet normal -0.6782346488590775 0.7348453994460359 0
outer loop
vertex 47.72783279418945 -61.291465759277344 2.5
vertex 47.72783279418945 -61.291465759277344 0
vertex 44.771846771240234 -64.01972961425781 2.5
endloop
endfacet
facet normal -0.8992372400275725 0.43746129674245904 0
outer loop
vertex 47.77731704711914 -61.18974685668945 2.5
vertex 47.77731704711914 -61.18974685668945 0
vertex 47.72783279418945 -61.291465759277344 2.5
endloop
endfacet
facet normal -0.9967952110414171 0.07999567016343251 0
outer loop
vertex 48.0117073059082 -58.269100189208984 0
vertex 47.77731704711914 -61.18974685668945 2.5
vertex 48.0117073059082 -58.269100189208984 2.5
endloop
endfacet
facet normal -0.8393322255802294 0.5436188141543106 0
outer loop
vertex 49.30198287963867 -56.27695083618164 0
vertex 48.0117073059082 -58.269100189208984 0
vertex 48.0117073059082 -58.269100189208984 2.5
endloop
endfacet
facet normal -0.8393322255802294 0.5436188141543106 0
outer loop
vertex 49.30198287963867 -56.27695083618164 0
vertex 48.0117073059082 -58.269100189208984 2.5
vertex 49.30198287963867 -56.27695083618164 2.5
endloop
endfacet
facet normal -0.4806501406170926 0.8769124484945855 0
outer loop
vertex 51.939090728759766 -54.83150863647461 0
vertex 49.30198287963867 -56.27695083618164 0
vertex 49.30198287963867 -56.27695083618164 2.5
endloop
endfacet
facet normal -0.6863876814246058 0.7272358288674684 0
outer loop
vertex 51.995052337646484 -54.778690338134766 0
vertex 51.939090728759766 -54.83150863647461 0
vertex 51.939090728759766 -54.83150863647461 2.5
endloop
endfacet
facet normal -0.8476879725804137 0.530495147143221 0
outer loop
vertex 53.41935348510742 -52.50277328491211 0
vertex 51.995052337646484 -54.778690338134766 0
vertex 51.995052337646484 -54.778690338134766 2.5
endloop
endfacet
facet normal -0.9541220538566818 0.2994179459289426 0
outer loop
vertex 53.4423942565918 -52.429351806640625 0
vertex 53.41935348510742 -52.50277328491211 0
vertex 53.41935348510742 -52.50277328491211 2.5
endloop
endfacet
facet normal -0.4806501406170926 0.8769124484945855 0
outer loop
vertex 51.939090728759766 -54.83150863647461 2.5
vertex 51.939090728759766 -54.83150863647461 0
vertex 49.30198287963867 -56.27695083618164 2.5
endloop
endfacet
facet normal -0.6863876814246058 0.7272358288674684 0
outer loop
vertex 51.995052337646484 -54.778690338134766 2.5
vertex 51.995052337646484 -54.778690338134766 0
vertex 51.939090728759766 -54.83150863647461 2.5
endloop
endfacet
facet normal -0.8476879725804137 0.530495147143221 0
outer loop
vertex 53.41935348510742 -52.50277328491211 2.5
vertex 53.41935348510742 -52.50277328491211 0
vertex 51.995052337646484 -54.778690338134766 2.5
endloop
endfacet
facet normal -0.9541220538566818 0.2994179459289426 0
outer loop
vertex 53.4423942565918 -52.429351806640625 0
vertex 53.41935348510742 -52.50277328491211 2.5
vertex 53.4423942565918 -52.429351806640625 2.5
endloop
endfacet
facet normal 0 0 -1
outer loop
vertex 44.60993957519531 -64.0609130859375 2.5
vertex 48.0117073059082 -58.269100189208984 2.5
vertex 44.66649627685547 -64.0609130859375 2.5
endloop
endfacet
facet normal 0 0 -1
outer loop
vertex 44.771846771240234 -64.01972961425781 2.5
vertex 44.66649627685547 -64.0609130859375 2.5
vertex 48.0117073059082 -58.269100189208984 2.5
endloop
endfacet
facet normal 0 0 -1
outer loop
vertex 47.72783279418945 -61.291465759277344 2.5
vertex 44.771846771240234 -64.01972961425781 2.5
vertex 47.77731704711914 -61.18974685668945 2.5
endloop
endfacet
facet normal 0 0 -1
outer loop
vertex 48.0117073059082 -58.269100189208984 2.5
vertex 47.77731704711914 -61.18974685668945 2.5
vertex 44.771846771240234 -64.01972961425781 2.5
endloop
endfacet
facet normal -0.9988013132361785 0.04894830617789644 0
outer loop
vertex 54.36219024658203 -33.66070556640625 0
vertex 53.4423942565918 -52.429351806640625 0
vertex 53.4423942565918 -52.429351806640625 2.5
endloop
endfacet
facet normal -0.9988013132361785 0.04894830617789644 0
outer loop
vertex 54.36219024658203 -33.66070556640625 0
vertex 53.4423942565918 -52.429351806640625 2.5
vertex 54.36219024658203 -33.66070556640625 2.5
endloop
endfacet
facet normal 0 0 -1
outer loop
vertex 54.36219024658203 -33.66070556640625 2.5
vertex 8.307844161987305 -48.98636245727539 2.5
vertex 56.392887115478516 -31.23857879638672 2.5
endloop
endfacet
facet normal 0.531009819699052 0.8473656656858244 0
outer loop
vertex -38.17902374267578 -40.715248107910156 2.5
vertex -38.17902374267578 -40.715248107910156 0
vertex -58.932899475097656 -27.709632873535156 2.5
endloop
endfacet
facet normal -0.0019274259861991206 -0.9999981425111553 -0.0000018185094977157622
outer loop
vertex 11.174701690673828 54.117958068847656 0
vertex 11.144259452819824 54.11801528930664 0.800000011920929
vertex -7.855705261230469 54.15463638305664 0.800000011920929
endloop
endfacet
facet normal -0.7663105867832336 0.6424702986005938 0
outer loop
vertex 56.392887115478516 -31.23857879638672 0
vertex 54.36219024658203 -33.66070556640625 0
vertex 54.36219024658203 -33.66070556640625 2.5
endloop
endfacet
facet normal -0.7663105867832336 0.6424702986005938 0
outer loop
vertex 56.392887115478516 -31.23857879638672 0
vertex 54.36219024658203 -33.66070556640625 2.5
vertex 56.392887115478516 -31.23857879638672 2.5
endloop
endfacet
facet normal -0.6387029488921991 0.7694534053965898 0
outer loop
vertex 74.7945556640625 36.570743560791016 0
vertex 60.73797607421875 24.902748107910156 2.5
vertex 74.7945556640625 36.570743560791016 2.5
endloop
endfacet
facet normal 0 1 0
outer loop
vertex -7.712859153747559 -64.0609130859375 0
vertex -12.76488971710205 -64.0609130859375 0
vertex -7.712859153747559 -64.0609130859375 1.350000023841858
endloop
endfacet
facet normal 0 0 -1
outer loop
vertex 64.50344848632812 16.66257667541504 2.5
vertex 64.52325439453125 16.609344482421875 2.5
vertex 63.4837532043457 18.34482765197754 2.5
endloop
endfacet
facet normal 0 0 -1
outer loop
vertex 56.21444320678711 13.503351211547852 2.5
vertex 37.961151123046875 20.774255752563477 2.5
vertex 38.615081787109375 22.545089721679688 2.5
endloop
endfacet
facet normal 0 0 -1
outer loop
vertex 56.21444320678711 13.503351211547852 2.5
vertex 37.952247619628906 20.733413696289062 2.5
vertex 37.961151123046875 20.774255752563477 2.5
endloop
endfacet
facet normal 0.18502945547112779 -0.9827329752318572 0
outer loop
vertex -44.916568756103516 54.21549606323242 0
vertex -44.8609733581543 54.2259635925293 0
vertex -44.8609733581543 54.2259635925293 2.5
endloop
endfacet
facet normal 0 0 -1
outer loop
vertex 56.392887115478516 -31.23857879638672 2.5
vertex 30.308109283447266 -34.52375793457031 2.5
vertex 46.375 -30.369060516357422 2.5
endloop
endfacet
facet normal 0 0 -1
outer loop
vertex 46.658836364746094 -29.617387771606445 2.5
vertex 46.05727005004883 -25.583189010620117 2.5
vertex 46.08492660522461 -25.469215393066406 2.5
endloop
endfacet
facet normal -0.0018880613683813412 -0.9999982176105461 0
outer loop
vertex -44.8609733581543 54.2259635925293 2.5
vertex -44.8609733581543 54.2259635925293 0
vertex -44.83268737792969 54.22591018676758 0.800000011920929
endloop
endfacet
facet normal 0 0 -1
outer loop
vertex 68.75359344482422 -22.228225708007812 2.5
vertex 62.494632720947266 -20.591007232666016 2.5
vertex 65.5877685546875 -3.4938302040100098 2.5
endloop
endfacet
facet normal 0 0 -1
outer loop
vertex 56.392887115478516 -31.23857879638672 2.5
vertex 46.375 -30.369060516357422 2.5
vertex 46.53980255126953 -30.133699417114258 2.5
endloop
endfacet
facet normal 0 0 -1
outer loop
vertex -63.22195816040039 38.51726531982422 2.5
vertex -69.11135864257812 41.18379592895508 2.5
vertex -63.012386322021484 38.69767761230469 2.5
endloop
endfacet
facet normal 0 0 -1
outer loop
vertex -69.11135864257812 41.18379592895508 2.5
vertex -62.71814727783203 38.679420471191406 2.5
vertex -63.012386322021484 38.69767761230469 2.5
endloop
endfacet
facet normal 0 0 -1
outer loop
vertex -69.11135864257812 41.18379592895508 2.5
vertex -70.38909912109375 43.32986831665039 2.5
vertex -44.72687530517578 37.563011169433594 2.5
endloop
endfacet
facet normal 0 0 -1
outer loop
vertex -44.72687530517578 37.563011169433594 2.5
vertex -70.38909912109375 43.32986831665039 2.5
vertex -70.35034942626953 43.376495361328125 2.5
endloop
endfacet
facet normal 0 0 -1
outer loop
vertex 56.392887115478516 -31.23857879638672 2.5
vertex 46.53980255126953 -30.133699417114258 2.5
vertex 46.70761489868164 -29.89403533935547 2.5
endloop
endfacet
facet normal 0 0 -1
outer loop
vertex -44.72687530517578 37.563011169433594 2.5
vertex -70.35034942626953 43.376495361328125 2.5
vertex -66.5118408203125 46.45539474487305 2.5
endloop
endfacet
facet normal 0 0 -1
outer loop
vertex 62.494632720947266 -20.591007232666016 2.5
vertex 59.6812744140625 -4.228001594543457 2.5
vertex 65.5877685546875 -3.4938302040100098 2.5
endloop
endfacet
facet normal 0 0 -1
outer loop
vertex 56.392887115478516 -31.23857879638672 2.5
vertex 46.70761489868164 -29.89403533935547 2.5
vertex 46.658836364746094 -29.617387771606445 2.5
endloop
endfacet
facet normal 0 0 -1
outer loop
vertex 56.392887115478516 -31.23857879638672 2.5
vertex 46.658836364746094 -29.617387771606445 2.5
vertex 46.08492660522461 -25.469215393066406 2.5
endloop
endfacet
facet normal 0 0 -1
outer loop
vertex 56.392887115478516 -31.23857879638672 2.5
vertex 46.08492660522461 -25.469215393066406 2.5
vertex 47.10360336303711 -24.05467414855957 2.5
endloop
endfacet
facet normal 0 0 -1
outer loop
vertex 56.392887115478516 -31.23857879638672 2.5
vertex 47.10360336303711 -24.05467414855957 2.5
vertex 47.20289993286133 -23.99233627319336 2.5
endloop
endfacet
facet normal 0 0 -1
outer loop
vertex 56.392887115478516 -31.23857879638672 2.5
vertex 47.20289993286133 -23.99233627319336 2.5
vertex 65.8679428100586 -29.07665252685547 2.5
endloop
endfacet
facet normal 0 0 -1
outer loop
vertex 47.20289993286133 -23.99233627319336 2.5
vertex 62.21137237548828 -21.345937728881836 2.5
vertex 65.91632843017578 -29.056259155273438 2.5
endloop
endfacet
facet normal -0.22245312200067888 0.9749433873370038 0
outer loop
vertex 65.8679428100586 -29.07665252685547 0
vertex 56.392887115478516 -31.23857879638672 0
vertex 56.392887115478516 -31.23857879638672 2.5
endloop
endfacet
facet normal -0.38838826014848327 0.9214958271087471 0
outer loop
vertex 65.91632843017578 -29.056259155273438 0
vertex 65.8679428100586 -29.07665252685547 0
vertex 65.8679428100586 -29.07665252685547 2.5
endloop
endfacet
facet normal -0.5425565566749307 0.8400192752604209 0
outer loop
vertex 67.44196319580078 -28.070873260498047 0
vertex 65.91632843017578 -29.056259155273438 0
vertex 65.91632843017578 -29.056259155273438 2.5
endloop
endfacet
facet normal -0.6801668101769557 0.7330573717886651 0
outer loop
vertex 67.48045349121094 -28.035160064697266 0
vertex 67.44196319580078 -28.070873260498047 0
vertex 67.44196319580078 -28.070873260498047 2.5
endloop
endfacet
facet normal -0.7971884579847746 0.6037305379520382 0
outer loop
vertex 70.49105072021484 -24.05985450744629 0
vertex 67.48045349121094 -28.035160064697266 0
vertex 67.48045349121094 -28.035160064697266 2.5
endloop
endfacet
facet normal -0.22245312200067888 0.9749433873370038 0
outer loop
vertex 65.8679428100586 -29.07665252685547 2.5
vertex 65.8679428100586 -29.07665252685547 0
vertex 56.392887115478516 -31.23857879638672 2.5
endloop
endfacet
facet normal -0.38838826014848327 0.9214958271087471 0
outer loop
vertex 65.91632843017578 -29.056259155273438 2.5
vertex 65.91632843017578 -29.056259155273438 0
vertex 65.8679428100586 -29.07665252685547 2.5
endloop
endfacet
facet normal -0.5425565566749307 0.8400192752604209 0
outer loop
vertex 67.44196319580078 -28.070873260498047 2.5
vertex 67.44196319580078 -28.070873260498047 0
vertex 65.91632843017578 -29.056259155273438 2.5
endloop
endfacet
facet normal -0.6801668101769557 0.7330573717886651 0
outer loop
vertex 67.48045349121094 -28.035160064697266 2.5
vertex 67.48045349121094 -28.035160064697266 0
vertex 67.44196319580078 -28.070873260498047 2.5
endloop
endfacet
facet normal -0.7971884579847746 0.6037305379520382 0
outer loop
vertex 70.49105072021484 -24.05985450744629 0
vertex 67.48045349121094 -28.035160064697266 2.5
vertex 70.49105072021484 -24.05985450744629 2.5
endloop
endfacet
facet normal -0.9029225407811904 0.429803310072456 0
outer loop
vertex 70.5174331665039 -24.004430770874023 0
vertex 70.49105072021484 -24.05985450744629 0
vertex 70.49105072021484 -24.05985450744629 2.5
endloop
endfacet
facet normal -0.9712459405202897 0.2380783967999993 0
outer loop
vertex 71.0243148803711 -21.936595916748047 0
vertex 70.5174331665039 -24.004430770874023 0
vertex 70.5174331665039 -24.004430770874023 2.5
endloop
endfacet
facet normal 0 0 -1
outer loop
vertex -46.78813552856445 53.46937561035156 2.5
vertex 8.78019905090332 45.9240837097168 2.5
vertex -42.79970169067383 45.9240837097168 2.5
endloop
endfacet
facet normal 0.681739537165999 -0.7315949722795323 0
outer loop
vertex -50.48073196411133 50.02841567993164 2.5
vertex -50.48073196411133 50.02841567993164 0
vertex -46.78813552856445 53.46937561035156 2.5
endloop
endfacet
facet normal -0.9993366223609285 0.036418610740267664 0
outer loop
vertex 71.02655029296875 -21.875255584716797 0
vertex 71.0243148803711 -21.936595916748047 0
vertex 71.0243148803711 -21.936595916748047 2.5
endloop
endfacet
facet normal -0.9029225407811904 0.429803310072456 0
outer loop
vertex 70.5174331665039 -24.004430770874023 2.5
vertex 70.5174331665039 -24.004430770874023 0
vertex 70.49105072021484 -24.05985450744629 2.5
endloop
endfacet
facet normal -0.9712459405202897 0.2380783967999993 0
outer loop
vertex 71.0243148803711 -21.936595916748047 2.5
vertex 71.0243148803711 -21.936595916748047 0
vertex 70.5174331665039 -24.004430770874023 2.5
endloop
endfacet
facet normal -0.9993366223609285 0.036418610740267664 0
outer loop
vertex 71.02655029296875 -21.875255584716797 2.5
vertex 71.02655029296875 -21.875255584716797 0
vertex 71.0243148803711 -21.936595916748047 2.5
endloop
endfacet
facet normal -0.015637062430281814 -0.9998777336647473 0
outer loop
vertex -53.59402847290039 46.89786911010742 2.5
vertex -64.7134780883789 47.0717658996582 0
vertex -53.59402847290039 46.89786911010742 0
endloop
endfacet
facet normal 0 0 -1
outer loop
vertex 65.8679428100586 -29.07665252685547 2.5
vertex 47.20289993286133 -23.99233627319336 2.5
vertex 65.91632843017578 -29.056259155273438 2.5
endloop
endfacet
facet normal 0 0 -1
outer loop
vertex 67.44196319580078 -28.070873260498047 2.5
vertex 65.91632843017578 -29.056259155273438 2.5
vertex 62.21137237548828 -21.345937728881836 2.5
endloop
endfacet
facet normal 0 0 -1
outer loop
vertex 67.48045349121094 -28.035160064697266 2.5
vertex 67.44196319580078 -28.070873260498047 2.5
vertex 62.54398727416992 -20.870912551879883 2.5
endloop
endfacet
facet normal 0 0 -1
outer loop
vertex 62.21137237548828 -21.345937728881836 2.5
vertex 62.37442398071289 -21.113075256347656 2.5
vertex 67.44196319580078 -28.070873260498047 2.5
endloop
endfacet
facet normal 0 0 -1
outer loop
vertex 62.37442398071289 -21.113075256347656 2.5
vertex 62.54398727416992 -20.870912551879883 2.5
vertex 67.44196319580078 -28.070873260498047 2.5
endloop
endfacet
facet normal 0 0 -1
outer loop
vertex 67.48045349121094 -28.035160064697266 2.5
vertex 62.54398727416992 -20.870912551879883 2.5
vertex 62.494632720947266 -20.591007232666016 2.5
endloop
endfacet
facet normal 0 0 -1
outer loop
vertex 67.48045349121094 -28.035160064697266 2.5
vertex 62.494632720947266 -20.591007232666016 2.5
vertex 68.75359344482422 -22.228225708007812 2.5
endloop
endfacet
facet normal 0 0 -1
outer loop
vertex 70.49105072021484 -24.05985450744629 2.5
vertex 67.48045349121094 -28.035160064697266 2.5
vertex 68.75359344482422 -22.228225708007812 2.5
endloop
endfacet
facet normal 0 0 -1
outer loop
vertex 70.5174331665039 -24.004430770874023 2.5
vertex 70.49105072021484 -24.05985450744629 2.5
vertex 68.75359344482422 -22.228225708007812 2.5
endloop
endfacet
facet normal 0 0 -1
outer loop
vertex 71.0243148803711 -21.936595916748047 2.5
vertex 70.5174331665039 -24.004430770874023 2.5
vertex 68.75359344482422 -22.228225708007812 2.5
endloop
endfacet
facet normal 0 0 -1
outer loop
vertex 71.02655029296875 -21.875255584716797 2.5
vertex 71.0243148803711 -21.936595916748047 2.5
vertex 68.75359344482422 -22.228225708007812 2.5
endloop
endfacet
facet normal 0.5374959813302213 -0.843266310280366 0
outer loop
vertex -53.59402847290039 46.89786911010742 0
vertex -51.21520233154297 48.414127349853516 0
vertex -51.21520233154297 48.414127349853516 2.5
endloop
endfacet
facet normal 0.9129952917212886 -0.4079700936279022 0
outer loop
vertex -51.21520233154297 48.414127349853516 0
vertex -50.515769958496094 49.97938537597656 0
vertex -50.515769958496094 49.97938537597656 2.5
endloop
endfacet
facet normal 0.8136051389530441 -0.581417816951973 0
outer loop
vertex -50.515769958496094 49.97938537597656 0
vertex -50.48073196411133 50.02841567993164 0
vertex -50.48073196411133 50.02841567993164 2.5
endloop
endfacet
facet normal 0 0 -1
outer loop
vertex 39.64662551879883 11.859130859375 2.5
vertex 39.581607818603516 11.956582069396973 2.5
vertex 41.08676528930664 10.880693435668945 2.5
endloop
endfacet
facet normal 0 0 -1
outer loop
vertex 39.581607818603516 11.956582069396973 2.5
vertex 37.90949630737305 20.091520309448242 2.5
vertex 56.21444320678711 13.503351211547852 2.5
endloop
endfacet
facet normal 0 0 -1
outer loop
vertex 41.08676528930664 10.880693435668945 2.5
vertex 39.581607818603516 11.956582069396973 2.5
vertex 56.21444320678711 13.503351211547852 2.5
endloop
endfacet
facet normal 0.5374959813302213 -0.843266310280366 0
outer loop
vertex -53.59402847290039 46.89786911010742 2.5
vertex -53.59402847290039 46.89786911010742 0
vertex -51.21520233154297 48.414127349853516 2.5
endloop
endfacet
facet normal 0.9129952917212886 -0.4079700936279022 0
outer loop
vertex -51.21520233154297 48.414127349853516 2.5
vertex -51.21520233154297 48.414127349853516 0
vertex -50.515769958496094 49.97938537597656 2.5
endloop
endfacet
facet normal 0.8136051389530441 -0.581417816951973 0
outer loop
vertex -50.515769958496094 49.97938537597656 2.5
vertex -50.515769958496094 49.97938537597656 0
vertex -50.48073196411133 50.02841567993164 2.5
endloop
endfacet
facet normal 0 0 -1
outer loop
vertex -62.71814727783203 38.679420471191406 2.5
vertex -69.11135864257812 41.18379592895508 2.5
vertex -44.72687530517578 37.563011169433594 2.5
endloop
endfacet
facet normal 0 0 -1
outer loop
vertex -44.72687530517578 37.563011169433594 2.5
vertex -66.5118408203125 46.45539474487305 2.5
vertex -66.46627807617188 46.48046875 2.5
endloop
endfacet
facet normal 0 0 -1
outer loop
vertex -44.72687530517578 37.563011169433594 2.5
vertex -66.46627807617188 46.48046875 2.5
vertex -64.76483917236328 47.063621520996094 2.5
endloop
endfacet
facet normal 0 0 -1
outer loop
vertex -64.76483917236328 47.063621520996094 2.5
vertex -64.7134780883789 47.0717658996582 2.5
vertex -44.72687530517578 37.563011169433594 2.5
endloop
endfacet
facet normal 0 0 -1
outer loop
vertex -44.72687530517578 37.563011169433594 2.5
vertex -64.7134780883789 47.0717658996582 2.5
vertex -53.59402847290039 46.89786911010742 2.5
endloop
endfacet
facet normal 0 0 -1
outer loop
vertex 41.08676528930664 10.880693435668945 2.5
vertex 56.21444320678711 13.503351211547852 2.5
vertex 41.20131301879883 10.856143951416016 2.5
endloop
endfacet
facet normal 0.18502945547112779 -0.9827329752318572 0
outer loop
vertex -44.916568756103516 54.21549606323242 2.5
vertex -44.916568756103516 54.21549606323242 0
vertex -44.8609733581543 54.2259635925293 2.5
endloop
endfacet
facet normal 0.3654381472384298 -0.9308356248784978 0
outer loop
vertex -46.74026870727539 53.49952697753906 2.5
vertex -46.74026870727539 53.49952697753906 0
vertex -44.916568756103516 54.21549606323242 2.5
endloop
endfacet
facet normal 0.5329777975333783 -0.846129226144842 0
outer loop
vertex -46.78813552856445 53.46937561035156 2.5
vertex -46.78813552856445 53.46937561035156 0
vertex -46.74026870727539 53.49952697753906 2.5
endloop
endfacet
facet normal 0 0 -1
outer loop
vertex 56.21444320678711 13.503351211547852 2.5
vertex 60.838951110839844 20.36188507080078 2.5
vertex 56.45509338378906 13.334081649780273 2.5
endloop
endfacet
facet normal 0 0 -1
outer loop
vertex -44.72687530517578 37.563011169433594 2.5
vertex -53.59402847290039 46.89786911010742 2.5
vertex -43.25900650024414 38.874969482421875 2.5
endloop
endfacet
facet normal 0 0 -1
outer loop
vertex -43.25900650024414 38.874969482421875 2.5
vertex -53.59402847290039 46.89786911010742 2.5
vertex -43.20975112915039 38.98885726928711 2.5
endloop
endfacet
facet normal 0 0 -1
outer loop
vertex -44.72687530517578 37.563011169433594 2.5
vertex -43.25900650024414 38.874969482421875 2.5
vertex -44.61005783081055 37.60515594482422 2.5
endloop
endfacet
facet normal 0 0 -1
outer loop
vertex -43.20975112915039 38.98885726928711 2.5
vertex -53.59402847290039 46.89786911010742 2.5
vertex -43.20975112915039 45.514034271240234 2.5
endloop
endfacet
facet normal 0 0 -1
outer loop
vertex -43.20975112915039 45.514034271240234 2.5
vertex -53.59402847290039 46.89786911010742 2.5
vertex -51.21520233154297 48.414127349853516 2.5
endloop
endfacet
facet normal 0 0 -1
outer loop
vertex -43.20975112915039 45.514034271240234 2.5
vertex -51.21520233154297 48.414127349853516 2.5
vertex -50.515769958496094 49.97938537597656 2.5
endloop
endfacet
facet normal 0 0 -1
outer loop
vertex 56.739356994628906 12.882732391357422 2.5
vertex 56.688602447509766 13.170574188232422 2.5
vertex 60.838951110839844 20.36188507080078 2.5
endloop
endfacet
facet normal 0 0 -1
outer loop
vertex 60.73797607421875 24.902748107910156 2.5
vertex 54.42042922973633 30.31637954711914 2.5
vertex 65.44206237792969 39.564674377441406 2.5
endloop
endfacet
facet normal 0 0 -1
outer loop
vertex 56.45509338378906 13.334081649780273 2.5
vertex 60.838951110839844 20.36188507080078 2.5
vertex 56.688602447509766 13.170574188232422 2.5
endloop
endfacet
facet normal 0 0 -1
outer loop
vertex 75.79217529296875 38.39576721191406 2.5
vertex 75.77476501464844 38.341670989990234 2.5
vertex 65.44206237792969 39.564674377441406 2.5
endloop
endfacet
facet normal -1 0 0
outer loop
vertex -7.712859153747559 -63.76091384887695 1.350000023841858
vertex -7.712859153747559 -64.0609130859375 0
vertex -7.712859153747559 -64.0609130859375 1.350000023841858
endloop
endfacet
facet normal 1 0 0
outer loop
vertex 0.2871410846710205 -63.76091384887695 1.350000023841858
vertex 0.2871410846710205 -64.0609130859375 1.350000023841858
vertex 0.2871410846710205 -64.0609130859375 0
endloop
endfacet
facet normal -1 0 0
outer loop
vertex -7.712859153747559 -64.0609130859375 -0.44999998807907104
vertex -7.712859153747559 -64.0609130859375 0
vertex -7.712859153747559 -63.76091384887695 -0.44999998807907104
endloop
endfacet
facet normal 1 0 0
outer loop
vertex 0.2871410846710205 -64.0609130859375 -0.44999998807907104
vertex 0.2871410846710205 -63.76091384887695 -0.44999998807907104
vertex 0.2871410846710205 -63.76091384887695 1.350000023841858
endloop
endfacet
facet normal 0 0 -1
outer loop
vertex -7.712859153747559 -64.5609130859375 -0.44999998807907104
vertex -7.712859153747559 -64.0609130859375 -0.44999998807907104
vertex 0.2871410846710205 -63.76091384887695 -0.44999998807907104
endloop
endfacet
facet normal 0 0 -1
outer loop
vertex 0.2871410846710205 -63.76091384887695 -0.44999998807907104
vertex -7.712859153747559 -64.0609130859375 -0.44999998807907104
vertex -7.712859153747559 -63.76091384887695 -0.44999998807907104
endloop
endfacet
facet normal 0 0 -1
outer loop
vertex 0.2871410846710205 -64.5609130859375 -0.44999998807907104
vertex -7.712859153747559 -64.5609130859375 -0.44999998807907104
vertex 0.2871410846710205 -64.0609130859375 -0.44999998807907104
endloop
endfacet
facet normal 0 0 -1
outer loop
vertex 0.2871410846710205 -64.0609130859375 -0.44999998807907104
vertex -7.712859153747559 -64.5609130859375 -0.44999998807907104
vertex 0.2871410846710205 -63.76091384887695 -0.44999998807907104
endloop
endfacet
facet normal -1 0 0
outer loop
vertex -7.712859153747559 -63.76091384887695 -0.44999998807907104
vertex -7.712859153747559 -64.0609130859375 0
vertex -7.712859153747559 -63.76091384887695 1.350000023841858
endloop
endfacet
facet normal 0 1 0
outer loop
vertex 0.2871410846710205 -63.76091384887695 -0.44999998807907104
vertex -7.712859153747559 -63.76091384887695 -0.44999998807907104
vertex 0.2871410846710205 -63.76091384887695 1.350000023841858
endloop
endfacet
facet normal 1 0 0
outer loop
vertex 0.2871410846710205 -64.0609130859375 -0.44999998807907104
vertex 0.2871410846710205 -63.76091384887695 1.350000023841858
vertex 0.2871410846710205 -64.0609130859375 0
endloop
endfacet
facet normal 0 0 1
outer loop
vertex 0.2871410846710205 -63.76091384887695 1.350000023841858
vertex -7.712859153747559 -63.76091384887695 1.350000023841858
vertex 0.2871410846710205 -64.0609130859375 1.350000023841858
endloop
endfacet
facet normal 0 0 1
outer loop
vertex -7.712859153747559 -63.76091384887695 1.350000023841858
vertex -7.712859153747559 -64.0609130859375 1.350000023841858
vertex 0.2871410846710205 -64.0609130859375 1.350000023841858
endloop
endfacet
facet normal 0 1 0
outer loop
vertex 0.2871410846710205 -63.76091384887695 1.350000023841858
vertex -7.712859153747559 -63.76091384887695 -0.44999998807907104
vertex -7.712859153747559 -63.76091384887695 1.350000023841858
endloop
endfacet
facet normal 0 0 -1
outer loop
vertex 44.60993957519531 -64.0609130859375 2.5
vertex 44.60993957519531 -65.26091766357422 2.5
vertex 25.609939575195312 -64.0609130859375 2.5
endloop
endfacet
facet normal -1 0 0
outer loop
vertex 44.60993957519531 -65.26091766357422 2.5
vertex 44.60993957519531 -64.0609130859375 2.5
vertex 44.60993957519531 -65.26091766357422 0.800000011920929
endloop
endfacet
facet normal 1 0 0
outer loop
vertex 25.609939575195312 -65.26091766357422 0.800000011920929
vertex 25.609939575195312 -64.0609130859375 0.800000011920929
vertex 25.609939575195312 -65.26091766357422 2.5
endloop
endfacet
facet normal 1 0 0
outer loop
vertex 25.609939575195312 -64.0609130859375 2.5
vertex 25.609939575195312 -65.26091766357422 2.5
vertex 25.609939575195312 -64.0609130859375 0.800000011920929
endloop
endfacet
facet normal 0 0 1
outer loop
vertex 44.60993957519531 -64.0609130859375 0.800000011920929
vertex 25.609939575195312 -64.0609130859375 0.800000011920929
vertex 25.609939575195312 -65.26091766357422 0.800000011920929
endloop
endfacet
facet normal 0 1 0
outer loop
vertex 44.60993957519531 -65.26091766357422 0.800000011920929
vertex 25.609939575195312 -65.26091766357422 0.800000011920929
vertex 25.609939575195312 -65.26091766357422 2.5
endloop
endfacet
facet normal 0 0 1
outer loop
vertex 25.609939575195312 -65.26091766357422 0.800000011920929
vertex 44.60993957519531 -65.26091766357422 0.800000011920929
vertex 44.60993957519531 -64.0609130859375 0.800000011920929
endloop
endfacet
facet normal 0 1 0
outer loop
vertex 44.60993957519531 -65.26091766357422 0.800000011920929
vertex 25.609939575195312 -65.26091766357422 2.5
vertex 44.60993957519531 -65.26091766357422 2.5
endloop
endfacet
facet normal -1 0 0
outer loop
vertex 44.60993957519531 -64.0609130859375 0.800000011920929
vertex 44.60993957519531 -65.26091766357422 0.800000011920929
vertex 44.60993957519531 -64.0609130859375 2.5
endloop
endfacet
facet normal 0 0 -1
outer loop
vertex 25.609939575195312 -64.0609130859375 2.5
vertex 44.60993957519531 -65.26091766357422 2.5
vertex 25.609939575195312 -65.26091766357422 2.5
endloop
endfacet
facet normal 0 0 1
outer loop
vertex 11.144259452819824 54.11801528930664 0.800000011920929
vertex 11.14657211303711 55.31801223754883 0.800000011920929
vertex -7.855705261230469 54.15463638305664 0.800000011920929
endloop
endfacet
facet normal 0.9999981429133383 -0.0019272181698981835 0
outer loop
vertex -7.855705261230469 54.15463638305664 2.5
vertex -7.855705261230469 54.15463638305664 0.800000011920929
vertex -7.853392601013184 55.35463333129883 0.800000011920929
endloop
endfacet
facet normal -0.0019274259862023073 -0.9999981425128086 0
outer loop
vertex -7.853392601013184 55.35463333129883 0.800000011920929
vertex 11.14657211303711 55.31801223754883 0.800000011920929
vertex 11.14657211303711 55.31801223754883 2.5
endloop
endfacet
facet normal -0.9999981429133383 0.0019272181698981835 0
outer loop
vertex 11.144259452819824 54.11801528930664 0.800000011920929
vertex 11.14657211303711 55.31801223754883 2.5
vertex 11.14657211303711 55.31801223754883 0.800000011920929
endloop
endfacet
facet normal -0.999565241115369 -0.02343006573057606 0.017898624914636427
outer loop
vertex 11.144259452819824 54.11801528930664 0.800000011920929
vertex 11.174701690673828 54.117958068847656 2.5
vertex 11.14657211303711 55.31801223754883 2.5
endloop
endfacet
facet normal 0 0 -1
outer loop
vertex 11.174701690673828 54.117958068847656 2.5
vertex -7.853392601013184 55.35463333129883 2.5
vertex 11.14657211303711 55.31801223754883 2.5
endloop
endfacet
facet normal 0 0 -1
outer loop
vertex -7.855705261230469 54.15463638305664 2.5
vertex -7.853392601013184 55.35463333129883 2.5
vertex 11.174701690673828 54.117958068847656 2.5
endloop
endfacet
facet normal -0.0019274259862023073 -0.9999981425128086 0
outer loop
vertex -7.853392601013184 55.35463333129883 0.800000011920929
vertex 11.14657211303711 55.31801223754883 2.5
vertex -7.853392601013184 55.35463333129883 2.5
endloop
endfacet
facet normal 0.9999981429133383 -0.0019272181698981835 0
outer loop
vertex -7.855705261230469 54.15463638305664 2.5
vertex -7.853392601013184 55.35463333129883 0.800000011920929
vertex -7.853392601013184 55.35463333129883 2.5
endloop
endfacet
facet normal 0 0 1
outer loop
vertex -7.853392601013184 55.35463333129883 0.800000011920929
vertex -7.855705261230469 54.15463638305664 0.800000011920929
vertex 11.14657211303711 55.31801223754883 0.800000011920929
endloop
endfacet
facet normal 0.9996750520193154 -0.02549098605741049 0
outer loop
vertex -44.83037567138672 55.425907135009766 2.5
vertex -44.8609733581543 54.2259635925293 2.5
vertex -44.83037567138672 55.425907135009766 0.800000011920929
endloop
endfacet
facet normal 0 0 -1
outer loop
vertex -44.8609733581543 54.2259635925293 2.5
vertex -44.83037567138672 55.425907135009766 2.5
vertex -25.83272361755371 54.18928909301758 2.5
endloop
endfacet
facet normal 0.9998597479113861 -0.0019261568328849993 0.01663653889588249
outer loop
vertex -44.83268737792969 54.22591018676758 0.800000011920929
vertex -44.83037567138672 55.425907135009766 0.800000011920929
vertex -44.8609733581543 54.2259635925293 2.5
endloop
endfacet
facet normal 0 0 1
outer loop
vertex -44.83268737792969 54.22591018676758 0.800000011920929
vertex -25.83272361755371 54.18928909301758 0.800000011920929
vertex -25.830411911010742 55.389286041259766 0.800000011920929
endloop
endfacet
facet normal -0.0019274260829461672 -0.9999981425126221 0
outer loop
vertex -44.83037567138672 55.425907135009766 0.800000011920929
vertex -25.830411911010742 55.389286041259766 0.800000011920929
vertex -25.830411911010742 55.389286041259766 2.5
endloop
endfacet
facet normal -0.0019274260829461672 -0.9999981425126221 0
outer loop
vertex -44.83037567138672 55.425907135009766 0.800000011920929
vertex -25.830411911010742 55.389286041259766 2.5
vertex -44.83037567138672 55.425907135009766 2.5
endloop
endfacet
facet normal -0.9999981444446363 0.001926423443705891 0
outer loop
vertex -25.830411911010742 55.389286041259766 0.800000011920929
vertex -25.83272361755371 54.18928909301758 0.800000011920929
vertex -25.830411911010742 55.389286041259766 2.5
endloop
endfacet
facet normal -0.9999981444446363 0.001926423443705891 0
outer loop
vertex -25.83272361755371 54.18928909301758 2.5
vertex -25.830411911010742 55.389286041259766 2.5
vertex -25.83272361755371 54.18928909301758 0.800000011920929
endloop
endfacet
facet normal 0 0 1
outer loop
vertex -25.830411911010742 55.389286041259766 0.800000011920929
vertex -44.83037567138672 55.425907135009766 0.800000011920929
vertex -44.83268737792969 54.22591018676758 0.800000011920929
endloop
endfacet
facet normal 0 0 -1
outer loop
vertex -25.83272361755371 54.18928909301758 2.5
vertex -44.83037567138672 55.425907135009766 2.5
vertex -25.830411911010742 55.389286041259766 2.5
endloop
endfacet
facet normal 0 0 -1
outer loop
vertex -75.03284454345703 -17.620447158813477 2.5
vertex -59.57011032104492 -28.726472854614258 2.5
vertex -75.67005920410156 -18.637285232543945 2.5
endloop
endfacet
facet normal 0 0 1
outer loop
vertex -59.57011032104492 -28.726472854614258 0.800000011920929
vertex -58.932899475097656 -27.709632873535156 0.800000011920929
vertex -75.67005920410156 -18.637285232543945 0.800000011920929
endloop
endfacet
facet normal 0.531009830048014 0.8473656592005481 0
outer loop
vertex -59.57011032104492 -28.726472854614258 0.800000011920929
vertex -75.67005920410156 -18.637285232543945 2.5
vertex -59.57011032104492 -28.726472854614258 2.5
endloop
endfacet
facet normal 0.8473644165249509 -0.5310118130581744 0
outer loop
vertex -75.03284454345703 -17.620447158813477 0.800000011920929
vertex -75.03284454345703 -17.620447158813477 2.5
vertex -75.67005920410156 -18.637285232543945 2.5
endloop
endfacet
facet normal 0 0 1
outer loop
vertex -75.03284454345703 -17.620447158813477 0.800000011920929
vertex -75.67005920410156 -18.637285232543945 0.800000011920929
vertex -58.932899475097656 -27.709632873535156 0.800000011920929
endloop
endfacet
facet normal 0.8473644165249509 -0.5310118130581744 0
outer loop
vertex -75.03284454345703 -17.620447158813477 0.800000011920929
vertex -75.67005920410156 -18.637285232543945 2.5
vertex -75.67005920410156 -18.637285232543945 0.800000011920929
endloop
endfacet
facet normal 0 0 -1
outer loop
vertex -58.932899475097656 -27.709632873535156 2.5
vertex -59.57011032104492 -28.726472854614258 2.5
vertex -75.03284454345703 -17.620447158813477 2.5
endloop
endfacet
facet normal -0.8473662950896957 0.5310088153185055 0
outer loop
vertex -59.57011032104492 -28.726472854614258 0.800000011920929
vertex -59.57011032104492 -28.726472854614258 2.5
vertex -58.932899475097656 -27.709632873535156 2.5
endloop
endfacet
facet normal -0.8473662950896957 0.5310088153185055 0
outer loop
vertex -58.932899475097656 -27.709632873535156 2.5
vertex -58.932899475097656 -27.709632873535156 0.800000011920929
vertex -59.57011032104492 -28.726472854614258 0.800000011920929
endloop
endfacet
facet normal 0.531009830048014 0.8473656592005481 0
outer loop
vertex -59.57011032104492 -28.726472854614258 0.800000011920929
vertex -75.67005920410156 -18.637285232543945 0.800000011920929
vertex -75.67005920410156 -18.637285232543945 2.5
endloop
endfacet
facet normal 0.3803002498814904 -0.8102589297766607 0.4459284546395938
outer loop
vertex -63.262386322021484 39.13069152832031 7.199999809265137
vertex -63.012386322021484 38.69767761230469 6.199999809265137
vertex -63.17039108276367 39.17387008666992 7.199999809265137
endloop
endfacet
facet normal 0.5180836757122138 -0.7300602170302102 0.44564715243152186
outer loop
vertex -63.338600158691406 39.07660675048828 7.199999809265137
vertex -63.012386322021484 38.69767761230469 6.199999809265137
vertex -63.262386322021484 39.13069152832031 7.199999809265137
endloop
endfacet
facet normal -0.2323782491957118 0.8644056925629872 -0.4458734663168891
outer loop
vertex -63.0191535949707 38.72758865356445 6.261514663696289
vertex -63.012386322021484 38.69767761230469 6.199999809265137
vertex -63.03792190551758 38.7678337097168 6.349318504333496
endloop
endfacet
facet normal 0.2323782491957118 -0.8644056925629872 0.4458734663168891
outer loop
vertex -63.012386322021484 38.69767761230469 6.199999809265137
vertex -63.0191535949707 38.72758865356445 6.261514663696289
vertex -63.03792190551758 38.7678337097168 6.349318504333496
endloop
endfacet
facet normal -0.3782521282860179 0.8112602016837023 -0.4458499889101901
outer loop
vertex -63.03792190551758 38.7678337097168 6.349318504333496
vertex -63.012386322021484 38.69767761230469 6.199999809265137
vertex -63.262386322021484 39.13069152832031 7.199999809265137
endloop
endfacet
facet normal 0.3782521282860179 -0.8112602016837023 0.4458499889101901
outer loop
vertex -63.012386322021484 38.69767761230469 6.199999809265137
vertex -63.03792190551758 38.7678337097168 6.349318504333496
vertex -63.262386322021484 39.13069152832031 7.199999809265137
endloop
endfacet
facet normal -0.8111255768972472 -0.3785291662423034 -0.4458598084678801
outer loop
vertex -10.126677513122559 -49.98025131225586 6.334920406341553
vertex -10.066939353942871 -49.9493408203125 6.199999809265137
vertex -10.501267433166504 -50.1965217590332 7.199999809265137
endloop
endfacet
facet normal 0.8111255768972472 0.3785291662423034 0.4458598084678801
outer loop
vertex -10.066939353942871 -49.9493408203125 6.199999809265137
vertex -10.126677513122559 -49.98025131225586 6.334920406341553
vertex -10.501267433166504 -50.1965217590332 7.199999809265137
endloop
endfacet
facet normal 0.8030152007824768 0.3948624698665125 0.4463745257104129
outer loop
vertex -10.544845581054688 -50.1078987121582 7.199999809265137
vertex -10.501267433166504 -50.1965217590332 7.199999809265137
vertex -10.066939353942871 -49.9493408203125 6.199999809265137
endloop
endfacet
facet normal 0.736371787220296 0.5090636007308852 0.44565776263506623
outer loop
vertex -10.501267433166504 -50.1965217590332 7.199999809265137
vertex -10.44996166229248 -50.27073669433594 7.199999809265137
vertex -10.066939353942871 -49.9493408203125 6.199999809265137
endloop
endfacet
facet normal -0.046840739307235035 0.8937733935855934 0.44606621264072865
outer loop
vertex -9.609906196594238 -50.835086822509766 7.199999809265137
vertex 0.7658741474151611 -49.792232513427734 6.199999809265137
vertex -9.635990142822266 -50.337371826171875 6.199999809265137
endloop
endfacet
facet normal 0.03843578361200682 0.8949819861721423 0.44444339905717817
outer loop
vertex -9.609906196594238 -50.835086822509766 7.199999809265137
vertex -9.635990142822266 -50.337371826171875 6.199999809265137
vertex -9.728133201599121 -50.83000946044922 7.199999809265137
endloop
endfacet
facet normal 0.8113563218059379 -0.3780363019733118 -0.44585813153500115
outer loop
vertex 46.752479553222656 -29.919937133789062 6.303604602813721
vertex 46.70761489868164 -29.89403533935547 6.199999809265137
vertex 47.17364501953125 -30.07322883605957 7.199999809265137
endloop
endfacet
facet normal -0.8113563218059379 0.3780363019733118 0.44585813153500115
outer loop
vertex 46.70761489868164 -29.89403533935547 6.199999809265137
vertex 46.752479553222656 -29.919937133789062 6.303604602813721
vertex 47.17364501953125 -30.07322883605957 7.199999809265137
endloop
endfacet
facet normal -0.8609743079069715 0.24584027277066164 0.4452929388707597
outer loop
vertex 46.70761489868164 -29.89403533935547 6.199999809265137
vertex 47.17364501953125 -30.07322883605957 7.199999809265137
vertex 47.20001983642578 -29.980859756469727 7.199999809265137
endloop
endfacet
facet normal -0.8154326833316847 0.36885396150346716 0.4461124230927526
outer loop
vertex 47.17364501953125 -30.07322883605957 7.199999809265137
vertex 46.70761489868164 -29.89403533935547 6.199999809265137
vertex 47.13521194458008 -30.158193588256836 7.199999809265137
endloop
endfacet
facet normal -0.8073837513808837 -0.38685755600512 0.4455027602247563
outer loop
vertex 9.617842674255371 45.77322769165039 7.199999809265137
vertex 9.1902494430542 45.514034271240234 6.199999809265137
vertex 9.660096168518066 45.68504333496094 7.199999809265137
endloop
endfacet
facet normal -0.7329783795353907 -0.5132513181520926 0.44644795838799883
outer loop
vertex 9.567852020263672 45.84461975097656 7.199999809265137
vertex 9.1902494430542 45.514034271240234 6.199999809265137
vertex 9.617842674255371 45.77322769165039 7.199999809265137
endloop
endfacet
endsolid auto-kdk-case
