solid auto-kdk-case
facet normal -0.05233595691331668 -0.9986295347194412 0
outer loop
vertex 13.498787879943848 2.6571128368377686 2.200000047683716
vertex 13.498787879943848 2.6571128368377686 0
vertex 27.579463958740234 1.9191758632659912 0
endloop
endfacet
facet normal -0.9848077836986043 0.17364800363563884 0
outer loop
vertex -14.769410133361816 -40.218955993652344 2.200000047683716
vertex -14.152959823608398 -36.7228889465332 0
vertex -14.769410133361816 -40.218955993652344 0
endloop
endfacet
facet normal 0.9986295381785943 -0.05233589090869941 0
outer loop
vertex -5.519368648529053 -36.81226348876953 0
vertex -5.333576202392578 -33.267127990722656 0
vertex -5.333576202392578 -33.267127990722656 2.200000047683716
endloop
endfacet
facet normal 0.998629544692851 -0.052335766608973155 0
outer loop
vertex 13.312995910644531 -0.8880220055580139 0
vertex 13.498787879943848 2.6571128368377686 0
vertex 13.498787879943848 2.6571128368377686 2.200000047683716
endloop
endfacet
facet normal -0.052335958678607686 -0.9986295346269259 -2.3765165788961475e-8
outer loop
vertex 4.434292793273926 0.267620325088501 0
vertex 10.526522636413574 -0.051659926772117615 0
vertex -3.5541536808013916 0.6862770318984985 2.200000047683716
endloop
endfacet
facet normal -0.9961947221219528 -0.08715546807398805 -0.000001081348535542841
outer loop
vertex 61.451656341552734 36.424076080322266 2.200000047683716
vertex 61.76105880737305 32.8875846862793 1.7000000476837158
vertex 62.37114715576172 25.914220809936523 1.7000000476837158
endloop
endfacet
facet normal -0.2588192402527217 -0.9659257739982616 -9.289601752634122e-7
outer loop
vertex -24.102136611938477 36.36205291748047 2.200000047683716
vertex -10.482583045959473 32.712703704833984 0
vertex -18.94625473022461 34.98053741455078 2.200000047683716
endloop
endfacet
facet normal 0.9961946102075867 0.08715674726127065 -4.3521254752756877e-7
outer loop
vertex 47.6737174987793 32.12727737426758 2.200000047683716
vertex 47.71471405029297 31.658687591552734 1.7000000476837158
vertex 47.40530776977539 35.1951789855957 2.200000047683716
endloop
endfacet
facet normal 0.1736481113908707 0.9848077646980091 9.456660988802037e-7
outer loop
vertex -30.40413475036621 -30.988788604736328 2.200000047683716
vertex -44.28992462158203 -28.540348052978516 0
vertex -37.10736083984375 -29.80682945251465 2.200000047683716
endloop
endfacet
facet normal -1 0 0
outer loop
vertex 41.05796432495117 43.787601470947266 2.200000047683716
vertex 41.05796432495117 40.23759841918945 1.7000000476837158
vertex 41.05796432495117 33.23759841918945 1.7000000476837158
endloop
endfacet
facet normal -0.6427875610436726 -0.7660444839351869 0
outer loop
vertex -56.11099624633789 52.95986557006836 0
vertex -45.30976867675781 43.89656066894531 0
vertex -56.11099624633789 52.95986557006836 2.200000047683716
endloop
endfacet
facet normal -0.9659258062000113 0.25881912007384134 -0.00000102990174410822
outer loop
vertex -27.482582092285156 36.962703704833984 2.200000047683716
vertex -28.401390075683594 33.53366470336914 1.7000000476837158
vertex -30.213123321533203 26.772186279296875 1.7000000476837158
endloop
endfacet
facet normal -0.0871555049479923 0.9961947188957768 -0.000001193529715552764
outer loop
vertex 62.68054962158203 22.377729415893555 2.200000047683716
vertex 48.63420486450195 21.148834228515625 0
vertex 59.912696838378906 22.135574340820312 2.200000047683716
endloop
endfacet
facet normal 0.9991298345915166 -0.04125566959169815 -0.006127263309939133
outer loop
vertex -5.951326370239258 -44.869606018066406 0
vertex -5.938169956207275 -44.803466796875 1.7000000476837158
vertex -5.987320899963379 -45.7413215637207 0
endloop
endfacet
facet normal -0.9961947136811062 -0.08715556455663137 7.959752141204704e-7
outer loop
vertex 62.93330383300781 19.488765716552734 2.200000047683716
vertex 63.8527946472168 8.978911399841309 1.7000000476837158
vertex 63.53932571411133 12.5618896484375 2.200000047683716
endloop
endfacet
facet normal -0.996194708848519 -0.08715561979708725 0
outer loop
vertex 62.93330383300781 19.488765716552734 0
vertex 63.242706298828125 15.952274322509766 0
vertex 63.242706298828125 15.952274322509766 1.7000000476837158
endloop
endfacet
facet normal -0.9961947210871569 -0.08715547990280226 -9.970431993408565e-7
outer loop
vertex 63.242706298828125 15.952274322509766 1.7000000476837158
vertex 63.8527946472168 8.978911399841309 1.7000000476837158
vertex 62.93330383300781 19.488765716552734 2.200000047683716
endloop
endfacet
facet normal -0.9659258077528968 0.25881911428044424 0
outer loop
vertex -30.213123321533203 26.772186279296875 0
vertex -31.13193130493164 23.343149185180664 0
vertex -31.13193130493164 23.343149185180664 2.200000047683716
endloop
endfacet
facet normal 0.9986295437270927 -0.05233578503680345 0
outer loop
vertex 12.423284530639648 -17.864723205566406 1.7000000476837158
vertex 12.423284530639648 -17.864723205566406 0
vertex 12.609076499938965 -14.319589614868164 2.200000047683716
endloop
endfacet
facet normal 0.08715576429585865 -0.996194696206522 0
outer loop
vertex 50.36860656738281 1.324559211730957 2.200000047683716
vertex 50.36860656738281 1.324559211730957 0
vertex 64.41494750976562 2.553455114364624 0
endloop
endfacet
facet normal -0.9986295354178318 0.05233594358635926 -3.01329610969514e-7
outer loop
vertex 9.636811256408691 -17.028362274169922 2.200000047683716
vertex 9.084667205810547 -27.56390380859375 1.7000000476837158
vertex 9.20290470123291 -25.30779457092285 2.200000047683716
endloop
endfacet
facet normal -0.25881898774962614 -0.9659258416567282 0
outer loop
vertex -35.94625473022461 39.23053741455078 2.200000047683716
vertex -27.482582092285156 36.962703704833984 0
vertex -27.482582092285156 36.962703704833984 2.200000047683716
endloop
endfacet
facet normal -0.996194708848519 -0.08715561979708725 0
outer loop
vertex 62.37114715576172 25.914220809936523 1.7000000476837158
vertex 62.37114715576172 25.914220809936523 0
vertex 62.68054962158203 22.377729415893555 2.200000047683716
endloop
endfacet
facet normal -0.9961947088485189 -0.08715561979708725 0
outer loop
vertex 49.139957427978516 -17.90570068359375 0
vertex 49.44935989379883 -21.44219207763672 0
vertex 49.44935989379883 -21.44219207763672 2.200000047683716
endloop
endfacet
facet normal -0.9986295585031222 0.052335503091682486 0
outer loop
vertex 26.68975257873535 -15.057526588439941 0
vertex 26.50396156311035 -18.6026611328125 0
vertex 26.50396156311035 -18.6026611328125 1.7000000476837158
endloop
endfacet
facet normal -0.9848077528769704 0.1736481784334245 4.0704843227621857e-7
outer loop
vertex -14.417963981628418 -38.22580337524414 2.200000047683716
vertex -12.320971488952637 -26.333168029785156 2.200000047683716
vertex -14.152959823608398 -36.7228889465332 1.7000000476837158
endloop
endfacet
facet normal 0.6427875610436726 0.7660444839351869 0
outer loop
vertex -54.37307357788086 33.095333099365234 0
vertex -65.17430114746094 42.15863800048828 0
vertex -54.37307357788086 33.095333099365234 2.200000047683716
endloop
endfacet
facet normal 0.9659258244530218 -0.258819051954334 4.581255038598457e-7
outer loop
vertex -44.75148391723633 26.992496490478516 2.200000047683716
vertex -43.83267593383789 30.421533584594727 1.7000000476837158
vertex -42.02094268798828 37.183013916015625 1.7000000476837158
endloop
endfacet
facet normal 0.9848077418086089 -0.17364824120568662 0
outer loop
vertex -23.871192932128906 -10.639063835144043 1.7000000476837158
vertex -23.871192932128906 -10.639063835144043 0
vertex -23.254741668701172 -7.142996311187744 2.200000047683716
endloop
endfacet
facet normal -0.9961947078282078 -0.08715563145931184 0
outer loop
vertex 46.73881530761719 9.539462089538574 0
vertex 47.0482177734375 6.002971172332764 0
vertex 47.0482177734375 6.002971172332764 1.7000000476837158
endloop
endfacet
facet normal -1 0 0
outer loop
vertex 24.057966232299805 12.687600135803223 2.200000047683716
vertex 24.057966232299805 26.787599563598633 2.200000047683716
vertex 24.057966232299805 16.237600326538086 1.7000000476837158
endloop
endfacet
facet normal 1 0 0
outer loop
vertex 9.957965850830078 33.23759841918945 1.7000000476837158
vertex 9.957965850830078 29.687599182128906 0
vertex 9.957965850830078 33.23759841918945 0
endloop
endfacet
facet normal -0.9961947047672722 -0.08715566644600423 0
outer loop
vertex 45.56657028198242 22.938282012939453 1.7000000476837158
vertex 45.25716781616211 26.47477149963379 2.200000047683716
vertex 45.25716781616211 26.47477149963379 0
endloop
endfacet
facet normal 0.1736481747038262 0.9848077535346833 0
outer loop
vertex -24.500097274780273 2.494675397872925 0
vertex -38.385887145996094 4.943114757537842 0
vertex -24.500097274780273 2.494675397872925 2.200000047683716
endloop
endfacet
facet normal -0.9659258077528968 0.25881911428044424 0
outer loop
vertex -13.213123321533203 22.522186279296875 1.7000000476837158
vertex -13.213123321533203 22.522186279296875 0
vertex -14.13193130493164 19.093149185180664 2.200000047683716
endloop
endfacet
facet normal 0.052335832917342784 0.9986295412177871 0
outer loop
vertex 8.009162902832031 -48.08573913574219 0
vertex -5.940399169921875 -47.35467529296875 1.7000000476837158
vertex 8.009162902832031 -48.08573913574219 2.200000047683716
endloop
endfacet
facet normal 0.17364805353887833 0.9848077748983332 0.0000013974384461991382
outer loop
vertex -28.514053344726562 -37.795406341552734 2.200000047683716
vertex -14.769410133361816 -40.218955993652344 2.200000047683716
vertex -28.65519905090332 -37.77051544189453 0
endloop
endfacet
facet normal 0.9961946745163722 0.08715601217012475 -0.00000279649264244994
outer loop
vertex 33.40516662597656 0.164438858628273 2.200000047683716
vertex 33.00187301635742 4.774075508117676 1.7000000476837158
vertex 32.69247055053711 8.310566902160645 2.200000047683716
endloop
endfacet
facet normal 1 0 0
outer loop
vertex 9.957965850830078 23.237600326538086 0
vertex 9.957965850830078 26.787599563598633 0
vertex 9.957965850830078 26.787599563598633 2.200000047683716
endloop
endfacet
facet normal 1 0 0
outer loop
vertex 9.957965850830078 12.687600135803223 2.200000047683716
vertex 9.957965850830078 16.237600326538086 1.7000000476837158
vertex 9.957965850830078 23.237600326538086 1.7000000476837158
endloop
endfacet
facet normal 0.9961947213458565 0.08715547694559847 -0.0000010181195355367267
outer loop
vertex 51.59749984741211 -12.721786499023438 2.200000047683716
vertex 51.2880973815918 -9.185295104980469 1.7000000476837158
vertex 50.678009033203125 -2.2119319438934326 1.7000000476837158
endloop
endfacet
facet normal 0.9848077813600655 -0.17364801689024373 0.0000016586078744461095
outer loop
vertex -22.751161575317383 -4.28705358505249 2.200000047683716
vertex -22.13471031188965 -0.790986180305481 1.7000000476837158
vertex -20.919174194335938 6.102668285369873 1.7000000476837158
endloop
endfacet
facet normal -0.9848077870080684 0.1736479848550392 0.0000020137684973385566
outer loop
vertex -27.95569610595703 -17.102998733520508 2.200000047683716
vertex -28.572147369384766 -20.59906578063965 1.7000000476837158
vertex -29.787683486938477 -27.492721557617188 1.7000000476837158
endloop
endfacet
facet normal 0.7660446237991952 -0.6427873943504414 0.0000035383106936419292
outer loop
vertex -65.17430114746094 42.15863800048828 2.200000047683716
vertex -62.89240264892578 44.87809753417969 1.7000000476837158
vertex -58.39289093017578 50.24040985107422 1.7000000476837158
endloop
endfacet
facet normal -0.9986295311584468 0.05233602486109069 0
outer loop
vertex 25.24789810180664 -42.56977081298828 1.7000000476837158
vertex 25.24789810180664 -42.56977081298828 0
vertex 25.062105178833008 -46.114906311035156 2.200000047683716
endloop
endfacet
facet normal 0.9848077085469352 -0.173648429835134 0.000001525535019190368
outer loop
vertex -58.271453857421875 -8.997888565063477 2.200000047683716
vertex -58.294307708740234 -9.127503395080566 1.7000000476837158
vertex -57.6778564453125 -5.631435394287109 2.200000047683716
endloop
endfacet
facet normal 0.9848077377583516 -0.1736482641758261 0
outer loop
vertex -59.50984573364258 -16.02115821838379 1.7000000476837158
vertex -60.12629699707031 -19.51722526550293 2.200000047683716
vertex -60.12629699707031 -19.51722526550293 0
endloop
endfacet
facet normal -0.17364821018165918 -0.9848077472789836 0
outer loop
vertex -54.30134201049805 -6.226806163787842 2.200000047683716
vertex -43.79206848144531 -8.079874992370605 0
vertex -43.79206848144531 -8.079874992370605 2.200000047683716
endloop
endfacet
facet normal 1 0 0
outer loop
vertex 26.957965850830078 29.687599182128906 2.200000047683716
vertex 26.957965850830078 40.23759841918945 1.7000000476837158
vertex 26.957965850830078 43.787601470947266 2.200000047683716
endloop
endfacet
facet normal -0.9986295311584468 0.05233602486109069 0
outer loop
vertex 9.97437858581543 -10.587201118469238 1.7000000476837158
vertex 9.97437858581543 -10.587201118469238 0
vertex 9.788585662841797 -14.132336616516113 2.200000047683716
endloop
endfacet
facet normal -0.9848077377583516 0.1736482641758261 0
outer loop
vertex -12.937422752380371 -29.829235076904297 1.7000000476837158
vertex -12.320971488952637 -26.333168029785156 2.200000047683716
vertex -12.320971488952637 -26.333168029785156 0
endloop
endfacet
facet normal 0.996194708848519 0.08715561979708725 0
outer loop
vertex 31.520225524902344 21.70938491821289 1.7000000476837158
vertex 31.520225524902344 21.70938491821289 0
vertex 31.21082305908203 25.24587631225586 2.200000047683716
endloop
endfacet
facet normal -0.9848079215189744 0.1736472220148583 0
outer loop
vertex -45.62405776977539 -18.46959686279297 0
vertex -46.24050521850586 -21.96566390991211 0
vertex -46.24050521850586 -21.96566390991211 2.200000047683716
endloop
endfacet
facet normal 0.9961947088485189 0.08715561979708725 0
outer loop
vertex 51.59749984741211 -12.721786499023438 0
vertex 51.2880973815918 -9.185295104980469 1.7000000476837158
vertex 51.59749984741211 -12.721786499023438 2.200000047683716
endloop
endfacet
facet normal 0.9986295342086348 -0.05233596666008134 0
outer loop
vertex -3.7399463653564453 -2.8588578701019287 0
vertex -3.5541536808013916 0.6862770318984985 0
vertex -3.5541536808013916 0.6862770318984985 2.200000047683716
endloop
endfacet
facet normal 0.9848077418086089 -0.17364824120568662 0
outer loop
vertex -20.919174194335938 6.102668285369873 1.7000000476837158
vertex -20.919174194335938 6.102668285369873 0
vertex -20.302722930908203 9.598735809326172 2.200000047683716
endloop
endfacet
facet normal 0.6427872335280971 0.7660447587532307 0
outer loop
vertex -61.15898895263672 38.78939437866211 2.200000047683716
vertex -65.17430114746094 42.15863800048828 0
vertex -65.17430114746094 42.15863800048828 2.200000047683716
endloop
endfacet
facet normal 0.9659258077528968 -0.25881911428044424 0
outer loop
vertex -26.832677841186523 26.171533584594727 1.7000000476837158
vertex -27.75148582458496 22.742496490478516 2.200000047683716
vertex -27.75148582458496 22.742496490478516 0
endloop
endfacet
facet normal 1 0 0
outer loop
vertex 26.957965850830078 29.687599182128906 2.200000047683716
vertex 26.957965850830078 33.23759841918945 1.7000000476837158
vertex 26.957965850830078 40.23759841918945 1.7000000476837158
endloop
endfacet
facet normal 0.9986295370783231 -0.0523359118864799 0.000001320822182265025
outer loop
vertex -6.0715131759643555 -47.34780502319336 2.200000047683716
vertex -5.519368648529053 -36.81226348876953 1.7000000476837158
vertex -5.635847091674805 -39.034793853759766 2.200000047683716
endloop
endfacet
facet normal -0.984807741808609 0.17364824120568664 0
outer loop
vertex -41.60585403442383 5.1527228355407715 1.7000000476837158
vertex -40.989402770996094 8.64879035949707 2.200000047683716
vertex -40.989402770996094 8.64879035949707 0
endloop
endfacet
facet normal 0 -1 0
outer loop
vertex 9.957965850830078 26.787599563598633 2.200000047683716
vertex 24.057966232299805 26.787599563598633 0
vertex 24.057966232299805 26.787599563598633 2.200000047683716
endloop
endfacet
facet normal -0.9986295341722214 0.05233596735329143 -4.0886575709772595e-7
outer loop
vertex 9.084667205810547 -27.56390380859375 1.7000000476837158
vertex 8.898874282836914 -31.109039306640625 2.200000047683716
vertex 9.20290470123291 -25.30779457092285 2.200000047683716
endloop
endfacet
facet normal 0.9848077407960447 -0.17364824694822092 0
outer loop
vertex -22.13471031188965 -0.790986180305481 0
vertex -22.13471031188965 -0.790986180305481 1.7000000476837158
vertex -22.751161575317383 -4.28705358505249 0
endloop
endfacet
facet normal -1 0 0
outer loop
vertex 24.057966232299805 16.237600326538086 0
vertex 24.057966232299805 12.687600135803223 0
vertex 24.057966232299805 12.687600135803223 2.200000047683716
endloop
endfacet
facet normal -0.7660448325872393 0.6427871455360543 0
outer loop
vertex -47.5916633605957 41.177101135253906 1.7000000476837158
vertex -45.30976867675781 43.89656066894531 2.200000047683716
vertex -45.30976867675781 43.89656066894531 0
endloop
endfacet
facet normal 1 0 0
outer loop
vertex 9.957965850830078 29.687599182128906 2.200000047683716
vertex 9.957965850830078 33.23759841918945 1.7000000476837158
vertex 9.957965850830078 40.23759841918945 1.7000000476837158
endloop
endfacet
facet normal -0.9961947215256891 -0.08715547488992305 0.0000010327705736231032
outer loop
vertex 65.33444213867188 -7.956398963928223 1.7000000476837158
vertex 65.64384460449219 -11.492890357971191 2.200000047683716
vertex 65.43592834472656 -9.116389274597168 2.200000047683716
endloop
endfacet
facet normal 0.9986295351441685 -0.052335948807416245 -4.116451394795199e-7
outer loop
vertex -5.181801795959473 -30.37110137939453 2.200000047683716
vertex -4.996009349822998 -26.825965881347656 1.7000000476837158
vertex -4.629657745361328 -19.835559844970703 1.7000000476837158
endloop
endfacet
facet normal -0.08715579095338133 0.996194693874267 2.1466744298450715e-7
outer loop
vertex 47.96771240234375 -4.506882667541504 2.200000047683716
vertex 33.92136764526367 -5.73577880859375 0
vertex 42.628082275390625 -4.9740400314331055 2.200000047683716
endloop
endfacet
facet normal -0.05233595691331668 -0.9986295347194412 0
outer loop
vertex 12.609076499938965 -14.319589614868164 2.200000047683716
vertex 26.68975257873535 -15.057526588439941 0
vertex 26.68975257873535 -15.057526588439941 2.200000047683716
endloop
endfacet
facet normal 0.9986295561556723 -0.05233554788406064 0
outer loop
vertex -5.885720729827881 -43.802669525146484 0
vertex -5.885720729827881 -43.802669525146484 1.7000000476837158
vertex -5.929370880126953 -44.63557052612305 0
endloop
endfacet
facet normal -0.9848077377583516 0.1736482641758261 0
outer loop
vertex -27.452116012573242 -14.247056007385254 2.200000047683716
vertex -26.835664749145508 -10.750988960266113 0
vertex -27.452116012573242 -14.247056007385254 0
endloop
endfacet
facet normal -0.6427878634675261 -0.766044230171374 0
outer loop
vertex -46.05625534057617 44.5229377746582 2.200000047683716
vertex -45.30976867675781 43.89656066894531 0
vertex -45.30976867675781 43.89656066894531 2.200000047683716
endloop
endfacet
facet normal -1 0 0
outer loop
vertex 41.05796432495117 33.23759841918945 1.7000000476837158
vertex 41.05796432495117 29.687599182128906 2.200000047683716
vertex 41.05796432495117 43.787601470947266 2.200000047683716
endloop
endfacet
facet normal -0.9961947028409925 -0.0871556884624015 -4.374372342914203e-7
outer loop
vertex 47.96771240234375 -4.506882667541504 2.200000047683716
vertex 46.76769256591797 9.209415435791016 2.200000047683716
vertex 47.65830993652344 -0.970391571521759 1.7000000476837158
endloop
endfacet
facet normal 0.996194708848519 0.08715561979708725 0
outer loop
vertex 48.32480239868164 24.685325622558594 0
vertex 48.32480239868164 24.685325622558594 1.7000000476837158
vertex 48.63420486450195 21.148834228515625 0
endloop
endfacet
facet normal 0.9986295381785943 -0.05233589090869941 0
outer loop
vertex -4.996009349822998 -26.825965881347656 0
vertex -4.996009349822998 -26.825965881347656 1.7000000476837158
vertex -5.181801795959473 -30.37110137939453 0
endloop
endfacet
facet normal 0.25881903754374463 0.9659258283144363 0
outer loop
vertex -44.75148391723633 26.992496490478516 0
vertex -44.75148391723633 26.992496490478516 2.200000047683716
vertex -36.71400833129883 24.8388614654541 2.200000047683716
endloop
endfacet
facet normal -0.9848077832873812 0.17364800587584467 0.000005651286153869278
outer loop
vertex -45.62405776977539 -18.46959686279297 1.7000000476837158
vertex -46.24050521850586 -21.96566390991211 2.200000047683716
vertex -43.79206848144531 -8.079874992370605 2.200000047683716
endloop
endfacet
facet normal 0.9961946737686673 0.08715602071971955 0.000002691189545822061
outer loop
vertex 32.439720153808594 11.199531555175781 2.200000047683716
vertex 32.13031768798828 14.736021995544434 1.7000000476837158
vertex 31.520225524902344 21.70938491821289 1.7000000476837158
endloop
endfacet
facet normal 1 0 0
outer loop
vertex 26.957965850830078 40.23759841918945 0
vertex 26.957965850830078 43.787601470947266 0
vertex 26.957965850830078 43.787601470947266 2.200000047683716
endloop
endfacet
facet normal -0.08715577969345184 0.9961946948593635 2.9334993295601473e-7
outer loop
vertex 50.11585235595703 4.213523864746094 0
vertex 55.586891174316406 4.6921772956848145 2.200000047683716
vertex 64.16220092773438 5.44242000579834 2.200000047683716
endloop
endfacet
facet normal 0.9986295437270928 -0.05233578503680346 0
outer loop
vertex 12.609076499938965 -14.319589614868164 2.200000047683716
vertex 12.423284530639648 -17.864723205566406 0
vertex 12.609076499938965 -14.319589614868164 0
endloop
endfacet
facet normal 0.9986295311584468 -0.05233602486109069 0
outer loop
vertex -4.629657745361328 -19.835559844970703 0
vertex -4.443864822387695 -16.290424346923828 0
vertex -4.443864822387695 -16.290424346923828 2.200000047683716
endloop
endfacet
facet normal 0.05233602082956164 0.9986295313697305 0
outer loop
vertex 25.95181655883789 -29.138202667236328 0
vertex 11.871139526367188 -28.400264739990234 0
vertex 25.95181655883789 -29.138202667236328 2.200000047683716
endloop
endfacet
facet normal 0.9848077413023268 -0.17364824407695373 0
outer loop
vertex -57.323631286621094 -2.788559675216675 0
vertex -56.70718002319336 0.7075077891349792 1.7000000476837158
vertex -57.323631286621094 -2.788559675216675 2.200000047683716
endloop
endfacet
facet normal 0.052335953378348316 0.998629534904701 0
outer loop
vertex 26.841527938842773 -12.161500930786133 0
vertex 12.76085090637207 -11.423563957214355 0
vertex 26.841527938842773 -12.161500930786133 2.200000047683716
endloop
endfacet
facet normal -0.08715573409672606 0.996194698848604 0
outer loop
vertex 64.16220092773438 5.44242000579834 0
vertex 50.11585235595703 4.213523864746094 0
vertex 64.16220092773438 5.44242000579834 2.200000047683716
endloop
endfacet
facet normal 0.9848078296387923 -0.1736477430954151 0
outer loop
vertex -28.03874969482422 -34.27444839477539 0
vertex -28.03874969482422 -34.27444839477539 1.7000000476837158
vertex -28.65519905090332 -37.77051544189453 0
endloop
endfacet
facet normal 0.9848077377583517 -0.1736482641758261 0
outer loop
vertex -43.6734733581543 -25.044281005859375 0
vertex -43.6734733581543 -25.044281005859375 1.7000000476837158
vertex -44.28992462158203 -28.540348052978516 0
endloop
endfacet
facet normal -0.0871557575866262 0.9961946967935038 0
outer loop
vertex 47.96771240234375 -4.506882667541504 0
vertex 33.92136764526367 -5.73577880859375 0
vertex 47.96771240234375 -4.506882667541504 2.200000047683716
endloop
endfacet
facet normal -0.9848077438337368 0.17364822972061913 0
outer loop
vertex -8.248921394348145 -3.2394254207611084 0
vertex -8.865372657775879 -6.735493183135986 0
vertex -8.865372657775879 -6.735493183135986 2.200000047683716
endloop
endfacet
facet normal -0.0871557575866262 0.9961946967935038 0
outer loop
vertex 65.64384460449219 -11.492890357971191 0
vertex 51.59749984741211 -12.721786499023438 0
vertex 65.64384460449219 -11.492890357971191 2.200000047683716
endloop
endfacet
facet normal 0.998629545198724 -0.05233575695630531 0
outer loop
vertex 11.167221069335938 -41.83183288574219 1.7000000476837158
vertex 10.981429100036621 -45.37696838378906 2.200000047683716
vertex 10.981429100036621 -45.37696838378906 0
endloop
endfacet
facet normal -0.9848077438337368 0.17364822972061913 0
outer loop
vertex -8.248921394348145 -3.2394254207611084 1.7000000476837158
vertex -8.248921394348145 -3.2394254207611084 0
vertex -8.865372657775879 -6.735493183135986 2.200000047683716
endloop
endfacet
facet normal 0.9848077377583516 -0.1736482641758261 0
outer loop
vertex -36.553897857666016 15.332836151123047 0
vertex -35.93744659423828 18.828903198242188 0
vertex -35.93744659423828 18.828903198242188 2.200000047683716
endloop
endfacet
facet normal 1 0 0
outer loop
vertex -7.042034149169922 40.23759841918945 0
vertex -7.042034149169922 43.787601470947266 0
vertex -7.042034149169922 43.787601470947266 2.200000047683716
endloop
endfacet
facet normal -0.9961947088485189 -0.08715561979708725 0
outer loop
vertex 46.17666244506836 15.96491813659668 0
vertex 46.48606491088867 12.428426742553711 0
vertex 46.48606491088867 12.428426742553711 2.200000047683716
endloop
endfacet
facet normal -0.9986295422554591 0.05233581311733169 0
outer loop
vertex 8.561307907104492 -37.55019760131836 1.7000000476837158
vertex 8.747099876403809 -34.00506591796875 2.200000047683716
vertex 8.747099876403809 -34.00506591796875 0
endloop
endfacet
facet normal -0.9848077836986044 0.17364800363563884 0
outer loop
vertex -14.152959823608398 -36.7228889465332 0
vertex -14.769410133361816 -40.218955993652344 2.200000047683716
vertex -14.152959823608398 -36.7228889465332 1.7000000476837158
endloop
endfacet
facet normal -0.05233602789950791 -0.9986295309992099 0
outer loop
vertex 11.719366073608398 -31.29629135131836 2.200000047683716
vertex 25.80004119873047 -32.03422927856445 0
vertex 25.80004119873047 -32.03422927856445 2.200000047683716
endloop
endfacet
facet normal -0.9986295282151517 0.05233608102240297 0
outer loop
vertex 8.194955825805664 -44.54060745239258 0
vertex 8.009162902832031 -48.08573913574219 0
vertex 8.009162902832031 -48.08573913574219 2.200000047683716
endloop
endfacet
facet normal 0.9986295315192528 -0.052336017976397496 -1.0814670262829933e-7
outer loop
vertex -6.0715131759643555 -47.34780502319336 2.200000047683716
vertex -5.987320899963379 -45.7413215637207 1.7000000476837158
vertex -5.938169956207275 -44.803466796875 1.7000000476837158
endloop
endfacet
facet normal 0.9659258927242633 -0.2588187970927356 0.000006025303503778295
outer loop
vertex -44.75148391723633 26.992496490478516 2.200000047683716
vertex -42.02094268798828 37.183013916015625 1.7000000476837158
vertex -41.10213851928711 40.61205291748047 2.200000047683716
endloop
endfacet
facet normal -0.9986295592389298 0.05233548905150865 0
outer loop
vertex 25.80004119873047 -32.03422927856445 0
vertex 25.61425018310547 -35.57936477661133 0
vertex 25.61425018310547 -35.57936477661133 1.7000000476837158
endloop
endfacet
facet normal 0.087155845131395 -0.996194689134324 0
outer loop
vertex 59.728328704833984 19.20836639404297 2.200000047683716
vertex 62.93330383300781 19.488765716552734 0
vertex 62.93330383300781 19.488765716552734 2.200000047683716
endloop
endfacet
facet normal 0.05233575455953305 0.998629545321927 0.0000021921150381472146
outer loop
vertex -5.940399169921875 -47.35467529296875 1.7000000476837158
vertex -6.0715131759643555 -47.34780502319336 2.200000047683716
vertex 8.009162902832031 -48.08573913574219 2.200000047683716
endloop
endfacet
facet normal 0.9986295307905354 -0.052336031881248135 0
outer loop
vertex 12.76085090637207 -11.423563957214355 0
vertex 12.946643829345703 -7.878428936004639 0
vertex 12.946643829345703 -7.878428936004639 1.7000000476837158
endloop
endfacet
facet normal 1 0 0
outer loop
vertex -7.042034149169922 33.23759841918945 1.7000000476837158
vertex -7.042034149169922 29.687599182128906 0
vertex -7.042034149169922 33.23759841918945 0
endloop
endfacet
facet normal -0.7660448325872392 0.6427871455360542 0
outer loop
vertex -52.09117889404297 35.81479263305664 0
vertex -54.37307357788086 33.095333099365234 0
vertex -52.09117889404297 35.81479263305664 1.7000000476837158
endloop
endfacet
facet normal 0.9961947088485189 0.08715561979708725 0
outer loop
vertex 31.520225524902344 21.70938491821289 0
vertex 31.21082305908203 25.24587631225586 0
vertex 31.21082305908203 25.24587631225586 2.200000047683716
endloop
endfacet
facet normal 0.9961947144107226 0.08715555621849402 6.193682455981426e-7
outer loop
vertex 50.11585235595703 4.213523864746094 2.200000047683716
vertex 49.19636154174805 14.72337818145752 1.7000000476837158
vertex 48.886959075927734 18.259868621826172 2.200000047683716
endloop
endfacet
facet normal -1 0 0
outer loop
vertex 24.057966232299805 16.237600326538086 0
vertex 24.057966232299805 12.687600135803223 2.200000047683716
vertex 24.057966232299805 16.237600326538086 1.7000000476837158
endloop
endfacet
facet normal -0.7660448325872393 0.6427871455360543 0
outer loop
vertex -52.09117889404297 35.81479263305664 1.7000000476837158
vertex -54.37307357788086 33.095333099365234 0
vertex -54.37307357788086 33.095333099365234 2.200000047683716
endloop
endfacet
facet normal 0.05233595691331668 0.9986295347194412 0
outer loop
vertex 9.788585662841797 -14.132336616516113 2.200000047683716
vertex -4.29209041595459 -13.394399642944336 0
vertex -4.29209041595459 -13.394399642944336 2.200000047683716
endloop
endfacet
facet normal -0.052336024364534536 -0.9986295311844703 0
outer loop
vertex -5.333576202392578 -33.267127990722656 2.200000047683716
vertex -5.333576202392578 -33.267127990722656 0
vertex 8.747099876403809 -34.00506591796875 0
endloop
endfacet
facet normal 0.9986295352374651 -0.052335947027307525 -3.98989018619398e-7
outer loop
vertex -4.29209041595459 -13.394399642944336 2.200000047683716
vertex -4.106297969818115 -9.849264144897461 1.7000000476837158
vertex -3.7399463653564453 -2.8588578701019287 1.7000000476837158
endloop
endfacet
facet normal 0.9848077385666512 -0.17364825959168437 1.3255439711018127e-7
outer loop
vertex -41.33790588378906 -11.798617362976074 2.200000047683716
vertex -39.505916595458984 -1.4088952541351318 1.7000000476837158
vertex -38.88946533203125 2.087172269821167 2.200000047683716
endloop
endfacet
facet normal 0.9961947216044663 0.08715547398838701 -0.000001122313807379192
outer loop
vertex 50.11585235595703 4.213523864746094 2.200000047683716
vertex 49.80644989013672 7.750014781951904 1.7000000476837158
vertex 49.19636154174805 14.72337818145752 1.7000000476837158
endloop
endfacet
facet normal 0.9659258244530218 -0.258819051954334 4.581255038598457e-7
outer loop
vertex -27.75148582458496 22.742496490478516 2.200000047683716
vertex -26.832677841186523 26.171533584594727 1.7000000476837158
vertex -25.020944595336914 32.933013916015625 1.7000000476837158
endloop
endfacet
facet normal -0.173647418854089 -0.9848078868110839 0
outer loop
vertex -10.105914115905762 -9.4614896774292 2.200000047683716
vertex -9.368951797485352 -9.591435432434082 0
vertex -9.368951797485352 -9.591435432434082 2.200000047683716
endloop
endfacet
facet normal 0.9961947035031833 0.08715568089372977 -3.938841538571022e-7
outer loop
vertex 50.85114669799805 -4.190903663635254 2.200000047683716
vertex 50.678009033203125 -2.2119319438934326 1.7000000476837158
vertex 50.36860656738281 1.324559211730957 2.200000047683716
endloop
endfacet
facet normal -0.9848077377583516 0.1736482641758261 0
outer loop
vertex -28.572147369384766 -20.59906578063965 1.7000000476837158
vertex -27.95569610595703 -17.102998733520508 2.200000047683716
vertex -27.95569610595703 -17.102998733520508 0
endloop
endfacet
facet normal 0.2588189229333516 0.9659258590241901 0
outer loop
vertex -27.75148582458496 22.742496490478516 0
vertex -27.75148582458496 22.742496490478516 2.200000047683716
vertex -19.714006423950195 20.5888614654541 2.200000047683716
endloop
endfacet
facet normal 0.9961947147628566 0.08715555190883896 -0.000007072229524950408
outer loop
vertex 33.92136764526367 -5.73577880859375 2.200000047683716
vertex 33.00187301635742 4.774075508117676 1.7000000476837158
vertex 33.40516662597656 0.164438858628273 2.200000047683716
endloop
endfacet
facet normal -0.08715573712355255 0.9961946985837911 0
outer loop
vertex 33.92136764526367 -5.73577880859375 0
vertex 33.92136764526367 -5.73577880859375 2.200000047683716
vertex 42.628082275390625 -4.9740400314331055 2.200000047683716
endloop
endfacet
facet normal -0.9848077051404966 0.1736484491555575 0.0000013336177225620825
outer loop
vertex -26.835664749145508 -10.750988960266113 1.7000000476837158
vertex -27.452116012573242 -14.247056007385254 2.200000047683716
vertex -27.091711044311523 -12.20310115814209 2.200000047683716
endloop
endfacet
facet normal 0.9848077458839984 -0.17364821809293077 -1.6663206832455458e-7
outer loop
vertex -20.80283546447754 6.762457370758057 2.200000047683716
vertex -20.919174194335938 6.102668285369873 1.7000000476837158
vertex -20.302722930908203 9.598735809326172 2.200000047683716
endloop
endfacet
facet normal -1 0 0
outer loop
vertex 41.05796432495117 40.23759841918945 1.7000000476837158
vertex 41.05796432495117 43.787601470947266 2.200000047683716
vertex 41.05796432495117 43.787601470947266 0
endloop
endfacet
facet normal -0.9986295387971591 0.05233587909426428 0.0000010971942377548995
outer loop
vertex 10.526522636413574 -0.051659926772117615 2.200000047683716
vertex 10.340729713439941 -3.596794843673706 1.7000000476837158
vertex 9.97437858581543 -10.587201118469238 1.7000000476837158
endloop
endfacet
facet normal 0.9848077829002824 -0.17364800815334253 0.0000018457991366693545
outer loop
vertex -25.70318031311035 -21.028785705566406 2.200000047683716
vertex -25.086729049682617 -17.532718658447266 1.7000000476837158
vertex -23.871192932128906 -10.639063835144043 1.7000000476837158
endloop
endfacet
facet normal -0.25881904952018325 -0.9659258251053592 0
outer loop
vertex -41.10213851928711 40.61205291748047 2.200000047683716
vertex -41.10213851928711 40.61205291748047 0
vertex -27.482582092285156 36.962703704833984 0
endloop
endfacet
facet normal -0.9986295592389298 0.052335489051508643 0
outer loop
vertex 25.61425018310547 -35.57936477661133 1.7000000476837158
vertex 25.80004119873047 -32.03422927856445 2.200000047683716
vertex 25.80004119873047 -32.03422927856445 0
endloop
endfacet
facet normal 0 -1 0
outer loop
vertex -7.042034149169922 43.787601470947266 2.200000047683716
vertex -7.042034149169922 43.787601470947266 0
vertex 7.057966232299805 43.787601470947266 0
endloop
endfacet
facet normal -0.2588190149594029 -0.965925834365892 0
outer loop
vertex -18.94625473022461 34.98053741455078 2.200000047683716
vertex -10.482583045959473 32.712703704833984 0
vertex -10.482583045959473 32.712703704833984 2.200000047683716
endloop
endfacet
facet normal 0.9848077805138531 -0.17364802161341208 0.0000053969079387220165
outer loop
vertex -56.515926361083984 1.792166829109192 2.200000047683716
vertex -57.323631286621094 -2.788559675216675 2.200000047683716
vertex -55.491641998291016 7.601161956787109 1.7000000476837158
endloop
endfacet
facet normal -0.17364815830458002 -0.9848077564263127 0
outer loop
vertex -23.254741668701172 -7.142996311187744 2.200000047683716
vertex -23.254741668701172 -7.142996311187744 0
vertex -9.368951797485352 -9.591435432434082 0
endloop
endfacet
facet normal 0.9848077179090368 -0.17364837674302896 0.0000011427652415453693
outer loop
vertex -56.515926361083984 1.792166829109192 2.200000047683716
vertex -55.491641998291016 7.601161956787109 1.7000000476837158
vertex -54.87519073486328 11.097229957580566 2.200000047683716
endloop
endfacet
facet normal 0.08715581867206462 -0.996194691449217 -3.8841176527049926e-8
outer loop
vertex 48.886959075927734 18.259868621826172 2.200000047683716
vertex 62.93330383300781 19.488765716552734 0
vertex 59.728328704833984 19.20836639404297 2.200000047683716
endloop
endfacet
facet normal 0.258818923849409 0.965925858778631 4.4519281026716807e-7
outer loop
vertex -31.13193130493164 23.343149185180664 2.200000047683716
vertex -44.75148391723633 26.992496490478516 0
vertex -36.71400833129883 24.8388614654541 2.200000047683716
endloop
endfacet
facet normal 0.9848077334810444 -0.1736482884333326 -3.197886648605731e-7
outer loop
vertex -57.323631286621094 -2.788559675216675 2.200000047683716
vertex -56.70718002319336 0.7075077891349792 1.7000000476837158
vertex -55.491641998291016 7.601161956787109 1.7000000476837158
endloop
endfacet
facet normal -0.9961947083383634 -0.08715562562819915 0
outer loop
vertex 64.41494750976562 2.553455114364624 0
vertex 64.72434997558594 -0.9830360412597656 0
vertex 64.72434997558594 -0.9830360412597656 1.7000000476837158
endloop
endfacet
facet normal 0.9848077407960447 -0.17364824694822092 0
outer loop
vertex -22.13471031188965 -0.790986180305481 1.7000000476837158
vertex -22.751161575317383 -4.28705358505249 2.200000047683716
vertex -22.751161575317383 -4.28705358505249 0
endloop
endfacet
facet normal -0.9961947047672723 -0.08715566644600424 0
outer loop
vertex 45.25716781616211 26.47477149963379 0
vertex 45.56657028198242 22.938282012939453 0
vertex 45.56657028198242 22.938282012939453 1.7000000476837158
endloop
endfacet
facet normal -0.9961946697802028 -0.08715606623746563 0.0000044185213867174145
outer loop
vertex 63.8527946472168 8.978911399841309 1.7000000476837158
vertex 64.16220092773438 5.44242000579834 2.200000047683716
vertex 63.53932571411133 12.5618896484375 2.200000047683716
endloop
endfacet
facet normal 0.1736481023730603 0.9848077662885458 0
outer loop
vertex -46.24050521850586 -21.96566390991211 2.200000047683716
vertex -60.12629699707031 -19.51722526550293 0
vertex -60.12629699707031 -19.51722526550293 2.200000047683716
endloop
endfacet
facet normal 0.9961946909199627 0.08715582470923605 -0.0000014604343805399405
outer loop
vertex 32.439720153808594 11.199531555175781 2.200000047683716
vertex 31.520225524902344 21.70938491821289 1.7000000476837158
vertex 31.21082305908203 25.24587631225586 2.200000047683716
endloop
endfacet
facet normal 0.9961947078282078 0.08715563145931184 0
outer loop
vertex 50.11585235595703 4.213523864746094 0
vertex 49.80644989013672 7.750014781951904 0
vertex 49.80644989013672 7.750014781951904 1.7000000476837158
endloop
endfacet
facet normal -0.17364798541388865 -0.9848077869115871 0
outer loop
vertex -32.69919967651367 -16.266592025756836 2.200000047683716
vertex -27.95569610595703 -17.102998733520508 0
vertex -27.95569610595703 -17.102998733520508 2.200000047683716
endloop
endfacet
facet normal 1 0 0
outer loop
vertex 26.957965850830078 40.23759841918945 1.7000000476837158
vertex 26.957965850830078 40.23759841918945 0
vertex 26.957965850830078 43.787601470947266 2.200000047683716
endloop
endfacet
facet normal 0.9848077458588644 -0.17364821823555313 0
outer loop
vertex -57.6778564453125 -5.631435394287109 0
vertex -57.6778564453125 -5.631435394287109 2.200000047683716
vertex -58.294307708740234 -9.127503395080566 0
endloop
endfacet
facet normal -1 0 0
outer loop
vertex 24.057966232299805 33.23759841918945 1.7000000476837158
vertex 24.057966232299805 33.23759841918945 0
vertex 24.057966232299805 29.687599182128906 2.200000047683716
endloop
endfacet
facet normal -0.9961946580571658 -0.08715620010210337 0.0000064906479282387595
outer loop
vertex 45.25716781616211 26.47477149963379 2.200000047683716
vertex 46.17666244506836 15.96491813659668 1.7000000476837158
vertex 45.6603889465332 21.865957260131836 2.200000047683716
endloop
endfacet
facet normal -1 0 0
outer loop
vertex 7.057966232299805 40.23759841918945 1.7000000476837158
vertex 7.057966232299805 43.787601470947266 2.200000047683716
vertex 7.057966232299805 43.787601470947266 0
endloop
endfacet
facet normal 0.05233595691331668 0.9986295347194412 0
outer loop
vertex 9.788585662841797 -14.132336616516113 0
vertex -4.29209041595459 -13.394399642944336 0
vertex 9.788585662841797 -14.132336616516113 2.200000047683716
endloop
endfacet
facet normal -0.9848077377583516 0.1736482641758261 0
outer loop
vertex -11.200940132141113 -19.981157302856445 0
vertex -11.817391395568848 -23.477224349975586 0
vertex -11.817391395568848 -23.477224349975586 2.200000047683716
endloop
endfacet
facet normal 0 -1 0
outer loop
vertex 9.957965850830078 43.787601470947266 2.200000047683716
vertex 9.957965850830078 43.787601470947266 0
vertex 24.057966232299805 43.787601470947266 0
endloop
endfacet
facet normal 0.052336024364534536 0.9986295311844703 0
outer loop
vertex 25.062105178833008 -46.114906311035156 0
vertex 10.981429100036621 -45.37696838378906 0
vertex 25.062105178833008 -46.114906311035156 2.200000047683716
endloop
endfacet
facet normal 0.9986295307905354 -0.052336031881248135 0
outer loop
vertex 12.946643829345703 -7.878428936004639 1.7000000476837158
vertex 12.76085090637207 -11.423563957214355 2.200000047683716
vertex 12.76085090637207 -11.423563957214355 0
endloop
endfacet
facet normal -0.08715569046392224 0.9961947026659783 0
outer loop
vertex 62.68054962158203 22.377729415893555 0
vertex 48.63420486450195 21.148834228515625 0
vertex 62.68054962158203 22.377729415893555 2.200000047683716
endloop
endfacet
facet normal 1 0 0
outer loop
vertex 26.957965850830078 33.23759841918945 1.7000000476837158
vertex 26.957965850830078 29.687599182128906 0
vertex 26.957965850830078 33.23759841918945 0
endloop
endfacet
facet normal -1 0 0
outer loop
vertex 7.057966232299805 43.787601470947266 0
vertex 7.057966232299805 40.23759841918945 0
vertex 7.057966232299805 40.23759841918945 1.7000000476837158
endloop
endfacet
facet normal -0.9961947083383635 -0.08715562562819916 0
outer loop
vertex 64.41494750976562 2.553455114364624 0
vertex 64.72434997558594 -0.9830360412597656 1.7000000476837158
vertex 64.41494750976562 2.553455114364624 2.200000047683716
endloop
endfacet
facet normal 0.9961947088485189 0.08715561979708725 0
outer loop
vertex 34.4835205078125 -12.161234855651855 0
vertex 34.17411804199219 -8.624743461608887 0
vertex 34.17411804199219 -8.624743461608887 2.200000047683716
endloop
endfacet
facet normal 0 1 0
outer loop
vertex 41.05796432495117 29.687599182128906 2.200000047683716
vertex 26.957965850830078 29.687599182128906 0
vertex 26.957965850830078 29.687599182128906 2.200000047683716
endloop
endfacet
facet normal 0.9961947083383635 0.08715562562819916 0
outer loop
vertex 33.61196517944336 -2.1992876529693604 1.7000000476837158
vertex 33.92136764526367 -5.73577880859375 2.200000047683716
vertex 33.92136764526367 -5.73577880859375 0
endloop
endfacet
facet normal 0.9961947088485189 0.08715561979708725 0
outer loop
vertex 48.32480239868164 24.685325622558594 1.7000000476837158
vertex 48.63420486450195 21.148834228515625 2.200000047683716
vertex 48.63420486450195 21.148834228515625 0
endloop
endfacet
facet normal 0.996194708848519 0.08715561979708725 0
outer loop
vertex 51.2880973815918 -9.185295104980469 0
vertex 51.2880973815918 -9.185295104980469 1.7000000476837158
vertex 51.59749984741211 -12.721786499023438 0
endloop
endfacet
facet normal 0.0871557575866262 -0.9961946967935038 0
outer loop
vertex 34.17411804199219 -8.624743461608887 2.200000047683716
vertex 34.17411804199219 -8.624743461608887 0
vertex 48.220462799072266 -7.395847320556641 0
endloop
endfacet
facet normal 0.9986295311584468 -0.05233602486109069 0
outer loop
vertex -4.629657745361328 -19.835559844970703 1.7000000476837158
vertex -4.629657745361328 -19.835559844970703 0
vertex -4.443864822387695 -16.290424346923828 2.200000047683716
endloop
endfacet
facet normal 0.9659258077528968 -0.25881911428044424 0
outer loop
vertex -26.832677841186523 26.171533584594727 0
vertex -26.832677841186523 26.171533584594727 1.7000000476837158
vertex -27.75148582458496 22.742496490478516 0
endloop
endfacet
facet normal 0.9986295311584468 -0.05233602486109069 0
outer loop
vertex 11.533573150634766 -34.841426849365234 1.7000000476837158
vertex 11.533573150634766 -34.841426849365234 0
vertex 11.719366073608398 -31.29629135131836 2.200000047683716
endloop
endfacet
facet normal -0.9848077418086089 0.17364824120568662 0
outer loop
vertex -6.416933059692383 7.150296211242676 0
vertex -7.033384323120117 3.654228687286377 0
vertex -7.033384323120117 3.654228687286377 1.7000000476837158
endloop
endfacet
facet normal 0.9961947068078965 0.08715564312153952 0
outer loop
vertex 49.19636154174805 14.72337818145752 0
vertex 48.886959075927734 18.259868621826172 0
vertex 48.886959075927734 18.259868621826172 2.200000047683716
endloop
endfacet
facet normal -0.9659258749130395 0.2588188636353215 0
outer loop
vertex -10.482583045959473 32.712703704833984 0
vertex -11.401390075683594 29.283666610717773 0
vertex -11.401390075683594 29.283666610717773 1.7000000476837158
endloop
endfacet
facet normal 0.984807741808609 -0.17364824120568664 0
outer loop
vertex -20.919174194335938 6.102668285369873 0
vertex -20.302722930908203 9.598735809326172 0
vertex -20.302722930908203 9.598735809326172 2.200000047683716
endloop
endfacet
facet normal -0.9848079215189744 0.1736472220148583 0
outer loop
vertex -45.62405776977539 -18.46959686279297 1.7000000476837158
vertex -45.62405776977539 -18.46959686279297 0
vertex -46.24050521850586 -21.96566390991211 2.200000047683716
endloop
endfacet
facet normal 0.9986295381785943 -0.05233589090869941 0
outer loop
vertex -4.106297969818115 -9.849264144897461 1.7000000476837158
vertex -4.29209041595459 -13.394399642944336 2.200000047683716
vertex -4.29209041595459 -13.394399642944336 0
endloop
endfacet
facet normal 0.9848077458588644 -0.17364821823555313 0
outer loop
vertex -42.45793533325195 -18.15062713623047 1.7000000476837158
vertex -42.45793533325195 -18.15062713623047 0
vertex -41.84148406982422 -14.654559135437012 2.200000047683716
endloop
endfacet
facet normal 0.052336024364534536 0.9986295311844703 0
outer loop
vertex 25.062105178833008 -46.114906311035156 2.200000047683716
vertex 10.981429100036621 -45.37696838378906 0
vertex 10.981429100036621 -45.37696838378906 2.200000047683716
endloop
endfacet
facet normal -0.996194707828208 -0.08715563145931184 0
outer loop
vertex 47.0482177734375 6.002971172332764 1.7000000476837158
vertex 46.73881530761719 9.539462089538574 2.200000047683716
vertex 46.73881530761719 9.539462089538574 0
endloop
endfacet
facet normal -0.17364815969531705 -0.9848077561810856 -7.19532973193685e-8
outer loop
vertex -35.93744659423828 18.828903198242188 2.200000047683716
vertex -32.907615661621094 18.294662475585938 0
vertex -22.051658630371094 16.380464553833008 0
endloop
endfacet
facet normal -0.17364819373705323 -0.9848077501786117 0
outer loop
vertex -25.003677368164062 -0.3612670302391052 2.200000047683716
vertex -38.88946533203125 2.087172269821167 2.200000047683716
vertex -25.003677368164062 -0.3612670302391052 0
endloop
endfacet
facet normal 0.9848077377583517 -0.1736482641758261 0
outer loop
vertex -36.553897857666016 15.332836151123047 1.7000000476837158
vertex -36.553897857666016 15.332836151123047 0
vertex -35.93744659423828 18.828903198242188 2.200000047683716
endloop
endfacet
facet normal -0.984807741808609 0.17364824120568664 0
outer loop
vertex -42.821388244628906 -1.740931510925293 0
vertex -43.43783950805664 -5.236999034881592 0
vertex -43.43783950805664 -5.236999034881592 2.200000047683716
endloop
endfacet
facet normal -0.9986295310027619 0.0523360278303647 -3.7818139674749985e-7
outer loop
vertex 8.194955825805664 -44.54060745239258 1.7000000476837158
vertex 8.009162902832031 -48.08573913574219 2.200000047683716
vertex 8.22107219696045 -44.042274475097656 2.200000047683716
endloop
endfacet
facet normal -0.9986295307100548 0.05233603341690783 0
outer loop
vertex 10.526522636413574 -0.051659926772117615 0
vertex 10.340729713439941 -3.596794843673706 0
vertex 10.340729713439941 -3.596794843673706 1.7000000476837158
endloop
endfacet
facet normal -0.052335952151661674 -0.998629534968989 0
outer loop
vertex -3.5541536808013916 0.6862770318984985 2.200000047683716
vertex -3.5541536808013916 0.6862770318984985 0
vertex 4.434292793273926 0.267620325088501 0
endloop
endfacet
facet normal 0.9848077418086089 -0.17364824120568662 0
outer loop
vertex -38.385887145996094 4.943114757537842 0
vertex -37.76943588256836 8.43918228149414 0
vertex -37.76943588256836 8.43918228149414 1.7000000476837158
endloop
endfacet
facet normal -0.9659258077528968 0.25881911428044424 0
outer loop
vertex -13.213123321533203 22.522186279296875 0
vertex -14.13193130493164 19.093149185180664 0
vertex -14.13193130493164 19.093149185180664 2.200000047683716
endloop
endfacet
facet normal 0.9961947200523533 0.08715549173161904 -9.127378402548783e-7
outer loop
vertex 48.63420486450195 21.148834228515625 2.200000047683716
vertex 48.32480239868164 24.685325622558594 1.7000000476837158
vertex 47.71471405029297 31.658687591552734 1.7000000476837158
endloop
endfacet
facet normal 0.9659258077528968 -0.25881911428044424 0
outer loop
vertex -44.75148391723633 26.992496490478516 0
vertex -43.83267593383789 30.421533584594727 0
vertex -43.83267593383789 30.421533584594727 1.7000000476837158
endloop
endfacet
facet normal -0.05233602789950791 -0.9986295309992099 0
outer loop
vertex 11.719366073608398 -31.29629135131836 2.200000047683716
vertex 11.719366073608398 -31.29629135131836 0
vertex 25.80004119873047 -32.03422927856445 0
endloop
endfacet
facet normal -0.9848077458588644 0.17364821823555313 0
outer loop
vertex -9.368951797485352 -9.591435432434082 0
vertex -9.985403060913086 -13.087503433227539 0
vertex -9.985403060913086 -13.087503433227539 1.7000000476837158
endloop
endfacet
facet normal 0.9986295561527025 -0.052335547883905 0.000002438817657805121
outer loop
vertex -6.0715131759643555 -47.34780502319336 2.200000047683716
vertex -5.929370880126953 -44.63557052612305 1.7000000476837158
vertex -5.885720729827881 -43.802669525146484 1.7000000476837158
endloop
endfacet
facet normal -0.1736482142361134 -0.9848077465640738 0
outer loop
vertex -54.87519073486328 11.097229957580566 2.200000047683716
vertex -54.87519073486328 11.097229957580566 0
vertex -40.989402770996094 8.64879035949707 0
endloop
endfacet
facet normal 0.998629535812497 -0.05233593605626046 -1.7831707197058407e-7
outer loop
vertex -6.0715131759643555 -47.34780502319336 2.200000047683716
vertex -6.049045085906982 -46.91908645629883 1.7000000476837158
vertex -6.013034343719482 -46.23196029663086 1.7000000476837158
endloop
endfacet
facet normal 0.1736481255060872 0.9848077622095707 0
outer loop
vertex -41.33790588378906 -11.798617362976074 0
vertex -27.452116012573242 -14.247056007385254 2.200000047683716
vertex -27.452116012573242 -14.247056007385254 0
endloop
endfacet
facet normal -0.9848078274383432 0.1736477555395137 0.0000035014165849608903
outer loop
vertex -40.989402770996094 8.64879035949707 2.200000047683716
vertex -41.60585403442383 5.1527228355407715 1.7000000476837158
vertex -42.821388244628906 -1.740931510925293 1.7000000476837158
endloop
endfacet
facet normal 0.08715600785384728 -0.9961946748970368 0.0000013293984537302181
outer loop
vertex 47.40530776977539 35.1951789855957 2.200000047683716
vertex 61.451656341552734 36.424076080322266 0
vertex 51.571266174316406 35.559654235839844 2.200000047683716
endloop
endfacet
facet normal -0.9848077393339896 0.1736482551988352 -0.0000037785023390763846
outer loop
vertex -27.95569610595703 -17.102998733520508 2.200000047683716
vertex -29.787683486938477 -27.492721557617188 1.7000000476837158
vertex -29.098785400390625 -23.585777282714844 2.200000047683716
endloop
endfacet
facet normal 0.984807741808609 -0.17364824120568664 0
outer loop
vertex -37.76943588256836 8.43918228149414 1.7000000476837158
vertex -38.385887145996094 4.943114757537842 2.200000047683716
vertex -38.385887145996094 4.943114757537842 0
endloop
endfacet
facet normal -0.9986295315770045 0.05233601674006983 -0.000003751733574733292
outer loop
vertex 25.80004119873047 -32.03422927856445 2.200000047683716
vertex 25.61425018310547 -35.57936477661133 1.7000000476837158
vertex 25.24789810180664 -42.56977081298828 1.7000000476837158
endloop
endfacet
facet normal 0.9986295315192587 -0.0523360179763978 0
outer loop
vertex -5.987320899963379 -45.7413215637207 1.7000000476837158
vertex -5.987320899963379 -45.7413215637207 0
vertex -5.938169956207275 -44.803466796875 1.7000000476837158
endloop
endfacet
facet normal 0.17366917812375723 0.9848040498341885 0
outer loop
vertex -28.65519905090332 -37.77051544189453 0
vertex -28.65519905090332 -37.77051544189453 2.200000047683716
vertex -28.514053344726562 -37.795406341552734 2.200000047683716
endloop
endfacet
facet normal 0.7660443034687371 -0.642787776115179 0
outer loop
vertex -62.89240264892578 44.87809753417969 0
vertex -62.89240264892578 44.87809753417969 1.7000000476837158
vertex -65.17430114746094 42.15863800048828 0
endloop
endfacet
facet normal -1 0 0
outer loop
vertex 24.057966232299805 23.237600326538086 1.7000000476837158
vertex 24.057966232299805 26.787599563598633 2.200000047683716
vertex 24.057966232299805 26.787599563598633 0
endloop
endfacet
facet normal -0.984807742314891 0.1736482383344196 0
outer loop
vertex -25.003677368164062 -0.3612670302391052 0
vertex -25.620128631591797 -3.857334613800049 0
vertex -25.620128631591797 -3.857334613800049 1.7000000476837158
endloop
endfacet
facet normal 0 1 0
outer loop
vertex 41.05796432495117 29.687599182128906 0
vertex 26.957965850830078 29.687599182128906 0
vertex 41.05796432495117 29.687599182128906 2.200000047683716
endloop
endfacet
facet normal 0 1 0
outer loop
vertex 24.057966232299805 29.687599182128906 0
vertex 9.957965850830078 29.687599182128906 0
vertex 24.057966232299805 29.687599182128906 2.200000047683716
endloop
endfacet
facet normal 0.9961947083383634 0.08715562562819915 0
outer loop
vertex 33.61196517944336 -2.1992876529693604 0
vertex 33.61196517944336 -2.1992876529693604 1.7000000476837158
vertex 33.92136764526367 -5.73577880859375 0
endloop
endfacet
facet normal 0.9986295323303025 -0.05233600249954789 3.586308489232711e-7
outer loop
vertex 11.871139526367188 -28.400264739990234 2.200000047683716
vertex 12.05693244934082 -24.855131149291992 1.7000000476837158
vertex 12.423284530639648 -17.864723205566406 1.7000000476837158
endloop
endfacet
facet normal 0.7660443886040085 -0.6427876746549446 0
outer loop
vertex -58.39289093017578 50.24040985107422 1.7000000476837158
vertex -56.11099624633789 52.95986557006836 0
vertex -56.11099624633789 52.95986557006836 2.200000047683716
endloop
endfacet
facet normal 0.08715569046392224 -0.9961947026659783 0
outer loop
vertex 32.69247055053711 8.310566902160645 2.200000047683716
vertex 32.69247055053711 8.310566902160645 0
vertex 46.73881530761719 9.539462089538574 0
endloop
endfacet
facet normal 0.9986295296868004 -0.05233605294173178 0
outer loop
vertex 12.05693244934082 -24.855131149291992 0
vertex 12.05693244934082 -24.855131149291992 1.7000000476837158
vertex 11.871139526367188 -28.400264739990234 0
endloop
endfacet
facet normal 1 0 0
outer loop
vertex 9.957965850830078 29.687599182128906 0
vertex 9.957965850830078 33.23759841918945 1.7000000476837158
vertex 9.957965850830078 29.687599182128906 2.200000047683716
endloop
endfacet
facet normal 0.998629545198724 -0.05233575695630532 0
outer loop
vertex 11.167221069335938 -41.83183288574219 0
vertex 11.167221069335938 -41.83183288574219 1.7000000476837158
vertex 10.981429100036621 -45.37696838378906 0
endloop
endfacet
facet normal 0.05233583291734279 0.9986295412177872 0
outer loop
vertex 8.009162902832031 -48.08573913574219 0
vertex -5.940399169921875 -47.35467529296875 0
vertex -5.940399169921875 -47.35467529296875 1.7000000476837158
endloop
endfacet
facet normal 1 0 0
outer loop
vertex 9.957965850830078 29.687599182128906 2.200000047683716
vertex 9.957965850830078 40.23759841918945 1.7000000476837158
vertex 9.957965850830078 43.787601470947266 2.200000047683716
endloop
endfacet
facet normal 0 1 0
outer loop
vertex 7.057966232299805 29.687599182128906 0
vertex -7.042034149169922 29.687599182128906 0
vertex 7.057966232299805 29.687599182128906 2.200000047683716
endloop
endfacet
facet normal -0.9848077462700009 0.17364821590268803 -6.441554966660025e-7
outer loop
vertex -8.815485000610352 -6.452564716339111 2.200000047683716
vertex -6.416933059692383 7.150296211242676 2.200000047683716
vertex -8.248921394348145 -3.2394254207611084 1.7000000476837158
endloop
endfacet
facet normal -0.9961947140180841 -0.08715556070413495 8.806132054957717e-7
outer loop
vertex 61.451656341552734 36.424076080322266 2.200000047683716
vertex 62.37114715576172 25.914220809936523 1.7000000476837158
vertex 61.81884002685547 32.22713851928711 2.200000047683716
endloop
endfacet
facet normal 1 0 0
outer loop
vertex 9.957965850830078 12.687600135803223 2.200000047683716
vertex 9.957965850830078 23.237600326538086 1.7000000476837158
vertex 9.957965850830078 26.787599563598633 2.200000047683716
endloop
endfacet
facet normal -1 0 0
outer loop
vertex 24.057966232299805 26.787599563598633 0
vertex 24.057966232299805 23.237600326538086 0
vertex 24.057966232299805 23.237600326538086 1.7000000476837158
endloop
endfacet
facet normal -0.9848077565224388 0.17364815775837933 6.016155600413524e-7
outer loop
vertex -6.416933059692383 7.150296211242676 2.200000047683716
vertex -7.033384323120117 3.654228687286377 1.7000000476837158
vertex -8.248921394348145 -3.2394254207611084 1.7000000476837158
endloop
endfacet
facet normal -0.17364818107345417 -0.9848077524115223 2.1582125851951857e-7
outer loop
vertex -54.87519073486328 11.097229957580566 2.200000047683716
vertex -40.989402770996094 8.64879035949707 0
vertex -49.06978225708008 10.073579788208008 2.200000047683716
endloop
endfacet
facet normal -0.17364813029973294 -0.9848077613642423 3.9570570793002336e-7
outer loop
vertex -20.302722930908203 9.598735809326172 2.200000047683716
vertex -6.416933059692383 7.150296211242676 0
vertex -13.921128273010254 8.473488807678223 2.200000047683716
endloop
endfacet
facet normal 0 1 0
outer loop
vertex 24.057966232299805 29.687599182128906 2.200000047683716
vertex 9.957965850830078 29.687599182128906 0
vertex 9.957965850830078 29.687599182128906 2.200000047683716
endloop
endfacet
facet normal -0.996194685152228 -0.08715589064687228 6.08396990984901e-8
outer loop
vertex 64.41494750976562 2.553455114364624 2.200000047683716
vertex 65.33444213867188 -7.956398963928223 1.7000000476837158
vertex 65.43592834472656 -9.116389274597168 2.200000047683716
endloop
endfacet
facet normal 0.2588190063615898 0.9659258366696134 -3.2668014991134675e-7
outer loop
vertex -14.13193130493164 19.093149185180664 2.200000047683716
vertex -27.75148582458496 22.742496490478516 0
vertex -19.714006423950195 20.5888614654541 2.200000047683716
endloop
endfacet
facet normal 0.9986295313471284 -0.05233602126083007 -2.5596934849195902e-8
outer loop
vertex -4.613070964813232 -19.519065856933594 2.200000047683716
vertex -4.629657745361328 -19.835559844970703 1.7000000476837158
vertex -4.443864822387695 -16.290424346923828 2.200000047683716
endloop
endfacet
facet normal -0.998629545198724 0.05233575695630531 0
outer loop
vertex 9.451019287109375 -20.573497772216797 1.7000000476837158
vertex 9.636811256408691 -17.028362274169922 2.200000047683716
vertex 9.636811256408691 -17.028362274169922 0
endloop
endfacet
facet normal -0.9848077554953296 0.1736481635829331 7.252269615663504e-7
outer loop
vertex -14.152959823608398 -36.7228889465332 1.7000000476837158
vertex -12.320971488952637 -26.333168029785156 2.200000047683716
vertex -12.937422752380371 -29.829235076904297 1.7000000476837158
endloop
endfacet
facet normal -0.08715585692687425 0.9961946881023518 0
outer loop
vertex 51.59749984741211 -12.721786499023438 0
vertex 51.59749984741211 -12.721786499023438 2.200000047683716
vertex 55.999996185302734 -12.336617469787598 2.200000047683716
endloop
endfacet
facet normal 0 1 0
outer loop
vertex 24.057966232299805 12.687600135803223 2.200000047683716
vertex 9.957965850830078 12.687600135803223 0
vertex 9.957965850830078 12.687600135803223 2.200000047683716
endloop
endfacet
facet normal -0.9961947037542288 -0.08715567802416672 -4.1499150286639663e-7
outer loop
vertex 49.139957427978516 -17.90570068359375 1.7000000476837158
vertex 49.44935989379883 -21.44219207763672 2.200000047683716
vertex 48.47775650024414 -10.336706161499023 2.200000047683716
endloop
endfacet
facet normal 0.052336024364534536 0.9986295311844703 0
outer loop
vertex -5.181801795959473 -30.37110137939453 0
vertex -5.181801795959473 -30.37110137939453 2.200000047683716
vertex 8.898874282836914 -31.109039306640625 2.200000047683716
endloop
endfacet
facet normal 0.9961946211975337 0.08715662135574143 -0.000007138245984252763
outer loop
vertex 34.39653015136719 -11.166899681091309 2.200000047683716
vertex 34.4835205078125 -12.161234855651855 1.7000000476837158
vertex 34.17411804199219 -8.624743461608887 2.200000047683716
endloop
endfacet
facet normal -0.9986295329740954 0.052335990215907284 -2.463184083143393e-7
outer loop
vertex 27.027320861816406 -8.616365432739258 1.7000000476837158
vertex 26.841527938842773 -12.161500930786133 2.200000047683716
vertex 27.250356674194336 -4.360589027404785 2.200000047683716
endloop
endfacet
facet normal -0.9848077808466845 0.17364801980254865 0.0000015755103257799215
outer loop
vertex -26.835664749145508 -10.750988960266113 1.7000000476837158
vertex -25.003677368164062 -0.3612670302391052 2.200000047683716
vertex -25.620128631591797 -3.857334613800049 1.7000000476837158
endloop
endfacet
facet normal -0.9848077606797208 0.1736481341809326 -6.887958922740238e-7
outer loop
vertex -22.051658630371094 16.380464553833008 2.200000047683716
vertex -23.88364601135254 5.990743160247803 1.7000000476837158
vertex -24.500097274780273 2.494675397872925 2.200000047683716
endloop
endfacet
facet normal 0.9848077377583516 -0.1736482641758261 0
outer loop
vertex -25.086729049682617 -17.532718658447266 1.7000000476837158
vertex -25.70318031311035 -21.028785705566406 2.200000047683716
vertex -25.70318031311035 -21.028785705566406 0
endloop
endfacet
facet normal -0.9986295382539447 0.05233588946207385 -9.626523085446277e-7
outer loop
vertex 26.68975257873535 -15.057526588439941 2.200000047683716
vertex 26.137609481811523 -25.593067169189453 1.7000000476837158
vertex 25.95181655883789 -29.138202667236328 2.200000047683716
endloop
endfacet
facet normal 0.9961946155501727 0.08715668619700666 0
outer loop
vertex 47.71471405029297 31.658687591552734 1.7000000476837158
vertex 47.71471405029297 31.658687591552734 0
vertex 47.40530776977539 35.1951789855957 2.200000047683716
endloop
endfacet
facet normal 0.9848078296387923 -0.1736477430954151 0
outer loop
vertex -28.03874969482422 -34.27444839477539 1.7000000476837158
vertex -28.65519905090332 -37.77051544189453 2.200000047683716
vertex -28.65519905090332 -37.77051544189453 0
endloop
endfacet
facet normal 0.9986295317885339 -0.05233601283823829 9.651260259886326e-8
outer loop
vertex 12.76085090637207 -11.423563957214355 2.200000047683716
vertex 13.312995910644531 -0.8880220055580139 1.7000000476837158
vertex 13.033246994018555 -6.225942611694336 2.200000047683716
endloop
endfacet
facet normal -0.9986295348379989 0.052335954648721 -4.991919978169477e-7
outer loop
vertex 9.97437858581543 -10.587201118469238 1.7000000476837158
vertex 9.788585662841797 -14.132336616516113 2.200000047683716
vertex 10.526522636413574 -0.051659926772117615 2.200000047683716
endloop
endfacet
facet normal -1 0 0
outer loop
vertex 41.05796432495117 33.23759841918945 1.7000000476837158
vertex 41.05796432495117 33.23759841918945 0
vertex 41.05796432495117 29.687599182128906 2.200000047683716
endloop
endfacet
facet normal 0.1736481747038262 0.9848077535346833 0
outer loop
vertex -24.500097274780273 2.494675397872925 2.200000047683716
vertex -38.385887145996094 4.943114757537842 0
vertex -38.385887145996094 4.943114757537842 2.200000047683716
endloop
endfacet
facet normal 0.9848077581305794 -0.17364814863911757 -1.7055001206439107e-7
outer loop
vertex -28.65519905090332 -37.77051544189453 2.200000047683716
vertex -26.823211669921875 -27.380796432495117 1.7000000476837158
vertex -26.20676040649414 -23.884727478027344 2.200000047683716
endloop
endfacet
facet normal -0.25881910024754234 -0.9659258115130026 0
outer loop
vertex -24.102136611938477 36.36205291748047 2.200000047683716
vertex -24.102136611938477 36.36205291748047 0
vertex -10.482583045959473 32.712703704833984 0
endloop
endfacet
facet normal 0.052336024364534536 0.9986295311844703 0
outer loop
vertex 8.898874282836914 -31.109039306640625 0
vertex -5.181801795959473 -30.37110137939453 0
vertex 8.898874282836914 -31.109039306640625 2.200000047683716
endloop
endfacet
facet normal -0.965925843743906 0.2588189799601705 0
outer loop
vertex -28.401390075683594 33.53366470336914 1.7000000476837158
vertex -27.482582092285156 36.962703704833984 2.200000047683716
vertex -27.482582092285156 36.962703704833984 0
endloop
endfacet
facet normal 0.1736481370726029 0.9848077601700824 0
outer loop
vertex -25.70318031311035 -21.028785705566406 0
vertex -25.70318031311035 -21.028785705566406 2.200000047683716
vertex -11.817391395568848 -23.477224349975586 2.200000047683716
endloop
endfacet
facet normal -0.7660441302790365 0.6427879824676722 -0.000007757190043544185
outer loop
vertex -45.30976867675781 43.89656066894531 2.200000047683716
vertex -47.5916633605957 41.177101135253906 1.7000000476837158
vertex -52.09117889404297 35.81479263305664 1.7000000476837158
endloop
endfacet
facet normal 0.08715580121941101 -0.9961946929761283 0
outer loop
vertex 47.40530776977539 35.1951789855957 2.200000047683716
vertex 47.40530776977539 35.1951789855957 0
vertex 61.451656341552734 36.424076080322266 0
endloop
endfacet
facet normal -0.6427875385910197 -0.7660445027751737 1.878494315905659e-7
outer loop
vertex -56.11099624633789 52.95986557006836 2.200000047683716
vertex -45.30976867675781 43.89656066894531 0
vertex -46.05625534057617 44.5229377746582 2.200000047683716
endloop
endfacet
facet normal -0.17364833296119547 -0.9848077256293235 -7.726585228800018e-7
outer loop
vertex -41.84148406982422 -14.654559135437012 2.200000047683716
vertex -27.95569610595703 -17.102998733520508 0
vertex -32.69919967651367 -16.266592025756836 2.200000047683716
endloop
endfacet
facet normal -0.1736482380620682 -0.9848077423629138 0
outer loop
vertex -49.06978225708008 10.073579788208008 2.200000047683716
vertex -40.989402770996094 8.64879035949707 0
vertex -40.989402770996094 8.64879035949707 2.200000047683716
endloop
endfacet
facet normal -0.9961947160433603 -0.08715553755754749 5.861310525833654e-7
outer loop
vertex 62.37114715576172 25.914220809936523 1.7000000476837158
vertex 62.68054962158203 22.377729415893555 2.200000047683716
vertex 61.81884002685547 32.22713851928711 2.200000047683716
endloop
endfacet
facet normal -0.984807784321362 0.17364800009510128 -0.000001738291854885975
outer loop
vertex -43.43783950805664 -5.236999034881592 2.200000047683716
vertex -40.989402770996094 8.64879035949707 2.200000047683716
vertex -42.821388244628906 -1.740931510925293 1.7000000476837158
endloop
endfacet
facet normal -1 0 0
outer loop
vertex 41.05796432495117 43.787601470947266 0
vertex 41.05796432495117 40.23759841918945 0
vertex 41.05796432495117 40.23759841918945 1.7000000476837158
endloop
endfacet
facet normal -1 0 0
outer loop
vertex 7.057966232299805 43.787601470947266 2.200000047683716
vertex 7.057966232299805 40.23759841918945 1.7000000476837158
vertex 7.057966232299805 33.23759841918945 1.7000000476837158
endloop
endfacet
facet normal -0.2588191509199544 -0.9659257979351319 -6.728061456262492e-7
outer loop
vertex -35.94625473022461 39.23053741455078 2.200000047683716
vertex -41.10213851928711 40.61205291748047 2.200000047683716
vertex -27.482582092285156 36.962703704833984 0
endloop
endfacet
facet normal -0.9848077423148909 0.1736482383344196 0
outer loop
vertex -25.620128631591797 -3.857334613800049 1.7000000476837158
vertex -25.003677368164062 -0.3612670302391052 2.200000047683716
vertex -25.003677368164062 -0.3612670302391052 0
endloop
endfacet
facet normal -0.9659258329526772 0.2588190202326692 -6.912941372305269e-7
outer loop
vertex -10.482583045959473 32.712703704833984 2.200000047683716
vertex -13.213123321533203 22.522186279296875 1.7000000476837158
vertex -14.13193130493164 19.093149185180664 2.200000047683716
endloop
endfacet
facet normal -0.08715569635070664 0.996194702150951 3.787305269202436e-8
outer loop
vertex 46.48606491088867 12.428426742553711 2.200000047683716
vertex 32.439720153808594 11.199531555175781 0
vertex 39.951412200927734 11.856719017028809 2.200000047683716
endloop
endfacet
facet normal 0.9848077363054248 -0.1736482724157699 -5.940610930823918e-8
outer loop
vertex -60.12629699707031 -19.51722526550293 2.200000047683716
vertex -59.50984573364258 -16.02115821838379 1.7000000476837158
vertex -58.294307708740234 -9.127503395080566 1.7000000476837158
endloop
endfacet
facet normal -0.9848077377583517 0.1736482641758261 0
outer loop
vertex -12.320971488952637 -26.333168029785156 0
vertex -12.937422752380371 -29.829235076904297 0
vertex -12.937422752380371 -29.829235076904297 1.7000000476837158
endloop
endfacet
facet normal 0.9848077488453453 -0.17364820129220693 0.0000014644479661621452
outer loop
vertex -60.12629699707031 -19.51722526550293 2.200000047683716
vertex -58.294307708740234 -9.127503395080566 1.7000000476837158
vertex -58.271453857421875 -8.997888565063477 2.200000047683716
endloop
endfacet
facet normal 0.9961946155501727 0.08715668619700666 0
outer loop
vertex 47.71471405029297 31.658687591552734 0
vertex 47.40530776977539 35.1951789855957 0
vertex 47.40530776977539 35.1951789855957 2.200000047683716
endloop
endfacet
facet normal -0.9659258244521977 0.2588190519541132 -0.0000013842317968077314
outer loop
vertex -10.482583045959473 32.712703704833984 2.200000047683716
vertex -11.401390075683594 29.283666610717773 1.7000000476837158
vertex -13.213123321533203 22.522186279296875 1.7000000476837158
endloop
endfacet
facet normal 0.08715569042111093 -0.9961947026697238 -2.7542958938527947e-10
outer loop
vertex 32.69247055053711 8.310566902160645 2.200000047683716
vertex 46.73881530761719 9.539462089538574 0
vertex 45.46182632446289 9.427740097045898 2.200000047683716
endloop
endfacet
facet normal 0.9986295358125128 -0.05233593605626129 0
outer loop
vertex -6.013034343719482 -46.23196029663086 0
vertex -6.013034343719482 -46.23196029663086 1.7000000476837158
vertex -6.049045085906982 -46.91908645629883 0
endloop
endfacet
facet normal 0.7660444839347621 -0.6427875610433162 -0.0000010529930649955449
outer loop
vertex -65.17430114746094 42.15863800048828 2.200000047683716
vertex -58.39289093017578 50.24040985107422 1.7000000476837158
vertex -56.11099624633789 52.95986557006836 2.200000047683716
endloop
endfacet
facet normal 0.17364839231176016 0.984807715164509 0
outer loop
vertex -44.28992462158203 -28.540348052978516 0
vertex -44.28992462158203 -28.540348052978516 2.200000047683716
vertex -37.10736083984375 -29.80682945251465 2.200000047683716
endloop
endfacet
facet normal 0 -1 0
outer loop
vertex -7.042034149169922 43.787601470947266 2.200000047683716
vertex 7.057966232299805 43.787601470947266 0
vertex 7.057966232299805 43.787601470947266 2.200000047683716
endloop
endfacet
facet normal 0.984807732197282 -0.1736482957140522 -2.27375762723823e-7
outer loop
vertex -44.28992462158203 -28.540348052978516 2.200000047683716
vertex -43.6734733581543 -25.044281005859375 1.7000000476837158
vertex -42.45793533325195 -18.15062713623047 1.7000000476837158
endloop
endfacet
facet normal 1 0 0
outer loop
vertex -7.042034149169922 40.23759841918945 1.7000000476837158
vertex -7.042034149169922 40.23759841918945 0
vertex -7.042034149169922 43.787601470947266 2.200000047683716
endloop
endfacet
facet normal 0.9848077370369773 -0.17364826826656768 3.607001849943562e-7
outer loop
vertex -44.28992462158203 -28.540348052978516 2.200000047683716
vertex -42.45793533325195 -18.15062713623047 1.7000000476837158
vertex -41.84148406982422 -14.654559135437012 2.200000047683716
endloop
endfacet
facet normal -1 0 0
outer loop
vertex 24.057966232299805 40.23759841918945 1.7000000476837158
vertex 24.057966232299805 43.787601470947266 2.200000047683716
vertex 24.057966232299805 43.787601470947266 0
endloop
endfacet
facet normal -0.9961946735576732 -0.08715602293615166 0.000006424479682692355
outer loop
vertex 47.0482177734375 6.002971172332764 1.7000000476837158
vertex 47.65830993652344 -0.970391571521759 1.7000000476837158
vertex 46.76769256591797 9.209415435791016 2.200000047683716
endloop
endfacet
facet normal -0.1736482268554482 -0.9848077443389406 -8.212613979539827e-8
outer loop
vertex -57.6778564453125 -5.631435394287109 2.200000047683716
vertex -43.79206848144531 -8.079874992370605 0
vertex -54.30134201049805 -6.226806163787842 2.200000047683716
endloop
endfacet
facet normal -0.9986295306985576 0.0523360336362878 0
outer loop
vertex 27.579463958740234 1.9191758632659912 0
vertex 27.3936710357666 -1.625959038734436 0
vertex 27.3936710357666 -1.625959038734436 1.7000000476837158
endloop
endfacet
facet normal 0.1736481515707932 0.9848077576136608 0
outer loop
vertex -43.43783950805664 -5.236999034881592 2.200000047683716
vertex -57.323631286621094 -2.788559675216675 0
vertex -57.323631286621094 -2.788559675216675 2.200000047683716
endloop
endfacet
facet normal -0.9848077377583517 0.1736482641758261 0
outer loop
vertex -26.835664749145508 -10.750988960266113 0
vertex -27.452116012573242 -14.247056007385254 2.200000047683716
vertex -26.835664749145508 -10.750988960266113 1.7000000476837158
endloop
endfacet
facet normal 0 -1 0
outer loop
vertex 26.957965850830078 43.787601470947266 2.200000047683716
vertex 26.957965850830078 43.787601470947266 0
vertex 41.05796432495117 43.787601470947266 0
endloop
endfacet
facet normal 0.08715576429585865 -0.996194696206522 0
outer loop
vertex 50.36860656738281 1.324559211730957 2.200000047683716
vertex 64.41494750976562 2.553455114364624 0
vertex 64.41494750976562 2.553455114364624 2.200000047683716
endloop
endfacet
facet normal 1 0 0
outer loop
vertex 9.957965850830078 40.23759841918945 1.7000000476837158
vertex 9.957965850830078 40.23759841918945 0
vertex 9.957965850830078 43.787601470947266 2.200000047683716
endloop
endfacet
facet normal 0.9961947134758098 0.08715556690417055 6.794612886553389e-7
outer loop
vertex 48.63420486450195 21.148834228515625 2.200000047683716
vertex 47.71471405029297 31.658687591552734 1.7000000476837158
vertex 47.6737174987793 32.12727737426758 2.200000047683716
endloop
endfacet
facet normal 0.17364757592604668 0.9848078591151718 0
outer loop
vertex -41.33790588378906 -11.798617362976074 0
vertex -41.33790588378906 -11.798617362976074 2.200000047683716
vertex -40.92252731323242 -11.871859550476074 2.200000047683716
endloop
endfacet
facet normal -0.9659258749130395 0.2588188636353215 0
outer loop
vertex -11.401390075683594 29.283666610717773 1.7000000476837158
vertex -10.482583045959473 32.712703704833984 2.200000047683716
vertex -10.482583045959473 32.712703704833984 0
endloop
endfacet
facet normal -1 0 0
outer loop
vertex 7.057966232299805 33.23759841918945 1.7000000476837158
vertex 7.057966232299805 33.23759841918945 0
vertex 7.057966232299805 29.687599182128906 2.200000047683716
endloop
endfacet
facet normal 0.1736481370726029 0.9848077601700824 0
outer loop
vertex -11.817391395568848 -23.477224349975586 0
vertex -25.70318031311035 -21.028785705566406 0
vertex -11.817391395568848 -23.477224349975586 2.200000047683716
endloop
endfacet
facet normal -0.9986295311584468 0.05233602486109069 0
outer loop
vertex 9.97437858581543 -10.587201118469238 0
vertex 9.788585662841797 -14.132336616516113 0
vertex 9.788585662841797 -14.132336616516113 2.200000047683716
endloop
endfacet
facet normal -0.9986295311584468 0.05233602486109069 0
outer loop
vertex 25.24789810180664 -42.56977081298828 0
vertex 25.062105178833008 -46.114906311035156 0
vertex 25.062105178833008 -46.114906311035156 2.200000047683716
endloop
endfacet
facet normal -0.05233595691331668 -0.9986295347194412 0
outer loop
vertex 12.609076499938965 -14.319589614868164 2.200000047683716
vertex 12.609076499938965 -14.319589614868164 0
vertex 26.68975257873535 -15.057526588439941 0
endloop
endfacet
facet normal -0.9961947088485189 -0.08715561979708725 0
outer loop
vertex 63.242706298828125 15.952274322509766 1.7000000476837158
vertex 62.93330383300781 19.488765716552734 2.200000047683716
vertex 62.93330383300781 19.488765716552734 0
endloop
endfacet
facet normal 1 0 0
outer loop
vertex 9.957965850830078 40.23759841918945 0
vertex 9.957965850830078 43.787601470947266 0
vertex 9.957965850830078 43.787601470947266 2.200000047683716
endloop
endfacet
facet normal -1 0 0
outer loop
vertex 24.057966232299805 33.23759841918945 1.7000000476837158
vertex 24.057966232299805 29.687599182128906 2.200000047683716
vertex 24.057966232299805 43.787601470947266 2.200000047683716
endloop
endfacet
facet normal -1 0 0
outer loop
vertex 24.057966232299805 43.787601470947266 0
vertex 24.057966232299805 40.23759841918945 0
vertex 24.057966232299805 40.23759841918945 1.7000000476837158
endloop
endfacet
facet normal -0.9961947088485189 -0.08715561979708725 0
outer loop
vertex 62.37114715576172 25.914220809936523 0
vertex 62.68054962158203 22.377729415893555 0
vertex 62.68054962158203 22.377729415893555 2.200000047683716
endloop
endfacet
facet normal -0.9986295307100549 0.05233603341690783 0
outer loop
vertex 10.340729713439941 -3.596794843673706 1.7000000476837158
vertex 10.526522636413574 -0.051659926772117615 2.200000047683716
vertex 10.526522636413574 -0.051659926772117615 0
endloop
endfacet
facet normal 0.9848077458588644 -0.17364821823555313 0
outer loop
vertex -58.294307708740234 -9.127503395080566 1.7000000476837158
vertex -58.294307708740234 -9.127503395080566 0
vertex -57.6778564453125 -5.631435394287109 2.200000047683716
endloop
endfacet
facet normal -0.9986295311584468 0.05233602486109069 0
outer loop
vertex 26.137609481811523 -25.593067169189453 0
vertex 25.95181655883789 -29.138202667236328 0
vertex 25.95181655883789 -29.138202667236328 2.200000047683716
endloop
endfacet
facet normal -0.052336024364534536 -0.9986295311844703 0
outer loop
vertex -4.443864822387695 -16.290424346923828 0
vertex 9.636811256408691 -17.028362274169922 0
vertex -4.443864822387695 -16.290424346923828 2.200000047683716
endloop
endfacet
facet normal -0.9986295311584468 0.05233602486109069 0
outer loop
vertex 26.137609481811523 -25.593067169189453 1.7000000476837158
vertex 26.137609481811523 -25.593067169189453 0
vertex 25.95181655883789 -29.138202667236328 2.200000047683716
endloop
endfacet
facet normal 0.9848077413023267 -0.1736482440769537 0
outer loop
vertex -56.70718002319336 0.7075077891349792 0
vertex -56.70718002319336 0.7075077891349792 1.7000000476837158
vertex -57.323631286621094 -2.788559675216675 0
endloop
endfacet
facet normal -0.998629558503122 0.05233550309168248 0
outer loop
vertex 26.68975257873535 -15.057526588439941 0
vertex 26.50396156311035 -18.6026611328125 1.7000000476837158
vertex 26.68975257873535 -15.057526588439941 2.200000047683716
endloop
endfacet
facet normal -0.9961946155501727 -0.08715668619700666 0
outer loop
vertex 63.8527946472168 8.978911399841309 0
vertex 64.16220092773438 5.44242000579834 2.200000047683716
vertex 63.8527946472168 8.978911399841309 1.7000000476837158
endloop
endfacet
facet normal 0.9961947088485189 0.08715561979708725 0
outer loop
vertex 35.09361267089844 -19.134597778320312 1.7000000476837158
vertex 35.40301513671875 -22.67108917236328 2.200000047683716
vertex 35.40301513671875 -22.67108917236328 0
endloop
endfacet
facet normal -1 0 0
outer loop
vertex 24.057966232299805 26.787599563598633 2.200000047683716
vertex 24.057966232299805 23.237600326538086 1.7000000476837158
vertex 24.057966232299805 16.237600326538086 1.7000000476837158
endloop
endfacet
facet normal -0.9986295311584468 0.05233602486109069 0
outer loop
vertex 27.027320861816406 -8.616365432739258 0
vertex 26.841527938842773 -12.161500930786133 0
vertex 26.841527938842773 -12.161500930786133 2.200000047683716
endloop
endfacet
facet normal -0.9961946155501727 -0.08715668619700666 0
outer loop
vertex 63.8527946472168 8.978911399841309 0
vertex 64.16220092773438 5.44242000579834 0
vertex 64.16220092773438 5.44242000579834 2.200000047683716
endloop
endfacet
facet normal -0.9986295311584468 0.05233602486109069 0
outer loop
vertex 27.027320861816406 -8.616365432739258 1.7000000476837158
vertex 27.027320861816406 -8.616365432739258 0
vertex 26.841527938842773 -12.161500930786133 2.200000047683716
endloop
endfacet
facet normal -1 0 0
outer loop
vertex 24.057966232299805 43.787601470947266 2.200000047683716
vertex 24.057966232299805 40.23759841918945 1.7000000476837158
vertex 24.057966232299805 33.23759841918945 1.7000000476837158
endloop
endfacet
facet normal 0.996194708848519 0.08715561979708725 0
outer loop
vertex 34.4835205078125 -12.161234855651855 1.7000000476837158
vertex 34.4835205078125 -12.161234855651855 0
vertex 34.17411804199219 -8.624743461608887 2.200000047683716
endloop
endfacet
facet normal -0.9848077377583517 0.1736482641758261 0
outer loop
vertex -11.200940132141113 -19.981157302856445 1.7000000476837158
vertex -11.200940132141113 -19.981157302856445 0
vertex -11.817391395568848 -23.477224349975586 2.200000047683716
endloop
endfacet
facet normal 1 0 0
outer loop
vertex 26.957965850830078 29.687599182128906 0
vertex 26.957965850830078 33.23759841918945 1.7000000476837158
vertex 26.957965850830078 29.687599182128906 2.200000047683716
endloop
endfacet
facet normal 0.1736481023730603 0.9848077662885458 0
outer loop
vertex -46.24050521850586 -21.96566390991211 0
vertex -60.12629699707031 -19.51722526550293 0
vertex -46.24050521850586 -21.96566390991211 2.200000047683716
endloop
endfacet
facet normal -0.996194708848519 -0.08715561979708725 0
outer loop
vertex 48.220462799072266 -7.395847320556641 0
vertex 48.52986526489258 -10.93233871459961 0
vertex 48.52986526489258 -10.93233871459961 1.7000000476837158
endloop
endfacet
facet normal 0.9961947068078966 0.08715564312153953 0
outer loop
vertex 49.19636154174805 14.72337818145752 1.7000000476837158
vertex 49.19636154174805 14.72337818145752 0
vertex 48.886959075927734 18.259868621826172 2.200000047683716
endloop
endfacet
facet normal -0.08715582470932899 0.9961946909210251 0
outer loop
vertex 49.44935989379883 -21.44219207763672 0
vertex 35.40301513671875 -22.67108917236328 0
vertex 49.44935989379883 -21.44219207763672 2.200000047683716
endloop
endfacet
facet normal -0.996194708848519 -0.08715561979708725 0
outer loop
vertex 49.139957427978516 -17.90570068359375 1.7000000476837158
vertex 49.139957427978516 -17.90570068359375 0
vertex 49.44935989379883 -21.44219207763672 2.200000047683716
endloop
endfacet
facet normal 0.9986295381785943 -0.05233589090869941 0
outer loop
vertex -5.181801795959473 -30.37110137939453 0
vertex -4.996009349822998 -26.825965881347656 1.7000000476837158
vertex -5.181801795959473 -30.37110137939453 2.200000047683716
endloop
endfacet
facet normal -0.9848077377583517 0.1736482641758261 0
outer loop
vertex -22.051658630371094 16.380464553833008 0
vertex -22.668109893798828 12.884397506713867 0
vertex -22.668109893798828 12.884397506713867 1.7000000476837158
endloop
endfacet
facet normal 0.9848077458588644 -0.17364821823555313 0
outer loop
vertex -42.45793533325195 -18.15062713623047 0
vertex -41.84148406982422 -14.654559135437012 0
vertex -41.84148406982422 -14.654559135437012 2.200000047683716
endloop
endfacet
facet normal -0.9961947082108247 -0.08715562708597725 0
outer loop
vertex 47.65830993652344 -0.970391571521759 0
vertex 47.96771240234375 -4.506882667541504 0
vertex 47.96771240234375 -4.506882667541504 2.200000047683716
endloop
endfacet
facet normal 0.17364820266959208 0.9848077486035639 0
outer loop
vertex -8.865372657775879 -6.735493183135986 0
vertex -22.751161575317383 -4.28705358505249 0
vertex -8.865372657775879 -6.735493183135986 2.200000047683716
endloop
endfacet
facet normal -0.9961947088485189 -0.08715561979708725 0
outer loop
vertex 48.52986526489258 -10.93233871459961 1.7000000476837158
vertex 48.220462799072266 -7.395847320556641 2.200000047683716
vertex 48.220462799072266 -7.395847320556641 0
endloop
endfacet
facet normal -0.9848077377583517 0.1736482641758261 0
outer loop
vertex -27.95569610595703 -17.102998733520508 0
vertex -28.572147369384766 -20.59906578063965 0
vertex -28.572147369384766 -20.59906578063965 1.7000000476837158
endloop
endfacet
facet normal -0.9961947082108246 -0.08715562708597725 0
outer loop
vertex 47.65830993652344 -0.970391571521759 1.7000000476837158
vertex 47.65830993652344 -0.970391571521759 0
vertex 47.96771240234375 -4.506882667541504 2.200000047683716
endloop
endfacet
facet normal 0.08715582470932899 -0.9961946909210251 0
outer loop
vertex 48.886959075927734 18.259868621826172 0
vertex 62.93330383300781 19.488765716552734 0
vertex 48.886959075927734 18.259868621826172 2.200000047683716
endloop
endfacet
facet normal 0.9961947083383634 0.08715562562819915 0
outer loop
vertex 50.678009033203125 -2.2119319438934326 1.7000000476837158
vertex 50.678009033203125 -2.2119319438934326 0
vertex 50.36860656738281 1.324559211730957 2.200000047683716
endloop
endfacet
facet normal 0.9848077377583516 -0.1736482641758261 0
outer loop
vertex -43.6734733581543 -25.044281005859375 1.7000000476837158
vertex -44.28992462158203 -28.540348052978516 2.200000047683716
vertex -44.28992462158203 -28.540348052978516 0
endloop
endfacet
facet normal -0.9961947088485189 -0.08715561979708725 0
outer loop
vertex 65.33444213867188 -7.956398963928223 0
vertex 65.64384460449219 -11.492890357971191 0
vertex 65.64384460449219 -11.492890357971191 2.200000047683716
endloop
endfacet
facet normal -1 0 0
outer loop
vertex 41.05796432495117 29.687599182128906 0
vertex 41.05796432495117 29.687599182128906 2.200000047683716
vertex 41.05796432495117 33.23759841918945 0
endloop
endfacet
facet normal -0.17364819373705323 -0.9848077501786117 0
outer loop
vertex -25.003677368164062 -0.3612670302391052 0
vertex -38.88946533203125 2.087172269821167 2.200000047683716
vertex -38.88946533203125 2.087172269821167 0
endloop
endfacet
facet normal -0.9961947069597675 -0.08715564138550724 -1.538632917619365e-7
outer loop
vertex 46.17666244506836 15.96491813659668 1.7000000476837158
vertex 46.48606491088867 12.428426742553711 2.200000047683716
vertex 45.6603889465332 21.865957260131836 2.200000047683716
endloop
endfacet
facet normal -0.9848077438337368 0.17364822972061913 0
outer loop
vertex -23.88364601135254 5.990743160247803 0
vertex -24.500097274780273 2.494675397872925 0
vertex -24.500097274780273 2.494675397872925 2.200000047683716
endloop
endfacet
facet normal -0.9848077458588644 0.17364821823555313 0
outer loop
vertex -9.985403060913086 -13.087503433227539 1.7000000476837158
vertex -9.368951797485352 -9.591435432434082 2.200000047683716
vertex -9.368951797485352 -9.591435432434082 0
endloop
endfacet
facet normal -0.996194708848519 -0.08715561979708725 0
outer loop
vertex 65.33444213867188 -7.956398963928223 1.7000000476837158
vertex 65.33444213867188 -7.956398963928223 0
vertex 65.64384460449219 -11.492890357971191 2.200000047683716
endloop
endfacet
facet normal -0.0871556626283818 0.9961947051012706 0
outer loop
vertex 50.11585235595703 4.213523864746094 0
vertex 50.11585235595703 4.213523864746094 2.200000047683716
vertex 55.586891174316406 4.6921772956848145 2.200000047683716
endloop
endfacet
facet normal 0.996194707828208 0.08715563145931184 0
outer loop
vertex 49.80644989013672 7.750014781951904 1.7000000476837158
vertex 50.11585235595703 4.213523864746094 2.200000047683716
vertex 50.11585235595703 4.213523864746094 0
endloop
endfacet
facet normal 0.9848077377583517 -0.1736482641758261 0
outer loop
vertex -25.086729049682617 -17.532718658447266 0
vertex -25.086729049682617 -17.532718658447266 1.7000000476837158
vertex -25.70318031311035 -21.028785705566406 0
endloop
endfacet
facet normal -0.9848077438337368 0.17364822972061913 0
outer loop
vertex -23.88364601135254 5.990743160247803 1.7000000476837158
vertex -23.88364601135254 5.990743160247803 0
vertex -24.500097274780273 2.494675397872925 2.200000047683716
endloop
endfacet
facet normal 0.996194708848519 0.08715561979708725 0
outer loop
vertex 35.09361267089844 -19.134597778320312 0
vertex 35.09361267089844 -19.134597778320312 1.7000000476837158
vertex 35.40301513671875 -22.67108917236328 0
endloop
endfacet
facet normal -0.052336024364534536 -0.9986295311844703 0
outer loop
vertex -5.333576202392578 -33.267127990722656 2.200000047683716
vertex 8.747099876403809 -34.00506591796875 0
vertex 8.747099876403809 -34.00506591796875 2.200000047683716
endloop
endfacet
facet normal -0.996194708848519 -0.08715561979708725 0
outer loop
vertex 46.17666244506836 15.96491813659668 0
vertex 46.48606491088867 12.428426742553711 2.200000047683716
vertex 46.17666244506836 15.96491813659668 1.7000000476837158
endloop
endfacet
facet normal -0.9848077377583516 0.1736482641758261 0
outer loop
vertex -22.668109893798828 12.884397506713867 1.7000000476837158
vertex -22.051658630371094 16.380464553833008 2.200000047683716
vertex -22.051658630371094 16.380464553833008 0
endloop
endfacet
facet normal -0.1736482142361134 -0.9848077465640738 0
outer loop
vertex -57.6778564453125 -5.631435394287109 2.200000047683716
vertex -57.6778564453125 -5.631435394287109 0
vertex -43.79206848144531 -8.079874992370605 0
endloop
endfacet
facet normal -0.17364810902449868 -0.9848077651157183 0
outer loop
vertex -35.93744659423828 18.828903198242188 2.200000047683716
vertex -35.93744659423828 18.828903198242188 0
vertex -32.907615661621094 18.294662475585938 0
endloop
endfacet
facet normal 0.9986295342086348 -0.05233596666008134 0
outer loop
vertex -3.7399463653564453 -2.8588578701019287 1.7000000476837158
vertex -3.7399463653564453 -2.8588578701019287 0
vertex -3.5541536808013916 0.6862770318984985 2.200000047683716
endloop
endfacet
facet normal 0.2588189909452699 0.9659258408004583 0
outer loop
vertex -31.13193130493164 23.343149185180664 0
vertex -44.75148391723633 26.992496490478516 0
vertex -31.13193130493164 23.343149185180664 2.200000047683716
endloop
endfacet
facet normal 0.25881895712703823 0.9659258498620235 0
outer loop
vertex -14.13193130493164 19.093149185180664 0
vertex -27.75148582458496 22.742496490478516 0
vertex -14.13193130493164 19.093149185180664 2.200000047683716
endloop
endfacet
facet normal 0.1736481515707932 0.9848077576136608 0
outer loop
vertex -43.43783950805664 -5.236999034881592 0
vertex -57.323631286621094 -2.788559675216675 0
vertex -43.43783950805664 -5.236999034881592 2.200000047683716
endloop
endfacet
facet normal 0.9961947083383635 0.08715562562819916 0
outer loop
vertex 50.36860656738281 1.324559211730957 2.200000047683716
vertex 50.678009033203125 -2.2119319438934326 0
vertex 50.36860656738281 1.324559211730957 0
endloop
endfacet
facet normal 0.08715569089201734 -0.9961947026285249 0
outer loop
vertex 45.46182632446289 9.427740097045898 2.200000047683716
vertex 46.73881530761719 9.539462089538574 0
vertex 46.73881530761719 9.539462089538574 2.200000047683716
endloop
endfacet
facet normal -0.9659258077528968 0.25881911428044424 0
outer loop
vertex -30.213123321533203 26.772186279296875 1.7000000476837158
vertex -30.213123321533203 26.772186279296875 0
vertex -31.13193130493164 23.343149185180664 2.200000047683716
endloop
endfacet
facet normal -0.08715569046392224 0.9961947026659783 0
outer loop
vertex 46.48606491088867 12.428426742553711 0
vertex 32.439720153808594 11.199531555175781 0
vertex 46.48606491088867 12.428426742553711 2.200000047683716
endloop
endfacet
facet normal -0.9986295354369491 0.05233594322162414 -2.9362313580469554e-7
outer loop
vertex 8.22107219696045 -44.042274475097656 2.200000047683716
vertex 8.747099876403809 -34.00506591796875 2.200000047683716
vertex 8.194955825805664 -44.54060745239258 1.7000000476837158
endloop
endfacet
facet normal -0.17364819110307228 -0.9848077506430536 0
outer loop
vertex -20.302722930908203 9.598735809326172 2.200000047683716
vertex -20.302722930908203 9.598735809326172 0
vertex -6.416933059692383 7.150296211242676 0
endloop
endfacet
facet normal -0.9848077418086089 0.17364824120568662 0
outer loop
vertex -40.989402770996094 8.64879035949707 0
vertex -41.60585403442383 5.1527228355407715 0
vertex -41.60585403442383 5.1527228355407715 1.7000000476837158
endloop
endfacet
facet normal -0.998629533075926 0.05233598825863152 -0.0000012452089092487742
outer loop
vertex 8.747099876403809 -34.00506591796875 2.200000047683716
vertex 8.561307907104492 -37.55019760131836 1.7000000476837158
vertex 8.194955825805664 -44.54060745239258 1.7000000476837158
endloop
endfacet
facet normal -0.9961946748042037 -0.08715600889089671 0.000002440646818656998
outer loop
vertex 45.25716781616211 26.47477149963379 2.200000047683716
vertex 45.56657028198242 22.938282012939453 1.7000000476837158
vertex 46.17666244506836 15.96491813659668 1.7000000476837158
endloop
endfacet
facet normal -0.984807741808609 0.17364824120568664 0
outer loop
vertex -7.033384323120117 3.654228687286377 1.7000000476837158
vertex -6.416933059692383 7.150296211242676 2.200000047683716
vertex -6.416933059692383 7.150296211242676 0
endloop
endfacet
facet normal -0.9848077377583516 0.1736482641758261 0
outer loop
vertex -44.40851974487305 -11.575942039489746 1.7000000476837158
vertex -43.79206848144531 -8.079874992370605 2.200000047683716
vertex -43.79206848144531 -8.079874992370605 0
endloop
endfacet
facet normal 0.9986295315823294 -0.05233601674034889 -0.0000018469989030035535
outer loop
vertex 10.981429100036621 -45.37696838378906 2.200000047683716
vertex 11.167221069335938 -41.83183288574219 1.7000000476837158
vertex 11.533573150634766 -34.841426849365234 1.7000000476837158
endloop
endfacet
facet normal 0.6427877548377817 0.7660443213208847 -0.0000016213805448008544
outer loop
vertex -61.15898895263672 38.78939437866211 2.200000047683716
vertex -54.37307357788086 33.095333099365234 2.200000047683716
vertex -65.17430114746094 42.15863800048828 0
endloop
endfacet
facet normal 0.998629534904572 -0.05233595337834156 -5.082240699679119e-7
outer loop
vertex 10.981429100036621 -45.37696838378906 2.200000047683716
vertex 11.533573150634766 -34.841426849365234 1.7000000476837158
vertex 11.719366073608398 -31.29629135131836 2.200000047683716
endloop
endfacet
facet normal 0.9848077458588644 -0.17364821823555313 0
outer loop
vertex -40.72145462036133 -8.302549362182617 1.7000000476837158
vertex -41.33790588378906 -11.798617362976074 2.200000047683716
vertex -41.33790588378906 -11.798617362976074 0
endloop
endfacet
facet normal 1 0 0
outer loop
vertex -7.042034149169922 29.687599182128906 0
vertex -7.042034149169922 33.23759841918945 1.7000000476837158
vertex -7.042034149169922 29.687599182128906 2.200000047683716
endloop
endfacet
facet normal -0.9986295282151517 0.05233608102240296 0
outer loop
vertex 8.194955825805664 -44.54060745239258 1.7000000476837158
vertex 8.194955825805664 -44.54060745239258 0
vertex 8.009162902832031 -48.08573913574219 2.200000047683716
endloop
endfacet
facet normal -0.965925843743906 0.25881897996017056 0
outer loop
vertex -27.482582092285156 36.962703704833984 0
vertex -28.401390075683594 33.53366470336914 0
vertex -28.401390075683594 33.53366470336914 1.7000000476837158
endloop
endfacet
facet normal 0.9986295311584468 -0.05233602486109069 0
outer loop
vertex 11.533573150634766 -34.841426849365234 0
vertex 11.719366073608398 -31.29629135131836 0
vertex 11.719366073608398 -31.29629135131836 2.200000047683716
endloop
endfacet
facet normal 0.9986295317701953 -0.052336013181027145 8.693252032210545e-7
outer loop
vertex -5.635847091674805 -39.034793853759766 2.200000047683716
vertex -5.519368648529053 -36.81226348876953 1.7000000476837158
vertex -5.333576202392578 -33.267127990722656 2.200000047683716
endloop
endfacet
facet normal 0 -1 0
outer loop
vertex 26.957965850830078 43.787601470947266 2.200000047683716
vertex 41.05796432495117 43.787601470947266 0
vertex 41.05796432495117 43.787601470947266 2.200000047683716
endloop
endfacet
facet normal 0.9986295315836331 -0.05233601674041722 -8.946315671298499e-7
outer loop
vertex -6.0715131759643555 -47.34780502319336 2.200000047683716
vertex -5.885720729827881 -43.802669525146484 1.7000000476837158
vertex -5.519368648529053 -36.81226348876953 1.7000000476837158
endloop
endfacet
facet normal 0.9848077458588644 -0.17364821823555313 0
outer loop
vertex -55.491641998291016 7.601161956787109 0
vertex -54.87519073486328 11.097229957580566 0
vertex -54.87519073486328 11.097229957580566 2.200000047683716
endloop
endfacet
facet normal 0.998629533082038 -0.05233598815680267 4.4012340991947466e-8
outer loop
vertex -6.0715131759643555 -47.34780502319336 2.200000047683716
vertex -5.938169956207275 -44.803466796875 1.7000000476837158
vertex -5.929370880126953 -44.63557052612305 1.7000000476837158
endloop
endfacet
facet normal -0.9848077418086089 0.17364824120568662 0
outer loop
vertex -42.821388244628906 -1.740931510925293 1.7000000476837158
vertex -42.821388244628906 -1.740931510925293 0
vertex -43.43783950805664 -5.236999034881592 2.200000047683716
endloop
endfacet
facet normal 0.9986295180173836 -0.052336275598173866 -9.381504539150095e-7
outer loop
vertex -6.0715131759643555 -47.34780502319336 2.200000047683716
vertex -6.013034343719482 -46.23196029663086 1.7000000476837158
vertex -5.987320899963379 -45.7413215637207 1.7000000476837158
endloop
endfacet
facet normal 0.984807741808609 -0.17364824120568664 0
outer loop
vertex -38.88946533203125 2.087172269821167 2.200000047683716
vertex -39.505916595458984 -1.4088952541351318 0
vertex -38.88946533203125 2.087172269821167 0
endloop
endfacet
facet normal 0.998629546681628 -0.05233572866070021 0
outer loop
vertex -6.0715131759643555 -47.34780502319336 2.200000047683716
vertex -6.0715131759643555 -47.34780502319336 1.7000000476837158
vertex -6.049045085906982 -46.91908645629883 1.7000000476837158
endloop
endfacet
facet normal -0.9848077894770983 0.17364797086397393 -2.3626818438896427e-7
outer loop
vertex -14.152959823608398 -36.7228889465332 1.7000000476837158
vertex -14.769410133361816 -40.218955993652344 2.200000047683716
vertex -14.417963981628418 -38.22580337524414 2.200000047683716
endloop
endfacet
facet normal 0.9848077418086089 -0.17364824120568662 0
outer loop
vertex -39.505916595458984 -1.4088952541351318 0
vertex -38.88946533203125 2.087172269821167 2.200000047683716
vertex -39.505916595458984 -1.4088952541351318 1.7000000476837158
endloop
endfacet
facet normal 0.9848077458588644 -0.17364821823555313 0
outer loop
vertex -55.491641998291016 7.601161956787109 1.7000000476837158
vertex -55.491641998291016 7.601161956787109 0
vertex -54.87519073486328 11.097229957580566 2.200000047683716
endloop
endfacet
facet normal -0.9961941946554131 -0.08716148686908454 0.00004173276081161917
outer loop
vertex 46.73881530761719 9.539462089538574 2.200000047683716
vertex 47.0482177734375 6.002971172332764 1.7000000476837158
vertex 46.76769256591797 9.209415435791016 2.200000047683716
endloop
endfacet
facet normal 0.9986295381785943 -0.05233589090869941 0
outer loop
vertex -4.106297969818115 -9.849264144897461 0
vertex -4.106297969818115 -9.849264144897461 1.7000000476837158
vertex -4.29209041595459 -13.394399642944336 0
endloop
endfacet
facet normal 0.965925843743906 -0.25881897996017056 0
outer loop
vertex -25.020944595336914 32.933013916015625 1.7000000476837158
vertex -25.020944595336914 32.933013916015625 0
vertex -24.102136611938477 36.36205291748047 2.200000047683716
endloop
endfacet
facet normal -0.9848077822338003 0.17364801193344154 -0.000001818546470021513
outer loop
vertex -30.40413475036621 -30.988788604736328 2.200000047683716
vertex -29.098785400390625 -23.585777282714844 2.200000047683716
vertex -29.787683486938477 -27.492721557617188 1.7000000476837158
endloop
endfacet
facet normal 0.965925843743906 -0.2588189799601705 0
outer loop
vertex -25.020944595336914 32.933013916015625 0
vertex -24.102136611938477 36.36205291748047 0
vertex -24.102136611938477 36.36205291748047 2.200000047683716
endloop
endfacet
facet normal 0 -1 0
outer loop
vertex 9.957965850830078 43.787601470947266 2.200000047683716
vertex 24.057966232299805 43.787601470947266 0
vertex 24.057966232299805 43.787601470947266 2.200000047683716
endloop
endfacet
facet normal 0.17364825670005504 0.9848077390765325 0
outer loop
vertex -30.40413475036621 -30.988788604736328 0
vertex -44.28992462158203 -28.540348052978516 0
vertex -30.40413475036621 -30.988788604736328 2.200000047683716
endloop
endfacet
facet normal -0.9986295384391797 0.052335885927108736 -9.877849998367362e-7
outer loop
vertex 25.24789810180664 -42.56977081298828 1.7000000476837158
vertex 25.062105178833008 -46.114906311035156 2.200000047683716
vertex 25.80004119873047 -32.03422927856445 2.200000047683716
endloop
endfacet
facet normal 0.08715569046392224 -0.9961947026659783 0
outer loop
vertex 31.21082305908203 25.24587631225586 2.200000047683716
vertex 45.25716781616211 26.47477149963379 0
vertex 45.25716781616211 26.47477149963379 2.200000047683716
endloop
endfacet
facet normal 0.05232741787516865 0.9986299821948654 0
outer loop
vertex -6.0715131759643555 -47.34780502319336 1.7000000476837158
vertex -6.0715131759643555 -47.34780502319336 2.200000047683716
vertex -5.940399169921875 -47.35467529296875 1.7000000476837158
endloop
endfacet
facet normal 0.9986295358125128 -0.05233593605626129 0
outer loop
vertex -6.049045085906982 -46.91908645629883 1.7000000476837158
vertex -6.049045085906982 -46.91908645629883 0
vertex -6.013034343719482 -46.23196029663086 1.7000000476837158
endloop
endfacet
facet normal 0.9848077239718745 -0.17364834230902762 -0.000004320058536570013
outer loop
vertex -26.823211669921875 -27.380796432495117 1.7000000476837158
vertex -28.65519905090332 -37.77051544189453 2.200000047683716
vertex -28.03874969482422 -34.27444839477539 1.7000000476837158
endloop
endfacet
facet normal -0.052336024364534536 -0.9986295311844703 0
outer loop
vertex 9.636811256408691 -17.028362274169922 2.200000047683716
vertex -4.443864822387695 -16.290424346923828 2.200000047683716
vertex 9.636811256408691 -17.028362274169922 0
endloop
endfacet
facet normal 0.9659258077528968 -0.25881911428044424 0
outer loop
vertex -43.83267593383789 30.421533584594727 1.7000000476837158
vertex -44.75148391723633 26.992496490478516 2.200000047683716
vertex -44.75148391723633 26.992496490478516 0
endloop
endfacet
facet normal -0.9848077377583516 0.1736482641758261 0
outer loop
vertex -29.787683486938477 -27.492721557617188 0
vertex -30.40413475036621 -30.988788604736328 0
vertex -30.40413475036621 -30.988788604736328 2.200000047683716
endloop
endfacet
facet normal 0.7660443886040085 -0.6427876746549446 0
outer loop
vertex -56.11099624633789 52.95986557006836 0
vertex -58.39289093017578 50.24040985107422 1.7000000476837158
vertex -58.39289093017578 50.24040985107422 0
endloop
endfacet
facet normal 0.05233602082956164 0.9986295313697305 0
outer loop
vertex 25.95181655883789 -29.138202667236328 2.200000047683716
vertex 11.871139526367188 -28.400264739990234 0
vertex 11.871139526367188 -28.400264739990234 2.200000047683716
endloop
endfacet
facet normal -0.9986295315823294 0.05233601674034889 -0.0000018469989030035535
outer loop
vertex 9.636811256408691 -17.028362274169922 2.200000047683716
vertex 9.451019287109375 -20.573497772216797 1.7000000476837158
vertex 9.084667205810547 -27.56390380859375 1.7000000476837158
endloop
endfacet
facet normal 0.9848077539593707 -0.17364817229530405 0
outer loop
vertex -26.20676040649414 -23.884727478027344 2.200000047683716
vertex -26.823211669921875 -27.380796432495117 0
vertex -26.20676040649414 -23.884727478027344 0
endloop
endfacet
facet normal 0.08715569046392224 -0.9961947026659783 0
outer loop
vertex 31.21082305908203 25.24587631225586 2.200000047683716
vertex 31.21082305908203 25.24587631225586 0
vertex 45.25716781616211 26.47477149963379 0
endloop
endfacet
facet normal -0.996194708848519 -0.08715561979708725 0
outer loop
vertex 61.451656341552734 36.424076080322266 0
vertex 61.76105880737305 32.8875846862793 0
vertex 61.76105880737305 32.8875846862793 1.7000000476837158
endloop
endfacet
facet normal -1 0 0
outer loop
vertex 24.057966232299805 33.23759841918945 0
vertex 24.057966232299805 29.687599182128906 0
vertex 24.057966232299805 29.687599182128906 2.200000047683716
endloop
endfacet
facet normal -0.7660448325872392 0.6427871455360542 0
outer loop
vertex -45.30976867675781 43.89656066894531 0
vertex -47.5916633605957 41.177101135253906 0
vertex -47.5916633605957 41.177101135253906 1.7000000476837158
endloop
endfacet
facet normal 0.9961947068078965 0.08715564312153952 0
outer loop
vertex 32.439720153808594 11.199531555175781 0
vertex 32.13031768798828 14.736021995544434 1.7000000476837158
vertex 32.439720153808594 11.199531555175781 2.200000047683716
endloop
endfacet
facet normal 0.17364814245313637 0.9848077592213432 -1.1029074997577196e-7
outer loop
vertex -40.92252731323242 -11.871859550476074 2.200000047683716
vertex -27.452116012573242 -14.247056007385254 2.200000047683716
vertex -41.33790588378906 -11.798617362976074 0
endloop
endfacet
facet normal 0.996194708848519 0.08715561979708725 0
outer loop
vertex 33.00187301635742 4.774075508117676 1.7000000476837158
vertex 33.00187301635742 4.774075508117676 0
vertex 32.69247055053711 8.310566902160645 2.200000047683716
endloop
endfacet
facet normal 0.7660443034687371 -0.642787776115179 0
outer loop
vertex -62.89240264892578 44.87809753417969 1.7000000476837158
vertex -65.17430114746094 42.15863800048828 2.200000047683716
vertex -65.17430114746094 42.15863800048828 0
endloop
endfacet
facet normal 0.9986295345334045 -0.05233596044824482 0.0000012471302127792712
outer loop
vertex 11.871139526367188 -28.400264739990234 2.200000047683716
vertex 12.423284530639648 -17.864723205566406 1.7000000476837158
vertex 12.609076499938965 -14.319589614868164 2.200000047683716
endloop
endfacet
facet normal -0.08715568534282678 0.9961947031140158 0
outer loop
vertex 32.439720153808594 11.199531555175781 0
vertex 32.439720153808594 11.199531555175781 2.200000047683716
vertex 39.951412200927734 11.856719017028809 2.200000047683716
endloop
endfacet
facet normal -0.9986295306985576 0.0523360336362878 0
outer loop
vertex 27.579463958740234 1.9191758632659912 0
vertex 27.3936710357666 -1.625959038734436 1.7000000476837158
vertex 27.579463958740234 1.9191758632659912 2.200000047683716
endloop
endfacet
facet normal 0.9659261123838734 -0.25881797737981155 0
outer loop
vertex -42.02094268798828 37.183013916015625 0
vertex -41.10213851928711 40.61205291748047 0
vertex -41.10213851928711 40.61205291748047 2.200000047683716
endloop
endfacet
facet normal 0.9961947088485189 0.08715561979708725 0
outer loop
vertex 33.00187301635742 4.774075508117676 0
vertex 32.69247055053711 8.310566902160645 0
vertex 32.69247055053711 8.310566902160645 2.200000047683716
endloop
endfacet
facet normal 0.9986295561556723 -0.05233554788406064 0
outer loop
vertex -5.929370880126953 -44.63557052612305 1.7000000476837158
vertex -5.929370880126953 -44.63557052612305 0
vertex -5.885720729827881 -43.802669525146484 1.7000000476837158
endloop
endfacet
facet normal 0 1 0
outer loop
vertex 24.057966232299805 12.687600135803223 0
vertex 9.957965850830078 12.687600135803223 0
vertex 24.057966232299805 12.687600135803223 2.200000047683716
endloop
endfacet
facet normal -0.17364826826657895 -0.9848077370370412 0
outer loop
vertex -12.320971488952637 -26.333168029785156 0
vertex -26.20676040649414 -23.884727478027344 2.200000047683716
vertex -26.20676040649414 -23.884727478027344 0
endloop
endfacet
facet normal 1 0 0
outer loop
vertex 9.957965850830078 23.237600326538086 1.7000000476837158
vertex 9.957965850830078 23.237600326538086 0
vertex 9.957965850830078 26.787599563598633 2.200000047683716
endloop
endfacet
facet normal -0.9848077377583517 0.1736482641758261 0
outer loop
vertex -29.787683486938477 -27.492721557617188 1.7000000476837158
vertex -29.787683486938477 -27.492721557617188 0
vertex -30.40413475036621 -30.988788604736328 2.200000047683716
endloop
endfacet
facet normal 0.052335953378348316 0.998629534904701 0
outer loop
vertex 26.841527938842773 -12.161500930786133 2.200000047683716
vertex 12.76085090637207 -11.423563957214355 0
vertex 12.76085090637207 -11.423563957214355 2.200000047683716
endloop
endfacet
facet normal 0.9659261123838734 -0.25881797737981155 0
outer loop
vertex -42.02094268798828 37.183013916015625 1.7000000476837158
vertex -42.02094268798828 37.183013916015625 0
vertex -41.10213851928711 40.61205291748047 2.200000047683716
endloop
endfacet
facet normal 0 -1 0
outer loop
vertex 9.957965850830078 26.787599563598633 2.200000047683716
vertex 9.957965850830078 26.787599563598633 0
vertex 24.057966232299805 26.787599563598633 0
endloop
endfacet
facet normal 0.9848077377583517 -0.1736482641758261 0
outer loop
vertex -59.50984573364258 -16.02115821838379 0
vertex -59.50984573364258 -16.02115821838379 1.7000000476837158
vertex -60.12629699707031 -19.51722526550293 0
endloop
endfacet
facet normal -1 0 0
outer loop
vertex 7.057966232299805 33.23759841918945 0
vertex 7.057966232299805 29.687599182128906 0
vertex 7.057966232299805 29.687599182128906 2.200000047683716
endloop
endfacet
facet normal 0.9986295357189494 -0.05233593784115643 -2.0489516396549645e-7
outer loop
vertex -4.29209041595459 -13.394399642944336 2.200000047683716
vertex -3.7399463653564453 -2.8588578701019287 1.7000000476837158
vertex -3.5541536808013916 0.6862770318984985 2.200000047683716
endloop
endfacet
facet normal 1 0 0
outer loop
vertex 9.957965850830078 16.237600326538086 1.7000000476837158
vertex 9.957965850830078 12.687600135803223 2.200000047683716
vertex 9.957965850830078 12.687600135803223 0
endloop
endfacet
facet normal -0.05233595691331668 -0.9986295347194412 0
outer loop
vertex 13.498787879943848 2.6571128368377686 2.200000047683716
vertex 27.579463958740234 1.9191758632659912 0
vertex 27.579463958740234 1.9191758632659912 2.200000047683716
endloop
endfacet
facet normal 0.998629544692851 -0.052335766608973155 0
outer loop
vertex 13.312995910644531 -0.8880220055580139 1.7000000476837158
vertex 13.312995910644531 -0.8880220055580139 0
vertex 13.498787879943848 2.6571128368377686 2.200000047683716
endloop
endfacet
facet normal -0.984807910813137 0.1736472825967601 -0.000006828287705449156
outer loop
vertex -8.248921394348145 -3.2394254207611084 1.7000000476837158
vertex -8.865372657775879 -6.735493183135986 2.200000047683716
vertex -8.815485000610352 -6.452564716339111 2.200000047683716
endloop
endfacet
facet normal 0.08715571409422608 -0.9961947005985956 0
outer loop
vertex 51.571266174316406 35.559654235839844 2.200000047683716
vertex 61.451656341552734 36.424076080322266 0
vertex 61.451656341552734 36.424076080322266 2.200000047683716
endloop
endfacet
facet normal 0.9986295381785943 -0.05233589090869941 0
outer loop
vertex -5.519368648529053 -36.81226348876953 1.7000000476837158
vertex -5.519368648529053 -36.81226348876953 0
vertex -5.333576202392578 -33.267127990722656 2.200000047683716
endloop
endfacet
facet normal -0.9848077363054248 0.1736482724157699 -5.940610930823918e-8
outer loop
vertex -43.79206848144531 -8.079874992370605 2.200000047683716
vertex -44.40851974487305 -11.575942039489746 1.7000000476837158
vertex -45.62405776977539 -18.46959686279297 1.7000000476837158
endloop
endfacet
facet normal -0.9848077554955121 0.17364816358296528 3.940193741661145e-7
outer loop
vertex -9.368951797485352 -9.591435432434082 2.200000047683716
vertex -9.985403060913086 -13.087503433227539 1.7000000476837158
vertex -11.200940132141113 -19.981157302856445 1.7000000476837158
endloop
endfacet
facet normal 0.9848077332242059 -0.1736482898894613 -5.165911734552265e-7
outer loop
vertex -39.505916595458984 -1.4088952541351318 1.7000000476837158
vertex -41.33790588378906 -11.798617362976074 2.200000047683716
vertex -40.72145462036133 -8.302549362182617 1.7000000476837158
endloop
endfacet
facet normal 0 1 0
outer loop
vertex -7.042034149169922 29.687599182128906 0
vertex -7.042034149169922 29.687599182128906 2.200000047683716
vertex 7.057966232299805 29.687599182128906 2.200000047683716
endloop
endfacet
facet normal -0.998629542255459 0.05233581311733168 0
outer loop
vertex 8.747099876403809 -34.00506591796875 0
vertex 8.561307907104492 -37.55019760131836 0
vertex 8.561307907104492 -37.55019760131836 1.7000000476837158
endloop
endfacet
facet normal 0.9961947068078966 0.08715564312153953 0
outer loop
vertex 32.439720153808594 11.199531555175781 0
vertex 32.13031768798828 14.736021995544434 0
vertex 32.13031768798828 14.736021995544434 1.7000000476837158
endloop
endfacet
facet normal 0.9848077360172931 -0.17364827404984104 7.118699211534564e-8
outer loop
vertex -38.385887145996094 4.943114757537842 2.200000047683716
vertex -36.553897857666016 15.332836151123047 1.7000000476837158
vertex -35.93744659423828 18.828903198242188 2.200000047683716
endloop
endfacet
facet normal -0.17364824281043806 -0.9848077415256478 0
outer loop
vertex -13.921128273010254 8.473488807678223 2.200000047683716
vertex -6.416933059692383 7.150296211242676 0
vertex -6.416933059692383 7.150296211242676 2.200000047683716
endloop
endfacet
facet normal 0.1736482259751008 0.9848077444941613 -1.5167135980845543e-7
outer loop
vertex -8.865372657775879 -6.735493183135986 2.200000047683716
vertex -22.751161575317383 -4.28705358505249 0
vertex -17.890911102294922 -5.144046783447266 2.200000047683716
endloop
endfacet
facet normal 0.9659258251052328 -0.2588190495201494 5.112984843022983e-7
outer loop
vertex -27.75148582458496 22.742496490478516 2.200000047683716
vertex -25.020944595336914 32.933013916015625 1.7000000476837158
vertex -24.102136611938477 36.36205291748047 2.200000047683716
endloop
endfacet
facet normal 0.9986295296868005 -0.05233605294173178 0
outer loop
vertex 11.871139526367188 -28.400264739990234 0
vertex 12.05693244934082 -24.855131149291992 1.7000000476837158
vertex 11.871139526367188 -28.400264739990234 2.200000047683716
endloop
endfacet
facet normal 1 0 0
outer loop
vertex 9.957965850830078 16.237600326538086 0
vertex 9.957965850830078 16.237600326538086 1.7000000476837158
vertex 9.957965850830078 12.687600135803223 0
endloop
endfacet
facet normal -0.9961946737683253 -0.08715602071968961 0.0000028158672335419453
outer loop
vertex 64.72434997558594 -0.9830360412597656 1.7000000476837158
vertex 65.33444213867188 -7.956398963928223 1.7000000476837158
vertex 64.41494750976562 2.553455114364624 2.200000047683716
endloop
endfacet
facet normal -0.965925816043764 0.2588190833384138 -2.274381700395012e-7
outer loop
vertex -30.213123321533203 26.772186279296875 1.7000000476837158
vertex -31.13193130493164 23.343149185180664 2.200000047683716
vertex -27.482582092285156 36.962703704833984 2.200000047683716
endloop
endfacet
facet normal -0.17364819974910795 -0.9848077491184871 -2.697194359953658e-7
outer loop
vertex -23.254741668701172 -7.142996311187744 2.200000047683716
vertex -9.368951797485352 -9.591435432434082 0
vertex -10.105914115905762 -9.4614896774292 2.200000047683716
endloop
endfacet
facet normal -0.08715571223697914 0.9961947007610409 -2.9176020654306487e-7
outer loop
vertex 65.64384460449219 -11.492890357971191 2.200000047683716
vertex 51.59749984741211 -12.721786499023438 0
vertex 55.999996185302734 -12.336617469787598 2.200000047683716
endloop
endfacet
facet normal 0.9961947223081807 0.08715546594311488 -0.000001251158236583106
outer loop
vertex 51.59749984741211 -12.721786499023438 2.200000047683716
vertex 50.678009033203125 -2.2119319438934326 1.7000000476837158
vertex 50.85114669799805 -4.190903663635254 2.200000047683716
endloop
endfacet
facet normal 0.9986295359631273 -0.052335933182302945 -8.150271259258535e-8
outer loop
vertex -5.181801795959473 -30.37110137939453 2.200000047683716
vertex -4.629657745361328 -19.835559844970703 1.7000000476837158
vertex -4.613070964813232 -19.519065856933594 2.200000047683716
endloop
endfacet
facet normal -0.9961946424062725 -0.08715637862787311 0.00001027198907559584
outer loop
vertex 48.220462799072266 -7.395847320556641 2.200000047683716
vertex 49.139957427978516 -17.90570068359375 1.7000000476837158
vertex 48.47775650024414 -10.336706161499023 2.200000047683716
endloop
endfacet
facet normal 0.17364826826657895 0.9848077370370412 0
outer loop
vertex -28.65519905090332 -37.77051544189453 0
vertex -14.769410133361816 -40.218955993652344 2.200000047683716
vertex -14.769410133361816 -40.218955993652344 0
endloop
endfacet
facet normal -0.9961946727330678 -0.0871560325485401 0.000002941732340994319
outer loop
vertex 48.52986526489258 -10.93233871459961 1.7000000476837158
vertex 49.139957427978516 -17.90570068359375 1.7000000476837158
vertex 48.220462799072266 -7.395847320556641 2.200000047683716
endloop
endfacet
facet normal -0.9848077486034671 0.173648202669575 -4.4343092546859214e-7
outer loop
vertex -11.200940132141113 -19.981157302856445 1.7000000476837158
vertex -11.817391395568848 -23.477224349975586 2.200000047683716
vertex -9.368951797485352 -9.591435432434082 2.200000047683716
endloop
endfacet
facet normal -0.1736496880999907 -0.9848074866809128 0
outer loop
vertex -22.514583587646484 16.46209144592285 2.200000047683716
vertex -22.051658630371094 16.380464553833008 0
vertex -22.051658630371094 16.380464553833008 2.200000047683716
endloop
endfacet
facet normal -1 0 0
outer loop
vertex 7.057966232299805 33.23759841918945 1.7000000476837158
vertex 7.057966232299805 29.687599182128906 2.200000047683716
vertex 7.057966232299805 43.787601470947266 2.200000047683716
endloop
endfacet
facet normal 0.9848077539593707 -0.17364817229530405 0
outer loop
vertex -26.823211669921875 -27.380796432495117 0
vertex -26.20676040649414 -23.884727478027344 2.200000047683716
vertex -26.823211669921875 -27.380796432495117 1.7000000476837158
endloop
endfacet
facet normal 0.08715574271419788 -0.9961946980946729 0
outer loop
vertex 39.52622985839844 -8.156494140625 2.200000047683716
vertex 48.220462799072266 -7.395847320556641 0
vertex 48.220462799072266 -7.395847320556641 2.200000047683716
endloop
endfacet
facet normal -0.998629545198724 0.05233575695630532 0
outer loop
vertex 9.636811256408691 -17.028362274169922 0
vertex 9.451019287109375 -20.573497772216797 0
vertex 9.451019287109375 -20.573497772216797 1.7000000476837158
endloop
endfacet
facet normal 0.08715578174612706 -0.9961946946798087 1.5543190115006448e-7
outer loop
vertex 34.17411804199219 -8.624743461608887 2.200000047683716
vertex 48.220462799072266 -7.395847320556641 0
vertex 39.52622985839844 -8.156494140625 2.200000047683716
endloop
endfacet
facet normal 1 0 0
outer loop
vertex -7.042034149169922 29.687599182128906 2.200000047683716
vertex -7.042034149169922 40.23759841918945 1.7000000476837158
vertex -7.042034149169922 43.787601470947266 2.200000047683716
endloop
endfacet
facet normal -0.087155841648341 0.9961946894390461 1.0897836229866931e-7
outer loop
vertex 49.44935989379883 -21.44219207763672 2.200000047683716
vertex 35.40301513671875 -22.67108917236328 0
vertex 36.42978286743164 -22.58125877380371 2.200000047683716
endloop
endfacet
facet normal 0.9961946740271082 0.08715601776247475 0.0000027947907689745727
outer loop
vertex 33.92136764526367 -5.73577880859375 2.200000047683716
vertex 33.61196517944336 -2.1992876529693604 1.7000000476837158
vertex 33.00187301635742 4.774075508117676 1.7000000476837158
endloop
endfacet
facet normal 0.9961947069365586 0.0871556414973035 -0.00000517471362570503
outer loop
vertex 35.40301513671875 -22.67108917236328 2.200000047683716
vertex 34.4835205078125 -12.161234855651855 1.7000000476837158
vertex 34.39653015136719 -11.166899681091309 2.200000047683716
endloop
endfacet
facet normal -0.9986295459626813 0.05233574233809853 0.0000020710546875892342
outer loop
vertex 27.3936710357666 -1.625959038734436 1.7000000476837158
vertex 27.027320861816406 -8.616365432739258 1.7000000476837158
vertex 27.579463958740234 1.9191758632659912 2.200000047683716
endloop
endfacet
facet normal -0.9848077698177228 0.17364808235793328 2.3523438566474378e-7
outer loop
vertex -27.091711044311523 -12.20310115814209 2.200000047683716
vertex -25.003677368164062 -0.3612670302391052 2.200000047683716
vertex -26.835664749145508 -10.750988960266113 1.7000000476837158
endloop
endfacet
facet normal -0.9961947088485189 -0.08715561979708725 0
outer loop
vertex 61.451656341552734 36.424076080322266 0
vertex 61.76105880737305 32.8875846862793 1.7000000476837158
vertex 61.451656341552734 36.424076080322266 2.200000047683716
endloop
endfacet
facet normal -0.17364809554647503 -0.9848077674921959 3.4552477456071976e-7
outer loop
vertex -35.93744659423828 18.828903198242188 2.200000047683716
vertex -22.051658630371094 16.380464553833008 0
vertex -22.514583587646484 16.46209144592285 2.200000047683716
endloop
endfacet
facet normal 0.9848077611895173 -0.17364813128929033 -7.924450579599566e-7
outer loop
vertex -25.70318031311035 -21.028785705566406 2.200000047683716
vertex -23.871192932128906 -10.639063835144043 1.7000000476837158
vertex -23.254741668701172 -7.142996311187744 2.200000047683716
endloop
endfacet
facet normal -0.9848077808463783 0.17364801980249464 0.00000176181443943243
outer loop
vertex -22.051658630371094 16.380464553833008 2.200000047683716
vertex -22.668109893798828 12.884397506713867 1.7000000476837158
vertex -23.88364601135254 5.990743160247803 1.7000000476837158
endloop
endfacet
facet normal -0.9986295311584468 0.05233602486109069 0
outer loop
vertex 9.084667205810547 -27.56390380859375 1.7000000476837158
vertex 9.084667205810547 -27.56390380859375 0
vertex 8.898874282836914 -31.109039306640625 2.200000047683716
endloop
endfacet
facet normal 0.9961946737682078 0.08715602071967934 0.000002857426462781878
outer loop
vertex 35.40301513671875 -22.67108917236328 2.200000047683716
vertex 35.09361267089844 -19.134597778320312 1.7000000476837158
vertex 34.4835205078125 -12.161234855651855 1.7000000476837158
endloop
endfacet
facet normal -0.9986295315773737 0.05233601674008918 -0.0000036519105447586174
outer loop
vertex 26.68975257873535 -15.057526588439941 2.200000047683716
vertex 26.50396156311035 -18.6026611328125 1.7000000476837158
vertex 26.137609481811523 -25.593067169189453 1.7000000476837158
endloop
endfacet
facet normal 0.9848077458588644 -0.17364821823555313 0
outer loop
vertex -40.72145462036133 -8.302549362182617 0
vertex -40.72145462036133 -8.302549362182617 1.7000000476837158
vertex -41.33790588378906 -11.798617362976074 0
endloop
endfacet
facet normal -0.08715560991996771 0.9961947097126538 0
outer loop
vertex 35.40301513671875 -22.67108917236328 0
vertex 35.40301513671875 -22.67108917236328 2.200000047683716
vertex 36.42978286743164 -22.58125877380371 2.200000047683716
endloop
endfacet
facet normal 0.17364815939100223 0.9848077562347471 0
outer loop
vertex -22.751161575317383 -4.28705358505249 2.200000047683716
vertex -17.890911102294922 -5.144046783447266 2.200000047683716
vertex -22.751161575317383 -4.28705358505249 0
endloop
endfacet
facet normal 0.9848077651185976 -0.17364810900788374 -3.1505377280474825e-7
outer loop
vertex -20.80283546447754 6.762457370758057 2.200000047683716
vertex -22.751161575317383 -4.28705358505249 2.200000047683716
vertex -20.919174194335938 6.102668285369873 1.7000000476837158
endloop
endfacet
facet normal -0.9986295311584468 0.05233602486109069 0
outer loop
vertex 9.084667205810547 -27.56390380859375 0
vertex 8.898874282836914 -31.109039306640625 0
vertex 8.898874282836914 -31.109039306640625 2.200000047683716
endloop
endfacet
facet normal 0.9986295366540088 -0.05233591998819457 0.0000010904871485636561
outer loop
vertex 13.033246994018555 -6.225942611694336 2.200000047683716
vertex 13.312995910644531 -0.8880220055580139 1.7000000476837158
vertex 13.498787879943848 2.6571128368377686 2.200000047683716
endloop
endfacet
facet normal 1 0 0
outer loop
vertex -7.042034149169922 29.687599182128906 2.200000047683716
vertex -7.042034149169922 33.23759841918945 1.7000000476837158
vertex -7.042034149169922 40.23759841918945 1.7000000476837158
endloop
endfacet
facet normal 0.9986295319338648 -0.05233601006502083 1.5510778792364534e-7
outer loop
vertex 12.76085090637207 -11.423563957214355 2.200000047683716
vertex 12.946643829345703 -7.878428936004639 1.7000000476837158
vertex 13.312995910644531 -0.8880220055580139 1.7000000476837158
endloop
endfacet
facet normal -0.1736482142361134 -0.9848077465640738 0
outer loop
vertex -41.84148406982422 -14.654559135437012 0
vertex -27.95569610595703 -17.102998733520508 0
vertex -41.84148406982422 -14.654559135437012 2.200000047683716
endloop
endfacet
facet normal 0.984807741808609 -0.17364824120568664 0
outer loop
vertex -23.871192932128906 -10.639063835144043 0
vertex -23.254741668701172 -7.142996311187744 0
vertex -23.254741668701172 -7.142996311187744 2.200000047683716
endloop
endfacet
facet normal -0.7660444839295063 0.6427875610389061 0.000003851086837957435
outer loop
vertex -54.37307357788086 33.095333099365234 2.200000047683716
vertex -45.30976867675781 43.89656066894531 2.200000047683716
vertex -52.09117889404297 35.81479263305664 1.7000000476837158
endloop
endfacet
facet normal 0.9848077321972314 -0.17364829571404325 -3.929796824340119e-7
outer loop
vertex -38.385887145996094 4.943114757537842 2.200000047683716
vertex -37.76943588256836 8.43918228149414 1.7000000476837158
vertex -36.553897857666016 15.332836151123047 1.7000000476837158
endloop
endfacet
facet normal -0.0871557359913382 0.9961946986828469 0
outer loop
vertex 48.63420486450195 21.148834228515625 0
vertex 48.63420486450195 21.148834228515625 2.200000047683716
vertex 59.912696838378906 22.135574340820312 2.200000047683716
endloop
endfacet
facet normal -0.9848077377583517 0.1736482641758261 0
outer loop
vertex -43.79206848144531 -8.079874992370605 0
vertex -44.40851974487305 -11.575942039489746 0
vertex -44.40851974487305 -11.575942039489746 1.7000000476837158
endloop
endfacet
facet normal -0.052335954975649274 -0.9986295348209899 0
outer loop
vertex 10.526522636413574 -0.051659926772117615 0
vertex 10.526522636413574 -0.051659926772117615 2.200000047683716
vertex -3.5541536808013916 0.6862770318984985 2.200000047683716
endloop
endfacet
facet normal -0.17364826826657895 -0.9848077370370412 0
outer loop
vertex -12.320971488952637 -26.333168029785156 2.200000047683716
vertex -26.20676040649414 -23.884727478027344 2.200000047683716
vertex -12.320971488952637 -26.333168029785156 0
endloop
endfacet
facet normal -0.9986295451237635 0.05233575835796648 0.0000017325723216101136
outer loop
vertex 27.579463958740234 1.9191758632659912 2.200000047683716
vertex 27.027320861816406 -8.616365432739258 1.7000000476837158
vertex 27.250356674194336 -4.360589027404785 2.200000047683716
endloop
endfacet
facet normal 0.0523322267302054 0.9986297302030711 0
outer loop
vertex 8.893996238708496 -44.577239990234375 0
vertex 8.194955825805664 -44.54060745239258 0
vertex 8.893996238708496 -44.577239990234375 1.7000000476837158
endloop
endfacet
facet normal -0.9986295315840327 0.05233601674043816 0
outer loop
vertex 9.260348320007324 -37.58683395385742 0
vertex 8.893996238708496 -44.577239990234375 0
vertex 8.893996238708496 -44.577239990234375 1.7000000476837158
endloop
endfacet
facet normal -0.05233766137397563 -0.9986294453909833 0
outer loop
vertex 8.561307907104492 -37.55019760131836 0
vertex 9.260348320007324 -37.58683395385742 0
vertex 8.561307907104492 -37.55019760131836 1.7000000476837158
endloop
endfacet
facet normal 0.9985795332913008 -0.05233346065175888 0.010006227457867695
outer loop
vertex -6.522420406341553 -42.576499938964844 0
vertex -6.539279460906982 -42.57314682006836 1.7000000476837158
vertex -6.545441627502441 -43.015769958496094 0
endloop
endfacet
facet normal 0 0 -1
outer loop
vertex -6.116208076477051 -43.79058837890625 1.7000000476837158
vertex -6.545441627502441 -43.015769958496094 1.7000000476837158
vertex -6.539279460906982 -42.57314682006836 1.7000000476837158
endloop
endfacet
facet normal 0 0 -1
outer loop
vertex -6.116208076477051 -43.79058837890625 1.7000000476837158
vertex -6.539279460906982 -42.57314682006836 1.7000000476837158
vertex -6.478029251098633 -41.729469299316406 1.7000000476837158
endloop
endfacet
facet normal 0 0 -1
outer loop
vertex -6.116208076477051 -43.79058837890625 1.7000000476837158
vertex -6.478029251098633 -41.729469299316406 1.7000000476837158
vertex -6.456549167633057 -41.319602966308594 1.7000000476837158
endloop
endfacet
facet normal 0.9986295475968701 -0.052335711196758554 0
outer loop
vertex -6.456549167633057 -41.319602966308594 0
vertex -6.456549167633057 -41.319602966308594 1.7000000476837158
vertex -6.478029251098633 -41.729469299316406 0
endloop
endfacet
facet normal 0 0 -1
outer loop
vertex -6.116208076477051 -43.79058837890625 1.7000000476837158
vertex -6.456549167633057 -41.319602966308594 1.7000000476837158
vertex -6.410770416259766 -40.44609069824219 1.7000000476837158
endloop
endfacet
facet normal 0 0 -1
outer loop
vertex -5.885720729827881 -43.802669525146484 1.7000000476837158
vertex -6.116208076477051 -43.79058837890625 1.7000000476837158
vertex -6.218409538269043 -36.77562713623047 1.7000000476837158
endloop
endfacet
facet normal 0 0 -1
outer loop
vertex -6.218409538269043 -36.77562713623047 1.7000000476837158
vertex -6.116208076477051 -43.79058837890625 1.7000000476837158
vertex -6.410770416259766 -40.44609069824219 1.7000000476837158
endloop
endfacet
facet normal 0 0 -1
outer loop
vertex -5.885720729827881 -43.802669525146484 1.7000000476837158
vertex -6.218409538269043 -36.77562713623047 1.7000000476837158
vertex -5.519368648529053 -36.81226348876953 1.7000000476837158
endloop
endfacet
facet normal 0.9986295342744288 -0.05233596540465596 0
outer loop
vertex -6.218409538269043 -36.77562713623047 0
vertex -6.218409538269043 -36.77562713623047 1.7000000476837158
vertex -6.410770416259766 -40.44609069824219 0
endloop
endfacet
facet normal -0.05233762577065053 -0.9986294472569348 0
outer loop
vertex -6.218409538269043 -36.77562713623047 1.7000000476837158
vertex -6.218409538269043 -36.77562713623047 0
vertex -5.519368648529053 -36.81226348876953 0
endloop
endfacet
facet normal 0.0523322267302054 0.9986297302030711 0
outer loop
vertex 8.893996238708496 -44.577239990234375 1.7000000476837158
vertex 8.194955825805664 -44.54060745239258 0
vertex 8.194955825805664 -44.54060745239258 1.7000000476837158
endloop
endfacet
facet normal 0 0 -1
outer loop
vertex 9.260348320007324 -37.58683395385742 1.7000000476837158
vertex 8.194955825805664 -44.54060745239258 1.7000000476837158
vertex 8.561307907104492 -37.55019760131836 1.7000000476837158
endloop
endfacet
facet normal 0 0 -1
outer loop
vertex 8.893996238708496 -44.577239990234375 1.7000000476837158
vertex 8.194955825805664 -44.54060745239258 1.7000000476837158
vertex 9.260348320007324 -37.58683395385742 1.7000000476837158
endloop
endfacet
facet normal -0.9986295315840327 0.05233601674043816 0
outer loop
vertex 9.260348320007324 -37.58683395385742 0
vertex 8.893996238708496 -44.577239990234375 1.7000000476837158
vertex 9.260348320007324 -37.58683395385742 1.7000000476837158
endloop
endfacet
facet normal -0.05233766137397563 -0.9986294453909833 0
outer loop
vertex 8.561307907104492 -37.55019760131836 1.7000000476837158
vertex 9.260348320007324 -37.58683395385742 0
vertex 9.260348320007324 -37.58683395385742 1.7000000476837158
endloop
endfacet
facet normal -0.05233762577065053 -0.9986294472569348 0
outer loop
vertex -6.218409538269043 -36.77562713623047 1.7000000476837158
vertex -5.519368648529053 -36.81226348876953 0
vertex -5.519368648529053 -36.81226348876953 1.7000000476837158
endloop
endfacet
facet normal 0.9986295342744288 -0.05233596540465596 0
outer loop
vertex -6.410770416259766 -40.44609069824219 1.7000000476837158
vertex -6.410770416259766 -40.44609069824219 0
vertex -6.218409538269043 -36.77562713623047 1.7000000476837158
endloop
endfacet
facet normal 0.9986295475968701 -0.052335711196758554 0
outer loop
vertex -6.478029251098633 -41.729469299316406 1.7000000476837158
vertex -6.478029251098633 -41.729469299316406 0
vertex -6.456549167633057 -41.319602966308594 1.7000000476837158
endloop
endfacet
facet normal 0.9999031040727608 -0.01392057705907504 0
outer loop
vertex -6.545441627502441 -43.015769958496094 1.7000000476837158
vertex -6.545441627502441 -43.015769958496094 0
vertex -6.539279460906982 -42.57314682006836 1.7000000476837158
endloop
endfacet
facet normal 0.05234380392451176 0.9986291234440904 0
outer loop
vertex -5.885720729827881 -43.802669525146484 1.7000000476837158
vertex -5.885720729827881 -43.802669525146484 0
vertex -6.116208076477051 -43.79058837890625 1.7000000476837158
endloop
endfacet
facet normal 0.05234380392451176 0.9986291234440904 0
outer loop
vertex -5.885720729827881 -43.802669525146484 0
vertex -6.116208076477051 -43.79058837890625 0
vertex -6.116208076477051 -43.79058837890625 1.7000000476837158
endloop
endfacet
facet normal 0.05233766137397563 0.9986294453909833 0
outer loop
vertex 11.167221069335938 -41.83183288574219 0
vertex 10.468180656433105 -41.795196533203125 0
vertex 11.167221069335938 -41.83183288574219 1.7000000476837158
endloop
endfacet
facet normal 0.9986295315840327 -0.05233601674043816 0
outer loop
vertex 10.834532737731934 -34.80479049682617 0
vertex 10.834532737731934 -34.80479049682617 1.7000000476837158
vertex 10.468180656433105 -41.795196533203125 0
endloop
endfacet
facet normal -0.05233766137397563 -0.9986294453909833 0
outer loop
vertex 10.834532737731934 -34.80479049682617 1.7000000476837158
vertex 10.834532737731934 -34.80479049682617 0
vertex 11.533573150634766 -34.841426849365234 0
endloop
endfacet
facet normal 0.05233229792964735 0.9986297264719305 0
outer loop
vertex 25.946937561035156 -42.60640335083008 0
vertex 25.24789810180664 -42.56977081298828 0
vertex 25.946937561035156 -42.60640335083008 1.7000000476837158
endloop
endfacet
facet normal -0.9986295315840327 0.05233601674043816 0
outer loop
vertex 26.313289642333984 -35.615997314453125 0
vertex 25.946937561035156 -42.60640335083008 0
vertex 25.946937561035156 -42.60640335083008 1.7000000476837158
endloop
endfacet
facet normal -0.05233229792964735 -0.9986297264719305 0
outer loop
vertex 26.313289642333984 -35.615997314453125 0
vertex 25.61425018310547 -35.57936477661133 1.7000000476837158
vertex 25.61425018310547 -35.57936477661133 0
endloop
endfacet
facet normal 0 0 -1
outer loop
vertex 26.313289642333984 -35.615997314453125 1.7000000476837158
vertex 25.24789810180664 -42.56977081298828 1.7000000476837158
vertex 25.61425018310547 -35.57936477661133 1.7000000476837158
endloop
endfacet
facet normal 0 0 -1
outer loop
vertex 25.946937561035156 -42.60640335083008 1.7000000476837158
vertex 25.24789810180664 -42.56977081298828 1.7000000476837158
vertex 26.313289642333984 -35.615997314453125 1.7000000476837158
endloop
endfacet
facet normal 0 0 -1
outer loop
vertex 11.167221069335938 -41.83183288574219 1.7000000476837158
vertex 10.834532737731934 -34.80479049682617 1.7000000476837158
vertex 11.533573150634766 -34.841426849365234 1.7000000476837158
endloop
endfacet
facet normal 0 0 -1
outer loop
vertex 11.167221069335938 -41.83183288574219 1.7000000476837158
vertex 10.468180656433105 -41.795196533203125 1.7000000476837158
vertex 10.834532737731934 -34.80479049682617 1.7000000476837158
endloop
endfacet
facet normal 0.05233766137397563 0.9986294453909833 0
outer loop
vertex 11.167221069335938 -41.83183288574219 1.7000000476837158
vertex 10.468180656433105 -41.795196533203125 0
vertex 10.468180656433105 -41.795196533203125 1.7000000476837158
endloop
endfacet
facet normal 0.9986295315840327 -0.05233601674043816 0
outer loop
vertex 10.468180656433105 -41.795196533203125 1.7000000476837158
vertex 10.468180656433105 -41.795196533203125 0
vertex 10.834532737731934 -34.80479049682617 1.7000000476837158
endloop
endfacet
facet normal -0.05233766137397563 -0.9986294453909833 0
outer loop
vertex 10.834532737731934 -34.80479049682617 1.7000000476837158
vertex 11.533573150634766 -34.841426849365234 0
vertex 11.533573150634766 -34.841426849365234 1.7000000476837158
endloop
endfacet
facet normal 0.05233229792964735 0.9986297264719305 0
outer loop
vertex 25.946937561035156 -42.60640335083008 1.7000000476837158
vertex 25.24789810180664 -42.56977081298828 0
vertex 25.24789810180664 -42.56977081298828 1.7000000476837158
endloop
endfacet
facet normal -0.9986295315840327 0.05233601674043816 0
outer loop
vertex 26.313289642333984 -35.615997314453125 0
vertex 25.946937561035156 -42.60640335083008 1.7000000476837158
vertex 26.313289642333984 -35.615997314453125 1.7000000476837158
endloop
endfacet
facet normal -0.05233229792964735 -0.9986297264719305 0
outer loop
vertex 25.61425018310547 -35.57936477661133 1.7000000476837158
vertex 26.313289642333984 -35.615997314453125 0
vertex 26.313289642333984 -35.615997314453125 1.7000000476837158
endloop
endfacet
facet normal 0.17365040981002727 0.984807359422547 0
outer loop
vertex -13.463594436645508 -36.844444274902344 1.7000000476837158
vertex -14.152959823608398 -36.7228889465332 0
vertex -14.152959823608398 -36.7228889465332 1.7000000476837158
endloop
endfacet
facet normal 0.17365040981002727 0.984807359422547 0
outer loop
vertex -13.463594436645508 -36.844444274902344 0
vertex -14.152959823608398 -36.7228889465332 0
vertex -13.463594436645508 -36.844444274902344 1.7000000476837158
endloop
endfacet
facet normal -0.9848077637118128 0.17364811698644528 0
outer loop
vertex -12.24805736541748 -29.950788497924805 0
vertex -13.463594436645508 -36.844444274902344 1.7000000476837158
vertex -12.24805736541748 -29.950788497924805 1.7000000476837158
endloop
endfacet
facet normal 0 0 -1
outer loop
vertex -28.03874969482422 -34.27444839477539 1.7000000476837158
vertex -28.72811508178711 -34.152896881103516 1.7000000476837158
vertex -27.512577056884766 -27.259241104125977 1.7000000476837158
endloop
endfacet
facet normal 0 0 -1
outer loop
vertex -13.463594436645508 -36.844444274902344 1.7000000476837158
vertex -14.152959823608398 -36.7228889465332 1.7000000476837158
vertex -12.24805736541748 -29.950788497924805 1.7000000476837158
endloop
endfacet
facet normal 0 0 -1
outer loop
vertex -12.24805736541748 -29.950788497924805 1.7000000476837158
vertex -14.152959823608398 -36.7228889465332 1.7000000476837158
vertex -12.937422752380371 -29.829235076904297 1.7000000476837158
endloop
endfacet
facet normal 0 0 -1
outer loop
vertex -26.823211669921875 -27.380796432495117 1.7000000476837158
vertex -28.03874969482422 -34.27444839477539 1.7000000476837158
vertex -27.512577056884766 -27.259241104125977 1.7000000476837158
endloop
endfacet
facet normal 0.9848077404135439 -0.17364824911748994 0
outer loop
vertex -28.72811508178711 -34.152896881103516 1.7000000476837158
vertex -28.72811508178711 -34.152896881103516 0
vertex -27.512577056884766 -27.259241104125977 1.7000000476837158
endloop
endfacet
facet normal 0.1736451245655994 0.9848082913514677 0
outer loop
vertex -28.03874969482422 -34.27444839477539 1.7000000476837158
vertex -28.72811508178711 -34.152896881103516 0
vertex -28.72811508178711 -34.152896881103516 1.7000000476837158
endloop
endfacet
facet normal -0.1736477671896889 -0.9848078253903326 0
outer loop
vertex -12.24805736541748 -29.950788497924805 0
vertex -12.937422752380371 -29.829235076904297 1.7000000476837158
vertex -12.937422752380371 -29.829235076904297 0
endloop
endfacet
facet normal 0.1736451245655994 0.9848082913514677 0
outer loop
vertex -28.03874969482422 -34.27444839477539 0
vertex -28.72811508178711 -34.152896881103516 0
vertex -28.03874969482422 -34.27444839477539 1.7000000476837158
endloop
endfacet
facet normal 0.9848077404135439 -0.17364824911748994 0
outer loop
vertex -27.512577056884766 -27.259241104125977 1.7000000476837158
vertex -28.72811508178711 -34.152896881103516 0
vertex -27.512577056884766 -27.259241104125977 0
endloop
endfacet
facet normal -0.1736477671896889 -0.9848078253903326 0
outer loop
vertex -12.937422752380371 -29.829235076904297 1.7000000476837158
vertex -12.24805736541748 -29.950788497924805 0
vertex -12.24805736541748 -29.950788497924805 1.7000000476837158
endloop
endfacet
facet normal -0.17365040981002727 -0.984807359422547 0
outer loop
vertex -27.512577056884766 -27.259241104125977 1.7000000476837158
vertex -26.823211669921875 -27.380796432495117 0
vertex -26.823211669921875 -27.380796432495117 1.7000000476837158
endloop
endfacet
facet normal -0.9848077637118128 0.17364811698644528 0
outer loop
vertex -12.24805736541748 -29.950788497924805 0
vertex -13.463594436645508 -36.844444274902344 0
vertex -13.463594436645508 -36.844444274902344 1.7000000476837158
endloop
endfacet
facet normal -0.17365040981002727 -0.984807359422547 0
outer loop
vertex -27.512577056884766 -27.259241104125977 1.7000000476837158
vertex -27.512577056884766 -27.259241104125977 0
vertex -26.823211669921875 -27.380796432495117 0
endloop
endfacet
facet normal 0.05233494405267176 0.9986295878007039 0
outer loop
vertex -4.996009349822998 -26.825965881347656 1.7000000476837158
vertex -5.69504976272583 -26.789331436157227 0
vertex -5.69504976272583 -26.789331436157227 1.7000000476837158
endloop
endfacet
facet normal 0.9986295351442531 -0.05233594880742068 0
outer loop
vertex -5.69504976272583 -26.789331436157227 1.7000000476837158
vertex -5.69504976272583 -26.789331436157227 0
vertex -5.32869815826416 -19.798925399780273 1.7000000476837158
endloop
endfacet
facet normal 0.9986295351442531 -0.05233594880742068 0
outer loop
vertex -5.32869815826416 -19.798925399780273 0
vertex -5.32869815826416 -19.798925399780273 1.7000000476837158
vertex -5.69504976272583 -26.789331436157227 0
endloop
endfacet
facet normal 0.05233494405267176 0.9986295878007039 0
outer loop
vertex -4.996009349822998 -26.825965881347656 0
vertex -5.69504976272583 -26.789331436157227 0
vertex -4.996009349822998 -26.825965881347656 1.7000000476837158
endloop
endfacet
facet normal 0.05233494405267176 0.9986295878007039 0
outer loop
vertex 9.783707618713379 -27.60053825378418 1.7000000476837158
vertex 9.084667205810547 -27.56390380859375 0
vertex 9.084667205810547 -27.56390380859375 1.7000000476837158
endloop
endfacet
facet normal 0.05233494405267176 0.9986295878007039 0
outer loop
vertex 9.084667205810547 -27.56390380859375 0
vertex 9.783707618713379 -27.60053825378418 1.7000000476837158
vertex 9.783707618713379 -27.60053825378418 0
endloop
endfacet
facet normal -0.05233494405267176 -0.9986295878007039 0
outer loop
vertex -5.32869815826416 -19.798925399780273 1.7000000476837158
vertex -4.629657745361328 -19.835559844970703 0
vertex -4.629657745361328 -19.835559844970703 1.7000000476837158
endloop
endfacet
facet normal -0.9986295315840327 0.05233601674043816 0
outer loop
vertex 10.150059700012207 -20.610132217407227 0
vertex 9.783707618713379 -27.60053825378418 1.7000000476837158
vertex 10.150059700012207 -20.610132217407227 1.7000000476837158
endloop
endfacet
facet normal -0.05233494405267176 -0.9986295878007039 0
outer loop
vertex 10.150059700012207 -20.610132217407227 0
vertex 9.451019287109375 -20.573497772216797 1.7000000476837158
vertex 9.451019287109375 -20.573497772216797 0
endloop
endfacet
facet normal -0.9986295315840327 0.05233601674043816 0
outer loop
vertex 10.150059700012207 -20.610132217407227 0
vertex 9.783707618713379 -27.60053825378418 0
vertex 9.783707618713379 -27.60053825378418 1.7000000476837158
endloop
endfacet
facet normal 0 0 -1
outer loop
vertex -4.996009349822998 -26.825965881347656 1.7000000476837158
vertex -5.69504976272583 -26.789331436157227 1.7000000476837158
vertex -5.32869815826416 -19.798925399780273 1.7000000476837158
endloop
endfacet
facet normal 0 0 -1
outer loop
vertex -4.996009349822998 -26.825965881347656 1.7000000476837158
vertex -5.32869815826416 -19.798925399780273 1.7000000476837158
vertex -4.629657745361328 -19.835559844970703 1.7000000476837158
endloop
endfacet
facet normal 0 0 -1
outer loop
vertex 10.150059700012207 -20.610132217407227 1.7000000476837158
vertex 9.783707618713379 -27.60053825378418 1.7000000476837158
vertex 9.084667205810547 -27.56390380859375 1.7000000476837158
endloop
endfacet
facet normal -0.05233494405267176 -0.9986295878007039 0
outer loop
vertex -5.32869815826416 -19.798925399780273 1.7000000476837158
vertex -5.32869815826416 -19.798925399780273 0
vertex -4.629657745361328 -19.835559844970703 0
endloop
endfacet
facet normal 0 0 -1
outer loop
vertex 10.150059700012207 -20.610132217407227 1.7000000476837158
vertex 9.084667205810547 -27.56390380859375 1.7000000476837158
vertex 9.451019287109375 -20.573497772216797 1.7000000476837158
endloop
endfacet
facet normal -0.05233494405267176 -0.9986295878007039 0
outer loop
vertex 9.451019287109375 -20.573497772216797 1.7000000476837158
vertex 10.150059700012207 -20.610132217407227 0
vertex 10.150059700012207 -20.610132217407227 1.7000000476837158
endloop
endfacet
facet normal 0 0 -1
outer loop
vertex -27.882781982421875 -20.720619201660156 1.7000000476837158
vertex -29.787683486938477 -27.492721557617188 1.7000000476837158
vertex -28.572147369384766 -20.59906578063965 1.7000000476837158
endloop
endfacet
facet normal 0.1736477671896889 0.9848078253903326 0
outer loop
vertex -43.6734733581543 -25.044281005859375 1.7000000476837158
vertex -44.36283874511719 -24.922727584838867 0
vertex -44.36283874511719 -24.922727584838867 1.7000000476837158
endloop
endfacet
facet normal -0.1736477671896889 -0.9848078253903326 0
outer loop
vertex -28.572147369384766 -20.59906578063965 1.7000000476837158
vertex -27.882781982421875 -20.720619201660156 0
vertex -27.882781982421875 -20.720619201660156 1.7000000476837158
endloop
endfacet
facet normal -0.1736477671896889 -0.9848078253903326 0
outer loop
vertex -43.147300720214844 -18.02907371520996 1.7000000476837158
vertex -42.45793533325195 -18.15062713623047 0
vertex -42.45793533325195 -18.15062713623047 1.7000000476837158
endloop
endfacet
facet normal 0 0 -1
outer loop
vertex -43.6734733581543 -25.044281005859375 1.7000000476837158
vertex -43.147300720214844 -18.02907371520996 1.7000000476837158
vertex -42.45793533325195 -18.15062713623047 1.7000000476837158
endloop
endfacet
facet normal 0 0 -1
outer loop
vertex -43.6734733581543 -25.044281005859375 1.7000000476837158
vertex -44.36283874511719 -24.922727584838867 1.7000000476837158
vertex -43.147300720214844 -18.02907371520996 1.7000000476837158
endloop
endfacet
facet normal -0.9848077870100651 0.17364798485539132 0
outer loop
vertex -27.882781982421875 -20.720619201660156 0
vertex -29.098318099975586 -27.614274978637695 0
vertex -29.098318099975586 -27.614274978637695 1.7000000476837158
endloop
endfacet
facet normal 0.9848077321973074 -0.17364829571405666 0
outer loop
vertex -43.147300720214844 -18.02907371520996 0
vertex -43.147300720214844 -18.02907371520996 1.7000000476837158
vertex -44.36283874511719 -24.922727584838867 0
endloop
endfacet
facet normal -0.1736477671896889 -0.9848078253903326 0
outer loop
vertex -27.882781982421875 -20.720619201660156 0
vertex -28.572147369384766 -20.59906578063965 1.7000000476837158
vertex -28.572147369384766 -20.59906578063965 0
endloop
endfacet
facet normal 0.1736477671896889 0.9848078253903326 0
outer loop
vertex -43.6734733581543 -25.044281005859375 0
vertex -44.36283874511719 -24.922727584838867 0
vertex -43.6734733581543 -25.044281005859375 1.7000000476837158
endloop
endfacet
facet normal 0.1736477671896889 0.9848078253903326 0
outer loop
vertex -29.787683486938477 -27.492721557617188 0
vertex -29.098318099975586 -27.614274978637695 1.7000000476837158
vertex -29.098318099975586 -27.614274978637695 0
endloop
endfacet
facet normal -0.9848077870100651 0.17364798485539132 0
outer loop
vertex -27.882781982421875 -20.720619201660156 0
vertex -29.098318099975586 -27.614274978637695 1.7000000476837158
vertex -27.882781982421875 -20.720619201660156 1.7000000476837158
endloop
endfacet
facet normal 0.9848077321973074 -0.17364829571405666 0
outer loop
vertex -44.36283874511719 -24.922727584838867 1.7000000476837158
vertex -44.36283874511719 -24.922727584838867 0
vertex -43.147300720214844 -18.02907371520996 1.7000000476837158
endloop
endfacet
facet normal 0 0 -1
outer loop
vertex -27.882781982421875 -20.720619201660156 1.7000000476837158
vertex -29.098318099975586 -27.614274978637695 1.7000000476837158
vertex -29.787683486938477 -27.492721557617188 1.7000000476837158
endloop
endfacet
facet normal 0.1736477671896889 0.9848078253903326 0
outer loop
vertex -29.098318099975586 -27.614274978637695 1.7000000476837158
vertex -29.787683486938477 -27.492721557617188 0
vertex -29.787683486938477 -27.492721557617188 1.7000000476837158
endloop
endfacet
facet normal -0.1736477671896889 -0.9848078253903326 0
outer loop
vertex -43.147300720214844 -18.02907371520996 1.7000000476837158
vertex -43.147300720214844 -18.02907371520996 0
vertex -42.45793533325195 -18.15062713623047 0
endloop
endfacet
facet normal 0 0 -1
outer loop
vertex 27.203001022338867 -18.63929557800293 1.7000000476837158
vertex 26.137609481811523 -25.593067169189453 1.7000000476837158
vertex 26.50396156311035 -18.6026611328125 1.7000000476837158
endloop
endfacet
facet normal -0.9986295323303667 0.052336002499551254 0
outer loop
vertex 27.203001022338867 -18.63929557800293 0
vertex 26.83664894104004 -25.629703521728516 0
vertex 26.83664894104004 -25.629703521728516 1.7000000476837158
endloop
endfacet
facet normal 0.05233773258077096 0.9986294416590689 0
outer loop
vertex 26.83664894104004 -25.629703521728516 0
vertex 26.137609481811523 -25.593067169189453 0
vertex 26.83664894104004 -25.629703521728516 1.7000000476837158
endloop
endfacet
facet normal -0.05233501525579041 -0.9986295840691765 0
outer loop
vertex 27.203001022338867 -18.63929557800293 0
vertex 26.50396156311035 -18.6026611328125 1.7000000476837158
vertex 26.50396156311035 -18.6026611328125 0
endloop
endfacet
facet normal 0.05233766137397563 0.9986294453909833 0
outer loop
vertex 12.05693244934082 -24.855131149291992 0
vertex 11.357892036437988 -24.81849479675293 0
vertex 12.05693244934082 -24.855131149291992 1.7000000476837158
endloop
endfacet
facet normal 0.9986295387044689 -0.05233588087440247 0
outer loop
vertex 11.7242431640625 -17.828088760375977 0
vertex 11.7242431640625 -17.828088760375977 1.7000000476837158
vertex 11.357892036437988 -24.81849479675293 0
endloop
endfacet
facet normal -0.05233487284974659 -0.9986295915322161 0
outer loop
vertex 11.7242431640625 -17.828088760375977 1.7000000476837158
vertex 11.7242431640625 -17.828088760375977 0
vertex 12.423284530639648 -17.864723205566406 0
endloop
endfacet
facet normal -0.05233487284974659 -0.9986295915322161 0
outer loop
vertex 11.7242431640625 -17.828088760375977 1.7000000476837158
vertex 12.423284530639648 -17.864723205566406 0
vertex 12.423284530639648 -17.864723205566406 1.7000000476837158
endloop
endfacet
facet normal -0.05233501525579041 -0.9986295840691765 0
outer loop
vertex 26.50396156311035 -18.6026611328125 1.7000000476837158
vertex 27.203001022338867 -18.63929557800293 0
vertex 27.203001022338867 -18.63929557800293 1.7000000476837158
endloop
endfacet
facet normal -0.9986295323303667 0.052336002499551254 0
outer loop
vertex 27.203001022338867 -18.63929557800293 0
vertex 26.83664894104004 -25.629703521728516 1.7000000476837158
vertex 27.203001022338867 -18.63929557800293 1.7000000476837158
endloop
endfacet
facet normal 0.05233766137397563 0.9986294453909833 0
outer loop
vertex 12.05693244934082 -24.855131149291992 1.7000000476837158
vertex 11.357892036437988 -24.81849479675293 0
vertex 11.357892036437988 -24.81849479675293 1.7000000476837158
endloop
endfacet
facet normal 0.9986295387044689 -0.05233588087440247 0
outer loop
vertex 11.357892036437988 -24.81849479675293 1.7000000476837158
vertex 11.357892036437988 -24.81849479675293 0
vertex 11.7242431640625 -17.828088760375977 1.7000000476837158
endloop
endfacet
facet normal 0 0 -1
outer loop
vertex 26.83664894104004 -25.629703521728516 1.7000000476837158
vertex 26.137609481811523 -25.593067169189453 1.7000000476837158
vertex 27.203001022338867 -18.63929557800293 1.7000000476837158
endloop
endfacet
facet normal 0 0 -1
outer loop
vertex 12.05693244934082 -24.855131149291992 1.7000000476837158
vertex 11.7242431640625 -17.828088760375977 1.7000000476837158
vertex 12.423284530639648 -17.864723205566406 1.7000000476837158
endloop
endfacet
facet normal 0 0 -1
outer loop
vertex 12.05693244934082 -24.855131149291992 1.7000000476837158
vertex 11.357892036437988 -24.81849479675293 1.7000000476837158
vertex 11.7242431640625 -17.828088760375977 1.7000000476837158
endloop
endfacet
facet normal 0.05233773258077096 0.9986294416590689 0
outer loop
vertex 26.83664894104004 -25.629703521728516 1.7000000476837158
vertex 26.137609481811523 -25.593067169189453 0
vertex 26.137609481811523 -25.593067169189453 1.7000000476837158
endloop
endfacet
facet normal 0 0 -1
outer loop
vertex -10.511574745178223 -20.102710723876953 1.7000000476837158
vertex -11.200940132141113 -19.981157302856445 1.7000000476837158
vertex -9.296037673950195 -13.209056854248047 1.7000000476837158
endloop
endfacet
facet normal -0.1736477671896889 -0.9848078253903326 0
outer loop
vertex -24.560558319091797 -10.517510414123535 1.7000000476837158
vertex -24.560558319091797 -10.517510414123535 0
vertex -23.871192932128906 -10.639063835144043 0
endloop
endfacet
facet normal 0.1736477671896889 0.9848078253903326 0
outer loop
vertex -10.511574745178223 -20.102710723876953 1.7000000476837158
vertex -11.200940132141113 -19.981157302856445 0
vertex -11.200940132141113 -19.981157302856445 1.7000000476837158
endloop
endfacet
facet normal 0.17365040981002727 0.984807359422547 0
outer loop
vertex -25.086729049682617 -17.532718658447266 0
vertex -25.776094436645508 -17.411163330078125 0
vertex -25.086729049682617 -17.532718658447266 1.7000000476837158
endloop
endfacet
facet normal 0.9848077746857448 -0.17364805475015088 0
outer loop
vertex -24.560558319091797 -10.517510414123535 0
vertex -24.560558319091797 -10.517510414123535 1.7000000476837158
vertex -25.776094436645508 -17.411163330078125 0
endloop
endfacet
facet normal -0.1736477671896889 -0.9848078253903326 0
outer loop
vertex -24.560558319091797 -10.517510414123535 1.7000000476837158
vertex -23.871192932128906 -10.639063835144043 0
vertex -23.871192932128906 -10.639063835144043 1.7000000476837158
endloop
endfacet
facet normal -0.9848077554955886 0.17364816358297877 0
outer loop
vertex -9.296037673950195 -13.209056854248047 0
vertex -10.511574745178223 -20.102710723876953 1.7000000476837158
vertex -9.296037673950195 -13.209056854248047 1.7000000476837158
endloop
endfacet
facet normal 0 0 -1
outer loop
vertex -23.871192932128906 -10.639063835144043 1.7000000476837158
vertex -25.086729049682617 -17.532718658447266 1.7000000476837158
vertex -24.560558319091797 -10.517510414123535 1.7000000476837158
endloop
endfacet
facet normal 0 0 -1
outer loop
vertex -9.296037673950195 -13.209056854248047 1.7000000476837158
vertex -11.200940132141113 -19.981157302856445 1.7000000476837158
vertex -9.985403060913086 -13.087503433227539 1.7000000476837158
endloop
endfacet
facet normal 0.9848077746857448 -0.17364805475015088 0
outer loop
vertex -25.776094436645508 -17.411163330078125 1.7000000476837158
vertex -25.776094436645508 -17.411163330078125 0
vertex -24.560558319091797 -10.517510414123535 1.7000000476837158
endloop
endfacet
facet normal -0.9848077554955886 0.17364816358297877 0
outer loop
vertex -9.296037673950195 -13.209056854248047 0
vertex -10.511574745178223 -20.102710723876953 0
vertex -10.511574745178223 -20.102710723876953 1.7000000476837158
endloop
endfacet
facet normal 0.17365040981002727 0.984807359422547 0
outer loop
vertex -25.086729049682617 -17.532718658447266 1.7000000476837158
vertex -25.776094436645508 -17.411163330078125 0
vertex -25.776094436645508 -17.411163330078125 1.7000000476837158
endloop
endfacet
facet normal 0.1736477671896889 0.9848078253903326 0
outer loop
vertex -10.511574745178223 -20.102710723876953 0
vertex -11.200940132141113 -19.981157302856445 0
vertex -10.511574745178223 -20.102710723876953 1.7000000476837158
endloop
endfacet
facet normal 0 0 -1
outer loop
vertex -25.086729049682617 -17.532718658447266 1.7000000476837158
vertex -25.776094436645508 -17.411163330078125 1.7000000476837158
vertex -24.560558319091797 -10.517510414123535 1.7000000476837158
endloop
endfacet
facet normal -0.1736477671896889 -0.9848078253903326 0
outer loop
vertex -9.296037673950195 -13.209056854248047 0
vertex -9.985403060913086 -13.087503433227539 1.7000000476837158
vertex -9.985403060913086 -13.087503433227539 0
endloop
endfacet
facet normal -0.1736477671896889 -0.9848078253903326 0
outer loop
vertex -9.985403060913086 -13.087503433227539 1.7000000476837158
vertex -9.296037673950195 -13.209056854248047 0
vertex -9.296037673950195 -13.209056854248047 1.7000000476837158
endloop
endfacet
facet normal 0 0 -1
outer loop
vertex 34.4835205078125 -12.161234855651855 1.7000000476837158
vertex 35.09361267089844 -19.134597778320312 1.7000000476837158
vertex 33.78618621826172 -12.222243309020996 1.7000000476837158
endloop
endfacet
facet normal 0.08715606637976313 -0.9961946697775523 0
outer loop
vertex 48.52986526489258 -10.93233871459961 1.7000000476837158
vertex 49.227203369140625 -10.871329307556152 0
vertex 49.227203369140625 -10.871329307556152 1.7000000476837158
endloop
endfacet
facet normal 0 0 -1
outer loop
vertex 35.09361267089844 -19.134597778320312 1.7000000476837158
vertex 34.39627456665039 -19.195606231689453 1.7000000476837158
vertex 33.78618621826172 -12.222243309020996 1.7000000476837158
endloop
endfacet
facet normal 0.08715606637976313 -0.9961946697775523 0
outer loop
vertex 49.227203369140625 -10.871329307556152 0
vertex 48.52986526489258 -10.93233871459961 1.7000000476837158
vertex 48.52986526489258 -10.93233871459961 0
endloop
endfacet
facet normal 0.9961947210876521 0.08715547990284558 0
outer loop
vertex 33.78618621826172 -12.222243309020996 0
vertex 33.78618621826172 -12.222243309020996 1.7000000476837158
vertex 34.39627456665039 -19.195606231689453 0
endloop
endfacet
facet normal 0.08715518748973815 -0.9961947466703629 0
outer loop
vertex 33.78618621826172 -12.222243309020996 1.7000000476837158
vertex 33.78618621826172 -12.222243309020996 0
vertex 34.4835205078125 -12.161234855651855 0
endloop
endfacet
facet normal -0.9961947210876521 -0.08715547990284558 0
outer loop
vertex 49.227203369140625 -10.871329307556152 0
vertex 49.8372917175293 -17.84469223022461 1.7000000476837158
vertex 49.227203369140625 -10.871329307556152 1.7000000476837158
endloop
endfacet
facet normal -0.08715518748973815 0.9961947466703629 0
outer loop
vertex 49.8372917175293 -17.84469223022461 1.7000000476837158
vertex 49.139957427978516 -17.90570068359375 0
vertex 49.139957427978516 -17.90570068359375 1.7000000476837158
endloop
endfacet
facet normal -0.08715471434017415 0.9961947880652069 0
outer loop
vertex 35.09361267089844 -19.134597778320312 0
vertex 34.39627456665039 -19.195606231689453 0
vertex 35.09361267089844 -19.134597778320312 1.7000000476837158
endloop
endfacet
facet normal 0.08715518748973815 -0.9961947466703629 0
outer loop
vertex 33.78618621826172 -12.222243309020996 1.7000000476837158
vertex 34.4835205078125 -12.161234855651855 0
vertex 34.4835205078125 -12.161234855651855 1.7000000476837158
endloop
endfacet
facet normal -0.08715518748973815 0.9961947466703629 0
outer loop
vertex 49.8372917175293 -17.84469223022461 0
vertex 49.139957427978516 -17.90570068359375 0
vertex 49.8372917175293 -17.84469223022461 1.7000000476837158
endloop
endfacet
facet normal 0 0 -1
outer loop
vertex 49.8372917175293 -17.84469223022461 1.7000000476837158
vertex 49.139957427978516 -17.90570068359375 1.7000000476837158
vertex 49.227203369140625 -10.871329307556152 1.7000000476837158
endloop
endfacet
facet normal 0 0 -1
outer loop
vertex 49.227203369140625 -10.871329307556152 1.7000000476837158
vertex 49.139957427978516 -17.90570068359375 1.7000000476837158
vertex 48.52986526489258 -10.93233871459961 1.7000000476837158
endloop
endfacet
facet normal -0.9961947210876521 -0.08715547990284558 0
outer loop
vertex 49.227203369140625 -10.871329307556152 0
vertex 49.8372917175293 -17.84469223022461 0
vertex 49.8372917175293 -17.84469223022461 1.7000000476837158
endloop
endfacet
facet normal -0.08715471434017415 0.9961947880652069 0
outer loop
vertex 35.09361267089844 -19.134597778320312 1.7000000476837158
vertex 34.39627456665039 -19.195606231689453 0
vertex 34.39627456665039 -19.195606231689453 1.7000000476837158
endloop
endfacet
facet normal 0.9961947210876521 0.08715547990284558 0
outer loop
vertex 34.39627456665039 -19.195606231689453 1.7000000476837158
vertex 34.39627456665039 -19.195606231689453 0
vertex 33.78618621826172 -12.222243309020996 1.7000000476837158
endloop
endfacet
facet normal 0 0 -1
outer loop
vertex -44.934688568115234 -18.591150283813477 1.7000000476837158
vertex -45.62405776977539 -18.46959686279297 1.7000000476837158
vertex -43.719154357910156 -11.69749641418457 1.7000000476837158
endloop
endfacet
facet normal -0.9848078253903324 0.17364776718968888 0
outer loop
vertex -43.719154357910156 -11.69749641418457 0
vertex -44.934688568115234 -18.591150283813477 1.7000000476837158
vertex -43.719154357910156 -11.69749641418457 1.7000000476837158
endloop
endfacet
facet normal -0.17364908850032695 -0.9848075924072709 0
outer loop
vertex -44.40851974487305 -11.575942039489746 1.7000000476837158
vertex -43.719154357910156 -11.69749641418457 0
vertex -43.719154357910156 -11.69749641418457 1.7000000476837158
endloop
endfacet
facet normal 0 0 -1
outer loop
vertex -43.719154357910156 -11.69749641418457 1.7000000476837158
vertex -45.62405776977539 -18.46959686279297 1.7000000476837158
vertex -44.40851974487305 -11.575942039489746 1.7000000476837158
endloop
endfacet
facet normal -0.17364908850032695 -0.9848075924072709 0
outer loop
vertex -43.719154357910156 -11.69749641418457 0
vertex -44.40851974487305 -11.575942039489746 1.7000000476837158
vertex -44.40851974487305 -11.575942039489746 0
endloop
endfacet
facet normal 0 0 -1
outer loop
vertex -59.50984573364258 -16.02115821838379 1.7000000476837158
vertex -58.983673095703125 -9.005949020385742 1.7000000476837158
vertex -58.294307708740234 -9.127503395080566 1.7000000476837158
endloop
endfacet
facet normal -0.9848078253903324 0.17364776718968888 0
outer loop
vertex -44.934688568115234 -18.591150283813477 0
vertex -44.934688568115234 -18.591150283813477 1.7000000476837158
vertex -43.719154357910156 -11.69749641418457 0
endloop
endfacet
facet normal 0.17364683526569175 0.9848079897128221 0
outer loop
vertex -44.934688568115234 -18.591150283813477 1.7000000476837158
vertex -45.62405776977539 -18.46959686279297 0
vertex -45.62405776977539 -18.46959686279297 1.7000000476837158
endloop
endfacet
facet normal 0 0 -1
outer loop
vertex -59.50984573364258 -16.02115821838379 1.7000000476837158
vertex -60.19921112060547 -15.899603843688965 1.7000000476837158
vertex -58.983673095703125 -9.005949020385742 1.7000000476837158
endloop
endfacet
facet normal -0.17364908850032695 -0.9848075924072709 0
outer loop
vertex -58.983673095703125 -9.005949020385742 1.7000000476837158
vertex -58.983673095703125 -9.005949020385742 0
vertex -58.294307708740234 -9.127503395080566 0
endloop
endfacet
facet normal 0.17364683526569175 0.9848079897128221 0
outer loop
vertex -44.934688568115234 -18.591150283813477 0
vertex -45.62405776977539 -18.46959686279297 0
vertex -44.934688568115234 -18.591150283813477 1.7000000476837158
endloop
endfacet
facet normal 0.9848077363054265 -0.17364827241577022 0
outer loop
vertex -58.983673095703125 -9.005949020385742 0
vertex -58.983673095703125 -9.005949020385742 1.7000000476837158
vertex -60.19921112060547 -15.899603843688965 0
endloop
endfacet
facet normal -0.17364908850032695 -0.9848075924072709 0
outer loop
vertex -58.983673095703125 -9.005949020385742 1.7000000476837158
vertex -58.294307708740234 -9.127503395080566 0
vertex -58.294307708740234 -9.127503395080566 1.7000000476837158
endloop
endfacet
facet normal 0.17364908850032695 0.9848075924072709 0
outer loop
vertex -59.50984573364258 -16.02115821838379 0
vertex -60.19921112060547 -15.899603843688965 0
vertex -59.50984573364258 -16.02115821838379 1.7000000476837158
endloop
endfacet
facet normal 0.9848077363054265 -0.17364827241577022 0
outer loop
vertex -60.19921112060547 -15.899603843688965 1.7000000476837158
vertex -60.19921112060547 -15.899603843688965 0
vertex -58.983673095703125 -9.005949020385742 1.7000000476837158
endloop
endfacet
facet normal 0.17364908850032695 0.9848075924072709 0
outer loop
vertex -59.50984573364258 -16.02115821838379 1.7000000476837158
vertex -60.19921112060547 -15.899603843688965 0
vertex -60.19921112060547 -15.899603843688965 1.7000000476837158
endloop
endfacet
facet normal 0 0 -1
outer loop
vertex -4.106297969818115 -9.849264144897461 1.7000000476837158
vertex -4.8053388595581055 -9.812629699707031 1.7000000476837158
vertex -4.438986778259277 -2.8222227096557617 1.7000000476837158
endloop
endfacet
facet normal 0.05233490845118499 0.9986295896664619 0
outer loop
vertex -4.106297969818115 -9.849264144897461 1.7000000476837158
vertex -4.8053388595581055 -9.812629699707031 0
vertex -4.8053388595581055 -9.812629699707031 1.7000000476837158
endloop
endfacet
facet normal -0.05233596304829694 -0.9986295343979205 0
outer loop
vertex -4.438986778259277 -2.8222227096557617 1.7000000476837158
vertex -4.438986778259277 -2.8222227096557617 0
vertex -3.7399463653564453 -2.8588578701019287 0
endloop
endfacet
facet normal -0.05233596304829694 -0.9986295343979205 0
outer loop
vertex -4.438986778259277 -2.8222227096557617 1.7000000476837158
vertex -3.7399463653564453 -2.8588578701019287 0
vertex -3.7399463653564453 -2.8588578701019287 1.7000000476837158
endloop
endfacet
facet normal 0.05233630271346901 0.9986295165967628 0
outer loop
vertex 10.673418998718262 -10.623836517333984 1.7000000476837158
vertex 9.97437858581543 -10.587201118469238 0
vertex 9.97437858581543 -10.587201118469238 1.7000000476837158
endloop
endfacet
facet normal 0.9986295319571998 -0.05233600961999374 0
outer loop
vertex -4.8053388595581055 -9.812629699707031 1.7000000476837158
vertex -4.8053388595581055 -9.812629699707031 0
vertex -4.438986778259277 -2.8222227096557617 1.7000000476837158
endloop
endfacet
facet normal 0.9986295319571998 -0.05233600961999374 0
outer loop
vertex -4.438986778259277 -2.8222227096557617 0
vertex -4.438986778259277 -2.8222227096557617 1.7000000476837158
vertex -4.8053388595581055 -9.812629699707031 0
endloop
endfacet
facet normal 0.05233490845118499 0.9986295896664619 0
outer loop
vertex -4.106297969818115 -9.849264144897461 0
vertex -4.8053388595581055 -9.812629699707031 0
vertex -4.106297969818115 -9.849264144897461 1.7000000476837158
endloop
endfacet
facet normal -0.9986295317706162 0.05233601318021571 0
outer loop
vertex 11.03977108001709 -3.633430004119873 0
vertex 10.673418998718262 -10.623836517333984 1.7000000476837158
vertex 11.03977108001709 -3.633430004119873 1.7000000476837158
endloop
endfacet
facet normal -0.052335891843993024 -0.9986295381295779 0
outer loop
vertex 10.340729713439941 -3.596794843673706 1.7000000476837158
vertex 11.03977108001709 -3.633430004119873 0
vertex 11.03977108001709 -3.633430004119873 1.7000000476837158
endloop
endfacet
facet normal 0.05233630271346901 0.9986295165967628 0
outer loop
vertex 10.673418998718262 -10.623836517333984 0
vertex 9.97437858581543 -10.587201118469238 0
vertex 10.673418998718262 -10.623836517333984 1.7000000476837158
endloop
endfacet
facet normal 0 0 -1
outer loop
vertex 10.673418998718262 -10.623836517333984 1.7000000476837158
vertex 9.97437858581543 -10.587201118469238 1.7000000476837158
vertex 11.03977108001709 -3.633430004119873 1.7000000476837158
endloop
endfacet
facet normal -0.052335891843993024 -0.9986295381295779 0
outer loop
vertex 11.03977108001709 -3.633430004119873 0
vertex 10.340729713439941 -3.596794843673706 1.7000000476837158
vertex 10.340729713439941 -3.596794843673706 0
endloop
endfacet
facet normal 0 0 -1
outer loop
vertex 11.03977108001709 -3.633430004119873 1.7000000476837158
vertex 9.97437858581543 -10.587201118469238 1.7000000476837158
vertex 10.340729713439941 -3.596794843673706 1.7000000476837158
endloop
endfacet
facet normal -0.9986295317706162 0.05233601318021571 0
outer loop
vertex 11.03977108001709 -3.633430004119873 0
vertex 10.673418998718262 -10.623836517333984 0
vertex 10.673418998718262 -10.623836517333984 1.7000000476837158
endloop
endfacet
facet normal 0 0 -1
outer loop
vertex -4.106297969818115 -9.849264144897461 1.7000000476837158
vertex -4.438986778259277 -2.8222227096557617 1.7000000476837158
vertex -3.7399463653564453 -2.8588578701019287 1.7000000476837158
endloop
endfacet
facet normal -0.17364826268128808 -0.9848077380218794 0
outer loop
vertex -40.195281982421875 -1.2873414754867554 1.7000000476837158
vertex -40.195281982421875 -1.2873414754867554 0
vertex -39.505916595458984 -1.4088952541351318 0
endloop
endfacet
facet normal -0.17364809751743635 -0.9848077671447231 0
outer loop
vertex -25.620128631591797 -3.857334613800049 1.7000000476837158
vertex -24.930763244628906 -3.9788882732391357 0
vertex -24.930763244628906 -3.9788882732391357 1.7000000476837158
endloop
endfacet
facet normal 0 0 -1
outer loop
vertex -25.620128631591797 -3.857334613800049 1.7000000476837158
vertex -24.930763244628906 -3.9788882732391357 1.7000000476837158
vertex -26.835664749145508 -10.750988960266113 1.7000000476837158
endloop
endfacet
facet normal 0 0 -1
outer loop
vertex -40.72145462036133 -8.302549362182617 1.7000000476837158
vertex -40.195281982421875 -1.2873414754867554 1.7000000476837158
vertex -39.505916595458984 -1.4088952541351318 1.7000000476837158
endloop
endfacet
facet normal 0 0 -1
outer loop
vertex -40.72145462036133 -8.302549362182617 1.7000000476837158
vertex -41.41082000732422 -8.18099594116211 1.7000000476837158
vertex -40.195281982421875 -1.2873414754867554 1.7000000476837158
endloop
endfacet
facet normal -0.9848077798208801 0.17364802562732765 0
outer loop
vertex -24.930763244628906 -3.9788882732391357 0
vertex -26.146299362182617 -10.872542381286621 0
vertex -26.146299362182617 -10.872542381286621 1.7000000476837158
endloop
endfacet
facet normal 0.1736477671896889 0.9848078253903326 0
outer loop
vertex -40.72145462036133 -8.302549362182617 0
vertex -41.41082000732422 -8.18099594116211 0
vertex -40.72145462036133 -8.302549362182617 1.7000000476837158
endloop
endfacet
facet normal 0.1736477671896889 0.9848078253903326 0
outer loop
vertex -26.146299362182617 -10.872542381286621 1.7000000476837158
vertex -26.835664749145508 -10.750988960266113 0
vertex -26.835664749145508 -10.750988960266113 1.7000000476837158
endloop
endfacet
facet normal -0.9848077798208801 0.17364802562732765 0
outer loop
vertex -24.930763244628906 -3.9788882732391357 0
vertex -26.146299362182617 -10.872542381286621 1.7000000476837158
vertex -24.930763244628906 -3.9788882732391357 1.7000000476837158
endloop
endfacet
facet normal 0.984807734764882 -0.1736482811526269 0
outer loop
vertex -40.195281982421875 -1.2873414754867554 0
vertex -40.195281982421875 -1.2873414754867554 1.7000000476837158
vertex -41.41082000732422 -8.18099594116211 0
endloop
endfacet
facet normal 0.1736477671896889 0.9848078253903326 0
outer loop
vertex -40.72145462036133 -8.302549362182617 1.7000000476837158
vertex -41.41082000732422 -8.18099594116211 0
vertex -41.41082000732422 -8.18099594116211 1.7000000476837158
endloop
endfacet
facet normal -0.17364809751743635 -0.9848077671447231 0
outer loop
vertex -25.620128631591797 -3.857334613800049 0
vertex -24.930763244628906 -3.9788882732391357 0
vertex -25.620128631591797 -3.857334613800049 1.7000000476837158
endloop
endfacet
facet normal 0.984807734764882 -0.1736482811526269 0
outer loop
vertex -41.41082000732422 -8.18099594116211 1.7000000476837158
vertex -41.41082000732422 -8.18099594116211 0
vertex -40.195281982421875 -1.2873414754867554 1.7000000476837158
endloop
endfacet
facet normal 0 0 -1
outer loop
vertex -26.146299362182617 -10.872542381286621 1.7000000476837158
vertex -26.835664749145508 -10.750988960266113 1.7000000476837158
vertex -24.930763244628906 -3.9788882732391357 1.7000000476837158
endloop
endfacet
facet normal -0.17364826268128808 -0.9848077380218794 0
outer loop
vertex -40.195281982421875 -1.2873414754867554 1.7000000476837158
vertex -39.505916595458984 -1.4088952541351318 0
vertex -39.505916595458984 -1.4088952541351318 1.7000000476837158
endloop
endfacet
facet normal 0.1736477671896889 0.9848078253903326 0
outer loop
vertex -26.146299362182617 -10.872542381286621 0
vertex -26.835664749145508 -10.750988960266113 0
vertex -26.146299362182617 -10.872542381286621 1.7000000476837158
endloop
endfacet
facet normal 0 0 -1
outer loop
vertex 51.2880973815918 -9.185295104980469 1.7000000476837158
vertex 49.98067092895508 -2.2729411125183105 1.7000000476837158
vertex 50.678009033203125 -2.2119319438934326 1.7000000476837158
endloop
endfacet
facet normal -0.08715586351320667 0.9961946875261218 0
outer loop
vertex 66.03177642822266 -7.895390033721924 1.7000000476837158
vertex 65.33444213867188 -7.956398963928223 0
vertex 65.33444213867188 -7.956398963928223 1.7000000476837158
endloop
endfacet
facet normal 0.08715572836991103 -0.9961946993496353 0
outer loop
vertex 49.98067092895508 -2.2729411125183105 1.7000000476837158
vertex 50.678009033203125 -2.2119319438934326 0
vertex 50.678009033203125 -2.2119319438934326 1.7000000476837158
endloop
endfacet
facet normal 0.08715508621601005 -0.996194755530604 0
outer loop
vertex 65.42169189453125 -0.9220269918441772 0
vertex 64.72434997558594 -0.9830360412597656 1.7000000476837158
vertex 64.72434997558594 -0.9830360412597656 0
endloop
endfacet
facet normal -0.996194768532099 -0.08715493760698699 0
outer loop
vertex 65.42169189453125 -0.9220269918441772 0
vertex 66.03177642822266 -7.895390033721924 0
vertex 66.03177642822266 -7.895390033721924 1.7000000476837158
endloop
endfacet
facet normal -0.08715586351320667 0.9961946875261218 0
outer loop
vertex 66.03177642822266 -7.895390033721924 0
vertex 65.33444213867188 -7.956398963928223 0
vertex 66.03177642822266 -7.895390033721924 1.7000000476837158
endloop
endfacet
facet normal 0.08715572836991103 -0.9961946993496353 0
outer loop
vertex 49.98067092895508 -2.2729411125183105 1.7000000476837158
vertex 49.98067092895508 -2.2729411125183105 0
vertex 50.678009033203125 -2.2119319438934326 0
endloop
endfacet
facet normal 0 0 -1
outer loop
vertex 66.03177642822266 -7.895390033721924 1.7000000476837158
vertex 65.33444213867188 -7.956398963928223 1.7000000476837158
vertex 65.42169189453125 -0.9220269918441772 1.7000000476837158
endloop
endfacet
facet normal -0.08715518748973815 0.9961947466703629 0
outer loop
vertex 51.2880973815918 -9.185295104980469 0
vertex 50.590763092041016 -9.24630355834961 0
vertex 51.2880973815918 -9.185295104980469 1.7000000476837158
endloop
endfacet
facet normal 0.9961946732548265 0.08715602663447578 0
outer loop
vertex 50.590763092041016 -9.24630355834961 0
vertex 49.98067092895508 -2.2729411125183105 0
vertex 49.98067092895508 -2.2729411125183105 1.7000000476837158
endloop
endfacet
facet normal 0 0 -1
outer loop
vertex 65.42169189453125 -0.9220269918441772 1.7000000476837158
vertex 65.33444213867188 -7.956398963928223 1.7000000476837158
vertex 64.72434997558594 -0.9830360412597656 1.7000000476837158
endloop
endfacet
facet normal -0.996194768532099 -0.08715493760698699 0
outer loop
vertex 65.42169189453125 -0.9220269918441772 0
vertex 66.03177642822266 -7.895390033721924 1.7000000476837158
vertex 65.42169189453125 -0.9220269918441772 1.7000000476837158
endloop
endfacet
facet normal 0.08715508621601005 -0.996194755530604 0
outer loop
vertex 64.72434997558594 -0.9830360412597656 1.7000000476837158
vertex 65.42169189453125 -0.9220269918441772 0
vertex 65.42169189453125 -0.9220269918441772 1.7000000476837158
endloop
endfacet
facet normal 0.9961946732548265 0.08715602663447578 0
outer loop
vertex 50.590763092041016 -9.24630355834961 1.7000000476837158
vertex 50.590763092041016 -9.24630355834961 0
vertex 49.98067092895508 -2.2729411125183105 1.7000000476837158
endloop
endfacet
facet normal -0.08715518748973815 0.9961947466703629 0
outer loop
vertex 51.2880973815918 -9.185295104980469 1.7000000476837158
vertex 50.590763092041016 -9.24630355834961 0
vertex 50.590763092041016 -9.24630355834961 1.7000000476837158
endloop
endfacet
facet normal 0 0 -1
outer loop
vertex 51.2880973815918 -9.185295104980469 1.7000000476837158
vertex 50.590763092041016 -9.24630355834961 1.7000000476837158
vertex 49.98067092895508 -2.2729411125183105 1.7000000476837158
endloop
endfacet
facet normal 0 0 -1
outer loop
vertex 28.09271240234375 -1.662594199180603 1.7000000476837158
vertex 27.027320861816406 -8.616365432739258 1.7000000476837158
vertex 27.3936710357666 -1.625959038734436 1.7000000476837158
endloop
endfacet
facet normal 0.05233630271346901 0.9986295165967628 0
outer loop
vertex 12.946643829345703 -7.878428936004639 0
vertex 12.247603416442871 -7.841793537139893 0
vertex 12.946643829345703 -7.878428936004639 1.7000000476837158
endloop
endfacet
facet normal -0.9986295318172621 0.05233601229016017 0
outer loop
vertex 28.09271240234375 -1.662594199180603 0
vertex 27.726360321044922 -8.653000831604004 0
vertex 27.726360321044922 -8.653000831604004 1.7000000476837158
endloop
endfacet
facet normal -0.052335891843993024 -0.9986295381295779 0
outer loop
vertex 12.613954544067383 -0.8513868451118469 1.7000000476837158
vertex 12.613954544067383 -0.8513868451118469 0
vertex 13.312995910644531 -0.8880220055580139 0
endloop
endfacet
facet normal 0.052336373918425994 0.9986295128650418 0
outer loop
vertex 27.726360321044922 -8.653000831604004 0
vertex 27.027320861816406 -8.616365432739258 0
vertex 27.726360321044922 -8.653000831604004 1.7000000476837158
endloop
endfacet
facet normal 0.05233630271346901 0.9986295165967628 0
outer loop
vertex 12.946643829345703 -7.878428936004639 1.7000000476837158
vertex 12.247603416442871 -7.841793537139893 0
vertex 12.247603416442871 -7.841793537139893 1.7000000476837158
endloop
endfacet
facet normal 0.99862953896102 -0.05233587597910937 0
outer loop
vertex 12.247603416442871 -7.841793537139893 1.7000000476837158
vertex 12.247603416442871 -7.841793537139893 0
vertex 12.613954544067383 -0.8513868451118469 1.7000000476837158
endloop
endfacet
facet normal -0.052335891843993024 -0.9986295381295779 0
outer loop
vertex 27.3936710357666 -1.625959038734436 1.7000000476837158
vertex 27.3936710357666 -1.625959038734436 0
vertex 28.09271240234375 -1.662594199180603 0
endloop
endfacet
facet normal -0.052335891843993024 -0.9986295381295779 0
outer loop
vertex 12.613954544067383 -0.8513868451118469 1.7000000476837158
vertex 13.312995910644531 -0.8880220055580139 0
vertex 13.312995910644531 -0.8880220055580139 1.7000000476837158
endloop
endfacet
facet normal 0 0 -1
outer loop
vertex 12.946643829345703 -7.878428936004639 1.7000000476837158
vertex 12.613954544067383 -0.8513868451118469 1.7000000476837158
vertex 13.312995910644531 -0.8880220055580139 1.7000000476837158
endloop
endfacet
facet normal 0.99862953896102 -0.05233587597910937 0
outer loop
vertex 12.247603416442871 -7.841793537139893 0
vertex 12.613954544067383 -0.8513868451118469 0
vertex 12.613954544067383 -0.8513868451118469 1.7000000476837158
endloop
endfacet
facet normal 0 0 -1
outer loop
vertex 12.946643829345703 -7.878428936004639 1.7000000476837158
vertex 12.247603416442871 -7.841793537139893 1.7000000476837158
vertex 12.613954544067383 -0.8513868451118469 1.7000000476837158
endloop
endfacet
facet normal 0.052336373918425994 0.9986295128650418 0
outer loop
vertex 27.726360321044922 -8.653000831604004 1.7000000476837158
vertex 27.027320861816406 -8.616365432739258 0
vertex 27.027320861816406 -8.616365432739258 1.7000000476837158
endloop
endfacet
facet normal -0.9986295318172621 0.05233601229016017 0
outer loop
vertex 28.09271240234375 -1.662594199180603 0
vertex 27.726360321044922 -8.653000831604004 1.7000000476837158
vertex 28.09271240234375 -1.662594199180603 1.7000000476837158
endloop
endfacet
facet normal -0.052335891843993024 -0.9986295381295779 0
outer loop
vertex 27.3936710357666 -1.625959038734436 1.7000000476837158
vertex 28.09271240234375 -1.662594199180603 0
vertex 28.09271240234375 -1.662594199180603 1.7000000476837158
endloop
endfacet
facet normal 0 0 -1
outer loop
vertex 27.726360321044922 -8.653000831604004 1.7000000476837158
vertex 27.027320861816406 -8.616365432739258 1.7000000476837158
vertex 28.09271240234375 -1.662594199180603 1.7000000476837158
endloop
endfacet
facet normal -0.9848077575496453 0.17364815193384311 0
outer loop
vertex -6.344018936157227 3.53267502784729 0
vertex -7.559556007385254 -3.3609793186187744 0
vertex -7.559556007385254 -3.3609793186187744 1.7000000476837158
endloop
endfacet
facet normal 0.17364818009936403 0.9848077525833043 0
outer loop
vertex -22.13471031188965 -0.790986180305481 0
vertex -22.82407569885254 -0.6694324612617493 0
vertex -22.13471031188965 -0.790986180305481 1.7000000476837158
endloop
endfacet
facet normal -0.17364809751743635 -0.9848077671447231 0
outer loop
vertex -7.033384323120117 3.654228687286377 1.7000000476837158
vertex -6.344018936157227 3.53267502784729 0
vertex -6.344018936157227 3.53267502784729 1.7000000476837158
endloop
endfacet
facet normal 0.17364818009936403 0.9848077525833043 0
outer loop
vertex -22.13471031188965 -0.790986180305481 1.7000000476837158
vertex -22.82407569885254 -0.6694324612617493 0
vertex -22.82407569885254 -0.6694324612617493 1.7000000476837158
endloop
endfacet
facet normal -0.9848077575496453 0.17364815193384311 0
outer loop
vertex -6.344018936157227 3.53267502784729 0
vertex -7.559556007385254 -3.3609793186187744 1.7000000476837158
vertex -6.344018936157227 3.53267502784729 1.7000000476837158
endloop
endfacet
facet normal -0.1736477671896889 -0.9848078253903326 0
outer loop
vertex -21.608539581298828 6.224221706390381 1.7000000476837158
vertex -20.919174194335938 6.102668285369873 0
vertex -20.919174194335938 6.102668285369873 1.7000000476837158
endloop
endfacet
facet normal 0 0 -1
outer loop
vertex -7.559556007385254 -3.3609793186187744 1.7000000476837158
vertex -8.248921394348145 -3.2394254207611084 1.7000000476837158
vertex -6.344018936157227 3.53267502784729 1.7000000476837158
endloop
endfacet
facet normal 0 0 -1
outer loop
vertex -6.344018936157227 3.53267502784729 1.7000000476837158
vertex -8.248921394348145 -3.2394254207611084 1.7000000476837158
vertex -7.033384323120117 3.654228687286377 1.7000000476837158
endloop
endfacet
facet normal 0.9848077800776368 -0.17364802417118674 0
outer loop
vertex -22.82407569885254 -0.6694324612617493 1.7000000476837158
vertex -22.82407569885254 -0.6694324612617493 0
vertex -21.608539581298828 6.224221706390381 1.7000000476837158
endloop
endfacet
facet normal 0.17364842784512516 0.9848077088990096 0
outer loop
vertex -7.559556007385254 -3.3609793186187744 0
vertex -8.248921394348145 -3.2394254207611084 0
vertex -7.559556007385254 -3.3609793186187744 1.7000000476837158
endloop
endfacet
facet normal -0.17364809751743635 -0.9848077671447231 0
outer loop
vertex -6.344018936157227 3.53267502784729 0
vertex -7.033384323120117 3.654228687286377 1.7000000476837158
vertex -7.033384323120117 3.654228687286377 0
endloop
endfacet
facet normal 0 0 -1
outer loop
vertex -21.608539581298828 6.224221706390381 1.7000000476837158
vertex -20.919174194335938 6.102668285369873 1.7000000476837158
vertex -22.13471031188965 -0.790986180305481 1.7000000476837158
endloop
endfacet
facet normal -0.1736477671896889 -0.9848078253903326 0
outer loop
vertex -21.608539581298828 6.224221706390381 1.7000000476837158
vertex -21.608539581298828 6.224221706390381 0
vertex -20.919174194335938 6.102668285369873 0
endloop
endfacet
facet normal 0.9848077800776368 -0.17364802417118674 0
outer loop
vertex -21.608539581298828 6.224221706390381 0
vertex -21.608539581298828 6.224221706390381 1.7000000476837158
vertex -22.82407569885254 -0.6694324612617493 0
endloop
endfacet
facet normal 0 0 -1
outer loop
vertex -22.13471031188965 -0.790986180305481 1.7000000476837158
vertex -22.82407569885254 -0.6694324612617493 1.7000000476837158
vertex -21.608539581298828 6.224221706390381 1.7000000476837158
endloop
endfacet
facet normal 0.17364842784512516 0.9848077088990096 0
outer loop
vertex -7.559556007385254 -3.3609793186187744 1.7000000476837158
vertex -8.248921394348145 -3.2394254207611084 0
vertex -8.248921394348145 -3.2394254207611084 1.7000000476837158
endloop
endfacet
facet normal 0 0 -1
outer loop
vertex 47.65830993652344 -0.970391571521759 1.7000000476837158
vertex 47.0482177734375 6.002971172332764 1.7000000476837158
vertex 47.74555587768555 6.0639801025390625 1.7000000476837158
endloop
endfacet
facet normal 0.996194720828931 0.08715548286004772 0
outer loop
vertex 32.91462707519531 -2.260296583175659 1.7000000476837158
vertex 32.91462707519531 -2.260296583175659 0
vertex 32.30453872680664 4.713066101074219 1.7000000476837158
endloop
endfacet
facet normal -0.996194720828931 -0.08715548286004772 0
outer loop
vertex 47.74555587768555 6.0639801025390625 0
vertex 48.35564422607422 -0.9093825817108154 1.7000000476837158
vertex 47.74555587768555 6.0639801025390625 1.7000000476837158
endloop
endfacet
facet normal 0.08715539036002884 -0.9961947289216054 0
outer loop
vertex 47.0482177734375 6.002971172332764 1.7000000476837158
vertex 47.74555587768555 6.0639801025390625 0
vertex 47.74555587768555 6.0639801025390625 1.7000000476837158
endloop
endfacet
facet normal 0 0 -1
outer loop
vertex 48.35564422607422 -0.9093825817108154 1.7000000476837158
vertex 47.65830993652344 -0.970391571521759 1.7000000476837158
vertex 47.74555587768555 6.0639801025390625 1.7000000476837158
endloop
endfacet
facet normal 0.08715653953655478 -0.9961946283814288 0
outer loop
vertex 32.30453872680664 4.713066101074219 1.7000000476837158
vertex 33.00187301635742 4.774075508117676 0
vertex 33.00187301635742 4.774075508117676 1.7000000476837158
endloop
endfacet
facet normal -0.08715539036002884 0.9961947289216054 0
outer loop
vertex 33.61196517944336 -2.1992876529693604 0
vertex 32.91462707519531 -2.260296583175659 0
vertex 33.61196517944336 -2.1992876529693604 1.7000000476837158
endloop
endfacet
facet normal 0.08715653953655478 -0.9961946283814288 0
outer loop
vertex 32.30453872680664 4.713066101074219 1.7000000476837158
vertex 32.30453872680664 4.713066101074219 0
vertex 33.00187301635742 4.774075508117676 0
endloop
endfacet
facet normal -0.996194720828931 -0.08715548286004772 0
outer loop
vertex 47.74555587768555 6.0639801025390625 0
vertex 48.35564422607422 -0.9093825817108154 0
vertex 48.35564422607422 -0.9093825817108154 1.7000000476837158
endloop
endfacet
facet normal 0.08715539036002884 -0.9961947289216054 0
outer loop
vertex 47.0482177734375 6.002971172332764 0
vertex 47.74555587768555 6.0639801025390625 0
vertex 47.0482177734375 6.002971172332764 1.7000000476837158
endloop
endfacet
facet normal 0.996194720828931 0.08715548286004772 0
outer loop
vertex 32.30453872680664 4.713066101074219 0
vertex 32.30453872680664 4.713066101074219 1.7000000476837158
vertex 32.91462707519531 -2.260296583175659 0
endloop
endfacet
facet normal 0 0 -1
outer loop
vertex 33.61196517944336 -2.1992876529693604 1.7000000476837158
vertex 32.91462707519531 -2.260296583175659 1.7000000476837158
vertex 32.30453872680664 4.713066101074219 1.7000000476837158
endloop
endfacet
facet normal 0 0 -1
outer loop
vertex 33.00187301635742 4.774075508117676 1.7000000476837158
vertex 33.61196517944336 -2.1992876529693604 1.7000000476837158
vertex 32.30453872680664 4.713066101074219 1.7000000476837158
endloop
endfacet
facet normal -0.08715594801613177 0.9961946801330599 0
outer loop
vertex 48.35564422607422 -0.9093825817108154 1.7000000476837158
vertex 47.65830993652344 -0.970391571521759 0
vertex 47.65830993652344 -0.970391571521759 1.7000000476837158
endloop
endfacet
facet normal -0.08715539036002884 0.9961947289216054 0
outer loop
vertex 33.61196517944336 -2.1992876529693604 1.7000000476837158
vertex 32.91462707519531 -2.260296583175659 0
vertex 32.91462707519531 -2.260296583175659 1.7000000476837158
endloop
endfacet
facet normal -0.08715594801613177 0.9961946801330599 0
outer loop
vertex 48.35564422607422 -0.9093825817108154 0
vertex 47.65830993652344 -0.970391571521759 0
vertex 48.35564422607422 -0.9093825817108154 1.7000000476837158
endloop
endfacet
facet normal -0.9848078264173563 0.17364776136513332 0
outer loop
vertex -40.91648864746094 5.0311689376831055 0
vertex -42.132022857666016 -1.8624851703643799 0
vertex -42.132022857666016 -1.8624851703643799 1.7000000476837158
endloop
endfacet
facet normal -0.17364842784512516 -0.9848077088990096 0
outer loop
vertex -40.91648864746094 5.0311689376831055 0
vertex -41.60585403442383 5.1527228355407715 1.7000000476837158
vertex -41.60585403442383 5.1527228355407715 0
endloop
endfacet
facet normal 0.9848077342513671 -0.17364828406491267 0
outer loop
vertex -56.181007385253906 7.722715854644775 0
vertex -56.181007385253906 7.722715854644775 1.7000000476837158
vertex -57.39654541015625 0.8290615081787109 0
endloop
endfacet
facet normal 0 0 -1
outer loop
vertex -40.91648864746094 5.0311689376831055 1.7000000476837158
vertex -42.821388244628906 -1.740931510925293 1.7000000476837158
vertex -41.60585403442383 5.1527228355407715 1.7000000476837158
endloop
endfacet
facet normal 0 0 -1
outer loop
vertex -55.491641998291016 7.601161956787109 1.7000000476837158
vertex -56.70718002319336 0.7075077891349792 1.7000000476837158
vertex -56.181007385253906 7.722715854644775 1.7000000476837158
endloop
endfacet
facet normal 0 0 -1
outer loop
vertex -56.70718002319336 0.7075077891349792 1.7000000476837158
vertex -57.39654541015625 0.8290615081787109 1.7000000476837158
vertex -56.181007385253906 7.722715854644775 1.7000000476837158
endloop
endfacet
facet normal 0.17364809751743635 0.9848077671447231 0
outer loop
vertex -42.132022857666016 -1.8624851703643799 0
vertex -42.821388244628906 -1.740931510925293 0
vertex -42.132022857666016 -1.8624851703643799 1.7000000476837158
endloop
endfacet
facet normal 0.17364818009936403 0.9848077525833043 0
outer loop
vertex -56.70718002319336 0.7075077891349792 0
vertex -57.39654541015625 0.8290615081787109 0
vertex -56.70718002319336 0.7075077891349792 1.7000000476837158
endloop
endfacet
facet normal -0.17364842784512516 -0.9848077088990096 0
outer loop
vertex -41.60585403442383 5.1527228355407715 1.7000000476837158
vertex -40.91648864746094 5.0311689376831055 0
vertex -40.91648864746094 5.0311689376831055 1.7000000476837158
endloop
endfacet
facet normal -0.9848078264173563 0.17364776136513332 0
outer loop
vertex -40.91648864746094 5.0311689376831055 0
vertex -42.132022857666016 -1.8624851703643799 1.7000000476837158
vertex -40.91648864746094 5.0311689376831055 1.7000000476837158
endloop
endfacet
facet normal -0.17364842784512516 -0.9848077088990096 0
outer loop
vertex -56.181007385253906 7.722715854644775 1.7000000476837158
vertex -55.491641998291016 7.601161956787109 0
vertex -55.491641998291016 7.601161956787109 1.7000000476837158
endloop
endfacet
facet normal 0.9848077342513671 -0.17364828406491267 0
outer loop
vertex -57.39654541015625 0.8290615081787109 1.7000000476837158
vertex -57.39654541015625 0.8290615081787109 0
vertex -56.181007385253906 7.722715854644775 1.7000000476837158
endloop
endfacet
facet normal 0.17364818009936403 0.9848077525833043 0
outer loop
vertex -56.70718002319336 0.7075077891349792 1.7000000476837158
vertex -57.39654541015625 0.8290615081787109 0
vertex -57.39654541015625 0.8290615081787109 1.7000000476837158
endloop
endfacet
facet normal 0.17364809751743635 0.9848077671447231 0
outer loop
vertex -42.132022857666016 -1.8624851703643799 1.7000000476837158
vertex -42.821388244628906 -1.740931510925293 0
vertex -42.821388244628906 -1.740931510925293 1.7000000476837158
endloop
endfacet
facet normal -0.17364842784512516 -0.9848077088990096 0
outer loop
vertex -56.181007385253906 7.722715854644775 1.7000000476837158
vertex -56.181007385253906 7.722715854644775 0
vertex -55.491641998291016 7.601161956787109 0
endloop
endfacet
facet normal 0 0 -1
outer loop
vertex -42.132022857666016 -1.8624851703643799 1.7000000476837158
vertex -42.821388244628906 -1.740931510925293 1.7000000476837158
vertex -40.91648864746094 5.0311689376831055 1.7000000476837158
endloop
endfacet
facet normal 0 0 -1
outer loop
vertex -21.978742599487305 12.762843132019043 1.7000000476837158
vertex -23.88364601135254 5.990743160247803 1.7000000476837158
vertex -22.668109893798828 12.884397506713867 1.7000000476837158
endloop
endfacet
facet normal 0 0 -1
outer loop
vertex -37.76943588256836 8.43918228149414 1.7000000476837158
vertex -38.45880126953125 8.560735702514648 1.7000000476837158
vertex -37.243263244628906 15.454390525817871 1.7000000476837158
endloop
endfacet
facet normal 0.17364842784512516 0.9848077088990096 0
outer loop
vertex -23.19428062438965 5.869189262390137 0
vertex -23.88364601135254 5.990743160247803 0
vertex -23.19428062438965 5.869189262390137 1.7000000476837158
endloop
endfacet
facet normal 0.1736477671896889 0.9848078253903326 0
outer loop
vertex -37.76943588256836 8.43918228149414 0
vertex -38.45880126953125 8.560735702514648 0
vertex -37.76943588256836 8.43918228149414 1.7000000476837158
endloop
endfacet
facet normal 0.9848077363054265 -0.17364827241577022 0
outer loop
vertex -37.243263244628906 15.454390525817871 0
vertex -37.243263244628906 15.454390525817871 1.7000000476837158
vertex -38.45880126953125 8.560735702514648 0
endloop
endfacet
facet normal -0.9848077321973074 0.17364829571405666 0
outer loop
vertex -21.978742599487305 12.762843132019043 0
vertex -23.19428062438965 5.869189262390137 0
vertex -23.19428062438965 5.869189262390137 1.7000000476837158
endloop
endfacet
facet normal 0.1736477671896889 0.9848078253903326 0
outer loop
vertex -37.76943588256836 8.43918228149414 1.7000000476837158
vertex -38.45880126953125 8.560735702514648 0
vertex -38.45880126953125 8.560735702514648 1.7000000476837158
endloop
endfacet
facet normal -0.1736486225337724 -0.9848076745700775 0
outer loop
vertex -21.978742599487305 12.762843132019043 0
vertex -22.668109893798828 12.884397506713867 1.7000000476837158
vertex -22.668109893798828 12.884397506713867 0
endloop
endfacet
facet normal 0.9848077363054265 -0.17364827241577022 0
outer loop
vertex -38.45880126953125 8.560735702514648 1.7000000476837158
vertex -38.45880126953125 8.560735702514648 0
vertex -37.243263244628906 15.454390525817871 1.7000000476837158
endloop
endfacet
facet normal -0.17364908850032695 -0.9848075924072709 0
outer loop
vertex -37.243263244628906 15.454390525817871 1.7000000476837158
vertex -36.553897857666016 15.332836151123047 0
vertex -36.553897857666016 15.332836151123047 1.7000000476837158
endloop
endfacet
facet normal 0.17364842784512516 0.9848077088990096 0
outer loop
vertex -23.19428062438965 5.869189262390137 1.7000000476837158
vertex -23.88364601135254 5.990743160247803 0
vertex -23.88364601135254 5.990743160247803 1.7000000476837158
endloop
endfacet
facet normal -0.9848077321973074 0.17364829571405666 0
outer loop
vertex -21.978742599487305 12.762843132019043 0
vertex -23.19428062438965 5.869189262390137 1.7000000476837158
vertex -21.978742599487305 12.762843132019043 1.7000000476837158
endloop
endfacet
facet normal -0.1736486225337724 -0.9848076745700775 0
outer loop
vertex -22.668109893798828 12.884397506713867 1.7000000476837158
vertex -21.978742599487305 12.762843132019043 0
vertex -21.978742599487305 12.762843132019043 1.7000000476837158
endloop
endfacet
facet normal -0.17364908850032695 -0.9848075924072709 0
outer loop
vertex -37.243263244628906 15.454390525817871 1.7000000476837158
vertex -37.243263244628906 15.454390525817871 0
vertex -36.553897857666016 15.332836151123047 0
endloop
endfacet
facet normal 0 0 -1
outer loop
vertex -36.553897857666016 15.332836151123047 1.7000000476837158
vertex -37.76943588256836 8.43918228149414 1.7000000476837158
vertex -37.243263244628906 15.454390525817871 1.7000000476837158
endloop
endfacet
facet normal 0 0 -1
outer loop
vertex -23.19428062438965 5.869189262390137 1.7000000476837158
vertex -23.88364601135254 5.990743160247803 1.7000000476837158
vertex -21.978742599487305 12.762843132019043 1.7000000476837158
endloop
endfacet
facet normal 0.9961946737722747 0.08715602072003516 0
outer loop
vertex 48.4990234375 14.662368774414062 0
vertex 48.4990234375 14.662368774414062 1.7000000476837158
vertex 49.10911560058594 7.6890058517456055 0
endloop
endfacet
facet normal 0.08715606637976313 -0.9961946697775523 0
outer loop
vertex 48.4990234375 14.662368774414062 1.7000000476837158
vertex 49.19636154174805 14.72337818145752 0
vertex 49.19636154174805 14.72337818145752 1.7000000476837158
endloop
endfacet
facet normal -0.08715471434017415 0.9961947880652069 0
outer loop
vertex 64.55013275146484 9.03991985321045 0
vertex 63.8527946472168 8.978911399841309 0
vertex 64.55013275146484 9.03991985321045 1.7000000476837158
endloop
endfacet
facet normal -0.9961946737722747 -0.08715602072003516 0
outer loop
vertex 63.940040588378906 16.013282775878906 0
vertex 64.55013275146484 9.03991985321045 0
vertex 64.55013275146484 9.03991985321045 1.7000000476837158
endloop
endfacet
facet normal 0.9961946737722747 0.08715602072003516 0
outer loop
vertex 49.10911560058594 7.6890058517456055 1.7000000476837158
vertex 49.10911560058594 7.6890058517456055 0
vertex 48.4990234375 14.662368774414062 1.7000000476837158
endloop
endfacet
facet normal 0.08715518748973815 -0.9961947466703629 0
outer loop
vertex 63.940040588378906 16.013282775878906 0
vertex 63.940040588378906 16.013282775878906 1.7000000476837158
vertex 63.242706298828125 15.952274322509766 0
endloop
endfacet
facet normal -0.08715471434017415 0.9961947880652069 0
outer loop
vertex 64.55013275146484 9.03991985321045 1.7000000476837158
vertex 63.8527946472168 8.978911399841309 0
vertex 63.8527946472168 8.978911399841309 1.7000000476837158
endloop
endfacet
facet normal -0.08715586351320667 0.9961946875261218 0
outer loop
vertex 49.80644989013672 7.750014781951904 1.7000000476837158
vertex 49.10911560058594 7.6890058517456055 0
vertex 49.10911560058594 7.6890058517456055 1.7000000476837158
endloop
endfacet
facet normal -0.9961946737722747 -0.08715602072003516 0
outer loop
vertex 63.940040588378906 16.013282775878906 1.7000000476837158
vertex 63.940040588378906 16.013282775878906 0
vertex 64.55013275146484 9.03991985321045 1.7000000476837158
endloop
endfacet
facet normal 0.08715518748973815 -0.9961947466703629 0
outer loop
vertex 63.242706298828125 15.952274322509766 1.7000000476837158
vertex 63.242706298828125 15.952274322509766 0
vertex 63.940040588378906 16.013282775878906 1.7000000476837158
endloop
endfacet
facet normal 0 0 -1
outer loop
vertex 49.80644989013672 7.750014781951904 1.7000000476837158
vertex 49.10911560058594 7.6890058517456055 1.7000000476837158
vertex 48.4990234375 14.662368774414062 1.7000000476837158
endloop
endfacet
facet normal 0 0 -1
outer loop
vertex 49.80644989013672 7.750014781951904 1.7000000476837158
vertex 48.4990234375 14.662368774414062 1.7000000476837158
vertex 49.19636154174805 14.72337818145752 1.7000000476837158
endloop
endfacet
facet normal 0 0 -1
outer loop
vertex 64.55013275146484 9.03991985321045 1.7000000476837158
vertex 63.8527946472168 8.978911399841309 1.7000000476837158
vertex 63.940040588378906 16.013282775878906 1.7000000476837158
endloop
endfacet
facet normal 0 0 -1
outer loop
vertex 63.940040588378906 16.013282775878906 1.7000000476837158
vertex 63.8527946472168 8.978911399841309 1.7000000476837158
vertex 63.242706298828125 15.952274322509766 1.7000000476837158
endloop
endfacet
facet normal -0.08715586351320667 0.9961946875261218 0
outer loop
vertex 49.80644989013672 7.750014781951904 0
vertex 49.10911560058594 7.6890058517456055 0
vertex 49.80644989013672 7.750014781951904 1.7000000476837158
endloop
endfacet
facet normal 0.08715606637976313 -0.9961946697775523 0
outer loop
vertex 48.4990234375 14.662368774414062 1.7000000476837158
vertex 48.4990234375 14.662368774414062 0
vertex 49.19636154174805 14.72337818145752 0
endloop
endfacet
facet normal 0.08715495091431645 -0.9961947673678693 0
outer loop
vertex 30.82288932800293 21.64837646484375 1.7000000476837158
vertex 30.82288932800293 21.64837646484375 0
vertex 31.520225524902344 21.70938491821289 0
endloop
endfacet
facet normal -0.08715471434017415 0.9961947880652069 0
outer loop
vertex 32.13031768798828 14.736021995544434 0
vertex 31.432979583740234 14.675013542175293 0
vertex 32.13031768798828 14.736021995544434 1.7000000476837158
endloop
endfacet
facet normal 0.9961946974299996 0.08715575031145001 0
outer loop
vertex 31.432979583740234 14.675013542175293 1.7000000476837158
vertex 31.432979583740234 14.675013542175293 0
vertex 30.82288932800293 21.64837646484375 1.7000000476837158
endloop
endfacet
facet normal -0.08715518748973815 0.9961947466703629 0
outer loop
vertex 46.87399673461914 16.02592658996582 0
vertex 46.17666244506836 15.96491813659668 0
vertex 46.87399673461914 16.02592658996582 1.7000000476837158
endloop
endfacet
facet normal 0 0 -1
outer loop
vertex 46.26390838623047 22.999290466308594 1.7000000476837158
vertex 46.17666244506836 15.96491813659668 1.7000000476837158
vertex 45.56657028198242 22.938282012939453 1.7000000476837158
endloop
endfacet
facet normal 0 0 -1
outer loop
vertex 46.87399673461914 16.02592658996582 1.7000000476837158
vertex 46.17666244506836 15.96491813659668 1.7000000476837158
vertex 46.26390838623047 22.999290466308594 1.7000000476837158
endloop
endfacet
facet normal -0.08715518748973815 0.9961947466703629 0
outer loop
vertex 46.87399673461914 16.02592658996582 1.7000000476837158
vertex 46.17666244506836 15.96491813659668 0
vertex 46.17666244506836 15.96491813659668 1.7000000476837158
endloop
endfacet
facet normal -0.9961947696359372 -0.08715492498994025 0
outer loop
vertex 46.530513763427734 19.95199203491211 0
vertex 46.87399673461914 16.02592658996582 0
vertex 46.87399673461914 16.02592658996582 1.7000000476837158
endloop
endfacet
facet normal -0.9961947221225352 -0.087155468074039 0
outer loop
vertex 46.26390838623047 22.999290466308594 0
vertex 46.87399673461914 16.02592658996582 1.7000000476837158
vertex 46.26390838623047 22.999290466308594 1.7000000476837158
endloop
endfacet
facet normal 0.08715471434017415 -0.9961947880652069 0
outer loop
vertex 45.56657028198242 22.938282012939453 1.7000000476837158
vertex 46.26390838623047 22.999290466308594 0
vertex 46.26390838623047 22.999290466308594 1.7000000476837158
endloop
endfacet
facet normal -0.9961946609028238 -0.08715616776995065 -0.0000028921079349934625
outer loop
vertex 46.26390838623047 22.999290466308594 0
vertex 46.530513763427734 19.95199203491211 0
vertex 46.87399673461914 16.02592658996582 1.7000000476837158
endloop
endfacet
facet normal 0.08715471434017415 -0.9961947880652069 0
outer loop
vertex 45.56657028198242 22.938282012939453 0
vertex 46.26390838623047 22.999290466308594 0
vertex 45.56657028198242 22.938282012939453 1.7000000476837158
endloop
endfacet
facet normal -0.08715471434017415 0.9961947880652069 0
outer loop
vertex 32.13031768798828 14.736021995544434 1.7000000476837158
vertex 31.432979583740234 14.675013542175293 0
vertex 31.432979583740234 14.675013542175293 1.7000000476837158
endloop
endfacet
facet normal 0 0 -1
outer loop
vertex 32.13031768798828 14.736021995544434 1.7000000476837158
vertex 30.82288932800293 21.64837646484375 1.7000000476837158
vertex 31.520225524902344 21.70938491821289 1.7000000476837158
endloop
endfacet
facet normal 0.9961946974299996 0.08715575031145001 0
outer loop
vertex 31.432979583740234 14.675013542175293 0
vertex 30.82288932800293 21.64837646484375 0
vertex 30.82288932800293 21.64837646484375 1.7000000476837158
endloop
endfacet
facet normal 0 0 -1
outer loop
vertex 32.13031768798828 14.736021995544434 1.7000000476837158
vertex 31.432979583740234 14.675013542175293 1.7000000476837158
vertex 30.82288932800293 21.64837646484375 1.7000000476837158
endloop
endfacet
facet normal 0.08715495091431645 -0.9961947673678693 0
outer loop
vertex 30.82288932800293 21.64837646484375 1.7000000476837158
vertex 31.520225524902344 21.70938491821289 0
vertex 31.520225524902344 21.70938491821289 1.7000000476837158
endloop
endfacet
facet normal -1 0 0
outer loop
vertex 24.757966995239258 23.237600326538086 0
vertex 24.757966995239258 16.237600326538086 1.7000000476837158
vertex 24.757966995239258 23.237600326538086 1.7000000476837158
endloop
endfacet
facet normal 0 -1 0
outer loop
vertex 9.257966041564941 23.237600326538086 1.7000000476837158
vertex 9.257966041564941 23.237600326538086 0
vertex 9.957965850830078 23.237600326538086 0
endloop
endfacet
facet normal 0 -1 0
outer loop
vertex 24.057966232299805 23.237600326538086 1.7000000476837158
vertex 24.757966995239258 23.237600326538086 0
vertex 24.757966995239258 23.237600326538086 1.7000000476837158
endloop
endfacet
facet normal 0 1 0
outer loop
vertex 24.757966995239258 16.237600326538086 0
vertex 24.057966232299805 16.237600326538086 0
vertex 24.757966995239258 16.237600326538086 1.7000000476837158
endloop
endfacet
facet normal 0 0 -1
outer loop
vertex 24.757966995239258 16.237600326538086 1.7000000476837158
vertex 24.057966232299805 16.237600326538086 1.7000000476837158
vertex 24.757966995239258 23.237600326538086 1.7000000476837158
endloop
endfacet
facet normal 0 0 -1
outer loop
vertex 24.757966995239258 23.237600326538086 1.7000000476837158
vertex 24.057966232299805 16.237600326538086 1.7000000476837158
vertex 24.057966232299805 23.237600326538086 1.7000000476837158
endloop
endfacet
facet normal 0 0 -1
outer loop
vertex 9.957965850830078 16.237600326538086 1.7000000476837158
vertex 9.257966041564941 23.237600326538086 1.7000000476837158
vertex 9.957965850830078 23.237600326538086 1.7000000476837158
endloop
endfacet
facet normal -1 0 0
outer loop
vertex 24.757966995239258 23.237600326538086 0
vertex 24.757966995239258 16.237600326538086 0
vertex 24.757966995239258 16.237600326538086 1.7000000476837158
endloop
endfacet
facet normal 0 -1 0
outer loop
vertex 24.757966995239258 23.237600326538086 0
vertex 24.057966232299805 23.237600326538086 1.7000000476837158
vertex 24.057966232299805 23.237600326538086 0
endloop
endfacet
facet normal 1 0 0
outer loop
vertex 9.257966041564941 23.237600326538086 0
vertex 9.257966041564941 23.237600326538086 1.7000000476837158
vertex 9.257966041564941 16.237600326538086 0
endloop
endfacet
facet normal 0 1 0
outer loop
vertex 9.957965850830078 16.237600326538086 1.7000000476837158
vertex 9.257966041564941 16.237600326538086 0
vertex 9.257966041564941 16.237600326538086 1.7000000476837158
endloop
endfacet
facet normal 1 0 0
outer loop
vertex 9.257966041564941 16.237600326538086 1.7000000476837158
vertex 9.257966041564941 16.237600326538086 0
vertex 9.257966041564941 23.237600326538086 1.7000000476837158
endloop
endfacet
facet normal 0 0 -1
outer loop
vertex 9.957965850830078 16.237600326538086 1.7000000476837158
vertex 9.257966041564941 16.237600326538086 1.7000000476837158
vertex 9.257966041564941 23.237600326538086 1.7000000476837158
endloop
endfacet
facet normal 0 -1 0
outer loop
vertex 9.257966041564941 23.237600326538086 1.7000000476837158
vertex 9.957965850830078 23.237600326538086 0
vertex 9.957965850830078 23.237600326538086 1.7000000476837158
endloop
endfacet
facet normal 0 1 0
outer loop
vertex 9.957965850830078 16.237600326538086 0
vertex 9.257966041564941 16.237600326538086 0
vertex 9.957965850830078 16.237600326538086 1.7000000476837158
endloop
endfacet
facet normal 0 1 0
outer loop
vertex 24.757966995239258 16.237600326538086 1.7000000476837158
vertex 24.057966232299805 16.237600326538086 0
vertex 24.057966232299805 16.237600326538086 1.7000000476837158
endloop
endfacet
facet normal 0.25881925631331715 0.9659257696952812 0
outer loop
vertex -26.832677841186523 26.171533584594727 0
vertex -27.508825302124023 26.352706909179688 0
vertex -26.832677841186523 26.171533584594727 1.7000000476837158
endloop
endfacet
facet normal 0 0 -1
outer loop
vertex -10.725241661071777 29.102493286132812 1.7000000476837158
vertex -13.213123321533203 22.522186279296875 1.7000000476837158
vertex -11.401390075683594 29.283666610717773 1.7000000476837158
endloop
endfacet
facet normal -0.2588217985703617 -0.9659250884953776 0
outer loop
vertex -25.697092056274414 33.11418914794922 1.7000000476837158
vertex -25.697092056274414 33.11418914794922 0
vertex -25.020944595336914 32.933013916015625 0
endloop
endfacet
facet normal -0.2588189157152301 -0.965925860958279 0
outer loop
vertex -11.401390075683594 29.283666610717773 1.7000000476837158
vertex -10.725241661071777 29.102493286132812 0
vertex -10.725241661071777 29.102493286132812 1.7000000476837158
endloop
endfacet
facet normal -0.965925790393316 0.2588191790672552 0
outer loop
vertex -10.725241661071777 29.102493286132812 0
vertex -12.536975860595703 22.341012954711914 1.7000000476837158
vertex -10.725241661071777 29.102493286132812 1.7000000476837158
endloop
endfacet
facet normal 0.25881925631331715 0.9659257696952812 0
outer loop
vertex -12.536975860595703 22.341012954711914 1.7000000476837158
vertex -13.213123321533203 22.522186279296875 0
vertex -13.213123321533203 22.522186279296875 1.7000000476837158
endloop
endfacet
facet normal 0.9659258427057082 -0.2588189838347783 0
outer loop
vertex -27.508825302124023 26.352706909179688 1.7000000476837158
vertex -27.508825302124023 26.352706909179688 0
vertex -25.697092056274414 33.11418914794922 1.7000000476837158
endloop
endfacet
facet normal 0 0 -1
outer loop
vertex -12.536975860595703 22.341012954711914 1.7000000476837158
vertex -13.213123321533203 22.522186279296875 1.7000000476837158
vertex -10.725241661071777 29.102493286132812 1.7000000476837158
endloop
endfacet
facet normal 0.25881925631331715 0.9659257696952812 0
outer loop
vertex -26.832677841186523 26.171533584594727 1.7000000476837158
vertex -27.508825302124023 26.352706909179688 0
vertex -27.508825302124023 26.352706909179688 1.7000000476837158
endloop
endfacet
facet normal 0 0 -1
outer loop
vertex -26.832677841186523 26.171533584594727 1.7000000476837158
vertex -25.697092056274414 33.11418914794922 1.7000000476837158
vertex -25.020944595336914 32.933013916015625 1.7000000476837158
endloop
endfacet
facet normal 0 0 -1
outer loop
vertex -26.832677841186523 26.171533584594727 1.7000000476837158
vertex -27.508825302124023 26.352706909179688 1.7000000476837158
vertex -25.697092056274414 33.11418914794922 1.7000000476837158
endloop
endfacet
facet normal -0.2588189157152301 -0.965925860958279 0
outer loop
vertex -10.725241661071777 29.102493286132812 0
vertex -11.401390075683594 29.283666610717773 1.7000000476837158
vertex -11.401390075683594 29.283666610717773 0
endloop
endfacet
facet normal -0.2588217985703617 -0.9659250884953776 0
outer loop
vertex -25.697092056274414 33.11418914794922 1.7000000476837158
vertex -25.020944595336914 32.933013916015625 0
vertex -25.020944595336914 32.933013916015625 1.7000000476837158
endloop
endfacet
facet normal -0.965925790393316 0.2588191790672552 0
outer loop
vertex -10.725241661071777 29.102493286132812 0
vertex -12.536975860595703 22.341012954711914 0
vertex -12.536975860595703 22.341012954711914 1.7000000476837158
endloop
endfacet
facet normal 0.25881925631331715 0.9659257696952812 0
outer loop
vertex -12.536975860595703 22.341012954711914 0
vertex -13.213123321533203 22.522186279296875 0
vertex -12.536975860595703 22.341012954711914 1.7000000476837158
endloop
endfacet
facet normal 0.9659258427057082 -0.2588189838347783 0
outer loop
vertex -25.697092056274414 33.11418914794922 0
vertex -25.697092056274414 33.11418914794922 1.7000000476837158
vertex -27.508825302124023 26.352706909179688 0
endloop
endfacet
facet normal 0.08715471434017415 -0.9961947880652069 0
outer loop
vertex 47.01737594604492 31.597679138183594 1.7000000476837158
vertex 47.01737594604492 31.597679138183594 0
vertex 47.71471405029297 31.658687591552734 0
endloop
endfacet
facet normal -0.9961946748071708 -0.0871560088911563 0
outer loop
vertex 62.45839309692383 32.94859313964844 0
vertex 63.068485260009766 25.975229263305664 0
vertex 63.068485260009766 25.975229263305664 1.7000000476837158
endloop
endfacet
facet normal 0.08715518748973815 -0.9961947466703629 0
outer loop
vertex 61.76105880737305 32.8875846862793 1.7000000476837158
vertex 62.45839309692383 32.94859313964844 0
vertex 62.45839309692383 32.94859313964844 1.7000000476837158
endloop
endfacet
facet normal 0.08715471434017415 -0.9961947880652069 0
outer loop
vertex 47.01737594604492 31.597679138183594 1.7000000476837158
vertex 47.71471405029297 31.658687591552734 0
vertex 47.71471405029297 31.658687591552734 1.7000000476837158
endloop
endfacet
facet normal 0.08715518748973815 -0.9961947466703629 0
outer loop
vertex 61.76105880737305 32.8875846862793 1.7000000476837158
vertex 61.76105880737305 32.8875846862793 0
vertex 62.45839309692383 32.94859313964844 0
endloop
endfacet
facet normal -0.08715471434017415 0.9961947880652069 0
outer loop
vertex 63.068485260009766 25.975229263305664 0
vertex 62.37114715576172 25.914220809936523 0
vertex 63.068485260009766 25.975229263305664 1.7000000476837158
endloop
endfacet
facet normal 0 0 -1
outer loop
vertex 48.32480239868164 24.685325622558594 1.7000000476837158
vertex 47.62746810913086 24.62431526184082 1.7000000476837158
vertex 47.01737594604492 31.597679138183594 1.7000000476837158
endloop
endfacet
facet normal -0.08715471434017415 0.9961947880652069 0
outer loop
vertex 63.068485260009766 25.975229263305664 1.7000000476837158
vertex 62.37114715576172 25.914220809936523 0
vertex 62.37114715576172 25.914220809936523 1.7000000476837158
endloop
endfacet
facet normal -0.9961946748071708 -0.0871560088911563 0
outer loop
vertex 62.45839309692383 32.94859313964844 0
vertex 63.068485260009766 25.975229263305664 1.7000000476837158
vertex 62.45839309692383 32.94859313964844 1.7000000476837158
endloop
endfacet
facet normal -0.08715789158288975 0.9961945100906877 0
outer loop
vertex 48.32480239868164 24.685325622558594 1.7000000476837158
vertex 47.62746810913086 24.62431526184082 0
vertex 47.62746810913086 24.62431526184082 1.7000000476837158
endloop
endfacet
facet normal 0 0 -1
outer loop
vertex 48.32480239868164 24.685325622558594 1.7000000476837158
vertex 47.01737594604492 31.597679138183594 1.7000000476837158
vertex 47.71471405029297 31.658687591552734 1.7000000476837158
endloop
endfacet
facet normal 0.9961946748071708 0.0871560088911563 0
outer loop
vertex 47.01737594604492 31.597679138183594 0
vertex 47.01737594604492 31.597679138183594 1.7000000476837158
vertex 47.62746810913086 24.62431526184082 0
endloop
endfacet
facet normal 0.9961946748071708 0.0871560088911563 0
outer loop
vertex 47.62746810913086 24.62431526184082 0
vertex 47.01737594604492 31.597679138183594 1.7000000476837158
vertex 47.62746810913086 24.62431526184082 1.7000000476837158
endloop
endfacet
facet normal 0 0 -1
outer loop
vertex 63.068485260009766 25.975229263305664 1.7000000476837158
vertex 62.37114715576172 25.914220809936523 1.7000000476837158
vertex 62.45839309692383 32.94859313964844 1.7000000476837158
endloop
endfacet
facet normal 0 0 -1
outer loop
vertex 62.45839309692383 32.94859313964844 1.7000000476837158
vertex 62.37114715576172 25.914220809936523 1.7000000476837158
vertex 61.76105880737305 32.8875846862793 1.7000000476837158
endloop
endfacet
facet normal -0.08715789158288975 0.9961945100906877 0
outer loop
vertex 48.32480239868164 24.685325622558594 0
vertex 47.62746810913086 24.62431526184082 0
vertex 48.32480239868164 24.685325622558594 1.7000000476837158
endloop
endfacet
facet normal 0 0 -1
outer loop
vertex -29.536975860595703 26.591012954711914 1.7000000476837158
vertex -30.213123321533203 26.772186279296875 1.7000000476837158
vertex -27.725242614746094 33.35249328613281 1.7000000476837158
endloop
endfacet
facet normal 0 0 -1
outer loop
vertex -43.83267593383789 30.421533584594727 1.7000000476837158
vertex -44.508827209472656 30.602706909179688 1.7000000476837158
vertex -42.69709396362305 37.36418914794922 1.7000000476837158
endloop
endfacet
facet normal 0 0 -1
outer loop
vertex -43.83267593383789 30.421533584594727 1.7000000476837158
vertex -42.69709396362305 37.36418914794922 1.7000000476837158
vertex -42.02094268798828 37.183013916015625 1.7000000476837158
endloop
endfacet
facet normal 0.25881789392615423 0.9659261347451107 0
outer loop
vertex -43.83267593383789 30.421533584594727 1.7000000476837158
vertex -43.83267593383789 30.421533584594727 0
vertex -44.508827209472656 30.602706909179688 0
endloop
endfacet
facet normal -0.9659258244531231 0.25881905195436117 0
outer loop
vertex -27.725242614746094 33.35249328613281 0
vertex -29.536975860595703 26.591012954711914 1.7000000476837158
vertex -27.725242614746094 33.35249328613281 1.7000000476837158
endloop
endfacet
facet normal -0.258816714050894 -0.9659264508894545 0
outer loop
vertex -27.725242614746094 33.35249328613281 0
vertex -28.401390075683594 33.53366470336914 1.7000000476837158
vertex -28.401390075683594 33.53366470336914 0
endloop
endfacet
facet normal 0 0 -1
outer loop
vertex -27.725242614746094 33.35249328613281 1.7000000476837158
vertex -30.213123321533203 26.772186279296875 1.7000000476837158
vertex -28.401390075683594 33.53366470336914 1.7000000476837158
endloop
endfacet
facet normal -0.9659258244531231 0.25881905195436117 0
outer loop
vertex -29.536975860595703 26.591012954711914 0
vertex -29.536975860595703 26.591012954711914 1.7000000476837158
vertex -27.725242614746094 33.35249328613281 0
endloop
endfacet
facet normal 0.25881789392615423 0.9659261347451107 0
outer loop
vertex -43.83267593383789 30.421533584594727 1.7000000476837158
vertex -44.508827209472656 30.602706909179688 0
vertex -44.508827209472656 30.602706909179688 1.7000000476837158
endloop
endfacet
facet normal 0.25881925631331715 0.9659257696952812 0
outer loop
vertex -29.536975860595703 26.591012954711914 1.7000000476837158
vertex -30.213123321533203 26.772186279296875 0
vertex -30.213123321533203 26.772186279296875 1.7000000476837158
endloop
endfacet
facet normal 0.9659258427057082 -0.2588189838347783 0
outer loop
vertex -44.508827209472656 30.602706909179688 1.7000000476837158
vertex -44.508827209472656 30.602706909179688 0
vertex -42.69709396362305 37.36418914794922 1.7000000476837158
endloop
endfacet
facet normal -0.2588204361717383 -0.9659254535521211 0
outer loop
vertex -42.69709396362305 37.36418914794922 1.7000000476837158
vertex -42.69709396362305 37.36418914794922 0
vertex -42.02094268798828 37.183013916015625 0
endloop
endfacet
facet normal -0.2588204361717383 -0.9659254535521211 0
outer loop
vertex -42.69709396362305 37.36418914794922 1.7000000476837158
vertex -42.02094268798828 37.183013916015625 0
vertex -42.02094268798828 37.183013916015625 1.7000000476837158
endloop
endfacet
facet normal -0.258816714050894 -0.9659264508894545 0
outer loop
vertex -28.401390075683594 33.53366470336914 1.7000000476837158
vertex -27.725242614746094 33.35249328613281 0
vertex -27.725242614746094 33.35249328613281 1.7000000476837158
endloop
endfacet
facet normal 0.25881925631331715 0.9659257696952812 0
outer loop
vertex -29.536975860595703 26.591012954711914 0
vertex -30.213123321533203 26.772186279296875 0
vertex -29.536975860595703 26.591012954711914 1.7000000476837158
endloop
endfacet
facet normal 0.9659258427057082 -0.2588189838347783 0
outer loop
vertex -42.69709396362305 37.36418914794922 0
vertex -42.69709396362305 37.36418914794922 1.7000000476837158
vertex -44.508827209472656 30.602706909179688 0
endloop
endfacet
facet normal 0 0 -1
outer loop
vertex 41.757965087890625 40.23759841918945 1.7000000476837158
vertex 41.05796432495117 33.23759841918945 1.7000000476837158
vertex 41.05796432495117 40.23759841918945 1.7000000476837158
endloop
endfacet
facet normal 0 -1 0
outer loop
vertex 26.257966995239258 40.23759841918945 1.7000000476837158
vertex 26.257966995239258 40.23759841918945 0
vertex 26.957965850830078 40.23759841918945 0
endloop
endfacet
facet normal 1 0 0
outer loop
vertex 26.257966995239258 40.23759841918945 0
vertex 26.257966995239258 40.23759841918945 1.7000000476837158
vertex 26.257966995239258 33.23759841918945 0
endloop
endfacet
facet normal 0 -1 0
outer loop
vertex 41.757965087890625 40.23759841918945 0
vertex 41.05796432495117 40.23759841918945 1.7000000476837158
vertex 41.05796432495117 40.23759841918945 0
endloop
endfacet
facet normal 0 0 -1
outer loop
vertex 41.757965087890625 33.23759841918945 1.7000000476837158
vertex 41.05796432495117 33.23759841918945 1.7000000476837158
vertex 41.757965087890625 40.23759841918945 1.7000000476837158
endloop
endfacet
facet normal 0 1 0
outer loop
vertex 41.757965087890625 33.23759841918945 1.7000000476837158
vertex 41.05796432495117 33.23759841918945 0
vertex 41.05796432495117 33.23759841918945 1.7000000476837158
endloop
endfacet
facet normal 0 0 -1
outer loop
vertex 26.957965850830078 33.23759841918945 1.7000000476837158
vertex 26.257966995239258 40.23759841918945 1.7000000476837158
vertex 26.957965850830078 40.23759841918945 1.7000000476837158
endloop
endfacet
facet normal -1 0 0
outer loop
vertex 41.757965087890625 40.23759841918945 0
vertex 41.757965087890625 33.23759841918945 1.7000000476837158
vertex 41.757965087890625 40.23759841918945 1.7000000476837158
endloop
endfacet
facet normal 0 1 0
outer loop
vertex 26.957965850830078 33.23759841918945 0
vertex 26.257966995239258 33.23759841918945 0
vertex 26.957965850830078 33.23759841918945 1.7000000476837158
endloop
endfacet
facet normal 0 1 0
outer loop
vertex 26.957965850830078 33.23759841918945 1.7000000476837158
vertex 26.257966995239258 33.23759841918945 0
vertex 26.257966995239258 33.23759841918945 1.7000000476837158
endloop
endfacet
facet normal 1 0 0
outer loop
vertex 26.257966995239258 33.23759841918945 1.7000000476837158
vertex 26.257966995239258 33.23759841918945 0
vertex 26.257966995239258 40.23759841918945 1.7000000476837158
endloop
endfacet
facet normal -1 0 0
outer loop
vertex 41.757965087890625 40.23759841918945 0
vertex 41.757965087890625 33.23759841918945 0
vertex 41.757965087890625 33.23759841918945 1.7000000476837158
endloop
endfacet
facet normal 0 0 -1
outer loop
vertex 26.957965850830078 33.23759841918945 1.7000000476837158
vertex 26.257966995239258 33.23759841918945 1.7000000476837158
vertex 26.257966995239258 40.23759841918945 1.7000000476837158
endloop
endfacet
facet normal 0 -1 0
outer loop
vertex 41.05796432495117 40.23759841918945 1.7000000476837158
vertex 41.757965087890625 40.23759841918945 0
vertex 41.757965087890625 40.23759841918945 1.7000000476837158
endloop
endfacet
facet normal 0 -1 0
outer loop
vertex 26.257966995239258 40.23759841918945 1.7000000476837158
vertex 26.957965850830078 40.23759841918945 0
vertex 26.957965850830078 40.23759841918945 1.7000000476837158
endloop
endfacet
facet normal 0 1 0
outer loop
vertex 41.757965087890625 33.23759841918945 0
vertex 41.05796432495117 33.23759841918945 0
vertex 41.757965087890625 33.23759841918945 1.7000000476837158
endloop
endfacet
facet normal 0 1 0
outer loop
vertex 24.757966995239258 33.23759841918945 1.7000000476837158
vertex 24.057966232299805 33.23759841918945 0
vertex 24.057966232299805 33.23759841918945 1.7000000476837158
endloop
endfacet
facet normal -1 0 0
outer loop
vertex 24.757966995239258 40.23759841918945 0
vertex 24.757966995239258 33.23759841918945 1.7000000476837158
vertex 24.757966995239258 40.23759841918945 1.7000000476837158
endloop
endfacet
facet normal 0 -1 0
outer loop
vertex 9.257966041564941 40.23759841918945 1.7000000476837158
vertex 9.957965850830078 40.23759841918945 0
vertex 9.957965850830078 40.23759841918945 1.7000000476837158
endloop
endfacet
facet normal 0 0 -1
outer loop
vertex 9.957965850830078 33.23759841918945 1.7000000476837158
vertex 9.257966041564941 33.23759841918945 1.7000000476837158
vertex 9.257966041564941 40.23759841918945 1.7000000476837158
endloop
endfacet
facet normal 0 0 -1
outer loop
vertex 9.957965850830078 33.23759841918945 1.7000000476837158
vertex 9.257966041564941 40.23759841918945 1.7000000476837158
vertex 9.957965850830078 40.23759841918945 1.7000000476837158
endloop
endfacet
facet normal 0 0 -1
outer loop
vertex 24.757966995239258 33.23759841918945 1.7000000476837158
vertex 24.057966232299805 33.23759841918945 1.7000000476837158
vertex 24.757966995239258 40.23759841918945 1.7000000476837158
endloop
endfacet
facet normal 0 1 0
outer loop
vertex 9.957965850830078 33.23759841918945 0
vertex 9.257966041564941 33.23759841918945 0
vertex 9.957965850830078 33.23759841918945 1.7000000476837158
endloop
endfacet
facet normal 1 0 0
outer loop
vertex 9.257966041564941 33.23759841918945 0
vertex 9.257966041564941 40.23759841918945 0
vertex 9.257966041564941 40.23759841918945 1.7000000476837158
endloop
endfacet
facet normal 1 0 0
outer loop
vertex 9.257966041564941 33.23759841918945 1.7000000476837158
vertex 9.257966041564941 33.23759841918945 0
vertex 9.257966041564941 40.23759841918945 1.7000000476837158
endloop
endfacet
facet normal 0 1 0
outer loop
vertex 9.957965850830078 33.23759841918945 1.7000000476837158
vertex 9.257966041564941 33.23759841918945 0
vertex 9.257966041564941 33.23759841918945 1.7000000476837158
endloop
endfacet
facet normal 0 0 -1
outer loop
vertex 24.757966995239258 40.23759841918945 1.7000000476837158
vertex 24.057966232299805 33.23759841918945 1.7000000476837158
vertex 24.057966232299805 40.23759841918945 1.7000000476837158
endloop
endfacet
facet normal 0 -1 0
outer loop
vertex 24.757966995239258 40.23759841918945 0
vertex 24.057966232299805 40.23759841918945 1.7000000476837158
vertex 24.057966232299805 40.23759841918945 0
endloop
endfacet
facet normal -1 0 0
outer loop
vertex 24.757966995239258 40.23759841918945 0
vertex 24.757966995239258 33.23759841918945 0
vertex 24.757966995239258 33.23759841918945 1.7000000476837158
endloop
endfacet
facet normal 0 -1 0
outer loop
vertex 24.057966232299805 40.23759841918945 1.7000000476837158
vertex 24.757966995239258 40.23759841918945 0
vertex 24.757966995239258 40.23759841918945 1.7000000476837158
endloop
endfacet
facet normal 0 1 0
outer loop
vertex 24.757966995239258 33.23759841918945 0
vertex 24.057966232299805 33.23759841918945 0
vertex 24.757966995239258 33.23759841918945 1.7000000476837158
endloop
endfacet
facet normal 0 -1 0
outer loop
vertex 9.257966041564941 40.23759841918945 1.7000000476837158
vertex 9.257966041564941 40.23759841918945 0
vertex 9.957965850830078 40.23759841918945 0
endloop
endfacet
facet normal 0 -1 0
outer loop
vertex -7.742033958435059 40.23759841918945 1.7000000476837158
vertex -7.042034149169922 40.23759841918945 0
vertex -7.042034149169922 40.23759841918945 1.7000000476837158
endloop
endfacet
facet normal 0 1 0
outer loop
vertex -7.042034149169922 33.23759841918945 0
vertex -7.742033958435059 33.23759841918945 0
vertex -7.042034149169922 33.23759841918945 1.7000000476837158
endloop
endfacet
facet normal 1 0 0
outer loop
vertex -7.742033958435059 33.23759841918945 1.7000000476837158
vertex -7.742033958435059 33.23759841918945 0
vertex -7.742033958435059 40.23759841918945 1.7000000476837158
endloop
endfacet
facet normal 0 1 0
outer loop
vertex 7.757966041564941 33.23759841918945 1.7000000476837158
vertex 7.057966232299805 33.23759841918945 0
vertex 7.057966232299805 33.23759841918945 1.7000000476837158
endloop
endfacet
facet normal 0 -1 0
outer loop
vertex 7.757966041564941 40.23759841918945 0
vertex 7.057966232299805 40.23759841918945 1.7000000476837158
vertex 7.057966232299805 40.23759841918945 0
endloop
endfacet
facet normal 0 0 -1
outer loop
vertex -7.042034149169922 33.23759841918945 1.7000000476837158
vertex -7.742033958435059 33.23759841918945 1.7000000476837158
vertex -7.742033958435059 40.23759841918945 1.7000000476837158
endloop
endfacet
facet normal 0 0 -1
outer loop
vertex -7.042034149169922 33.23759841918945 1.7000000476837158
vertex -7.742033958435059 40.23759841918945 1.7000000476837158
vertex -7.042034149169922 40.23759841918945 1.7000000476837158
endloop
endfacet
facet normal 0 1 0
outer loop
vertex -7.042034149169922 33.23759841918945 1.7000000476837158
vertex -7.742033958435059 33.23759841918945 0
vertex -7.742033958435059 33.23759841918945 1.7000000476837158
endloop
endfacet
facet normal -1 0 0
outer loop
vertex 7.757966041564941 40.23759841918945 0
vertex 7.757966041564941 33.23759841918945 0
vertex 7.757966041564941 33.23759841918945 1.7000000476837158
endloop
endfacet
facet normal -1 0 0
outer loop
vertex 7.757966041564941 40.23759841918945 0
vertex 7.757966041564941 33.23759841918945 1.7000000476837158
vertex 7.757966041564941 40.23759841918945 1.7000000476837158
endloop
endfacet
facet normal 0 -1 0
outer loop
vertex 7.057966232299805 40.23759841918945 1.7000000476837158
vertex 7.757966041564941 40.23759841918945 0
vertex 7.757966041564941 40.23759841918945 1.7000000476837158
endloop
endfacet
facet normal 0 0 -1
outer loop
vertex 7.057966232299805 33.23759841918945 1.7000000476837158
vertex 7.057966232299805 40.23759841918945 1.7000000476837158
vertex 7.757966041564941 40.23759841918945 1.7000000476837158
endloop
endfacet
facet normal 0 -1 0
outer loop
vertex -7.742033958435059 40.23759841918945 1.7000000476837158
vertex -7.742033958435059 40.23759841918945 0
vertex -7.042034149169922 40.23759841918945 0
endloop
endfacet
facet normal 1 0 0
outer loop
vertex -7.742033958435059 40.23759841918945 0
vertex -7.742033958435059 40.23759841918945 1.7000000476837158
vertex -7.742033958435059 33.23759841918945 0
endloop
endfacet
facet normal 0 1 0
outer loop
vertex 7.757966041564941 33.23759841918945 0
vertex 7.057966232299805 33.23759841918945 0
vertex 7.757966041564941 33.23759841918945 1.7000000476837158
endloop
endfacet
facet normal 0 0 -1
outer loop
vertex 7.757966041564941 33.23759841918945 1.7000000476837158
vertex 7.057966232299805 33.23759841918945 1.7000000476837158
vertex 7.757966041564941 40.23759841918945 1.7000000476837158
endloop
endfacet
facet normal 0.6427868576771689 0.7660450741291343 0
outer loop
vertex -51.55494689941406 35.36484146118164 0
vertex -52.09117889404297 35.81479263305664 0
vertex -51.55494689941406 35.36484146118164 1.7000000476837158
endloop
endfacet
facet normal 0 0 -1
outer loop
vertex -62.89240264892578 44.87809753417969 1.7000000476837158
vertex -63.42863464355469 45.32804870605469 1.7000000476837158
vertex -58.92912292480469 50.69036102294922 1.7000000476837158
endloop
endfacet
facet normal 0 0 -1
outer loop
vertex -47.0554313659668 40.727149963378906 1.7000000476837158
vertex -52.09117889404297 35.81479263305664 1.7000000476837158
vertex -47.5916633605957 41.177101135253906 1.7000000476837158
endloop
endfacet
facet normal 0 0 -1
outer loop
vertex -51.55494689941406 35.36484146118164 1.7000000476837158
vertex -52.09117889404297 35.81479263305664 1.7000000476837158
vertex -47.0554313659668 40.727149963378906 1.7000000476837158
endloop
endfacet
facet normal 0.6427868576771689 0.7660450741291343 0
outer loop
vertex -62.89240264892578 44.87809753417969 1.7000000476837158
vertex -62.89240264892578 44.87809753417969 0
vertex -63.42863464355469 45.32804870605469 0
endloop
endfacet
facet normal 0.7660446238039905 -0.6427873943544651 0
outer loop
vertex -63.42863464355469 45.32804870605469 0
vertex -58.92912292480469 50.69036102294922 0
vertex -58.92912292480469 50.69036102294922 1.7000000476837158
endloop
endfacet
facet normal 0 0 -1
outer loop
vertex -58.39289093017578 50.24040985107422 1.7000000476837158
vertex -62.89240264892578 44.87809753417969 1.7000000476837158
vertex -58.92912292480469 50.69036102294922 1.7000000476837158
endloop
endfacet
facet normal -0.6427868576771689 -0.7660450741291343 0
outer loop
vertex -47.5916633605957 41.177101135253906 1.7000000476837158
vertex -47.0554313659668 40.727149963378906 0
vertex -47.0554313659668 40.727149963378906 1.7000000476837158
endloop
endfacet
facet normal -0.7660441303020845 0.6427879824870117 0
outer loop
vertex -47.0554313659668 40.727149963378906 0
vertex -51.55494689941406 35.36484146118164 1.7000000476837158
vertex -47.0554313659668 40.727149963378906 1.7000000476837158
endloop
endfacet
facet normal 0.6427868576771689 0.7660450741291343 0
outer loop
vertex -51.55494689941406 35.36484146118164 1.7000000476837158
vertex -52.09117889404297 35.81479263305664 0
vertex -52.09117889404297 35.81479263305664 1.7000000476837158
endloop
endfacet
facet normal -0.6427868576771689 -0.7660450741291343 0
outer loop
vertex -58.92912292480469 50.69036102294922 1.7000000476837158
vertex -58.39289093017578 50.24040985107422 0
vertex -58.39289093017578 50.24040985107422 1.7000000476837158
endloop
endfacet
facet normal 0.7660446238039905 -0.6427873943544651 0
outer loop
vertex -63.42863464355469 45.32804870605469 1.7000000476837158
vertex -63.42863464355469 45.32804870605469 0
vertex -58.92912292480469 50.69036102294922 1.7000000476837158
endloop
endfacet
facet normal 0.6427868576771689 0.7660450741291343 0
outer loop
vertex -62.89240264892578 44.87809753417969 1.7000000476837158
vertex -63.42863464355469 45.32804870605469 0
vertex -63.42863464355469 45.32804870605469 1.7000000476837158
endloop
endfacet
facet normal -0.7660441303020845 0.6427879824870117 0
outer loop
vertex -47.0554313659668 40.727149963378906 0
vertex -51.55494689941406 35.36484146118164 0
vertex -51.55494689941406 35.36484146118164 1.7000000476837158
endloop
endfacet
facet normal -0.6427868576771689 -0.7660450741291343 0
outer loop
vertex -58.92912292480469 50.69036102294922 1.7000000476837158
vertex -58.92912292480469 50.69036102294922 0
vertex -58.39289093017578 50.24040985107422 0
endloop
endfacet
facet normal -0.6427868576771689 -0.7660450741291343 0
outer loop
vertex -47.0554313659668 40.727149963378906 0
vertex -47.5916633605957 41.177101135253906 1.7000000476837158
vertex -47.5916633605957 41.177101135253906 0
endloop
endfacet
facet normal 0.9807852845629332 0.19509030110388895 0
outer loop
vertex -6.782817840576172 -48.67960739135742 1.7000000476837158
vertex -6.782817840576172 -48.67960739135742 0
vertex -6.817071914672852 -48.50740051269531 1.7000000476837158
endloop
endfacet
facet normal 0.8314720174542991 -0.5555666334387602 0
outer loop
vertex -6.685269832611084 -48.18920135498047 0
vertex -6.685269832611084 -48.18920135498047 1.7000000476837158
vertex -6.782817840576172 -48.3351936340332 0
endloop
endfacet
facet normal 0 0 -1
outer loop
vertex -6.782817840576172 -48.67960739135742 1.7000000476837158
vertex -6.817071914672852 -48.50740051269531 1.7000000476837158
vertex -6.782817840576172 -48.3351936340332 1.7000000476837158
endloop
endfacet
facet normal 0 0 -1
outer loop
vertex -6.685269832611084 -48.825599670410156 1.7000000476837158
vertex -6.782817840576172 -48.67960739135742 1.7000000476837158
vertex -6.685269832611084 -48.18920135498047 1.7000000476837158
endloop
endfacet
facet normal 0 0 -1
outer loop
vertex -6.539279460906982 -48.92314529418945 1.7000000476837158
vertex -6.685269832611084 -48.825599670410156 1.7000000476837158
vertex -6.539279460906982 -48.09165573120117 1.7000000476837158
endloop
endfacet
facet normal 0 0 -1
outer loop
vertex -6.539279460906982 -48.09165573120117 1.7000000476837158
vertex -6.685269832611084 -48.825599670410156 1.7000000476837158
vertex -6.685269832611084 -48.18920135498047 1.7000000476837158
endloop
endfacet
facet normal 0 0 -1
outer loop
vertex -6.539279460906982 -48.09165573120117 1.7000000476837158
vertex -6.367072105407715 -48.05739974975586 1.7000000476837158
vertex -6.539279460906982 -48.92314529418945 1.7000000476837158
endloop
endfacet
facet normal 0 0 -1
outer loop
vertex -6.367072105407715 -48.957401275634766 1.7000000476837158
vertex -6.539279460906982 -48.92314529418945 1.7000000476837158
vertex -6.367072105407715 -48.05739974975586 1.7000000476837158
endloop
endfacet
facet normal 0 0 -1
outer loop
vertex -6.194864273071289 -48.92314529418945 1.7000000476837158
vertex -6.367072105407715 -48.957401275634766 1.7000000476837158
vertex -6.194864273071289 -48.09165573120117 1.7000000476837158
endloop
endfacet
facet normal 0 0 -1
outer loop
vertex -6.194864273071289 -48.09165573120117 1.7000000476837158
vertex -6.367072105407715 -48.957401275634766 1.7000000476837158
vertex -6.367072105407715 -48.05739974975586 1.7000000476837158
endloop
endfacet
facet normal 0 0 -1
outer loop
vertex -6.0488739013671875 -48.825599670410156 1.7000000476837158
vertex -6.194864273071289 -48.92314529418945 1.7000000476837158
vertex -6.0488739013671875 -48.18920135498047 1.7000000476837158
endloop
endfacet
facet normal 0 0 -1
outer loop
vertex -5.951326370239258 -48.67960739135742 1.7000000476837158
vertex -6.0488739013671875 -48.825599670410156 1.7000000476837158
vertex -5.951326370239258 -48.3351936340332 1.7000000476837158
endloop
endfacet
facet normal 0 0 -1
outer loop
vertex -6.0488739013671875 -48.18920135498047 1.7000000476837158
vertex -6.194864273071289 -48.92314529418945 1.7000000476837158
vertex -6.194864273071289 -48.09165573120117 1.7000000476837158
endloop
endfacet
facet normal 0 0 -1
outer loop
vertex -6.0488739013671875 -48.18920135498047 1.7000000476837158
vertex -5.951326370239258 -48.3351936340332 1.7000000476837158
vertex -6.0488739013671875 -48.825599670410156 1.7000000476837158
endloop
endfacet
facet normal 0 0 -1
outer loop
vertex -5.91707181930542 -48.50740051269531 1.7000000476837158
vertex -5.951326370239258 -48.67960739135742 1.7000000476837158
vertex -5.951326370239258 -48.3351936340332 1.7000000476837158
endloop
endfacet
facet normal 0.8314720174542991 0.5555666334387602 0
outer loop
vertex -6.782817840576172 -48.67960739135742 0
vertex -6.782817840576172 -48.67960739135742 1.7000000476837158
vertex -6.685269832611084 -48.825599670410156 0
endloop
endfacet
facet normal 0.9807852845629332 0.19509030110388895 0
outer loop
vertex -6.782817840576172 -48.67960739135742 0
vertex -6.817071914672852 -48.50740051269531 0
vertex -6.817071914672852 -48.50740051269531 1.7000000476837158
endloop
endfacet
facet normal 0.9807852845629332 -0.19509030110388895 0
outer loop
vertex -6.782817840576172 -48.3351936340332 0
vertex -6.782817840576172 -48.3351936340332 1.7000000476837158
vertex -6.817071914672852 -48.50740051269531 0
endloop
endfacet
facet normal 0.5555622638012966 0.8314749371087372 0
outer loop
vertex -6.539279460906982 -48.92314529418945 0
vertex -6.685269832611084 -48.825599670410156 0
vertex -6.685269832611084 -48.825599670410156 1.7000000476837158
endloop
endfacet
facet normal 0.19510023104767313 0.9807833093222704 0
outer loop
vertex -6.367072105407715 -48.957401275634766 0
vertex -6.539279460906982 -48.92314529418945 0
vertex -6.539279460906982 -48.92314529418945 1.7000000476837158
endloop
endfacet
facet normal -0.19509971138541468 0.9807834126948354 0
outer loop
vertex -6.194864273071289 -48.92314529418945 0
vertex -6.367072105407715 -48.957401275634766 0
vertex -6.367072105407715 -48.957401275634766 1.7000000476837158
endloop
endfacet
facet normal -0.5555622638012966 0.8314749371087372 0
outer loop
vertex -6.194864273071289 -48.92314529418945 0
vertex -6.194864273071289 -48.92314529418945 1.7000000476837158
vertex -6.0488739013671875 -48.825599670410156 0
endloop
endfacet
facet normal -0.8314732719568675 0.5555647559208026 0
outer loop
vertex -6.0488739013671875 -48.825599670410156 0
vertex -6.0488739013671875 -48.825599670410156 1.7000000476837158
vertex -5.951326370239258 -48.67960739135742 0
endloop
endfacet
facet normal -0.9807847649190312 0.1950929135123066 0
outer loop
vertex -5.951326370239258 -48.67960739135742 0
vertex -5.951326370239258 -48.67960739135742 1.7000000476837158
vertex -5.91707181930542 -48.50740051269531 0
endloop
endfacet
facet normal -0.9807847649190312 -0.1950929135123066 0
outer loop
vertex -5.91707181930542 -48.50740051269531 0
vertex -5.91707181930542 -48.50740051269531 1.7000000476837158
vertex -5.951326370239258 -48.3351936340332 0
endloop
endfacet
facet normal -0.8314732719568675 -0.5555647559208026 0
outer loop
vertex -5.951326370239258 -48.3351936340332 0
vertex -5.951326370239258 -48.3351936340332 1.7000000476837158
vertex -6.0488739013671875 -48.18920135498047 0
endloop
endfacet
facet normal -0.5555622638012966 -0.8314749371087372 0
outer loop
vertex -6.194864273071289 -48.09165573120117 1.7000000476837158
vertex -6.194864273071289 -48.09165573120117 0
vertex -6.0488739013671875 -48.18920135498047 1.7000000476837158
endloop
endfacet
facet normal -0.8314732719568675 -0.5555647559208026 0
outer loop
vertex -6.0488739013671875 -48.18920135498047 1.7000000476837158
vertex -6.0488739013671875 -48.18920135498047 0
vertex -5.951326370239258 -48.3351936340332 1.7000000476837158
endloop
endfacet
facet normal -0.19509971138541468 -0.9807834126948354 0
outer loop
vertex -6.367072105407715 -48.05739974975586 1.7000000476837158
vertex -6.367072105407715 -48.05739974975586 0
vertex -6.194864273071289 -48.09165573120117 1.7000000476837158
endloop
endfacet
facet normal 0.19510023104767313 -0.9807833093222704 0
outer loop
vertex -6.539279460906982 -48.09165573120117 1.7000000476837158
vertex -6.539279460906982 -48.09165573120117 0
vertex -6.367072105407715 -48.05739974975586 1.7000000476837158
endloop
endfacet
facet normal 0.5555622638012966 -0.8314749371087372 0
outer loop
vertex -6.685269832611084 -48.18920135498047 1.7000000476837158
vertex -6.685269832611084 -48.18920135498047 0
vertex -6.539279460906982 -48.09165573120117 1.7000000476837158
endloop
endfacet
facet normal -0.9807847649190312 -0.1950929135123066 0
outer loop
vertex -5.951326370239258 -48.3351936340332 1.7000000476837158
vertex -5.951326370239258 -48.3351936340332 0
vertex -5.91707181930542 -48.50740051269531 1.7000000476837158
endloop
endfacet
facet normal -0.9807847649190312 0.1950929135123066 0
outer loop
vertex -5.91707181930542 -48.50740051269531 1.7000000476837158
vertex -5.91707181930542 -48.50740051269531 0
vertex -5.951326370239258 -48.67960739135742 1.7000000476837158
endloop
endfacet
facet normal -0.8314732719568675 0.5555647559208026 0
outer loop
vertex -5.951326370239258 -48.67960739135742 1.7000000476837158
vertex -5.951326370239258 -48.67960739135742 0
vertex -6.0488739013671875 -48.825599670410156 1.7000000476837158
endloop
endfacet
facet normal -0.5555622638012966 0.8314749371087372 0
outer loop
vertex -6.0488739013671875 -48.825599670410156 1.7000000476837158
vertex -6.0488739013671875 -48.825599670410156 0
vertex -6.194864273071289 -48.92314529418945 1.7000000476837158
endloop
endfacet
facet normal -0.19509971138541468 0.9807834126948354 0
outer loop
vertex -6.194864273071289 -48.92314529418945 1.7000000476837158
vertex -6.194864273071289 -48.92314529418945 0
vertex -6.367072105407715 -48.957401275634766 1.7000000476837158
endloop
endfacet
facet normal 0.19510023104767313 0.9807833093222704 0
outer loop
vertex -6.367072105407715 -48.957401275634766 1.7000000476837158
vertex -6.367072105407715 -48.957401275634766 0
vertex -6.539279460906982 -48.92314529418945 1.7000000476837158
endloop
endfacet
facet normal -0.5555622638012966 -0.8314749371087372 0
outer loop
vertex -6.0488739013671875 -48.18920135498047 0
vertex -6.0488739013671875 -48.18920135498047 1.7000000476837158
vertex -6.194864273071289 -48.09165573120117 0
endloop
endfacet
facet normal 0.5555622638012966 0.8314749371087372 0
outer loop
vertex -6.539279460906982 -48.92314529418945 1.7000000476837158
vertex -6.539279460906982 -48.92314529418945 0
vertex -6.685269832611084 -48.825599670410156 1.7000000476837158
endloop
endfacet
facet normal 0.8314720174542991 0.5555666334387602 0
outer loop
vertex -6.685269832611084 -48.825599670410156 1.7000000476837158
vertex -6.685269832611084 -48.825599670410156 0
vertex -6.782817840576172 -48.67960739135742 1.7000000476837158
endloop
endfacet
facet normal 0.8314720174542991 -0.5555666334387602 0
outer loop
vertex -6.782817840576172 -48.3351936340332 1.7000000476837158
vertex -6.782817840576172 -48.3351936340332 0
vertex -6.685269832611084 -48.18920135498047 1.7000000476837158
endloop
endfacet
facet normal 0.9807852845629332 -0.19509030110388895 0
outer loop
vertex -6.817071914672852 -48.50740051269531 1.7000000476837158
vertex -6.817071914672852 -48.50740051269531 0
vertex -6.782817840576172 -48.3351936340332 1.7000000476837158
endloop
endfacet
facet normal -0.19509971138541468 -0.9807834126948354 0
outer loop
vertex -6.194864273071289 -48.09165573120117 0
vertex -6.194864273071289 -48.09165573120117 1.7000000476837158
vertex -6.367072105407715 -48.05739974975586 0
endloop
endfacet
facet normal 0.19510023104767313 -0.9807833093222704 0
outer loop
vertex -6.367072105407715 -48.05739974975586 0
vertex -6.367072105407715 -48.05739974975586 1.7000000476837158
vertex -6.539279460906982 -48.09165573120117 0
endloop
endfacet
facet normal 0.5555622638012966 -0.8314749371087372 0
outer loop
vertex -6.539279460906982 -48.09165573120117 0
vertex -6.539279460906982 -48.09165573120117 1.7000000476837158
vertex -6.685269832611084 -48.18920135498047 0
endloop
endfacet
facet normal 0 0 -1
outer loop
vertex -6.782817840576172 -48.67960739135742 1.7000000476837158
vertex -6.782817840576172 -48.3351936340332 1.7000000476837158
vertex -6.685269832611084 -48.18920135498047 1.7000000476837158
endloop
endfacet
facet normal 0.19510023104767313 0.9807833093222704 0
outer loop
vertex -6.367072105407715 -47.687400817871094 1.7000000476837158
vertex -6.367072105407715 -47.687400817871094 0
vertex -6.539279460906982 -47.65314483642578 1.7000000476837158
endloop
endfacet
facet normal 0 0 -1
outer loop
vertex -6.0488739013671875 -47.555599212646484 1.7000000476837158
vertex -6.194864273071289 -47.65314483642578 1.7000000476837158
vertex -6.0715131759643555 -47.34780502319336 1.7000000476837158
endloop
endfacet
facet normal 0 0 -1
outer loop
vertex -6.782817840576172 -47.40960693359375 1.7000000476837158
vertex -6.817071914672852 -47.23740005493164 1.7000000476837158
vertex -6.782817840576172 -47.06519317626953 1.7000000476837158
endloop
endfacet
facet normal 0 0 -1
outer loop
vertex -6.685269832611084 -46.9192008972168 1.7000000476837158
vertex -6.782817840576172 -47.40960693359375 1.7000000476837158
vertex -6.782817840576172 -47.06519317626953 1.7000000476837158
endloop
endfacet
facet normal 0.5555622638012966 0.8314749371087372 0
outer loop
vertex -6.685269832611084 -47.555599212646484 0
vertex -6.685269832611084 -47.555599212646484 1.7000000476837158
vertex -6.539279460906982 -47.65314483642578 0
endloop
endfacet
facet normal 0.9807852845629332 0.19509030110388895 0
outer loop
vertex -6.782817840576172 -47.40960693359375 1.7000000476837158
vertex -6.782817840576172 -47.40960693359375 0
vertex -6.817071914672852 -47.23740005493164 1.7000000476837158
endloop
endfacet
facet normal 0 0 -1
outer loop
vertex -6.0715131759643555 -47.34780502319336 1.7000000476837158
vertex -6.194864273071289 -47.65314483642578 1.7000000476837158
vertex -6.049045085906982 -46.91908645629883 1.7000000476837158
endloop
endfacet
facet normal 0 0 -1
outer loop
vertex -6.539279460906982 -47.65314483642578 1.7000000476837158
vertex -6.685269832611084 -47.555599212646484 1.7000000476837158
vertex -6.539279460906982 -46.8216552734375 1.7000000476837158
endloop
endfacet
facet normal 0 0 -1
outer loop
vertex -6.685269832611084 -47.555599212646484 1.7000000476837158
vertex -6.782817840576172 -47.40960693359375 1.7000000476837158
vertex -6.685269832611084 -46.9192008972168 1.7000000476837158
endloop
endfacet
facet normal 0.8314720174542991 0.5555666334387602 0
outer loop
vertex -6.782817840576172 -47.40960693359375 0
vertex -6.782817840576172 -47.40960693359375 1.7000000476837158
vertex -6.685269832611084 -47.555599212646484 0
endloop
endfacet
facet normal 0.9807852845629332 0.19509030110388895 0
outer loop
vertex -6.817071914672852 -47.23740005493164 0
vertex -6.817071914672852 -47.23740005493164 1.7000000476837158
vertex -6.782817840576172 -47.40960693359375 0
endloop
endfacet
facet normal -0.5555620216014299 -0.8314750989381057 0
outer loop
vertex -6.194864273071289 -46.8216552734375 1.7000000476837158
vertex -6.194864273071289 -46.8216552734375 0
vertex -6.049045085906982 -46.91908645629883 0
endloop
endfacet
facet normal -0.19509971138541468 -0.9807834126948354 0
outer loop
vertex -6.367072105407715 -46.78739929199219 0
vertex -6.194864273071289 -46.8216552734375 0
vertex -6.194864273071289 -46.8216552734375 1.7000000476837158
endloop
endfacet
facet normal 0.19510023104767313 -0.9807833093222704 0
outer loop
vertex -6.367072105407715 -46.78739929199219 0
vertex -6.367072105407715 -46.78739929199219 1.7000000476837158
vertex -6.539279460906982 -46.8216552734375 0
endloop
endfacet
facet normal 0.5555622638012966 -0.8314749371087372 0
outer loop
vertex -6.539279460906982 -46.8216552734375 0
vertex -6.539279460906982 -46.8216552734375 1.7000000476837158
vertex -6.685269832611084 -46.9192008972168 0
endloop
endfacet
facet normal 0.8314720174542991 -0.5555666334387602 0
outer loop
vertex -6.685269832611084 -46.9192008972168 0
vertex -6.685269832611084 -46.9192008972168 1.7000000476837158
vertex -6.782817840576172 -47.06519317626953 0
endloop
endfacet
facet normal 0 0 -1
outer loop
vertex -6.539279460906982 -46.8216552734375 1.7000000476837158
vertex -6.685269832611084 -47.555599212646484 1.7000000476837158
vertex -6.685269832611084 -46.9192008972168 1.7000000476837158
endloop
endfacet
facet normal 0 0 -1
outer loop
vertex -6.194864273071289 -47.65314483642578 1.7000000476837158
vertex -6.367072105407715 -47.687400817871094 1.7000000476837158
vertex -6.194864273071289 -46.8216552734375 1.7000000476837158
endloop
endfacet
facet normal 0 0 -1
outer loop
vertex -6.367072105407715 -46.78739929199219 1.7000000476837158
vertex -6.539279460906982 -47.65314483642578 1.7000000476837158
vertex -6.539279460906982 -46.8216552734375 1.7000000476837158
endloop
endfacet
facet normal -0.5555620216014299 -0.8314750989381057 0
outer loop
vertex -6.194864273071289 -46.8216552734375 1.7000000476837158
vertex -6.049045085906982 -46.91908645629883 0
vertex -6.049045085906982 -46.91908645629883 1.7000000476837158
endloop
endfacet
facet normal -0.19509971138541468 -0.9807834126948354 0
outer loop
vertex -6.367072105407715 -46.78739929199219 1.7000000476837158
vertex -6.367072105407715 -46.78739929199219 0
vertex -6.194864273071289 -46.8216552734375 1.7000000476837158
endloop
endfacet
facet normal 0.19510023104767313 -0.9807833093222704 0
outer loop
vertex -6.539279460906982 -46.8216552734375 1.7000000476837158
vertex -6.539279460906982 -46.8216552734375 0
vertex -6.367072105407715 -46.78739929199219 1.7000000476837158
endloop
endfacet
facet normal 0.5555622638012966 -0.8314749371087372 0
outer loop
vertex -6.685269832611084 -46.9192008972168 1.7000000476837158
vertex -6.685269832611084 -46.9192008972168 0
vertex -6.539279460906982 -46.8216552734375 1.7000000476837158
endloop
endfacet
facet normal 0.8314720174542991 -0.5555666334387602 0
outer loop
vertex -6.782817840576172 -47.06519317626953 1.7000000476837158
vertex -6.782817840576172 -47.06519317626953 0
vertex -6.685269832611084 -46.9192008972168 1.7000000476837158
endloop
endfacet
facet normal 0.9807852845629332 -0.19509030110388895 0
outer loop
vertex -6.817071914672852 -47.23740005493164 1.7000000476837158
vertex -6.817071914672852 -47.23740005493164 0
vertex -6.782817840576172 -47.06519317626953 1.7000000476837158
endloop
endfacet
facet normal 0 0 -1
outer loop
vertex -6.367072105407715 -46.78739929199219 1.7000000476837158
vertex -6.194864273071289 -46.8216552734375 1.7000000476837158
vertex -6.367072105407715 -47.687400817871094 1.7000000476837158
endloop
endfacet
facet normal 0.19510023104767313 0.9807833093222704 0
outer loop
vertex -6.539279460906982 -47.65314483642578 0
vertex -6.539279460906982 -47.65314483642578 1.7000000476837158
vertex -6.367072105407715 -47.687400817871094 0
endloop
endfacet
facet normal -0.19509971138541468 0.9807834126948354 0
outer loop
vertex -6.194864273071289 -47.65314483642578 0
vertex -6.367072105407715 -47.687400817871094 0
vertex -6.367072105407715 -47.687400817871094 1.7000000476837158
endloop
endfacet
facet normal -0.5555622638012966 0.8314749371087372 0
outer loop
vertex -6.0488739013671875 -47.555599212646484 0
vertex -6.194864273071289 -47.65314483642578 0
vertex -6.194864273071289 -47.65314483642578 1.7000000476837158
endloop
endfacet
facet normal -0.8799496772659181 0.4750669063191063 0
outer loop
vertex -5.940399169921875 -47.35467529296875 0
vertex -6.0488739013671875 -47.555599212646484 0
vertex -5.940399169921875 -47.35467529296875 1.7000000476837158
endloop
endfacet
facet normal 0.9807852845629332 -0.19509030110388895 0
outer loop
vertex -6.782817840576172 -47.06519317626953 0
vertex -6.782817840576172 -47.06519317626953 1.7000000476837158
vertex -6.817071914672852 -47.23740005493164 0
endloop
endfacet
facet normal 0 0 -1
outer loop
vertex -6.049045085906982 -46.91908645629883 1.7000000476837158
vertex -6.194864273071289 -47.65314483642578 1.7000000476837158
vertex -6.194864273071289 -46.8216552734375 1.7000000476837158
endloop
endfacet
facet normal -0.8799496772659181 0.4750669063191063 0
outer loop
vertex -6.0488739013671875 -47.555599212646484 0
vertex -6.0488739013671875 -47.555599212646484 1.7000000476837158
vertex -5.940399169921875 -47.35467529296875 1.7000000476837158
endloop
endfacet
facet normal -0.5555622638012966 0.8314749371087372 0
outer loop
vertex -6.0488739013671875 -47.555599212646484 1.7000000476837158
vertex -6.0488739013671875 -47.555599212646484 0
vertex -6.194864273071289 -47.65314483642578 1.7000000476837158
endloop
endfacet
facet normal -0.19509971138541468 0.9807834126948354 0
outer loop
vertex -6.194864273071289 -47.65314483642578 1.7000000476837158
vertex -6.194864273071289 -47.65314483642578 0
vertex -6.367072105407715 -47.687400817871094 1.7000000476837158
endloop
endfacet
facet normal 0.8314720174542991 0.5555666334387602 0
outer loop
vertex -6.685269832611084 -47.555599212646484 1.7000000476837158
vertex -6.685269832611084 -47.555599212646484 0
vertex -6.782817840576172 -47.40960693359375 1.7000000476837158
endloop
endfacet
facet normal 0 0 -1
outer loop
vertex -5.940399169921875 -47.35467529296875 1.7000000476837158
vertex -6.0488739013671875 -47.555599212646484 1.7000000476837158
vertex -6.0715131759643555 -47.34780502319336 1.7000000476837158
endloop
endfacet
facet normal 0.5555622638012966 0.8314749371087372 0
outer loop
vertex -6.539279460906982 -47.65314483642578 1.7000000476837158
vertex -6.539279460906982 -47.65314483642578 0
vertex -6.685269832611084 -47.555599212646484 1.7000000476837158
endloop
endfacet
facet normal 0 0 -1
outer loop
vertex -6.367072105407715 -47.687400817871094 1.7000000476837158
vertex -6.539279460906982 -47.65314483642578 1.7000000476837158
vertex -6.367072105407715 -46.78739929199219 1.7000000476837158
endloop
endfacet
facet normal -0.6393333220644486 0.7689297128463927 0
outer loop
vertex -6.013034343719482 -46.23196029663086 1.7000000476837158
vertex -6.013034343719482 -46.23196029663086 0
vertex -6.194864273071289 -46.38314437866211 0
endloop
endfacet
facet normal -0.19509971138541468 -0.9807834126948354 0
outer loop
vertex -6.367072105407715 -45.517398834228516 1.7000000476837158
vertex -6.367072105407715 -45.517398834228516 0
vertex -6.194864273071289 -45.55165481567383 1.7000000476837158
endloop
endfacet
facet normal -0.6393333220644486 0.7689297128463927 0
outer loop
vertex -6.194864273071289 -46.38314437866211 0
vertex -6.194864273071289 -46.38314437866211 1.7000000476837158
vertex -6.013034343719482 -46.23196029663086 1.7000000476837158
endloop
endfacet
facet normal 0.5555622638012966 -0.8314749371087372 0
outer loop
vertex -6.685269832611084 -45.649200439453125 1.7000000476837158
vertex -6.685269832611084 -45.649200439453125 0
vertex -6.539279460906982 -45.55165481567383 1.7000000476837158
endloop
endfacet
facet normal 0.9807852845629332 -0.19509030110388895 0
outer loop
vertex -6.782817840576172 -45.79519271850586 0
vertex -6.782817840576172 -45.79519271850586 1.7000000476837158
vertex -6.817071914672852 -45.96739959716797 0
endloop
endfacet
facet normal 0.9807852845629332 0.19509030110388895 0
outer loop
vertex -6.817071914672852 -45.96739959716797 0
vertex -6.817071914672852 -45.96739959716797 1.7000000476837158
vertex -6.782817840576172 -46.13960647583008 0
endloop
endfacet
facet normal 0 0 -1
outer loop
vertex -6.539279460906982 -46.38314437866211 1.7000000476837158
vertex -6.539279460906982 -45.55165481567383 1.7000000476837158
vertex -6.367072105407715 -45.517398834228516 1.7000000476837158
endloop
endfacet
facet normal 0 0 -1
outer loop
vertex -6.539279460906982 -45.55165481567383 1.7000000476837158
vertex -6.685269832611084 -46.28559875488281 1.7000000476837158
vertex -6.685269832611084 -45.649200439453125 1.7000000476837158
endloop
endfacet
facet normal 0 0 -1
outer loop
vertex -6.685269832611084 -46.28559875488281 1.7000000476837158
vertex -6.782817840576172 -46.13960647583008 1.7000000476837158
vertex -6.685269832611084 -45.649200439453125 1.7000000476837158
endloop
endfacet
facet normal 0 0 -1
outer loop
vertex -6.539279460906982 -46.38314437866211 1.7000000476837158
vertex -6.685269832611084 -46.28559875488281 1.7000000476837158
vertex -6.539279460906982 -45.55165481567383 1.7000000476837158
endloop
endfacet
facet normal 0.8314720174542991 0.5555666334387602 0
outer loop
vertex -6.685269832611084 -46.28559875488281 0
vertex -6.782817840576172 -46.13960647583008 0
vertex -6.782817840576172 -46.13960647583008 1.7000000476837158
endloop
endfacet
facet normal 0 0 -1
outer loop
vertex -6.367072105407715 -46.41740036010742 1.7000000476837158
vertex -6.539279460906982 -46.38314437866211 1.7000000476837158
vertex -6.367072105407715 -45.517398834228516 1.7000000476837158
endloop
endfacet
facet normal 0 0 -1
outer loop
vertex -6.194864273071289 -46.38314437866211 1.7000000476837158
vertex -6.367072105407715 -46.41740036010742 1.7000000476837158
vertex -6.194864273071289 -45.55165481567383 1.7000000476837158
endloop
endfacet
facet normal 0 0 -1
outer loop
vertex -6.194864273071289 -45.55165481567383 1.7000000476837158
vertex -6.367072105407715 -46.41740036010742 1.7000000476837158
vertex -6.367072105407715 -45.517398834228516 1.7000000476837158
endloop
endfacet
facet normal 0.9807852845629332 0.19509030110388895 0
outer loop
vertex -6.782817840576172 -46.13960647583008 1.7000000476837158
vertex -6.782817840576172 -46.13960647583008 0
vertex -6.817071914672852 -45.96739959716797 1.7000000476837158
endloop
endfacet
facet normal 0.9807852845629332 -0.19509030110388895 0
outer loop
vertex -6.817071914672852 -45.96739959716797 1.7000000476837158
vertex -6.817071914672852 -45.96739959716797 0
vertex -6.782817840576172 -45.79519271850586 1.7000000476837158
endloop
endfacet
facet normal 0.8314720174542991 -0.5555666334387602 0
outer loop
vertex -6.782817840576172 -45.79519271850586 1.7000000476837158
vertex -6.782817840576172 -45.79519271850586 0
vertex -6.685269832611084 -45.649200439453125 1.7000000476837158
endloop
endfacet
facet normal 0 0 -1
outer loop
vertex -6.782817840576172 -46.13960647583008 1.7000000476837158
vertex -6.817071914672852 -45.96739959716797 1.7000000476837158
vertex -6.782817840576172 -45.79519271850586 1.7000000476837158
endloop
endfacet
facet normal -0.19509971138541468 -0.9807834126948354 0
outer loop
vertex -6.194864273071289 -45.55165481567383 0
vertex -6.194864273071289 -45.55165481567383 1.7000000476837158
vertex -6.367072105407715 -45.517398834228516 0
endloop
endfacet
facet normal 0.19510023104767313 -0.9807833093222704 0
outer loop
vertex -6.367072105407715 -45.517398834228516 0
vertex -6.367072105407715 -45.517398834228516 1.7000000476837158
vertex -6.539279460906982 -45.55165481567383 0
endloop
endfacet
facet normal -0.6746002607471989 -0.7381832348406534 0
outer loop
vertex -5.987320899963379 -45.7413215637207 0
vertex -6.194864273071289 -45.55165481567383 1.7000000476837158
vertex -6.194864273071289 -45.55165481567383 0
endloop
endfacet
facet normal 0.5555622638012966 -0.8314749371087372 0
outer loop
vertex -6.539279460906982 -45.55165481567383 0
vertex -6.539279460906982 -45.55165481567383 1.7000000476837158
vertex -6.685269832611084 -45.649200439453125 0
endloop
endfacet
facet normal 0 0 -1
outer loop
vertex -6.013034343719482 -46.23196029663086 1.7000000476837158
vertex -6.194864273071289 -46.38314437866211 1.7000000476837158
vertex -6.194864273071289 -45.55165481567383 1.7000000476837158
endloop
endfacet
facet normal 0 0 -1
outer loop
vertex -5.987320899963379 -45.7413215637207 1.7000000476837158
vertex -6.013034343719482 -46.23196029663086 1.7000000476837158
vertex -6.194864273071289 -45.55165481567383 1.7000000476837158
endloop
endfacet
facet normal 0.8314720174542991 -0.5555666334387602 0
outer loop
vertex -6.685269832611084 -45.649200439453125 0
vertex -6.685269832611084 -45.649200439453125 1.7000000476837158
vertex -6.782817840576172 -45.79519271850586 0
endloop
endfacet
facet normal 0.5555622638012966 0.8314749371087372 0
outer loop
vertex -6.539279460906982 -46.38314437866211 1.7000000476837158
vertex -6.539279460906982 -46.38314437866211 0
vertex -6.685269832611084 -46.28559875488281 1.7000000476837158
endloop
endfacet
facet normal 0.19510023104767313 0.9807833093222704 0
outer loop
vertex -6.367072105407715 -46.41740036010742 1.7000000476837158
vertex -6.367072105407715 -46.41740036010742 0
vertex -6.539279460906982 -46.38314437866211 1.7000000476837158
endloop
endfacet
facet normal -0.19509971138541468 0.9807834126948354 0
outer loop
vertex -6.194864273071289 -46.38314437866211 1.7000000476837158
vertex -6.194864273071289 -46.38314437866211 0
vertex -6.367072105407715 -46.41740036010742 1.7000000476837158
endloop
endfacet
facet normal 0 0 -1
outer loop
vertex -6.782817840576172 -46.13960647583008 1.7000000476837158
vertex -6.782817840576172 -45.79519271850586 1.7000000476837158
vertex -6.685269832611084 -45.649200439453125 1.7000000476837158
endloop
endfacet
facet normal -0.19509971138541468 0.9807834126948354 0
outer loop
vertex -6.194864273071289 -46.38314437866211 0
vertex -6.367072105407715 -46.41740036010742 0
vertex -6.367072105407715 -46.41740036010742 1.7000000476837158
endloop
endfacet
facet normal 0.8314720174542991 0.5555666334387602 0
outer loop
vertex -6.685269832611084 -46.28559875488281 1.7000000476837158
vertex -6.685269832611084 -46.28559875488281 0
vertex -6.782817840576172 -46.13960647583008 1.7000000476837158
endloop
endfacet
facet normal 0.19510023104767313 0.9807833093222704 0
outer loop
vertex -6.367072105407715 -46.41740036010742 0
vertex -6.539279460906982 -46.38314437866211 0
vertex -6.539279460906982 -46.38314437866211 1.7000000476837158
endloop
endfacet
facet normal 0.5555622638012966 0.8314749371087372 0
outer loop
vertex -6.685269832611084 -46.28559875488281 0
vertex -6.685269832611084 -46.28559875488281 1.7000000476837158
vertex -6.539279460906982 -46.38314437866211 0
endloop
endfacet
facet normal 0.19510023104767313 -0.9807833093222704 0
outer loop
vertex -6.539279460906982 -45.55165481567383 1.7000000476837158
vertex -6.539279460906982 -45.55165481567383 0
vertex -6.367072105407715 -45.517398834228516 1.7000000476837158
endloop
endfacet
facet normal -0.6746002607471989 -0.7381832348406534 0
outer loop
vertex -6.194864273071289 -45.55165481567383 1.7000000476837158
vertex -5.987320899963379 -45.7413215637207 0
vertex -5.987320899963379 -45.7413215637207 1.7000000476837158
endloop
endfacet
facet normal 0.9807852845629332 -0.19509030110388895 0
outer loop
vertex -6.782817840576172 -44.52519226074219 0
vertex -6.782817840576172 -44.52519226074219 1.7000000476837158
vertex -6.817071914672852 -44.6973991394043 0
endloop
endfacet
facet normal -0.19509971138541468 -0.9807834126948354 0
outer loop
vertex -6.194864273071289 -44.281654357910156 0
vertex -6.194864273071289 -44.281654357910156 1.7000000476837158
vertex -6.367072105407715 -44.247398376464844 0
endloop
endfacet
facet normal 0.5555622638012966 0.8314749371087372 0
outer loop
vertex -6.539279460906982 -45.11314392089844 1.7000000476837158
vertex -6.539279460906982 -45.11314392089844 0
vertex -6.685269832611084 -45.01559829711914 1.7000000476837158
endloop
endfacet
facet normal 0.8314720174542991 0.5555666334387602 0
outer loop
vertex -6.685269832611084 -45.01559829711914 1.7000000476837158
vertex -6.685269832611084 -45.01559829711914 0
vertex -6.782817840576172 -44.869606018066406 1.7000000476837158
endloop
endfacet
facet normal 0.19510023104767313 0.9807833093222704 0
outer loop
vertex -6.367072105407715 -45.14739990234375 1.7000000476837158
vertex -6.367072105407715 -45.14739990234375 0
vertex -6.539279460906982 -45.11314392089844 1.7000000476837158
endloop
endfacet
facet normal -0.19509971138541468 0.9807834126948354 0
outer loop
vertex -6.194864273071289 -45.11314392089844 1.7000000476837158
vertex -6.194864273071289 -45.11314392089844 0
vertex -6.367072105407715 -45.14739990234375 1.7000000476837158
endloop
endfacet
facet normal 0.5555772839934787 -0.8314649009491799 0
outer loop
vertex -6.685269832611084 -44.37920379638672 1.7000000476837158
vertex -6.685269832611084 -44.37920379638672 0
vertex -6.539279460906982 -44.281654357910156 1.7000000476837158
endloop
endfacet
facet normal -0.5555622638012966 0.8314749371087372 0
outer loop
vertex -6.0488739013671875 -45.01559829711914 1.7000000476837158
vertex -6.0488739013671875 -45.01559829711914 0
vertex -6.194864273071289 -45.11314392089844 1.7000000476837158
endloop
endfacet
facet normal -0.8314732719568675 0.5555647559208026 0
outer loop
vertex -5.951326370239258 -44.869606018066406 0
vertex -6.0488739013671875 -45.01559829711914 1.7000000476837158
vertex -5.951326370239258 -44.869606018066406 1.7000000476837158
endloop
endfacet
facet normal -0.9807838475691598 0.19509752522119542 0
outer loop
vertex -5.938169956207275 -44.803466796875 1.7000000476837158
vertex -5.951326370239258 -44.869606018066406 0
vertex -5.951326370239258 -44.869606018066406 1.7000000476837158
endloop
endfacet
facet normal -0.906365665781573 -0.4224941181748283 0
outer loop
vertex -6.0488739013671875 -44.37920379638672 1.7000000476837158
vertex -5.929370880126953 -44.63557052612305 0
vertex -5.929370880126953 -44.63557052612305 1.7000000476837158
endloop
endfacet
facet normal -0.5555772839934787 -0.8314649009491799 0
outer loop
vertex -6.194864273071289 -44.281654357910156 0
vertex -6.0488739013671875 -44.37920379638672 0
vertex -6.0488739013671875 -44.37920379638672 1.7000000476837158
endloop
endfacet
facet normal 0.19510023104767313 -0.9807833093222704 0
outer loop
vertex -6.539279460906982 -44.281654357910156 1.7000000476837158
vertex -6.539279460906982 -44.281654357910156 0
vertex -6.367072105407715 -44.247398376464844 1.7000000476837158
endloop
endfacet
facet normal -0.19509971138541468 -0.9807834126948354 0
outer loop
vertex -6.367072105407715 -44.247398376464844 1.7000000476837158
vertex -6.367072105407715 -44.247398376464844 0
vertex -6.194864273071289 -44.281654357910156 1.7000000476837158
endloop
endfacet
facet normal -0.906365665781573 -0.4224941181748283 0
outer loop
vertex -5.929370880126953 -44.63557052612305 0
vertex -6.0488739013671875 -44.37920379638672 1.7000000476837158
vertex -6.0488739013671875 -44.37920379638672 0
endloop
endfacet
facet normal -0.8314732719568675 0.5555647559208026 0
outer loop
vertex -5.951326370239258 -44.869606018066406 0
vertex -6.0488739013671875 -45.01559829711914 0
vertex -6.0488739013671875 -45.01559829711914 1.7000000476837158
endloop
endfacet
facet normal -0.5555622638012966 0.8314749371087372 0
outer loop
vertex -6.0488739013671875 -45.01559829711914 0
vertex -6.194864273071289 -45.11314392089844 0
vertex -6.194864273071289 -45.11314392089844 1.7000000476837158
endloop
endfacet
facet normal 0.8314653114796824 -0.5555766696019502 0
outer loop
vertex -6.685269832611084 -44.37920379638672 0
vertex -6.685269832611084 -44.37920379638672 1.7000000476837158
vertex -6.782817840576172 -44.52519226074219 0
endloop
endfacet
facet normal -0.5555772839934787 -0.8314649009491799 0
outer loop
vertex -6.194864273071289 -44.281654357910156 1.7000000476837158
vertex -6.194864273071289 -44.281654357910156 0
vertex -6.0488739013671875 -44.37920379638672 1.7000000476837158
endloop
endfacet
facet normal 0 0 -1
outer loop
vertex -6.782817840576172 -44.869606018066406 1.7000000476837158
vertex -6.782817840576172 -44.52519226074219 1.7000000476837158
vertex -6.685269832611084 -44.37920379638672 1.7000000476837158
endloop
endfacet
facet normal -0.19509971138541468 0.9807834126948354 0
outer loop
vertex -6.194864273071289 -45.11314392089844 0
vertex -6.367072105407715 -45.14739990234375 0
vertex -6.367072105407715 -45.14739990234375 1.7000000476837158
endloop
endfacet
facet normal 0 0 -1
outer loop
vertex -6.367072105407715 -44.247398376464844 1.7000000476837158
vertex -6.539279460906982 -45.11314392089844 1.7000000476837158
vertex -6.539279460906982 -44.281654357910156 1.7000000476837158
endloop
endfacet
facet normal 0 0 -1
outer loop
vertex -6.194864273071289 -44.281654357910156 1.7000000476837158
vertex -6.367072105407715 -45.14739990234375 1.7000000476837158
vertex -6.367072105407715 -44.247398376464844 1.7000000476837158
endloop
endfacet
facet normal 0 0 -1
outer loop
vertex -6.0488739013671875 -45.01559829711914 1.7000000476837158
vertex -6.194864273071289 -45.11314392089844 1.7000000476837158
vertex -6.0488739013671875 -44.37920379638672 1.7000000476837158
endloop
endfacet
facet normal 0 0 -1
outer loop
vertex -5.951326370239258 -44.869606018066406 1.7000000476837158
vertex -6.0488739013671875 -45.01559829711914 1.7000000476837158
vertex -6.0488739013671875 -44.37920379638672 1.7000000476837158
endloop
endfacet
facet normal 0.5555772839934787 -0.8314649009491799 0
outer loop
vertex -6.539279460906982 -44.281654357910156 0
vertex -6.539279460906982 -44.281654357910156 1.7000000476837158
vertex -6.685269832611084 -44.37920379638672 0
endloop
endfacet
facet normal 0 0 -1
outer loop
vertex -6.539279460906982 -45.11314392089844 1.7000000476837158
vertex -6.685269832611084 -45.01559829711914 1.7000000476837158
vertex -6.539279460906982 -44.281654357910156 1.7000000476837158
endloop
endfacet
facet normal 0.5555622638012966 0.8314749371087372 0
outer loop
vertex -6.685269832611084 -45.01559829711914 0
vertex -6.685269832611084 -45.01559829711914 1.7000000476837158
vertex -6.539279460906982 -45.11314392089844 0
endloop
endfacet
facet normal 0 0 -1
outer loop
vertex -6.782817840576172 -44.869606018066406 1.7000000476837158
vertex -6.817071914672852 -44.6973991394043 1.7000000476837158
vertex -6.782817840576172 -44.52519226074219 1.7000000476837158
endloop
endfacet
facet normal 0 0 -1
outer loop
vertex -6.685269832611084 -45.01559829711914 1.7000000476837158
vertex -6.782817840576172 -44.869606018066406 1.7000000476837158
vertex -6.685269832611084 -44.37920379638672 1.7000000476837158
endloop
endfacet
facet normal 0 0 -1
outer loop
vertex -6.194864273071289 -44.281654357910156 1.7000000476837158
vertex -6.0488739013671875 -44.37920379638672 1.7000000476837158
vertex -6.194864273071289 -45.11314392089844 1.7000000476837158
endloop
endfacet
facet normal 0 0 -1
outer loop
vertex -5.938169956207275 -44.803466796875 1.7000000476837158
vertex -6.0488739013671875 -44.37920379638672 1.7000000476837158
vertex -5.929370880126953 -44.63557052612305 1.7000000476837158
endloop
endfacet
facet normal 0.19510023104767313 0.9807833093222704 0
outer loop
vertex -6.367072105407715 -45.14739990234375 0
vertex -6.539279460906982 -45.11314392089844 0
vertex -6.539279460906982 -45.11314392089844 1.7000000476837158
endloop
endfacet
facet normal 0 0 -1
outer loop
vertex -6.194864273071289 -45.11314392089844 1.7000000476837158
vertex -6.367072105407715 -45.14739990234375 1.7000000476837158
vertex -6.194864273071289 -44.281654357910156 1.7000000476837158
endloop
endfacet
facet normal 0 0 -1
outer loop
vertex -6.0488739013671875 -44.37920379638672 1.7000000476837158
vertex -5.938169956207275 -44.803466796875 1.7000000476837158
vertex -5.951326370239258 -44.869606018066406 1.7000000476837158
endloop
endfacet
facet normal 0 0 -1
outer loop
vertex -6.367072105407715 -45.14739990234375 1.7000000476837158
vertex -6.539279460906982 -45.11314392089844 1.7000000476837158
vertex -6.367072105407715 -44.247398376464844 1.7000000476837158
endloop
endfacet
facet normal 0.19510023104767313 -0.9807833093222704 0
outer loop
vertex -6.367072105407715 -44.247398376464844 0
vertex -6.367072105407715 -44.247398376464844 1.7000000476837158
vertex -6.539279460906982 -44.281654357910156 0
endloop
endfacet
facet normal 0.8314653114796824 -0.5555766696019502 0
outer loop
vertex -6.782817840576172 -44.52519226074219 1.7000000476837158
vertex -6.782817840576172 -44.52519226074219 0
vertex -6.685269832611084 -44.37920379638672 1.7000000476837158
endloop
endfacet
facet normal 0.9807852845629332 -0.19509030110388895 0
outer loop
vertex -6.817071914672852 -44.6973991394043 1.7000000476837158
vertex -6.817071914672852 -44.6973991394043 0
vertex -6.782817840576172 -44.52519226074219 1.7000000476837158
endloop
endfacet
facet normal 0.9807852845629332 0.19509030110388895 0
outer loop
vertex -6.782817840576172 -44.869606018066406 1.7000000476837158
vertex -6.782817840576172 -44.869606018066406 0
vertex -6.817071914672852 -44.6973991394043 1.7000000476837158
endloop
endfacet
facet normal 0.8314720174542991 0.5555666334387602 0
outer loop
vertex -6.685269832611084 -45.01559829711914 0
vertex -6.782817840576172 -44.869606018066406 0
vertex -6.782817840576172 -44.869606018066406 1.7000000476837158
endloop
endfacet
facet normal 0.9807852845629332 0.19509030110388895 0
outer loop
vertex -6.817071914672852 -44.6973991394043 0
vertex -6.817071914672852 -44.6973991394043 1.7000000476837158
vertex -6.782817840576172 -44.869606018066406 0
endloop
endfacet
facet normal 0 0 -1
outer loop
vertex -6.539279460906982 -44.281654357910156 1.7000000476837158
vertex -6.685269832611084 -45.01559829711914 1.7000000476837158
vertex -6.685269832611084 -44.37920379638672 1.7000000476837158
endloop
endfacet
facet normal 0 0 -1
outer loop
vertex -6.685269832611084 -43.10920333862305 1.7000000476837158
vertex -6.782817840576172 -43.599609375 1.7000000476837158
vertex -6.782817840576172 -43.255191802978516 1.7000000476837158
endloop
endfacet
facet normal 0.5555772839934787 0.8314649009491799 0
outer loop
vertex -6.685269832611084 -43.74559783935547 0
vertex -6.685269832611084 -43.74559783935547 1.7000000476837158
vertex -6.539279460906982 -43.84314727783203 0
endloop
endfacet
facet normal 0.5555832255168957 -0.8314609308465685 0
outer loop
vertex -6.685269832611084 -43.10920333862305 1.7000000476837158
vertex -6.545441627502441 -43.015769958496094 0
vertex -6.545441627502441 -43.015769958496094 1.7000000476837158
endloop
endfacet
facet normal 0.8314653114796824 -0.5555766696019502 0
outer loop
vertex -6.782817840576172 -43.255191802978516 1.7000000476837158
vertex -6.782817840576172 -43.255191802978516 0
vertex -6.685269832611084 -43.10920333862305 1.7000000476837158
endloop
endfacet
facet normal 0.5555772839934787 0.8314649009491799 0
outer loop
vertex -6.539279460906982 -43.84314727783203 1.7000000476837158
vertex -6.539279460906982 -43.84314727783203 0
vertex -6.685269832611084 -43.74559783935547 1.7000000476837158
endloop
endfacet
facet normal 0.8314653114796824 0.5555766696019502 0
outer loop
vertex -6.685269832611084 -43.74559783935547 1.7000000476837158
vertex -6.685269832611084 -43.74559783935547 0
vertex -6.782817840576172 -43.599609375 1.7000000476837158
endloop
endfacet
facet normal -0.32702147510052415 0.9450169071625529 0
outer loop
vertex -6.367072105407715 -43.87739944458008 0
vertex -6.367072105407715 -43.87739944458008 1.7000000476837158
vertex -6.116208076477051 -43.79058837890625 1.7000000476837158
endloop
endfacet
facet normal 0.19507933181498546 0.9807874664261461 0
outer loop
vertex -6.367072105407715 -43.87739944458008 1.7000000476837158
vertex -6.367072105407715 -43.87739944458008 0
vertex -6.539279460906982 -43.84314727783203 1.7000000476837158
endloop
endfacet
facet normal 0 0 -1
outer loop
vertex -6.782817840576172 -43.599609375 1.7000000476837158
vertex -6.817071914672852 -43.427398681640625 1.7000000476837158
vertex -6.782817840576172 -43.255191802978516 1.7000000476837158
endloop
endfacet
facet normal 0 0 -1
outer loop
vertex -6.545441627502441 -43.015769958496094 1.7000000476837158
vertex -6.685269832611084 -43.74559783935547 1.7000000476837158
vertex -6.685269832611084 -43.10920333862305 1.7000000476837158
endloop
endfacet
facet normal 0.19507933181498546 0.9807874664261461 0
outer loop
vertex -6.367072105407715 -43.87739944458008 0
vertex -6.539279460906982 -43.84314727783203 0
vertex -6.539279460906982 -43.84314727783203 1.7000000476837158
endloop
endfacet
facet normal 0.9807852845629332 -0.19509030110388895 0
outer loop
vertex -6.817071914672852 -43.427398681640625 1.7000000476837158
vertex -6.817071914672852 -43.427398681640625 0
vertex -6.782817840576172 -43.255191802978516 1.7000000476837158
endloop
endfacet
facet normal 0.9807861114401027 0.19508614406513386 0
outer loop
vertex -6.782817840576172 -43.599609375 1.7000000476837158
vertex -6.782817840576172 -43.599609375 0
vertex -6.817071914672852 -43.427398681640625 1.7000000476837158
endloop
endfacet
facet normal 0.5555832255168957 -0.8314609308465685 0
outer loop
vertex -6.685269832611084 -43.10920333862305 1.7000000476837158
vertex -6.685269832611084 -43.10920333862305 0
vertex -6.545441627502441 -43.015769958496094 0
endloop
endfacet
facet normal 0.8314653114796824 -0.5555766696019502 0
outer loop
vertex -6.685269832611084 -43.10920333862305 0
vertex -6.685269832611084 -43.10920333862305 1.7000000476837158
vertex -6.782817840576172 -43.255191802978516 0
endloop
endfacet
facet normal 0.9807861114401027 0.19508614406513386 0
outer loop
vertex -6.817071914672852 -43.427398681640625 0
vertex -6.817071914672852 -43.427398681640625 1.7000000476837158
vertex -6.782817840576172 -43.599609375 0
endloop
endfacet
facet normal 0.8314653114796824 0.5555766696019502 0
outer loop
vertex -6.685269832611084 -43.74559783935547 0
vertex -6.782817840576172 -43.599609375 0
vertex -6.782817840576172 -43.599609375 1.7000000476837158
endloop
endfacet
facet normal 0 0 -1
outer loop
vertex -6.685269832611084 -43.74559783935547 1.7000000476837158
vertex -6.782817840576172 -43.599609375 1.7000000476837158
vertex -6.685269832611084 -43.10920333862305 1.7000000476837158
endloop
endfacet
facet normal 0 0 -1
outer loop
vertex -6.367072105407715 -43.87739944458008 1.7000000476837158
vertex -6.539279460906982 -43.84314727783203 1.7000000476837158
vertex -6.545441627502441 -43.015769958496094 1.7000000476837158
endloop
endfacet
facet normal 0 0 -1
outer loop
vertex -6.545441627502441 -43.015769958496094 1.7000000476837158
vertex -6.539279460906982 -43.84314727783203 1.7000000476837158
vertex -6.685269832611084 -43.74559783935547 1.7000000476837158
endloop
endfacet
facet normal -0.32702147510052415 0.9450169071625529 0
outer loop
vertex -6.116208076477051 -43.79058837890625 0
vertex -6.367072105407715 -43.87739944458008 0
vertex -6.116208076477051 -43.79058837890625 1.7000000476837158
endloop
endfacet
facet normal 0.9807852845629332 -0.19509030110388895 0
outer loop
vertex -6.782817840576172 -43.255191802978516 0
vertex -6.782817840576172 -43.255191802978516 1.7000000476837158
vertex -6.817071914672852 -43.427398681640625 0
endloop
endfacet
facet normal 0 0 -1
outer loop
vertex -6.116208076477051 -43.79058837890625 1.7000000476837158
vertex -6.367072105407715 -43.87739944458008 1.7000000476837158
vertex -6.545441627502441 -43.015769958496094 1.7000000476837158
endloop
endfacet
facet normal 0.46794760640495714 -0.8837562094038555 0
outer loop
vertex -6.685269832611084 -41.839202880859375 1.7000000476837158
vertex -6.478029251098633 -41.729469299316406 0
vertex -6.478029251098633 -41.729469299316406 1.7000000476837158
endloop
endfacet
facet normal 0 0 -1
outer loop
vertex -6.478029251098633 -41.729469299316406 1.7000000476837158
vertex -6.539279460906982 -42.57314682006836 1.7000000476837158
vertex -6.685269832611084 -41.839202880859375 1.7000000476837158
endloop
endfacet
facet normal 0.5555731242511239 0.8314586755690849 0.0038696809621285933
outer loop
vertex -6.539279460906982 -42.57314682006836 1.7000000476837158
vertex -6.522420406341553 -42.576499938964844 0
vertex -6.685269832611084 -42.4755973815918 1.7000000476837158
endloop
endfacet
facet normal 0.9807852845629332 -0.19509030110388895 0
outer loop
vertex -6.817071914672852 -42.15739822387695 1.7000000476837158
vertex -6.817071914672852 -42.15739822387695 0
vertex -6.782817840576172 -41.985191345214844 1.7000000476837158
endloop
endfacet
facet normal 0.9807861114401027 0.19508614406513386 0
outer loop
vertex -6.817071914672852 -42.15739822387695 0
vertex -6.817071914672852 -42.15739822387695 1.7000000476837158
vertex -6.782817840576172 -42.32960891723633 0
endloop
endfacet
facet normal 0.9807852845629332 -0.19509030110388895 0
outer loop
vertex -6.782817840576172 -41.985191345214844 0
vertex -6.782817840576172 -41.985191345214844 1.7000000476837158
vertex -6.817071914672852 -42.15739822387695 0
endloop
endfacet
facet normal 0.8314653114796824 0.5555766696019502 0
outer loop
vertex -6.685269832611084 -42.4755973815918 1.7000000476837158
vertex -6.685269832611084 -42.4755973815918 0
vertex -6.782817840576172 -42.32960891723633 1.7000000476837158
endloop
endfacet
facet normal 0.8314653114796824 0.5555766696019502 0
outer loop
vertex -6.685269832611084 -42.4755973815918 0
vertex -6.782817840576172 -42.32960891723633 0
vertex -6.782817840576172 -42.32960891723633 1.7000000476837158
endloop
endfacet
facet normal 0.5266980084296017 0.8500524736251822 0
outer loop
vertex -6.522420406341553 -42.576499938964844 0
vertex -6.685269832611084 -42.4755973815918 0
vertex -6.685269832611084 -42.4755973815918 1.7000000476837158
endloop
endfacet
facet normal 0.8314653114796824 -0.5555766696019502 0
outer loop
vertex -6.685269832611084 -41.839202880859375 0
vertex -6.685269832611084 -41.839202880859375 1.7000000476837158
vertex -6.782817840576172 -41.985191345214844 0
endloop
endfacet
facet normal 0.46794760640495714 -0.8837562094038555 0
outer loop
vertex -6.478029251098633 -41.729469299316406 0
vertex -6.685269832611084 -41.839202880859375 1.7000000476837158
vertex -6.685269832611084 -41.839202880859375 0
endloop
endfacet
facet normal 0.8314653114796824 -0.5555766696019502 0
outer loop
vertex -6.782817840576172 -41.985191345214844 1.7000000476837158
vertex -6.782817840576172 -41.985191345214844 0
vertex -6.685269832611084 -41.839202880859375 1.7000000476837158
endloop
endfacet
facet normal 0.9807861114401027 0.19508614406513386 0
outer loop
vertex -6.782817840576172 -42.32960891723633 1.7000000476837158
vertex -6.782817840576172 -42.32960891723633 0
vertex -6.817071914672852 -42.15739822387695 1.7000000476837158
endloop
endfacet
facet normal 0 0 -1
outer loop
vertex -6.782817840576172 -42.32960891723633 1.7000000476837158
vertex -6.817071914672852 -42.15739822387695 1.7000000476837158
vertex -6.782817840576172 -41.985191345214844 1.7000000476837158
endloop
endfacet
facet normal 0 0 -1
outer loop
vertex -6.782817840576172 -42.32960891723633 1.7000000476837158
vertex -6.782817840576172 -41.985191345214844 1.7000000476837158
vertex -6.685269832611084 -41.839202880859375 1.7000000476837158
endloop
endfacet
facet normal 0 0 -1
outer loop
vertex -6.539279460906982 -42.57314682006836 1.7000000476837158
vertex -6.685269832611084 -42.4755973815918 1.7000000476837158
vertex -6.685269832611084 -41.839202880859375 1.7000000476837158
endloop
endfacet
facet normal 0 0 -1
outer loop
vertex -6.685269832611084 -42.4755973815918 1.7000000476837158
vertex -6.782817840576172 -42.32960891723633 1.7000000476837158
vertex -6.685269832611084 -41.839202880859375 1.7000000476837158
endloop
endfacet
facet normal 0.19509214328249794 -0.9807849181290673 0
outer loop
vertex -6.539279460906982 -40.47165298461914 1.7000000476837158
vertex -6.410770416259766 -40.44609069824219 0
vertex -6.410770416259766 -40.44609069824219 1.7000000476837158
endloop
endfacet
facet normal 0 0 -1
outer loop
vertex -6.456549167633057 -41.319602966308594 1.7000000476837158
vertex -6.539279460906982 -41.30314636230469 1.7000000476837158
vertex -6.410770416259766 -40.44609069824219 1.7000000476837158
endloop
endfacet
facet normal 0 0 -1
outer loop
vertex -6.685269832611084 -41.205596923828125 1.7000000476837158
vertex -6.782817840576172 -41.059608459472656 1.7000000476837158
vertex -6.685269832611084 -40.5692024230957 1.7000000476837158
endloop
endfacet
facet normal 0 0 -1
outer loop
vertex -6.539279460906982 -41.30314636230469 1.7000000476837158
vertex -6.685269832611084 -41.205596923828125 1.7000000476837158
vertex -6.539279460906982 -40.47165298461914 1.7000000476837158
endloop
endfacet
facet normal 0 0 -1
outer loop
vertex -6.539279460906982 -40.47165298461914 1.7000000476837158
vertex -6.685269832611084 -41.205596923828125 1.7000000476837158
vertex -6.685269832611084 -40.5692024230957 1.7000000476837158
endloop
endfacet
facet normal 0 0 -1
outer loop
vertex -6.410770416259766 -40.44609069824219 1.7000000476837158
vertex -6.539279460906982 -41.30314636230469 1.7000000476837158
vertex -6.539279460906982 -40.47165298461914 1.7000000476837158
endloop
endfacet
facet normal 0.19509214328249794 -0.9807849181290673 0
outer loop
vertex -6.539279460906982 -40.47165298461914 1.7000000476837158
vertex -6.539279460906982 -40.47165298461914 0
vertex -6.410770416259766 -40.44609069824219 0
endloop
endfacet
facet normal 0 0 -1
outer loop
vertex -6.782817840576172 -41.059608459472656 1.7000000476837158
vertex -6.782817840576172 -40.71519088745117 1.7000000476837158
vertex -6.685269832611084 -40.5692024230957 1.7000000476837158
endloop
endfacet
facet normal 0 0 -1
outer loop
vertex -6.782817840576172 -41.059608459472656 1.7000000476837158
vertex -6.817071914672852 -40.88740158081055 1.7000000476837158
vertex -6.782817840576172 -40.71519088745117 1.7000000476837158
endloop
endfacet
facet normal 0.5555772839934787 -0.8314649009491799 0
outer loop
vertex -6.539279460906982 -40.47165298461914 0
vertex -6.539279460906982 -40.47165298461914 1.7000000476837158
vertex -6.685269832611084 -40.5692024230957 0
endloop
endfacet
facet normal 0.8314653114796824 -0.5555766696019502 0
outer loop
vertex -6.685269832611084 -40.5692024230957 0
vertex -6.685269832611084 -40.5692024230957 1.7000000476837158
vertex -6.782817840576172 -40.71519088745117 0
endloop
endfacet
facet normal 0.19509631497633886 0.9807840883102933 0
outer loop
vertex -6.456549167633057 -41.319602966308594 1.7000000476837158
vertex -6.456549167633057 -41.319602966308594 0
vertex -6.539279460906982 -41.30314636230469 0
endloop
endfacet
facet normal 0.5555772839934787 0.8314649009491799 0
outer loop
vertex -6.539279460906982 -41.30314636230469 0
vertex -6.685269832611084 -41.205596923828125 0
vertex -6.685269832611084 -41.205596923828125 1.7000000476837158
endloop
endfacet
facet normal 0.9807861114401027 -0.19508614406513386 0
outer loop
vertex -6.782817840576172 -40.71519088745117 0
vertex -6.782817840576172 -40.71519088745117 1.7000000476837158
vertex -6.817071914672852 -40.88740158081055 0
endloop
endfacet
facet normal 0.9807861114401027 -0.19508614406513386 0
outer loop
vertex -6.817071914672852 -40.88740158081055 1.7000000476837158
vertex -6.817071914672852 -40.88740158081055 0
vertex -6.782817840576172 -40.71519088745117 1.7000000476837158
endloop
endfacet
facet normal 0.8314653114796824 -0.5555766696019502 0
outer loop
vertex -6.782817840576172 -40.71519088745117 1.7000000476837158
vertex -6.782817840576172 -40.71519088745117 0
vertex -6.685269832611084 -40.5692024230957 1.7000000476837158
endloop
endfacet
facet normal 0.9807852845629332 0.19509030110388895 0
outer loop
vertex -6.817071914672852 -40.88740158081055 0
vertex -6.817071914672852 -40.88740158081055 1.7000000476837158
vertex -6.782817840576172 -41.059608459472656 0
endloop
endfacet
facet normal 0.8314653114796824 0.5555766696019502 0
outer loop
vertex -6.685269832611084 -41.205596923828125 0
vertex -6.782817840576172 -41.059608459472656 0
vertex -6.782817840576172 -41.059608459472656 1.7000000476837158
endloop
endfacet
facet normal 0.9807852845629332 0.19509030110388895 0
outer loop
vertex -6.782817840576172 -41.059608459472656 1.7000000476837158
vertex -6.782817840576172 -41.059608459472656 0
vertex -6.817071914672852 -40.88740158081055 1.7000000476837158
endloop
endfacet
facet normal 0.8314653114796824 0.5555766696019502 0
outer loop
vertex -6.685269832611084 -41.205596923828125 1.7000000476837158
vertex -6.685269832611084 -41.205596923828125 0
vertex -6.782817840576172 -41.059608459472656 1.7000000476837158
endloop
endfacet
facet normal 0.19509631497633886 0.9807840883102933 0
outer loop
vertex -6.456549167633057 -41.319602966308594 1.7000000476837158
vertex -6.539279460906982 -41.30314636230469 0
vertex -6.539279460906982 -41.30314636230469 1.7000000476837158
endloop
endfacet
facet normal 0.5555772839934787 0.8314649009491799 0
outer loop
vertex -6.539279460906982 -41.30314636230469 1.7000000476837158
vertex -6.539279460906982 -41.30314636230469 0
vertex -6.685269832611084 -41.205596923828125 1.7000000476837158
endloop
endfacet
facet normal 0.5555772839934787 -0.8314649009491799 0
outer loop
vertex -6.685269832611084 -40.5692024230957 1.7000000476837158
vertex -6.685269832611084 -40.5692024230957 0
vertex -6.539279460906982 -40.47165298461914 1.7000000476837158
endloop
endfacet
facet normal 0.9807861114401027 -0.19508614406513386 0
outer loop
vertex -23.817033767700195 -40.88740158081055 1.7000000476837158
vertex -23.817033767700195 -40.88740158081055 0
vertex -23.782779693603516 -40.71519088745117 1.7000000476837158
endloop
endfacet
facet normal 0.8314665660174577 -0.5555747920803612 0
outer loop
vertex -23.685232162475586 -40.5692024230957 0
vertex -23.685232162475586 -40.5692024230957 1.7000000476837158
vertex -23.782779693603516 -40.71519088745117 0
endloop
endfacet
facet normal 0.5555772839934787 0.8314649009491799 0
outer loop
vertex -23.539241790771484 -41.30314636230469 1.7000000476837158
vertex -23.539241790771484 -41.30314636230469 0
vertex -23.685232162475586 -41.205596923828125 1.7000000476837158
endloop
endfacet
facet normal 0.8314665660174577 0.5555747920803612 0
outer loop
vertex -23.685232162475586 -41.205596923828125 1.7000000476837158
vertex -23.685232162475586 -41.205596923828125 0
vertex -23.782779693603516 -41.059608459472656 1.7000000476837158
endloop
endfacet
facet normal 0.9807852845629332 0.19509030110388895 0
outer loop
vertex -23.782779693603516 -41.059608459472656 1.7000000476837158
vertex -23.782779693603516 -41.059608459472656 0
vertex -23.817033767700195 -40.88740158081055 1.7000000476837158
endloop
endfacet
facet normal -0.9807852845629332 0.19509030110388895 0
outer loop
vertex -22.9512882232666 -41.059608459472656 0
vertex -22.9512882232666 -41.059608459472656 1.7000000476837158
vertex -22.917034149169922 -40.88740158081055 0
endloop
endfacet
facet normal -0.1950798514286955 -0.9807873630744628 0
outer loop
vertex -23.194826126098633 -40.47165298461914 0
vertex -23.194826126098633 -40.47165298461914 1.7000000476837158
vertex -23.367033004760742 -40.437400817871094 0
endloop
endfacet
facet normal -0.5555772839934787 -0.8314649009491799 0
outer loop
vertex -23.04883575439453 -40.5692024230957 0
vertex -23.04883575439453 -40.5692024230957 1.7000000476837158
vertex -23.194826126098633 -40.47165298461914 0
endloop
endfacet
facet normal 0.8314665660174577 -0.5555747920803612 0
outer loop
vertex -23.782779693603516 -40.71519088745117 1.7000000476837158
vertex -23.782779693603516 -40.71519088745117 0
vertex -23.685232162475586 -40.5692024230957 1.7000000476837158
endloop
endfacet
facet normal -0.9807861114401027 -0.19508614406513386 0
outer loop
vertex -22.9512882232666 -40.71519088745117 0
vertex -22.917034149169922 -40.88740158081055 0
vertex -22.917034149169922 -40.88740158081055 1.7000000476837158
endloop
endfacet
facet normal -0.8314665660174577 -0.5555747920803612 0
outer loop
vertex -22.9512882232666 -40.71519088745117 0
vertex -22.9512882232666 -40.71519088745117 1.7000000476837158
vertex -23.04883575439453 -40.5692024230957 0
endloop
endfacet
facet normal 0.19507777299013523 0.9807877764762413 0
outer loop
vertex -23.367033004760742 -41.337398529052734 1.7000000476837158
vertex -23.367033004760742 -41.337398529052734 0
vertex -23.539241790771484 -41.30314636230469 1.7000000476837158
endloop
endfacet
facet normal 0.19507777299013523 -0.9807877764762413 0
outer loop
vertex -23.539241790771484 -40.47165298461914 1.7000000476837158
vertex -23.539241790771484 -40.47165298461914 0
vertex -23.367033004760742 -40.437400817871094 1.7000000476837158
endloop
endfacet
facet normal -0.1950798514286955 -0.9807873630744628 0
outer loop
vertex -23.367033004760742 -40.437400817871094 1.7000000476837158
vertex -23.367033004760742 -40.437400817871094 0
vertex -23.194826126098633 -40.47165298461914 1.7000000476837158
endloop
endfacet
facet normal -0.1950798514286955 0.9807873630744628 0
outer loop
vertex -23.194826126098633 -41.30314636230469 1.7000000476837158
vertex -23.194826126098633 -41.30314636230469 0
vertex -23.367033004760742 -41.337398529052734 1.7000000476837158
endloop
endfacet
facet normal -0.5555772839934787 0.8314649009491799 0
outer loop
vertex -23.04883575439453 -41.205596923828125 1.7000000476837158
vertex -23.04883575439453 -41.205596923828125 0
vertex -23.194826126098633 -41.30314636230469 1.7000000476837158
endloop
endfacet
facet normal -0.8314665660174577 0.5555747920803612 0
outer loop
vertex -22.9512882232666 -41.059608459472656 1.7000000476837158
vertex -22.9512882232666 -41.059608459472656 0
vertex -23.04883575439453 -41.205596923828125 1.7000000476837158
endloop
endfacet
facet normal -0.9807852845629332 0.19509030110388895 0
outer loop
vertex -22.917034149169922 -40.88740158081055 1.7000000476837158
vertex -22.917034149169922 -40.88740158081055 0
vertex -22.9512882232666 -41.059608459472656 1.7000000476837158
endloop
endfacet
facet normal 0 0 -1
outer loop
vertex -23.782779693603516 -41.059608459472656 1.7000000476837158
vertex -23.817033767700195 -40.88740158081055 1.7000000476837158
vertex -23.782779693603516 -40.71519088745117 1.7000000476837158
endloop
endfacet
facet normal 0 0 -1
outer loop
vertex -23.685232162475586 -41.205596923828125 1.7000000476837158
vertex -23.782779693603516 -41.059608459472656 1.7000000476837158
vertex -23.685232162475586 -40.5692024230957 1.7000000476837158
endloop
endfacet
facet normal 0 0 -1
outer loop
vertex -23.539241790771484 -41.30314636230469 1.7000000476837158
vertex -23.685232162475586 -41.205596923828125 1.7000000476837158
vertex -23.539241790771484 -40.47165298461914 1.7000000476837158
endloop
endfacet
facet normal 0 0 -1
outer loop
vertex -23.367033004760742 -41.337398529052734 1.7000000476837158
vertex -23.539241790771484 -41.30314636230469 1.7000000476837158
vertex -23.367033004760742 -40.437400817871094 1.7000000476837158
endloop
endfacet
facet normal 0 0 -1
outer loop
vertex -23.685232162475586 -40.5692024230957 1.7000000476837158
vertex -23.782779693603516 -41.059608459472656 1.7000000476837158
vertex -23.782779693603516 -40.71519088745117 1.7000000476837158
endloop
endfacet
facet normal 0 0 -1
outer loop
vertex -23.539241790771484 -40.47165298461914 1.7000000476837158
vertex -23.685232162475586 -41.205596923828125 1.7000000476837158
vertex -23.685232162475586 -40.5692024230957 1.7000000476837158
endloop
endfacet
facet normal 0 0 -1
outer loop
vertex -23.367033004760742 -40.437400817871094 1.7000000476837158
vertex -23.539241790771484 -41.30314636230469 1.7000000476837158
vertex -23.539241790771484 -40.47165298461914 1.7000000476837158
endloop
endfacet
facet normal 0 0 -1
outer loop
vertex -23.367033004760742 -41.337398529052734 1.7000000476837158
vertex -23.367033004760742 -40.437400817871094 1.7000000476837158
vertex -23.194826126098633 -40.47165298461914 1.7000000476837158
endloop
endfacet
facet normal 0.5555772839934787 -0.8314649009491799 0
outer loop
vertex -23.685232162475586 -40.5692024230957 1.7000000476837158
vertex -23.685232162475586 -40.5692024230957 0
vertex -23.539241790771484 -40.47165298461914 1.7000000476837158
endloop
endfacet
facet normal -0.5555772839934787 -0.8314649009491799 0
outer loop
vertex -23.194826126098633 -40.47165298461914 1.7000000476837158
vertex -23.194826126098633 -40.47165298461914 0
vertex -23.04883575439453 -40.5692024230957 1.7000000476837158
endloop
endfacet
facet normal -0.8314665660174577 -0.5555747920803612 0
outer loop
vertex -23.04883575439453 -40.5692024230957 1.7000000476837158
vertex -23.04883575439453 -40.5692024230957 0
vertex -22.9512882232666 -40.71519088745117 1.7000000476837158
endloop
endfacet
facet normal -0.9807861114401027 -0.19508614406513386 0
outer loop
vertex -22.9512882232666 -40.71519088745117 1.7000000476837158
vertex -22.9512882232666 -40.71519088745117 0
vertex -22.917034149169922 -40.88740158081055 1.7000000476837158
endloop
endfacet
facet normal 0.5555772839934787 0.8314649009491799 0
outer loop
vertex -23.539241790771484 -41.30314636230469 0
vertex -23.685232162475586 -41.205596923828125 0
vertex -23.685232162475586 -41.205596923828125 1.7000000476837158
endloop
endfacet
facet normal 0.8314665660174577 0.5555747920803612 0
outer loop
vertex -23.782779693603516 -41.059608459472656 0
vertex -23.782779693603516 -41.059608459472656 1.7000000476837158
vertex -23.685232162475586 -41.205596923828125 0
endloop
endfacet
facet normal 0.9807852845629332 0.19509030110388895 0
outer loop
vertex -23.817033767700195 -40.88740158081055 0
vertex -23.817033767700195 -40.88740158081055 1.7000000476837158
vertex -23.782779693603516 -41.059608459472656 0
endloop
endfacet
facet normal 0.19507777299013523 0.9807877764762413 0
outer loop
vertex -23.539241790771484 -41.30314636230469 0
vertex -23.539241790771484 -41.30314636230469 1.7000000476837158
vertex -23.367033004760742 -41.337398529052734 0
endloop
endfacet
facet normal -0.1950798514286955 0.9807873630744628 0
outer loop
vertex -23.367033004760742 -41.337398529052734 0
vertex -23.367033004760742 -41.337398529052734 1.7000000476837158
vertex -23.194826126098633 -41.30314636230469 0
endloop
endfacet
facet normal 0 0 -1
outer loop
vertex -23.194826126098633 -41.30314636230469 1.7000000476837158
vertex -23.367033004760742 -41.337398529052734 1.7000000476837158
vertex -23.194826126098633 -40.47165298461914 1.7000000476837158
endloop
endfacet
facet normal 0 0 -1
outer loop
vertex -23.04883575439453 -41.205596923828125 1.7000000476837158
vertex -23.194826126098633 -41.30314636230469 1.7000000476837158
vertex -23.04883575439453 -40.5692024230957 1.7000000476837158
endloop
endfacet
facet normal 0 0 -1
outer loop
vertex -22.9512882232666 -41.059608459472656 1.7000000476837158
vertex -23.04883575439453 -41.205596923828125 1.7000000476837158
vertex -22.9512882232666 -40.71519088745117 1.7000000476837158
endloop
endfacet
facet normal 0 0 -1
outer loop
vertex -22.917034149169922 -40.88740158081055 1.7000000476837158
vertex -22.9512882232666 -41.059608459472656 1.7000000476837158
vertex -22.9512882232666 -40.71519088745117 1.7000000476837158
endloop
endfacet
facet normal 0 0 -1
outer loop
vertex -23.04883575439453 -40.5692024230957 1.7000000476837158
vertex -23.194826126098633 -41.30314636230469 1.7000000476837158
vertex -23.194826126098633 -40.47165298461914 1.7000000476837158
endloop
endfacet
facet normal 0 0 -1
outer loop
vertex -22.9512882232666 -40.71519088745117 1.7000000476837158
vertex -23.04883575439453 -41.205596923828125 1.7000000476837158
vertex -23.04883575439453 -40.5692024230957 1.7000000476837158
endloop
endfacet
facet normal -0.8314665660174577 0.5555747920803612 0
outer loop
vertex -23.04883575439453 -41.205596923828125 0
vertex -23.04883575439453 -41.205596923828125 1.7000000476837158
vertex -22.9512882232666 -41.059608459472656 0
endloop
endfacet
facet normal -0.5555772839934787 0.8314649009491799 0
outer loop
vertex -23.194826126098633 -41.30314636230469 0
vertex -23.194826126098633 -41.30314636230469 1.7000000476837158
vertex -23.04883575439453 -41.205596923828125 0
endloop
endfacet
facet normal 0.19507777299013523 -0.9807877764762413 0
outer loop
vertex -23.367033004760742 -40.437400817871094 0
vertex -23.367033004760742 -40.437400817871094 1.7000000476837158
vertex -23.539241790771484 -40.47165298461914 0
endloop
endfacet
facet normal 0.5555772839934787 -0.8314649009491799 0
outer loop
vertex -23.539241790771484 -40.47165298461914 0
vertex -23.539241790771484 -40.47165298461914 1.7000000476837158
vertex -23.685232162475586 -40.5692024230957 0
endloop
endfacet
facet normal 0.9807861114401027 -0.19508614406513386 0
outer loop
vertex -23.782779693603516 -40.71519088745117 0
vertex -23.782779693603516 -40.71519088745117 1.7000000476837158
vertex -23.817033767700195 -40.88740158081055 0
endloop
endfacet
facet normal 0 0 -1
outer loop
vertex -23.685232162475586 -41.839202880859375 1.7000000476837158
vertex -23.782779693603516 -42.32960891723633 1.7000000476837158
vertex -23.782779693603516 -41.985191345214844 1.7000000476837158
endloop
endfacet
facet normal 0.5555772839934787 0.8314649009491799 0
outer loop
vertex -23.539241790771484 -42.57314682006836 1.7000000476837158
vertex -23.539241790771484 -42.57314682006836 0
vertex -23.685232162475586 -42.4755973815918 1.7000000476837158
endloop
endfacet
facet normal -0.5555772839934787 0.8314649009491799 0
outer loop
vertex -23.194826126098633 -42.57314682006836 0
vertex -23.194826126098633 -42.57314682006836 1.7000000476837158
vertex -23.04883575439453 -42.4755973815918 0
endloop
endfacet
facet normal -0.8314665660174577 0.5555747920803612 0
outer loop
vertex -23.04883575439453 -42.4755973815918 0
vertex -23.04883575439453 -42.4755973815918 1.7000000476837158
vertex -22.9512882232666 -42.32960891723633 0
endloop
endfacet
facet normal 0 0 -1
outer loop
vertex -22.9512882232666 -42.32960891723633 1.7000000476837158
vertex -23.04883575439453 -42.4755973815918 1.7000000476837158
vertex -22.9512882232666 -41.985191345214844 1.7000000476837158
endloop
endfacet
facet normal 0 0 -1
outer loop
vertex -23.04883575439453 -41.839202880859375 1.7000000476837158
vertex -22.9512882232666 -41.985191345214844 1.7000000476837158
vertex -23.04883575439453 -42.4755973815918 1.7000000476837158
endloop
endfacet
facet normal 0.19507777299013523 -0.9807877764762413 0
outer loop
vertex -23.367033004760742 -41.707401275634766 0
vertex -23.367033004760742 -41.707401275634766 1.7000000476837158
vertex -23.539241790771484 -41.74165344238281 0
endloop
endfacet
facet normal 0.5555772839934787 -0.8314649009491799 0
outer loop
vertex -23.539241790771484 -41.74165344238281 0
vertex -23.539241790771484 -41.74165344238281 1.7000000476837158
vertex -23.685232162475586 -41.839202880859375 0
endloop
endfacet
facet normal 0.8314665660174577 -0.5555747920803612 0
outer loop
vertex -23.685232162475586 -41.839202880859375 0
vertex -23.685232162475586 -41.839202880859375 1.7000000476837158
vertex -23.782779693603516 -41.985191345214844 0
endloop
endfacet
facet normal 0.9807852845629332 -0.19509030110388895 0
outer loop
vertex -23.782779693603516 -41.985191345214844 0
vertex -23.782779693603516 -41.985191345214844 1.7000000476837158
vertex -23.817033767700195 -42.15739822387695 0
endloop
endfacet
facet normal 0.9807861114401027 0.19508614406513386 0
outer loop
vertex -23.817033767700195 -42.15739822387695 0
vertex -23.817033767700195 -42.15739822387695 1.7000000476837158
vertex -23.782779693603516 -42.32960891723633 0
endloop
endfacet
facet normal -0.1950798514286955 0.9807873630744628 0
outer loop
vertex -23.367033004760742 -42.607398986816406 0
vertex -23.367033004760742 -42.607398986816406 1.7000000476837158
vertex -23.194826126098633 -42.57314682006836 0
endloop
endfacet
facet normal 0.19507777299013523 0.9807877764762413 0
outer loop
vertex -23.539241790771484 -42.57314682006836 0
vertex -23.539241790771484 -42.57314682006836 1.7000000476837158
vertex -23.367033004760742 -42.607398986816406 0
endloop
endfacet
facet normal 0.5555772839934787 0.8314649009491799 0
outer loop
vertex -23.539241790771484 -42.57314682006836 0
vertex -23.685232162475586 -42.4755973815918 0
vertex -23.685232162475586 -42.4755973815918 1.7000000476837158
endloop
endfacet
facet normal 0.8314665660174577 0.5555747920803612 0
outer loop
vertex -23.782779693603516 -42.32960891723633 0
vertex -23.782779693603516 -42.32960891723633 1.7000000476837158
vertex -23.685232162475586 -42.4755973815918 0
endloop
endfacet
facet normal 0 0 -1
outer loop
vertex -23.04883575439453 -41.839202880859375 1.7000000476837158
vertex -23.194826126098633 -42.57314682006836 1.7000000476837158
vertex -23.194826126098633 -41.74165344238281 1.7000000476837158
endloop
endfacet
facet normal 0 0 -1
outer loop
vertex -23.04883575439453 -42.4755973815918 1.7000000476837158
vertex -23.194826126098633 -42.57314682006836 1.7000000476837158
vertex -23.04883575439453 -41.839202880859375 1.7000000476837158
endloop
endfacet
facet normal 0 0 -1
outer loop
vertex -23.194826126098633 -42.57314682006836 1.7000000476837158
vertex -23.367033004760742 -42.607398986816406 1.7000000476837158
vertex -23.194826126098633 -41.74165344238281 1.7000000476837158
endloop
endfacet
facet normal 0 0 -1
outer loop
vertex -23.367033004760742 -42.607398986816406 1.7000000476837158
vertex -23.367033004760742 -41.707401275634766 1.7000000476837158
vertex -23.194826126098633 -41.74165344238281 1.7000000476837158
endloop
endfacet
facet normal 0 0 -1
outer loop
vertex -23.367033004760742 -41.707401275634766 1.7000000476837158
vertex -23.539241790771484 -42.57314682006836 1.7000000476837158
vertex -23.539241790771484 -41.74165344238281 1.7000000476837158
endloop
endfacet
facet normal 0 0 -1
outer loop
vertex -23.367033004760742 -42.607398986816406 1.7000000476837158
vertex -23.539241790771484 -42.57314682006836 1.7000000476837158
vertex -23.367033004760742 -41.707401275634766 1.7000000476837158
endloop
endfacet
facet normal 0 0 -1
outer loop
vertex -23.539241790771484 -41.74165344238281 1.7000000476837158
vertex -23.685232162475586 -42.4755973815918 1.7000000476837158
vertex -23.685232162475586 -41.839202880859375 1.7000000476837158
endloop
endfacet
facet normal -0.5555772839934787 -0.8314649009491799 0
outer loop
vertex -23.194826126098633 -41.74165344238281 1.7000000476837158
vertex -23.194826126098633 -41.74165344238281 0
vertex -23.04883575439453 -41.839202880859375 1.7000000476837158
endloop
endfacet
facet normal -0.9807852845629332 -0.19509030110388895 0
outer loop
vertex -22.9512882232666 -41.985191345214844 1.7000000476837158
vertex -22.9512882232666 -41.985191345214844 0
vertex -22.917034149169922 -42.15739822387695 1.7000000476837158
endloop
endfacet
facet normal -0.9807861114401027 0.19508614406513386 0
outer loop
vertex -22.917034149169922 -42.15739822387695 1.7000000476837158
vertex -22.917034149169922 -42.15739822387695 0
vertex -22.9512882232666 -42.32960891723633 1.7000000476837158
endloop
endfacet
facet normal -0.8314665660174577 -0.5555747920803612 0
outer loop
vertex -23.04883575439453 -41.839202880859375 1.7000000476837158
vertex -23.04883575439453 -41.839202880859375 0
vertex -22.9512882232666 -41.985191345214844 1.7000000476837158
endloop
endfacet
facet normal -0.8314665660174577 0.5555747920803612 0
outer loop
vertex -22.9512882232666 -42.32960891723633 1.7000000476837158
vertex -22.9512882232666 -42.32960891723633 0
vertex -23.04883575439453 -42.4755973815918 1.7000000476837158
endloop
endfacet
facet normal -0.5555772839934787 -0.8314649009491799 0
outer loop
vertex -23.04883575439453 -41.839202880859375 0
vertex -23.04883575439453 -41.839202880859375 1.7000000476837158
vertex -23.194826126098633 -41.74165344238281 0
endloop
endfacet
facet normal -0.1950798514286955 -0.9807873630744628 0
outer loop
vertex -23.194826126098633 -41.74165344238281 0
vertex -23.194826126098633 -41.74165344238281 1.7000000476837158
vertex -23.367033004760742 -41.707401275634766 0
endloop
endfacet
facet normal -0.9807861114401027 0.19508614406513386 0
outer loop
vertex -22.9512882232666 -42.32960891723633 0
vertex -22.9512882232666 -42.32960891723633 1.7000000476837158
vertex -22.917034149169922 -42.15739822387695 0
endloop
endfacet
facet normal -0.9807852845629332 -0.19509030110388895 0
outer loop
vertex -22.917034149169922 -42.15739822387695 0
vertex -22.917034149169922 -42.15739822387695 1.7000000476837158
vertex -22.9512882232666 -41.985191345214844 0
endloop
endfacet
facet normal -0.8314665660174577 -0.5555747920803612 0
outer loop
vertex -22.9512882232666 -41.985191345214844 0
vertex -22.9512882232666 -41.985191345214844 1.7000000476837158
vertex -23.04883575439453 -41.839202880859375 0
endloop
endfacet
facet normal 0 0 -1
outer loop
vertex -23.782779693603516 -42.32960891723633 1.7000000476837158
vertex -23.817033767700195 -42.15739822387695 1.7000000476837158
vertex -23.782779693603516 -41.985191345214844 1.7000000476837158
endloop
endfacet
facet normal 0 0 -1
outer loop
vertex -23.539241790771484 -42.57314682006836 1.7000000476837158
vertex -23.685232162475586 -42.4755973815918 1.7000000476837158
vertex -23.539241790771484 -41.74165344238281 1.7000000476837158
endloop
endfacet
facet normal 0 0 -1
outer loop
vertex -23.685232162475586 -42.4755973815918 1.7000000476837158
vertex -23.782779693603516 -42.32960891723633 1.7000000476837158
vertex -23.685232162475586 -41.839202880859375 1.7000000476837158
endloop
endfacet
facet normal -0.1950798514286955 -0.9807873630744628 0
outer loop
vertex -23.367033004760742 -41.707401275634766 1.7000000476837158
vertex -23.367033004760742 -41.707401275634766 0
vertex -23.194826126098633 -41.74165344238281 1.7000000476837158
endloop
endfacet
facet normal -0.5555772839934787 0.8314649009491799 0
outer loop
vertex -23.04883575439453 -42.4755973815918 1.7000000476837158
vertex -23.04883575439453 -42.4755973815918 0
vertex -23.194826126098633 -42.57314682006836 1.7000000476837158
endloop
endfacet
facet normal -0.1950798514286955 0.9807873630744628 0
outer loop
vertex -23.194826126098633 -42.57314682006836 1.7000000476837158
vertex -23.194826126098633 -42.57314682006836 0
vertex -23.367033004760742 -42.607398986816406 1.7000000476837158
endloop
endfacet
facet normal 0.19507777299013523 -0.9807877764762413 0
outer loop
vertex -23.539241790771484 -41.74165344238281 1.7000000476837158
vertex -23.539241790771484 -41.74165344238281 0
vertex -23.367033004760742 -41.707401275634766 1.7000000476837158
endloop
endfacet
facet normal 0.5555772839934787 -0.8314649009491799 0
outer loop
vertex -23.685232162475586 -41.839202880859375 1.7000000476837158
vertex -23.685232162475586 -41.839202880859375 0
vertex -23.539241790771484 -41.74165344238281 1.7000000476837158
endloop
endfacet
facet normal 0.8314665660174577 -0.5555747920803612 0
outer loop
vertex -23.782779693603516 -41.985191345214844 1.7000000476837158
vertex -23.782779693603516 -41.985191345214844 0
vertex -23.685232162475586 -41.839202880859375 1.7000000476837158
endloop
endfacet
facet normal 0.9807852845629332 -0.19509030110388895 0
outer loop
vertex -23.817033767700195 -42.15739822387695 1.7000000476837158
vertex -23.817033767700195 -42.15739822387695 0
vertex -23.782779693603516 -41.985191345214844 1.7000000476837158
endloop
endfacet
facet normal 0.9807861114401027 0.19508614406513386 0
outer loop
vertex -23.782779693603516 -42.32960891723633 1.7000000476837158
vertex -23.782779693603516 -42.32960891723633 0
vertex -23.817033767700195 -42.15739822387695 1.7000000476837158
endloop
endfacet
facet normal 0.19507777299013523 0.9807877764762413 0
outer loop
vertex -23.367033004760742 -42.607398986816406 1.7000000476837158
vertex -23.367033004760742 -42.607398986816406 0
vertex -23.539241790771484 -42.57314682006836 1.7000000476837158
endloop
endfacet
facet normal 0.8314665660174577 0.5555747920803612 0
outer loop
vertex -23.685232162475586 -42.4755973815918 1.7000000476837158
vertex -23.685232162475586 -42.4755973815918 0
vertex -23.782779693603516 -42.32960891723633 1.7000000476837158
endloop
endfacet
facet normal 0 0 -1
outer loop
vertex -22.917034149169922 -42.15739822387695 1.7000000476837158
vertex -22.9512882232666 -42.32960891723633 1.7000000476837158
vertex -22.9512882232666 -41.985191345214844 1.7000000476837158
endloop
endfacet
facet normal -0.8314665660174577 0.5555747920803612 0
outer loop
vertex -22.951034545898438 -43.599609375 1.7000000476837158
vertex -22.951034545898438 -43.599609375 0
vertex -23.048582077026367 -43.74559783935547 1.7000000476837158
endloop
endfacet
facet normal 0 0 -1
outer loop
vertex -23.366779327392578 -42.97740173339844 1.7000000476837158
vertex -23.53898811340332 -43.84314727783203 1.7000000476837158
vertex -23.53898811340332 -43.011653900146484 1.7000000476837158
endloop
endfacet
facet normal 0 0 -1
outer loop
vertex -22.916780471801758 -43.427398681640625 1.7000000476837158
vertex -22.951034545898438 -43.599609375 1.7000000476837158
vertex -22.951034545898438 -43.255191802978516 1.7000000476837158
endloop
endfacet
facet normal -0.1950798514286955 -0.9807873630744628 0
outer loop
vertex -23.366779327392578 -42.97740173339844 1.7000000476837158
vertex -23.366779327392578 -42.97740173339844 0
vertex -23.19457244873047 -43.011653900146484 1.7000000476837158
endloop
endfacet
facet normal 0.19507777299013523 -0.9807877764762413 0
outer loop
vertex -23.53898811340332 -43.011653900146484 1.7000000476837158
vertex -23.53898811340332 -43.011653900146484 0
vertex -23.366779327392578 -42.97740173339844 1.7000000476837158
endloop
endfacet
facet normal 0.5555772839934787 -0.8314649009491799 0
outer loop
vertex -23.684978485107422 -43.10920333862305 1.7000000476837158
vertex -23.684978485107422 -43.10920333862305 0
vertex -23.53898811340332 -43.011653900146484 1.7000000476837158
endloop
endfacet
facet normal 0.8314665660174577 -0.5555747920803612 0
outer loop
vertex -23.78252601623535 -43.255191802978516 1.7000000476837158
vertex -23.78252601623535 -43.255191802978516 0
vertex -23.684978485107422 -43.10920333862305 1.7000000476837158
endloop
endfacet
facet normal 0.9807852845629332 -0.19509030110388895 0
outer loop
vertex -23.81678009033203 -43.427398681640625 1.7000000476837158
vertex -23.81678009033203 -43.427398681640625 0
vertex -23.78252601623535 -43.255191802978516 1.7000000476837158
endloop
endfacet
facet normal 0.9807861114401027 0.19508614406513386 0
outer loop
vertex -23.78252601623535 -43.599609375 1.7000000476837158
vertex -23.78252601623535 -43.599609375 0
vertex -23.81678009033203 -43.427398681640625 1.7000000476837158
endloop
endfacet
facet normal 0.8314665660174577 0.5555747920803612 0
outer loop
vertex -23.684978485107422 -43.74559783935547 1.7000000476837158
vertex -23.684978485107422 -43.74559783935547 0
vertex -23.78252601623535 -43.599609375 1.7000000476837158
endloop
endfacet
facet normal 0.5555772839934787 0.8314649009491799 0
outer loop
vertex -23.53898811340332 -43.84314727783203 1.7000000476837158
vertex -23.53898811340332 -43.84314727783203 0
vertex -23.684978485107422 -43.74559783935547 1.7000000476837158
endloop
endfacet
facet normal 0.19507777299013523 0.9807877764762413 0
outer loop
vertex -23.366779327392578 -43.87739944458008 1.7000000476837158
vertex -23.366779327392578 -43.87739944458008 0
vertex -23.53898811340332 -43.84314727783203 1.7000000476837158
endloop
endfacet
facet normal -0.8314665660174577 -0.5555747920803612 0
outer loop
vertex -23.048582077026367 -43.10920333862305 1.7000000476837158
vertex -23.048582077026367 -43.10920333862305 0
vertex -22.951034545898438 -43.255191802978516 1.7000000476837158
endloop
endfacet
facet normal -0.9807861114401027 0.19508614406513386 0
outer loop
vertex -22.916780471801758 -43.427398681640625 1.7000000476837158
vertex -22.916780471801758 -43.427398681640625 0
vertex -22.951034545898438 -43.599609375 1.7000000476837158
endloop
endfacet
facet normal 0.5555772839934787 -0.8314649009491799 0
outer loop
vertex -23.53898811340332 -43.011653900146484 0
vertex -23.53898811340332 -43.011653900146484 1.7000000476837158
vertex -23.684978485107422 -43.10920333862305 0
endloop
endfacet
facet normal 0.8314665660174577 -0.5555747920803612 0
outer loop
vertex -23.684978485107422 -43.10920333862305 0
vertex -23.684978485107422 -43.10920333862305 1.7000000476837158
vertex -23.78252601623535 -43.255191802978516 0
endloop
endfacet
facet normal 0.9807852845629332 -0.19509030110388895 0
outer loop
vertex -23.78252601623535 -43.255191802978516 0
vertex -23.78252601623535 -43.255191802978516 1.7000000476837158
vertex -23.81678009033203 -43.427398681640625 0
endloop
endfacet
facet normal 0.9807861114401027 0.19508614406513386 0
outer loop
vertex -23.81678009033203 -43.427398681640625 0
vertex -23.81678009033203 -43.427398681640625 1.7000000476837158
vertex -23.78252601623535 -43.599609375 0
endloop
endfacet
facet normal 0.5555772839934787 0.8314649009491799 0
outer loop
vertex -23.684978485107422 -43.74559783935547 0
vertex -23.684978485107422 -43.74559783935547 1.7000000476837158
vertex -23.53898811340332 -43.84314727783203 0
endloop
endfacet
facet normal 0.8314665660174577 0.5555747920803612 0
outer loop
vertex -23.684978485107422 -43.74559783935547 0
vertex -23.78252601623535 -43.599609375 0
vertex -23.78252601623535 -43.599609375 1.7000000476837158
endloop
endfacet
facet normal -0.1950798514286955 0.9807873630744628 0
outer loop
vertex -23.19457244873047 -43.84314727783203 0
vertex -23.366779327392578 -43.87739944458008 0
vertex -23.366779327392578 -43.87739944458008 1.7000000476837158
endloop
endfacet
facet normal 0.19507777299013523 0.9807877764762413 0
outer loop
vertex -23.366779327392578 -43.87739944458008 0
vertex -23.53898811340332 -43.84314727783203 0
vertex -23.53898811340332 -43.84314727783203 1.7000000476837158
endloop
endfacet
facet normal -0.5555772839934787 0.8314649009491799 0
outer loop
vertex -23.19457244873047 -43.84314727783203 0
vertex -23.19457244873047 -43.84314727783203 1.7000000476837158
vertex -23.048582077026367 -43.74559783935547 0
endloop
endfacet
facet normal -0.8314665660174577 0.5555747920803612 0
outer loop
vertex -23.048582077026367 -43.74559783935547 0
vertex -23.048582077026367 -43.74559783935547 1.7000000476837158
vertex -22.951034545898438 -43.599609375 0
endloop
endfacet
facet normal -0.9807861114401027 0.19508614406513386 0
outer loop
vertex -22.951034545898438 -43.599609375 0
vertex -22.951034545898438 -43.599609375 1.7000000476837158
vertex -22.916780471801758 -43.427398681640625 0
endloop
endfacet
facet normal -0.9807852845629332 -0.19509030110388895 0
outer loop
vertex -22.916780471801758 -43.427398681640625 0
vertex -22.916780471801758 -43.427398681640625 1.7000000476837158
vertex -22.951034545898438 -43.255191802978516 0
endloop
endfacet
facet normal -0.1950798514286955 -0.9807873630744628 0
outer loop
vertex -23.19457244873047 -43.011653900146484 0
vertex -23.19457244873047 -43.011653900146484 1.7000000476837158
vertex -23.366779327392578 -42.97740173339844 0
endloop
endfacet
facet normal -0.5555772839934787 -0.8314649009491799 0
outer loop
vertex -23.048582077026367 -43.10920333862305 0
vertex -23.048582077026367 -43.10920333862305 1.7000000476837158
vertex -23.19457244873047 -43.011653900146484 0
endloop
endfacet
facet normal 0 0 -1
outer loop
vertex -22.951034545898438 -43.599609375 1.7000000476837158
vertex -23.048582077026367 -43.74559783935547 1.7000000476837158
vertex -22.951034545898438 -43.255191802978516 1.7000000476837158
endloop
endfacet
facet normal 0 0 -1
outer loop
vertex -23.048582077026367 -43.10920333862305 1.7000000476837158
vertex -22.951034545898438 -43.255191802978516 1.7000000476837158
vertex -23.048582077026367 -43.74559783935547 1.7000000476837158
endloop
endfacet
facet normal 0 0 -1
outer loop
vertex -23.048582077026367 -43.74559783935547 1.7000000476837158
vertex -23.19457244873047 -43.84314727783203 1.7000000476837158
vertex -23.048582077026367 -43.10920333862305 1.7000000476837158
endloop
endfacet
facet normal 0 0 -1
outer loop
vertex -23.19457244873047 -43.84314727783203 1.7000000476837158
vertex -23.366779327392578 -43.87739944458008 1.7000000476837158
vertex -23.19457244873047 -43.011653900146484 1.7000000476837158
endloop
endfacet
facet normal -0.8314665660174577 -0.5555747920803612 0
outer loop
vertex -22.951034545898438 -43.255191802978516 0
vertex -22.951034545898438 -43.255191802978516 1.7000000476837158
vertex -23.048582077026367 -43.10920333862305 0
endloop
endfacet
facet normal 0.19507777299013523 -0.9807877764762413 0
outer loop
vertex -23.366779327392578 -42.97740173339844 0
vertex -23.366779327392578 -42.97740173339844 1.7000000476837158
vertex -23.53898811340332 -43.011653900146484 0
endloop
endfacet
facet normal 0 0 -1
outer loop
vertex -23.19457244873047 -43.011653900146484 1.7000000476837158
vertex -23.048582077026367 -43.10920333862305 1.7000000476837158
vertex -23.19457244873047 -43.84314727783203 1.7000000476837158
endloop
endfacet
facet normal 0 0 -1
outer loop
vertex -23.78252601623535 -43.599609375 1.7000000476837158
vertex -23.81678009033203 -43.427398681640625 1.7000000476837158
vertex -23.78252601623535 -43.255191802978516 1.7000000476837158
endloop
endfacet
facet normal 0 0 -1
outer loop
vertex -23.684978485107422 -43.74559783935547 1.7000000476837158
vertex -23.78252601623535 -43.599609375 1.7000000476837158
vertex -23.684978485107422 -43.10920333862305 1.7000000476837158
endloop
endfacet
facet normal -0.5555772839934787 0.8314649009491799 0
outer loop
vertex -23.048582077026367 -43.74559783935547 1.7000000476837158
vertex -23.048582077026367 -43.74559783935547 0
vertex -23.19457244873047 -43.84314727783203 1.7000000476837158
endloop
endfacet
facet normal -0.1950798514286955 0.9807873630744628 0
outer loop
vertex -23.19457244873047 -43.84314727783203 1.7000000476837158
vertex -23.19457244873047 -43.84314727783203 0
vertex -23.366779327392578 -43.87739944458008 1.7000000476837158
endloop
endfacet
facet normal -0.9807852845629332 -0.19509030110388895 0
outer loop
vertex -22.951034545898438 -43.255191802978516 1.7000000476837158
vertex -22.951034545898438 -43.255191802978516 0
vertex -22.916780471801758 -43.427398681640625 1.7000000476837158
endloop
endfacet
facet normal -0.5555772839934787 -0.8314649009491799 0
outer loop
vertex -23.19457244873047 -43.011653900146484 1.7000000476837158
vertex -23.19457244873047 -43.011653900146484 0
vertex -23.048582077026367 -43.10920333862305 1.7000000476837158
endloop
endfacet
facet normal 0 0 -1
outer loop
vertex -23.53898811340332 -43.84314727783203 1.7000000476837158
vertex -23.684978485107422 -43.74559783935547 1.7000000476837158
vertex -23.53898811340332 -43.011653900146484 1.7000000476837158
endloop
endfacet
facet normal 0 0 -1
outer loop
vertex -23.366779327392578 -43.87739944458008 1.7000000476837158
vertex -23.53898811340332 -43.84314727783203 1.7000000476837158
vertex -23.366779327392578 -42.97740173339844 1.7000000476837158
endloop
endfacet
facet normal 0 0 -1
outer loop
vertex -23.684978485107422 -43.10920333862305 1.7000000476837158
vertex -23.78252601623535 -43.599609375 1.7000000476837158
vertex -23.78252601623535 -43.255191802978516 1.7000000476837158
endloop
endfacet
facet normal 0 0 -1
outer loop
vertex -23.366779327392578 -43.87739944458008 1.7000000476837158
vertex -23.366779327392578 -42.97740173339844 1.7000000476837158
vertex -23.19457244873047 -43.011653900146484 1.7000000476837158
endloop
endfacet
facet normal 0 0 -1
outer loop
vertex -23.53898811340332 -43.011653900146484 1.7000000476837158
vertex -23.684978485107422 -43.74559783935547 1.7000000476837158
vertex -23.684978485107422 -43.10920333862305 1.7000000476837158
endloop
endfacet
facet normal 0 0 -1
outer loop
vertex -23.684978485107422 -45.01559829711914 1.7000000476837158
vertex -23.78252601623535 -44.869606018066406 1.7000000476837158
vertex -23.684978485107422 -44.37920379638672 1.7000000476837158
endloop
endfacet
facet normal -0.1951007507126451 -0.9807832059488795 0
outer loop
vertex -23.19457244873047 -44.281654357910156 0
vertex -23.19457244873047 -44.281654357910156 1.7000000476837158
vertex -23.366779327392578 -44.247398376464844 0
endloop
endfacet
facet normal -0.1951007507126451 -0.9807832059488795 0
outer loop
vertex -23.366779327392578 -44.247398376464844 1.7000000476837158
vertex -23.366779327392578 -44.247398376464844 0
vertex -23.19457244873047 -44.281654357910156 1.7000000476837158
endloop
endfacet
facet normal 0.1950986720690384 -0.9807836194374872 0
outer loop
vertex -23.53898811340332 -44.281654357910156 1.7000000476837158
vertex -23.53898811340332 -44.281654357910156 0
vertex -23.366779327392578 -44.247398376464844 1.7000000476837158
endloop
endfacet
facet normal 0.5555772839934787 -0.8314649009491799 0
outer loop
vertex -23.684978485107422 -44.37920379638672 1.7000000476837158
vertex -23.684978485107422 -44.37920379638672 0
vertex -23.53898811340332 -44.281654357910156 1.7000000476837158
endloop
endfacet
facet normal -0.1951007507126451 0.9807832059488795 0
outer loop
vertex -23.19457244873047 -45.11314392089844 1.7000000476837158
vertex -23.19457244873047 -45.11314392089844 0
vertex -23.366779327392578 -45.14739990234375 1.7000000476837158
endloop
endfacet
facet normal -0.5555622638012966 0.8314749371087372 0
outer loop
vertex -23.048582077026367 -45.01559829711914 1.7000000476837158
vertex -23.048582077026367 -45.01559829711914 0
vertex -23.19457244873047 -45.11314392089844 1.7000000476837158
endloop
endfacet
facet normal -0.8314732719568675 0.5555647559208026 0
outer loop
vertex -22.951034545898438 -44.869606018066406 1.7000000476837158
vertex -22.951034545898438 -44.869606018066406 0
vertex -23.048582077026367 -45.01559829711914 1.7000000476837158
endloop
endfacet
facet normal -0.8314665660174577 -0.5555747920803612 0
outer loop
vertex -23.048582077026367 -44.37920379638672 1.7000000476837158
vertex -23.048582077026367 -44.37920379638672 0
vertex -22.951034545898438 -44.52519226074219 1.7000000476837158
endloop
endfacet
facet normal -0.9807852845629332 0.19509030110388895 0
outer loop
vertex -22.916780471801758 -44.6973991394043 1.7000000476837158
vertex -22.916780471801758 -44.6973991394043 0
vertex -22.951034545898438 -44.869606018066406 1.7000000476837158
endloop
endfacet
facet normal 0.8314665660174577 -0.5555747920803612 0
outer loop
vertex -23.78252601623535 -44.52519226074219 1.7000000476837158
vertex -23.78252601623535 -44.52519226074219 0
vertex -23.684978485107422 -44.37920379638672 1.7000000476837158
endloop
endfacet
facet normal 0.9807852845629332 -0.19509030110388895 0
outer loop
vertex -23.81678009033203 -44.6973991394043 1.7000000476837158
vertex -23.81678009033203 -44.6973991394043 0
vertex -23.78252601623535 -44.52519226074219 1.7000000476837158
endloop
endfacet
facet normal -0.9807852845629332 -0.19509030110388895 0
outer loop
vertex -22.951034545898438 -44.52519226074219 1.7000000476837158
vertex -22.951034545898438 -44.52519226074219 0
vertex -22.916780471801758 -44.6973991394043 1.7000000476837158
endloop
endfacet
facet normal -0.5555772839934787 -0.8314649009491799 0
outer loop
vertex -23.19457244873047 -44.281654357910156 1.7000000476837158
vertex -23.19457244873047 -44.281654357910156 0
vertex -23.048582077026367 -44.37920379638672 1.7000000476837158
endloop
endfacet
facet normal 0.9807852845629332 0.19509030110388895 0
outer loop
vertex -23.78252601623535 -44.869606018066406 1.7000000476837158
vertex -23.78252601623535 -44.869606018066406 0
vertex -23.81678009033203 -44.6973991394043 1.7000000476837158
endloop
endfacet
facet normal 0 0 -1
outer loop
vertex -23.19457244873047 -45.11314392089844 1.7000000476837158
vertex -23.366779327392578 -45.14739990234375 1.7000000476837158
vertex -23.19457244873047 -44.281654357910156 1.7000000476837158
endloop
endfacet
facet normal 0 0 -1
outer loop
vertex -23.048582077026367 -45.01559829711914 1.7000000476837158
vertex -23.19457244873047 -45.11314392089844 1.7000000476837158
vertex -23.048582077026367 -44.37920379638672 1.7000000476837158
endloop
endfacet
facet normal 0 0 -1
outer loop
vertex -23.19457244873047 -44.281654357910156 1.7000000476837158
vertex -23.048582077026367 -44.37920379638672 1.7000000476837158
vertex -23.19457244873047 -45.11314392089844 1.7000000476837158
endloop
endfacet
facet normal 0 0 -1
outer loop
vertex -23.366779327392578 -45.14739990234375 1.7000000476837158
vertex -23.366779327392578 -44.247398376464844 1.7000000476837158
vertex -23.19457244873047 -44.281654357910156 1.7000000476837158
endloop
endfacet
facet normal 0 0 -1
outer loop
vertex -23.366779327392578 -44.247398376464844 1.7000000476837158
vertex -23.53898811340332 -45.11314392089844 1.7000000476837158
vertex -23.53898811340332 -44.281654357910156 1.7000000476837158
endloop
endfacet
facet normal 0 0 -1
outer loop
vertex -23.53898811340332 -44.281654357910156 1.7000000476837158
vertex -23.684978485107422 -45.01559829711914 1.7000000476837158
vertex -23.684978485107422 -44.37920379638672 1.7000000476837158
endloop
endfacet
facet normal 0 0 -1
outer loop
vertex -23.53898811340332 -45.11314392089844 1.7000000476837158
vertex -23.684978485107422 -45.01559829711914 1.7000000476837158
vertex -23.53898811340332 -44.281654357910156 1.7000000476837158
endloop
endfacet
facet normal 0 0 -1
outer loop
vertex -23.048582077026367 -44.37920379638672 1.7000000476837158
vertex -22.951034545898438 -44.52519226074219 1.7000000476837158
vertex -23.048582077026367 -45.01559829711914 1.7000000476837158
endloop
endfacet
facet normal 0 0 -1
outer loop
vertex -22.951034545898438 -44.869606018066406 1.7000000476837158
vertex -23.048582077026367 -45.01559829711914 1.7000000476837158
vertex -22.951034545898438 -44.52519226074219 1.7000000476837158
endloop
endfacet
facet normal 0 0 -1
outer loop
vertex -23.78252601623535 -44.869606018066406 1.7000000476837158
vertex -23.81678009033203 -44.6973991394043 1.7000000476837158
vertex -23.78252601623535 -44.52519226074219 1.7000000476837158
endloop
endfacet
facet normal 0 0 -1
outer loop
vertex -23.366779327392578 -45.14739990234375 1.7000000476837158
vertex -23.53898811340332 -45.11314392089844 1.7000000476837158
vertex -23.366779327392578 -44.247398376464844 1.7000000476837158
endloop
endfacet
facet normal 0.1950986720690384 0.9807836194374872 0
outer loop
vertex -23.366779327392578 -45.14739990234375 1.7000000476837158
vertex -23.366779327392578 -45.14739990234375 0
vertex -23.53898811340332 -45.11314392089844 1.7000000476837158
endloop
endfacet
facet normal 0.8314732719568675 0.5555647559208026 0
outer loop
vertex -23.684978485107422 -45.01559829711914 1.7000000476837158
vertex -23.684978485107422 -45.01559829711914 0
vertex -23.78252601623535 -44.869606018066406 1.7000000476837158
endloop
endfacet
facet normal 0.5555622638012966 0.8314749371087372 0
outer loop
vertex -23.53898811340332 -45.11314392089844 1.7000000476837158
vertex -23.53898811340332 -45.11314392089844 0
vertex -23.684978485107422 -45.01559829711914 1.7000000476837158
endloop
endfacet
facet normal 0.1950986720690384 -0.9807836194374872 0
outer loop
vertex -23.366779327392578 -44.247398376464844 0
vertex -23.366779327392578 -44.247398376464844 1.7000000476837158
vertex -23.53898811340332 -44.281654357910156 0
endloop
endfacet
facet normal 0.5555772839934787 -0.8314649009491799 0
outer loop
vertex -23.53898811340332 -44.281654357910156 0
vertex -23.53898811340332 -44.281654357910156 1.7000000476837158
vertex -23.684978485107422 -44.37920379638672 0
endloop
endfacet
facet normal 0.8314665660174577 -0.5555747920803612 0
outer loop
vertex -23.684978485107422 -44.37920379638672 0
vertex -23.684978485107422 -44.37920379638672 1.7000000476837158
vertex -23.78252601623535 -44.52519226074219 0
endloop
endfacet
facet normal 0 0 -1
outer loop
vertex -22.916780471801758 -44.6973991394043 1.7000000476837158
vertex -22.951034545898438 -44.869606018066406 1.7000000476837158
vertex -22.951034545898438 -44.52519226074219 1.7000000476837158
endloop
endfacet
facet normal 0.8314732719568675 0.5555647559208026 0
outer loop
vertex -23.684978485107422 -45.01559829711914 0
vertex -23.78252601623535 -44.869606018066406 0
vertex -23.78252601623535 -44.869606018066406 1.7000000476837158
endloop
endfacet
facet normal 0.5555622638012966 0.8314749371087372 0
outer loop
vertex -23.53898811340332 -45.11314392089844 0
vertex -23.684978485107422 -45.01559829711914 0
vertex -23.684978485107422 -45.01559829711914 1.7000000476837158
endloop
endfacet
facet normal 0.1950986720690384 0.9807836194374872 0
outer loop
vertex -23.366779327392578 -45.14739990234375 0
vertex -23.53898811340332 -45.11314392089844 0
vertex -23.53898811340332 -45.11314392089844 1.7000000476837158
endloop
endfacet
facet normal 0.9807852845629332 -0.19509030110388895 0
outer loop
vertex -23.78252601623535 -44.52519226074219 0
vertex -23.78252601623535 -44.52519226074219 1.7000000476837158
vertex -23.81678009033203 -44.6973991394043 0
endloop
endfacet
facet normal 0.9807852845629332 0.19509030110388895 0
outer loop
vertex -23.81678009033203 -44.6973991394043 0
vertex -23.81678009033203 -44.6973991394043 1.7000000476837158
vertex -23.78252601623535 -44.869606018066406 0
endloop
endfacet
facet normal -0.1951007507126451 0.9807832059488795 0
outer loop
vertex -23.19457244873047 -45.11314392089844 0
vertex -23.366779327392578 -45.14739990234375 0
vertex -23.366779327392578 -45.14739990234375 1.7000000476837158
endloop
endfacet
facet normal -0.5555622638012966 0.8314749371087372 0
outer loop
vertex -23.048582077026367 -45.01559829711914 0
vertex -23.19457244873047 -45.11314392089844 0
vertex -23.19457244873047 -45.11314392089844 1.7000000476837158
endloop
endfacet
facet normal -0.8314732719568675 0.5555647559208026 0
outer loop
vertex -23.048582077026367 -45.01559829711914 0
vertex -23.048582077026367 -45.01559829711914 1.7000000476837158
vertex -22.951034545898438 -44.869606018066406 0
endloop
endfacet
facet normal -0.5555772839934787 -0.8314649009491799 0
outer loop
vertex -23.048582077026367 -44.37920379638672 0
vertex -23.048582077026367 -44.37920379638672 1.7000000476837158
vertex -23.19457244873047 -44.281654357910156 0
endloop
endfacet
facet normal -0.9807852845629332 0.19509030110388895 0
outer loop
vertex -22.951034545898438 -44.869606018066406 0
vertex -22.951034545898438 -44.869606018066406 1.7000000476837158
vertex -22.916780471801758 -44.6973991394043 0
endloop
endfacet
facet normal -0.9807852845629332 -0.19509030110388895 0
outer loop
vertex -22.916780471801758 -44.6973991394043 0
vertex -22.916780471801758 -44.6973991394043 1.7000000476837158
vertex -22.951034545898438 -44.52519226074219 0
endloop
endfacet
facet normal -0.8314665660174577 -0.5555747920803612 0
outer loop
vertex -22.951034545898438 -44.52519226074219 0
vertex -22.951034545898438 -44.52519226074219 1.7000000476837158
vertex -23.048582077026367 -44.37920379638672 0
endloop
endfacet
facet normal 0 0 -1
outer loop
vertex -23.78252601623535 -44.869606018066406 1.7000000476837158
vertex -23.78252601623535 -44.52519226074219 1.7000000476837158
vertex -23.684978485107422 -44.37920379638672 1.7000000476837158
endloop
endfacet
facet normal -0.1951007507126451 0.9807832059488795 0
outer loop
vertex -23.19457244873047 -46.38314437866211 1.7000000476837158
vertex -23.19457244873047 -46.38314437866211 0
vertex -23.366779327392578 -46.41740036010742 1.7000000476837158
endloop
endfacet
facet normal 0.1950986720690384 -0.9807836194374872 0
outer loop
vertex -23.53898811340332 -45.55165481567383 1.7000000476837158
vertex -23.53898811340332 -45.55165481567383 0
vertex -23.366779327392578 -45.517398834228516 1.7000000476837158
endloop
endfacet
facet normal 0.5555622638012966 -0.8314749371087372 0
outer loop
vertex -23.684978485107422 -45.649200439453125 1.7000000476837158
vertex -23.684978485107422 -45.649200439453125 0
vertex -23.53898811340332 -45.55165481567383 1.7000000476837158
endloop
endfacet
facet normal 0.9807852845629332 -0.19509030110388895 0
outer loop
vertex -23.81678009033203 -45.96739959716797 1.7000000476837158
vertex -23.81678009033203 -45.96739959716797 0
vertex -23.78252601623535 -45.79519271850586 1.7000000476837158
endloop
endfacet
facet normal 0.8314732719568675 0.5555647559208026 0
outer loop
vertex -23.684978485107422 -46.28559875488281 1.7000000476837158
vertex -23.684978485107422 -46.28559875488281 0
vertex -23.78252601623535 -46.13960647583008 1.7000000476837158
endloop
endfacet
facet normal -0.5555622638012966 0.8314749371087372 0
outer loop
vertex -23.048582077026367 -46.28559875488281 1.7000000476837158
vertex -23.048582077026367 -46.28559875488281 0
vertex -23.19457244873047 -46.38314437866211 1.7000000476837158
endloop
endfacet
facet normal 0.9807852845629332 0.19509030110388895 0
outer loop
vertex -23.78252601623535 -46.13960647583008 1.7000000476837158
vertex -23.78252601623535 -46.13960647583008 0
vertex -23.81678009033203 -45.96739959716797 1.7000000476837158
endloop
endfacet
facet normal -0.8314732719568675 0.5555647559208026 0
outer loop
vertex -22.951034545898438 -46.13960647583008 1.7000000476837158
vertex -22.951034545898438 -46.13960647583008 0
vertex -23.048582077026367 -46.28559875488281 1.7000000476837158
endloop
endfacet
facet normal 0.1950986720690384 0.9807836194374872 0
outer loop
vertex -23.366779327392578 -46.41740036010742 1.7000000476837158
vertex -23.366779327392578 -46.41740036010742 0
vertex -23.53898811340332 -46.38314437866211 1.7000000476837158
endloop
endfacet
facet normal -0.8314732719568675 -0.5555647559208026 0
outer loop
vertex -22.951034545898438 -45.79519271850586 0
vertex -22.951034545898438 -45.79519271850586 1.7000000476837158
vertex -23.048582077026367 -45.649200439453125 0
endloop
endfacet
facet normal -0.1951007507126451 -0.9807832059488795 0
outer loop
vertex -23.19457244873047 -45.55165481567383 0
vertex -23.19457244873047 -45.55165481567383 1.7000000476837158
vertex -23.366779327392578 -45.517398834228516 0
endloop
endfacet
facet normal -0.5555622638012966 -0.8314749371087372 0
outer loop
vertex -23.19457244873047 -45.55165481567383 0
vertex -23.048582077026367 -45.649200439453125 0
vertex -23.048582077026367 -45.649200439453125 1.7000000476837158
endloop
endfacet
facet normal -0.9807852845629332 -0.19509030110388895 0
outer loop
vertex -22.916780471801758 -45.96739959716797 0
vertex -22.916780471801758 -45.96739959716797 1.7000000476837158
vertex -22.951034545898438 -45.79519271850586 0
endloop
endfacet
facet normal 0.8314732719568675 -0.5555647559208026 0
outer loop
vertex -23.78252601623535 -45.79519271850586 1.7000000476837158
vertex -23.78252601623535 -45.79519271850586 0
vertex -23.684978485107422 -45.649200439453125 1.7000000476837158
endloop
endfacet
facet normal -0.9807852845629332 0.19509030110388895 0
outer loop
vertex -22.916780471801758 -45.96739959716797 1.7000000476837158
vertex -22.916780471801758 -45.96739959716797 0
vertex -22.951034545898438 -46.13960647583008 1.7000000476837158
endloop
endfacet
facet normal -0.9807852845629332 -0.19509030110388895 0
outer loop
vertex -22.951034545898438 -45.79519271850586 1.7000000476837158
vertex -22.951034545898438 -45.79519271850586 0
vertex -22.916780471801758 -45.96739959716797 1.7000000476837158
endloop
endfacet
facet normal 0.5555622638012966 0.8314749371087372 0
outer loop
vertex -23.53898811340332 -46.38314437866211 1.7000000476837158
vertex -23.53898811340332 -46.38314437866211 0
vertex -23.684978485107422 -46.28559875488281 1.7000000476837158
endloop
endfacet
facet normal 0 0 -1
outer loop
vertex -23.53898811340332 -46.38314437866211 1.7000000476837158
vertex -23.684978485107422 -46.28559875488281 1.7000000476837158
vertex -23.53898811340332 -45.55165481567383 1.7000000476837158
endloop
endfacet
facet normal 0 0 -1
outer loop
vertex -23.78252601623535 -46.13960647583008 1.7000000476837158
vertex -23.81678009033203 -45.96739959716797 1.7000000476837158
vertex -23.78252601623535 -45.79519271850586 1.7000000476837158
endloop
endfacet
facet normal -0.5555622638012966 -0.8314749371087372 0
outer loop
vertex -23.19457244873047 -45.55165481567383 1.7000000476837158
vertex -23.19457244873047 -45.55165481567383 0
vertex -23.048582077026367 -45.649200439453125 1.7000000476837158
endloop
endfacet
facet normal 0.1950986720690384 -0.9807836194374872 0
outer loop
vertex -23.366779327392578 -45.517398834228516 0
vertex -23.366779327392578 -45.517398834228516 1.7000000476837158
vertex -23.53898811340332 -45.55165481567383 0
endloop
endfacet
facet normal 0.5555622638012966 -0.8314749371087372 0
outer loop
vertex -23.53898811340332 -45.55165481567383 0
vertex -23.53898811340332 -45.55165481567383 1.7000000476837158
vertex -23.684978485107422 -45.649200439453125 0
endloop
endfacet
facet normal 0.8314732719568675 -0.5555647559208026 0
outer loop
vertex -23.684978485107422 -45.649200439453125 0
vertex -23.684978485107422 -45.649200439453125 1.7000000476837158
vertex -23.78252601623535 -45.79519271850586 0
endloop
endfacet
facet normal 0 0 -1
outer loop
vertex -23.78252601623535 -46.13960647583008 1.7000000476837158
vertex -23.78252601623535 -45.79519271850586 1.7000000476837158
vertex -23.684978485107422 -45.649200439453125 1.7000000476837158
endloop
endfacet
facet normal 0 0 -1
outer loop
vertex -23.684978485107422 -46.28559875488281 1.7000000476837158
vertex -23.78252601623535 -46.13960647583008 1.7000000476837158
vertex -23.684978485107422 -45.649200439453125 1.7000000476837158
endloop
endfacet
facet normal 0 0 -1
outer loop
vertex -23.53898811340332 -45.55165481567383 1.7000000476837158
vertex -23.684978485107422 -46.28559875488281 1.7000000476837158
vertex -23.684978485107422 -45.649200439453125 1.7000000476837158
endloop
endfacet
facet normal -0.1951007507126451 -0.9807832059488795 0
outer loop
vertex -23.366779327392578 -45.517398834228516 1.7000000476837158
vertex -23.366779327392578 -45.517398834228516 0
vertex -23.19457244873047 -45.55165481567383 1.7000000476837158
endloop
endfacet
facet normal 0 0 -1
outer loop
vertex -23.366779327392578 -46.41740036010742 1.7000000476837158
vertex -23.53898811340332 -46.38314437866211 1.7000000476837158
vertex -23.366779327392578 -45.517398834228516 1.7000000476837158
endloop
endfacet
facet normal 0 0 -1
outer loop
vertex -23.366779327392578 -45.517398834228516 1.7000000476837158
vertex -23.53898811340332 -46.38314437866211 1.7000000476837158
vertex -23.53898811340332 -45.55165481567383 1.7000000476837158
endloop
endfacet
facet normal 0 0 -1
outer loop
vertex -23.366779327392578 -45.517398834228516 1.7000000476837158
vertex -23.19457244873047 -45.55165481567383 1.7000000476837158
vertex -23.366779327392578 -46.41740036010742 1.7000000476837158
endloop
endfacet
facet normal 0 0 -1
outer loop
vertex -22.916780471801758 -45.96739959716797 1.7000000476837158
vertex -22.951034545898438 -46.13960647583008 1.7000000476837158
vertex -22.951034545898438 -45.79519271850586 1.7000000476837158
endloop
endfacet
facet normal 0 0 -1
outer loop
vertex -22.951034545898438 -46.13960647583008 1.7000000476837158
vertex -23.048582077026367 -46.28559875488281 1.7000000476837158
vertex -22.951034545898438 -45.79519271850586 1.7000000476837158
endloop
endfacet
facet normal 0 0 -1
outer loop
vertex -23.048582077026367 -45.649200439453125 1.7000000476837158
vertex -22.951034545898438 -45.79519271850586 1.7000000476837158
vertex -23.048582077026367 -46.28559875488281 1.7000000476837158
endloop
endfacet
facet normal -0.8314732719568675 -0.5555647559208026 0
outer loop
vertex -23.048582077026367 -45.649200439453125 1.7000000476837158
vertex -23.048582077026367 -45.649200439453125 0
vertex -22.951034545898438 -45.79519271850586 1.7000000476837158
endloop
endfacet
facet normal 0.5555622638012966 0.8314749371087372 0
outer loop
vertex -23.684978485107422 -46.28559875488281 0
vertex -23.684978485107422 -46.28559875488281 1.7000000476837158
vertex -23.53898811340332 -46.38314437866211 0
endloop
endfacet
facet normal -0.9807852845629332 0.19509030110388895 0
outer loop
vertex -22.951034545898438 -46.13960647583008 0
vertex -22.951034545898438 -46.13960647583008 1.7000000476837158
vertex -22.916780471801758 -45.96739959716797 0
endloop
endfacet
facet normal -0.8314732719568675 0.5555647559208026 0
outer loop
vertex -23.048582077026367 -46.28559875488281 0
vertex -23.048582077026367 -46.28559875488281 1.7000000476837158
vertex -22.951034545898438 -46.13960647583008 0
endloop
endfacet
facet normal 0.1950986720690384 0.9807836194374872 0
outer loop
vertex -23.366779327392578 -46.41740036010742 0
vertex -23.53898811340332 -46.38314437866211 0
vertex -23.53898811340332 -46.38314437866211 1.7000000476837158
endloop
endfacet
facet normal 0 0 -1
outer loop
vertex -23.19457244873047 -45.55165481567383 1.7000000476837158
vertex -23.048582077026367 -45.649200439453125 1.7000000476837158
vertex -23.19457244873047 -46.38314437866211 1.7000000476837158
endloop
endfacet
facet normal -0.5555622638012966 0.8314749371087372 0
outer loop
vertex -23.048582077026367 -46.28559875488281 0
vertex -23.19457244873047 -46.38314437866211 0
vertex -23.19457244873047 -46.38314437866211 1.7000000476837158
endloop
endfacet
facet normal 0 0 -1
outer loop
vertex -23.048582077026367 -46.28559875488281 1.7000000476837158
vertex -23.19457244873047 -46.38314437866211 1.7000000476837158
vertex -23.048582077026367 -45.649200439453125 1.7000000476837158
endloop
endfacet
facet normal -0.1951007507126451 0.9807832059488795 0
outer loop
vertex -23.19457244873047 -46.38314437866211 0
vertex -23.366779327392578 -46.41740036010742 0
vertex -23.366779327392578 -46.41740036010742 1.7000000476837158
endloop
endfacet
facet normal 0.8314732719568675 0.5555647559208026 0
outer loop
vertex -23.684978485107422 -46.28559875488281 0
vertex -23.78252601623535 -46.13960647583008 0
vertex -23.78252601623535 -46.13960647583008 1.7000000476837158
endloop
endfacet
facet normal 0.9807852845629332 0.19509030110388895 0
outer loop
vertex -23.81678009033203 -45.96739959716797 0
vertex -23.81678009033203 -45.96739959716797 1.7000000476837158
vertex -23.78252601623535 -46.13960647583008 0
endloop
endfacet
facet normal 0.9807852845629332 -0.19509030110388895 0
outer loop
vertex -23.78252601623535 -45.79519271850586 0
vertex -23.78252601623535 -45.79519271850586 1.7000000476837158
vertex -23.81678009033203 -45.96739959716797 0
endloop
endfacet
facet normal 0 0 -1
outer loop
vertex -23.19457244873047 -46.38314437866211 1.7000000476837158
vertex -23.366779327392578 -46.41740036010742 1.7000000476837158
vertex -23.19457244873047 -45.55165481567383 1.7000000476837158
endloop
endfacet
facet normal -0.8314732719568675 -0.5555647559208026 0
outer loop
vertex -22.951034545898438 -47.06519317626953 0
vertex -22.951034545898438 -47.06519317626953 1.7000000476837158
vertex -23.048582077026367 -46.9192008972168 0
endloop
endfacet
facet normal -0.8314732719568675 -0.5555647559208026 0
outer loop
vertex -23.048582077026367 -46.9192008972168 1.7000000476837158
vertex -23.048582077026367 -46.9192008972168 0
vertex -22.951034545898438 -47.06519317626953 1.7000000476837158
endloop
endfacet
facet normal -0.1951007507126451 -0.9807832059488795 0
outer loop
vertex -23.19457244873047 -46.8216552734375 0
vertex -23.19457244873047 -46.8216552734375 1.7000000476837158
vertex -23.366779327392578 -46.78739929199219 0
endloop
endfacet
facet normal -0.8314732719568675 0.5555647559208026 0
outer loop
vertex -22.951034545898438 -47.40960693359375 1.7000000476837158
vertex -22.951034545898438 -47.40960693359375 0
vertex -23.048582077026367 -47.555599212646484 1.7000000476837158
endloop
endfacet
facet normal 0.1950986720690384 -0.9807836194374872 0
outer loop
vertex -23.366779327392578 -46.78739929199219 0
vertex -23.366779327392578 -46.78739929199219 1.7000000476837158
vertex -23.53898811340332 -46.8216552734375 0
endloop
endfacet
facet normal 0.5555622638012966 -0.8314749371087372 0
outer loop
vertex -23.53898811340332 -46.8216552734375 0
vertex -23.53898811340332 -46.8216552734375 1.7000000476837158
vertex -23.684978485107422 -46.9192008972168 0
endloop
endfacet
facet normal 0.8314732719568675 -0.5555647559208026 0
outer loop
vertex -23.684978485107422 -46.9192008972168 0
vertex -23.684978485107422 -46.9192008972168 1.7000000476837158
vertex -23.78252601623535 -47.06519317626953 0
endloop
endfacet
facet normal 0.9807852845629332 -0.19509030110388895 0
outer loop
vertex -23.78252601623535 -47.06519317626953 0
vertex -23.78252601623535 -47.06519317626953 1.7000000476837158
vertex -23.81678009033203 -47.23740005493164 0
endloop
endfacet
facet normal -0.9807852845629332 0.19509030110388895 0
outer loop
vertex -22.951034545898438 -47.40960693359375 0
vertex -22.951034545898438 -47.40960693359375 1.7000000476837158
vertex -22.916780471801758 -47.23740005493164 0
endloop
endfacet
facet normal -0.8314732719568675 0.5555647559208026 0
outer loop
vertex -23.048582077026367 -47.555599212646484 0
vertex -23.048582077026367 -47.555599212646484 1.7000000476837158
vertex -22.951034545898438 -47.40960693359375 0
endloop
endfacet
facet normal -0.5555622638012966 0.8314749371087372 0
outer loop
vertex -23.048582077026367 -47.555599212646484 0
vertex -23.19457244873047 -47.65314483642578 0
vertex -23.19457244873047 -47.65314483642578 1.7000000476837158
endloop
endfacet
facet normal -0.5555622638012966 0.8314749371087372 0
outer loop
vertex -23.048582077026367 -47.555599212646484 1.7000000476837158
vertex -23.048582077026367 -47.555599212646484 0
vertex -23.19457244873047 -47.65314483642578 1.7000000476837158
endloop
endfacet
facet normal -0.1951007507126451 0.9807832059488795 0
outer loop
vertex -23.19457244873047 -47.65314483642578 1.7000000476837158
vertex -23.19457244873047 -47.65314483642578 0
vertex -23.366779327392578 -47.687400817871094 1.7000000476837158
endloop
endfacet
facet normal -0.5555622638012966 -0.8314749371087372 0
outer loop
vertex -23.048582077026367 -46.9192008972168 0
vertex -23.048582077026367 -46.9192008972168 1.7000000476837158
vertex -23.19457244873047 -46.8216552734375 0
endloop
endfacet
facet normal -0.5555622638012966 -0.8314749371087372 0
outer loop
vertex -23.19457244873047 -46.8216552734375 1.7000000476837158
vertex -23.19457244873047 -46.8216552734375 0
vertex -23.048582077026367 -46.9192008972168 1.7000000476837158
endloop
endfacet
facet normal 0 0 -1
outer loop
vertex -22.916780471801758 -47.23740005493164 1.7000000476837158
vertex -22.951034545898438 -47.40960693359375 1.7000000476837158
vertex -22.951034545898438 -47.06519317626953 1.7000000476837158
endloop
endfacet
facet normal 0 0 -1
outer loop
vertex -22.951034545898438 -47.06519317626953 1.7000000476837158
vertex -23.048582077026367 -47.555599212646484 1.7000000476837158
vertex -23.048582077026367 -46.9192008972168 1.7000000476837158
endloop
endfacet
facet normal 0 0 -1
outer loop
vertex -23.048582077026367 -46.9192008972168 1.7000000476837158
vertex -23.19457244873047 -47.65314483642578 1.7000000476837158
vertex -23.19457244873047 -46.8216552734375 1.7000000476837158
endloop
endfacet
facet normal -0.9807852845629332 0.19509030110388895 0
outer loop
vertex -22.916780471801758 -47.23740005493164 1.7000000476837158
vertex -22.916780471801758 -47.23740005493164 0
vertex -22.951034545898438 -47.40960693359375 1.7000000476837158
endloop
endfacet
facet normal 0.9807852845629332 -0.19509030110388895 0
outer loop
vertex -23.81678009033203 -47.23740005493164 1.7000000476837158
vertex -23.81678009033203 -47.23740005493164 0
vertex -23.78252601623535 -47.06519317626953 1.7000000476837158
endloop
endfacet
facet normal 0.5555622638012966 0.8314749371087372 0
outer loop
vertex -23.53898811340332 -47.65314483642578 1.7000000476837158
vertex -23.53898811340332 -47.65314483642578 0
vertex -23.684978485107422 -47.555599212646484 1.7000000476837158
endloop
endfacet
facet normal 0.9807852845629332 0.19509030110388895 0
outer loop
vertex -23.78252601623535 -47.40960693359375 1.7000000476837158
vertex -23.78252601623535 -47.40960693359375 0
vertex -23.81678009033203 -47.23740005493164 1.7000000476837158
endloop
endfacet
facet normal 0.8314732719568675 0.5555647559208026 0
outer loop
vertex -23.684978485107422 -47.555599212646484 1.7000000476837158
vertex -23.684978485107422 -47.555599212646484 0
vertex -23.78252601623535 -47.40960693359375 1.7000000476837158
endloop
endfacet
facet normal 0.1950986720690384 0.9807836194374872 0
outer loop
vertex -23.366779327392578 -47.687400817871094 1.7000000476837158
vertex -23.366779327392578 -47.687400817871094 0
vertex -23.53898811340332 -47.65314483642578 1.7000000476837158
endloop
endfacet
facet normal 0 0 -1
outer loop
vertex -23.19457244873047 -46.8216552734375 1.7000000476837158
vertex -23.366779327392578 -47.687400817871094 1.7000000476837158
vertex -23.366779327392578 -46.78739929199219 1.7000000476837158
endloop
endfacet
facet normal 0 0 -1
outer loop
vertex -23.366779327392578 -46.78739929199219 1.7000000476837158
vertex -23.53898811340332 -47.65314483642578 1.7000000476837158
vertex -23.53898811340332 -46.8216552734375 1.7000000476837158
endloop
endfacet
facet normal 0 0 -1
outer loop
vertex -23.53898811340332 -46.8216552734375 1.7000000476837158
vertex -23.684978485107422 -47.555599212646484 1.7000000476837158
vertex -23.684978485107422 -46.9192008972168 1.7000000476837158
endloop
endfacet
facet normal 0 0 -1
outer loop
vertex -23.684978485107422 -46.9192008972168 1.7000000476837158
vertex -23.78252601623535 -47.40960693359375 1.7000000476837158
vertex -23.78252601623535 -47.06519317626953 1.7000000476837158
endloop
endfacet
facet normal 0 0 -1
outer loop
vertex -23.78252601623535 -47.40960693359375 1.7000000476837158
vertex -23.81678009033203 -47.23740005493164 1.7000000476837158
vertex -23.78252601623535 -47.06519317626953 1.7000000476837158
endloop
endfacet
facet normal -0.9807852845629332 -0.19509030110388895 0
outer loop
vertex -22.916780471801758 -47.23740005493164 0
vertex -22.916780471801758 -47.23740005493164 1.7000000476837158
vertex -22.951034545898438 -47.06519317626953 0
endloop
endfacet
facet normal 0.5555622638012966 -0.8314749371087372 0
outer loop
vertex -23.684978485107422 -46.9192008972168 1.7000000476837158
vertex -23.684978485107422 -46.9192008972168 0
vertex -23.53898811340332 -46.8216552734375 1.7000000476837158
endloop
endfacet
facet normal 0 0 -1
outer loop
vertex -23.684978485107422 -47.555599212646484 1.7000000476837158
vertex -23.78252601623535 -47.40960693359375 1.7000000476837158
vertex -23.684978485107422 -46.9192008972168 1.7000000476837158
endloop
endfacet
facet normal 0 0 -1
outer loop
vertex -23.53898811340332 -47.65314483642578 1.7000000476837158
vertex -23.684978485107422 -47.555599212646484 1.7000000476837158
vertex -23.53898811340332 -46.8216552734375 1.7000000476837158
endloop
endfacet
facet normal 0 0 -1
outer loop
vertex -23.366779327392578 -47.687400817871094 1.7000000476837158
vertex -23.53898811340332 -47.65314483642578 1.7000000476837158
vertex -23.366779327392578 -46.78739929199219 1.7000000476837158
endloop
endfacet
facet normal 0.1950986720690384 -0.9807836194374872 0
outer loop
vertex -23.53898811340332 -46.8216552734375 1.7000000476837158
vertex -23.53898811340332 -46.8216552734375 0
vertex -23.366779327392578 -46.78739929199219 1.7000000476837158
endloop
endfacet
facet normal 0 0 -1
outer loop
vertex -22.951034545898438 -47.40960693359375 1.7000000476837158
vertex -23.048582077026367 -47.555599212646484 1.7000000476837158
vertex -22.951034545898438 -47.06519317626953 1.7000000476837158
endloop
endfacet
facet normal 0 0 -1
outer loop
vertex -23.048582077026367 -47.555599212646484 1.7000000476837158
vertex -23.19457244873047 -47.65314483642578 1.7000000476837158
vertex -23.048582077026367 -46.9192008972168 1.7000000476837158
endloop
endfacet
facet normal 0 0 -1
outer loop
vertex -23.19457244873047 -47.65314483642578 1.7000000476837158
vertex -23.366779327392578 -47.687400817871094 1.7000000476837158
vertex -23.19457244873047 -46.8216552734375 1.7000000476837158
endloop
endfacet
facet normal -0.1951007507126451 -0.9807832059488795 0
outer loop
vertex -23.366779327392578 -46.78739929199219 1.7000000476837158
vertex -23.366779327392578 -46.78739929199219 0
vertex -23.19457244873047 -46.8216552734375 1.7000000476837158
endloop
endfacet
facet normal 0.5555622638012966 0.8314749371087372 0
outer loop
vertex -23.53898811340332 -47.65314483642578 0
vertex -23.684978485107422 -47.555599212646484 0
vertex -23.684978485107422 -47.555599212646484 1.7000000476837158
endloop
endfacet
facet normal 0.8314732719568675 0.5555647559208026 0
outer loop
vertex -23.78252601623535 -47.40960693359375 0
vertex -23.78252601623535 -47.40960693359375 1.7000000476837158
vertex -23.684978485107422 -47.555599212646484 0
endloop
endfacet
facet normal 0.9807852845629332 0.19509030110388895 0
outer loop
vertex -23.81678009033203 -47.23740005493164 0
vertex -23.81678009033203 -47.23740005493164 1.7000000476837158
vertex -23.78252601623535 -47.40960693359375 0
endloop
endfacet
facet normal 0.1950986720690384 0.9807836194374872 0
outer loop
vertex -23.366779327392578 -47.687400817871094 0
vertex -23.53898811340332 -47.65314483642578 0
vertex -23.53898811340332 -47.65314483642578 1.7000000476837158
endloop
endfacet
facet normal -0.9807852845629332 -0.19509030110388895 0
outer loop
vertex -22.951034545898438 -47.06519317626953 1.7000000476837158
vertex -22.951034545898438 -47.06519317626953 0
vertex -22.916780471801758 -47.23740005493164 1.7000000476837158
endloop
endfacet
facet normal -0.1951007507126451 0.9807832059488795 0
outer loop
vertex -23.19457244873047 -47.65314483642578 0
vertex -23.366779327392578 -47.687400817871094 0
vertex -23.366779327392578 -47.687400817871094 1.7000000476837158
endloop
endfacet
facet normal 0.8314732719568675 -0.5555647559208026 0
outer loop
vertex -23.78252601623535 -47.06519317626953 1.7000000476837158
vertex -23.78252601623535 -47.06519317626953 0
vertex -23.684978485107422 -46.9192008972168 1.7000000476837158
endloop
endfacet
facet normal -0.5555622638012966 -0.8314749371087372 0
outer loop
vertex -23.048582077026367 -48.18920135498047 0
vertex -23.048582077026367 -48.18920135498047 1.7000000476837158
vertex -23.19457244873047 -48.09165573120117 0
endloop
endfacet
facet normal -0.1951007507126451 -0.9807832059488795 0
outer loop
vertex -23.19457244873047 -48.09165573120117 0
vertex -23.19457244873047 -48.09165573120117 1.7000000476837158
vertex -23.366779327392578 -48.05739974975586 0
endloop
endfacet
facet normal -0.8314732719568675 -0.5555647559208026 0
outer loop
vertex -22.951034545898438 -48.3351936340332 0
vertex -22.951034545898438 -48.3351936340332 1.7000000476837158
vertex -23.048582077026367 -48.18920135498047 0
endloop
endfacet
facet normal -0.9807852845629332 -0.19509030110388895 0
outer loop
vertex -22.916780471801758 -48.50740051269531 0
vertex -22.916780471801758 -48.50740051269531 1.7000000476837158
vertex -22.951034545898438 -48.3351936340332 0
endloop
endfacet
facet normal 0.5555622638012966 0.8314749371087372 0
outer loop
vertex -23.53898811340332 -48.92314529418945 1.7000000476837158
vertex -23.53898811340332 -48.92314529418945 0
vertex -23.684978485107422 -48.825599670410156 1.7000000476837158
endloop
endfacet
facet normal 0.8314732719568675 0.5555647559208026 0
outer loop
vertex -23.684978485107422 -48.825599670410156 1.7000000476837158
vertex -23.684978485107422 -48.825599670410156 0
vertex -23.78252601623535 -48.67960739135742 1.7000000476837158
endloop
endfacet
facet normal 0.1950986720690384 0.9807836194374872 0
outer loop
vertex -23.366779327392578 -48.957401275634766 1.7000000476837158
vertex -23.366779327392578 -48.957401275634766 0
vertex -23.53898811340332 -48.92314529418945 1.7000000476837158
endloop
endfacet
facet normal 0.9807852845629332 0.19509030110388895 0
outer loop
vertex -23.78252601623535 -48.67960739135742 1.7000000476837158
vertex -23.78252601623535 -48.67960739135742 0
vertex -23.81678009033203 -48.50740051269531 1.7000000476837158
endloop
endfacet
facet normal 0.9807852845629332 -0.19509030110388895 0
outer loop
vertex -23.81678009033203 -48.50740051269531 1.7000000476837158
vertex -23.81678009033203 -48.50740051269531 0
vertex -23.78252601623535 -48.3351936340332 1.7000000476837158
endloop
endfacet
facet normal 0.8314732719568675 -0.5555647559208026 0
outer loop
vertex -23.78252601623535 -48.3351936340332 1.7000000476837158
vertex -23.78252601623535 -48.3351936340332 0
vertex -23.684978485107422 -48.18920135498047 1.7000000476837158
endloop
endfacet
facet normal 0.5555622638012966 -0.8314749371087372 0
outer loop
vertex -23.684978485107422 -48.18920135498047 1.7000000476837158
vertex -23.684978485107422 -48.18920135498047 0
vertex -23.53898811340332 -48.09165573120117 1.7000000476837158
endloop
endfacet
facet normal -0.8314732719568675 -0.5555647559208026 0
outer loop
vertex -23.048582077026367 -48.18920135498047 1.7000000476837158
vertex -23.048582077026367 -48.18920135498047 0
vertex -22.951034545898438 -48.3351936340332 1.7000000476837158
endloop
endfacet
facet normal 0 0 -1
outer loop
vertex -23.19457244873047 -48.92314529418945 1.7000000476837158
vertex -23.366779327392578 -48.957401275634766 1.7000000476837158
vertex -23.19457244873047 -48.09165573120117 1.7000000476837158
endloop
endfacet
facet normal 0 0 -1
outer loop
vertex -23.048582077026367 -48.825599670410156 1.7000000476837158
vertex -23.19457244873047 -48.92314529418945 1.7000000476837158
vertex -23.048582077026367 -48.18920135498047 1.7000000476837158
endloop
endfacet
facet normal 0 0 -1
outer loop
vertex -23.048582077026367 -48.18920135498047 1.7000000476837158
vertex -23.19457244873047 -48.92314529418945 1.7000000476837158
vertex -23.19457244873047 -48.09165573120117 1.7000000476837158
endloop
endfacet
facet normal 0 0 -1
outer loop
vertex -23.048582077026367 -48.18920135498047 1.7000000476837158
vertex -22.951034545898438 -48.3351936340332 1.7000000476837158
vertex -23.048582077026367 -48.825599670410156 1.7000000476837158
endloop
endfacet
facet normal 0 0 -1
outer loop
vertex -22.951034545898438 -48.67960739135742 1.7000000476837158
vertex -23.048582077026367 -48.825599670410156 1.7000000476837158
vertex -22.951034545898438 -48.3351936340332 1.7000000476837158
endloop
endfacet
facet normal 0 0 -1
outer loop
vertex -22.916780471801758 -48.50740051269531 1.7000000476837158
vertex -22.951034545898438 -48.67960739135742 1.7000000476837158
vertex -22.951034545898438 -48.3351936340332 1.7000000476837158
endloop
endfacet
facet normal -0.5555622638012966 -0.8314749371087372 0
outer loop
vertex -23.19457244873047 -48.09165573120117 1.7000000476837158
vertex -23.19457244873047 -48.09165573120117 0
vertex -23.048582077026367 -48.18920135498047 1.7000000476837158
endloop
endfacet
facet normal -0.5555622638012966 0.8314749371087372 0
outer loop
vertex -23.19457244873047 -48.92314529418945 0
vertex -23.19457244873047 -48.92314529418945 1.7000000476837158
vertex -23.048582077026367 -48.825599670410156 0
endloop
endfacet
facet normal -0.8314732719568675 0.5555647559208026 0
outer loop
vertex -23.048582077026367 -48.825599670410156 0
vertex -23.048582077026367 -48.825599670410156 1.7000000476837158
vertex -22.951034545898438 -48.67960739135742 0
endloop
endfacet
facet normal -0.9807852845629332 0.19509030110388895 0
outer loop
vertex -22.951034545898438 -48.67960739135742 0
vertex -22.951034545898438 -48.67960739135742 1.7000000476837158
vertex -22.916780471801758 -48.50740051269531 0
endloop
endfacet
facet normal 0 0 -1
outer loop
vertex -23.366779327392578 -48.957401275634766 1.7000000476837158
vertex -23.366779327392578 -48.05739974975586 1.7000000476837158
vertex -23.19457244873047 -48.09165573120117 1.7000000476837158
endloop
endfacet
facet normal 0 0 -1
outer loop
vertex -23.366779327392578 -48.05739974975586 1.7000000476837158
vertex -23.53898811340332 -48.92314529418945 1.7000000476837158
vertex -23.53898811340332 -48.09165573120117 1.7000000476837158
endloop
endfacet
facet normal 0 0 -1
outer loop
vertex -23.366779327392578 -48.957401275634766 1.7000000476837158
vertex -23.53898811340332 -48.92314529418945 1.7000000476837158
vertex -23.366779327392578 -48.05739974975586 1.7000000476837158
endloop
endfacet
facet normal 0 0 -1
outer loop
vertex -23.53898811340332 -48.09165573120117 1.7000000476837158
vertex -23.684978485107422 -48.825599670410156 1.7000000476837158
vertex -23.684978485107422 -48.18920135498047 1.7000000476837158
endloop
endfacet
facet normal 0 0 -1
outer loop
vertex -23.684978485107422 -48.18920135498047 1.7000000476837158
vertex -23.78252601623535 -48.67960739135742 1.7000000476837158
vertex -23.78252601623535 -48.3351936340332 1.7000000476837158
endloop
endfacet
facet normal 0 0 -1
outer loop
vertex -23.78252601623535 -48.67960739135742 1.7000000476837158
vertex -23.81678009033203 -48.50740051269531 1.7000000476837158
vertex -23.78252601623535 -48.3351936340332 1.7000000476837158
endloop
endfacet
facet normal 0 0 -1
outer loop
vertex -23.53898811340332 -48.92314529418945 1.7000000476837158
vertex -23.684978485107422 -48.825599670410156 1.7000000476837158
vertex -23.53898811340332 -48.09165573120117 1.7000000476837158
endloop
endfacet
facet normal 0.1950986720690384 -0.9807836194374872 0
outer loop
vertex -23.366779327392578 -48.05739974975586 0
vertex -23.366779327392578 -48.05739974975586 1.7000000476837158
vertex -23.53898811340332 -48.09165573120117 0
endloop
endfacet
facet normal 0.5555622638012966 -0.8314749371087372 0
outer loop
vertex -23.53898811340332 -48.09165573120117 0
vertex -23.53898811340332 -48.09165573120117 1.7000000476837158
vertex -23.684978485107422 -48.18920135498047 0
endloop
endfacet
facet normal 0.8314732719568675 -0.5555647559208026 0
outer loop
vertex -23.684978485107422 -48.18920135498047 0
vertex -23.684978485107422 -48.18920135498047 1.7000000476837158
vertex -23.78252601623535 -48.3351936340332 0
endloop
endfacet
facet normal 0.9807852845629332 -0.19509030110388895 0
outer loop
vertex -23.78252601623535 -48.3351936340332 0
vertex -23.78252601623535 -48.3351936340332 1.7000000476837158
vertex -23.81678009033203 -48.50740051269531 0
endloop
endfacet
facet normal 0.9807852845629332 0.19509030110388895 0
outer loop
vertex -23.81678009033203 -48.50740051269531 0
vertex -23.81678009033203 -48.50740051269531 1.7000000476837158
vertex -23.78252601623535 -48.67960739135742 0
endloop
endfacet
facet normal 0.8314732719568675 0.5555647559208026 0
outer loop
vertex -23.78252601623535 -48.67960739135742 0
vertex -23.78252601623535 -48.67960739135742 1.7000000476837158
vertex -23.684978485107422 -48.825599670410156 0
endloop
endfacet
facet normal -0.1951007507126451 0.9807832059488795 0
outer loop
vertex -23.19457244873047 -48.92314529418945 0
vertex -23.366779327392578 -48.957401275634766 0
vertex -23.366779327392578 -48.957401275634766 1.7000000476837158
endloop
endfacet
facet normal 0.1950986720690384 0.9807836194374872 0
outer loop
vertex -23.366779327392578 -48.957401275634766 0
vertex -23.53898811340332 -48.92314529418945 0
vertex -23.53898811340332 -48.92314529418945 1.7000000476837158
endloop
endfacet
facet normal 0.5555622638012966 0.8314749371087372 0
outer loop
vertex -23.53898811340332 -48.92314529418945 0
vertex -23.684978485107422 -48.825599670410156 0
vertex -23.684978485107422 -48.825599670410156 1.7000000476837158
endloop
endfacet
facet normal -0.9807852845629332 -0.19509030110388895 0
outer loop
vertex -22.951034545898438 -48.3351936340332 1.7000000476837158
vertex -22.951034545898438 -48.3351936340332 0
vertex -22.916780471801758 -48.50740051269531 1.7000000476837158
endloop
endfacet
facet normal -0.9807852845629332 0.19509030110388895 0
outer loop
vertex -22.916780471801758 -48.50740051269531 1.7000000476837158
vertex -22.916780471801758 -48.50740051269531 0
vertex -22.951034545898438 -48.67960739135742 1.7000000476837158
endloop
endfacet
facet normal -0.8314732719568675 0.5555647559208026 0
outer loop
vertex -22.951034545898438 -48.67960739135742 1.7000000476837158
vertex -22.951034545898438 -48.67960739135742 0
vertex -23.048582077026367 -48.825599670410156 1.7000000476837158
endloop
endfacet
facet normal -0.5555622638012966 0.8314749371087372 0
outer loop
vertex -23.048582077026367 -48.825599670410156 1.7000000476837158
vertex -23.048582077026367 -48.825599670410156 0
vertex -23.19457244873047 -48.92314529418945 1.7000000476837158
endloop
endfacet
facet normal -0.1951007507126451 0.9807832059488795 0
outer loop
vertex -23.19457244873047 -48.92314529418945 1.7000000476837158
vertex -23.19457244873047 -48.92314529418945 0
vertex -23.366779327392578 -48.957401275634766 1.7000000476837158
endloop
endfacet
facet normal 0.1950986720690384 -0.9807836194374872 0
outer loop
vertex -23.53898811340332 -48.09165573120117 1.7000000476837158
vertex -23.53898811340332 -48.09165573120117 0
vertex -23.366779327392578 -48.05739974975586 1.7000000476837158
endloop
endfacet
facet normal -0.1951007507126451 -0.9807832059488795 0
outer loop
vertex -23.366779327392578 -48.05739974975586 1.7000000476837158
vertex -23.366779327392578 -48.05739974975586 0
vertex -23.19457244873047 -48.09165573120117 1.7000000476837158
endloop
endfacet
facet normal 0 0 -1
outer loop
vertex -23.684978485107422 -48.825599670410156 1.7000000476837158
vertex -23.78252601623535 -48.67960739135742 1.7000000476837158
vertex -23.684978485107422 -48.18920135498047 1.7000000476837158
endloop
endfacet
facet normal 0.8314665660174577 0.5555747920803612 0
outer loop
vertex -23.78252601623535 -49.949607849121094 0
vertex -23.78252601623535 -49.949607849121094 1.7000000476837158
vertex -23.684978485107422 -50.09559631347656 0
endloop
endfacet
facet normal -0.5555772839934787 0.8314649009491799 0
outer loop
vertex -23.19457244873047 -50.193145751953125 0
vertex -23.19457244873047 -50.193145751953125 1.7000000476837158
vertex -23.048582077026367 -50.09559631347656 0
endloop
endfacet
facet normal 0 0 -1
outer loop
vertex -23.366779327392578 -50.22740173339844 1.7000000476837158
vertex -23.366779327392578 -49.32740020751953 1.7000000476837158
vertex -23.19457244873047 -49.36165237426758 1.7000000476837158
endloop
endfacet
facet normal 0 0 -1
outer loop
vertex -23.366779327392578 -49.32740020751953 1.7000000476837158
vertex -23.53898811340332 -50.193145751953125 1.7000000476837158
vertex -23.53898811340332 -49.36165237426758 1.7000000476837158
endloop
endfacet
facet normal 0 0 -1
outer loop
vertex -23.53898811340332 -49.36165237426758 1.7000000476837158
vertex -23.684978485107422 -50.09559631347656 1.7000000476837158
vertex -23.684978485107422 -49.45920181274414 1.7000000476837158
endloop
endfacet
facet normal 0.9807852845629332 0.19509030110388895 0
outer loop
vertex -23.81678009033203 -49.777400970458984 0
vertex -23.81678009033203 -49.777400970458984 1.7000000476837158
vertex -23.78252601623535 -49.949607849121094 0
endloop
endfacet
facet normal 0.1950986720690384 0.9807836194374872 0
outer loop
vertex -23.366779327392578 -50.22740173339844 0
vertex -23.53898811340332 -50.193145751953125 0
vertex -23.53898811340332 -50.193145751953125 1.7000000476837158
endloop
endfacet
facet normal 0 0 -1
outer loop
vertex -23.684978485107422 -49.45920181274414 1.7000000476837158
vertex -23.78252601623535 -49.949607849121094 1.7000000476837158
vertex -23.78252601623535 -49.605194091796875 1.7000000476837158
endloop
endfacet
facet normal 0 0 -1
outer loop
vertex -23.366779327392578 -50.22740173339844 1.7000000476837158
vertex -23.53898811340332 -50.193145751953125 1.7000000476837158
vertex -23.366779327392578 -49.32740020751953 1.7000000476837158
endloop
endfacet
facet normal -0.1951007507126451 0.9807832059488795 0
outer loop
vertex -23.19457244873047 -50.193145751953125 1.7000000476837158
vertex -23.19457244873047 -50.193145751953125 0
vertex -23.366779327392578 -50.22740173339844 1.7000000476837158
endloop
endfacet
facet normal -0.5555772839934787 0.8314649009491799 0
outer loop
vertex -23.048582077026367 -50.09559631347656 1.7000000476837158
vertex -23.048582077026367 -50.09559631347656 0
vertex -23.19457244873047 -50.193145751953125 1.7000000476837158
endloop
endfacet
facet normal -0.8314665660174577 0.5555747920803612 0
outer loop
vertex -22.951034545898438 -49.949607849121094 1.7000000476837158
vertex -22.951034545898438 -49.949607849121094 0
vertex -23.048582077026367 -50.09559631347656 1.7000000476837158
endloop
endfacet
facet normal -0.9807852845629332 0.19509030110388895 0
outer loop
vertex -22.916780471801758 -49.777400970458984 1.7000000476837158
vertex -22.916780471801758 -49.777400970458984 0
vertex -22.951034545898438 -49.949607849121094 1.7000000476837158
endloop
endfacet
facet normal -0.8314732719568675 -0.5555647559208026 0
outer loop
vertex -23.048582077026367 -49.45920181274414 1.7000000476837158
vertex -23.048582077026367 -49.45920181274414 0
vertex -22.951034545898438 -49.605194091796875 1.7000000476837158
endloop
endfacet
facet normal -0.5555772839934787 -0.8314649009491799 0
outer loop
vertex -23.19457244873047 -49.36165237426758 1.7000000476837158
vertex -23.19457244873047 -49.36165237426758 0
vertex -23.048582077026367 -49.45920181274414 1.7000000476837158
endloop
endfacet
facet normal -0.9807852845629332 -0.19509030110388895 0
outer loop
vertex -22.951034545898438 -49.605194091796875 1.7000000476837158
vertex -22.951034545898438 -49.605194091796875 0
vertex -22.916780471801758 -49.777400970458984 1.7000000476837158
endloop
endfacet
facet normal -0.1951007507126451 0.9807832059488795 0
outer loop
vertex -23.19457244873047 -50.193145751953125 0
vertex -23.366779327392578 -50.22740173339844 0
vertex -23.366779327392578 -50.22740173339844 1.7000000476837158
endloop
endfacet
facet normal 0.9807852845629332 -0.19509030110388895 0
outer loop
vertex -23.78252601623535 -49.605194091796875 0
vertex -23.78252601623535 -49.605194091796875 1.7000000476837158
vertex -23.81678009033203 -49.777400970458984 0
endloop
endfacet
facet normal 0.8314732719568675 -0.5555647559208026 0
outer loop
vertex -23.684978485107422 -49.45920181274414 0
vertex -23.684978485107422 -49.45920181274414 1.7000000476837158
vertex -23.78252601623535 -49.605194091796875 0
endloop
endfacet
facet normal 0.5555772839934787 -0.8314649009491799 0
outer loop
vertex -23.53898811340332 -49.36165237426758 0
vertex -23.53898811340332 -49.36165237426758 1.7000000476837158
vertex -23.684978485107422 -49.45920181274414 0
endloop
endfacet
facet normal 0.19507777299013523 -0.9807877764762413 0
outer loop
vertex -23.366779327392578 -49.32740020751953 0
vertex -23.366779327392578 -49.32740020751953 1.7000000476837158
vertex -23.53898811340332 -49.36165237426758 0
endloop
endfacet
facet normal -0.8314732719568675 -0.5555647559208026 0
outer loop
vertex -22.951034545898438 -49.605194091796875 0
vertex -22.951034545898438 -49.605194091796875 1.7000000476837158
vertex -23.048582077026367 -49.45920181274414 0
endloop
endfacet
facet normal 0 0 -1
outer loop
vertex -22.951034545898438 -49.605194091796875 1.7000000476837158
vertex -23.048582077026367 -50.09559631347656 1.7000000476837158
vertex -23.048582077026367 -49.45920181274414 1.7000000476837158
endloop
endfacet
facet normal 0 0 -1
outer loop
vertex -23.684978485107422 -50.09559631347656 1.7000000476837158
vertex -23.78252601623535 -49.949607849121094 1.7000000476837158
vertex -23.684978485107422 -49.45920181274414 1.7000000476837158
endloop
endfacet
facet normal 0 0 -1
outer loop
vertex -23.53898811340332 -50.193145751953125 1.7000000476837158
vertex -23.684978485107422 -50.09559631347656 1.7000000476837158
vertex -23.53898811340332 -49.36165237426758 1.7000000476837158
endloop
endfacet
facet normal 0 0 -1
outer loop
vertex -23.78252601623535 -49.949607849121094 1.7000000476837158
vertex -23.81678009033203 -49.777400970458984 1.7000000476837158
vertex -23.78252601623535 -49.605194091796875 1.7000000476837158
endloop
endfacet
facet normal 0 0 -1
outer loop
vertex -23.048582077026367 -49.45920181274414 1.7000000476837158
vertex -23.19457244873047 -50.193145751953125 1.7000000476837158
vertex -23.19457244873047 -49.36165237426758 1.7000000476837158
endloop
endfacet
facet normal 0 0 -1
outer loop
vertex -22.916780471801758 -49.777400970458984 1.7000000476837158
vertex -22.951034545898438 -49.949607849121094 1.7000000476837158
vertex -22.951034545898438 -49.605194091796875 1.7000000476837158
endloop
endfacet
facet normal 0 0 -1
outer loop
vertex -22.951034545898438 -49.949607849121094 1.7000000476837158
vertex -23.048582077026367 -50.09559631347656 1.7000000476837158
vertex -22.951034545898438 -49.605194091796875 1.7000000476837158
endloop
endfacet
facet normal 0 0 -1
outer loop
vertex -23.048582077026367 -50.09559631347656 1.7000000476837158
vertex -23.19457244873047 -50.193145751953125 1.7000000476837158
vertex -23.048582077026367 -49.45920181274414 1.7000000476837158
endloop
endfacet
facet normal 0 0 -1
outer loop
vertex -23.19457244873047 -50.193145751953125 1.7000000476837158
vertex -23.366779327392578 -50.22740173339844 1.7000000476837158
vertex -23.19457244873047 -49.36165237426758 1.7000000476837158
endloop
endfacet
facet normal -0.9807852845629332 -0.19509030110388895 0
outer loop
vertex -22.916780471801758 -49.777400970458984 0
vertex -22.916780471801758 -49.777400970458984 1.7000000476837158
vertex -22.951034545898438 -49.605194091796875 0
endloop
endfacet
facet normal -0.5555772839934787 -0.8314649009491799 0
outer loop
vertex -23.048582077026367 -49.45920181274414 0
vertex -23.048582077026367 -49.45920181274414 1.7000000476837158
vertex -23.19457244873047 -49.36165237426758 0
endloop
endfacet
facet normal -0.1950798514286955 -0.9807873630744628 0
outer loop
vertex -23.366779327392578 -49.32740020751953 1.7000000476837158
vertex -23.366779327392578 -49.32740020751953 0
vertex -23.19457244873047 -49.36165237426758 1.7000000476837158
endloop
endfacet
facet normal 0.19507777299013523 -0.9807877764762413 0
outer loop
vertex -23.53898811340332 -49.36165237426758 1.7000000476837158
vertex -23.53898811340332 -49.36165237426758 0
vertex -23.366779327392578 -49.32740020751953 1.7000000476837158
endloop
endfacet
facet normal 0.5555772839934787 -0.8314649009491799 0
outer loop
vertex -23.684978485107422 -49.45920181274414 1.7000000476837158
vertex -23.684978485107422 -49.45920181274414 0
vertex -23.53898811340332 -49.36165237426758 1.7000000476837158
endloop
endfacet
facet normal 0.8314732719568675 -0.5555647559208026 0
outer loop
vertex -23.78252601623535 -49.605194091796875 1.7000000476837158
vertex -23.78252601623535 -49.605194091796875 0
vertex -23.684978485107422 -49.45920181274414 1.7000000476837158
endloop
endfacet
facet normal 0.9807852845629332 -0.19509030110388895 0
outer loop
vertex -23.81678009033203 -49.777400970458984 1.7000000476837158
vertex -23.81678009033203 -49.777400970458984 0
vertex -23.78252601623535 -49.605194091796875 1.7000000476837158
endloop
endfacet
facet normal 0.1950986720690384 0.9807836194374872 0
outer loop
vertex -23.366779327392578 -50.22740173339844 1.7000000476837158
vertex -23.366779327392578 -50.22740173339844 0
vertex -23.53898811340332 -50.193145751953125 1.7000000476837158
endloop
endfacet
facet normal 0.9807852845629332 0.19509030110388895 0
outer loop
vertex -23.78252601623535 -49.949607849121094 1.7000000476837158
vertex -23.78252601623535 -49.949607849121094 0
vertex -23.81678009033203 -49.777400970458984 1.7000000476837158
endloop
endfacet
facet normal 0.8314665660174577 0.5555747920803612 0
outer loop
vertex -23.684978485107422 -50.09559631347656 1.7000000476837158
vertex -23.684978485107422 -50.09559631347656 0
vertex -23.78252601623535 -49.949607849121094 1.7000000476837158
endloop
endfacet
facet normal 0.5555772839934787 0.8314649009491799 0
outer loop
vertex -23.53898811340332 -50.193145751953125 1.7000000476837158
vertex -23.53898811340332 -50.193145751953125 0
vertex -23.684978485107422 -50.09559631347656 1.7000000476837158
endloop
endfacet
facet normal -0.1950798514286955 -0.9807873630744628 0
outer loop
vertex -23.19457244873047 -49.36165237426758 0
vertex -23.19457244873047 -49.36165237426758 1.7000000476837158
vertex -23.366779327392578 -49.32740020751953 0
endloop
endfacet
facet normal -0.9807852845629332 0.19509030110388895 0
outer loop
vertex -22.951034545898438 -49.949607849121094 0
vertex -22.951034545898438 -49.949607849121094 1.7000000476837158
vertex -22.916780471801758 -49.777400970458984 0
endloop
endfacet
facet normal -0.8314665660174577 0.5555747920803612 0
outer loop
vertex -23.048582077026367 -50.09559631347656 0
vertex -23.048582077026367 -50.09559631347656 1.7000000476837158
vertex -22.951034545898438 -49.949607849121094 0
endloop
endfacet
facet normal 0.5555772839934787 0.8314649009491799 0
outer loop
vertex -23.53898811340332 -50.193145751953125 0
vertex -23.684978485107422 -50.09559631347656 0
vertex -23.684978485107422 -50.09559631347656 1.7000000476837158
endloop
endfacet
facet normal 0 0 -1
outer loop
vertex -23.048582077026367 -51.365596771240234 1.7000000476837158
vertex -23.19457244873047 -51.4631462097168 1.7000000476837158
vertex -23.048582077026367 -50.72920227050781 1.7000000476837158
endloop
endfacet
facet normal -0.5555772839934787 -0.8314649009491799 0
outer loop
vertex -23.19457244873047 -50.63165283203125 1.7000000476837158
vertex -23.19457244873047 -50.63165283203125 0
vertex -23.048582077026367 -50.72920227050781 1.7000000476837158
endloop
endfacet
facet normal -0.9807861114401027 -0.19508614406513386 0
outer loop
vertex -22.951034545898438 -50.87519073486328 1.7000000476837158
vertex -22.951034545898438 -50.87519073486328 0
vertex -22.916780471801758 -51.047401428222656 1.7000000476837158
endloop
endfacet
facet normal -0.9807852845629332 0.19509030110388895 0
outer loop
vertex -22.916780471801758 -51.047401428222656 1.7000000476837158
vertex -22.916780471801758 -51.047401428222656 0
vertex -22.951034545898438 -51.219608306884766 1.7000000476837158
endloop
endfacet
facet normal -0.8314665660174577 -0.5555747920803612 0
outer loop
vertex -23.048582077026367 -50.72920227050781 1.7000000476837158
vertex -23.048582077026367 -50.72920227050781 0
vertex -22.951034545898438 -50.87519073486328 1.7000000476837158
endloop
endfacet
facet normal -0.8314665660174577 0.5555747920803612 0
outer loop
vertex -22.951034545898438 -51.219608306884766 1.7000000476837158
vertex -22.951034545898438 -51.219608306884766 0
vertex -23.048582077026367 -51.365596771240234 1.7000000476837158
endloop
endfacet
facet normal 0 0 -1
outer loop
vertex -22.916780471801758 -51.047401428222656 1.7000000476837158
vertex -22.951034545898438 -51.219608306884766 1.7000000476837158
vertex -22.951034545898438 -50.87519073486328 1.7000000476837158
endloop
endfacet
facet normal 0 0 -1
outer loop
vertex -22.951034545898438 -51.219608306884766 1.7000000476837158
vertex -23.048582077026367 -51.365596771240234 1.7000000476837158
vertex -22.951034545898438 -50.87519073486328 1.7000000476837158
endloop
endfacet
facet normal 0 0 -1
outer loop
vertex -23.048582077026367 -50.72920227050781 1.7000000476837158
vertex -23.19457244873047 -51.4631462097168 1.7000000476837158
vertex -23.19457244873047 -50.63165283203125 1.7000000476837158
endloop
endfacet
facet normal 0 0 -1
outer loop
vertex -23.048582077026367 -50.72920227050781 1.7000000476837158
vertex -22.951034545898438 -50.87519073486328 1.7000000476837158
vertex -23.048582077026367 -51.365596771240234 1.7000000476837158
endloop
endfacet
facet normal 0.5555772839934787 0.8314649009491799 0
outer loop
vertex -23.53898811340332 -51.4631462097168 1.7000000476837158
vertex -23.53898811340332 -51.4631462097168 0
vertex -23.684978485107422 -51.365596771240234 1.7000000476837158
endloop
endfacet
facet normal 0.8314665660174577 0.5555747920803612 0
outer loop
vertex -23.684978485107422 -51.365596771240234 1.7000000476837158
vertex -23.684978485107422 -51.365596771240234 0
vertex -23.78252601623535 -51.219608306884766 1.7000000476837158
endloop
endfacet
facet normal 0.19507777299013523 0.9807877764762413 0
outer loop
vertex -23.366779327392578 -51.497398376464844 1.7000000476837158
vertex -23.366779327392578 -51.497398376464844 0
vertex -23.53898811340332 -51.4631462097168 1.7000000476837158
endloop
endfacet
facet normal 0.9807852845629332 0.19509030110388895 0
outer loop
vertex -23.78252601623535 -51.219608306884766 1.7000000476837158
vertex -23.78252601623535 -51.219608306884766 0
vertex -23.81678009033203 -51.047401428222656 1.7000000476837158
endloop
endfacet
facet normal 0.9807861114401027 -0.19508614406513386 0
outer loop
vertex -23.81678009033203 -51.047401428222656 1.7000000476837158
vertex -23.81678009033203 -51.047401428222656 0
vertex -23.78252601623535 -50.87519073486328 1.7000000476837158
endloop
endfacet
facet normal 0.8314665660174577 -0.5555747920803612 0
outer loop
vertex -23.78252601623535 -50.87519073486328 1.7000000476837158
vertex -23.78252601623535 -50.87519073486328 0
vertex -23.684978485107422 -50.72920227050781 1.7000000476837158
endloop
endfacet
facet normal 0 0 -1
outer loop
vertex -23.366779327392578 -51.497398376464844 1.7000000476837158
vertex -23.366779327392578 -50.5974006652832 1.7000000476837158
vertex -23.19457244873047 -50.63165283203125 1.7000000476837158
endloop
endfacet
facet normal 0 0 -1
outer loop
vertex -23.366779327392578 -50.5974006652832 1.7000000476837158
vertex -23.53898811340332 -51.4631462097168 1.7000000476837158
vertex -23.53898811340332 -50.63165283203125 1.7000000476837158
endloop
endfacet
facet normal 0 0 -1
outer loop
vertex -23.366779327392578 -51.497398376464844 1.7000000476837158
vertex -23.53898811340332 -51.4631462097168 1.7000000476837158
vertex -23.366779327392578 -50.5974006652832 1.7000000476837158
endloop
endfacet
facet normal 0 0 -1
outer loop
vertex -23.53898811340332 -50.63165283203125 1.7000000476837158
vertex -23.684978485107422 -51.365596771240234 1.7000000476837158
vertex -23.684978485107422 -50.72920227050781 1.7000000476837158
endloop
endfacet
facet normal 0 0 -1
outer loop
vertex -23.684978485107422 -50.72920227050781 1.7000000476837158
vertex -23.78252601623535 -51.219608306884766 1.7000000476837158
vertex -23.78252601623535 -50.87519073486328 1.7000000476837158
endloop
endfacet
facet normal 0 0 -1
outer loop
vertex -23.53898811340332 -51.4631462097168 1.7000000476837158
vertex -23.684978485107422 -51.365596771240234 1.7000000476837158
vertex -23.53898811340332 -50.63165283203125 1.7000000476837158
endloop
endfacet
facet normal 0 0 -1
outer loop
vertex -23.684978485107422 -51.365596771240234 1.7000000476837158
vertex -23.78252601623535 -51.219608306884766 1.7000000476837158
vertex -23.684978485107422 -50.72920227050781 1.7000000476837158
endloop
endfacet
facet normal 0 0 -1
outer loop
vertex -23.78252601623535 -51.219608306884766 1.7000000476837158
vertex -23.81678009033203 -51.047401428222656 1.7000000476837158
vertex -23.78252601623535 -50.87519073486328 1.7000000476837158
endloop
endfacet
facet normal 0.5555772839934787 -0.8314649009491799 0
outer loop
vertex -23.684978485107422 -50.72920227050781 1.7000000476837158
vertex -23.684978485107422 -50.72920227050781 0
vertex -23.53898811340332 -50.63165283203125 1.7000000476837158
endloop
endfacet
facet normal 0.19507777299013523 -0.9807877764762413 0
outer loop
vertex -23.53898811340332 -50.63165283203125 1.7000000476837158
vertex -23.53898811340332 -50.63165283203125 0
vertex -23.366779327392578 -50.5974006652832 1.7000000476837158
endloop
endfacet
facet normal -0.1950798514286955 -0.9807873630744628 0
outer loop
vertex -23.366779327392578 -50.5974006652832 1.7000000476837158
vertex -23.366779327392578 -50.5974006652832 0
vertex -23.19457244873047 -50.63165283203125 1.7000000476837158
endloop
endfacet
facet normal 0.8314665660174577 0.5555747920803612 0
outer loop
vertex -23.78252601623535 -51.219608306884766 0
vertex -23.78252601623535 -51.219608306884766 1.7000000476837158
vertex -23.684978485107422 -51.365596771240234 0
endloop
endfacet
facet normal 0.5555772839934787 0.8314649009491799 0
outer loop
vertex -23.53898811340332 -51.4631462097168 0
vertex -23.684978485107422 -51.365596771240234 0
vertex -23.684978485107422 -51.365596771240234 1.7000000476837158
endloop
endfacet
facet normal 0.19507777299013523 0.9807877764762413 0
outer loop
vertex -23.53898811340332 -51.4631462097168 0
vertex -23.53898811340332 -51.4631462097168 1.7000000476837158
vertex -23.366779327392578 -51.497398376464844 0
endloop
endfacet
facet normal -0.1950798514286955 0.9807873630744628 0
outer loop
vertex -23.19457244873047 -51.4631462097168 0
vertex -23.366779327392578 -51.497398376464844 0
vertex -23.366779327392578 -51.497398376464844 1.7000000476837158
endloop
endfacet
facet normal 0.9807852845629332 0.19509030110388895 0
outer loop
vertex -23.81678009033203 -51.047401428222656 0
vertex -23.81678009033203 -51.047401428222656 1.7000000476837158
vertex -23.78252601623535 -51.219608306884766 0
endloop
endfacet
facet normal -0.5555772839934787 0.8314649009491799 0
outer loop
vertex -23.048582077026367 -51.365596771240234 1.7000000476837158
vertex -23.048582077026367 -51.365596771240234 0
vertex -23.19457244873047 -51.4631462097168 1.7000000476837158
endloop
endfacet
facet normal -0.1950798514286955 0.9807873630744628 0
outer loop
vertex -23.19457244873047 -51.4631462097168 1.7000000476837158
vertex -23.19457244873047 -51.4631462097168 0
vertex -23.366779327392578 -51.497398376464844 1.7000000476837158
endloop
endfacet
facet normal 0.9807861114401027 -0.19508614406513386 0
outer loop
vertex -23.78252601623535 -50.87519073486328 0
vertex -23.78252601623535 -50.87519073486328 1.7000000476837158
vertex -23.81678009033203 -51.047401428222656 0
endloop
endfacet
facet normal -0.5555772839934787 -0.8314649009491799 0
outer loop
vertex -23.048582077026367 -50.72920227050781 0
vertex -23.048582077026367 -50.72920227050781 1.7000000476837158
vertex -23.19457244873047 -50.63165283203125 0
endloop
endfacet
facet normal -0.1950798514286955 -0.9807873630744628 0
outer loop
vertex -23.19457244873047 -50.63165283203125 0
vertex -23.19457244873047 -50.63165283203125 1.7000000476837158
vertex -23.366779327392578 -50.5974006652832 0
endloop
endfacet
facet normal -0.8314665660174577 -0.5555747920803612 0
outer loop
vertex -22.951034545898438 -50.87519073486328 0
vertex -22.951034545898438 -50.87519073486328 1.7000000476837158
vertex -23.048582077026367 -50.72920227050781 0
endloop
endfacet
facet normal -0.9807861114401027 -0.19508614406513386 0
outer loop
vertex -22.916780471801758 -51.047401428222656 0
vertex -22.916780471801758 -51.047401428222656 1.7000000476837158
vertex -22.951034545898438 -50.87519073486328 0
endloop
endfacet
facet normal -0.9807852845629332 0.19509030110388895 0
outer loop
vertex -22.951034545898438 -51.219608306884766 0
vertex -22.951034545898438 -51.219608306884766 1.7000000476837158
vertex -22.916780471801758 -51.047401428222656 0
endloop
endfacet
facet normal -0.8314665660174577 0.5555747920803612 0
outer loop
vertex -23.048582077026367 -51.365596771240234 0
vertex -23.048582077026367 -51.365596771240234 1.7000000476837158
vertex -22.951034545898438 -51.219608306884766 0
endloop
endfacet
facet normal -0.5555772839934787 0.8314649009491799 0
outer loop
vertex -23.19457244873047 -51.4631462097168 0
vertex -23.19457244873047 -51.4631462097168 1.7000000476837158
vertex -23.048582077026367 -51.365596771240234 0
endloop
endfacet
facet normal 0.8314665660174577 -0.5555747920803612 0
outer loop
vertex -23.684978485107422 -50.72920227050781 0
vertex -23.684978485107422 -50.72920227050781 1.7000000476837158
vertex -23.78252601623535 -50.87519073486328 0
endloop
endfacet
facet normal 0.5555772839934787 -0.8314649009491799 0
outer loop
vertex -23.53898811340332 -50.63165283203125 0
vertex -23.53898811340332 -50.63165283203125 1.7000000476837158
vertex -23.684978485107422 -50.72920227050781 0
endloop
endfacet
facet normal 0.19507777299013523 -0.9807877764762413 0
outer loop
vertex -23.366779327392578 -50.5974006652832 0
vertex -23.366779327392578 -50.5974006652832 1.7000000476837158
vertex -23.53898811340332 -50.63165283203125 0
endloop
endfacet
facet normal 0 0 -1
outer loop
vertex -23.19457244873047 -51.4631462097168 1.7000000476837158
vertex -23.366779327392578 -51.497398376464844 1.7000000476837158
vertex -23.19457244873047 -50.63165283203125 1.7000000476837158
endloop
endfacet
facet normal -0.9807852845629332 -0.19509030110388895 0
outer loop
vertex -22.916780471801758 -52.31739807128906 0
vertex -22.916780471801758 -52.31739807128906 1.7000000476837158
vertex -22.951034545898438 -52.14519119262695 0
endloop
endfacet
facet normal -0.8314665660174577 0.5555747920803612 0
outer loop
vertex -23.048582077026367 -52.635597229003906 0
vertex -23.048582077026367 -52.635597229003906 1.7000000476837158
vertex -22.951034545898438 -52.48960876464844 0
endloop
endfacet
facet normal -0.5555772839934787 0.8314649009491799 0
outer loop
vertex -23.19457244873047 -52.73314666748047 0
vertex -23.19457244873047 -52.73314666748047 1.7000000476837158
vertex -23.048582077026367 -52.635597229003906 0
endloop
endfacet
facet normal -0.5555772839934787 -0.8314649009491799 0
outer loop
vertex -23.19457244873047 -51.90165328979492 1.7000000476837158
vertex -23.19457244873047 -51.90165328979492 0
vertex -23.048582077026367 -51.999202728271484 1.7000000476837158
endloop
endfacet
facet normal -0.8314665660174577 -0.5555747920803612 0
outer loop
vertex -23.048582077026367 -51.999202728271484 1.7000000476837158
vertex -23.048582077026367 -51.999202728271484 0
vertex -22.951034545898438 -52.14519119262695 1.7000000476837158
endloop
endfacet
facet normal -0.9807861114401027 0.19508614406513386 0
outer loop
vertex -22.916780471801758 -52.31739807128906 1.7000000476837158
vertex -22.916780471801758 -52.31739807128906 0
vertex -22.951034545898438 -52.48960876464844 1.7000000476837158
endloop
endfacet
facet normal -0.8314665660174577 0.5555747920803612 0
outer loop
vertex -22.951034545898438 -52.48960876464844 1.7000000476837158
vertex -22.951034545898438 -52.48960876464844 0
vertex -23.048582077026367 -52.635597229003906 1.7000000476837158
endloop
endfacet
facet normal -0.5555772839934787 0.8314649009491799 0
outer loop
vertex -23.048582077026367 -52.635597229003906 1.7000000476837158
vertex -23.048582077026367 -52.635597229003906 0
vertex -23.19457244873047 -52.73314666748047 1.7000000476837158
endloop
endfacet
facet normal -0.1950798514286955 0.9807873630744628 0
outer loop
vertex -23.19457244873047 -52.73314666748047 1.7000000476837158
vertex -23.19457244873047 -52.73314666748047 0
vertex -23.366779327392578 -52.767398834228516 1.7000000476837158
endloop
endfacet
facet normal -0.5555772839934787 -0.8314649009491799 0
outer loop
vertex -23.19457244873047 -51.90165328979492 0
vertex -23.048582077026367 -51.999202728271484 0
vertex -23.048582077026367 -51.999202728271484 1.7000000476837158
endloop
endfacet
facet normal -0.1950798514286955 -0.9807873630744628 0
outer loop
vertex -23.19457244873047 -51.90165328979492 0
vertex -23.19457244873047 -51.90165328979492 1.7000000476837158
vertex -23.366779327392578 -51.867401123046875 0
endloop
endfacet
facet normal -0.8314665660174577 -0.5555747920803612 0
outer loop
vertex -22.951034545898438 -52.14519119262695 0
vertex -22.951034545898438 -52.14519119262695 1.7000000476837158
vertex -23.048582077026367 -51.999202728271484 0
endloop
endfacet
facet normal -0.9807852845629332 -0.19509030110388895 0
outer loop
vertex -22.951034545898438 -52.14519119262695 1.7000000476837158
vertex -22.951034545898438 -52.14519119262695 0
vertex -22.916780471801758 -52.31739807128906 1.7000000476837158
endloop
endfacet
facet normal 0 0 -1
outer loop
vertex -23.78252601623535 -52.48960876464844 1.7000000476837158
vertex -23.81678009033203 -52.31739807128906 1.7000000476837158
vertex -23.78252601623535 -52.14519119262695 1.7000000476837158
endloop
endfacet
facet normal 0 0 -1
outer loop
vertex -23.684978485107422 -52.635597229003906 1.7000000476837158
vertex -23.78252601623535 -52.48960876464844 1.7000000476837158
vertex -23.684978485107422 -51.999202728271484 1.7000000476837158
endloop
endfacet
facet normal 0 0 -1
outer loop
vertex -23.53898811340332 -52.73314666748047 1.7000000476837158
vertex -23.684978485107422 -52.635597229003906 1.7000000476837158
vertex -23.53898811340332 -51.90165328979492 1.7000000476837158
endloop
endfacet
facet normal 0 0 -1
outer loop
vertex -23.366779327392578 -52.767398834228516 1.7000000476837158
vertex -23.53898811340332 -52.73314666748047 1.7000000476837158
vertex -23.366779327392578 -51.867401123046875 1.7000000476837158
endloop
endfacet
facet normal 0 0 -1
outer loop
vertex -23.684978485107422 -51.999202728271484 1.7000000476837158
vertex -23.78252601623535 -52.48960876464844 1.7000000476837158
vertex -23.78252601623535 -52.14519119262695 1.7000000476837158
endloop
endfacet
facet normal 0.19507777299013523 -0.9807877764762413 0
outer loop
vertex -23.366779327392578 -51.867401123046875 0
vertex -23.366779327392578 -51.867401123046875 1.7000000476837158
vertex -23.53898811340332 -51.90165328979492 0
endloop
endfacet
facet normal 0 0 -1
outer loop
vertex -23.53898811340332 -51.90165328979492 1.7000000476837158
vertex -23.684978485107422 -52.635597229003906 1.7000000476837158
vertex -23.684978485107422 -51.999202728271484 1.7000000476837158
endloop
endfacet
facet normal 0 0 -1
outer loop
vertex -23.366779327392578 -51.867401123046875 1.7000000476837158
vertex -23.53898811340332 -52.73314666748047 1.7000000476837158
vertex -23.53898811340332 -51.90165328979492 1.7000000476837158
endloop
endfacet
facet normal 0 0 -1
outer loop
vertex -23.366779327392578 -52.767398834228516 1.7000000476837158
vertex -23.366779327392578 -51.867401123046875 1.7000000476837158
vertex -23.19457244873047 -51.90165328979492 1.7000000476837158
endloop
endfacet
facet normal 0 0 -1
outer loop
vertex -23.19457244873047 -52.73314666748047 1.7000000476837158
vertex -23.366779327392578 -52.767398834228516 1.7000000476837158
vertex -23.19457244873047 -51.90165328979492 1.7000000476837158
endloop
endfacet
facet normal 0 0 -1
outer loop
vertex -23.048582077026367 -52.635597229003906 1.7000000476837158
vertex -23.19457244873047 -52.73314666748047 1.7000000476837158
vertex -23.048582077026367 -51.999202728271484 1.7000000476837158
endloop
endfacet
facet normal 0 0 -1
outer loop
vertex -23.048582077026367 -51.999202728271484 1.7000000476837158
vertex -22.951034545898438 -52.14519119262695 1.7000000476837158
vertex -23.048582077026367 -52.635597229003906 1.7000000476837158
endloop
endfacet
facet normal 0 0 -1
outer loop
vertex -22.951034545898438 -52.48960876464844 1.7000000476837158
vertex -23.048582077026367 -52.635597229003906 1.7000000476837158
vertex -22.951034545898438 -52.14519119262695 1.7000000476837158
endloop
endfacet
facet normal 0 0 -1
outer loop
vertex -22.916780471801758 -52.31739807128906 1.7000000476837158
vertex -22.951034545898438 -52.48960876464844 1.7000000476837158
vertex -22.951034545898438 -52.14519119262695 1.7000000476837158
endloop
endfacet
facet normal 0.19507777299013523 0.9807877764762413 0
outer loop
vertex -23.366779327392578 -52.767398834228516 0
vertex -23.53898811340332 -52.73314666748047 0
vertex -23.53898811340332 -52.73314666748047 1.7000000476837158
endloop
endfacet
facet normal -0.1950798514286955 -0.9807873630744628 0
outer loop
vertex -23.366779327392578 -51.867401123046875 1.7000000476837158
vertex -23.366779327392578 -51.867401123046875 0
vertex -23.19457244873047 -51.90165328979492 1.7000000476837158
endloop
endfacet
facet normal 0.19507777299013523 -0.9807877764762413 0
outer loop
vertex -23.53898811340332 -51.90165328979492 1.7000000476837158
vertex -23.53898811340332 -51.90165328979492 0
vertex -23.366779327392578 -51.867401123046875 1.7000000476837158
endloop
endfacet
facet normal 0.5555772839934787 -0.8314649009491799 0
outer loop
vertex -23.684978485107422 -51.999202728271484 1.7000000476837158
vertex -23.684978485107422 -51.999202728271484 0
vertex -23.53898811340332 -51.90165328979492 1.7000000476837158
endloop
endfacet
facet normal 0.8314665660174577 -0.5555747920803612 0
outer loop
vertex -23.78252601623535 -52.14519119262695 1.7000000476837158
vertex -23.78252601623535 -52.14519119262695 0
vertex -23.684978485107422 -51.999202728271484 1.7000000476837158
endloop
endfacet
facet normal 0.9807852845629332 -0.19509030110388895 0
outer loop
vertex -23.81678009033203 -52.31739807128906 1.7000000476837158
vertex -23.81678009033203 -52.31739807128906 0
vertex -23.78252601623535 -52.14519119262695 1.7000000476837158
endloop
endfacet
facet normal 0.9807861114401027 0.19508614406513386 0
outer loop
vertex -23.78252601623535 -52.48960876464844 1.7000000476837158
vertex -23.78252601623535 -52.48960876464844 0
vertex -23.81678009033203 -52.31739807128906 1.7000000476837158
endloop
endfacet
facet normal 0.5555772839934787 0.8314649009491799 0
outer loop
vertex -23.53898811340332 -52.73314666748047 1.7000000476837158
vertex -23.53898811340332 -52.73314666748047 0
vertex -23.684978485107422 -52.635597229003906 1.7000000476837158
endloop
endfacet
facet normal 0.8314665660174577 0.5555747920803612 0
outer loop
vertex -23.684978485107422 -52.635597229003906 1.7000000476837158
vertex -23.684978485107422 -52.635597229003906 0
vertex -23.78252601623535 -52.48960876464844 1.7000000476837158
endloop
endfacet
facet normal 0.19507777299013523 0.9807877764762413 0
outer loop
vertex -23.366779327392578 -52.767398834228516 1.7000000476837158
vertex -23.366779327392578 -52.767398834228516 0
vertex -23.53898811340332 -52.73314666748047 1.7000000476837158
endloop
endfacet
facet normal 0.5555772839934787 -0.8314649009491799 0
outer loop
vertex -23.53898811340332 -51.90165328979492 0
vertex -23.53898811340332 -51.90165328979492 1.7000000476837158
vertex -23.684978485107422 -51.999202728271484 0
endloop
endfacet
facet normal 0.8314665660174577 -0.5555747920803612 0
outer loop
vertex -23.684978485107422 -51.999202728271484 0
vertex -23.684978485107422 -51.999202728271484 1.7000000476837158
vertex -23.78252601623535 -52.14519119262695 0
endloop
endfacet
facet normal 0.9807852845629332 -0.19509030110388895 0
outer loop
vertex -23.78252601623535 -52.14519119262695 0
vertex -23.78252601623535 -52.14519119262695 1.7000000476837158
vertex -23.81678009033203 -52.31739807128906 0
endloop
endfacet
facet normal 0.9807861114401027 0.19508614406513386 0
outer loop
vertex -23.81678009033203 -52.31739807128906 0
vertex -23.81678009033203 -52.31739807128906 1.7000000476837158
vertex -23.78252601623535 -52.48960876464844 0
endloop
endfacet
facet normal 0.5555772839934787 0.8314649009491799 0
outer loop
vertex -23.684978485107422 -52.635597229003906 0
vertex -23.684978485107422 -52.635597229003906 1.7000000476837158
vertex -23.53898811340332 -52.73314666748047 0
endloop
endfacet
facet normal 0.8314665660174577 0.5555747920803612 0
outer loop
vertex -23.684978485107422 -52.635597229003906 0
vertex -23.78252601623535 -52.48960876464844 0
vertex -23.78252601623535 -52.48960876464844 1.7000000476837158
endloop
endfacet
facet normal -0.1950798514286955 0.9807873630744628 0
outer loop
vertex -23.19457244873047 -52.73314666748047 0
vertex -23.366779327392578 -52.767398834228516 0
vertex -23.366779327392578 -52.767398834228516 1.7000000476837158
endloop
endfacet
facet normal 0 0 -1
outer loop
vertex -23.19457244873047 -51.90165328979492 1.7000000476837158
vertex -23.048582077026367 -51.999202728271484 1.7000000476837158
vertex -23.19457244873047 -52.73314666748047 1.7000000476837158
endloop
endfacet
facet normal -0.9807861114401027 0.19508614406513386 0
outer loop
vertex -22.951034545898438 -52.48960876464844 0
vertex -22.951034545898438 -52.48960876464844 1.7000000476837158
vertex -22.916780471801758 -52.31739807128906 0
endloop
endfacet
facet normal 0 0 -1
outer loop
vertex -23.782779693603516 -53.75960922241211 1.7000000476837158
vertex -23.817033767700195 -53.587398529052734 1.7000000476837158
vertex -23.782779693603516 -53.415191650390625 1.7000000476837158
endloop
endfacet
facet normal 0.5555772839934787 0.8314649009491799 0
outer loop
vertex -23.539241790771484 -54.00314712524414 1.7000000476837158
vertex -23.539241790771484 -54.00314712524414 0
vertex -23.685232162475586 -53.90559768676758 1.7000000476837158
endloop
endfacet
facet normal 0 0 -1
outer loop
vertex -22.9512882232666 -53.415191650390625 1.7000000476837158
vertex -23.04883575439453 -53.90559768676758 1.7000000476837158
vertex -23.04883575439453 -53.269203186035156 1.7000000476837158
endloop
endfacet
facet normal 0 0 -1
outer loop
vertex -22.9512882232666 -53.75960922241211 1.7000000476837158
vertex -23.04883575439453 -53.90559768676758 1.7000000476837158
vertex -22.9512882232666 -53.415191650390625 1.7000000476837158
endloop
endfacet
facet normal 0.5555772839934787 0.8314649009491799 0
outer loop
vertex -23.539241790771484 -54.00314712524414 0
vertex -23.685232162475586 -53.90559768676758 0
vertex -23.685232162475586 -53.90559768676758 1.7000000476837158
endloop
endfacet
facet normal 0.8314665660174577 0.5555747920803612 0
outer loop
vertex -23.685232162475586 -53.90559768676758 0
vertex -23.782779693603516 -53.75960922241211 0
vertex -23.782779693603516 -53.75960922241211 1.7000000476837158
endloop
endfacet
facet normal 0.19507777299013523 0.9807877764762413 0
outer loop
vertex -23.367033004760742 -54.03739929199219 0
vertex -23.539241790771484 -54.00314712524414 0
vertex -23.539241790771484 -54.00314712524414 1.7000000476837158
endloop
endfacet
facet normal -0.1950798514286955 0.9807873630744628 0
outer loop
vertex -23.367033004760742 -54.03739929199219 0
vertex -23.367033004760742 -54.03739929199219 1.7000000476837158
vertex -23.194826126098633 -54.00314712524414 0
endloop
endfacet
facet normal 0.9807861114401027 0.19508614406513386 0
outer loop
vertex -23.817033767700195 -53.587398529052734 0
vertex -23.817033767700195 -53.587398529052734 1.7000000476837158
vertex -23.782779693603516 -53.75960922241211 0
endloop
endfacet
facet normal 0.9807852845629332 -0.19509030110388895 0
outer loop
vertex -23.782779693603516 -53.415191650390625 0
vertex -23.782779693603516 -53.415191650390625 1.7000000476837158
vertex -23.817033767700195 -53.587398529052734 0
endloop
endfacet
facet normal 0.8314665660174577 -0.5555747920803612 0
outer loop
vertex -23.685232162475586 -53.269203186035156 0
vertex -23.685232162475586 -53.269203186035156 1.7000000476837158
vertex -23.782779693603516 -53.415191650390625 0
endloop
endfacet
facet normal 0.5555772839934787 -0.8314649009491799 0
outer loop
vertex -23.539241790771484 -53.171653747558594 0
vertex -23.539241790771484 -53.171653747558594 1.7000000476837158
vertex -23.685232162475586 -53.269203186035156 0
endloop
endfacet
facet normal 0.19507777299013523 -0.9807877764762413 0
outer loop
vertex -23.367033004760742 -53.13740158081055 0
vertex -23.367033004760742 -53.13740158081055 1.7000000476837158
vertex -23.539241790771484 -53.171653747558594 0
endloop
endfacet
facet normal 0.9807861114401027 0.19508614406513386 0
outer loop
vertex -23.782779693603516 -53.75960922241211 1.7000000476837158
vertex -23.782779693603516 -53.75960922241211 0
vertex -23.817033767700195 -53.587398529052734 1.7000000476837158
endloop
endfacet
facet normal 0.8314665660174577 0.5555747920803612 0
outer loop
vertex -23.685232162475586 -53.90559768676758 1.7000000476837158
vertex -23.685232162475586 -53.90559768676758 0
vertex -23.782779693603516 -53.75960922241211 1.7000000476837158
endloop
endfacet
facet normal 0.19507777299013523 0.9807877764762413 0
outer loop
vertex -23.367033004760742 -54.03739929199219 1.7000000476837158
vertex -23.367033004760742 -54.03739929199219 0
vertex -23.539241790771484 -54.00314712524414 1.7000000476837158
endloop
endfacet
facet normal 0.9807852845629332 -0.19509030110388895 0
outer loop
vertex -23.817033767700195 -53.587398529052734 1.7000000476837158
vertex -23.817033767700195 -53.587398529052734 0
vertex -23.782779693603516 -53.415191650390625 1.7000000476837158
endloop
endfacet
facet normal 0.8314665660174577 -0.5555747920803612 0
outer loop
vertex -23.782779693603516 -53.415191650390625 1.7000000476837158
vertex -23.782779693603516 -53.415191650390625 0
vertex -23.685232162475586 -53.269203186035156 1.7000000476837158
endloop
endfacet
facet normal 0.5555772839934787 -0.8314649009491799 0
outer loop
vertex -23.685232162475586 -53.269203186035156 1.7000000476837158
vertex -23.685232162475586 -53.269203186035156 0
vertex -23.539241790771484 -53.171653747558594 1.7000000476837158
endloop
endfacet
facet normal 0.19507777299013523 -0.9807877764762413 0
outer loop
vertex -23.539241790771484 -53.171653747558594 1.7000000476837158
vertex -23.539241790771484 -53.171653747558594 0
vertex -23.367033004760742 -53.13740158081055 1.7000000476837158
endloop
endfacet
facet normal -0.1950798514286955 -0.9807873630744628 0
outer loop
vertex -23.367033004760742 -53.13740158081055 1.7000000476837158
vertex -23.367033004760742 -53.13740158081055 0
vertex -23.194826126098633 -53.171653747558594 1.7000000476837158
endloop
endfacet
facet normal -0.1950798514286955 0.9807873630744628 0
outer loop
vertex -23.194826126098633 -54.00314712524414 1.7000000476837158
vertex -23.194826126098633 -54.00314712524414 0
vertex -23.367033004760742 -54.03739929199219 1.7000000476837158
endloop
endfacet
facet normal -0.5555772839934787 0.8314649009491799 0
outer loop
vertex -23.04883575439453 -53.90559768676758 1.7000000476837158
vertex -23.04883575439453 -53.90559768676758 0
vertex -23.194826126098633 -54.00314712524414 1.7000000476837158
endloop
endfacet
facet normal -0.8314665660174577 0.5555747920803612 0
outer loop
vertex -22.9512882232666 -53.75960922241211 1.7000000476837158
vertex -22.9512882232666 -53.75960922241211 0
vertex -23.04883575439453 -53.90559768676758 1.7000000476837158
endloop
endfacet
facet normal -0.5555772839934787 -0.8314649009491799 0
outer loop
vertex -23.194826126098633 -53.171653747558594 1.7000000476837158
vertex -23.194826126098633 -53.171653747558594 0
vertex -23.04883575439453 -53.269203186035156 1.7000000476837158
endloop
endfacet
facet normal -0.8314665660174577 -0.5555747920803612 0
outer loop
vertex -23.04883575439453 -53.269203186035156 1.7000000476837158
vertex -23.04883575439453 -53.269203186035156 0
vertex -22.9512882232666 -53.415191650390625 1.7000000476837158
endloop
endfacet
facet normal -0.9807861114401027 0.19508614406513386 0
outer loop
vertex -22.917034149169922 -53.587398529052734 1.7000000476837158
vertex -22.917034149169922 -53.587398529052734 0
vertex -22.9512882232666 -53.75960922241211 1.7000000476837158
endloop
endfacet
facet normal -0.9807852845629332 -0.19509030110388895 0
outer loop
vertex -22.9512882232666 -53.415191650390625 1.7000000476837158
vertex -22.9512882232666 -53.415191650390625 0
vertex -22.917034149169922 -53.587398529052734 1.7000000476837158
endloop
endfacet
facet normal -0.5555772839934787 0.8314649009491799 0
outer loop
vertex -23.194826126098633 -54.00314712524414 0
vertex -23.194826126098633 -54.00314712524414 1.7000000476837158
vertex -23.04883575439453 -53.90559768676758 0
endloop
endfacet
facet normal -0.8314665660174577 0.5555747920803612 0
outer loop
vertex -23.04883575439453 -53.90559768676758 0
vertex -23.04883575439453 -53.90559768676758 1.7000000476837158
vertex -22.9512882232666 -53.75960922241211 0
endloop
endfacet
facet normal -0.9807861114401027 0.19508614406513386 0
outer loop
vertex -22.9512882232666 -53.75960922241211 0
vertex -22.9512882232666 -53.75960922241211 1.7000000476837158
vertex -22.917034149169922 -53.587398529052734 0
endloop
endfacet
facet normal -0.5555772839934787 -0.8314649009491799 0
outer loop
vertex -23.194826126098633 -53.171653747558594 0
vertex -23.04883575439453 -53.269203186035156 0
vertex -23.04883575439453 -53.269203186035156 1.7000000476837158
endloop
endfacet
facet normal -0.9807852845629332 -0.19509030110388895 0
outer loop
vertex -22.917034149169922 -53.587398529052734 0
vertex -22.917034149169922 -53.587398529052734 1.7000000476837158
vertex -22.9512882232666 -53.415191650390625 0
endloop
endfacet
facet normal -0.8314665660174577 -0.5555747920803612 0
outer loop
vertex -22.9512882232666 -53.415191650390625 0
vertex -22.9512882232666 -53.415191650390625 1.7000000476837158
vertex -23.04883575439453 -53.269203186035156 0
endloop
endfacet
facet normal -0.1950798514286955 -0.9807873630744628 0
outer loop
vertex -23.194826126098633 -53.171653747558594 0
vertex -23.194826126098633 -53.171653747558594 1.7000000476837158
vertex -23.367033004760742 -53.13740158081055 0
endloop
endfacet
facet normal 0 0 -1
outer loop
vertex -23.539241790771484 -54.00314712524414 1.7000000476837158
vertex -23.685232162475586 -53.90559768676758 1.7000000476837158
vertex -23.539241790771484 -53.171653747558594 1.7000000476837158
endloop
endfacet
facet normal 0 0 -1
outer loop
vertex -23.685232162475586 -53.90559768676758 1.7000000476837158
vertex -23.782779693603516 -53.75960922241211 1.7000000476837158
vertex -23.685232162475586 -53.269203186035156 1.7000000476837158
endloop
endfacet
facet normal 0 0 -1
outer loop
vertex -23.539241790771484 -53.171653747558594 1.7000000476837158
vertex -23.685232162475586 -53.90559768676758 1.7000000476837158
vertex -23.685232162475586 -53.269203186035156 1.7000000476837158
endloop
endfacet
facet normal 0 0 -1
outer loop
vertex -23.367033004760742 -54.03739929199219 1.7000000476837158
vertex -23.367033004760742 -53.13740158081055 1.7000000476837158
vertex -23.194826126098633 -53.171653747558594 1.7000000476837158
endloop
endfacet
facet normal 0 0 -1
outer loop
vertex -23.367033004760742 -53.13740158081055 1.7000000476837158
vertex -23.539241790771484 -54.00314712524414 1.7000000476837158
vertex -23.539241790771484 -53.171653747558594 1.7000000476837158
endloop
endfacet
facet normal 0 0 -1
outer loop
vertex -23.194826126098633 -54.00314712524414 1.7000000476837158
vertex -23.367033004760742 -54.03739929199219 1.7000000476837158
vertex -23.194826126098633 -53.171653747558594 1.7000000476837158
endloop
endfacet
facet normal 0 0 -1
outer loop
vertex -23.04883575439453 -53.90559768676758 1.7000000476837158
vertex -23.194826126098633 -54.00314712524414 1.7000000476837158
vertex -23.04883575439453 -53.269203186035156 1.7000000476837158
endloop
endfacet
facet normal 0 0 -1
outer loop
vertex -23.194826126098633 -53.171653747558594 1.7000000476837158
vertex -23.04883575439453 -53.269203186035156 1.7000000476837158
vertex -23.194826126098633 -54.00314712524414 1.7000000476837158
endloop
endfacet
facet normal 0 0 -1
outer loop
vertex -22.917034149169922 -53.587398529052734 1.7000000476837158
vertex -22.9512882232666 -53.75960922241211 1.7000000476837158
vertex -22.9512882232666 -53.415191650390625 1.7000000476837158
endloop
endfacet
facet normal 0 0 -1
outer loop
vertex -23.367033004760742 -54.03739929199219 1.7000000476837158
vertex -23.539241790771484 -54.00314712524414 1.7000000476837158
vertex -23.367033004760742 -53.13740158081055 1.7000000476837158
endloop
endfacet
facet normal 0 0 -1
outer loop
vertex -23.782779693603516 -53.75960922241211 1.7000000476837158
vertex -23.782779693603516 -53.415191650390625 1.7000000476837158
vertex -23.685232162475586 -53.269203186035156 1.7000000476837158
endloop
endfacet
facet normal 0 0 -1
outer loop
vertex -6.0488739013671875 -49.45920181274414 1.7000000476837158
vertex -6.194864273071289 -50.193145751953125 1.7000000476837158
vertex -6.194864273071289 -49.36165237426758 1.7000000476837158
endloop
endfacet
facet normal 0 0 -1
outer loop
vertex -6.194864273071289 -50.193145751953125 1.7000000476837158
vertex -6.367072105407715 -50.22740173339844 1.7000000476837158
vertex -6.194864273071289 -49.36165237426758 1.7000000476837158
endloop
endfacet
facet normal 0 0 -1
outer loop
vertex -6.0488739013671875 -49.45920181274414 1.7000000476837158
vertex -5.951326370239258 -49.605194091796875 1.7000000476837158
vertex -6.0488739013671875 -50.09559631347656 1.7000000476837158
endloop
endfacet
facet normal 0 0 -1
outer loop
vertex -5.91707181930542 -49.777400970458984 1.7000000476837158
vertex -5.951326370239258 -49.949607849121094 1.7000000476837158
vertex -5.951326370239258 -49.605194091796875 1.7000000476837158
endloop
endfacet
facet normal 0.5555772839934787 -0.8314649009491799 0
outer loop
vertex -6.685269832611084 -49.45920181274414 1.7000000476837158
vertex -6.685269832611084 -49.45920181274414 0
vertex -6.539279460906982 -49.36165237426758 1.7000000476837158
endloop
endfacet
facet normal -0.19509971138541468 0.9807834126948354 0
outer loop
vertex -6.194864273071289 -50.193145751953125 1.7000000476837158
vertex -6.194864273071289 -50.193145751953125 0
vertex -6.367072105407715 -50.22740173339844 1.7000000476837158
endloop
endfacet
facet normal 0.19510023104767313 0.9807833093222704 0
outer loop
vertex -6.367072105407715 -50.22740173339844 1.7000000476837158
vertex -6.367072105407715 -50.22740173339844 0
vertex -6.539279460906982 -50.193145751953125 1.7000000476837158
endloop
endfacet
facet normal 0.9807852845629332 -0.19509030110388895 0
outer loop
vertex -6.782817840576172 -49.605194091796875 0
vertex -6.782817840576172 -49.605194091796875 1.7000000476837158
vertex -6.817071914672852 -49.777400970458984 0
endloop
endfacet
facet normal 0.9807852845629332 0.19509030110388895 0
outer loop
vertex -6.817071914672852 -49.777400970458984 0
vertex -6.817071914672852 -49.777400970458984 1.7000000476837158
vertex -6.782817840576172 -49.949607849121094 0
endloop
endfacet
facet normal 0.8314653114796824 0.5555766696019502 0
outer loop
vertex -6.685269832611084 -50.09559631347656 0
vertex -6.782817840576172 -49.949607849121094 0
vertex -6.782817840576172 -49.949607849121094 1.7000000476837158
endloop
endfacet
facet normal 0.5555772839934787 0.8314649009491799 0
outer loop
vertex -6.539279460906982 -50.193145751953125 1.7000000476837158
vertex -6.539279460906982 -50.193145751953125 0
vertex -6.685269832611084 -50.09559631347656 1.7000000476837158
endloop
endfacet
facet normal 0.8314653114796824 0.5555766696019502 0
outer loop
vertex -6.685269832611084 -50.09559631347656 1.7000000476837158
vertex -6.685269832611084 -50.09559631347656 0
vertex -6.782817840576172 -49.949607849121094 1.7000000476837158
endloop
endfacet
facet normal 0.5555772839934787 0.8314649009491799 0
outer loop
vertex -6.539279460906982 -50.193145751953125 0
vertex -6.685269832611084 -50.09559631347656 0
vertex -6.685269832611084 -50.09559631347656 1.7000000476837158
endloop
endfacet
facet normal 0.19510023104767313 0.9807833093222704 0
outer loop
vertex -6.367072105407715 -50.22740173339844 0
vertex -6.539279460906982 -50.193145751953125 0
vertex -6.539279460906982 -50.193145751953125 1.7000000476837158
endloop
endfacet
facet normal -0.19509971138541468 0.9807834126948354 0
outer loop
vertex -6.194864273071289 -50.193145751953125 0
vertex -6.367072105407715 -50.22740173339844 0
vertex -6.367072105407715 -50.22740173339844 1.7000000476837158
endloop
endfacet
facet normal 0.8314720174542991 -0.5555666334387602 0
outer loop
vertex -6.685269832611084 -49.45920181274414 0
vertex -6.685269832611084 -49.45920181274414 1.7000000476837158
vertex -6.782817840576172 -49.605194091796875 0
endloop
endfacet
facet normal 0.5555772839934787 -0.8314649009491799 0
outer loop
vertex -6.539279460906982 -49.36165237426758 0
vertex -6.539279460906982 -49.36165237426758 1.7000000476837158
vertex -6.685269832611084 -49.45920181274414 0
endloop
endfacet
facet normal 0 0 -1
outer loop
vertex -6.782817840576172 -49.949607849121094 1.7000000476837158
vertex -6.782817840576172 -49.605194091796875 1.7000000476837158
vertex -6.685269832611084 -49.45920181274414 1.7000000476837158
endloop
endfacet
facet normal 0 0 -1
outer loop
vertex -6.782817840576172 -49.949607849121094 1.7000000476837158
vertex -6.817071914672852 -49.777400970458984 1.7000000476837158
vertex -6.782817840576172 -49.605194091796875 1.7000000476837158
endloop
endfacet
facet normal 0.19507933181498546 -0.9807874664261461 0
outer loop
vertex -6.367072105407715 -49.32740020751953 0
vertex -6.367072105407715 -49.32740020751953 1.7000000476837158
vertex -6.539279460906982 -49.36165237426758 0
endloop
endfacet
facet normal -0.1950788122039888 -0.9807875697770038 0
outer loop
vertex -6.194864273071289 -49.36165237426758 0
vertex -6.194864273071289 -49.36165237426758 1.7000000476837158
vertex -6.367072105407715 -49.32740020751953 0
endloop
endfacet
facet normal -0.5555772839934787 0.8314649009491799 0
outer loop
vertex -6.0488739013671875 -50.09559631347656 0
vertex -6.194864273071289 -50.193145751953125 0
vertex -6.194864273071289 -50.193145751953125 1.7000000476837158
endloop
endfacet
facet normal -0.8314665660174577 0.5555747920803612 0
outer loop
vertex -6.0488739013671875 -50.09559631347656 0
vertex -6.0488739013671875 -50.09559631347656 1.7000000476837158
vertex -5.951326370239258 -49.949607849121094 0
endloop
endfacet
facet normal -0.9807847649190312 0.1950929135123066 0
outer loop
vertex -5.951326370239258 -49.949607849121094 0
vertex -5.951326370239258 -49.949607849121094 1.7000000476837158
vertex -5.91707181930542 -49.777400970458984 0
endloop
endfacet
facet normal -0.9807847649190312 -0.1950929135123066 0
outer loop
vertex -5.91707181930542 -49.777400970458984 0
vertex -5.91707181930542 -49.777400970458984 1.7000000476837158
vertex -5.951326370239258 -49.605194091796875 0
endloop
endfacet
facet normal -0.8314732719568675 -0.5555647559208026 0
outer loop
vertex -5.951326370239258 -49.605194091796875 0
vertex -5.951326370239258 -49.605194091796875 1.7000000476837158
vertex -6.0488739013671875 -49.45920181274414 0
endloop
endfacet
facet normal 0.8314720174542991 -0.5555666334387602 0
outer loop
vertex -6.782817840576172 -49.605194091796875 1.7000000476837158
vertex -6.782817840576172 -49.605194091796875 0
vertex -6.685269832611084 -49.45920181274414 1.7000000476837158
endloop
endfacet
facet normal 0.9807852845629332 -0.19509030110388895 0
outer loop
vertex -6.817071914672852 -49.777400970458984 1.7000000476837158
vertex -6.817071914672852 -49.777400970458984 0
vertex -6.782817840576172 -49.605194091796875 1.7000000476837158
endloop
endfacet
facet normal 0.9807852845629332 0.19509030110388895 0
outer loop
vertex -6.782817840576172 -49.949607849121094 1.7000000476837158
vertex -6.782817840576172 -49.949607849121094 0
vertex -6.817071914672852 -49.777400970458984 1.7000000476837158
endloop
endfacet
facet normal -0.5555772839934787 -0.8314649009491799 0
outer loop
vertex -6.0488739013671875 -49.45920181274414 0
vertex -6.0488739013671875 -49.45920181274414 1.7000000476837158
vertex -6.194864273071289 -49.36165237426758 0
endloop
endfacet
facet normal 0.19507933181498546 -0.9807874664261461 0
outer loop
vertex -6.539279460906982 -49.36165237426758 1.7000000476837158
vertex -6.539279460906982 -49.36165237426758 0
vertex -6.367072105407715 -49.32740020751953 1.7000000476837158
endloop
endfacet
facet normal -0.1950788122039888 -0.9807875697770038 0
outer loop
vertex -6.367072105407715 -49.32740020751953 1.7000000476837158
vertex -6.367072105407715 -49.32740020751953 0
vertex -6.194864273071289 -49.36165237426758 1.7000000476837158
endloop
endfacet
facet normal -0.5555772839934787 0.8314649009491799 0
outer loop
vertex -6.0488739013671875 -50.09559631347656 1.7000000476837158
vertex -6.0488739013671875 -50.09559631347656 0
vertex -6.194864273071289 -50.193145751953125 1.7000000476837158
endloop
endfacet
facet normal 0 0 -1
outer loop
vertex -5.951326370239258 -49.949607849121094 1.7000000476837158
vertex -6.0488739013671875 -50.09559631347656 1.7000000476837158
vertex -5.951326370239258 -49.605194091796875 1.7000000476837158
endloop
endfacet
facet normal -0.8314665660174577 0.5555747920803612 0
outer loop
vertex -5.951326370239258 -49.949607849121094 1.7000000476837158
vertex -5.951326370239258 -49.949607849121094 0
vertex -6.0488739013671875 -50.09559631347656 1.7000000476837158
endloop
endfacet
facet normal -0.9807847649190312 0.1950929135123066 0
outer loop
vertex -5.91707181930542 -49.777400970458984 1.7000000476837158
vertex -5.91707181930542 -49.777400970458984 0
vertex -5.951326370239258 -49.949607849121094 1.7000000476837158
endloop
endfacet
facet normal -0.8314732719568675 -0.5555647559208026 0
outer loop
vertex -6.0488739013671875 -49.45920181274414 1.7000000476837158
vertex -6.0488739013671875 -49.45920181274414 0
vertex -5.951326370239258 -49.605194091796875 1.7000000476837158
endloop
endfacet
facet normal -0.9807847649190312 -0.1950929135123066 0
outer loop
vertex -5.951326370239258 -49.605194091796875 1.7000000476837158
vertex -5.951326370239258 -49.605194091796875 0
vertex -5.91707181930542 -49.777400970458984 1.7000000476837158
endloop
endfacet
facet normal -0.5555772839934787 -0.8314649009491799 0
outer loop
vertex -6.194864273071289 -49.36165237426758 1.7000000476837158
vertex -6.194864273071289 -49.36165237426758 0
vertex -6.0488739013671875 -49.45920181274414 1.7000000476837158
endloop
endfacet
facet normal 0 0 -1
outer loop
vertex -6.685269832611084 -50.09559631347656 1.7000000476837158
vertex -6.782817840576172 -49.949607849121094 1.7000000476837158
vertex -6.685269832611084 -49.45920181274414 1.7000000476837158
endloop
endfacet
facet normal 0 0 -1
outer loop
vertex -6.539279460906982 -50.193145751953125 1.7000000476837158
vertex -6.685269832611084 -50.09559631347656 1.7000000476837158
vertex -6.539279460906982 -49.36165237426758 1.7000000476837158
endloop
endfacet
facet normal 0 0 -1
outer loop
vertex -6.0488739013671875 -50.09559631347656 1.7000000476837158
vertex -6.194864273071289 -50.193145751953125 1.7000000476837158
vertex -6.0488739013671875 -49.45920181274414 1.7000000476837158
endloop
endfacet
facet normal 0 0 -1
outer loop
vertex -6.194864273071289 -49.36165237426758 1.7000000476837158
vertex -6.367072105407715 -50.22740173339844 1.7000000476837158
vertex -6.367072105407715 -49.32740020751953 1.7000000476837158
endloop
endfacet
facet normal 0 0 -1
outer loop
vertex -6.367072105407715 -49.32740020751953 1.7000000476837158
vertex -6.539279460906982 -50.193145751953125 1.7000000476837158
vertex -6.539279460906982 -49.36165237426758 1.7000000476837158
endloop
endfacet
facet normal 0 0 -1
outer loop
vertex -6.539279460906982 -49.36165237426758 1.7000000476837158
vertex -6.685269832611084 -50.09559631347656 1.7000000476837158
vertex -6.685269832611084 -49.45920181274414 1.7000000476837158
endloop
endfacet
facet normal 0 0 -1
outer loop
vertex -6.367072105407715 -50.22740173339844 1.7000000476837158
vertex -6.539279460906982 -50.193145751953125 1.7000000476837158
vertex -6.367072105407715 -49.32740020751953 1.7000000476837158
endloop
endfacet
facet normal 0.9807852845629332 0.19509030110388895 0
outer loop
vertex -6.782817840576172 -51.219608306884766 1.7000000476837158
vertex -6.782817840576172 -51.219608306884766 0
vertex -6.817071914672852 -51.047401428222656 1.7000000476837158
endloop
endfacet
facet normal 0 0 -1
outer loop
vertex -6.539279460906982 -50.63165283203125 1.7000000476837158
vertex -6.685269832611084 -51.365596771240234 1.7000000476837158
vertex -6.685269832611084 -50.72920227050781 1.7000000476837158
endloop
endfacet
facet normal -0.9807855918179081 -0.1950887564222905 0
outer loop
vertex -5.91707181930542 -51.047401428222656 0
vertex -5.91707181930542 -51.047401428222656 1.7000000476837158
vertex -5.951326370239258 -50.87519073486328 0
endloop
endfacet
facet normal 0 0 -1
outer loop
vertex -6.0488739013671875 -50.72920227050781 1.7000000476837158
vertex -6.194864273071289 -51.4631462097168 1.7000000476837158
vertex -6.194864273071289 -50.63165283203125 1.7000000476837158
endloop
endfacet
facet normal 0 0 -1
outer loop
vertex -5.91707181930542 -51.047401428222656 1.7000000476837158
vertex -5.951326370239258 -51.219608306884766 1.7000000476837158
vertex -5.951326370239258 -50.87519073486328 1.7000000476837158
endloop
endfacet
facet normal 0 0 -1
outer loop
vertex -5.951326370239258 -51.219608306884766 1.7000000476837158
vertex -6.0488739013671875 -51.365596771240234 1.7000000476837158
vertex -5.951326370239258 -50.87519073486328 1.7000000476837158
endloop
endfacet
facet normal 0 0 -1
outer loop
vertex -6.0488739013671875 -50.72920227050781 1.7000000476837158
vertex -5.951326370239258 -50.87519073486328 1.7000000476837158
vertex -6.0488739013671875 -51.365596771240234 1.7000000476837158
endloop
endfacet
facet normal -0.9807847649190312 0.1950929135123066 0
outer loop
vertex -5.951326370239258 -51.219608306884766 0
vertex -5.951326370239258 -51.219608306884766 1.7000000476837158
vertex -5.91707181930542 -51.047401428222656 0
endloop
endfacet
facet normal -0.1950788122039888 -0.9807875697770038 0
outer loop
vertex -6.194864273071289 -50.63165283203125 0
vertex -6.194864273071289 -50.63165283203125 1.7000000476837158
vertex -6.367072105407715 -50.5974006652832 0
endloop
endfacet
facet normal 0.19507933181498546 -0.9807874664261461 0
outer loop
vertex -6.367072105407715 -50.5974006652832 0
vertex -6.367072105407715 -50.5974006652832 1.7000000476837158
vertex -6.539279460906982 -50.63165283203125 0
endloop
endfacet
facet normal 0.5555772839934787 -0.8314649009491799 0
outer loop
vertex -6.539279460906982 -50.63165283203125 0
vertex -6.539279460906982 -50.63165283203125 1.7000000476837158
vertex -6.685269832611084 -50.72920227050781 0
endloop
endfacet
facet normal -0.5555772839934787 0.8314649009491799 0
outer loop
vertex -6.0488739013671875 -51.365596771240234 1.7000000476837158
vertex -6.0488739013671875 -51.365596771240234 0
vertex -6.194864273071289 -51.4631462097168 1.7000000476837158
endloop
endfacet
facet normal 0.8314653114796824 -0.5555766696019502 0
outer loop
vertex -6.685269832611084 -50.72920227050781 0
vertex -6.685269832611084 -50.72920227050781 1.7000000476837158
vertex -6.782817840576172 -50.87519073486328 0
endloop
endfacet
facet normal 0 0 -1
outer loop
vertex -6.0488739013671875 -51.365596771240234 1.7000000476837158
vertex -6.194864273071289 -51.4631462097168 1.7000000476837158
vertex -6.0488739013671875 -50.72920227050781 1.7000000476837158
endloop
endfacet
facet normal 0 0 -1
outer loop
vertex -6.194864273071289 -50.63165283203125 1.7000000476837158
vertex -6.367072105407715 -51.497398376464844 1.7000000476837158
vertex -6.367072105407715 -50.5974006652832 1.7000000476837158
endloop
endfacet
facet normal 0 0 -1
outer loop
vertex -6.194864273071289 -51.4631462097168 1.7000000476837158
vertex -6.367072105407715 -51.497398376464844 1.7000000476837158
vertex -6.194864273071289 -50.63165283203125 1.7000000476837158
endloop
endfacet
facet normal 0.5555772839934787 0.8314649009491799 0
outer loop
vertex -6.539279460906982 -51.4631462097168 1.7000000476837158
vertex -6.539279460906982 -51.4631462097168 0
vertex -6.685269832611084 -51.365596771240234 1.7000000476837158
endloop
endfacet
facet normal 0.8314653114796824 0.5555766696019502 0
outer loop
vertex -6.685269832611084 -51.365596771240234 1.7000000476837158
vertex -6.685269832611084 -51.365596771240234 0
vertex -6.782817840576172 -51.219608306884766 1.7000000476837158
endloop
endfacet
facet normal 0.9807861114401027 -0.19508614406513386 0
outer loop
vertex -6.782817840576172 -50.87519073486328 0
vertex -6.782817840576172 -50.87519073486328 1.7000000476837158
vertex -6.817071914672852 -51.047401428222656 0
endloop
endfacet
facet normal 0.9807852845629332 0.19509030110388895 0
outer loop
vertex -6.817071914672852 -51.047401428222656 0
vertex -6.817071914672852 -51.047401428222656 1.7000000476837158
vertex -6.782817840576172 -51.219608306884766 0
endloop
endfacet
facet normal -0.8314665660174577 0.5555747920803612 0
outer loop
vertex -6.0488739013671875 -51.365596771240234 0
vertex -6.0488739013671875 -51.365596771240234 1.7000000476837158
vertex -5.951326370239258 -51.219608306884766 0
endloop
endfacet
facet normal -0.8314665660174577 0.5555747920803612 0
outer loop
vertex -5.951326370239258 -51.219608306884766 1.7000000476837158
vertex -5.951326370239258 -51.219608306884766 0
vertex -6.0488739013671875 -51.365596771240234 1.7000000476837158
endloop
endfacet
facet normal -0.1950788122039888 0.9807875697770038 0
outer loop
vertex -6.194864273071289 -51.4631462097168 1.7000000476837158
vertex -6.194864273071289 -51.4631462097168 0
vertex -6.367072105407715 -51.497398376464844 1.7000000476837158
endloop
endfacet
facet normal -0.5555772839934787 -0.8314649009491799 0
outer loop
vertex -6.0488739013671875 -50.72920227050781 0
vertex -6.0488739013671875 -50.72920227050781 1.7000000476837158
vertex -6.194864273071289 -50.63165283203125 0
endloop
endfacet
facet normal 0.19507933181498546 0.9807874664261461 0
outer loop
vertex -6.367072105407715 -51.497398376464844 1.7000000476837158
vertex -6.367072105407715 -51.497398376464844 0
vertex -6.539279460906982 -51.4631462097168 1.7000000476837158
endloop
endfacet
facet normal 0.9807861114401027 -0.19508614406513386 0
outer loop
vertex -6.817071914672852 -51.047401428222656 1.7000000476837158
vertex -6.817071914672852 -51.047401428222656 0
vertex -6.782817840576172 -50.87519073486328 1.7000000476837158
endloop
endfacet
facet normal 0.8314653114796824 -0.5555766696019502 0
outer loop
vertex -6.782817840576172 -50.87519073486328 1.7000000476837158
vertex -6.782817840576172 -50.87519073486328 0
vertex -6.685269832611084 -50.72920227050781 1.7000000476837158
endloop
endfacet
facet normal -0.5555772839934787 0.8314649009491799 0
outer loop
vertex -6.0488739013671875 -51.365596771240234 0
vertex -6.194864273071289 -51.4631462097168 0
vertex -6.194864273071289 -51.4631462097168 1.7000000476837158
endloop
endfacet
facet normal -0.5555772839934787 -0.8314649009491799 0
outer loop
vertex -6.194864273071289 -50.63165283203125 1.7000000476837158
vertex -6.194864273071289 -50.63165283203125 0
vertex -6.0488739013671875 -50.72920227050781 1.7000000476837158
endloop
endfacet
facet normal -0.9807855918179081 -0.1950887564222905 0
outer loop
vertex -5.951326370239258 -50.87519073486328 1.7000000476837158
vertex -5.951326370239258 -50.87519073486328 0
vertex -5.91707181930542 -51.047401428222656 1.7000000476837158
endloop
endfacet
facet normal 0.5555772839934787 -0.8314649009491799 0
outer loop
vertex -6.685269832611084 -50.72920227050781 1.7000000476837158
vertex -6.685269832611084 -50.72920227050781 0
vertex -6.539279460906982 -50.63165283203125 1.7000000476837158
endloop
endfacet
facet normal 0.19507933181498546 -0.9807874664261461 0
outer loop
vertex -6.539279460906982 -50.63165283203125 1.7000000476837158
vertex -6.539279460906982 -50.63165283203125 0
vertex -6.367072105407715 -50.5974006652832 1.7000000476837158
endloop
endfacet
facet normal -0.8314665660174577 -0.5555747920803612 0
outer loop
vertex -6.0488739013671875 -50.72920227050781 1.7000000476837158
vertex -6.0488739013671875 -50.72920227050781 0
vertex -5.951326370239258 -50.87519073486328 1.7000000476837158
endloop
endfacet
facet normal -0.9807847649190312 0.1950929135123066 0
outer loop
vertex -5.91707181930542 -51.047401428222656 1.7000000476837158
vertex -5.91707181930542 -51.047401428222656 0
vertex -5.951326370239258 -51.219608306884766 1.7000000476837158
endloop
endfacet
facet normal -0.1950788122039888 -0.9807875697770038 0
outer loop
vertex -6.367072105407715 -50.5974006652832 1.7000000476837158
vertex -6.367072105407715 -50.5974006652832 0
vertex -6.194864273071289 -50.63165283203125 1.7000000476837158
endloop
endfacet
facet normal -0.1950788122039888 0.9807875697770038 0
outer loop
vertex -6.194864273071289 -51.4631462097168 0
vertex -6.367072105407715 -51.497398376464844 0
vertex -6.367072105407715 -51.497398376464844 1.7000000476837158
endloop
endfacet
facet normal 0.5555772839934787 0.8314649009491799 0
outer loop
vertex -6.539279460906982 -51.4631462097168 0
vertex -6.685269832611084 -51.365596771240234 0
vertex -6.685269832611084 -51.365596771240234 1.7000000476837158
endloop
endfacet
facet normal 0.19507933181498546 0.9807874664261461 0
outer loop
vertex -6.367072105407715 -51.497398376464844 0
vertex -6.539279460906982 -51.4631462097168 0
vertex -6.539279460906982 -51.4631462097168 1.7000000476837158
endloop
endfacet
facet normal 0.8314653114796824 0.5555766696019502 0
outer loop
vertex -6.782817840576172 -51.219608306884766 0
vertex -6.782817840576172 -51.219608306884766 1.7000000476837158
vertex -6.685269832611084 -51.365596771240234 0
endloop
endfacet
facet normal 0 0 -1
outer loop
vertex -6.367072105407715 -51.497398376464844 1.7000000476837158
vertex -6.539279460906982 -51.4631462097168 1.7000000476837158
vertex -6.367072105407715 -50.5974006652832 1.7000000476837158
endloop
endfacet
facet normal 0 0 -1
outer loop
vertex -6.539279460906982 -51.4631462097168 1.7000000476837158
vertex -6.539279460906982 -50.63165283203125 1.7000000476837158
vertex -6.367072105407715 -50.5974006652832 1.7000000476837158
endloop
endfacet
facet normal 0 0 -1
outer loop
vertex -6.782817840576172 -51.219608306884766 1.7000000476837158
vertex -6.817071914672852 -51.047401428222656 1.7000000476837158
vertex -6.782817840576172 -50.87519073486328 1.7000000476837158
endloop
endfacet
facet normal 0 0 -1
outer loop
vertex -6.782817840576172 -51.219608306884766 1.7000000476837158
vertex -6.782817840576172 -50.87519073486328 1.7000000476837158
vertex -6.685269832611084 -50.72920227050781 1.7000000476837158
endloop
endfacet
facet normal 0 0 -1
outer loop
vertex -6.685269832611084 -51.365596771240234 1.7000000476837158
vertex -6.782817840576172 -51.219608306884766 1.7000000476837158
vertex -6.685269832611084 -50.72920227050781 1.7000000476837158
endloop
endfacet
facet normal 0 0 -1
outer loop
vertex -6.539279460906982 -51.4631462097168 1.7000000476837158
vertex -6.685269832611084 -51.365596771240234 1.7000000476837158
vertex -6.539279460906982 -50.63165283203125 1.7000000476837158
endloop
endfacet
facet normal -0.8314665660174577 -0.5555747920803612 0
outer loop
vertex -5.951326370239258 -50.87519073486328 0
vertex -5.951326370239258 -50.87519073486328 1.7000000476837158
vertex -6.0488739013671875 -50.72920227050781 0
endloop
endfacet
facet normal -0.8314665660174577 -0.5555747920803612 0
outer loop
vertex -6.0488739013671875 -51.999202728271484 1.7000000476837158
vertex -6.0488739013671875 -51.999202728271484 0
vertex -5.951326370239258 -52.14519119262695 1.7000000476837158
endloop
endfacet
facet normal 0.19507933181498546 0.9807874664261461 0
outer loop
vertex -6.367072105407715 -52.767398834228516 1.7000000476837158
vertex -6.367072105407715 -52.767398834228516 0
vertex -6.539279460906982 -52.73314666748047 1.7000000476837158
endloop
endfacet
facet normal 0.9807852845629332 -0.19509030110388895 0
outer loop
vertex -6.817071914672852 -52.31739807128906 1.7000000476837158
vertex -6.817071914672852 -52.31739807128906 0
vertex -6.782817840576172 -52.14519119262695 1.7000000476837158
endloop
endfacet
facet normal 0 0 -1
outer loop
vertex -6.0488739013671875 -51.999202728271484 1.7000000476837158
vertex -6.194864273071289 -52.73314666748047 1.7000000476837158
vertex -6.194864273071289 -51.90165328979492 1.7000000476837158
endloop
endfacet
facet normal 0.19507933181498546 0.9807874664261461 0
outer loop
vertex -6.367072105407715 -52.767398834228516 0
vertex -6.539279460906982 -52.73314666748047 0
vertex -6.539279460906982 -52.73314666748047 1.7000000476837158
endloop
endfacet
facet normal 0 0 -1
outer loop
vertex -6.194864273071289 -51.90165328979492 1.7000000476837158
vertex -6.367072105407715 -52.767398834228516 1.7000000476837158
vertex -6.367072105407715 -51.867401123046875 1.7000000476837158
endloop
endfacet
facet normal 0.8314653114796824 -0.5555766696019502 0
outer loop
vertex -6.782817840576172 -52.14519119262695 1.7000000476837158
vertex -6.782817840576172 -52.14519119262695 0
vertex -6.685269832611084 -51.999202728271484 1.7000000476837158
endloop
endfacet
facet normal -0.1950788122039888 0.9807875697770038 0
outer loop
vertex -6.194864273071289 -52.73314666748047 0
vertex -6.367072105407715 -52.767398834228516 0
vertex -6.367072105407715 -52.767398834228516 1.7000000476837158
endloop
endfacet
facet normal 0.5555772839934787 0.8314649009491799 0
outer loop
vertex -6.685269832611084 -52.635597229003906 0
vertex -6.685269832611084 -52.635597229003906 1.7000000476837158
vertex -6.539279460906982 -52.73314666748047 0
endloop
endfacet
facet normal -0.5555772839934787 0.8314649009491799 0
outer loop
vertex -6.0488739013671875 -52.635597229003906 0
vertex -6.194864273071289 -52.73314666748047 0
vertex -6.194864273071289 -52.73314666748047 1.7000000476837158
endloop
endfacet
facet normal -0.8314665660174577 0.5555747920803612 0
outer loop
vertex -6.0488739013671875 -52.635597229003906 0
vertex -6.0488739013671875 -52.635597229003906 1.7000000476837158
vertex -5.951326370239258 -52.48960876464844 0
endloop
endfacet
facet normal -0.9807855918179081 0.1950887564222905 0
outer loop
vertex -5.951326370239258 -52.48960876464844 0
vertex -5.951326370239258 -52.48960876464844 1.7000000476837158
vertex -5.91707181930542 -52.31739807128906 0
endloop
endfacet
facet normal -0.9807847649190312 -0.1950929135123066 0
outer loop
vertex -5.91707181930542 -52.31739807128906 0
vertex -5.91707181930542 -52.31739807128906 1.7000000476837158
vertex -5.951326370239258 -52.14519119262695 0
endloop
endfacet
facet normal 0.8314653114796824 -0.5555766696019502 0
outer loop
vertex -6.685269832611084 -51.999202728271484 0
vertex -6.685269832611084 -51.999202728271484 1.7000000476837158
vertex -6.782817840576172 -52.14519119262695 0
endloop
endfacet
facet normal 0.5555772839934787 -0.8314649009491799 0
outer loop
vertex -6.539279460906982 -51.90165328979492 0
vertex -6.539279460906982 -51.90165328979492 1.7000000476837158
vertex -6.685269832611084 -51.999202728271484 0
endloop
endfacet
facet normal 0.19507933181498546 -0.9807874664261461 0
outer loop
vertex -6.367072105407715 -51.867401123046875 0
vertex -6.367072105407715 -51.867401123046875 1.7000000476837158
vertex -6.539279460906982 -51.90165328979492 0
endloop
endfacet
facet normal -0.1950788122039888 -0.9807875697770038 0
outer loop
vertex -6.194864273071289 -51.90165328979492 0
vertex -6.194864273071289 -51.90165328979492 1.7000000476837158
vertex -6.367072105407715 -51.867401123046875 0
endloop
endfacet
facet normal 0.9807852845629332 -0.19509030110388895 0
outer loop
vertex -6.782817840576172 -52.14519119262695 0
vertex -6.782817840576172 -52.14519119262695 1.7000000476837158
vertex -6.817071914672852 -52.31739807128906 0
endloop
endfacet
facet normal 0.9807861114401027 0.19508614406513386 0
outer loop
vertex -6.817071914672852 -52.31739807128906 0
vertex -6.817071914672852 -52.31739807128906 1.7000000476837158
vertex -6.782817840576172 -52.48960876464844 0
endloop
endfacet
facet normal 0.8314653114796824 0.5555766696019502 0
outer loop
vertex -6.685269832611084 -52.635597229003906 0
vertex -6.782817840576172 -52.48960876464844 0
vertex -6.782817840576172 -52.48960876464844 1.7000000476837158
endloop
endfacet
facet normal -0.5555772839934787 -0.8314649009491799 0
outer loop
vertex -6.0488739013671875 -51.999202728271484 0
vertex -6.0488739013671875 -51.999202728271484 1.7000000476837158
vertex -6.194864273071289 -51.90165328979492 0
endloop
endfacet
facet normal -0.8314665660174577 -0.5555747920803612 0
outer loop
vertex -5.951326370239258 -52.14519119262695 0
vertex -5.951326370239258 -52.14519119262695 1.7000000476837158
vertex -6.0488739013671875 -51.999202728271484 0
endloop
endfacet
facet normal 0 0 -1
outer loop
vertex -6.367072105407715 -51.867401123046875 1.7000000476837158
vertex -6.539279460906982 -52.73314666748047 1.7000000476837158
vertex -6.539279460906982 -51.90165328979492 1.7000000476837158
endloop
endfacet
facet normal 0 0 -1
outer loop
vertex -6.539279460906982 -51.90165328979492 1.7000000476837158
vertex -6.685269832611084 -52.635597229003906 1.7000000476837158
vertex -6.685269832611084 -51.999202728271484 1.7000000476837158
endloop
endfacet
facet normal 0 0 -1
outer loop
vertex -5.91707181930542 -52.31739807128906 1.7000000476837158
vertex -5.951326370239258 -52.48960876464844 1.7000000476837158
vertex -5.951326370239258 -52.14519119262695 1.7000000476837158
endloop
endfacet
facet normal 0 0 -1
outer loop
vertex -5.951326370239258 -52.48960876464844 1.7000000476837158
vertex -6.0488739013671875 -52.635597229003906 1.7000000476837158
vertex -5.951326370239258 -52.14519119262695 1.7000000476837158
endloop
endfacet
facet normal 0 0 -1
outer loop
vertex -6.0488739013671875 -51.999202728271484 1.7000000476837158
vertex -5.951326370239258 -52.14519119262695 1.7000000476837158
vertex -6.0488739013671875 -52.635597229003906 1.7000000476837158
endloop
endfacet
facet normal 0.5555772839934787 -0.8314649009491799 0
outer loop
vertex -6.685269832611084 -51.999202728271484 1.7000000476837158
vertex -6.685269832611084 -51.999202728271484 0
vertex -6.539279460906982 -51.90165328979492 1.7000000476837158
endloop
endfacet
facet normal 0.19507933181498546 -0.9807874664261461 0
outer loop
vertex -6.539279460906982 -51.90165328979492 1.7000000476837158
vertex -6.539279460906982 -51.90165328979492 0
vertex -6.367072105407715 -51.867401123046875 1.7000000476837158
endloop
endfacet
facet normal 0 0 -1
outer loop
vertex -6.0488739013671875 -52.635597229003906 1.7000000476837158
vertex -6.194864273071289 -52.73314666748047 1.7000000476837158
vertex -6.0488739013671875 -51.999202728271484 1.7000000476837158
endloop
endfacet
facet normal 0 0 -1
outer loop
vertex -6.367072105407715 -52.767398834228516 1.7000000476837158
vertex -6.539279460906982 -52.73314666748047 1.7000000476837158
vertex -6.367072105407715 -51.867401123046875 1.7000000476837158
endloop
endfacet
facet normal 0 0 -1
outer loop
vertex -6.194864273071289 -52.73314666748047 1.7000000476837158
vertex -6.367072105407715 -52.767398834228516 1.7000000476837158
vertex -6.194864273071289 -51.90165328979492 1.7000000476837158
endloop
endfacet
facet normal 0 0 -1
outer loop
vertex -6.782817840576172 -52.48960876464844 1.7000000476837158
vertex -6.817071914672852 -52.31739807128906 1.7000000476837158
vertex -6.782817840576172 -52.14519119262695 1.7000000476837158
endloop
endfacet
facet normal -0.1950788122039888 -0.9807875697770038 0
outer loop
vertex -6.367072105407715 -51.867401123046875 1.7000000476837158
vertex -6.367072105407715 -51.867401123046875 0
vertex -6.194864273071289 -51.90165328979492 1.7000000476837158
endloop
endfacet
facet normal 0 0 -1
outer loop
vertex -6.782817840576172 -52.48960876464844 1.7000000476837158
vertex -6.782817840576172 -52.14519119262695 1.7000000476837158
vertex -6.685269832611084 -51.999202728271484 1.7000000476837158
endloop
endfacet
facet normal 0 0 -1
outer loop
vertex -6.539279460906982 -52.73314666748047 1.7000000476837158
vertex -6.685269832611084 -52.635597229003906 1.7000000476837158
vertex -6.539279460906982 -51.90165328979492 1.7000000476837158
endloop
endfacet
facet normal 0 0 -1
outer loop
vertex -6.685269832611084 -52.635597229003906 1.7000000476837158
vertex -6.782817840576172 -52.48960876464844 1.7000000476837158
vertex -6.685269832611084 -51.999202728271484 1.7000000476837158
endloop
endfacet
facet normal -0.9807855918179081 0.1950887564222905 0
outer loop
vertex -5.91707181930542 -52.31739807128906 1.7000000476837158
vertex -5.91707181930542 -52.31739807128906 0
vertex -5.951326370239258 -52.48960876464844 1.7000000476837158
endloop
endfacet
facet normal -0.8314665660174577 0.5555747920803612 0
outer loop
vertex -5.951326370239258 -52.48960876464844 1.7000000476837158
vertex -5.951326370239258 -52.48960876464844 0
vertex -6.0488739013671875 -52.635597229003906 1.7000000476837158
endloop
endfacet
facet normal -0.5555772839934787 0.8314649009491799 0
outer loop
vertex -6.0488739013671875 -52.635597229003906 1.7000000476837158
vertex -6.0488739013671875 -52.635597229003906 0
vertex -6.194864273071289 -52.73314666748047 1.7000000476837158
endloop
endfacet
facet normal -0.5555772839934787 -0.8314649009491799 0
outer loop
vertex -6.194864273071289 -51.90165328979492 1.7000000476837158
vertex -6.194864273071289 -51.90165328979492 0
vertex -6.0488739013671875 -51.999202728271484 1.7000000476837158
endloop
endfacet
facet normal -0.9807847649190312 -0.1950929135123066 0
outer loop
vertex -5.951326370239258 -52.14519119262695 1.7000000476837158
vertex -5.951326370239258 -52.14519119262695 0
vertex -5.91707181930542 -52.31739807128906 1.7000000476837158
endloop
endfacet
facet normal 0.5555772839934787 0.8314649009491799 0
outer loop
vertex -6.539279460906982 -52.73314666748047 1.7000000476837158
vertex -6.539279460906982 -52.73314666748047 0
vertex -6.685269832611084 -52.635597229003906 1.7000000476837158
endloop
endfacet
facet normal 0.8314653114796824 0.5555766696019502 0
outer loop
vertex -6.685269832611084 -52.635597229003906 1.7000000476837158
vertex -6.685269832611084 -52.635597229003906 0
vertex -6.782817840576172 -52.48960876464844 1.7000000476837158
endloop
endfacet
facet normal -0.1950788122039888 0.9807875697770038 0
outer loop
vertex -6.194864273071289 -52.73314666748047 1.7000000476837158
vertex -6.194864273071289 -52.73314666748047 0
vertex -6.367072105407715 -52.767398834228516 1.7000000476837158
endloop
endfacet
facet normal 0.9807861114401027 0.19508614406513386 0
outer loop
vertex -6.782817840576172 -52.48960876464844 1.7000000476837158
vertex -6.782817840576172 -52.48960876464844 0
vertex -6.817071914672852 -52.31739807128906 1.7000000476837158
endloop
endfacet
facet normal -0.9807855918179081 0.1950887564222905 0
outer loop
vertex -5.951326370239258 -53.75960922241211 0
vertex -5.951326370239258 -53.75960922241211 1.7000000476837158
vertex -5.91707181930542 -53.587398529052734 0
endloop
endfacet
facet normal 0 0 -1
outer loop
vertex -6.194864273071289 -53.171653747558594 1.7000000476837158
vertex -6.367072105407715 -54.03739929199219 1.7000000476837158
vertex -6.367072105407715 -53.13740158081055 1.7000000476837158
endloop
endfacet
facet normal 0.5555772839934787 0.8314649009491799 0
outer loop
vertex -6.539279460906982 -54.00314712524414 1.7000000476837158
vertex -6.539279460906982 -54.00314712524414 0
vertex -6.685269832611084 -53.90559768676758 1.7000000476837158
endloop
endfacet
facet normal -0.1950788122039888 -0.9807875697770038 0
outer loop
vertex -6.194864273071289 -53.171653747558594 0
vertex -6.194864273071289 -53.171653747558594 1.7000000476837158
vertex -6.367072105407715 -53.13740158081055 0
endloop
endfacet
facet normal 0.19507933181498546 -0.9807874664261461 0
outer loop
vertex -6.367072105407715 -53.13740158081055 0
vertex -6.367072105407715 -53.13740158081055 1.7000000476837158
vertex -6.539279460906982 -53.171653747558594 0
endloop
endfacet
facet normal -0.8314665660174577 -0.5555747920803612 0
outer loop
vertex -5.951326370239258 -53.415191650390625 0
vertex -5.951326370239258 -53.415191650390625 1.7000000476837158
vertex -6.0488739013671875 -53.269203186035156 0
endloop
endfacet
facet normal -0.5555772839934787 -0.8314649009491799 0
outer loop
vertex -6.194864273071289 -53.171653747558594 0
vertex -6.0488739013671875 -53.269203186035156 0
vertex -6.0488739013671875 -53.269203186035156 1.7000000476837158
endloop
endfacet
facet normal -0.9807847649190312 -0.1950929135123066 0
outer loop
vertex -5.91707181930542 -53.587398529052734 0
vertex -5.91707181930542 -53.587398529052734 1.7000000476837158
vertex -5.951326370239258 -53.415191650390625 0
endloop
endfacet
facet normal -0.8314665660174577 0.5555747920803612 0
outer loop
vertex -6.0488739013671875 -53.90559768676758 0
vertex -6.0488739013671875 -53.90559768676758 1.7000000476837158
vertex -5.951326370239258 -53.75960922241211 0
endloop
endfacet
facet normal 0.8314653114796824 -0.5555766696019502 0
outer loop
vertex -6.782817840576172 -53.415191650390625 1.7000000476837158
vertex -6.782817840576172 -53.415191650390625 0
vertex -6.685269832611084 -53.269203186035156 1.7000000476837158
endloop
endfacet
facet normal -0.5555772839934787 0.8314649009491799 0
outer loop
vertex -6.194864273071289 -54.00314712524414 0
vertex -6.194864273071289 -54.00314712524414 1.7000000476837158
vertex -6.0488739013671875 -53.90559768676758 0
endloop
endfacet
facet normal 0.5555772839934787 -0.8314649009491799 0
outer loop
vertex -6.539279460906982 -53.171653747558594 0
vertex -6.539279460906982 -53.171653747558594 1.7000000476837158
vertex -6.685269832611084 -53.269203186035156 0
endloop
endfacet
facet normal 0.8314653114796824 -0.5555766696019502 0
outer loop
vertex -6.685269832611084 -53.269203186035156 0
vertex -6.685269832611084 -53.269203186035156 1.7000000476837158
vertex -6.782817840576172 -53.415191650390625 0
endloop
endfacet
facet normal -0.1950788122039888 0.9807875697770038 0
outer loop
vertex -6.367072105407715 -54.03739929199219 0
vertex -6.367072105407715 -54.03739929199219 1.7000000476837158
vertex -6.194864273071289 -54.00314712524414 0
endloop
endfacet
facet normal 0.9807852845629332 -0.19509030110388895 0
outer loop
vertex -6.817071914672852 -53.587398529052734 1.7000000476837158
vertex -6.817071914672852 -53.587398529052734 0
vertex -6.782817840576172 -53.415191650390625 1.7000000476837158
endloop
endfacet
facet normal 0.19507933181498546 0.9807874664261461 0
outer loop
vertex -6.367072105407715 -54.03739929199219 0
vertex -6.539279460906982 -54.00314712524414 0
vertex -6.539279460906982 -54.00314712524414 1.7000000476837158
endloop
endfacet
facet normal 0.5555772839934787 0.8314649009491799 0
outer loop
vertex -6.685269832611084 -53.90559768676758 0
vertex -6.685269832611084 -53.90559768676758 1.7000000476837158
vertex -6.539279460906982 -54.00314712524414 0
endloop
endfacet
facet normal 0.9807861114401027 0.19508614406513386 0
outer loop
vertex -6.782817840576172 -53.75960922241211 1.7000000476837158
vertex -6.782817840576172 -53.75960922241211 0
vertex -6.817071914672852 -53.587398529052734 1.7000000476837158
endloop
endfacet
facet normal 0.9807852845629332 -0.19509030110388895 0
outer loop
vertex -6.782817840576172 -53.415191650390625 0
vertex -6.782817840576172 -53.415191650390625 1.7000000476837158
vertex -6.817071914672852 -53.587398529052734 0
endloop
endfacet
facet normal 0.9807861114401027 0.19508614406513386 0
outer loop
vertex -6.817071914672852 -53.587398529052734 0
vertex -6.817071914672852 -53.587398529052734 1.7000000476837158
vertex -6.782817840576172 -53.75960922241211 0
endloop
endfacet
facet normal 0.8314653114796824 0.5555766696019502 0
outer loop
vertex -6.685269832611084 -53.90559768676758 0
vertex -6.782817840576172 -53.75960922241211 0
vertex -6.782817840576172 -53.75960922241211 1.7000000476837158
endloop
endfacet
facet normal 0 0 -1
outer loop
vertex -6.782817840576172 -53.75960922241211 1.7000000476837158
vertex -6.817071914672852 -53.587398529052734 1.7000000476837158
vertex -6.782817840576172 -53.415191650390625 1.7000000476837158
endloop
endfacet
facet normal 0 0 -1
outer loop
vertex -6.782817840576172 -53.75960922241211 1.7000000476837158
vertex -6.782817840576172 -53.415191650390625 1.7000000476837158
vertex -6.685269832611084 -53.269203186035156 1.7000000476837158
endloop
endfacet
facet normal 0 0 -1
outer loop
vertex -6.539279460906982 -54.00314712524414 1.7000000476837158
vertex -6.685269832611084 -53.90559768676758 1.7000000476837158
vertex -6.539279460906982 -53.171653747558594 1.7000000476837158
endloop
endfacet
facet normal 0 0 -1
outer loop
vertex -6.367072105407715 -54.03739929199219 1.7000000476837158
vertex -6.539279460906982 -54.00314712524414 1.7000000476837158
vertex -6.367072105407715 -53.13740158081055 1.7000000476837158
endloop
endfacet
facet normal 0 0 -1
outer loop
vertex -6.194864273071289 -54.00314712524414 1.7000000476837158
vertex -6.367072105407715 -54.03739929199219 1.7000000476837158
vertex -6.194864273071289 -53.171653747558594 1.7000000476837158
endloop
endfacet
facet normal 0 0 -1
outer loop
vertex -6.685269832611084 -53.90559768676758 1.7000000476837158
vertex -6.782817840576172 -53.75960922241211 1.7000000476837158
vertex -6.685269832611084 -53.269203186035156 1.7000000476837158
endloop
endfacet
facet normal 0 0 -1
outer loop
vertex -6.539279460906982 -53.171653747558594 1.7000000476837158
vertex -6.685269832611084 -53.90559768676758 1.7000000476837158
vertex -6.685269832611084 -53.269203186035156 1.7000000476837158
endloop
endfacet
facet normal 0 0 -1
outer loop
vertex -5.951326370239258 -53.75960922241211 1.7000000476837158
vertex -6.0488739013671875 -53.90559768676758 1.7000000476837158
vertex -5.951326370239258 -53.415191650390625 1.7000000476837158
endloop
endfacet
facet normal 0 0 -1
outer loop
vertex -5.951326370239258 -53.415191650390625 1.7000000476837158
vertex -6.0488739013671875 -53.90559768676758 1.7000000476837158
vertex -6.0488739013671875 -53.269203186035156 1.7000000476837158
endloop
endfacet
facet normal 0 0 -1
outer loop
vertex -6.194864273071289 -53.171653747558594 1.7000000476837158
vertex -6.0488739013671875 -53.269203186035156 1.7000000476837158
vertex -6.194864273071289 -54.00314712524414 1.7000000476837158
endloop
endfacet
facet normal 0.19507933181498546 0.9807874664261461 0
outer loop
vertex -6.367072105407715 -54.03739929199219 1.7000000476837158
vertex -6.367072105407715 -54.03739929199219 0
vertex -6.539279460906982 -54.00314712524414 1.7000000476837158
endloop
endfacet
facet normal -0.1950788122039888 0.9807875697770038 0
outer loop
vertex -6.194864273071289 -54.00314712524414 1.7000000476837158
vertex -6.194864273071289 -54.00314712524414 0
vertex -6.367072105407715 -54.03739929199219 1.7000000476837158
endloop
endfacet
facet normal 0.5555772839934787 -0.8314649009491799 0
outer loop
vertex -6.685269832611084 -53.269203186035156 1.7000000476837158
vertex -6.685269832611084 -53.269203186035156 0
vertex -6.539279460906982 -53.171653747558594 1.7000000476837158
endloop
endfacet
facet normal -0.5555772839934787 0.8314649009491799 0
outer loop
vertex -6.0488739013671875 -53.90559768676758 1.7000000476837158
vertex -6.0488739013671875 -53.90559768676758 0
vertex -6.194864273071289 -54.00314712524414 1.7000000476837158
endloop
endfacet
facet normal -0.8314665660174577 0.5555747920803612 0
outer loop
vertex -5.951326370239258 -53.75960922241211 1.7000000476837158
vertex -5.951326370239258 -53.75960922241211 0
vertex -6.0488739013671875 -53.90559768676758 1.7000000476837158
endloop
endfacet
facet normal -0.9807855918179081 0.1950887564222905 0
outer loop
vertex -5.91707181930542 -53.587398529052734 1.7000000476837158
vertex -5.91707181930542 -53.587398529052734 0
vertex -5.951326370239258 -53.75960922241211 1.7000000476837158
endloop
endfacet
facet normal -0.9807847649190312 -0.1950929135123066 0
outer loop
vertex -5.951326370239258 -53.415191650390625 1.7000000476837158
vertex -5.951326370239258 -53.415191650390625 0
vertex -5.91707181930542 -53.587398529052734 1.7000000476837158
endloop
endfacet
facet normal -0.8314665660174577 -0.5555747920803612 0
outer loop
vertex -6.0488739013671875 -53.269203186035156 1.7000000476837158
vertex -6.0488739013671875 -53.269203186035156 0
vertex -5.951326370239258 -53.415191650390625 1.7000000476837158
endloop
endfacet
facet normal -0.5555772839934787 -0.8314649009491799 0
outer loop
vertex -6.194864273071289 -53.171653747558594 1.7000000476837158
vertex -6.194864273071289 -53.171653747558594 0
vertex -6.0488739013671875 -53.269203186035156 1.7000000476837158
endloop
endfacet
facet normal 0.19507933181498546 -0.9807874664261461 0
outer loop
vertex -6.539279460906982 -53.171653747558594 1.7000000476837158
vertex -6.539279460906982 -53.171653747558594 0
vertex -6.367072105407715 -53.13740158081055 1.7000000476837158
endloop
endfacet
facet normal -0.1950788122039888 -0.9807875697770038 0
outer loop
vertex -6.367072105407715 -53.13740158081055 1.7000000476837158
vertex -6.367072105407715 -53.13740158081055 0
vertex -6.194864273071289 -53.171653747558594 1.7000000476837158
endloop
endfacet
facet normal 0 0 -1
outer loop
vertex -5.91707181930542 -53.587398529052734 1.7000000476837158
vertex -5.951326370239258 -53.75960922241211 1.7000000476837158
vertex -5.951326370239258 -53.415191650390625 1.7000000476837158
endloop
endfacet
facet normal 0 0 -1
outer loop
vertex -6.0488739013671875 -53.90559768676758 1.7000000476837158
vertex -6.194864273071289 -54.00314712524414 1.7000000476837158
vertex -6.0488739013671875 -53.269203186035156 1.7000000476837158
endloop
endfacet
facet normal 0 0 -1
outer loop
vertex -6.367072105407715 -53.13740158081055 1.7000000476837158
vertex -6.539279460906982 -54.00314712524414 1.7000000476837158
vertex -6.539279460906982 -53.171653747558594 1.7000000476837158
endloop
endfacet
facet normal 0.8314653114796824 0.5555766696019502 0
outer loop
vertex -6.685269832611084 -53.90559768676758 1.7000000476837158
vertex -6.685269832611084 -53.90559768676758 0
vertex -6.782817840576172 -53.75960922241211 1.7000000476837158
endloop
endfacet
facet normal 0 0 -1
outer loop
vertex -52.01935577392578 -52.89883041381836 0
vertex -52.616729736328125 -51.397796630859375 0
vertex -23.539241790771484 -54.00314712524414 0
endloop
endfacet
facet normal 0 0 -1
outer loop
vertex -9.985403060913086 -13.087503433227539 0
vertex -9.368951797485352 -9.591435432434082 0
vertex -9.296037673950195 -13.209056854248047 0
endloop
endfacet
facet normal 0 0 -1
outer loop
vertex -5.69504976272583 -26.789331436157227 0
vertex -7.559556007385254 -3.3609793186187744 0
vertex -5.32869815826416 -19.798925399780273 0
endloop
endfacet
facet normal 0 0 -1
outer loop
vertex 69.83495330810547 42.30860137939453 0
vertex 53.882450103759766 45.3211784362793 0
vertex 66.37657165527344 45.46747589111328 0
endloop
endfacet
facet normal 0 0 -1
outer loop
vertex 61.451656341552734 36.424076080322266 0
vertex 53.882450103759766 45.3211784362793 0
vertex 69.24523162841797 40.875125885009766 0
endloop
endfacet
facet normal 0 0 -1
outer loop
vertex 61.76105880737305 32.8875846862793 0
vertex 61.451656341552734 36.424076080322266 0
vertex 62.45839309692383 32.94859313964844 0
endloop
endfacet
facet normal 0 0 1
outer loop
vertex -23.677927017211914 -4.935981273651123 2.200000047683716
vertex -20.951650619506836 10.525500297546387 2.200000047683716
vertex -26.80318832397461 -15.173821449279785 2.200000047683716
endloop
endfacet
facet normal 0 0 1
outer loop
vertex -24.07691192626953 0.2876606285572052 2.200000047683716
vertex -26.80318832397461 -15.173821449279785 2.200000047683716
vertex -20.951650619506836 10.525500297546387 2.200000047683716
endloop
endfacet
facet normal 0 0 1
outer loop
vertex 69.83495330810547 42.30860137939453 2.200000047683716
vertex 66.37657165527344 45.46747589111328 2.200000047683716
vertex 53.882450103759766 45.3211784362793 2.200000047683716
endloop
endfacet
facet normal 0 0 1
outer loop
vertex -23.677927017211914 -4.935981273651123 2.200000047683716
vertex -23.903669357299805 -6.216231346130371 2.200000047683716
vertex -8.442187309265137 -8.94250774383545 2.200000047683716
endloop
endfacet
facet normal 0 0 1
outer loop
vertex 53.882450103759766 45.3211784362793 2.200000047683716
vertex 70.48910522460938 40.981475830078125 2.200000047683716
vertex 69.83495330810547 42.30860137939453 2.200000047683716
endloop
endfacet
facet normal 0 0 1
outer loop
vertex 53.882450103759766 45.3211784362793 2.200000047683716
vertex 69.24523162841797 40.875125885009766 2.200000047683716
vertex 70.48910522460938 40.981475830078125 2.200000047683716
endloop
endfacet
facet normal 0 0 -1
outer loop
vertex 50.697269439697266 47.188961029052734 0
vertex 46.68447494506836 52.41551971435547 0
vertex 49.807518005371094 49.0640869140625 0
endloop
endfacet
facet normal 0 0 -1
outer loop
vertex -23.685232162475586 -53.269203186035156 0
vertex -23.684978485107422 -52.635597229003906 0
vertex -23.539241790771484 -53.171653747558594 0
endloop
endfacet
facet normal 0 0 -1
outer loop
vertex -23.539241790771484 -53.171653747558594 0
vertex -23.684978485107422 -52.635597229003906 0
vertex -23.53898811340332 -52.73314666748047 0
endloop
endfacet
facet normal 0 0 1
outer loop
vertex 64.7158432006836 46.048526763916016 2.200000047683716
vertex 53.882450103759766 45.3211784362793 2.200000047683716
vertex 66.37657165527344 45.46747589111328 2.200000047683716
endloop
endfacet
facet normal 0 0 -1
outer loop
vertex -23.539241790771484 -53.171653747558594 0
vertex -23.53898811340332 -52.73314666748047 0
vertex -23.367033004760742 -53.13740158081055 0
endloop
endfacet
facet normal 0 0 -1
outer loop
vertex -23.367033004760742 -53.13740158081055 0
vertex -23.366779327392578 -52.767398834228516 0
vertex -23.194826126098633 -53.171653747558594 0
endloop
endfacet
facet normal 0 0 -1
outer loop
vertex -23.366779327392578 -52.767398834228516 0
vertex -23.367033004760742 -53.13740158081055 0
vertex -23.53898811340332 -52.73314666748047 0
endloop
endfacet
facet normal 0 0 -1
outer loop
vertex 50.697269439697266 47.188961029052734 0
vertex 47.40530776977539 35.1951789855957 0
vertex 46.68447494506836 52.41551971435547 0
endloop
endfacet
facet normal 0 0 -1
outer loop
vertex 53.882450103759766 45.3211784362793 0
vertex 47.40530776977539 35.1951789855957 0
vertex 53.67741775512695 45.369544982910156 0
endloop
endfacet
facet normal 0 0 -1
outer loop
vertex 47.40530776977539 35.1951789855957 0
vertex 50.83958435058594 47.03364562988281 0
vertex 53.67741775512695 45.369544982910156 0
endloop
endfacet
facet normal 0 0 1
outer loop
vertex 62.17888641357422 37.29075622558594 2.200000047683716
vertex 69.24523162841797 40.875125885009766 2.200000047683716
vertex 53.882450103759766 45.3211784362793 2.200000047683716
endloop
endfacet
facet normal 0 0 -1
outer loop
vertex 50.697269439697266 47.188961029052734 0
vertex 50.83958435058594 47.03364562988281 0
vertex 47.40530776977539 35.1951789855957 0
endloop
endfacet
facet normal 0 0 -1
outer loop
vertex 47.40530776977539 35.1951789855957 0
vertex 53.882450103759766 45.3211784362793 0
vertex 61.451656341552734 36.424076080322266 0
endloop
endfacet
facet normal 0 0 -1
outer loop
vertex 45.048194885253906 53.1292610168457 0
vertex 46.68447494506836 52.41551971435547 0
vertex 47.40530776977539 35.1951789855957 0
endloop
endfacet
facet normal 0 0 -1
outer loop
vertex 41.05796432495117 43.787601470947266 0
vertex 45.048194885253906 53.1292610168457 0
vertex 47.40530776977539 35.1951789855957 0
endloop
endfacet
facet normal 0 0 1
outer loop
vertex -26.629945755004883 -21.67771339416504 2.200000047683716
vertex -11.394207000732422 -25.684240341186523 2.200000047683716
vertex -11.168463706970215 -24.403989791870117 2.200000047683716
endloop
endfacet
facet normal 0 0 -1
outer loop
vertex 41.757965087890625 40.23759841918945 0
vertex 41.05796432495117 43.787601470947266 0
vertex 47.40530776977539 35.1951789855957 0
endloop
endfacet
facet normal 0 0 1
outer loop
vertex -14.1204833984375 -41.145721435546875 2.200000047683716
vertex -5.200899600982666 -15.449652671813965 2.200000047683716
vertex -11.394207000732422 -25.684240341186523 2.200000047683716
endloop
endfacet
facet normal 0 0 -1
outer loop
vertex 41.05796432495117 40.23759841918945 0
vertex 41.05796432495117 43.787601470947266 0
vertex 41.757965087890625 40.23759841918945 0
endloop
endfacet
facet normal 0 0 -1
outer loop
vertex 47.40530776977539 35.1951789855957 0
vertex 47.01737594604492 31.597679138183594 0
vertex 41.757965087890625 40.23759841918945 0
endloop
endfacet
facet normal 0 0 -1
outer loop
vertex 47.40530776977539 35.1951789855957 0
vertex 47.71471405029297 31.658687591552734 0
vertex 47.01737594604492 31.597679138183594 0
endloop
endfacet
facet normal 0 0 1
outer loop
vertex -11.394207000732422 -25.684240341186523 2.200000047683716
vertex -5.200899600982666 -15.449652671813965 2.200000047683716
vertex -11.168463706970215 -24.403989791870117 2.200000047683716
endloop
endfacet
facet normal 0 0 -1
outer loop
vertex 47.01737594604492 31.597679138183594 0
vertex 45.25716781616211 26.47477149963379 0
vertex 41.757965087890625 40.23759841918945 0
endloop
endfacet
facet normal 0 0 -1
outer loop
vertex 45.25716781616211 26.47477149963379 0
vertex 41.757965087890625 33.23759841918945 0
vertex 41.757965087890625 40.23759841918945 0
endloop
endfacet
facet normal 0 0 -1
outer loop
vertex 41.757965087890625 33.23759841918945 0
vertex 41.05796432495117 29.687599182128906 0
vertex 41.05796432495117 33.23759841918945 0
endloop
endfacet
facet normal 0 0 1
outer loop
vertex -5.200899600982666 -15.449652671813965 2.200000047683716
vertex -14.1204833984375 -41.145721435546875 2.200000047683716
vertex -6.022574424743652 -31.128135681152344 2.200000047683716
endloop
endfacet
facet normal 0.9963647555723307 0.08518963465874128 0
outer loop
vertex 72.81396484375 22.61275291442871 1.7000000476837158
vertex 72.81396484375 22.61275291442871 0.20000000298023224
vertex 72.46546173095703 26.688791275024414 1.7000000476837158
endloop
endfacet
facet normal 0.08518752897930805 -0.9963649356066279 0
outer loop
vertex 72.11650848388672 22.55312156677246 1.7000000476837158
vertex 72.81396484375 22.61275291442871 0.20000000298023224
vertex 72.81396484375 22.61275291442871 1.7000000476837158
endloop
endfacet
facet normal 0 0 1
outer loop
vertex -11.168463706970215 -24.403989791870117 2.200000047683716
vertex -5.200899600982666 -15.449652671813965 2.200000047683716
vertex -5.1328630447387695 -14.151433944702148 2.200000047683716
endloop
endfacet
facet normal 0 0 1
outer loop
vertex -8.442187309265137 -8.94250774383545 2.200000047683716
vertex -11.168463706970215 -24.403989791870117 2.200000047683716
vertex -5.1328630447387695 -14.151433944702148 2.200000047683716
endloop
endfacet
facet normal 0.9963649777551331 0.08518703600321535 0
outer loop
vertex 72.15721130371094 22.07705307006836 1.7000000476837158
vertex 72.11650848388672 22.55312156677246 0.20000000298023224
vertex 72.11650848388672 22.55312156677246 1.7000000476837158
endloop
endfacet
facet normal -0.08518752897930805 0.9963649356066279 0
outer loop
vertex 72.85466766357422 22.13668441772461 1.7000000476837158
vertex 72.15721130371094 22.07705307006836 0.20000000298023224
vertex 72.15721130371094 22.07705307006836 1.7000000476837158
endloop
endfacet
facet normal 0.9963648120199513 0.08518897445354617 0
outer loop
vertex 74.38806915283203 4.202118396759033 1.7000000476837158
vertex 72.85466766357422 22.13668441772461 0.20000000298023224
vertex 72.85466766357422 22.13668441772461 1.7000000476837158
endloop
endfacet
facet normal 0 0 -1
outer loop
vertex -23.78252601623535 -52.14519119262695 0
vertex -23.78252601623535 -51.219608306884766 0
vertex -23.684978485107422 -51.999202728271484 0
endloop
endfacet
facet normal 0 0 -1
outer loop
vertex -23.684978485107422 -51.999202728271484 0
vertex -23.684978485107422 -51.365596771240234 0
vertex -23.53898811340332 -51.90165328979492 0
endloop
endfacet
facet normal 0 0 -1
outer loop
vertex -23.53898811340332 -51.90165328979492 0
vertex -23.53898811340332 -51.4631462097168 0
vertex -23.366779327392578 -51.867401123046875 0
endloop
endfacet
facet normal 0 0 -1
outer loop
vertex -23.366779327392578 -51.867401123046875 0
vertex -23.366779327392578 -51.497398376464844 0
vertex -23.19457244873047 -51.90165328979492 0
endloop
endfacet
facet normal 0 0 -1
outer loop
vertex -23.684978485107422 -51.365596771240234 0
vertex -23.684978485107422 -51.999202728271484 0
vertex -23.78252601623535 -51.219608306884766 0
endloop
endfacet
facet normal 0 0 -1
outer loop
vertex -23.53898811340332 -51.4631462097168 0
vertex -23.53898811340332 -51.90165328979492 0
vertex -23.684978485107422 -51.365596771240234 0
endloop
endfacet
facet normal 0 0 -1
outer loop
vertex -23.366779327392578 -51.497398376464844 0
vertex -23.366779327392578 -51.867401123046875 0
vertex -23.53898811340332 -51.4631462097168 0
endloop
endfacet
facet normal 0.08518888148243611 -0.9963648199689566 0
outer loop
vertex 73.69061279296875 4.142486095428467 1.7000000476837158
vertex 74.38806915283203 4.202118396759033 0.20000000298023224
vertex 74.38806915283203 4.202118396759033 1.7000000476837158
endloop
endfacet
facet normal 0.9963649777551331 0.08518703600321535 0
outer loop
vertex 73.73131561279297 3.6664175987243652 1.7000000476837158
vertex 73.69061279296875 4.142486095428467 0.20000000298023224
vertex 73.69061279296875 4.142486095428467 1.7000000476837158
endloop
endfacet
facet normal -0.08518888148243611 0.9963648199689566 0
outer loop
vertex 74.42877197265625 3.7260499000549316 1.7000000476837158
vertex 73.73131561279297 3.6664175987243652 0.20000000298023224
vertex 73.73131561279297 3.6664175987243652 1.7000000476837158
endloop
endfacet
facet normal 0 0 -1
outer loop
vertex -23.78252601623535 -50.87519073486328 0
vertex -23.684978485107422 -50.09559631347656 0
vertex -23.684978485107422 -50.72920227050781 0
endloop
endfacet
facet normal 0 0 -1
outer loop
vertex -23.684978485107422 -50.09559631347656 0
vertex -23.78252601623535 -50.87519073486328 0
vertex -23.78252601623535 -49.949607849121094 0
endloop
endfacet
facet normal 0 0 -1
outer loop
vertex -23.684978485107422 -50.72920227050781 0
vertex -23.684978485107422 -50.09559631347656 0
vertex -23.53898811340332 -50.63165283203125 0
endloop
endfacet
facet normal 0 0 -1
outer loop
vertex -23.53898811340332 -50.63165283203125 0
vertex -23.684978485107422 -50.09559631347656 0
vertex -23.53898811340332 -50.193145751953125 0
endloop
endfacet
facet normal 0 0 -1
outer loop
vertex -23.53898811340332 -50.63165283203125 0
vertex -23.53898811340332 -50.193145751953125 0
vertex -23.366779327392578 -50.5974006652832 0
endloop
endfacet
facet normal 0 0 -1
outer loop
vertex -23.366779327392578 -50.5974006652832 0
vertex -23.366779327392578 -50.22740173339844 0
vertex -23.19457244873047 -50.63165283203125 0
endloop
endfacet
facet normal 0 0 -1
outer loop
vertex -23.366779327392578 -50.22740173339844 0
vertex -23.366779327392578 -50.5974006652832 0
vertex -23.53898811340332 -50.193145751953125 0
endloop
endfacet
facet normal 0 0 -1
outer loop
vertex -23.684978485107422 -49.45920181274414 0
vertex -23.684978485107422 -48.825599670410156 0
vertex -23.53898811340332 -49.36165237426758 0
endloop
endfacet
facet normal 0 0 -1
outer loop
vertex -23.53898811340332 -49.36165237426758 0
vertex -23.684978485107422 -48.825599670410156 0
vertex -23.53898811340332 -48.92314529418945 0
endloop
endfacet
facet normal 0 0 1
outer loop
vertex -23.677927017211914 -4.935981273651123 2.200000047683716
vertex -8.442187309265137 -8.94250774383545 2.200000047683716
vertex -8.216444969177246 -7.662257671356201 2.200000047683716
endloop
endfacet
facet normal 0 0 1
outer loop
vertex 62.17888641357422 37.29075622558594 2.200000047683716
vertex 63.5472297668457 21.65049934387207 2.200000047683716
vertex 69.24523162841797 40.875125885009766 2.200000047683716
endloop
endfacet
facet normal 0 0 1
outer loop
vertex -8.442187309265137 -8.94250774383545 2.200000047683716
vertex -5.1328630447387695 -14.151433944702148 2.200000047683716
vertex -8.216444969177246 -7.662257671356201 2.200000047683716
endloop
endfacet
facet normal 0 0 1
outer loop
vertex -5.1328630447387695 -14.151433944702148 2.200000047683716
vertex -5.200899600982666 -15.449652671813965 2.200000047683716
vertex 10.477583885192871 -16.27132797241211 2.200000047683716
endloop
endfacet
facet normal 0 0 -1
outer loop
vertex -23.53898811340332 -49.36165237426758 0
vertex -23.53898811340332 -48.92314529418945 0
vertex -23.366779327392578 -49.32740020751953 0
endloop
endfacet
facet normal 0 0 -1
outer loop
vertex -23.366779327392578 -49.32740020751953 0
vertex -23.366779327392578 -48.957401275634766 0
vertex -23.19457244873047 -49.36165237426758 0
endloop
endfacet
facet normal 0 0 1
outer loop
vertex -8.216444969177246 -7.662257671356201 2.200000047683716
vertex -5.1328630447387695 -14.151433944702148 2.200000047683716
vertex -4.311188697814941 1.5270494222640991 2.200000047683716
endloop
endfacet
facet normal 0 0 -1
outer loop
vertex -23.366779327392578 -48.957401275634766 0
vertex -23.366779327392578 -49.32740020751953 0
vertex -23.53898811340332 -48.92314529418945 0
endloop
endfacet
facet normal 0 0 1
outer loop
vertex 49.807518005371094 49.0640869140625 2.200000047683716
vertex 46.68447494506836 52.41551971435547 2.200000047683716
vertex 50.697269439697266 47.188961029052734 2.200000047683716
endloop
endfacet
facet normal 0 0 1
outer loop
vertex 53.882450103759766 45.3211784362793 2.200000047683716
vertex 53.67741775512695 45.369544982910156 2.200000047683716
vertex 62.17888641357422 37.29075622558594 2.200000047683716
endloop
endfacet
facet normal 0 0 1
outer loop
vertex 53.67741775512695 45.369544982910156 2.200000047683716
vertex 50.83958435058594 47.03364562988281 2.200000047683716
vertex 62.17888641357422 37.29075622558594 2.200000047683716
endloop
endfacet
facet normal 0 0 -1
outer loop
vertex -23.78252601623535 -48.3351936340332 0
vertex -23.684978485107422 -47.555599212646484 0
vertex -23.684978485107422 -48.18920135498047 0
endloop
endfacet
facet normal 0 0 -1
outer loop
vertex -23.684978485107422 -48.18920135498047 0
vertex -23.684978485107422 -47.555599212646484 0
vertex -23.53898811340332 -48.09165573120117 0
endloop
endfacet
facet normal 0 0 -1
outer loop
vertex -23.53898811340332 -48.09165573120117 0
vertex -23.53898811340332 -47.65314483642578 0
vertex -23.366779327392578 -48.05739974975586 0
endloop
endfacet
facet normal 0 0 -1
outer loop
vertex -23.366779327392578 -48.05739974975586 0
vertex -23.366779327392578 -47.687400817871094 0
vertex -23.19457244873047 -48.09165573120117 0
endloop
endfacet
facet normal 0 0 -1
outer loop
vertex -23.366779327392578 -47.687400817871094 0
vertex -23.366779327392578 -48.05739974975586 0
vertex -23.53898811340332 -47.65314483642578 0
endloop
endfacet
facet normal 0 0 -1
outer loop
vertex -23.53898811340332 -47.65314483642578 0
vertex -23.53898811340332 -48.09165573120117 0
vertex -23.684978485107422 -47.555599212646484 0
endloop
endfacet
facet normal 0 0 1
outer loop
vertex 50.83958435058594 47.03364562988281 2.200000047683716
vertex 46.53862762451172 35.92240905761719 2.200000047683716
vertex 62.17888641357422 37.29075622558594 2.200000047683716
endloop
endfacet
facet normal 0 0 1
outer loop
vertex 50.83958435058594 47.03364562988281 2.200000047683716
vertex 50.697269439697266 47.188961029052734 2.200000047683716
vertex 46.53862762451172 35.92240905761719 2.200000047683716
endloop
endfacet
facet normal 0 0 -1
outer loop
vertex -23.04883575439453 -53.269203186035156 0
vertex -23.194826126098633 -53.171653747558594 0
vertex -23.19457244873047 -52.73314666748047 0
endloop
endfacet
facet normal 0 0 1
outer loop
vertex 46.68447494506836 52.41551971435547 2.200000047683716
vertex 46.53862762451172 35.92240905761719 2.200000047683716
vertex 50.697269439697266 47.188961029052734 2.200000047683716
endloop
endfacet
facet normal 0 0 1
outer loop
vertex 46.68447494506836 52.41551971435547 2.200000047683716
vertex 45.048194885253906 53.1292610168457 2.200000047683716
vertex 46.53862762451172 35.92240905761719 2.200000047683716
endloop
endfacet
facet normal 0 0 -1
outer loop
vertex -23.194826126098633 -53.171653747558594 0
vertex -23.366779327392578 -52.767398834228516 0
vertex -23.19457244873047 -52.73314666748047 0
endloop
endfacet
facet normal 0 0 -1
outer loop
vertex -23.048582077026367 -51.999202728271484 0
vertex -23.19457244873047 -51.90165328979492 0
vertex -23.19457244873047 -51.4631462097168 0
endloop
endfacet
facet normal 0 0 -1
outer loop
vertex -23.19457244873047 -51.90165328979492 0
vertex -23.366779327392578 -51.497398376464844 0
vertex -23.19457244873047 -51.4631462097168 0
endloop
endfacet
facet normal 0 0 -1
outer loop
vertex -23.19457244873047 -50.63165283203125 0
vertex -23.19457244873047 -50.193145751953125 0
vertex -23.048582077026367 -50.72920227050781 0
endloop
endfacet
facet normal 0 0 -1
outer loop
vertex -23.19457244873047 -50.63165283203125 0
vertex -23.366779327392578 -50.22740173339844 0
vertex -23.19457244873047 -50.193145751953125 0
endloop
endfacet
facet normal 0 0 1
outer loop
vertex 45.048194885253906 53.1292610168457 2.200000047683716
vertex 41.857967376708984 44.58760070800781 2.200000047683716
vertex 46.53862762451172 35.92240905761719 2.200000047683716
endloop
endfacet
facet normal 0 0 -1
outer loop
vertex -23.19457244873047 -49.36165237426758 0
vertex -23.19457244873047 -48.92314529418945 0
vertex -23.048582077026367 -49.45920181274414 0
endloop
endfacet
facet normal -0.9850441574264738 0.1723020833303192 0
outer loop
vertex -66.81160736083984 -2.9032411575317383 0
vertex -66.81160736083984 -2.9032411575317383 0.20000000298023224
vertex -63.395328521728516 16.62748908996582 0
endloop
endfacet
facet normal 0 0 -1
outer loop
vertex -57.39654541015625 0.8290615081787109 0
vertex -66.81160736083984 -2.9032411575317383 0
vertex -56.181007385253906 7.722715854644775 0
endloop
endfacet
facet normal 0 0 -1
outer loop
vertex -56.181007385253906 7.722715854644775 0
vertex -66.81160736083984 -2.9032411575317383 0
vertex -54.87519073486328 11.097229957580566 0
endloop
endfacet
facet normal 0 0 -1
outer loop
vertex -66.81160736083984 -2.9032411575317383 0
vertex -63.395328521728516 16.62748908996582 0
vertex -62.410709381103516 18.120044708251953 0
endloop
endfacet
facet normal 0 0 -1
outer loop
vertex -66.81160736083984 -2.9032411575317383 0
vertex -62.410709381103516 18.120044708251953 0
vertex -60.295230865478516 19.49894905090332 0
endloop
endfacet
facet normal 0 0 -1
outer loop
vertex -54.87519073486328 11.097229957580566 0
vertex -66.81160736083984 -2.9032411575317383 0
vertex -60.295230865478516 19.49894905090332 0
endloop
endfacet
facet normal 0 0 -1
outer loop
vertex -23.19457244873047 -49.36165237426758 0
vertex -23.366779327392578 -48.957401275634766 0
vertex -23.19457244873047 -48.92314529418945 0
endloop
endfacet
facet normal 0 0 1
outer loop
vertex -23.677927017211914 -4.935981273651123 2.200000047683716
vertex -26.80318832397461 -15.173821449279785 2.200000047683716
vertex -23.903669357299805 -6.216231346130371 2.200000047683716
endloop
endfacet
facet normal 0 0 -1
outer loop
vertex -56.181007385253906 7.722715854644775 0
vertex -54.87519073486328 11.097229957580566 0
vertex -55.491641998291016 7.601161956787109 0
endloop
endfacet
facet normal 0 0 -1
outer loop
vertex -40.195281982421875 -1.2873414754867554 0
vertex -42.132022857666016 -1.8624851703643799 0
vertex -40.91648864746094 5.0311689376831055 0
endloop
endfacet
facet normal 0 0 -1
outer loop
vertex -38.88946533203125 2.087172269821167 0
vertex -40.195281982421875 -1.2873414754867554 0
vertex -40.91648864746094 5.0311689376831055 0
endloop
endfacet
facet normal 0 0 -1
outer loop
vertex -41.60585403442383 5.1527228355407715 0
vertex -40.989402770996094 8.64879035949707 0
vertex -40.91648864746094 5.0311689376831055 0
endloop
endfacet
facet normal 0 0 -1
outer loop
vertex -40.91648864746094 5.0311689376831055 0
vertex -40.989402770996094 8.64879035949707 0
vertex -38.45880126953125 8.560735702514648 0
endloop
endfacet
facet normal 0 0 -1
outer loop
vertex -38.88946533203125 2.087172269821167 0
vertex -40.91648864746094 5.0311689376831055 0
vertex -38.385887145996094 4.943114757537842 0
endloop
endfacet
facet normal 0 0 -1
outer loop
vertex -38.385887145996094 4.943114757537842 0
vertex -40.91648864746094 5.0311689376831055 0
vertex -38.45880126953125 8.560735702514648 0
endloop
endfacet
facet normal 0 0 -1
outer loop
vertex -38.45880126953125 8.560735702514648 0
vertex -37.76943588256836 8.43918228149414 0
vertex -38.385887145996094 4.943114757537842 0
endloop
endfacet
facet normal 0 0 -1
outer loop
vertex -54.87519073486328 11.097229957580566 0
vertex -37.243263244628906 15.454390525817871 0
vertex -40.989402770996094 8.64879035949707 0
endloop
endfacet
facet normal 0 0 -1
outer loop
vertex -37.243263244628906 15.454390525817871 0
vertex -54.87519073486328 11.097229957580566 0
vertex -35.93744659423828 18.828903198242188 0
endloop
endfacet
facet normal 0 0 -1
outer loop
vertex -38.45880126953125 8.560735702514648 0
vertex -40.989402770996094 8.64879035949707 0
vertex -37.243263244628906 15.454390525817871 0
endloop
endfacet
facet normal 0 0 -1
outer loop
vertex -23.19457244873047 -48.09165573120117 0
vertex -23.19457244873047 -47.65314483642578 0
vertex -23.048582077026367 -48.18920135498047 0
endloop
endfacet
facet normal 0 0 1
outer loop
vertex -26.80318832397461 -15.173821449279785 2.200000047683716
vertex -27.0289306640625 -16.454071044921875 2.200000047683716
vertex -23.903669357299805 -6.216231346130371 2.200000047683716
endloop
endfacet
facet normal 0 0 -1
outer loop
vertex -23.19457244873047 -48.09165573120117 0
vertex -23.366779327392578 -47.687400817871094 0
vertex -23.19457244873047 -47.65314483642578 0
endloop
endfacet
facet normal 0 0 1
outer loop
vertex 46.53862762451172 35.92240905761719 2.200000047683716
vertex 41.857967376708984 44.58760070800781 2.200000047683716
vertex 41.857967376708984 28.88759994506836 2.200000047683716
endloop
endfacet
facet normal 0 0 -1
outer loop
vertex -23.048582077026367 -48.18920135498047 0
vertex -23.19457244873047 -47.65314483642578 0
vertex -23.048582077026367 -47.555599212646484 0
endloop
endfacet
facet normal 0.9963647943000453 0.08518918169516036 0.0000012398624036369072
outer loop
vertex 72.81396484375 22.61275291442871 0.20000000298023224
vertex 71.41996002197266 38.91690444946289 0.20000000298023224
vertex 72.46546173095703 26.688791275024414 1.7000000476837158
endloop
endfacet
facet normal 0 0 1
outer loop
vertex -26.80318832397461 -15.173821449279785 2.200000047683716
vertex -42.264671325683594 -12.447545051574707 2.200000047683716
vertex -27.0289306640625 -16.454071044921875 2.200000047683716
endloop
endfacet
facet normal 0 0 -1
outer loop
vertex -54.87519073486328 11.097229957580566 0
vertex -60.295230865478516 19.49894905090332 0
vertex -44.75148391723633 26.992496490478516 0
endloop
endfacet
facet normal 0 0 -1
outer loop
vertex -44.75148391723633 26.992496490478516 0
vertex -60.295230865478516 19.49894905090332 0
vertex -60.128170013427734 19.78537368774414 0
endloop
endfacet
facet normal 0 0 -1
outer loop
vertex -44.75148391723633 26.992496490478516 0
vertex -60.128170013427734 19.78537368774414 0
vertex -59.7918701171875 25.12482261657715 0
endloop
endfacet
facet normal 0 0 -1
outer loop
vertex -59.92167282104492 25.42994499206543 0
vertex -54.37307357788086 33.095333099365234 0
vertex -51.55494689941406 35.36484146118164 0
endloop
endfacet
facet normal 0 0 -1
outer loop
vertex -44.75148391723633 26.992496490478516 0
vertex -59.7918701171875 25.12482261657715 0
vertex -44.508827209472656 30.602706909179688 0
endloop
endfacet
facet normal 0 0 -1
outer loop
vertex -44.508827209472656 30.602706909179688 0
vertex -59.7918701171875 25.12482261657715 0
vertex -42.69709396362305 37.36418914794922 0
endloop
endfacet
facet normal 0 0 -1
outer loop
vertex -35.93744659423828 18.828903198242188 0
vertex -54.87519073486328 11.097229957580566 0
vertex -44.75148391723633 26.992496490478516 0
endloop
endfacet
facet normal 0 0 -1
outer loop
vertex -35.93744659423828 18.828903198242188 0
vertex -44.75148391723633 26.992496490478516 0
vertex -32.907615661621094 18.294662475585938 0
endloop
endfacet
facet normal 0 0 -1
outer loop
vertex -44.75148391723633 26.992496490478516 0
vertex -44.508827209472656 30.602706909179688 0
vertex -43.83267593383789 30.421533584594727 0
endloop
endfacet
facet normal 0 0 1
outer loop
vertex -27.0289306640625 -16.454071044921875 2.200000047683716
vertex -42.264671325683594 -12.447545051574707 2.200000047683716
vertex -42.490413665771484 -13.727794647216797 2.200000047683716
endloop
endfacet
facet normal -0.9850441574264738 0.1723020833303192 0
outer loop
vertex -63.395328521728516 16.62748908996582 0
vertex -66.81160736083984 -2.9032411575317383 0.20000000298023224
vertex -63.395328521728516 16.62748908996582 2.200000047683716
endloop
endfacet
facet normal -0.08518752897930805 0.9963649356066279 0
outer loop
vertex 72.85466766357422 22.13668441772461 0.20000000298023224
vertex 72.15721130371094 22.07705307006836 0.20000000298023224
vertex 72.85466766357422 22.13668441772461 1.7000000476837158
endloop
endfacet
facet normal 0.08518752897930805 -0.9963649356066279 0
outer loop
vertex 72.81396484375 22.61275291442871 0.20000000298023224
vertex 72.11650848388672 22.55312156677246 1.7000000476837158
vertex 72.11650848388672 22.55312156677246 0.20000000298023224
endloop
endfacet
facet normal -0.9850441574264739 0.1723020833303192 0
outer loop
vertex -63.395328521728516 16.62748908996582 2.200000047683716
vertex -66.81160736083984 -2.9032411575317383 0.20000000298023224
vertex -66.81160736083984 -2.9032411575317383 1.7000000476837158
endloop
endfacet
facet normal -0.8347296048359973 0.5506600464990535 0
outer loop
vertex -62.410709381103516 18.120044708251953 0
vertex -63.395328521728516 16.62748908996582 0
vertex -62.410709381103516 18.120044708251953 2.200000047683716
endloop
endfacet
facet normal -0.5460578417912196 0.8377474759247653 0
outer loop
vertex -60.295230865478516 19.49894905090332 0
vertex -62.410709381103516 18.120044708251953 0
vertex -60.295230865478516 19.49894905090332 2.200000047683716
endloop
endfacet
facet normal -0.8638053956895828 0.5038256031381922 0
outer loop
vertex -60.128170013427734 19.78537368774414 0
vertex -60.295230865478516 19.49894905090332 0
vertex -60.128170013427734 19.78537368774414 2.200000047683716
endloop
endfacet
facet normal -0.9980223892655882 0.06285945055921803 0
outer loop
vertex -59.7918701171875 25.12482261657715 0
vertex -60.128170013427734 19.78537368774414 0
vertex -59.7918701171875 25.12482261657715 2.200000047683716
endloop
endfacet
facet normal -0.9201944047712985 -0.3914616934357634 0
outer loop
vertex -59.92167282104492 25.42994499206543 0
vertex -59.7918701171875 25.12482261657715 0
vertex -59.92167282104492 25.42994499206543 2.200000047683716
endloop
endfacet
facet normal 0.9963649777551331 0.08518703600321535 0
outer loop
vertex 72.11650848388672 22.55312156677246 0.20000000298023224
vertex 72.15721130371094 22.07705307006836 1.7000000476837158
vertex 72.15721130371094 22.07705307006836 0.20000000298023224
endloop
endfacet
facet normal 0 0 -1
outer loop
vertex -23.684978485107422 -45.01559829711914 0
vertex -52.616729736328125 -51.397796630859375 0
vertex -23.78252601623535 -44.869606018066406 0
endloop
endfacet
facet normal 0 0 -1
outer loop
vertex -23.78252601623535 -44.869606018066406 0
vertex -52.616729736328125 -51.397796630859375 0
vertex -23.81678009033203 -44.6973991394043 0
endloop
endfacet
facet normal 0 0 -1
outer loop
vertex -23.81678009033203 -44.6973991394043 0
vertex -52.75116729736328 -33.18460464477539 0
vertex -23.78252601623535 -44.52519226074219 0
endloop
endfacet
facet normal 0 0 -1
outer loop
vertex -23.78252601623535 -44.52519226074219 0
vertex -52.75116729736328 -33.18460464477539 0
vertex -23.684978485107422 -44.37920379638672 0
endloop
endfacet
facet normal 0 0 -1
outer loop
vertex 62.45839309692383 32.94859313964844 0
vertex 70.81934356689453 22.464488983154297 0
vertex 72.39344787597656 4.053853988647461 0
endloop
endfacet
facet normal 0 0 -1
outer loop
vertex 70.81934356689453 22.464488983154297 0
vertex 62.45839309692383 32.94859313964844 0
vertex 61.451656341552734 36.424076080322266 0
endloop
endfacet
facet normal 0 0 -1
outer loop
vertex 72.39344787597656 4.053853988647461 0
vertex 63.068485260009766 25.975229263305664 0
vertex 62.45839309692383 32.94859313964844 0
endloop
endfacet
facet normal 0 0 -1
outer loop
vertex 72.39344787597656 4.053853988647461 0
vertex 62.37114715576172 25.914220809936523 0
vertex 63.068485260009766 25.975229263305664 0
endloop
endfacet
facet normal 0 0 -1
outer loop
vertex 72.39344787597656 4.053853988647461 0
vertex 62.68054962158203 22.377729415893555 0
vertex 62.37114715576172 25.914220809936523 0
endloop
endfacet
facet normal 0 0 -1
outer loop
vertex 62.93330383300781 19.488765716552734 0
vertex 63.940040588378906 16.013282775878906 0
vertex 63.242706298828125 15.952274322509766 0
endloop
endfacet
facet normal 0 0 -1
outer loop
vertex 62.93330383300781 19.488765716552734 0
vertex 48.63420486450195 21.148834228515625 0
vertex 62.68054962158203 22.377729415893555 0
endloop
endfacet
facet normal 0.9963648120199513 0.08518897445354617 0
outer loop
vertex 74.38806915283203 4.202118396759033 1.7000000476837158
vertex 74.38806915283203 4.202118396759033 0.20000000298023224
vertex 72.85466766357422 22.13668441772461 0.20000000298023224
endloop
endfacet
facet normal 0 0 -1
outer loop
vertex -74.2419204711914 37.576507568359375 0
vertex -75.03059387207031 39.169639587402344 0
vertex -54.37307357788086 33.095333099365234 0
endloop
endfacet
facet normal 0 0 -1
outer loop
vertex -75.03059387207031 39.169639587402344 0
vertex -75.27667999267578 43.8970947265625 0
vertex -65.17430114746094 42.15863800048828 0
endloop
endfacet
facet normal 0 0 -1
outer loop
vertex -74.75040435791016 45.454811096191406 0
vertex -72.85821533203125 47.68483352661133 0
vertex -71.8669662475586 46.843753814697266 0
endloop
endfacet
facet normal -0.7625009067496826 0.6469871460901766 0
outer loop
vertex -72.85821533203125 47.68483352661133 0
vertex -74.75040435791016 45.454811096191406 0
vertex -72.85821533203125 47.68483352661133 0.20000000298023224
endloop
endfacet
facet normal 0 0 -1
outer loop
vertex -75.27667999267578 43.8970947265625 0
vertex -74.75040435791016 45.454811096191406 0
vertex -63.42863464355469 45.32804870605469 0
endloop
endfacet
facet normal 0 0 -1
outer loop
vertex -63.42863464355469 45.32804870605469 0
vertex -74.75040435791016 45.454811096191406 0
vertex -71.8669662475586 46.843753814697266 0
endloop
endfacet
facet normal 0 0 -1
outer loop
vertex -65.17430114746094 42.15863800048828 0
vertex -75.27667999267578 43.8970947265625 0
vertex -63.42863464355469 45.32804870605469 0
endloop
endfacet
facet normal 0 0 -1
outer loop
vertex -54.37307357788086 33.095333099365234 0
vertex -59.92167282104492 25.42994499206543 0
vertex -74.2419204711914 37.576507568359375 0
endloop
endfacet
facet normal 0 0 -1
outer loop
vertex -54.37307357788086 33.095333099365234 0
vertex -75.03059387207031 39.169639587402344 0
vertex -65.17430114746094 42.15863800048828 0
endloop
endfacet
facet normal 0 0 -1
outer loop
vertex -65.17430114746094 42.15863800048828 0
vertex -63.42863464355469 45.32804870605469 0
vertex -62.89240264892578 44.87809753417969 0
endloop
endfacet
facet normal -0.7625009067496826 0.6469871460901766 0
outer loop
vertex -72.85821533203125 47.68483352661133 0.20000000298023224
vertex -74.75040435791016 45.454811096191406 0
vertex -72.85821533203125 47.68483352661133 1.7000000476837158
endloop
endfacet
facet normal 0.08518888148243611 -0.9963648199689566 0
outer loop
vertex 74.38806915283203 4.202118396759033 0.20000000298023224
vertex 73.69061279296875 4.142486095428467 1.7000000476837158
vertex 73.69061279296875 4.142486095428467 0.20000000298023224
endloop
endfacet
facet normal -0.08518888148243611 0.9963648199689566 0
outer loop
vertex 74.42877197265625 3.7260499000549316 0.20000000298023224
vertex 73.73131561279297 3.6664175987243652 0.20000000298023224
vertex 74.42877197265625 3.7260499000549316 1.7000000476837158
endloop
endfacet
facet normal 0.9963645955807973 0.08519150587420238 0
outer loop
vertex 74.42877197265625 3.7260499000549316 1.7000000476837158
vertex 74.56817626953125 2.095634937286377 0.20000000298023224
vertex 74.42877197265625 3.7260499000549316 0.20000000298023224
endloop
endfacet
facet normal 0.9963649777551331 0.08518703600321535 0
outer loop
vertex 73.69061279296875 4.142486095428467 0.20000000298023224
vertex 73.73131561279297 3.6664175987243652 1.7000000476837158
vertex 73.73131561279297 3.6664175987243652 0.20000000298023224
endloop
endfacet
facet normal 0 0 -1
outer loop
vertex -23.684978485107422 -44.37920379638672 0
vertex -52.75116729736328 -33.18460464477539 0
vertex -23.53898811340332 -44.281654357910156 0
endloop
endfacet
facet normal 0 0 -1
outer loop
vertex -23.53898811340332 -44.281654357910156 0
vertex -52.75116729736328 -33.18460464477539 0
vertex -23.684978485107422 -43.74559783935547 0
endloop
endfacet
facet normal 0 0 -1
outer loop
vertex -23.684978485107422 -43.74559783935547 0
vertex -52.75116729736328 -33.18460464477539 0
vertex -23.78252601623535 -43.599609375 0
endloop
endfacet
facet normal 0 0 -1
outer loop
vertex 72.39344787597656 4.053853988647461 0
vertex 64.55013275146484 9.03991985321045 0
vertex 63.940040588378906 16.013282775878906 0
endloop
endfacet
facet normal 0 0 -1
outer loop
vertex -63.42863464355469 45.32804870605469 0
vertex -71.8669662475586 46.843753814697266 0
vertex -59.5742301940918 61.3312873840332 0
endloop
endfacet
facet normal 0 0 -1
outer loop
vertex -63.42863464355469 45.32804870605469 0
vertex -59.5742301940918 61.3312873840332 0
vertex -58.92912292480469 50.69036102294922 0
endloop
endfacet
facet normal 0 0 -1
outer loop
vertex -58.92912292480469 50.69036102294922 0
vertex -56.11099624633789 52.95986557006836 0
vertex -58.39289093017578 50.24040985107422 0
endloop
endfacet
facet normal 0 0 -1
outer loop
vertex 72.39344787597656 4.053853988647461 0
vertex 62.93330383300781 19.488765716552734 0
vertex 62.68054962158203 22.377729415893555 0
endloop
endfacet
facet normal 0 0 -1
outer loop
vertex -59.5742301940918 61.3312873840332 0
vertex -52.671836853027344 62.48089599609375 0
vertex -58.92912292480469 50.69036102294922 0
endloop
endfacet
facet normal -0.4373483733728992 0.8992921662663803 0
outer loop
vertex -60.51609420776367 62.130462646484375 0
vertex -60.51609420776367 62.130462646484375 0.20000000298023224
vertex -59.03441619873047 62.85103988647461 0
endloop
endfacet
facet normal 0 0 -1
outer loop
vertex 72.39344787597656 4.053853988647461 0
vertex 63.940040588378906 16.013282775878906 0
vertex 62.93330383300781 19.488765716552734 0
endloop
endfacet
facet normal 0 0 -1
outer loop
vertex -59.5742301940918 61.3312873840332 0
vertex -60.51609420776367 62.130462646484375 0
vertex -54.22880935668945 63.03433609008789 0
endloop
endfacet
facet normal 0 0 -1
outer loop
vertex -54.22880935668945 63.03433609008789 0
vertex -60.51609420776367 62.130462646484375 0
vertex -59.03441619873047 62.85103988647461 0
endloop
endfacet
facet normal 0 0 -1
outer loop
vertex 64.55013275146484 9.03991985321045 0
vertex 64.16220092773438 5.44242000579834 0
vertex 63.8527946472168 8.978911399841309 0
endloop
endfacet
facet normal 0 0 -1
outer loop
vertex 64.41494750976562 2.553455114364624 0
vertex 65.42169189453125 -0.9220269918441772 0
vertex 64.72434997558594 -0.9830360412597656 0
endloop
endfacet
facet normal 0 0 -1
outer loop
vertex 64.16220092773438 5.44242000579834 0
vertex 64.41494750976562 2.553455114364624 0
vertex 50.36860656738281 1.324559211730957 0
endloop
endfacet
facet normal 0 0 -1
outer loop
vertex -23.78252601623535 -43.599609375 0
vertex -52.75116729736328 -33.18460464477539 0
vertex -23.81678009033203 -43.427398681640625 0
endloop
endfacet
facet normal 0 0 -1
outer loop
vertex -23.81678009033203 -43.427398681640625 0
vertex -52.75116729736328 -33.18460464477539 0
vertex -23.78252601623535 -43.255191802978516 0
endloop
endfacet
facet normal -0.7625095915913986 0.6469769105084959 0
outer loop
vertex -72.53472900390625 48.06608581542969 0.20000000298023224
vertex -72.85821533203125 47.68483352661133 0.20000000298023224
vertex -72.85821533203125 47.68483352661133 1.7000000476837158
endloop
endfacet
facet normal -0.6469923304430094 -0.7624965077611331 0
outer loop
vertex -72.53472900390625 48.06608581542969 0.20000000298023224
vertex -73.06847381591797 48.518978118896484 1.7000000476837158
vertex -73.06847381591797 48.518978118896484 0.20000000298023224
endloop
endfacet
facet normal -0.7625020259402892 0.6469858270757981 0
outer loop
vertex -72.00977325439453 49.76670455932617 0.20000000298023224
vertex -73.06847381591797 48.518978118896484 0.20000000298023224
vertex -73.06847381591797 48.518978118896484 1.7000000476837158
endloop
endfacet
facet normal -0.7625017367067926 0.646986167949065 -0.0000013074709646334465
outer loop
vertex -61.422725677490234 62.2440071105957 0.20000000298023224
vertex -72.00977325439453 49.76670455932617 0.20000000298023224
vertex -64.06948852539062 59.12468338012695 1.7000000476837158
endloop
endfacet
facet normal 0 0 -1
outer loop
vertex -23.78252601623535 -43.255191802978516 0
vertex -52.75116729736328 -33.18460464477539 0
vertex -23.684978485107422 -43.10920333862305 0
endloop
endfacet
facet normal 0 0 1
outer loop
vertex -26.855688095092773 -22.957963943481445 2.200000047683716
vertex -11.394207000732422 -25.684240341186523 2.200000047683716
vertex -26.629945755004883 -21.67771339416504 2.200000047683716
endloop
endfacet
facet normal 0 0 -1
outer loop
vertex -23.684978485107422 -43.10920333862305 0
vertex -52.75116729736328 -33.18460464477539 0
vertex -23.53898811340332 -43.011653900146484 0
endloop
endfacet
facet normal 0.6469864735820762 0.7625014773768174 0
outer loop
vertex -60.88897705078125 61.79111862182617 0.20000000298023224
vertex -61.422725677490234 62.2440071105957 0.20000000298023224
vertex -60.88897705078125 61.79111862182617 1.7000000476837158
endloop
endfacet
facet normal -0.7624992752773017 0.6469890688424262 0
outer loop
vertex -60.66071701049805 62.06013107299805 0.20000000298023224
vertex -60.88897705078125 61.79111862182617 0.20000000298023224
vertex -60.66071701049805 62.06013107299805 1.7000000476837158
endloop
endfacet
facet normal -0.43733766772666094 0.8992973726123105 0
outer loop
vertex -60.51609420776367 62.130462646484375 0.20000000298023224
vertex -60.66071701049805 62.06013107299805 0.20000000298023224
vertex -60.66071701049805 62.06013107299805 1.7000000476837158
endloop
endfacet
facet normal 0 0 -1
outer loop
vertex -59.7918701171875 25.12482261657715 0
vertex -59.92167282104492 25.42994499206543 0
vertex -37.292606353759766 49.4654426574707 0
endloop
endfacet
facet normal 0 0 -1
outer loop
vertex -51.55494689941406 35.36484146118164 0
vertex -54.37307357788086 33.095333099365234 0
vertex -52.09117889404297 35.81479263305664 0
endloop
endfacet
facet normal 0 0 -1
outer loop
vertex -42.69709396362305 37.36418914794922 0
vertex -59.7918701171875 25.12482261657715 0
vertex -41.10213851928711 40.61205291748047 0
endloop
endfacet
facet normal 0 0 -1
outer loop
vertex -59.92167282104492 25.42994499206543 0
vertex -51.55494689941406 35.36484146118164 0
vertex -38.653526306152344 50.156455993652344 0
endloop
endfacet
facet normal 0 0 -1
outer loop
vertex -41.10213851928711 40.61205291748047 0
vertex -59.7918701171875 25.12482261657715 0
vertex -37.292606353759766 49.4654426574707 0
endloop
endfacet
facet normal 0 0 -1
outer loop
vertex -42.69709396362305 37.36418914794922 0
vertex -41.10213851928711 40.61205291748047 0
vertex -42.02094268798828 37.183013916015625 0
endloop
endfacet
facet normal 0 0 -1
outer loop
vertex -47.5916633605957 41.177101135253906 0
vertex -45.30976867675781 43.89656066894531 0
vertex -47.0554313659668 40.727149963378906 0
endloop
endfacet
facet normal 0 0 -1
outer loop
vertex -38.653526306152344 50.156455993652344 0
vertex -51.55494689941406 35.36484146118164 0
vertex -47.0554313659668 40.727149963378906 0
endloop
endfacet
facet normal 0 0 -1
outer loop
vertex -59.92167282104492 25.42994499206543 0
vertex -38.58060073852539 50.1070442199707 0
vertex -37.37553024291992 49.49516296386719 0
endloop
endfacet
facet normal 0 0 -1
outer loop
vertex -38.58060073852539 50.1070442199707 0
vertex -59.92167282104492 25.42994499206543 0
vertex -38.653526306152344 50.156455993652344 0
endloop
endfacet
facet normal 0 0 -1
outer loop
vertex -37.292606353759766 49.4654426574707 0
vertex -59.92167282104492 25.42994499206543 0
vertex -37.37553024291992 49.49516296386719 0
endloop
endfacet
facet normal 0 0 -1
outer loop
vertex -38.653526306152344 50.156455993652344 0
vertex -47.0554313659668 40.727149963378906 0
vertex -45.30976867675781 43.89656066894531 0
endloop
endfacet
facet normal 0 0 1
outer loop
vertex -27.0289306640625 -16.454071044921875 2.200000047683716
vertex -29.755207061767578 -31.915552139282227 2.200000047683716
vertex -23.903669357299805 -6.216231346130371 2.200000047683716
endloop
endfacet
facet normal 0 0 -1
outer loop
vertex -52.616729736328125 -51.397796630859375 0
vertex -52.75116729736328 -33.18460464477539 0
vertex -23.81678009033203 -44.6973991394043 0
endloop
endfacet
facet normal 0 0 1
outer loop
vertex -29.755207061767578 -31.915552139282227 2.200000047683716
vertex -26.629945755004883 -21.67771339416504 2.200000047683716
vertex -23.903669357299805 -6.216231346130371 2.200000047683716
endloop
endfacet
facet normal 0 0 -1
outer loop
vertex -52.83552551269531 -32.95545196533203 0
vertex -23.53898811340332 -43.011653900146484 0
vertex -52.75116729736328 -33.18460464477539 0
endloop
endfacet
facet normal 0 0 -1
outer loop
vertex -23.53898811340332 -43.011653900146484 0
vertex -52.83552551269531 -32.95545196533203 0
vertex -23.366779327392578 -42.97740173339844 0
endloop
endfacet
facet normal 0 0 -1
outer loop
vertex -23.366779327392578 -42.97740173339844 0
vertex -52.83552551269531 -32.95545196533203 0
vertex -23.19457244873047 -43.011653900146484 0
endloop
endfacet
facet normal 0 0 -1
outer loop
vertex -55.30510711669922 -30.012222290039062 0
vertex -23.539241790771484 -41.30314636230469 0
vertex -6.539279460906982 -47.65314483642578 0
endloop
endfacet
facet normal 0 0 -1
outer loop
vertex -56.11099624633789 52.95986557006836 0
vertex -58.92912292480469 50.69036102294922 0
vertex -52.671836853027344 62.48089599609375 0
endloop
endfacet
facet normal 0 0 -1
outer loop
vertex -52.671836853027344 62.48089599609375 0
vertex -59.5742301940918 61.3312873840332 0
vertex -54.22880935668945 63.03433609008789 0
endloop
endfacet
facet normal 0 0 -1
outer loop
vertex -52.671836853027344 62.48089599609375 0
vertex -38.653526306152344 50.156455993652344 0
vertex -56.11099624633789 52.95986557006836 0
endloop
endfacet
facet normal 0 0 -1
outer loop
vertex -38.653526306152344 50.156455993652344 0
vertex -45.30976867675781 43.89656066894531 0
vertex -56.11099624633789 52.95986557006836 0
endloop
endfacet
facet normal -0.8961960929020909 -0.4436581601492605 0
outer loop
vertex -75.03059387207031 39.169639587402344 0
vertex -74.2419204711914 37.576507568359375 0
vertex -75.03059387207031 39.169639587402344 2.200000047683716
endloop
endfacet
facet normal -0.6468551178220145 -0.7626129139658387 0
outer loop
vertex -74.2419204711914 37.576507568359375 0
vertex -59.92167282104492 25.42994499206543 0
vertex -74.2419204711914 37.576507568359375 2.200000047683716
endloop
endfacet
facet normal -0.9986479028304154 -0.051984287745559174 0
outer loop
vertex -75.27667999267578 43.8970947265625 0
vertex -75.03059387207031 39.169639587402344 0
vertex -75.27667999267578 43.8970947265625 2.200000047683716
endloop
endfacet
facet normal -0.9473915515713179 0.32007694076782683 0
outer loop
vertex -74.75040435791016 45.454811096191406 0
vertex -75.27667999267578 43.8970947265625 0
vertex -74.75040435791016 45.454811096191406 2.200000047683716
endloop
endfacet
facet normal 0 0 -1
outer loop
vertex -23.194826126098633 -41.74165344238281 0
vertex -55.30510711669922 -30.012222290039062 0
vertex -6.539279460906982 -47.65314483642578 0
endloop
endfacet
facet normal -0.7625009067496826 0.6469871460901766 0
outer loop
vertex -72.85821533203125 47.68483352661133 1.7000000476837158
vertex -74.75040435791016 45.454811096191406 0
vertex -74.75040435791016 45.454811096191406 2.200000047683716
endloop
endfacet
facet normal 0 0 1
outer loop
vertex -26.855688095092773 -22.957963943481445 2.200000047683716
vertex -26.629945755004883 -21.67771339416504 2.200000047683716
vertex -29.755207061767578 -31.915552139282227 2.200000047683716
endloop
endfacet
facet normal 0 0 -1
outer loop
vertex 62.93330383300781 19.488765716552734 0
vertex 46.530513763427734 19.95199203491211 0
vertex 48.63420486450195 21.148834228515625 0
endloop
endfacet
facet normal 0 0 -1
outer loop
vertex 48.886959075927734 18.259868621826172 0
vertex 46.530513763427734 19.95199203491211 0
vertex 62.93330383300781 19.488765716552734 0
endloop
endfacet
facet normal -0.4373483733728993 0.8992921662663804 0
outer loop
vertex -60.51609420776367 62.130462646484375 0.20000000298023224
vertex -59.03441619873047 62.85103988647461 2.200000047683716
vertex -59.03441619873047 62.85103988647461 0
endloop
endfacet
facet normal -0.7625095915913986 0.6469769105084959 0
outer loop
vertex -72.85821533203125 47.68483352661133 1.7000000476837158
vertex -72.53472900390625 48.06608581542969 1.7000000476837158
vertex -72.53472900390625 48.06608581542969 0.20000000298023224
endloop
endfacet
facet normal -0.6469923304430094 -0.7624965077611331 0
outer loop
vertex -73.06847381591797 48.518978118896484 1.7000000476837158
vertex -72.53472900390625 48.06608581542969 0.20000000298023224
vertex -72.53472900390625 48.06608581542969 1.7000000476837158
endloop
endfacet
facet normal -0.7625018619609172 0.6469860203327873 2.76491264039258e-7
outer loop
vertex -64.06948852539062 59.12468338012695 1.7000000476837158
vertex -72.00977325439453 49.76670455932617 0.20000000298023224
vertex -73.06847381591797 48.518978118896484 1.7000000476837158
endloop
endfacet
facet normal 0 0 -1
outer loop
vertex 47.62746810913086 24.62431526184082 0
vertex 48.32480239868164 24.685325622558594 0
vertex 48.63420486450195 21.148834228515625 0
endloop
endfacet
facet normal 0 0 -1
outer loop
vertex 49.19636154174805 14.72337818145752 0
vertex 48.4990234375 14.662368774414062 0
vertex 48.886959075927734 18.259868621826172 0
endloop
endfacet
facet normal -0.7625014265382548 0.6469865334975113 0
outer loop
vertex -64.06948852539062 59.12468338012695 1.7000000476837158
vertex -61.422725677490234 62.2440071105957 1.7000000476837158
vertex -61.422725677490234 62.2440071105957 0.20000000298023224
endloop
endfacet
facet normal 0.6469864735820762 0.7625014773768174 0
outer loop
vertex -60.88897705078125 61.79111862182617 1.7000000476837158
vertex -61.422725677490234 62.2440071105957 0.20000000298023224
vertex -61.422725677490234 62.2440071105957 1.7000000476837158
endloop
endfacet
facet normal -0.7624992752773017 0.6469890688424262 0
outer loop
vertex -60.66071701049805 62.06013107299805 1.7000000476837158
vertex -60.88897705078125 61.79111862182617 0.20000000298023224
vertex -60.88897705078125 61.79111862182617 1.7000000476837158
endloop
endfacet
facet normal -0.43733766772666094 0.8992973726123105 0
outer loop
vertex -60.51609420776367 62.130462646484375 0.20000000298023224
vertex -60.66071701049805 62.06013107299805 1.7000000476837158
vertex -60.51609420776367 62.130462646484375 1.7000000476837158
endloop
endfacet
facet normal -0.4373483733728993 0.8992921662663804 0
outer loop
vertex -59.03441619873047 62.85103988647461 2.200000047683716
vertex -60.51609420776367 62.130462646484375 0.20000000298023224
vertex -60.51609420776367 62.130462646484375 1.7000000476837158
endloop
endfacet
facet normal 0 0 -1
outer loop
vertex 46.87399673461914 16.02592658996582 0
vertex 48.886959075927734 18.259868621826172 0
vertex 48.4990234375 14.662368774414062 0
endloop
endfacet
facet normal 0 0 -1
outer loop
vertex 47.62746810913086 24.62431526184082 0
vertex 45.25716781616211 26.47477149963379 0
vertex 47.01737594604492 31.597679138183594 0
endloop
endfacet
facet normal 0 0 -1
outer loop
vertex 47.62746810913086 24.62431526184082 0
vertex 46.26390838623047 22.999290466308594 0
vertex 45.25716781616211 26.47477149963379 0
endloop
endfacet
facet normal 0 0 -1
outer loop
vertex 45.56657028198242 22.938282012939453 0
vertex 45.25716781616211 26.47477149963379 0
vertex 46.26390838623047 22.999290466308594 0
endloop
endfacet
facet normal 0 0 -1
outer loop
vertex 45.25716781616211 26.47477149963379 0
vertex 41.05796432495117 29.687599182128906 0
vertex 41.757965087890625 33.23759841918945 0
endloop
endfacet
facet normal 0 0 -1
outer loop
vertex 45.25716781616211 26.47477149963379 0
vertex 31.21082305908203 25.24587631225586 0
vertex 41.05796432495117 29.687599182128906 0
endloop
endfacet
facet normal 0 0 1
outer loop
vertex -29.755207061767578 -31.915552139282227 2.200000047683716
vertex -29.58196449279785 -38.4194450378418 2.200000047683716
vertex -26.855688095092773 -22.957963943481445 2.200000047683716
endloop
endfacet
facet normal 0 0 -1
outer loop
vertex 48.63420486450195 21.148834228515625 0
vertex 46.26390838623047 22.999290466308594 0
vertex 47.62746810913086 24.62431526184082 0
endloop
endfacet
facet normal 0 0 -1
outer loop
vertex 46.530513763427734 19.95199203491211 0
vertex 46.26390838623047 22.999290466308594 0
vertex 48.63420486450195 21.148834228515625 0
endloop
endfacet
facet normal -0.03811444071013973 0.9992733807168853 0
outer loop
vertex -54.22880935668945 63.03433609008789 0
vertex -59.03441619873047 62.85103988647461 0
vertex -54.22880935668945 63.03433609008789 2.200000047683716
endloop
endfacet
facet normal 0.33492900832257777 0.9422433652640142 0
outer loop
vertex -52.671836853027344 62.48089599609375 0
vertex -54.22880935668945 63.03433609008789 0
vertex -52.671836853027344 62.48089599609375 2.200000047683716
endloop
endfacet
facet normal 0.6602753706905169 0.7510235914134126 0
outer loop
vertex -38.653526306152344 50.156455993652344 0
vertex -52.671836853027344 62.48089599609375 0
vertex -38.653526306152344 50.156455993652344 2.200000047683716
endloop
endfacet
facet normal 0.5609304899700387 0.8278629025520907 0
outer loop
vertex -38.58060073852539 50.1070442199707 0
vertex -38.653526306152344 50.156455993652344 0
vertex -38.58060073852539 50.1070442199707 2.200000047683716
endloop
endfacet
facet normal 0.4527372068941044 0.8916439993033795 0
outer loop
vertex -37.37553024291992 49.49516296386719 0
vertex -38.58060073852539 50.1070442199707 0
vertex -37.37553024291992 49.49516296386719 2.200000047683716
endloop
endfacet
facet normal 0 0 -1
outer loop
vertex -38.88946533203125 2.087172269821167 0
vertex -38.385887145996094 4.943114757537842 0
vertex -24.500097274780273 2.494675397872925 0
endloop
endfacet
facet normal 0 0 -1
outer loop
vertex -25.003677368164062 -0.3612670302391052 0
vertex -38.88946533203125 2.087172269821167 0
vertex -24.500097274780273 2.494675397872925 0
endloop
endfacet
facet normal 0 0 -1
outer loop
vertex -22.82407569885254 -0.6694324612617493 0
vertex -25.003677368164062 -0.3612670302391052 0
vertex -24.500097274780273 2.494675397872925 0
endloop
endfacet
facet normal 0 0 -1
outer loop
vertex -24.500097274780273 2.494675397872925 0
vertex -23.88364601135254 5.990743160247803 0
vertex -23.19428062438965 5.869189262390137 0
endloop
endfacet
facet normal 0 0 -1
outer loop
vertex -22.82407569885254 -0.6694324612617493 0
vertex -24.500097274780273 2.494675397872925 0
vertex -21.608539581298828 6.224221706390381 0
endloop
endfacet
facet normal 0 0 -1
outer loop
vertex -21.608539581298828 6.224221706390381 0
vertex -24.500097274780273 2.494675397872925 0
vertex -23.19428062438965 5.869189262390137 0
endloop
endfacet
facet normal 0 0 -1
outer loop
vertex -21.608539581298828 6.224221706390381 0
vertex -23.19428062438965 5.869189262390137 0
vertex -20.302722930908203 9.598735809326172 0
endloop
endfacet
facet normal 0 0 -1
outer loop
vertex -21.608539581298828 6.224221706390381 0
vertex -20.302722930908203 9.598735809326172 0
vertex -20.919174194335938 6.102668285369873 0
endloop
endfacet
facet normal 0 0 -1
outer loop
vertex -20.302722930908203 9.598735809326172 0
vertex -23.19428062438965 5.869189262390137 0
vertex -21.978742599487305 12.762843132019043 0
endloop
endfacet
facet normal 0 0 -1
outer loop
vertex -22.668109893798828 12.884397506713867 0
vertex -22.051658630371094 16.380464553833008 0
vertex -21.978742599487305 12.762843132019043 0
endloop
endfacet
facet normal 0 0 -1
outer loop
vertex 46.87399673461914 16.02592658996582 0
vertex 46.530513763427734 19.95199203491211 0
vertex 48.886959075927734 18.259868621826172 0
endloop
endfacet
facet normal 0 0 -1
outer loop
vertex -55.30510711669922 -30.012222290039062 0
vertex -28.65519905090332 -37.77051544189453 0
vertex -23.539241790771484 -40.47165298461914 0
endloop
endfacet
facet normal 0 0 -1
outer loop
vertex -23.539241790771484 -41.74165344238281 0
vertex -55.30510711669922 -30.012222290039062 0
vertex -23.367033004760742 -41.707401275634766 0
endloop
endfacet
facet normal 0 0 -1
outer loop
vertex -23.367033004760742 -41.707401275634766 0
vertex -55.30510711669922 -30.012222290039062 0
vertex -23.194826126098633 -41.74165344238281 0
endloop
endfacet
facet normal 0 0 -1
outer loop
vertex -23.539241790771484 -41.30314636230469 0
vertex -55.30510711669922 -30.012222290039062 0
vertex -23.685232162475586 -41.205596923828125 0
endloop
endfacet
facet normal 0 0 -1
outer loop
vertex -52.83552551269531 -32.95545196533203 0
vertex -23.685232162475586 -42.4755973815918 0
vertex -23.539241790771484 -42.57314682006836 0
endloop
endfacet
facet normal 0 0 -1
outer loop
vertex -23.685232162475586 -42.4755973815918 0
vertex -52.83552551269531 -32.95545196533203 0
vertex -23.782779693603516 -42.32960891723633 0
endloop
endfacet
facet normal 0 0 -1
outer loop
vertex -36.553897857666016 15.332836151123047 0
vertex -37.243263244628906 15.454390525817871 0
vertex -35.93744659423828 18.828903198242188 0
endloop
endfacet
facet normal 0 0 -1
outer loop
vertex -32.907615661621094 18.294662475585938 0
vertex -44.75148391723633 26.992496490478516 0
vertex -31.13193130493164 23.343149185180664 0
endloop
endfacet
facet normal 0 0 -1
outer loop
vertex -32.907615661621094 18.294662475585938 0
vertex -31.13193130493164 23.343149185180664 0
vertex -29.536975860595703 26.591012954711914 0
endloop
endfacet
facet normal 0 0 -1
outer loop
vertex -32.907615661621094 18.294662475585938 0
vertex -27.508825302124023 26.352706909179688 0
vertex -27.75148582458496 22.742496490478516 0
endloop
endfacet
facet normal 0 0 -1
outer loop
vertex -29.536975860595703 26.591012954711914 0
vertex -31.13193130493164 23.343149185180664 0
vertex -30.213123321533203 26.772186279296875 0
endloop
endfacet
facet normal 0 0 -1
outer loop
vertex -27.508825302124023 26.352706909179688 0
vertex -32.907615661621094 18.294662475585938 0
vertex -25.697092056274414 33.11418914794922 0
endloop
endfacet
facet normal 0 0 -1
outer loop
vertex -32.907615661621094 18.294662475585938 0
vertex -27.75148582458496 22.742496490478516 0
vertex -22.051658630371094 16.380464553833008 0
endloop
endfacet
facet normal 0 0 -1
outer loop
vertex -22.051658630371094 16.380464553833008 0
vertex -27.75148582458496 22.742496490478516 0
vertex -14.13193130493164 19.093149185180664 0
endloop
endfacet
facet normal 0 0 -1
outer loop
vertex -27.508825302124023 26.352706909179688 0
vertex -26.832677841186523 26.171533584594727 0
vertex -27.75148582458496 22.742496490478516 0
endloop
endfacet
facet normal 0 0 -1
outer loop
vertex -29.536975860595703 26.591012954711914 0
vertex -20.040725708007812 45.71700668334961 0
vertex -32.907615661621094 18.294662475585938 0
endloop
endfacet
facet normal 0 0 -1
outer loop
vertex -23.782779693603516 -42.32960891723633 0
vertex -52.83552551269531 -32.95545196533203 0
vertex -23.817033767700195 -42.15739822387695 0
endloop
endfacet
facet normal 0 0 -1
outer loop
vertex 49.10911560058594 7.6890058517456055 0
vertex 46.73881530761719 9.539462089538574 0
vertex 48.4990234375 14.662368774414062 0
endloop
endfacet
facet normal 0 0 -1
outer loop
vertex 50.11585235595703 4.213523864746094 0
vertex 64.16220092773438 5.44242000579834 0
vertex 50.36860656738281 1.324559211730957 0
endloop
endfacet
facet normal 0 0 1
outer loop
vertex -6.022574424743652 -31.128135681152344 2.200000047683716
vertex -6.090610980987549 -32.426353454589844 2.200000047683716
vertex 9.587872505187988 -33.24802780151367 2.200000047683716
endloop
endfacet
facet normal 0 0 -1
outer loop
vertex 50.11585235595703 4.213523864746094 0
vertex 49.10911560058594 7.6890058517456055 0
vertex 49.80644989013672 7.750014781951904 0
endloop
endfacet
facet normal 0 0 -1
outer loop
vertex -20.302722930908203 9.598735809326172 0
vertex -21.978742599487305 12.762843132019043 0
vertex -6.416933059692383 7.150296211242676 0
endloop
endfacet
facet normal 0 0 -1
outer loop
vertex -6.416933059692383 7.150296211242676 0
vertex -21.978742599487305 12.762843132019043 0
vertex -22.051658630371094 16.380464553833008 0
endloop
endfacet
facet normal 0 0 -1
outer loop
vertex -6.416933059692383 7.150296211242676 0
vertex -22.051658630371094 16.380464553833008 0
vertex -14.13193130493164 19.093149185180664 0
endloop
endfacet
facet normal 0 0 -1
outer loop
vertex -3.5541536808013916 0.6862770318984985 0
vertex -4.438986778259277 -2.8222227096557617 0
vertex -6.344018936157227 3.53267502784729 0
endloop
endfacet
facet normal 0 0 -1
outer loop
vertex -3.5541536808013916 0.6862770318984985 0
vertex -6.344018936157227 3.53267502784729 0
vertex -6.416933059692383 7.150296211242676 0
endloop
endfacet
facet normal 0 0 -1
outer loop
vertex -6.416933059692383 7.150296211242676 0
vertex -6.344018936157227 3.53267502784729 0
vertex -7.033384323120117 3.654228687286377 0
endloop
endfacet
facet normal 0 0 -1
outer loop
vertex -3.5541536808013916 0.6862770318984985 0
vertex -6.416933059692383 7.150296211242676 0
vertex -12.536975860595703 22.341012954711914 0
endloop
endfacet
facet normal 0 0 -1
outer loop
vertex -3.5541536808013916 0.6862770318984985 0
vertex -10.482583045959473 32.712703704833984 0
vertex 4.434292793273926 0.267620325088501 0
endloop
endfacet
facet normal 0 0 1
outer loop
vertex -6.022574424743652 -31.128135681152344 2.200000047683716
vertex -14.1204833984375 -41.145721435546875 2.200000047683716
vertex -6.090610980987549 -32.426353454589844 2.200000047683716
endloop
endfacet
facet normal 0 0 -1
outer loop
vertex -12.536975860595703 22.341012954711914 0
vertex -6.416933059692383 7.150296211242676 0
vertex -14.13193130493164 19.093149185180664 0
endloop
endfacet
facet normal 0 0 -1
outer loop
vertex -12.536975860595703 22.341012954711914 0
vertex -14.13193130493164 19.093149185180664 0
vertex -13.213123321533203 22.522186279296875 0
endloop
endfacet
facet normal 0 0 -1
outer loop
vertex -11.401390075683594 29.283666610717773 0
vertex -10.482583045959473 32.712703704833984 0
vertex -10.725241661071777 29.102493286132812 0
endloop
endfacet
facet normal 0 0 -1
outer loop
vertex -12.536975860595703 22.341012954711914 0
vertex -10.725241661071777 29.102493286132812 0
vertex -3.5541536808013916 0.6862770318984985 0
endloop
endfacet
facet normal 0 0 -1
outer loop
vertex -10.482583045959473 32.712703704833984 0
vertex -3.5541536808013916 0.6862770318984985 0
vertex -10.725241661071777 29.102493286132812 0
endloop
endfacet
facet normal 0 0 -1
outer loop
vertex 4.434292793273926 0.267620325088501 0
vertex -10.482583045959473 32.712703704833984 0
vertex -16.661746978759766 47.393550872802734 0
endloop
endfacet
facet normal 0 0 -1
outer loop
vertex 4.434292793273926 0.267620325088501 0
vertex -16.661746978759766 47.393550872802734 0
vertex -7.042034149169922 29.687599182128906 0
endloop
endfacet
facet normal 0 0 -1
outer loop
vertex 50.11585235595703 4.213523864746094 0
vertex 46.73881530761719 9.539462089538574 0
vertex 49.10911560058594 7.6890058517456055 0
endloop
endfacet
facet normal 0 0 1
outer loop
vertex -6.090610980987549 -32.426353454589844 2.200000047683716
vertex -14.1204833984375 -41.145721435546875 2.200000047683716
vertex -6.912285327911377 -48.10483932495117 2.200000047683716
endloop
endfacet
facet normal 0 0 -1
outer loop
vertex 47.74555587768555 6.0639801025390625 0
vertex 46.73881530761719 9.539462089538574 0
vertex 50.11585235595703 4.213523864746094 0
endloop
endfacet
facet normal 0 0 -1
outer loop
vertex 50.36860656738281 1.324559211730957 0
vertex 47.74555587768555 6.0639801025390625 0
vertex 50.11585235595703 4.213523864746094 0
endloop
endfacet
facet normal 0 0 -1
outer loop
vertex 50.678009033203125 -2.2119319438934326 0
vertex 47.74555587768555 6.0639801025390625 0
vertex 50.36860656738281 1.324559211730957 0
endloop
endfacet
facet normal 0 0 -1
outer loop
vertex 50.678009033203125 -2.2119319438934326 0
vertex 49.98067092895508 -2.2729411125183105 0
vertex 47.74555587768555 6.0639801025390625 0
endloop
endfacet
facet normal 0 0 -1
outer loop
vertex 49.98067092895508 -2.2729411125183105 0
vertex 48.35564422607422 -0.9093825817108154 0
vertex 47.74555587768555 6.0639801025390625 0
endloop
endfacet
facet normal 0 0 1
outer loop
vertex -6.912285327911377 -48.10483932495117 2.200000047683716
vertex -52.83552551269531 -32.95545196533203 2.200000047683716
vertex 20.31244468688965 -57.60715866088867 2.200000047683716
endloop
endfacet
facet normal 0 0 1
outer loop
vertex -29.58196449279785 -38.4194450378418 2.200000047683716
vertex -6.912285327911377 -48.10483932495117 2.200000047683716
vertex -14.1204833984375 -41.145721435546875 2.200000047683716
endloop
endfacet
facet normal 0 0 -1
outer loop
vertex 46.87399673461914 16.02592658996582 0
vertex 46.48606491088867 12.428426742553711 0
vertex 46.17666244506836 15.96491813659668 0
endloop
endfacet
facet normal 0 0 -1
outer loop
vertex 48.4990234375 14.662368774414062 0
vertex 46.48606491088867 12.428426742553711 0
vertex 46.87399673461914 16.02592658996582 0
endloop
endfacet
facet normal 0 0 -1
outer loop
vertex 46.73881530761719 9.539462089538574 0
vertex 46.48606491088867 12.428426742553711 0
vertex 48.4990234375 14.662368774414062 0
endloop
endfacet
facet normal 0 0 -1
outer loop
vertex 46.73881530761719 9.539462089538574 0
vertex 32.69247055053711 8.310566902160645 0
vertex 46.48606491088867 12.428426742553711 0
endloop
endfacet
facet normal 0 0 1
outer loop
vertex -52.83552551269531 -32.95545196533203 2.200000047683716
vertex 20.07823371887207 -57.70860290527344 2.200000047683716
vertex 20.31244468688965 -57.60715866088867 2.200000047683716
endloop
endfacet
facet normal 0 0 1
outer loop
vertex 20.07823371887207 -57.70860290527344 2.200000047683716
vertex -46.56291961669922 -57.39208221435547 2.200000047683716
vertex 17.18564224243164 -60.51005172729492 2.200000047683716
endloop
endfacet
facet normal 0 0 1
outer loop
vertex 17.18564224243164 -60.51005172729492 2.200000047683716
vertex -42.194801330566406 -63.047401428222656 2.200000047683716
vertex 17.074655532836914 -60.76707077026367 2.200000047683716
endloop
endfacet
facet normal 0 0 1
outer loop
vertex -42.194801330566406 -63.047401428222656 2.200000047683716
vertex 14.603991508483887 -63.047401428222656 2.200000047683716
vertex 17.074655532836914 -60.76707077026367 2.200000047683716
endloop
endfacet
facet normal 0 0 -1
outer loop
vertex 46.73881530761719 9.539462089538574 0
vertex 47.74555587768555 6.0639801025390625 0
vertex 47.0482177734375 6.002971172332764 0
endloop
endfacet
facet normal 0.001973369519092305 0.999998052904475 0
outer loop
vertex 45.048194885253906 53.1292610168457 0
vertex -10.65556526184082 53.23918533325195 0
vertex 45.048194885253906 53.1292610168457 2.200000047683716
endloop
endfacet
facet normal 0 0 -1
outer loop
vertex -23.817033767700195 -42.15739822387695 0
vertex -52.83552551269531 -32.95545196533203 0
vertex -23.782779693603516 -41.985191345214844 0
endloop
endfacet
facet normal 0 0 -1
outer loop
vertex -23.782779693603516 -41.985191345214844 0
vertex -52.83552551269531 -32.95545196533203 0
vertex -23.685232162475586 -41.839202880859375 0
endloop
endfacet
facet normal 0 0 -1
outer loop
vertex -23.685232162475586 -41.839202880859375 0
vertex -52.83552551269531 -32.95545196533203 0
vertex -23.539241790771484 -41.74165344238281 0
endloop
endfacet
facet normal 0 0 -1
outer loop
vertex -55.30510711669922 -30.012222290039062 0
vertex -23.817033767700195 -40.88740158081055 0
vertex -23.782779693603516 -41.059608459472656 0
endloop
endfacet
facet normal 0 0 -1
outer loop
vertex -23.685232162475586 -41.205596923828125 0
vertex -55.30510711669922 -30.012222290039062 0
vertex -23.782779693603516 -41.059608459472656 0
endloop
endfacet
facet normal 0 0 -1
outer loop
vertex -23.817033767700195 -40.88740158081055 0
vertex -55.30510711669922 -30.012222290039062 0
vertex -23.782779693603516 -40.71519088745117 0
endloop
endfacet
facet normal 0 0 -1
outer loop
vertex -23.782779693603516 -40.71519088745117 0
vertex -55.30510711669922 -30.012222290039062 0
vertex -23.685232162475586 -40.5692024230957 0
endloop
endfacet
facet normal 0 0 -1
outer loop
vertex -23.685232162475586 -40.5692024230957 0
vertex -55.30510711669922 -30.012222290039062 0
vertex -23.539241790771484 -40.47165298461914 0
endloop
endfacet
facet normal 0 0 -1
outer loop
vertex -28.72811508178711 -34.152896881103516 0
vertex -28.03874969482422 -34.27444839477539 0
vertex -28.65519905090332 -37.77051544189453 0
endloop
endfacet
facet normal 0 0 -1
outer loop
vertex -23.78252601623535 -47.06519317626953 0
vertex -23.684978485107422 -46.28559875488281 0
vertex -23.684978485107422 -46.9192008972168 0
endloop
endfacet
facet normal 0 0 1
outer loop
vertex -29.58196449279785 -38.4194450378418 2.200000047683716
vertex -55.30510711669922 -30.012222290039062 2.200000047683716
vertex -6.912285327911377 -48.10483932495117 2.200000047683716
endloop
endfacet
facet normal 0 0 1
outer loop
vertex -45.21669006347656 -29.18927574157715 2.200000047683716
vertex -29.58196449279785 -38.4194450378418 2.200000047683716
vertex -29.755207061767578 -31.915552139282227 2.200000047683716
endloop
endfacet
facet normal 0 0 1
outer loop
vertex -52.83552551269531 -32.95545196533203 2.200000047683716
vertex -52.75116729736328 -33.18460464477539 2.200000047683716
vertex 20.07823371887207 -57.70860290527344 2.200000047683716
endloop
endfacet
facet normal 0 0 1
outer loop
vertex 17.18564224243164 -60.51005172729492 2.200000047683716
vertex -44.572898864746094 -61.09697341918945 2.200000047683716
vertex -42.194801330566406 -63.047401428222656 2.200000047683716
endloop
endfacet
facet normal 0 0 1
outer loop
vertex 20.07823371887207 -57.70860290527344 2.200000047683716
vertex -48.816162109375 -56.336280822753906 2.200000047683716
vertex -46.69506072998047 -57.28947830200195 2.200000047683716
endloop
endfacet
facet normal 0 0 1
outer loop
vertex -46.69506072998047 -57.28947830200195 2.200000047683716
vertex -46.56291961669922 -57.39208221435547 2.200000047683716
vertex 20.07823371887207 -57.70860290527344 2.200000047683716
endloop
endfacet
facet normal 0 0 1
outer loop
vertex -46.56291961669922 -57.39208221435547 2.200000047683716
vertex -44.947879791259766 -59.4193115234375 2.200000047683716
vertex 17.18564224243164 -60.51005172729492 2.200000047683716
endloop
endfacet
facet normal 0 0 1
outer loop
vertex -52.01935577392578 -52.89883041381836 2.200000047683716
vertex -48.816162109375 -56.336280822753906 2.200000047683716
vertex 20.07823371887207 -57.70860290527344 2.200000047683716
endloop
endfacet
facet normal 0 0 1
outer loop
vertex -44.947879791259766 -59.4193115234375 2.200000047683716
vertex -44.877403259277344 -59.571044921875 2.200000047683716
vertex 17.18564224243164 -60.51005172729492 2.200000047683716
endloop
endfacet
facet normal 0 0 1
outer loop
vertex -44.877403259277344 -59.571044921875 2.200000047683716
vertex -44.572898864746094 -61.09697341918945 2.200000047683716
vertex 17.18564224243164 -60.51005172729492 2.200000047683716
endloop
endfacet
facet normal 0 0 -1
outer loop
vertex -41.10213851928711 40.61205291748047 0
vertex -37.292606353759766 49.4654426574707 0
vertex -20.278949737548828 45.688026428222656 0
endloop
endfacet
facet normal 0 0 -1
outer loop
vertex -41.10213851928711 40.61205291748047 0
vertex -20.040725708007812 45.71700668334961 0
vertex -27.482582092285156 36.962703704833984 0
endloop
endfacet
facet normal 0 0 -1
outer loop
vertex -25.697092056274414 33.11418914794922 0
vertex -32.907615661621094 18.294662475585938 0
vertex -20.040725708007812 45.71700668334961 0
endloop
endfacet
facet normal 0 0 -1
outer loop
vertex -20.040725708007812 45.71700668334961 0
vertex -29.536975860595703 26.591012954711914 0
vertex -27.725242614746094 33.35249328613281 0
endloop
endfacet
facet normal 0 0 -1
outer loop
vertex -25.697092056274414 33.11418914794922 0
vertex -24.102136611938477 36.36205291748047 0
vertex -25.020944595336914 32.933013916015625 0
endloop
endfacet
facet normal 0 0 -1
outer loop
vertex -20.040725708007812 45.71700668334961 0
vertex -27.725242614746094 33.35249328613281 0
vertex -28.401390075683594 33.53366470336914 0
endloop
endfacet
facet normal 0 0 -1
outer loop
vertex -20.040725708007812 45.71700668334961 0
vertex -28.401390075683594 33.53366470336914 0
vertex -27.482582092285156 36.962703704833984 0
endloop
endfacet
facet normal 0 0 -1
outer loop
vertex -24.102136611938477 36.36205291748047 0
vertex -25.697092056274414 33.11418914794922 0
vertex -20.040725708007812 45.71700668334961 0
endloop
endfacet
facet normal 0 0 -1
outer loop
vertex -20.040725708007812 45.71700668334961 0
vertex -41.10213851928711 40.61205291748047 0
vertex -20.278949737548828 45.688026428222656 0
endloop
endfacet
facet normal 0 0 -1
outer loop
vertex -24.102136611938477 36.36205291748047 0
vertex -20.040725708007812 45.71700668334961 0
vertex -16.661746978759766 47.393550872802734 0
endloop
endfacet
facet normal 0 0 1
outer loop
vertex -52.75116729736328 -33.18460464477539 2.200000047683716
vertex -52.616729736328125 -51.397796630859375 2.200000047683716
vertex 20.07823371887207 -57.70860290527344 2.200000047683716
endloop
endfacet
facet normal 0 0 1
outer loop
vertex -52.616729736328125 -51.397796630859375 2.200000047683716
vertex -52.01935577392578 -52.89883041381836 2.200000047683716
vertex 20.07823371887207 -57.70860290527344 2.200000047683716
endloop
endfacet
facet normal 0 -1 0
outer loop
vertex -42.194801330566406 -63.047401428222656 2.200000047683716
vertex 14.603991508483887 -63.047401428222656 0
vertex 14.603991508483887 -63.047401428222656 2.200000047683716
endloop
endfacet
facet normal 0 0 -1
outer loop
vertex -16.661746978759766 47.393550872802734 0
vertex -10.482583045959473 32.712703704833984 0
vertex -24.102136611938477 36.36205291748047 0
endloop
endfacet
facet normal 0 0 -1
outer loop
vertex -7.042034149169922 29.687599182128906 0
vertex -16.494569778442383 47.56571960449219 0
vertex -7.742033958435059 33.23759841918945 0
endloop
endfacet
facet normal 0 0 -1
outer loop
vertex -16.494569778442383 47.56571960449219 0
vertex -7.042034149169922 29.687599182128906 0
vertex -16.661746978759766 47.393550872802734 0
endloop
endfacet
facet normal 0 0 -1
outer loop
vertex -7.742033958435059 33.23759841918945 0
vertex -16.494569778442383 47.56571960449219 0
vertex -7.742033958435059 40.23759841918945 0
endloop
endfacet
facet normal 0 0 -1
outer loop
vertex -7.742033958435059 40.23759841918945 0
vertex -16.494569778442383 47.56571960449219 0
vertex -7.042034149169922 40.23759841918945 0
endloop
endfacet
facet normal 0 0 -1
outer loop
vertex -16.494569778442383 47.56571960449219 0
vertex -15.600737571716309 49.50871276855469 0
vertex -7.042034149169922 40.23759841918945 0
endloop
endfacet
facet normal 0 0 -1
outer loop
vertex -7.042034149169922 40.23759841918945 0
vertex -15.600737571716309 49.50871276855469 0
vertex -7.042034149169922 43.787601470947266 0
endloop
endfacet
facet normal 0 0 -1
outer loop
vertex -7.742033958435059 33.23759841918945 0
vertex -7.042034149169922 33.23759841918945 0
vertex -7.042034149169922 29.687599182128906 0
endloop
endfacet
facet normal 0 0 -1
outer loop
vertex -7.042034149169922 43.787601470947266 0
vertex -10.65556526184082 53.23918533325195 0
vertex 7.057966232299805 43.787601470947266 0
endloop
endfacet
facet normal 0 0 -1
outer loop
vertex -23.684978485107422 -46.9192008972168 0
vertex -23.684978485107422 -46.28559875488281 0
vertex -23.53898811340332 -46.8216552734375 0
endloop
endfacet
facet normal 0 0 -1
outer loop
vertex -23.53898811340332 -46.8216552734375 0
vertex -23.684978485107422 -46.28559875488281 0
vertex -23.53898811340332 -46.38314437866211 0
endloop
endfacet
facet normal 0 0 -1
outer loop
vertex -7.042034149169922 43.787601470947266 0
vertex -15.600737571716309 49.50871276855469 0
vertex -12.162826538085938 52.65526580810547 0
endloop
endfacet
facet normal 0 0 -1
outer loop
vertex -10.65556526184082 53.23918533325195 0
vertex -7.042034149169922 43.787601470947266 0
vertex -12.162826538085938 52.65526580810547 0
endloop
endfacet
facet normal 0 0 -1
outer loop
vertex -23.53898811340332 -46.8216552734375 0
vertex -23.366779327392578 -46.41740036010742 0
vertex -23.366779327392578 -46.78739929199219 0
endloop
endfacet
facet normal 0 0 -1
outer loop
vertex -23.366779327392578 -46.78739929199219 0
vertex -23.366779327392578 -46.41740036010742 0
vertex -23.19457244873047 -46.8216552734375 0
endloop
endfacet
facet normal 0 0 -1
outer loop
vertex -23.366779327392578 -46.41740036010742 0
vertex -23.53898811340332 -46.8216552734375 0
vertex -23.53898811340332 -46.38314437866211 0
endloop
endfacet
facet normal 0.21674474506933844 0.9762283111469506 0
outer loop
vertex -20.278949737548828 45.688026428222656 0
vertex -37.292606353759766 49.4654426574707 0
vertex -20.278949737548828 45.688026428222656 2.200000047683716
endloop
endfacet
facet normal -0.12076097648851188 0.9926816138911515 0
outer loop
vertex -20.040725708007812 45.71700668334961 0
vertex -20.278949737548828 45.688026428222656 0
vertex -20.040725708007812 45.71700668334961 2.200000047683716
endloop
endfacet
facet normal 0 0 -1
outer loop
vertex -23.78252601623535 -45.79519271850586 0
vertex -23.684978485107422 -45.01559829711914 0
vertex -23.684978485107422 -45.649200439453125 0
endloop
endfacet
facet normal 0 0 -1
outer loop
vertex -23.684978485107422 -45.649200439453125 0
vertex -23.684978485107422 -45.01559829711914 0
vertex -23.53898811340332 -45.55165481567383 0
endloop
endfacet
facet normal 0.8969569026529364 0.44211798740070607 0
outer loop
vertex 70.48910522460938 40.981475830078125 2.200000047683716
vertex 70.48910522460938 40.981475830078125 1.7000000476837158
vertex 69.83495330810547 42.30860137939453 2.200000047683716
endloop
endfacet
facet normal 0.33738961611994217 0.9413650975760881 0
outer loop
vertex -37.292606353759766 49.4654426574707 0
vertex -37.37553024291992 49.49516296386719 0
vertex -37.292606353759766 49.4654426574707 2.200000047683716
endloop
endfacet
facet normal -0.44446598862887826 0.8957957272459799 0
outer loop
vertex -16.661746978759766 47.393550872802734 0
vertex -20.040725708007812 45.71700668334961 0
vertex -16.661746978759766 47.393550872802734 2.200000047683716
endloop
endfacet
facet normal 0 0 -1
outer loop
vertex -23.53898811340332 -45.55165481567383 0
vertex -23.53898811340332 -45.11314392089844 0
vertex -23.366779327392578 -45.517398834228516 0
endloop
endfacet
facet normal 0 0 -1
outer loop
vertex -23.366779327392578 -45.517398834228516 0
vertex -23.366779327392578 -45.14739990234375 0
vertex -23.19457244873047 -45.55165481567383 0
endloop
endfacet
facet normal 0 0 -1
outer loop
vertex -23.53898811340332 -45.11314392089844 0
vertex -23.53898811340332 -45.55165481567383 0
vertex -23.684978485107422 -45.01559829711914 0
endloop
endfacet
facet normal 0 0 -1
outer loop
vertex -23.366779327392578 -45.14739990234375 0
vertex -23.366779327392578 -45.517398834228516 0
vertex -23.53898811340332 -45.11314392089844 0
endloop
endfacet
facet normal 0 0 -1
outer loop
vertex -23.53898811340332 -44.281654357910156 0
vertex -23.684978485107422 -43.74559783935547 0
vertex -23.53898811340332 -43.84314727783203 0
endloop
endfacet
facet normal 0 0 -1
outer loop
vertex 24.057966232299805 43.787601470947266 0
vertex -10.65556526184082 53.23918533325195 0
vertex 45.048194885253906 53.1292610168457 0
endloop
endfacet
facet normal 0 0 -1
outer loop
vertex -52.83552551269531 -32.95545196533203 0
vertex -55.30510711669922 -30.012222290039062 0
vertex -23.539241790771484 -41.74165344238281 0
endloop
endfacet
facet normal -0.7174301982998612 0.6966303973897651 0
outer loop
vertex -16.494569778442383 47.56571960449219 0
vertex -16.661746978759766 47.393550872802734 0
vertex -16.494569778442383 47.56571960449219 2.200000047683716
endloop
endfacet
facet normal -0.9084806265700993 0.417926968676107 0
outer loop
vertex -15.600737571716309 49.50871276855469 0
vertex -16.494569778442383 47.56571960449219 0
vertex -15.600737571716309 49.50871276855469 2.200000047683716
endloop
endfacet
facet normal -0.6751571376961303 0.7376739384158618 0
outer loop
vertex -12.162826538085938 52.65526580810547 0
vertex -15.600737571716309 49.50871276855469 0
vertex -12.162826538085938 52.65526580810547 2.200000047683716
endloop
endfacet
facet normal -0.361243492921625 0.9324715217215933 0
outer loop
vertex -10.65556526184082 53.23918533325195 0
vertex -12.162826538085938 52.65526580810547 0
vertex -10.65556526184082 53.23918533325195 2.200000047683716
endloop
endfacet
facet normal 0 0 -1
outer loop
vertex -23.53898811340332 -44.281654357910156 0
vertex -23.53898811340332 -43.84314727783203 0
vertex -23.366779327392578 -44.247398376464844 0
endloop
endfacet
facet normal 0 0 -1
outer loop
vertex -55.30510711669922 -30.012222290039062 0
vertex -28.72811508178711 -34.152896881103516 0
vertex -28.65519905090332 -37.77051544189453 0
endloop
endfacet
facet normal -0.9850441574264738 0.1723020833303192 0
outer loop
vertex -63.395328521728516 16.62748908996582 2.200000047683716
vertex -66.81160736083984 -2.9032411575317383 1.7000000476837158
vertex -66.81160736083984 -2.9032411575317383 2.200000047683716
endloop
endfacet
facet normal 0 0 -1
outer loop
vertex -23.366779327392578 -44.247398376464844 0
vertex -23.366779327392578 -43.87739944458008 0
vertex -23.19457244873047 -44.281654357910156 0
endloop
endfacet
facet normal -0.8347296048359973 0.5506600464990535 0
outer loop
vertex -62.410709381103516 18.120044708251953 2.200000047683716
vertex -63.395328521728516 16.62748908996582 0
vertex -63.395328521728516 16.62748908996582 2.200000047683716
endloop
endfacet
facet normal -0.5460578417912196 0.8377474759247653 0
outer loop
vertex -60.295230865478516 19.49894905090332 2.200000047683716
vertex -62.410709381103516 18.120044708251953 0
vertex -62.410709381103516 18.120044708251953 2.200000047683716
endloop
endfacet
facet normal -0.8638053956895828 0.5038256031381922 0
outer loop
vertex -60.128170013427734 19.78537368774414 2.200000047683716
vertex -60.295230865478516 19.49894905090332 0
vertex -60.295230865478516 19.49894905090332 2.200000047683716
endloop
endfacet
facet normal -0.9980223892655882 0.06285945055921803 0
outer loop
vertex -59.7918701171875 25.12482261657715 2.200000047683716
vertex -60.128170013427734 19.78537368774414 0
vertex -60.128170013427734 19.78537368774414 2.200000047683716
endloop
endfacet
facet normal -0.6468551178220145 -0.7626129139658387 0
outer loop
vertex -74.2419204711914 37.576507568359375 2.200000047683716
vertex -59.92167282104492 25.42994499206543 0
vertex -59.92167282104492 25.42994499206543 2.200000047683716
endloop
endfacet
facet normal -0.9201944047712985 -0.3914616934357634 0
outer loop
vertex -59.92167282104492 25.42994499206543 2.200000047683716
vertex -59.7918701171875 25.12482261657715 0
vertex -59.7918701171875 25.12482261657715 2.200000047683716
endloop
endfacet
facet normal 0 0 1
outer loop
vertex -39.538394927978516 3.013936996459961 2.200000047683716
vertex -42.78891372680664 -6.163763999938965 2.200000047683716
vertex -42.86530303955078 -7.430947303771973 2.200000047683716
endloop
endfacet
facet normal 0 0 1
outer loop
vertex -42.264671325683594 -12.447545051574707 2.200000047683716
vertex -39.538394927978516 3.013936996459961 2.200000047683716
vertex -42.86530303955078 -7.430947303771973 2.200000047683716
endloop
endfacet
facet normal 0 0 -1
outer loop
vertex -23.366779327392578 -43.87739944458008 0
vertex -23.366779327392578 -44.247398376464844 0
vertex -23.53898811340332 -43.84314727783203 0
endloop
endfacet
facet normal 0 0 -1
outer loop
vertex -23.19457244873047 -43.011653900146484 0
vertex -52.83552551269531 -32.95545196533203 0
vertex -6.817071914672852 -48.50740051269531 0
endloop
endfacet
facet normal 0 0 -1
outer loop
vertex -52.83552551269531 -32.95545196533203 0
vertex -23.539241790771484 -42.57314682006836 0
vertex -6.685269832611084 -48.18920135498047 0
endloop
endfacet
facet normal 0 0 1
outer loop
vertex -42.264671325683594 -12.447545051574707 2.200000047683716
vertex -42.86530303955078 -7.430947303771973 2.200000047683716
vertex -42.490413665771484 -13.727794647216797 2.200000047683716
endloop
endfacet
facet normal 0 0 1
outer loop
vertex -42.86530303955078 -7.430947303771973 2.200000047683716
vertex -45.59157943725586 -22.89242935180664 2.200000047683716
vertex -42.490413665771484 -13.727794647216797 2.200000047683716
endloop
endfacet
facet normal 0 0 -1
outer loop
vertex -23.539241790771484 -40.47165298461914 0
vertex -28.65519905090332 -37.77051544189453 0
vertex -23.367033004760742 -40.437400817871094 0
endloop
endfacet
facet normal 0 0 -1
outer loop
vertex -23.19457244873047 -46.8216552734375 0
vertex -23.19457244873047 -46.38314437866211 0
vertex -23.048582077026367 -46.9192008972168 0
endloop
endfacet
facet normal 0 0 -1
outer loop
vertex -23.19457244873047 -46.8216552734375 0
vertex -23.366779327392578 -46.41740036010742 0
vertex -23.19457244873047 -46.38314437866211 0
endloop
endfacet
facet normal 0 0 -1
outer loop
vertex 26.957965850830078 43.787601470947266 0
vertex 45.048194885253906 53.1292610168457 0
vertex 41.05796432495117 43.787601470947266 0
endloop
endfacet
facet normal 0.674411597672825 0.7383556032999192 0
outer loop
vertex 69.83495330810547 42.30860137939453 2.200000047683716
vertex 66.37657165527344 45.46747589111328 0
vertex 66.37657165527344 45.46747589111328 2.200000047683716
endloop
endfacet
facet normal 0 0 -1
outer loop
vertex 26.957965850830078 43.787601470947266 0
vertex 24.057966232299805 43.787601470947266 0
vertex 45.048194885253906 53.1292610168457 0
endloop
endfacet
facet normal 0 0 1
outer loop
vertex -63.395328521728516 16.62748908996582 2.200000047683716
vertex -66.81160736083984 -2.9032411575317383 2.200000047683716
vertex -65.53105163574219 -3.1272339820861816 2.200000047683716
endloop
endfacet
facet normal 0 0 1
outer loop
vertex -58.250396728515625 -3.4374873638153076 2.200000047683716
vertex -55.52412033081055 12.023994445800781 2.200000047683716
vertex -65.53105163574219 -3.1272339820861816 2.200000047683716
endloop
endfacet
facet normal 0 0 -1
outer loop
vertex 26.257966995239258 40.23759841918945 0
vertex 26.957965850830078 43.787601470947266 0
vertex 26.957965850830078 40.23759841918945 0
endloop
endfacet
facet normal 0 0 1
outer loop
vertex -62.410709381103516 18.120044708251953 2.200000047683716
vertex -63.395328521728516 16.62748908996582 2.200000047683716
vertex -65.53105163574219 -3.1272339820861816 2.200000047683716
endloop
endfacet
facet normal 0 0 1
outer loop
vertex -60.295230865478516 19.49894905090332 2.200000047683716
vertex -62.410709381103516 18.120044708251953 2.200000047683716
vertex -65.53105163574219 -3.1272339820861816 2.200000047683716
endloop
endfacet
facet normal 0 0 1
outer loop
vertex -60.295230865478516 19.49894905090332 2.200000047683716
vertex -65.53105163574219 -3.1272339820861816 2.200000047683716
vertex -55.52412033081055 12.023994445800781 2.200000047683716
endloop
endfacet
facet normal 0 0 -1
outer loop
vertex 26.957965850830078 43.787601470947266 0
vertex 24.757966995239258 40.23759841918945 0
vertex 24.057966232299805 43.787601470947266 0
endloop
endfacet
facet normal 0.33024708658146046 0.9438945183676285 0
outer loop
vertex 66.37657165527344 45.46747589111328 2.200000047683716
vertex 64.7158432006836 46.048526763916016 0
vertex 64.7158432006836 46.048526763916016 2.200000047683716
endloop
endfacet
facet normal -0.06698866230532612 0.9977537367118917 0
outer loop
vertex 64.7158432006836 46.048526763916016 2.200000047683716
vertex 53.882450103759766 45.3211784362793 0
vertex 53.882450103759766 45.3211784362793 2.200000047683716
endloop
endfacet
facet normal -0.40990039502042985 -0.9121302901242209 0
outer loop
vertex -48.816162109375 -56.336280822753906 0
vertex -46.69506072998047 -57.28947830200195 0
vertex -48.816162109375 -56.336280822753906 2.200000047683716
endloop
endfacet
facet normal 0.7315952170847136 0.6817392744581837 0
outer loop
vertex 49.807518005371094 49.0640869140625 2.200000047683716
vertex 46.68447494506836 52.41551971435547 0
vertex 46.68447494506836 52.41551971435547 2.200000047683716
endloop
endfacet
facet normal 0 0 1
outer loop
vertex -55.52412033081055 12.023994445800781 2.200000047683716
vertex -40.06263732910156 9.297718048095703 2.200000047683716
vertex -60.295230865478516 19.49894905090332 2.200000047683716
endloop
endfacet
facet normal 0.9034517149051335 0.4286898632286204 0
outer loop
vertex 50.697269439697266 47.188961029052734 2.200000047683716
vertex 49.807518005371094 49.0640869140625 0
vertex 49.807518005371094 49.0640869140625 2.200000047683716
endloop
endfacet
facet normal 0.39981654496532226 0.9165951834763221 0
outer loop
vertex 46.68447494506836 52.41551971435547 2.200000047683716
vertex 45.048194885253906 53.1292610168457 0
vertex 45.048194885253906 53.1292610168457 2.200000047683716
endloop
endfacet
facet normal -0.929124050013492 -0.36976817019116975 0
outer loop
vertex -52.616729736328125 -51.397796630859375 0
vertex -52.01935577392578 -52.89883041381836 0
vertex -52.616729736328125 -51.397796630859375 2.200000047683716
endloop
endfacet
facet normal 0 0 1
outer loop
vertex -39.538394927978516 3.013936996459961 2.200000047683716
vertex -39.312652587890625 4.294187068939209 2.200000047683716
vertex -42.78891372680664 -6.163763999938965 2.200000047683716
endloop
endfacet
facet normal 0 0 -1
outer loop
vertex 26.257966995239258 40.23759841918945 0
vertex 24.757966995239258 40.23759841918945 0
vertex 26.957965850830078 43.787601470947266 0
endloop
endfacet
facet normal 0 0 1
outer loop
vertex -42.78891372680664 -6.163763999938965 2.200000047683716
vertex -39.312652587890625 4.294187068939209 2.200000047683716
vertex -36.58637619018555 19.75566864013672 2.200000047683716
endloop
endfacet
facet normal 0 0 1
outer loop
vertex -40.06263732910156 9.297718048095703 2.200000047683716
vertex -42.78891372680664 -6.163763999938965 2.200000047683716
vertex -36.58637619018555 19.75566864013672 2.200000047683716
endloop
endfacet
facet normal -0.731595766036552 -0.6817386853607403 0
outer loop
vertex -48.816162109375 -56.336280822753906 0
vertex -52.01935577392578 -52.89883041381836 2.200000047683716
vertex -52.01935577392578 -52.89883041381836 0
endloop
endfacet
facet normal -0.9806647877327823 -0.19569510494904319 0
outer loop
vertex -44.572898864746094 -61.09697341918945 0
vertex -44.877403259277344 -59.571044921875 2.200000047683716
vertex -44.877403259277344 -59.571044921875 0
endloop
endfacet
facet normal -0.9069430171963215 -0.42125332468579146 0
outer loop
vertex -44.877403259277344 -59.571044921875 0
vertex -44.947879791259766 -59.4193115234375 2.200000047683716
vertex -44.947879791259766 -59.4193115234375 0
endloop
endfacet
facet normal 0.22959542966771346 0.9732861545689931 0
outer loop
vertex 53.882450103759766 45.3211784362793 2.200000047683716
vertex 53.67741775512695 45.369544982910156 0
vertex 53.67741775512695 45.369544982910156 2.200000047683716
endloop
endfacet
facet normal 0.5058423686201554 0.8626259317391002 0
outer loop
vertex 53.67741775512695 45.369544982910156 2.200000047683716
vertex 50.83958435058594 47.03364562988281 0
vertex 50.83958435058594 47.03364562988281 2.200000047683716
endloop
endfacet
facet normal 0.7372901786576439 0.6755761929308786 0
outer loop
vertex 50.83958435058594 47.03364562988281 2.200000047683716
vertex 50.697269439697266 47.188961029052734 0
vertex 50.697269439697266 47.188961029052734 2.200000047683716
endloop
endfacet
facet normal -0.6341550234704617 -0.7732059274263088 0
outer loop
vertex -44.572898864746094 -61.09697341918945 0
vertex -42.194801330566406 -63.047401428222656 0
vertex -44.572898864746094 -61.09697341918945 2.200000047683716
endloop
endfacet
facet normal -0.613297927770968 -0.7898516644230336 0
outer loop
vertex -46.69506072998047 -57.28947830200195 0
vertex -46.56291961669922 -57.39208221435547 0
vertex -46.69506072998047 -57.28947830200195 2.200000047683716
endloop
endfacet
facet normal -0.782136365387788 -0.6231072988964107 0
outer loop
vertex -44.947879791259766 -59.4193115234375 0
vertex -46.56291961669922 -57.39208221435547 2.200000047683716
vertex -46.56291961669922 -57.39208221435547 0
endloop
endfacet
facet normal -0.9999727591047046 -0.007381127862614539 0
outer loop
vertex -52.75116729736328 -33.18460464477539 0
vertex -52.616729736328125 -51.397796630859375 0
vertex -52.75116729736328 -33.18460464477539 2.200000047683716
endloop
endfacet
facet normal 0 0 1
outer loop
vertex 63.5472297668457 21.65049934387207 2.200000047683716
vertex 70.81934356689453 22.464488983154297 2.200000047683716
vertex 69.24523162841797 40.875125885009766 2.200000047683716
endloop
endfacet
facet normal 0 0 1
outer loop
vertex 63.5472297668457 21.65049934387207 2.200000047683716
vertex 63.6605339050293 20.355445861816406 2.200000047683716
vertex 70.81934356689453 22.464488983154297 2.200000047683716
endloop
endfacet
facet normal 0 0 1
outer loop
vertex 63.6605339050293 20.355445861816406 2.200000047683716
vertex 65.02887725830078 4.715188503265381 2.200000047683716
vertex 70.81934356689453 22.464488983154297 2.200000047683716
endloop
endfacet
facet normal 0 0 1
outer loop
vertex 63.5472297668457 21.65049934387207 2.200000047683716
vertex 47.90697479248047 20.282154083251953 2.200000047683716
vertex 63.6605339050293 20.355445861816406 2.200000047683716
endloop
endfacet
facet normal 0 0 1
outer loop
vertex 65.02887725830078 4.715188503265381 2.200000047683716
vertex 72.39344787597656 4.053853988647461 2.200000047683716
vertex 70.81934356689453 22.464488983154297 2.200000047683716
endloop
endfacet
facet normal 0 0 1
outer loop
vertex 65.02887725830078 4.715188503265381 2.200000047683716
vertex 65.14218139648438 3.420135498046875 2.200000047683716
vertex 72.39344787597656 4.053853988647461 2.200000047683716
endloop
endfacet
facet normal 0 0 1
outer loop
vertex -60.295230865478516 19.49894905090332 2.200000047683716
vertex -40.06263732910156 9.297718048095703 2.200000047683716
vertex -45.73128128051758 26.42681121826172 2.200000047683716
endloop
endfacet
facet normal 0 0 1
outer loop
vertex -60.128170013427734 19.78537368774414 2.200000047683716
vertex -60.295230865478516 19.49894905090332 2.200000047683716
vertex -41.667823791503906 41.59184646606445 2.200000047683716
endloop
endfacet
facet normal 0 0 1
outer loop
vertex -59.7918701171875 25.12482261657715 2.200000047683716
vertex -60.128170013427734 19.78537368774414 2.200000047683716
vertex -41.667823791503906 41.59184646606445 2.200000047683716
endloop
endfacet
facet normal 0 0 1
outer loop
vertex -41.667823791503906 41.59184646606445 2.200000047683716
vertex -60.295230865478516 19.49894905090332 2.200000047683716
vertex -45.73128128051758 26.42681121826172 2.200000047683716
endloop
endfacet
facet normal 0 0 1
outer loop
vertex -45.73128128051758 26.42681121826172 2.200000047683716
vertex -40.06263732910156 9.297718048095703 2.200000047683716
vertex -36.58637619018555 19.75566864013672 2.200000047683716
endloop
endfacet
facet normal 0 0 1
outer loop
vertex 65.02887725830078 4.715188503265381 2.200000047683716
vertex 49.38862228393555 3.3468434810638428 2.200000047683716
vertex 65.14218139648438 3.420135498046875 2.200000047683716
endloop
endfacet
facet normal 0 0 1
outer loop
vertex 47.90697479248047 20.282154083251953 2.200000047683716
vertex 46.62346649169922 20.036903381347656 2.200000047683716
vertex 63.6605339050293 20.355445861816406 2.200000047683716
endloop
endfacet
facet normal 0 0 1
outer loop
vertex 48.0202751159668 18.98710060119629 2.200000047683716
vertex 63.6605339050293 20.355445861816406 2.200000047683716
vertex 46.62346649169922 20.036903381347656 2.200000047683716
endloop
endfacet
facet normal -0.8961960929020909 -0.4436581601492605 0
outer loop
vertex -75.03059387207031 39.169639587402344 2.200000047683716
vertex -74.2419204711914 37.576507568359375 0
vertex -74.2419204711914 37.576507568359375 2.200000047683716
endloop
endfacet
facet normal -0.9986479028304154 -0.051984287745559174 0
outer loop
vertex -75.27667999267578 43.8970947265625 2.200000047683716
vertex -75.03059387207031 39.169639587402344 0
vertex -75.03059387207031 39.169639587402344 2.200000047683716
endloop
endfacet
facet normal -0.9473915515713179 0.32007694076782683 0
outer loop
vertex -74.75040435791016 45.454811096191406 2.200000047683716
vertex -75.27667999267578 43.8970947265625 0
vertex -75.27667999267578 43.8970947265625 2.200000047683716
endloop
endfacet
facet normal 0 0 1
outer loop
vertex -58.250396728515625 -3.4374873638153076 2.200000047683716
vertex -42.86530303955078 -7.430947303771973 2.200000047683716
vertex -42.78891372680664 -6.163763999938965 2.200000047683716
endloop
endfacet
facet normal 0 0 -1
outer loop
vertex 24.057966232299805 40.23759841918945 0
vertex 24.057966232299805 43.787601470947266 0
vertex 24.757966995239258 40.23759841918945 0
endloop
endfacet
facet normal 0 0 1
outer loop
vertex -58.250396728515625 -3.4374873638153076 2.200000047683716
vertex -58.326786041259766 -4.7046709060668945 2.200000047683716
vertex -42.86530303955078 -7.430947303771973 2.200000047683716
endloop
endfacet
facet normal -0.7625009067496827 0.6469871460901767 0
outer loop
vertex -72.85821533203125 47.68483352661133 1.7000000476837158
vertex -74.75040435791016 45.454811096191406 2.200000047683716
vertex -72.85821533203125 47.68483352661133 2.200000047683716
endloop
endfacet
facet normal 0 0 -1
outer loop
vertex 26.257966995239258 40.23759841918945 0
vertex 24.757966995239258 33.23759841918945 0
vertex 24.757966995239258 40.23759841918945 0
endloop
endfacet
facet normal 0 0 -1
outer loop
vertex 26.257966995239258 33.23759841918945 0
vertex 24.757966995239258 33.23759841918945 0
vertex 26.257966995239258 40.23759841918945 0
endloop
endfacet
facet normal 0 0 -1
outer loop
vertex 26.257966995239258 33.23759841918945 0
vertex 26.957965850830078 33.23759841918945 0
vertex 26.957965850830078 29.687599182128906 0
endloop
endfacet
facet normal 0 0 -1
outer loop
vertex 26.957965850830078 29.687599182128906 0
vertex 24.757966995239258 33.23759841918945 0
vertex 26.257966995239258 33.23759841918945 0
endloop
endfacet
facet normal 0 0 -1
outer loop
vertex 26.957965850830078 29.687599182128906 0
vertex 24.057966232299805 33.23759841918945 0
vertex 24.757966995239258 33.23759841918945 0
endloop
endfacet
facet normal 0 0 -1
outer loop
vertex -23.048582077026367 -46.9192008972168 0
vertex -23.19457244873047 -46.38314437866211 0
vertex -23.048582077026367 -46.28559875488281 0
endloop
endfacet
facet normal -0.03811444071013973 0.9992733807168853 0
outer loop
vertex -54.22880935668945 63.03433609008789 2.200000047683716
vertex -59.03441619873047 62.85103988647461 0
vertex -59.03441619873047 62.85103988647461 2.200000047683716
endloop
endfacet
facet normal 0 0 -1
outer loop
vertex -23.048582077026367 -45.649200439453125 0
vertex -23.19457244873047 -45.55165481567383 0
vertex -23.19457244873047 -45.11314392089844 0
endloop
endfacet
facet normal 0 0 -1
outer loop
vertex -23.19457244873047 -45.55165481567383 0
vertex -23.366779327392578 -45.14739990234375 0
vertex -23.19457244873047 -45.11314392089844 0
endloop
endfacet
facet normal 0 0 -1
outer loop
vertex -23.048582077026367 -45.649200439453125 0
vertex -23.19457244873047 -45.11314392089844 0
vertex -23.048582077026367 -45.01559829711914 0
endloop
endfacet
facet normal 0 0 -1
outer loop
vertex -23.19457244873047 -44.281654357910156 0
vertex -23.366779327392578 -43.87739944458008 0
vertex -23.19457244873047 -43.84314727783203 0
endloop
endfacet
facet normal 0 0 -1
outer loop
vertex -6.817071914672852 -48.50740051269531 0
vertex -52.83552551269531 -32.95545196533203 0
vertex -6.782817840576172 -48.3351936340332 0
endloop
endfacet
facet normal 0 0 -1
outer loop
vertex -6.782817840576172 -48.3351936340332 0
vertex -52.83552551269531 -32.95545196533203 0
vertex -6.685269832611084 -48.18920135498047 0
endloop
endfacet
facet normal 0 0 -1
outer loop
vertex -23.367033004760742 -40.437400817871094 0
vertex -28.65519905090332 -37.77051544189453 0
vertex -14.769410133361816 -40.218955993652344 0
endloop
endfacet
facet normal 0 0 -1
outer loop
vertex 9.957965850830078 43.787601470947266 0
vertex -10.65556526184082 53.23918533325195 0
vertex 24.057966232299805 43.787601470947266 0
endloop
endfacet
facet normal 0 0 -1
outer loop
vertex 9.957965850830078 40.23759841918945 0
vertex 7.057966232299805 43.787601470947266 0
vertex 9.957965850830078 43.787601470947266 0
endloop
endfacet
facet normal 0 0 -1
outer loop
vertex 9.257966041564941 40.23759841918945 0
vertex 7.057966232299805 43.787601470947266 0
vertex 9.957965850830078 40.23759841918945 0
endloop
endfacet
facet normal 0 0 -1
outer loop
vertex 9.257966041564941 40.23759841918945 0
vertex 7.757966041564941 40.23759841918945 0
vertex 7.057966232299805 43.787601470947266 0
endloop
endfacet
facet normal -0.4373483733728992 0.8992921662663803 0
outer loop
vertex -59.03441619873047 62.85103988647461 2.200000047683716
vertex -60.51609420776367 62.130462646484375 1.7000000476837158
vertex -60.51609420776367 62.130462646484375 2.200000047683716
endloop
endfacet
facet normal 0 0 -1
outer loop
vertex 7.057966232299805 40.23759841918945 0
vertex 7.057966232299805 43.787601470947266 0
vertex 7.757966041564941 40.23759841918945 0
endloop
endfacet
facet normal 0 0 -1
outer loop
vertex 7.057966232299805 43.787601470947266 0
vertex -10.65556526184082 53.23918533325195 0
vertex 9.957965850830078 43.787601470947266 0
endloop
endfacet
facet normal 0 0 -1
outer loop
vertex 9.257966041564941 33.23759841918945 0
vertex 7.757966041564941 40.23759841918945 0
vertex 9.257966041564941 40.23759841918945 0
endloop
endfacet
facet normal 0 0 -1
outer loop
vertex 9.257966041564941 33.23759841918945 0
vertex 7.757966041564941 33.23759841918945 0
vertex 7.757966041564941 40.23759841918945 0
endloop
endfacet
facet normal 0 0 -1
outer loop
vertex 9.957965850830078 29.687599182128906 0
vertex 9.257966041564941 33.23759841918945 0
vertex 9.957965850830078 33.23759841918945 0
endloop
endfacet
facet normal 0 0 -1
outer loop
vertex 9.957965850830078 29.687599182128906 0
vertex 7.757966041564941 33.23759841918945 0
vertex 9.257966041564941 33.23759841918945 0
endloop
endfacet
facet normal 0 0 -1
outer loop
vertex 9.957965850830078 29.687599182128906 0
vertex 7.057966232299805 33.23759841918945 0
vertex 7.757966041564941 33.23759841918945 0
endloop
endfacet
facet normal 0 0 -1
outer loop
vertex -23.194826126098633 -40.47165298461914 0
vertex -14.769410133361816 -40.218955993652344 0
vertex -23.04883575439453 -40.5692024230957 0
endloop
endfacet
facet normal 0 0 -1
outer loop
vertex -22.917034149169922 -40.88740158081055 0
vertex -22.9512882232666 -40.71519088745117 0
vertex -14.769410133361816 -40.218955993652344 0
endloop
endfacet
facet normal 0 0 -1
outer loop
vertex -14.769410133361816 -40.218955993652344 0
vertex -22.9512882232666 -40.71519088745117 0
vertex -23.04883575439453 -40.5692024230957 0
endloop
endfacet
facet normal 0 0 -1
outer loop
vertex -14.769410133361816 -40.218955993652344 0
vertex -23.194826126098633 -40.47165298461914 0
vertex -23.367033004760742 -40.437400817871094 0
endloop
endfacet
facet normal 0.33492900832257777 0.9422433652640142 0
outer loop
vertex -52.671836853027344 62.48089599609375 2.200000047683716
vertex -54.22880935668945 63.03433609008789 0
vertex -54.22880935668945 63.03433609008789 2.200000047683716
endloop
endfacet
facet normal 0.6602753706905169 0.7510235914134126 0
outer loop
vertex -38.653526306152344 50.156455993652344 2.200000047683716
vertex -52.671836853027344 62.48089599609375 0
vertex -52.671836853027344 62.48089599609375 2.200000047683716
endloop
endfacet
facet normal 0.5609304899700387 0.8278629025520907 0
outer loop
vertex -38.58060073852539 50.1070442199707 2.200000047683716
vertex -38.653526306152344 50.156455993652344 0
vertex -38.653526306152344 50.156455993652344 2.200000047683716
endloop
endfacet
facet normal 0.4527372068941044 0.8916439993033795 0
outer loop
vertex -37.37553024291992 49.49516296386719 2.200000047683716
vertex -38.58060073852539 50.1070442199707 0
vertex -38.58060073852539 50.1070442199707 2.200000047683716
endloop
endfacet
facet normal 0 0 1
outer loop
vertex -74.2419204711914 37.576507568359375 2.200000047683716
vertex -59.92167282104492 25.42994499206543 2.200000047683716
vertex -66.3013687133789 42.060035705566406 2.200000047683716
endloop
endfacet
facet normal 0 0 1
outer loop
vertex -75.03059387207031 39.169639587402344 2.200000047683716
vertex -74.2419204711914 37.576507568359375 2.200000047683716
vertex -66.3013687133789 42.060035705566406 2.200000047683716
endloop
endfacet
facet normal 0 0 1
outer loop
vertex -75.27667999267578 43.8970947265625 2.200000047683716
vertex -75.03059387207031 39.169639587402344 2.200000047683716
vertex -66.3013687133789 42.060035705566406 2.200000047683716
endloop
endfacet
facet normal 0 0 1
outer loop
vertex -72.85821533203125 47.68483352661133 2.200000047683716
vertex -74.75040435791016 45.454811096191406 2.200000047683716
vertex -71.8669662475586 46.843753814697266 2.200000047683716
endloop
endfacet
facet normal 0 0 1
outer loop
vertex -75.27667999267578 43.8970947265625 2.200000047683716
vertex -66.3013687133789 42.060035705566406 2.200000047683716
vertex -56.209598541259766 54.08693313598633 2.200000047683716
endloop
endfacet
facet normal 0 0 1
outer loop
vertex -66.3013687133789 42.060035705566406 2.200000047683716
vertex -59.92167282104492 25.42994499206543 2.200000047683716
vertex -54.27446746826172 31.96826934814453 2.200000047683716
endloop
endfacet
facet normal 0 0 1
outer loop
vertex 45.98440170288086 27.341453552246094 2.200000047683716
vertex 46.62346649169922 20.036903381347656 2.200000047683716
vertex 46.53862762451172 35.92240905761719 2.200000047683716
endloop
endfacet
facet normal 0 0 1
outer loop
vertex 41.857967376708984 28.88759994506836 2.200000047683716
vertex 45.98440170288086 27.341453552246094 2.200000047683716
vertex 46.53862762451172 35.92240905761719 2.200000047683716
endloop
endfacet
facet normal 0 0 1
outer loop
vertex 47.90697479248047 20.282154083251953 2.200000047683716
vertex 46.53862762451172 35.92240905761719 2.200000047683716
vertex 46.62346649169922 20.036903381347656 2.200000047683716
endloop
endfacet
facet normal 0 0 1
outer loop
vertex 46.62346649169922 20.036903381347656 2.200000047683716
vertex 47.352745056152344 11.70119571685791 2.200000047683716
vertex 48.0202751159668 18.98710060119629 2.200000047683716
endloop
endfacet
facet normal 0 0 1
outer loop
vertex 47.352745056152344 11.70119571685791 2.200000047683716
vertex 47.46604919433594 10.406143188476562 2.200000047683716
vertex 48.0202751159668 18.98710060119629 2.200000047683716
endloop
endfacet
facet normal 0 0 1
outer loop
vertex 49.38862228393555 3.3468434810638428 2.200000047683716
vertex 48.0202751159668 18.98710060119629 2.200000047683716
vertex 47.46604919433594 10.406143188476562 2.200000047683716
endloop
endfacet
facet normal 0 0 1
outer loop
vertex 49.38862228393555 3.3468434810638428 2.200000047683716
vertex 49.501922607421875 2.051790237426758 2.200000047683716
vertex 65.14218139648438 3.420135498046875 2.200000047683716
endloop
endfacet
facet normal 0 0 1
outer loop
vertex 47.46604919433594 10.406143188476562 2.200000047683716
vertex 49.501922607421875 2.051790237426758 2.200000047683716
vertex 49.38862228393555 3.3468434810638428 2.200000047683716
endloop
endfacet
facet normal 0 0 1
outer loop
vertex 47.46604919433594 10.406143188476562 2.200000047683716
vertex 48.83439254760742 -5.234114170074463 2.200000047683716
vertex 49.501922607421875 2.051790237426758 2.200000047683716
endloop
endfacet
facet normal 0 0 1
outer loop
vertex -74.75040435791016 45.454811096191406 2.200000047683716
vertex -75.27667999267578 43.8970947265625 2.200000047683716
vertex -56.209598541259766 54.08693313598633 2.200000047683716
endloop
endfacet
facet normal 0 0 1
outer loop
vertex -71.8669662475586 46.843753814697266 2.200000047683716
vertex -74.75040435791016 45.454811096191406 2.200000047683716
vertex -56.209598541259766 54.08693313598633 2.200000047683716
endloop
endfacet
facet normal 0 0 1
outer loop
vertex -56.209598541259766 54.08693313598633 2.200000047683716
vertex -52.671836853027344 62.48089599609375 2.200000047683716
vertex -71.8669662475586 46.843753814697266 2.200000047683716
endloop
endfacet
facet normal 0 0 1
outer loop
vertex 47.352745056152344 11.70119571685791 2.200000047683716
vertex 31.712488174438477 10.332850456237793 2.200000047683716
vertex 47.46604919433594 10.406143188476562 2.200000047683716
endloop
endfacet
facet normal 0 0 1
outer loop
vertex -59.5742301940918 61.3312873840332 2.200000047683716
vertex -71.8669662475586 46.843753814697266 2.200000047683716
vertex -54.22880935668945 63.03433609008789 2.200000047683716
endloop
endfacet
facet normal 0 0 1
outer loop
vertex -52.671836853027344 62.48089599609375 2.200000047683716
vertex -54.22880935668945 63.03433609008789 2.200000047683716
vertex -71.8669662475586 46.843753814697266 2.200000047683716
endloop
endfacet
facet normal 0 0 1
outer loop
vertex -59.03441619873047 62.85103988647461 2.200000047683716
vertex -60.51609420776367 62.130462646484375 2.200000047683716
vertex -59.5742301940918 61.3312873840332 2.200000047683716
endloop
endfacet
facet normal 0 0 1
outer loop
vertex -54.22880935668945 63.03433609008789 2.200000047683716
vertex -59.03441619873047 62.85103988647461 2.200000047683716
vertex -59.5742301940918 61.3312873840332 2.200000047683716
endloop
endfacet
facet normal 0 0 -1
outer loop
vertex 20.07823371887207 -57.70860290527344 0
vertex -52.01935577392578 -52.89883041381836 0
vertex -23.367033004760742 -54.03739929199219 0
endloop
endfacet
facet normal 0 0 1
outer loop
vertex -59.92167282104492 25.42994499206543 2.200000047683716
vertex -59.7918701171875 25.12482261657715 2.200000047683716
vertex -37.292606353759766 49.4654426574707 2.200000047683716
endloop
endfacet
facet normal 0 0 1
outer loop
vertex -37.37553024291992 49.49516296386719 2.200000047683716
vertex -54.27446746826172 31.96826934814453 2.200000047683716
vertex -59.92167282104492 25.42994499206543 2.200000047683716
endloop
endfacet
facet normal 0 0 -1
outer loop
vertex -23.04883575439453 -53.90559768676758 0
vertex -22.9512882232666 -53.75960922241211 0
vertex -6.782817840576172 -53.75960922241211 0
endloop
endfacet
facet normal 0 0 -1
outer loop
vertex -22.9512882232666 -53.75960922241211 0
vertex -22.917034149169922 -53.587398529052734 0
vertex -6.817071914672852 -53.587398529052734 0
endloop
endfacet
facet normal -0.9384313697790083 -0.3454657207519933 0
outer loop
vertex -52.83552551269531 -32.95545196533203 0
vertex -52.75116729736328 -33.18460464477539 0
vertex -52.83552551269531 -32.95545196533203 2.200000047683716
endloop
endfacet
facet normal 0 0 -1
outer loop
vertex -69.7341079711914 -23.08861541748047 0
vertex -70.03370666503906 -21.62811279296875 0
vertex -68.8047866821289 -21.84307289123535 0
endloop
endfacet
facet normal 0 0 -1
outer loop
vertex -22.917034149169922 -53.587398529052734 0
vertex -22.9512882232666 -53.415191650390625 0
vertex -6.782817840576172 -53.415191650390625 0
endloop
endfacet
facet normal 0 0 -1
outer loop
vertex -22.9512882232666 -53.415191650390625 0
vertex -23.04883575439453 -53.269203186035156 0
vertex -6.685269832611084 -53.269203186035156 0
endloop
endfacet
facet normal 0 0 -1
outer loop
vertex -6.685269832611084 -53.269203186035156 0
vertex -23.04883575439453 -53.269203186035156 0
vertex -23.19457244873047 -52.73314666748047 0
endloop
endfacet
facet normal 0 0 1
outer loop
vertex -37.292606353759766 49.4654426574707 2.200000047683716
vertex -59.7918701171875 25.12482261657715 2.200000047683716
vertex -41.667823791503906 41.59184646606445 2.200000047683716
endloop
endfacet
facet normal 0 0 -1
outer loop
vertex -6.685269832611084 -53.269203186035156 0
vertex -23.19457244873047 -52.73314666748047 0
vertex -23.048582077026367 -52.635597229003906 0
endloop
endfacet
facet normal 0 0 -1
outer loop
vertex -23.048582077026367 -52.635597229003906 0
vertex -22.951034545898438 -52.48960876464844 0
vertex -6.782817840576172 -52.48960876464844 0
endloop
endfacet
facet normal 0 0 -1
outer loop
vertex -22.951034545898438 -52.48960876464844 0
vertex -22.916780471801758 -52.31739807128906 0
vertex -6.817071914672852 -52.31739807128906 0
endloop
endfacet
facet normal 0 0 -1
outer loop
vertex -22.916780471801758 -52.31739807128906 0
vertex -22.951034545898438 -52.14519119262695 0
vertex -6.782817840576172 -52.14519119262695 0
endloop
endfacet
facet normal 0 0 1
outer loop
vertex -44.182701110839844 43.99516677856445 2.200000047683716
vertex -54.27446746826172 31.96826934814453 2.200000047683716
vertex -38.653526306152344 50.156455993652344 2.200000047683716
endloop
endfacet
facet normal 0 0 1
outer loop
vertex -37.37553024291992 49.49516296386719 2.200000047683716
vertex -59.92167282104492 25.42994499206543 2.200000047683716
vertex -37.292606353759766 49.4654426574707 2.200000047683716
endloop
endfacet
facet normal 0 0 -1
outer loop
vertex -22.951034545898438 -52.14519119262695 0
vertex -23.048582077026367 -51.999202728271484 0
vertex -6.685269832611084 -51.999202728271484 0
endloop
endfacet
facet normal 0 0 1
outer loop
vertex -38.58060073852539 50.1070442199707 2.200000047683716
vertex -38.653526306152344 50.156455993652344 2.200000047683716
vertex -54.27446746826172 31.96826934814453 2.200000047683716
endloop
endfacet
facet normal 0 0 1
outer loop
vertex -54.27446746826172 31.96826934814453 2.200000047683716
vertex -37.37553024291992 49.49516296386719 2.200000047683716
vertex -38.58060073852539 50.1070442199707 2.200000047683716
endloop
endfacet
facet normal -0.9796015900042276 -0.20094955800197467 0
outer loop
vertex -70.03370666503906 -21.62811279296875 0
vertex -69.7341079711914 -23.08861541748047 0
vertex -70.03370666503906 -21.62811279296875 0.20000000298023224
endloop
endfacet
facet normal 0 0 -1
outer loop
vertex -6.685269832611084 -51.999202728271484 0
vertex -23.048582077026367 -51.999202728271484 0
vertex -23.19457244873047 -51.4631462097168 0
endloop
endfacet
facet normal 0 0 -1
outer loop
vertex -69.7341079711914 -23.08861541748047 0
vertex -68.8047866821289 -21.84307289123535 0
vertex -60.19921112060547 -15.899603843688965 0
endloop
endfacet
facet normal 0 0 -1
outer loop
vertex -6.685269832611084 -51.999202728271484 0
vertex -23.19457244873047 -51.4631462097168 0
vertex -23.048582077026367 -51.365596771240234 0
endloop
endfacet
facet normal 0 0 -1
outer loop
vertex -23.048582077026367 -51.365596771240234 0
vertex -22.951034545898438 -51.219608306884766 0
vertex -6.782817840576172 -51.219608306884766 0
endloop
endfacet
facet normal 0 0 -1
outer loop
vertex -22.951034545898438 -51.219608306884766 0
vertex -22.916780471801758 -51.047401428222656 0
vertex -6.817071914672852 -51.047401428222656 0
endloop
endfacet
facet normal 0 0 -1
outer loop
vertex -22.916780471801758 -51.047401428222656 0
vertex -22.951034545898438 -50.87519073486328 0
vertex -6.782817840576172 -50.87519073486328 0
endloop
endfacet
facet normal 0 0 -1
outer loop
vertex -22.951034545898438 -50.87519073486328 0
vertex -23.048582077026367 -50.72920227050781 0
vertex -6.685269832611084 -50.72920227050781 0
endloop
endfacet
facet normal 0 0 -1
outer loop
vertex -6.685269832611084 -50.72920227050781 0
vertex -23.048582077026367 -50.72920227050781 0
vertex -23.19457244873047 -50.193145751953125 0
endloop
endfacet
facet normal 0 0 1
outer loop
vertex -52.671836853027344 62.48089599609375 2.200000047683716
vertex -56.209598541259766 54.08693313598633 2.200000047683716
vertex -44.182701110839844 43.99516677856445 2.200000047683716
endloop
endfacet
facet normal 0 0 -1
outer loop
vertex -6.685269832611084 -50.72920227050781 0
vertex -23.19457244873047 -50.193145751953125 0
vertex -23.048582077026367 -50.09559631347656 0
endloop
endfacet
facet normal 0 0 -1
outer loop
vertex -23.048582077026367 -50.09559631347656 0
vertex -22.951034545898438 -49.949607849121094 0
vertex -6.782817840576172 -49.949607849121094 0
endloop
endfacet
facet normal 0 0 1
outer loop
vertex -38.653526306152344 50.156455993652344 2.200000047683716
vertex -52.671836853027344 62.48089599609375 2.200000047683716
vertex -44.182701110839844 43.99516677856445 2.200000047683716
endloop
endfacet
facet normal 0 0 -1
outer loop
vertex -22.951034545898438 -49.949607849121094 0
vertex -22.916780471801758 -49.777400970458984 0
vertex -6.817071914672852 -49.777400970458984 0
endloop
endfacet
facet normal 0 0 -1
outer loop
vertex -22.916780471801758 -49.777400970458984 0
vertex -22.951034545898438 -49.605194091796875 0
vertex -6.782817840576172 -49.605194091796875 0
endloop
endfacet
facet normal 0 0 -1
outer loop
vertex -67.15879821777344 -27.038129806518555 0
vertex -60.12629699707031 -19.51722526550293 0
vertex -65.68719482421875 -28.018047332763672 0
endloop
endfacet
facet normal 0 0 -1
outer loop
vertex -22.951034545898438 -49.605194091796875 0
vertex -23.048582077026367 -49.45920181274414 0
vertex -6.782817840576172 -49.605194091796875 0
endloop
endfacet
facet normal 0 0 -1
outer loop
vertex -23.048582077026367 -49.45920181274414 0
vertex -23.19457244873047 -48.92314529418945 0
vertex -6.685269832611084 -49.45920181274414 0
endloop
endfacet
facet normal 0 0 1
outer loop
vertex -45.59157943725586 -22.89242935180664 2.200000047683716
vertex -45.21669006347656 -29.18927574157715 2.200000047683716
vertex -42.490413665771484 -13.727794647216797 2.200000047683716
endloop
endfacet
facet normal 0 0 -1
outer loop
vertex -6.685269832611084 -49.45920181274414 0
vertex -23.19457244873047 -48.92314529418945 0
vertex -23.048582077026367 -48.825599670410156 0
endloop
endfacet
facet normal 0 0 -1
outer loop
vertex -6.685269832611084 -49.45920181274414 0
vertex -23.048582077026367 -48.825599670410156 0
vertex -22.951034545898438 -48.67960739135742 0
endloop
endfacet
facet normal 0 0 -1
outer loop
vertex -6.685269832611084 -49.45920181274414 0
vertex -22.951034545898438 -48.67960739135742 0
vertex -22.916780471801758 -48.50740051269531 0
endloop
endfacet
facet normal 0 0 -1
outer loop
vertex -6.685269832611084 -49.45920181274414 0
vertex -22.916780471801758 -48.50740051269531 0
vertex -22.951034545898438 -48.3351936340332 0
endloop
endfacet
facet normal 0 0 -1
outer loop
vertex -6.685269832611084 -49.45920181274414 0
vertex -22.951034545898438 -48.3351936340332 0
vertex -23.048582077026367 -48.18920135498047 0
endloop
endfacet
facet normal 0 0 -1
outer loop
vertex -6.685269832611084 -49.45920181274414 0
vertex -23.048582077026367 -48.18920135498047 0
vertex -23.048582077026367 -47.555599212646484 0
endloop
endfacet
facet normal 0 0 1
outer loop
vertex -61.053062438964844 -20.166152954101562 2.200000047683716
vertex -45.21669006347656 -29.18927574157715 2.200000047683716
vertex -45.59157943725586 -22.89242935180664 2.200000047683716
endloop
endfacet
facet normal 0 0 1
outer loop
vertex -61.053062438964844 -20.166152954101562 2.200000047683716
vertex -55.30510711669922 -30.012222290039062 2.200000047683716
vertex -45.21669006347656 -29.18927574157715 2.200000047683716
endloop
endfacet
facet normal 0 0 -1
outer loop
vertex -6.685269832611084 -49.45920181274414 0
vertex -23.048582077026367 -47.555599212646484 0
vertex -22.951034545898438 -47.40960693359375 0
endloop
endfacet
facet normal 0 0 -1
outer loop
vertex -6.685269832611084 -49.45920181274414 0
vertex -22.951034545898438 -47.40960693359375 0
vertex -22.916780471801758 -47.23740005493164 0
endloop
endfacet
facet normal 0 0 -1
outer loop
vertex -22.951034545898438 -47.06519317626953 0
vertex -23.048582077026367 -46.9192008972168 0
vertex -6.685269832611084 -49.45920181274414 0
endloop
endfacet
facet normal 0 0 -1
outer loop
vertex -6.685269832611084 -49.45920181274414 0
vertex -22.916780471801758 -47.23740005493164 0
vertex -22.951034545898438 -47.06519317626953 0
endloop
endfacet
facet normal 0 0 -1
outer loop
vertex -6.685269832611084 -49.45920181274414 0
vertex -23.048582077026367 -46.9192008972168 0
vertex -23.048582077026367 -46.28559875488281 0
endloop
endfacet
facet normal 0 0 -1
outer loop
vertex -6.685269832611084 -49.45920181274414 0
vertex -23.048582077026367 -46.28559875488281 0
vertex -22.951034545898438 -46.13960647583008 0
endloop
endfacet
facet normal 0 0 -1
outer loop
vertex -23.04883575439453 -53.90559768676758 0
vertex -6.685269832611084 -53.90559768676758 0
vertex -6.539279460906982 -54.00314712524414 0
endloop
endfacet
facet normal 0 0 -1
outer loop
vertex -6.685269832611084 -53.90559768676758 0
vertex -23.04883575439453 -53.90559768676758 0
vertex -6.782817840576172 -53.75960922241211 0
endloop
endfacet
facet normal 0 0 1
outer loop
vertex -58.250396728515625 -3.4374873638153076 2.200000047683716
vertex -68.8047866821289 -21.84307289123535 2.200000047683716
vertex -58.326786041259766 -4.7046709060668945 2.200000047683716
endloop
endfacet
facet normal 0 0 1
outer loop
vertex -65.53105163574219 -3.1272339820861816 2.200000047683716
vertex -68.8047866821289 -21.84307289123535 2.200000047683716
vertex -58.250396728515625 -3.4374873638153076 2.200000047683716
endloop
endfacet
facet normal 0 0 -1
outer loop
vertex -6.782817840576172 -53.75960922241211 0
vertex -22.9512882232666 -53.75960922241211 0
vertex -6.817071914672852 -53.587398529052734 0
endloop
endfacet
facet normal 0 0 1
outer loop
vertex -58.326786041259766 -4.7046709060668945 2.200000047683716
vertex -65.68719482421875 -28.018047332763672 2.200000047683716
vertex -61.053062438964844 -20.166152954101562 2.200000047683716
endloop
endfacet
facet normal 0 0 1
outer loop
vertex -68.8047866821289 -21.84307289123535 2.200000047683716
vertex -67.15879821777344 -27.038129806518555 2.200000047683716
vertex -58.326786041259766 -4.7046709060668945 2.200000047683716
endloop
endfacet
facet normal 0 0 1
outer loop
vertex -65.68719482421875 -28.018047332763672 2.200000047683716
vertex -58.326786041259766 -4.7046709060668945 2.200000047683716
vertex -67.15879821777344 -27.038129806518555 2.200000047683716
endloop
endfacet
facet normal 0 0 1
outer loop
vertex -61.053062438964844 -20.166152954101562 2.200000047683716
vertex -55.5161247253418 -29.88934326171875 2.200000047683716
vertex -55.30510711669922 -30.012222290039062 2.200000047683716
endloop
endfacet
facet normal 0 0 1
outer loop
vertex -65.68719482421875 -28.018047332763672 2.200000047683716
vertex -55.5161247253418 -29.88934326171875 2.200000047683716
vertex -61.053062438964844 -20.166152954101562 2.200000047683716
endloop
endfacet
facet normal 0 0 1
outer loop
vertex -70.03370666503906 -21.62811279296875 2.200000047683716
vertex -69.7341079711914 -23.08861541748047 2.200000047683716
vertex -68.8047866821289 -21.84307289123535 2.200000047683716
endloop
endfacet
facet normal 0 0 1
outer loop
vertex -69.7341079711914 -23.08861541748047 2.200000047683716
vertex -67.15879821777344 -27.038129806518555 2.200000047683716
vertex -68.8047866821289 -21.84307289123535 2.200000047683716
endloop
endfacet
facet normal -0.5032152428431438 -0.8641611073002045 0
outer loop
vertex -55.5161247253418 -29.88934326171875 2.200000047683716
vertex -55.30510711669922 -30.012222290039062 0
vertex -55.30510711669922 -30.012222290039062 2.200000047683716
endloop
endfacet
facet normal 0 0 -1
outer loop
vertex -6.817071914672852 -53.587398529052734 0
vertex -22.917034149169922 -53.587398529052734 0
vertex -6.782817840576172 -53.415191650390625 0
endloop
endfacet
facet normal 0 0 -1
outer loop
vertex 31.21082305908203 25.24587631225586 0
vertex 26.957965850830078 29.687599182128906 0
vertex 41.05796432495117 29.687599182128906 0
endloop
endfacet
facet normal 0 0 1
outer loop
vertex -39.538394927978516 3.013936996459961 2.200000047683716
vertex -24.07691192626953 0.2876606285572052 2.200000047683716
vertex -39.312652587890625 4.294187068939209 2.200000047683716
endloop
endfacet
facet normal 0 0 -1
outer loop
vertex -65.68719482421875 -28.018047332763672 0
vertex -60.12629699707031 -19.51722526550293 0
vertex -55.5161247253418 -29.88934326171875 0
endloop
endfacet
facet normal 0 0 -1
outer loop
vertex 30.82288932800293 21.64837646484375 0
vertex 31.21082305908203 25.24587631225586 0
vertex 31.520225524902344 21.70938491821289 0
endloop
endfacet
facet normal 0 0 1
outer loop
vertex -39.312652587890625 4.294187068939209 2.200000047683716
vertex -24.07691192626953 0.2876606285572052 2.200000047683716
vertex -23.85116958618164 1.5679106712341309 2.200000047683716
endloop
endfacet
facet normal 0 0 -1
outer loop
vertex -67.15879821777344 -27.038129806518555 0
vertex -69.7341079711914 -23.08861541748047 0
vertex -59.50984573364258 -16.02115821838379 0
endloop
endfacet
facet normal 0 0 -1
outer loop
vertex -60.12629699707031 -19.51722526550293 0
vertex -67.15879821777344 -27.038129806518555 0
vertex -59.50984573364258 -16.02115821838379 0
endloop
endfacet
facet normal 0 0 -1
outer loop
vertex -59.50984573364258 -16.02115821838379 0
vertex -69.7341079711914 -23.08861541748047 0
vertex -60.19921112060547 -15.899603843688965 0
endloop
endfacet
facet normal -0.9850438484564137 0.1723038496905329 0
outer loop
vertex -70.40677642822266 -19.39405632019043 0.20000000298023224
vertex -70.68872833251953 -21.00594711303711 0.20000000298023224
vertex -70.68872833251953 -21.00594711303711 1.7000000476837158
endloop
endfacet
facet normal 0 0 -1
outer loop
vertex 31.432979583740234 14.675013542175293 0
vertex 24.057966232299805 26.787599563598633 0
vertex 30.82288932800293 21.64837646484375 0
endloop
endfacet
facet normal -0.9796015900042276 -0.2009495580019747 0
outer loop
vertex -70.03370666503906 -21.62811279296875 0.20000000298023224
vertex -69.7341079711914 -23.08861541748047 0
vertex -70.03370666503906 -21.62811279296875 1.7000000476837158
endloop
endfacet
facet normal -0.9796024312552858 -0.2009454569746054 0
outer loop
vertex -70.06243133544922 -21.488080978393555 0.20000000298023224
vertex -70.03370666503906 -21.62811279296875 0.20000000298023224
vertex -70.03370666503906 -21.62811279296875 1.7000000476837158
endloop
endfacet
facet normal -0.9850462147183248 0.17229032146089998 0
outer loop
vertex -69.99919891357422 -21.126558303833008 0.20000000298023224
vertex -70.06243133544922 -21.488080978393555 0.20000000298023224
vertex -69.99919891357422 -21.126558303833008 1.7000000476837158
endloop
endfacet
facet normal 0 0 1
outer loop
vertex -24.07691192626953 0.2876606285572052 2.200000047683716
vertex -20.951650619506836 10.525500297546387 2.200000047683716
vertex -23.85116958618164 1.5679106712341309 2.200000047683716
endloop
endfacet
facet normal -0.17230207405952458 -0.9850441590481038 0
outer loop
vertex -70.68872833251953 -21.00594711303711 1.7000000476837158
vertex -70.68872833251953 -21.00594711303711 0.20000000298023224
vertex -69.99919891357422 -21.126558303833008 0.20000000298023224
endloop
endfacet
facet normal 0 0 -1
outer loop
vertex 31.432979583740234 14.675013542175293 0
vertex 32.439720153808594 11.199531555175781 0
vertex 24.757966995239258 23.237600326538086 0
endloop
endfacet
facet normal 0 0 -1
outer loop
vertex 26.957965850830078 29.687599182128906 0
vertex 24.057966232299805 29.687599182128906 0
vertex 24.057966232299805 33.23759841918945 0
endloop
endfacet
facet normal 0 0 -1
outer loop
vertex 26.957965850830078 29.687599182128906 0
vertex 24.057966232299805 26.787599563598633 0
vertex 24.057966232299805 29.687599182128906 0
endloop
endfacet
facet normal 0 0 1
outer loop
vertex -21.124893188476562 17.02939224243164 2.200000047683716
vertex -23.85116958618164 1.5679106712341309 2.200000047683716
vertex -20.951650619506836 10.525500297546387 2.200000047683716
endloop
endfacet
facet normal 0 0 -1
outer loop
vertex 31.21082305908203 25.24587631225586 0
vertex 24.057966232299805 26.787599563598633 0
vertex 26.957965850830078 29.687599182128906 0
endloop
endfacet
facet normal 0 0 -1
outer loop
vertex 24.057966232299805 26.787599563598633 0
vertex 31.21082305908203 25.24587631225586 0
vertex 30.82288932800293 21.64837646484375 0
endloop
endfacet
facet normal 0 0 -1
outer loop
vertex 24.057966232299805 26.787599563598633 0
vertex 24.757966995239258 23.237600326538086 0
vertex 24.057966232299805 23.237600326538086 0
endloop
endfacet
facet normal 0 0 -1
outer loop
vertex 9.957965850830078 26.787599563598633 0
vertex 24.057966232299805 29.687599182128906 0
vertex 24.057966232299805 26.787599563598633 0
endloop
endfacet
facet normal 0 0 -1
outer loop
vertex 24.757966995239258 23.237600326538086 0
vertex 24.057966232299805 26.787599563598633 0
vertex 31.432979583740234 14.675013542175293 0
endloop
endfacet
facet normal 0 0 -1
outer loop
vertex 24.757966995239258 23.237600326538086 0
vertex 32.69247055053711 8.310566902160645 0
vertex 24.757966995239258 16.237600326538086 0
endloop
endfacet
facet normal 0 0 -1
outer loop
vertex -6.782817840576172 -53.415191650390625 0
vertex -22.9512882232666 -53.415191650390625 0
vertex -6.685269832611084 -53.269203186035156 0
endloop
endfacet
facet normal 0 0 -1
outer loop
vertex -60.19921112060547 -15.899603843688965 0
vertex -68.8047866821289 -21.84307289123535 0
vertex -58.983673095703125 -9.005949020385742 0
endloop
endfacet
facet normal 0 0 -1
outer loop
vertex -23.04883575439453 -53.90559768676758 0
vertex -6.539279460906982 -54.00314712524414 0
vertex -6.367072105407715 -54.03739929199219 0
endloop
endfacet
facet normal 0 0 -1
outer loop
vertex -58.983673095703125 -9.005949020385742 0
vertex -68.8047866821289 -21.84307289123535 0
vertex -65.53105163574219 -3.1272339820861816 0
endloop
endfacet
facet normal 0 0 -1
outer loop
vertex -58.983673095703125 -9.005949020385742 0
vertex -57.6778564453125 -5.631435394287109 0
vertex -58.294307708740234 -9.127503395080566 0
endloop
endfacet
facet normal 0 0 -1
outer loop
vertex -65.53105163574219 -3.1272339820861816 0
vertex -66.81160736083984 -2.9032411575317383 0
vertex -57.39654541015625 0.8290615081787109 0
endloop
endfacet
facet normal 0 0 -1
outer loop
vertex -57.6778564453125 -5.631435394287109 0
vertex -58.983673095703125 -9.005949020385742 0
vertex -65.53105163574219 -3.1272339820861816 0
endloop
endfacet
facet normal 0 0 -1
outer loop
vertex -57.6778564453125 -5.631435394287109 0
vertex -65.53105163574219 -3.1272339820861816 0
vertex -57.323631286621094 -2.788559675216675 0
endloop
endfacet
facet normal 0 0 -1
outer loop
vertex -57.323631286621094 -2.788559675216675 0
vertex -65.53105163574219 -3.1272339820861816 0
vertex -57.39654541015625 0.8290615081787109 0
endloop
endfacet
facet normal 0 0 -1
outer loop
vertex -57.39654541015625 0.8290615081787109 0
vertex -56.70718002319336 0.7075077891349792 0
vertex -57.323631286621094 -2.788559675216675 0
endloop
endfacet
facet normal -0.9850441589332255 0.17230207471627912 -1.369333820194223e-8
outer loop
vertex -67.58728790283203 -3.2751517295837402 0.20000000298023224
vertex -70.40677642822266 -19.39405632019043 0.20000000298023224
vertex -68.29216003417969 -7.304877758026123 1.7000000476837158
endloop
endfacet
facet normal 0.17230240454650678 0.9850441012398846 0
outer loop
vertex -66.89775848388672 -3.3957631587982178 0.20000000298023224
vertex -67.58728790283203 -3.2751517295837402 0.20000000298023224
vertex -66.89775848388672 -3.3957631587982178 1.7000000476837158
endloop
endfacet
facet normal -0.9850441252029234 0.17230226755097458 0
outer loop
vertex -66.81160736083984 -2.9032411575317383 0.20000000298023224
vertex -66.89775848388672 -3.3957631587982178 0.20000000298023224
vertex -66.89775848388672 -3.3957631587982178 1.7000000476837158
endloop
endfacet
facet normal 0 0 1
outer loop
vertex -36.58637619018555 19.75566864013672 2.200000047683716
vertex -21.124893188476562 17.02939224243164 2.200000047683716
vertex -45.73128128051758 26.42681121826172 2.200000047683716
endloop
endfacet
facet normal 0 0 -1
outer loop
vertex -55.5161247253418 -29.88934326171875 0
vertex -46.24050521850586 -21.96566390991211 0
vertex -55.30510711669922 -30.012222290039062 0
endloop
endfacet
facet normal 0 0 1
outer loop
vertex -30.566246032714844 22.363353729248047 2.200000047683716
vertex -45.73128128051758 26.42681121826172 2.200000047683716
vertex -21.124893188476562 17.02939224243164 2.200000047683716
endloop
endfacet
facet normal 0 0 -1
outer loop
vertex -55.5161247253418 -29.88934326171875 0
vertex -60.12629699707031 -19.51722526550293 0
vertex -46.24050521850586 -21.96566390991211 0
endloop
endfacet
facet normal 0 0 -1
outer loop
vertex -55.30510711669922 -30.012222290039062 0
vertex -44.36283874511719 -24.922727584838867 0
vertex -44.28992462158203 -28.540348052978516 0
endloop
endfacet
facet normal 0 0 -1
outer loop
vertex -44.36283874511719 -24.922727584838867 0
vertex -55.30510711669922 -30.012222290039062 0
vertex -46.24050521850586 -21.96566390991211 0
endloop
endfacet
facet normal 0 0 -1
outer loop
vertex -28.72811508178711 -34.152896881103516 0
vertex -55.30510711669922 -30.012222290039062 0
vertex -44.28992462158203 -28.540348052978516 0
endloop
endfacet
facet normal 0 0 1
outer loop
vertex -30.566246032714844 22.363353729248047 2.200000047683716
vertex -21.124893188476562 17.02939224243164 2.200000047683716
vertex -28.731281280517578 22.17681121826172 2.200000047683716
endloop
endfacet
facet normal 0 0 1
outer loop
vertex -21.124893188476562 17.02939224243164 2.200000047683716
vertex -13.566246032714844 18.113353729248047 2.200000047683716
vertex -28.731281280517578 22.17681121826172 2.200000047683716
endloop
endfacet
facet normal 0 0 -1
outer loop
vertex -44.36283874511719 -24.922727584838867 0
vertex -43.6734733581543 -25.044281005859375 0
vertex -44.28992462158203 -28.540348052978516 0
endloop
endfacet
facet normal 0 0 1
outer loop
vertex 45.048194885253906 53.1292610168457 2.200000047683716
vertex 26.15796661376953 44.58760070800781 2.200000047683716
vertex 41.857967376708984 44.58760070800781 2.200000047683716
endloop
endfacet
facet normal 0 0 1
outer loop
vertex 45.048194885253906 53.1292610168457 2.200000047683716
vertex 24.85796546936035 44.58760070800781 2.200000047683716
vertex 26.15796661376953 44.58760070800781 2.200000047683716
endloop
endfacet
facet normal 0 0 1
outer loop
vertex 45.048194885253906 53.1292610168457 2.200000047683716
vertex -10.65556526184082 53.23918533325195 2.200000047683716
vertex 24.85796546936035 44.58760070800781 2.200000047683716
endloop
endfacet
facet normal 0 0 1
outer loop
vertex 24.85796546936035 28.88759994506836 2.200000047683716
vertex 26.15796661376953 44.58760070800781 2.200000047683716
vertex 24.85796546936035 44.58760070800781 2.200000047683716
endloop
endfacet
facet normal 0 0 1
outer loop
vertex -28.731281280517578 22.17681121826172 2.200000047683716
vertex -24.667821884155273 37.34184646606445 2.200000047683716
vertex -30.566246032714844 22.363353729248047 2.200000047683716
endloop
endfacet
facet normal 0 0 1
outer loop
vertex 26.15796661376953 28.88759994506836 2.200000047683716
vertex 26.15796661376953 44.58760070800781 2.200000047683716
vertex 24.85796546936035 28.88759994506836 2.200000047683716
endloop
endfacet
facet normal 0 0 1
outer loop
vertex -10.65556526184082 53.23918533325195 2.200000047683716
vertex 9.157965660095215 44.58760070800781 2.200000047683716
vertex 24.85796546936035 44.58760070800781 2.200000047683716
endloop
endfacet
facet normal 0 0 1
outer loop
vertex 7.85796594619751 44.58760070800781 2.200000047683716
vertex 9.157965660095215 44.58760070800781 2.200000047683716
vertex -10.65556526184082 53.23918533325195 2.200000047683716
endloop
endfacet
facet normal 0 0 1
outer loop
vertex 7.85796594619751 28.88759994506836 2.200000047683716
vertex 9.157965660095215 44.58760070800781 2.200000047683716
vertex 7.85796594619751 44.58760070800781 2.200000047683716
endloop
endfacet
facet normal 0 0 1
outer loop
vertex 9.157965660095215 28.88759994506836 2.200000047683716
vertex 9.157965660095215 44.58760070800781 2.200000047683716
vertex 7.85796594619751 28.88759994506836 2.200000047683716
endloop
endfacet
facet normal 0 0 -1
outer loop
vertex -44.36283874511719 -24.922727584838867 0
vertex -46.24050521850586 -21.96566390991211 0
vertex -44.934688568115234 -18.591150283813477 0
endloop
endfacet
facet normal 0 0 -1
outer loop
vertex -44.36283874511719 -24.922727584838867 0
vertex -44.934688568115234 -18.591150283813477 0
vertex -43.147300720214844 -18.02907371520996 0
endloop
endfacet
facet normal 0 0 -1
outer loop
vertex -44.934688568115234 -18.591150283813477 0
vertex -46.24050521850586 -21.96566390991211 0
vertex -45.62405776977539 -18.46959686279297 0
endloop
endfacet
facet normal 0 0 -1
outer loop
vertex -43.147300720214844 -18.02907371520996 0
vertex -44.934688568115234 -18.591150283813477 0
vertex -41.84148406982422 -14.654559135437012 0
endloop
endfacet
facet normal 0 0 -1
outer loop
vertex -43.147300720214844 -18.02907371520996 0
vertex -41.84148406982422 -14.654559135437012 0
vertex -42.45793533325195 -18.15062713623047 0
endloop
endfacet
facet normal 0 0 -1
outer loop
vertex -57.323631286621094 -2.788559675216675 0
vertex -43.43783950805664 -5.236999034881592 0
vertex -57.6778564453125 -5.631435394287109 0
endloop
endfacet
facet normal 0 0 1
outer loop
vertex -21.124893188476562 17.02939224243164 2.200000047683716
vertex -20.951650619506836 10.525500297546387 2.200000047683716
vertex -5.490168571472168 7.799223899841309 2.200000047683716
endloop
endfacet
facet normal 0 0 1
outer loop
vertex -13.566246032714844 18.113353729248047 2.200000047683716
vertex -21.124893188476562 17.02939224243164 2.200000047683716
vertex -5.490168571472168 7.799223899841309 2.200000047683716
endloop
endfacet
facet normal 0 0 -1
outer loop
vertex -57.6778564453125 -5.631435394287109 0
vertex -43.43783950805664 -5.236999034881592 0
vertex -43.79206848144531 -8.079874992370605 0
endloop
endfacet
facet normal 0 0 -1
outer loop
vertex -41.84148406982422 -14.654559135437012 0
vertex -44.934688568115234 -18.591150283813477 0
vertex -43.719154357910156 -11.69749641418457 0
endloop
endfacet
facet normal 0 0 -1
outer loop
vertex -41.84148406982422 -14.654559135437012 0
vertex -43.719154357910156 -11.69749641418457 0
vertex -41.33790588378906 -11.798617362976074 0
endloop
endfacet
facet normal 0 0 1
outer loop
vertex -5.490168571472168 7.799223899841309 2.200000047683716
vertex -8.216444969177246 -7.662257671356201 2.200000047683716
vertex -4.311188697814941 1.5270494222640991 2.200000047683716
endloop
endfacet
facet normal 0 0 -1
outer loop
vertex -44.40851974487305 -11.575942039489746 0
vertex -43.79206848144531 -8.079874992370605 0
vertex -43.719154357910156 -11.69749641418457 0
endloop
endfacet
facet normal 0 0 -1
outer loop
vertex -43.719154357910156 -11.69749641418457 0
vertex -43.79206848144531 -8.079874992370605 0
vertex -41.41082000732422 -8.18099594116211 0
endloop
endfacet
facet normal 0 0 1
outer loop
vertex -13.566246032714844 18.113353729248047 2.200000047683716
vertex -5.490168571472168 7.799223899841309 2.200000047683716
vertex 11.367295265197754 0.7053749561309814 2.200000047683716
endloop
endfacet
facet normal 0 0 -1
outer loop
vertex -41.33790588378906 -11.798617362976074 0
vertex -43.719154357910156 -11.69749641418457 0
vertex -41.41082000732422 -8.18099594116211 0
endloop
endfacet
facet normal 0 0 -1
outer loop
vertex -41.41082000732422 -8.18099594116211 0
vertex -40.72145462036133 -8.302549362182617 0
vertex -41.33790588378906 -11.798617362976074 0
endloop
endfacet
facet normal 0.001973369519092305 0.999998052904475 0
outer loop
vertex 45.048194885253906 53.1292610168457 2.200000047683716
vertex -10.65556526184082 53.23918533325195 0
vertex -10.65556526184082 53.23918533325195 2.200000047683716
endloop
endfacet
facet normal 0 0 -1
outer loop
vertex -41.41082000732422 -8.18099594116211 0
vertex -43.79206848144531 -8.079874992370605 0
vertex -43.43783950805664 -5.236999034881592 0
endloop
endfacet
facet normal 0 0 -1
outer loop
vertex -42.821388244628906 -1.740931510925293 0
vertex -42.132022857666016 -1.8624851703643799 0
vertex -43.43783950805664 -5.236999034881592 0
endloop
endfacet
facet normal 0 0 -1
outer loop
vertex -41.41082000732422 -8.18099594116211 0
vertex -43.43783950805664 -5.236999034881592 0
vertex -40.195281982421875 -1.2873414754867554 0
endloop
endfacet
facet normal 0 0 -1
outer loop
vertex -40.195281982421875 -1.2873414754867554 0
vertex -43.43783950805664 -5.236999034881592 0
vertex -42.132022857666016 -1.8624851703643799 0
endloop
endfacet
facet normal 0 0 -1
outer loop
vertex -40.195281982421875 -1.2873414754867554 0
vertex -38.88946533203125 2.087172269821167 0
vertex -39.505916595458984 -1.4088952541351318 0
endloop
endfacet
facet normal -0.8376552828982765 -0.5461992557964616 0
outer loop
vertex -69.7341079711914 -23.08861541748047 0
vertex -67.15879821777344 -27.038129806518555 0
vertex -69.7341079711914 -23.08861541748047 2.200000047683716
endloop
endfacet
facet normal -0.5542492544568582 -0.8323507457400497 0
outer loop
vertex -67.15879821777344 -27.038129806518555 0
vertex -65.68719482421875 -28.018047332763672 0
vertex -67.15879821777344 -27.038129806518555 2.200000047683716
endloop
endfacet
facet normal -0.18094524471071122 -0.9834931715149733 0
outer loop
vertex -65.68719482421875 -28.018047332763672 0
vertex -55.5161247253418 -29.88934326171875 0
vertex -65.68719482421875 -28.018047332763672 2.200000047683716
endloop
endfacet
facet normal 0 0 1
outer loop
vertex -9.502786636352539 33.27838897705078 2.200000047683716
vertex -13.566246032714844 18.113353729248047 2.200000047683716
vertex -7.842033863067627 31.160072326660156 2.200000047683716
endloop
endfacet
facet normal 0 0 1
outer loop
vertex -7.842033863067627 31.160072326660156 2.200000047683716
vertex -13.566246032714844 18.113353729248047 2.200000047683716
vertex -7.842033863067627 28.88759994506836 2.200000047683716
endloop
endfacet
facet normal -0.9796024312552858 -0.2009454569746054 0
outer loop
vertex -70.03370666503906 -21.62811279296875 1.7000000476837158
vertex -70.06243133544922 -21.488080978393555 1.7000000476837158
vertex -70.06243133544922 -21.488080978393555 0.20000000298023224
endloop
endfacet
facet normal 0 0 1
outer loop
vertex -7.842033863067627 28.88759994506836 2.200000047683716
vertex -13.566246032714844 18.113353729248047 2.200000047683716
vertex 11.367295265197754 0.7053749561309814 2.200000047683716
endloop
endfacet
facet normal -0.9850462147183248 0.17229032146089998 0
outer loop
vertex -69.99919891357422 -21.126558303833008 1.7000000476837158
vertex -70.06243133544922 -21.488080978393555 0.20000000298023224
vertex -70.06243133544922 -21.488080978393555 1.7000000476837158
endloop
endfacet
facet normal -0.17230207405952458 -0.9850441590481038 0
outer loop
vertex -70.68872833251953 -21.00594711303711 1.7000000476837158
vertex -69.99919891357422 -21.126558303833008 0.20000000298023224
vertex -69.99919891357422 -21.126558303833008 1.7000000476837158
endloop
endfacet
facet normal -0.9850441226596512 0.1723022820819968 -0.000001736083875686475
outer loop
vertex -68.29216003417969 -7.304877758026123 1.7000000476837158
vertex -70.40677642822266 -19.39405632019043 0.20000000298023224
vertex -70.68872833251953 -21.00594711303711 1.7000000476837158
endloop
endfacet
facet normal 0 0 1
outer loop
vertex 26.15796661376953 28.88759994506836 2.200000047683716
vertex 45.98440170288086 27.341453552246094 2.200000047683716
vertex 41.857967376708984 28.88759994506836 2.200000047683716
endloop
endfacet
facet normal 0 0 1
outer loop
vertex 26.15796661376953 28.88759994506836 2.200000047683716
vertex 30.34414291381836 25.973108291625977 2.200000047683716
vertex 45.98440170288086 27.341453552246094 2.200000047683716
endloop
endfacet
facet normal 0 0 1
outer loop
vertex 30.34414291381836 25.973108291625977 2.200000047683716
vertex 24.85796546936035 11.88759994506836 2.200000047683716
vertex 31.712488174438477 10.332850456237793 2.200000047683716
endloop
endfacet
facet normal 0 0 1
outer loop
vertex 24.85796546936035 28.88759994506836 2.200000047683716
vertex 24.85796546936035 27.587600708007812 2.200000047683716
vertex 26.15796661376953 28.88759994506836 2.200000047683716
endloop
endfacet
facet normal 0 0 -1
outer loop
vertex -6.685269832611084 -53.269203186035156 0
vertex -23.048582077026367 -52.635597229003906 0
vertex -6.685269832611084 -52.635597229003906 0
endloop
endfacet
facet normal 0 0 -1
outer loop
vertex -6.685269832611084 -52.635597229003906 0
vertex -23.048582077026367 -52.635597229003906 0
vertex -6.782817840576172 -52.48960876464844 0
endloop
endfacet
facet normal 0 0 -1
outer loop
vertex 32.439720153808594 11.199531555175781 0
vertex 46.48606491088867 12.428426742553711 0
vertex 32.69247055053711 8.310566902160645 0
endloop
endfacet
facet normal 0 0 -1
outer loop
vertex 32.439720153808594 11.199531555175781 0
vertex 31.432979583740234 14.675013542175293 0
vertex 32.13031768798828 14.736021995544434 0
endloop
endfacet
facet normal -0.12076097648851188 0.9926816138911515 0
outer loop
vertex -20.040725708007812 45.71700668334961 2.200000047683716
vertex -20.278949737548828 45.688026428222656 0
vertex -20.278949737548828 45.688026428222656 2.200000047683716
endloop
endfacet
facet normal -0.44446598862887826 0.8957957272459799 0
outer loop
vertex -16.661746978759766 47.393550872802734 2.200000047683716
vertex -20.040725708007812 45.71700668334961 0
vertex -20.040725708007812 45.71700668334961 2.200000047683716
endloop
endfacet
facet normal 0 0 -1
outer loop
vertex 32.69247055053711 8.310566902160645 0
vertex 24.757966995239258 23.237600326538086 0
vertex 32.439720153808594 11.199531555175781 0
endloop
endfacet
facet normal 0.33738961611994217 0.9413650975760881 0
outer loop
vertex -37.292606353759766 49.4654426574707 2.200000047683716
vertex -37.37553024291992 49.49516296386719 0
vertex -37.37553024291992 49.49516296386719 2.200000047683716
endloop
endfacet
facet normal 0.21674474506933844 0.9762283111469506 0
outer loop
vertex -20.278949737548828 45.688026428222656 2.200000047683716
vertex -37.292606353759766 49.4654426574707 0
vertex -37.292606353759766 49.4654426574707 2.200000047683716
endloop
endfacet
facet normal 0 0 -1
outer loop
vertex 32.30453872680664 4.713066101074219 0
vertex 24.057966232299805 12.687600135803223 0
vertex 32.69247055053711 8.310566902160645 0
endloop
endfacet
facet normal 0 0 -1
outer loop
vertex 32.30453872680664 4.713066101074219 0
vertex 32.69247055053711 8.310566902160645 0
vertex 33.00187301635742 4.774075508117676 0
endloop
endfacet
facet normal 0 0 -1
outer loop
vertex 32.91462707519531 -2.260296583175659 0
vertex 27.579463958740234 1.9191758632659912 0
vertex 32.30453872680664 4.713066101074219 0
endloop
endfacet
facet normal -0.9796015900042276 -0.2009495580019747 0
outer loop
vertex -69.7341079711914 -23.08861541748047 2.200000047683716
vertex -70.03370666503906 -21.62811279296875 2.200000047683716
vertex -70.03370666503906 -21.62811279296875 1.7000000476837158
endloop
endfacet
facet normal 0 0 -1
outer loop
vertex 32.69247055053711 8.310566902160645 0
vertex 24.057966232299805 16.237600326538086 0
vertex 24.757966995239258 16.237600326538086 0
endloop
endfacet
facet normal -0.18094524471071122 -0.9834931715149733 0
outer loop
vertex -65.68719482421875 -28.018047332763672 2.200000047683716
vertex -55.5161247253418 -29.88934326171875 0
vertex -55.5161247253418 -29.88934326171875 2.200000047683716
endloop
endfacet
facet normal 0 0 -1
outer loop
vertex 24.057966232299805 12.687600135803223 0
vertex 24.057966232299805 16.237600326538086 0
vertex 32.69247055053711 8.310566902160645 0
endloop
endfacet
facet normal 0 0 -1
outer loop
vertex 24.057966232299805 12.687600135803223 0
vertex 32.30453872680664 4.713066101074219 0
vertex 27.579463958740234 1.9191758632659912 0
endloop
endfacet
facet normal -0.7174301982998612 0.6966303973897651 0
outer loop
vertex -16.494569778442383 47.56571960449219 2.200000047683716
vertex -16.661746978759766 47.393550872802734 0
vertex -16.661746978759766 47.393550872802734 2.200000047683716
endloop
endfacet
facet normal -0.9084806265700993 0.417926968676107 0
outer loop
vertex -15.600737571716309 49.50871276855469 2.200000047683716
vertex -16.494569778442383 47.56571960449219 0
vertex -16.494569778442383 47.56571960449219 2.200000047683716
endloop
endfacet
facet normal -0.6751571376961303 0.7376739384158618 0
outer loop
vertex -12.162826538085938 52.65526580810547 2.200000047683716
vertex -15.600737571716309 49.50871276855469 0
vertex -15.600737571716309 49.50871276855469 2.200000047683716
endloop
endfacet
facet normal -0.361243492921625 0.9324715217215933 0
outer loop
vertex -10.65556526184082 53.23918533325195 2.200000047683716
vertex -12.162826538085938 52.65526580810547 0
vertex -12.162826538085938 52.65526580810547 2.200000047683716
endloop
endfacet
facet normal 0 0 1
outer loop
vertex 24.85796546936035 27.587600708007812 2.200000047683716
vertex 30.34414291381836 25.973108291625977 2.200000047683716
vertex 26.15796661376953 28.88759994506836 2.200000047683716
endloop
endfacet
facet normal 0 0 1
outer loop
vertex 24.85796546936035 28.88759994506836 2.200000047683716
vertex 9.157965660095215 28.88759994506836 2.200000047683716
vertex 24.85796546936035 27.587600708007812 2.200000047683716
endloop
endfacet
facet normal 0 0 1
outer loop
vertex 24.85796546936035 11.88759994506836 2.200000047683716
vertex 30.34414291381836 25.973108291625977 2.200000047683716
vertex 24.85796546936035 27.587600708007812 2.200000047683716
endloop
endfacet
facet normal 0 0 1
outer loop
vertex -37.292606353759766 49.4654426574707 2.200000047683716
vertex -41.667823791503906 41.59184646606445 2.200000047683716
vertex -26.50278663635254 37.52838897705078 2.200000047683716
endloop
endfacet
facet normal 0 0 1
outer loop
vertex -37.292606353759766 49.4654426574707 2.200000047683716
vertex -26.50278663635254 37.52838897705078 2.200000047683716
vertex -20.278949737548828 45.688026428222656 2.200000047683716
endloop
endfacet
facet normal 0 0 1
outer loop
vertex -26.50278663635254 37.52838897705078 2.200000047683716
vertex -30.566246032714844 22.363353729248047 2.200000047683716
vertex -24.667821884155273 37.34184646606445 2.200000047683716
endloop
endfacet
facet normal 0 0 1
outer loop
vertex 31.712488174438477 10.332850456237793 2.200000047683716
vertex 31.825790405273438 9.037797927856445 2.200000047683716
vertex 47.46604919433594 10.406143188476562 2.200000047683716
endloop
endfacet
facet normal 0 0 1
outer loop
vertex 24.85796546936035 11.88759994506836 2.200000047683716
vertex 31.825790405273438 9.037797927856445 2.200000047683716
vertex 31.712488174438477 10.332850456237793 2.200000047683716
endloop
endfacet
facet normal 0 0 1
outer loop
vertex -24.667821884155273 37.34184646606445 2.200000047683716
vertex -20.040725708007812 45.71700668334961 2.200000047683716
vertex -26.50278663635254 37.52838897705078 2.200000047683716
endloop
endfacet
facet normal 0 0 1
outer loop
vertex -20.040725708007812 45.71700668334961 2.200000047683716
vertex -20.278949737548828 45.688026428222656 2.200000047683716
vertex -26.50278663635254 37.52838897705078 2.200000047683716
endloop
endfacet
facet normal 0 0 1
outer loop
vertex 24.85796546936035 11.88759994506836 2.200000047683716
vertex 9.157965660095215 11.88759994506836 2.200000047683716
vertex 28.420236587524414 2.676210641860962 2.200000047683716
endloop
endfacet
facet normal 0 0 1
outer loop
vertex 28.420236587524414 2.676210641860962 2.200000047683716
vertex 31.825790405273438 9.037797927856445 2.200000047683716
vertex 24.85796546936035 11.88759994506836 2.200000047683716
endloop
endfacet
facet normal 0 0 1
outer loop
vertex 7.85796594619751 28.88759994506836 2.200000047683716
vertex 24.85796546936035 27.587600708007812 2.200000047683716
vertex 9.157965660095215 28.88759994506836 2.200000047683716
endloop
endfacet
facet normal 0 0 1
outer loop
vertex 24.85796546936035 27.587600708007812 2.200000047683716
vertex -7.842033863067627 28.88759994506836 2.200000047683716
vertex 9.157965660095215 27.587600708007812 2.200000047683716
endloop
endfacet
facet normal 0 0 1
outer loop
vertex 7.85796594619751 28.88759994506836 2.200000047683716
vertex -7.842033863067627 28.88759994506836 2.200000047683716
vertex 24.85796546936035 27.587600708007812 2.200000047683716
endloop
endfacet
facet normal 0 0 1
outer loop
vertex -7.842033863067627 28.88759994506836 2.200000047683716
vertex 9.157965660095215 11.88759994506836 2.200000047683716
vertex 9.157965660095215 27.587600708007812 2.200000047683716
endloop
endfacet
facet normal 0 0 -1
outer loop
vertex 13.498787879943848 2.6571128368377686 0
vertex 24.057966232299805 12.687600135803223 0
vertex 27.579463958740234 1.9191758632659912 0
endloop
endfacet
facet normal 0 0 -1
outer loop
vertex -6.782817840576172 -52.48960876464844 0
vertex -22.951034545898438 -52.48960876464844 0
vertex -6.817071914672852 -52.31739807128906 0
endloop
endfacet
facet normal 0 0 -1
outer loop
vertex -6.817071914672852 -52.31739807128906 0
vertex -22.916780471801758 -52.31739807128906 0
vertex -6.782817840576172 -52.14519119262695 0
endloop
endfacet
facet normal 0 0 1
outer loop
vertex -20.040725708007812 45.71700668334961 2.200000047683716
vertex -24.667821884155273 37.34184646606445 2.200000047683716
vertex -9.502786636352539 33.27838897705078 2.200000047683716
endloop
endfacet
facet normal 0 0 -1
outer loop
vertex -6.782817840576172 -52.14519119262695 0
vertex -22.951034545898438 -52.14519119262695 0
vertex -6.685269832611084 -51.999202728271484 0
endloop
endfacet
facet normal 0 0 1
outer loop
vertex -9.502786636352539 33.27838897705078 2.200000047683716
vertex -7.842033863067627 31.160072326660156 2.200000047683716
vertex -16.661746978759766 47.393550872802734 2.200000047683716
endloop
endfacet
facet normal 0 0 1
outer loop
vertex 9.157965660095215 11.88759994506836 2.200000047683716
vertex 12.741753578186035 3.497885227203369 2.200000047683716
vertex 28.420236587524414 2.676210641860962 2.200000047683716
endloop
endfacet
facet normal 0 0 1
outer loop
vertex 12.741753578186035 3.497885227203369 2.200000047683716
vertex -7.842033863067627 28.88759994506836 2.200000047683716
vertex 11.367295265197754 0.7053749561309814 2.200000047683716
endloop
endfacet
facet normal 0 0 1
outer loop
vertex -7.842033863067627 28.88759994506836 2.200000047683716
vertex 12.741753578186035 3.497885227203369 2.200000047683716
vertex 9.157965660095215 11.88759994506836 2.200000047683716
endloop
endfacet
facet normal 0 0 1
outer loop
vertex -16.661746978759766 47.393550872802734 2.200000047683716
vertex -20.040725708007812 45.71700668334961 2.200000047683716
vertex -9.502786636352539 33.27838897705078 2.200000047683716
endloop
endfacet
facet normal 0 0 1
outer loop
vertex -16.661746978759766 47.393550872802734 2.200000047683716
vertex -7.842033863067627 31.160072326660156 2.200000047683716
vertex -7.842033863067627 44.58760070800781 2.200000047683716
endloop
endfacet
facet normal 0 0 1
outer loop
vertex -16.494569778442383 47.56571960449219 2.200000047683716
vertex -16.661746978759766 47.393550872802734 2.200000047683716
vertex -7.842033863067627 44.58760070800781 2.200000047683716
endloop
endfacet
facet normal 0 0 1
outer loop
vertex -15.600737571716309 49.50871276855469 2.200000047683716
vertex -16.494569778442383 47.56571960449219 2.200000047683716
vertex -7.842033863067627 44.58760070800781 2.200000047683716
endloop
endfacet
facet normal 0 0 -1
outer loop
vertex 9.957965850830078 29.687599182128906 0
vertex 24.057966232299805 29.687599182128906 0
vertex 9.957965850830078 26.787599563598633 0
endloop
endfacet
facet normal 0 0 -1
outer loop
vertex 9.957965850830078 26.787599563598633 0
vertex 7.057966232299805 33.23759841918945 0
vertex 9.957965850830078 29.687599182128906 0
endloop
endfacet
facet normal 0 0 -1
outer loop
vertex 9.957965850830078 26.787599563598633 0
vertex 7.057966232299805 29.687599182128906 0
vertex 7.057966232299805 33.23759841918945 0
endloop
endfacet
facet normal 0 0 1
outer loop
vertex 11.367295265197754 0.7053749561309814 2.200000047683716
vertex -5.490168571472168 7.799223899841309 2.200000047683716
vertex -4.311188697814941 1.5270494222640991 2.200000047683716
endloop
endfacet
facet normal 0 0 -1
outer loop
vertex 9.957965850830078 23.237600326538086 0
vertex 7.057966232299805 29.687599182128906 0
vertex 9.957965850830078 26.787599563598633 0
endloop
endfacet
facet normal -0.9796015900042276 -0.2009495580019747 0
outer loop
vertex -70.03370666503906 -21.62811279296875 1.7000000476837158
vertex -69.7341079711914 -23.08861541748047 0
vertex -69.7341079711914 -23.08861541748047 2.200000047683716
endloop
endfacet
facet normal -0.9850441580681156 0.17230207966207842 0
outer loop
vertex -68.29216003417969 -7.304877758026123 1.7000000476837158
vertex -67.58728790283203 -3.2751517295837402 1.7000000476837158
vertex -67.58728790283203 -3.2751517295837402 0.20000000298023224
endloop
endfacet
facet normal 0.17230240454650678 0.9850441012398846 0
outer loop
vertex -66.89775848388672 -3.3957631587982178 1.7000000476837158
vertex -67.58728790283203 -3.2751517295837402 0.20000000298023224
vertex -67.58728790283203 -3.2751517295837402 1.7000000476837158
endloop
endfacet
facet normal -0.9850441252029234 0.17230226755097458 0
outer loop
vertex -66.81160736083984 -2.9032411575317383 0.20000000298023224
vertex -66.89775848388672 -3.3957631587982178 1.7000000476837158
vertex -66.81160736083984 -2.9032411575317383 1.7000000476837158
endloop
endfacet
facet normal -0.5032152428431438 -0.8641611073002045 0
outer loop
vertex -55.5161247253418 -29.88934326171875 0
vertex -55.30510711669922 -30.012222290039062 0
vertex -55.5161247253418 -29.88934326171875 2.200000047683716
endloop
endfacet
facet normal -0.766054866512275 -0.642775187365583 0
outer loop
vertex -55.30510711669922 -30.012222290039062 0
vertex -52.83552551269531 -32.95545196533203 0
vertex -55.30510711669922 -30.012222290039062 2.200000047683716
endloop
endfacet
facet normal 0 0 -1
outer loop
vertex -52.01935577392578 -52.89883041381836 0
vertex -23.539241790771484 -54.00314712524414 0
vertex -23.367033004760742 -54.03739929199219 0
endloop
endfacet
facet normal 0 0 -1
outer loop
vertex -23.782779693603516 -53.75960922241211 0
vertex -23.685232162475586 -53.90559768676758 0
vertex -52.616729736328125 -51.397796630859375 0
endloop
endfacet
facet normal 0 0 1
outer loop
vertex -12.162826538085938 52.65526580810547 2.200000047683716
vertex -15.600737571716309 49.50871276855469 2.200000047683716
vertex -7.842033863067627 44.58760070800781 2.200000047683716
endloop
endfacet
facet normal 0 0 1
outer loop
vertex -10.65556526184082 53.23918533325195 2.200000047683716
vertex -12.162826538085938 52.65526580810547 2.200000047683716
vertex 7.85796594619751 44.58760070800781 2.200000047683716
endloop
endfacet
facet normal 0 0 1
outer loop
vertex -12.162826538085938 52.65526580810547 2.200000047683716
vertex -7.842033863067627 44.58760070800781 2.200000047683716
vertex 7.85796594619751 44.58760070800781 2.200000047683716
endloop
endfacet
facet normal 0 0 -1
outer loop
vertex 20.07823371887207 -57.70860290527344 0
vertex -6.367072105407715 -54.03739929199219 0
vertex -6.194864273071289 -54.00314712524414 0
endloop
endfacet
facet normal 0 0 -1
outer loop
vertex 20.07823371887207 -57.70860290527344 0
vertex -6.194864273071289 -54.00314712524414 0
vertex -6.0488739013671875 -53.90559768676758 0
endloop
endfacet
facet normal 0 0 -1
outer loop
vertex 20.07823371887207 -57.70860290527344 0
vertex -6.0488739013671875 -53.90559768676758 0
vertex -5.951326370239258 -53.75960922241211 0
endloop
endfacet
facet normal 0 0 -1
outer loop
vertex -5.951326370239258 -53.415191650390625 0
vertex -6.0488739013671875 -53.269203186035156 0
vertex 20.07823371887207 -57.70860290527344 0
endloop
endfacet
facet normal 0 0 -1
outer loop
vertex 20.07823371887207 -57.70860290527344 0
vertex -6.0488739013671875 -53.269203186035156 0
vertex -6.0488739013671875 -52.635597229003906 0
endloop
endfacet
facet normal 0 0 -1
outer loop
vertex 20.07823371887207 -57.70860290527344 0
vertex -6.0488739013671875 -52.635597229003906 0
vertex -5.951326370239258 -52.48960876464844 0
endloop
endfacet
facet normal 0 0 -1
outer loop
vertex -5.951326370239258 -52.14519119262695 0
vertex -6.0488739013671875 -51.999202728271484 0
vertex 20.07823371887207 -57.70860290527344 0
endloop
endfacet
facet normal 0 0 -1
outer loop
vertex 20.07823371887207 -57.70860290527344 0
vertex -6.0488739013671875 -51.999202728271484 0
vertex -6.0488739013671875 -51.365596771240234 0
endloop
endfacet
facet normal 0 0 -1
outer loop
vertex 20.07823371887207 -57.70860290527344 0
vertex -6.0488739013671875 -51.365596771240234 0
vertex -5.951326370239258 -51.219608306884766 0
endloop
endfacet
facet normal 0 0 -1
outer loop
vertex -5.951326370239258 -50.87519073486328 0
vertex -6.0488739013671875 -50.72920227050781 0
vertex 20.07823371887207 -57.70860290527344 0
endloop
endfacet
facet normal 0 0 -1
outer loop
vertex 20.07823371887207 -57.70860290527344 0
vertex -6.0488739013671875 -50.72920227050781 0
vertex -6.0488739013671875 -50.09559631347656 0
endloop
endfacet
facet normal 0 0 -1
outer loop
vertex 20.07823371887207 -57.70860290527344 0
vertex -6.0488739013671875 -50.09559631347656 0
vertex -5.951326370239258 -49.949607849121094 0
endloop
endfacet
facet normal 0 0 -1
outer loop
vertex -5.951326370239258 -49.605194091796875 0
vertex -6.0488739013671875 -49.45920181274414 0
vertex 20.07823371887207 -57.70860290527344 0
endloop
endfacet
facet normal 0 0 -1
outer loop
vertex -6.0488739013671875 -49.45920181274414 0
vertex -6.194864273071289 -49.36165237426758 0
vertex 20.07823371887207 -57.70860290527344 0
endloop
endfacet
facet normal 0 0 -1
outer loop
vertex 20.07823371887207 -57.70860290527344 0
vertex -6.194864273071289 -49.36165237426758 0
vertex -6.194864273071289 -48.92314529418945 0
endloop
endfacet
facet normal 0 0 -1
outer loop
vertex 20.07823371887207 -57.70860290527344 0
vertex -6.194864273071289 -48.92314529418945 0
vertex -6.0488739013671875 -48.825599670410156 0
endloop
endfacet
facet normal 0 0 -1
outer loop
vertex 20.07823371887207 -57.70860290527344 0
vertex -6.0488739013671875 -48.825599670410156 0
vertex -5.951326370239258 -48.67960739135742 0
endloop
endfacet
facet normal 0 0 -1
outer loop
vertex -6.0488739013671875 -48.18920135498047 0
vertex -6.194864273071289 -48.09165573120117 0
vertex 20.31244468688965 -57.60715866088867 0
endloop
endfacet
facet normal 0 0 -1
outer loop
vertex 20.07823371887207 -57.70860290527344 0
vertex -5.951326370239258 -53.75960922241211 0
vertex -5.91707181930542 -53.587398529052734 0
endloop
endfacet
facet normal 0 0 -1
outer loop
vertex 20.07823371887207 -57.70860290527344 0
vertex -5.91707181930542 -53.587398529052734 0
vertex -5.951326370239258 -53.415191650390625 0
endloop
endfacet
facet normal 0 0 -1
outer loop
vertex 20.07823371887207 -57.70860290527344 0
vertex -5.951326370239258 -52.48960876464844 0
vertex -5.91707181930542 -52.31739807128906 0
endloop
endfacet
facet normal 0 0 -1
outer loop
vertex 20.07823371887207 -57.70860290527344 0
vertex -5.91707181930542 -52.31739807128906 0
vertex -5.951326370239258 -52.14519119262695 0
endloop
endfacet
facet normal 0 0 -1
outer loop
vertex 20.07823371887207 -57.70860290527344 0
vertex -5.951326370239258 -51.219608306884766 0
vertex -5.91707181930542 -51.047401428222656 0
endloop
endfacet
facet normal 0 0 -1
outer loop
vertex 20.07823371887207 -57.70860290527344 0
vertex -5.91707181930542 -51.047401428222656 0
vertex -5.951326370239258 -50.87519073486328 0
endloop
endfacet
facet normal 0 0 -1
outer loop
vertex 20.07823371887207 -57.70860290527344 0
vertex -5.951326370239258 -49.949607849121094 0
vertex -5.91707181930542 -49.777400970458984 0
endloop
endfacet
facet normal 0 0 -1
outer loop
vertex 20.07823371887207 -57.70860290527344 0
vertex -5.91707181930542 -49.777400970458984 0
vertex -5.951326370239258 -49.605194091796875 0
endloop
endfacet
facet normal 0 0 -1
outer loop
vertex -5.951326370239258 -48.67960739135742 0
vertex -5.91707181930542 -48.50740051269531 0
vertex 20.31244468688965 -57.60715866088867 0
endloop
endfacet
facet normal 0 0 -1
outer loop
vertex 20.31244468688965 -57.60715866088867 0
vertex -5.91707181930542 -48.50740051269531 0
vertex -5.951326370239258 -48.3351936340332 0
endloop
endfacet
facet normal 0 0 -1
outer loop
vertex 20.31244468688965 -57.60715866088867 0
vertex -5.951326370239258 -48.3351936340332 0
vertex -6.0488739013671875 -48.18920135498047 0
endloop
endfacet
facet normal 0 0 -1
outer loop
vertex 20.31244468688965 -57.60715866088867 0
vertex -6.539279460906982 -47.65314483642578 0
vertex -6.367072105407715 -47.687400817871094 0
endloop
endfacet
facet normal 0 0 -1
outer loop
vertex 20.31244468688965 -57.60715866088867 0
vertex -6.367072105407715 -47.687400817871094 0
vertex 8.009162902832031 -48.08573913574219 0
endloop
endfacet
facet normal 0 0 -1
outer loop
vertex 20.07823371887207 -57.70860290527344 0
vertex -5.951326370239258 -48.67960739135742 0
vertex 20.31244468688965 -57.60715866088867 0
endloop
endfacet
facet normal 0 0 -1
outer loop
vertex 20.31244468688965 -57.60715866088867 0
vertex 8.009162902832031 -48.08573913574219 0
vertex 10.981429100036621 -45.37696838378906 0
endloop
endfacet
facet normal 0 0 -1
outer loop
vertex 20.31244468688965 -57.60715866088867 0
vertex 10.981429100036621 -45.37696838378906 0
vertex 25.062105178833008 -46.114906311035156 0
endloop
endfacet
facet normal 0 0 -1
outer loop
vertex 8.009162902832031 -48.08573913574219 0
vertex 8.194955825805664 -44.54060745239258 0
vertex 8.893996238708496 -44.577239990234375 0
endloop
endfacet
facet normal 0 0 -1
outer loop
vertex 10.981429100036621 -45.37696838378906 0
vertex 8.009162902832031 -48.08573913574219 0
vertex 8.893996238708496 -44.577239990234375 0
endloop
endfacet
facet normal 0 0 -1
outer loop
vertex 8.893996238708496 -44.577239990234375 0
vertex 9.260348320007324 -37.58683395385742 0
vertex 10.468180656433105 -41.795196533203125 0
endloop
endfacet
facet normal 0 0 -1
outer loop
vertex 8.747099876403809 -34.00506591796875 0
vertex -5.333576202392578 -33.267127990722656 0
vertex 8.898874282836914 -31.109039306640625 0
endloop
endfacet
facet normal 0 0 -1
outer loop
vertex 10.468180656433105 -41.795196533203125 0
vertex 9.260348320007324 -37.58683395385742 0
vertex 8.898874282836914 -31.109039306640625 0
endloop
endfacet
facet normal 0 0 -1
outer loop
vertex 8.561307907104492 -37.55019760131836 0
vertex 8.747099876403809 -34.00506591796875 0
vertex 9.260348320007324 -37.58683395385742 0
endloop
endfacet
facet normal 0 0 -1
outer loop
vertex 8.898874282836914 -31.109039306640625 0
vertex 9.260348320007324 -37.58683395385742 0
vertex 8.747099876403809 -34.00506591796875 0
endloop
endfacet
facet normal 0 0 -1
outer loop
vertex 10.981429100036621 -45.37696838378906 0
vertex 8.893996238708496 -44.577239990234375 0
vertex 10.468180656433105 -41.795196533203125 0
endloop
endfacet
facet normal 0 0 -1
outer loop
vertex 10.468180656433105 -41.795196533203125 0
vertex 11.167221069335938 -41.83183288574219 0
vertex 10.981429100036621 -45.37696838378906 0
endloop
endfacet
facet normal 0 0 -1
outer loop
vertex 10.468180656433105 -41.795196533203125 0
vertex 8.898874282836914 -31.109039306640625 0
vertex 10.834532737731934 -34.80479049682617 0
endloop
endfacet
facet normal 0 0 -1
outer loop
vertex 10.834532737731934 -34.80479049682617 0
vertex 9.084667205810547 -27.56390380859375 0
vertex 11.533573150634766 -34.841426849365234 0
endloop
endfacet
facet normal 0 0 -1
outer loop
vertex 7.057966232299805 29.687599182128906 0
vertex 9.957965850830078 23.237600326538086 0
vertex 9.257966041564941 23.237600326538086 0
endloop
endfacet
facet normal 0 0 -1
outer loop
vertex 9.257966041564941 23.237600326538086 0
vertex -7.042034149169922 29.687599182128906 0
vertex 7.057966232299805 29.687599182128906 0
endloop
endfacet
facet normal -0.8376552828982765 -0.5461992557964616 0
outer loop
vertex -69.7341079711914 -23.08861541748047 2.200000047683716
vertex -67.15879821777344 -27.038129806518555 0
vertex -67.15879821777344 -27.038129806518555 2.200000047683716
endloop
endfacet
facet normal -0.5542492544568582 -0.8323507457400497 0
outer loop
vertex -67.15879821777344 -27.038129806518555 2.200000047683716
vertex -65.68719482421875 -28.018047332763672 0
vertex -65.68719482421875 -28.018047332763672 2.200000047683716
endloop
endfacet
facet normal 0 0 1
outer loop
vertex -55.30510711669922 -30.012222290039062 2.200000047683716
vertex -52.83552551269531 -32.95545196533203 2.200000047683716
vertex -6.912285327911377 -48.10483932495117 2.200000047683716
endloop
endfacet
facet normal 0 0 1
outer loop
vertex -55.30510711669922 -30.012222290039062 2.200000047683716
vertex -29.58196449279785 -38.4194450378418 2.200000047683716
vertex -45.21669006347656 -29.18927574157715 2.200000047683716
endloop
endfacet
facet normal -0.9384313697790083 -0.3454657207519933 0
outer loop
vertex -52.83552551269531 -32.95545196533203 2.200000047683716
vertex -52.75116729736328 -33.18460464477539 0
vertex -52.75116729736328 -33.18460464477539 2.200000047683716
endloop
endfacet
facet normal -0.766054866512275 -0.642775187365583 0
outer loop
vertex -55.30510711669922 -30.012222290039062 2.200000047683716
vertex -52.83552551269531 -32.95545196533203 0
vertex -52.83552551269531 -32.95545196533203 2.200000047683716
endloop
endfacet
facet normal 0 0 -1
outer loop
vertex 20.31244468688965 -57.60715866088867 0
vertex 25.062105178833008 -46.114906311035156 0
vertex 30.130640029907227 -57.134822845458984 0
endloop
endfacet
facet normal 0 0 -1
outer loop
vertex 25.062105178833008 -46.114906311035156 0
vertex 25.24789810180664 -42.56977081298828 0
vertex 30.130640029907227 -57.134822845458984 0
endloop
endfacet
facet normal 0 0 -1
outer loop
vertex 30.130640029907227 -57.134822845458984 0
vertex 25.24789810180664 -42.56977081298828 0
vertex 31.535913467407227 -56.54216766357422 0
endloop
endfacet
facet normal 0 0 -1
outer loop
vertex 31.535913467407227 -56.54216766357422 0
vertex 25.946937561035156 -42.60640335083008 0
vertex 34.952571868896484 -53.358341217041016 0
endloop
endfacet
facet normal 0 0 -1
outer loop
vertex 25.946937561035156 -42.60640335083008 0
vertex 31.535913467407227 -56.54216766357422 0
vertex 25.24789810180664 -42.56977081298828 0
endloop
endfacet
facet normal 0 0 -1
outer loop
vertex 25.61425018310547 -35.57936477661133 0
vertex 25.80004119873047 -32.03422927856445 0
vertex 26.313289642333984 -35.615997314453125 0
endloop
endfacet
facet normal 0 0 -1
outer loop
vertex 25.946937561035156 -42.60640335083008 0
vertex 26.313289642333984 -35.615997314453125 0
vertex 34.952571868896484 -53.358341217041016 0
endloop
endfacet
facet normal 0 0 -1
outer loop
vertex 34.952571868896484 -53.358341217041016 0
vertex 26.313289642333984 -35.615997314453125 0
vertex 35.66570281982422 -51.739097595214844 0
endloop
endfacet
facet normal 0 0 -1
outer loop
vertex 26.313289642333984 -35.615997314453125 0
vertex 25.80004119873047 -32.03422927856445 0
vertex 35.66570281982422 -51.739097595214844 0
endloop
endfacet
facet normal 0 0 -1
outer loop
vertex 35.66570281982422 -51.739097595214844 0
vertex 25.80004119873047 -32.03422927856445 0
vertex 35.7418327331543 -43.31916809082031 0
endloop
endfacet
facet normal 0 0 -1
outer loop
vertex 35.7418327331543 -43.31916809082031 0
vertex 26.137609481811523 -25.593067169189453 0
vertex 35.78956604003906 -43.144325256347656 0
endloop
endfacet
facet normal 0 0 -1
outer loop
vertex 35.78956604003906 -43.144325256347656 0
vertex 26.137609481811523 -25.593067169189453 0
vertex 37.19784927368164 -40.70743179321289 0
endloop
endfacet
facet normal 0 0 -1
outer loop
vertex 35.7418327331543 -43.31916809082031 0
vertex 25.80004119873047 -32.03422927856445 0
vertex 25.95181655883789 -29.138202667236328 0
endloop
endfacet
facet normal 0 0 -1
outer loop
vertex 26.137609481811523 -25.593067169189453 0
vertex 35.7418327331543 -43.31916809082031 0
vertex 25.95181655883789 -29.138202667236328 0
endloop
endfacet
facet normal 0 0 -1
outer loop
vertex 37.19784927368164 -40.70743179321289 0
vertex 27.203001022338867 -18.63929557800293 0
vertex 37.325504302978516 -40.57877731323242 0
endloop
endfacet
facet normal -0.9999727591047046 -0.007381127862614539 0
outer loop
vertex -52.75116729736328 -33.18460464477539 2.200000047683716
vertex -52.616729736328125 -51.397796630859375 0
vertex -52.616729736328125 -51.397796630859375 2.200000047683716
endloop
endfacet
facet normal -0.782136365387788 -0.6231072988964107 0
outer loop
vertex -46.56291961669922 -57.39208221435547 2.200000047683716
vertex -44.947879791259766 -59.4193115234375 0
vertex -44.947879791259766 -59.4193115234375 2.200000047683716
endloop
endfacet
facet normal -0.613297927770968 -0.7898516644230336 0
outer loop
vertex -46.69506072998047 -57.28947830200195 2.200000047683716
vertex -46.56291961669922 -57.39208221435547 0
vertex -46.56291961669922 -57.39208221435547 2.200000047683716
endloop
endfacet
facet normal -0.6341550234704617 -0.7732059274263088 0
outer loop
vertex -44.572898864746094 -61.09697341918945 2.200000047683716
vertex -42.194801330566406 -63.047401428222656 0
vertex -42.194801330566406 -63.047401428222656 2.200000047683716
endloop
endfacet
facet normal 0.6782347682410297 -0.7348452892609688 0
outer loop
vertex 14.603991508483887 -63.047401428222656 2.200000047683716
vertex 14.603991508483887 -63.047401428222656 0
vertex 17.074655532836914 -60.76707077026367 0
endloop
endfacet
facet normal 0.9180607756021277 -0.39643967044282985 0
outer loop
vertex 17.074655532836914 -60.76707077026367 0
vertex 17.18564224243164 -60.51005172729492 0
vertex 17.074655532836914 -60.76707077026367 2.200000047683716
endloop
endfacet
facet normal 0.6956992343968094 -0.7183331923694555 0
outer loop
vertex 17.18564224243164 -60.51005172729492 0
vertex 20.07823371887207 -57.70860290527344 0
vertex 17.18564224243164 -60.51005172729492 2.200000047683716
endloop
endfacet
facet normal -0.9069430171963215 -0.42125332468579146 0
outer loop
vertex -44.947879791259766 -59.4193115234375 2.200000047683716
vertex -44.877403259277344 -59.571044921875 0
vertex -44.877403259277344 -59.571044921875 2.200000047683716
endloop
endfacet
facet normal -0.9806647877327823 -0.19569510494904319 0
outer loop
vertex -44.877403259277344 -59.571044921875 2.200000047683716
vertex -44.572898864746094 -61.09697341918945 0
vertex -44.572898864746094 -61.09697341918945 2.200000047683716
endloop
endfacet
facet normal -0.929124050013492 -0.36976817019116975 0
outer loop
vertex -52.616729736328125 -51.397796630859375 2.200000047683716
vertex -52.01935577392578 -52.89883041381836 0
vertex -52.01935577392578 -52.89883041381836 2.200000047683716
endloop
endfacet
facet normal -0.40990039502042985 -0.9121302901242209 0
outer loop
vertex -48.816162109375 -56.336280822753906 2.200000047683716
vertex -46.69506072998047 -57.28947830200195 0
vertex -46.69506072998047 -57.28947830200195 2.200000047683716
endloop
endfacet
facet normal -0.731595766036552 -0.6817386853607403 0
outer loop
vertex -52.01935577392578 -52.89883041381836 2.200000047683716
vertex -48.816162109375 -56.336280822753906 0
vertex -48.816162109375 -56.336280822753906 2.200000047683716
endloop
endfacet
facet normal 0 0 -1
outer loop
vertex -4.438986778259277 -2.8222227096557617 0
vertex -3.5541536808013916 0.6862770318984985 0
vertex -3.7399463653564453 -2.8588578701019287 0
endloop
endfacet
facet normal 0 0 -1
outer loop
vertex -4.438986778259277 -2.8222227096557617 0
vertex -7.559556007385254 -3.3609793186187744 0
vertex -6.344018936157227 3.53267502784729 0
endloop
endfacet
facet normal 0 0 -1
outer loop
vertex -7.559556007385254 -3.3609793186187744 0
vertex -4.438986778259277 -2.8222227096557617 0
vertex -4.8053388595581055 -9.812629699707031 0
endloop
endfacet
facet normal 0 0 -1
outer loop
vertex -7.559556007385254 -3.3609793186187744 0
vertex -8.865372657775879 -6.735493183135986 0
vertex -8.248921394348145 -3.2394254207611084 0
endloop
endfacet
facet normal 0 0 -1
outer loop
vertex -7.559556007385254 -3.3609793186187744 0
vertex -9.368951797485352 -9.591435432434082 0
vertex -8.865372657775879 -6.735493183135986 0
endloop
endfacet
facet normal 0 0 -1
outer loop
vertex -4.29209041595459 -13.394399642944336 0
vertex -4.8053388595581055 -9.812629699707031 0
vertex -4.106297969818115 -9.849264144897461 0
endloop
endfacet
facet normal 0 0 -1
outer loop
vertex -4.8053388595581055 -9.812629699707031 0
vertex -5.32869815826416 -19.798925399780273 0
vertex -7.559556007385254 -3.3609793186187744 0
endloop
endfacet
facet normal 0 0 -1
outer loop
vertex -7.559556007385254 -3.3609793186187744 0
vertex -9.296037673950195 -13.209056854248047 0
vertex -9.368951797485352 -9.591435432434082 0
endloop
endfacet
facet normal 0 0 -1
outer loop
vertex -4.29209041595459 -13.394399642944336 0
vertex -5.32869815826416 -19.798925399780273 0
vertex -4.8053388595581055 -9.812629699707031 0
endloop
endfacet
facet normal 0.39745182294981385 -0.9176230426672328 0
outer loop
vertex 20.07823371887207 -57.70860290527344 0
vertex 20.31244468688965 -57.60715866088867 0
vertex 20.07823371887207 -57.70860290527344 2.200000047683716
endloop
endfacet
facet normal 0.04805263685266934 -0.9988448048077867 0
outer loop
vertex 20.31244468688965 -57.60715866088867 0
vertex 30.130640029907227 -57.134822845458984 0
vertex 20.31244468688965 -57.60715866088867 2.200000047683716
endloop
endfacet
facet normal 0.38859221358263185 -0.9214098390743124 0
outer loop
vertex 30.130640029907227 -57.134822845458984 0
vertex 31.535913467407227 -56.54216766357422 0
vertex 30.130640029907227 -57.134822845458984 2.200000047683716
endloop
endfacet
facet normal 0.6817395847273329 -0.7315949279593209 0
outer loop
vertex 31.535913467407227 -56.54216766357422 0
vertex 34.952571868896484 -53.358341217041016 0
vertex 31.535913467407227 -56.54216766357422 2.200000047683716
endloop
endfacet
facet normal 0.915176686814951 -0.40305288971846964 0
outer loop
vertex 34.952571868896484 -53.358341217041016 0
vertex 35.66570281982422 -51.739097595214844 0
vertex 34.952571868896484 -53.358341217041016 2.200000047683716
endloop
endfacet
facet normal 0.9999591269414643 -0.009041263543589308 0
outer loop
vertex 35.66570281982422 -51.739097595214844 0
vertex 35.7418327331543 -43.31916809082031 0
vertex 35.66570281982422 -51.739097595214844 2.200000047683716
endloop
endfacet
facet normal 0 0 -1
outer loop
vertex -23.254741668701172 -7.142996311187744 0
vertex -8.865372657775879 -6.735493183135986 0
vertex -9.368951797485352 -9.591435432434082 0
endloop
endfacet
facet normal 0 0 -1
outer loop
vertex -23.254741668701172 -7.142996311187744 0
vertex -22.751161575317383 -4.28705358505249 0
vertex -8.865372657775879 -6.735493183135986 0
endloop
endfacet
facet normal 0.9646953029328483 -0.2633685108347238 0
outer loop
vertex 35.7418327331543 -43.31916809082031 0
vertex 35.78956604003906 -43.144325256347656 0
vertex 35.7418327331543 -43.31916809082031 2.200000047683716
endloop
endfacet
facet normal 0.8658188452333325 -0.5003575993615152 0
outer loop
vertex 35.78956604003906 -43.144325256347656 0
vertex 37.19784927368164 -40.70743179321289 0
vertex 35.78956604003906 -43.144325256347656 2.200000047683716
endloop
endfacet
facet normal 0.709858669384187 -0.7043441413826849 0
outer loop
vertex 37.19784927368164 -40.70743179321289 0
vertex 37.325504302978516 -40.57877731323242 0
vertex 37.19784927368164 -40.70743179321289 2.200000047683716
endloop
endfacet
facet normal 0 0 -1
outer loop
vertex 69.24523162841797 40.875125885009766 0
vertex 53.882450103759766 45.3211784362793 0
vertex 69.83495330810547 42.30860137939453 0
endloop
endfacet
facet normal 0 0 -1
outer loop
vertex 69.24523162841797 40.875125885009766 0
vertex 70.81934356689453 22.464488983154297 0
vertex 61.451656341552734 36.424076080322266 0
endloop
endfacet
facet normal 0 0 -1
outer loop
vertex 53.882450103759766 45.3211784362793 0
vertex 64.7158432006836 46.048526763916016 0
vertex 66.37657165527344 45.46747589111328 0
endloop
endfacet
facet normal 0 0 -1
outer loop
vertex -5.32869815826416 -19.798925399780273 0
vertex -4.443864822387695 -16.290424346923828 0
vertex -4.629657745361328 -19.835559844970703 0
endloop
endfacet
facet normal 0 0 -1
outer loop
vertex -7.559556007385254 -3.3609793186187744 0
vertex -5.333576202392578 -33.267127990722656 0
vertex -9.296037673950195 -13.209056854248047 0
endloop
endfacet
facet normal 0 0 -1
outer loop
vertex 9.084667205810547 -27.56390380859375 0
vertex 10.834532737731934 -34.80479049682617 0
vertex 8.898874282836914 -31.109039306640625 0
endloop
endfacet
facet normal 0 0 -1
outer loop
vertex 9.636811256408691 -17.028362274169922 0
vertex -4.443864822387695 -16.290424346923828 0
vertex 9.788585662841797 -14.132336616516113 0
endloop
endfacet
facet normal 0 0 -1
outer loop
vertex 9.451019287109375 -20.573497772216797 0
vertex 9.636811256408691 -17.028362274169922 0
vertex 10.150059700012207 -20.610132217407227 0
endloop
endfacet
facet normal 0 0 -1
outer loop
vertex 11.533573150634766 -34.841426849365234 0
vertex 9.084667205810547 -27.56390380859375 0
vertex 9.783707618713379 -27.60053825378418 0
endloop
endfacet
facet normal 0 0 -1
outer loop
vertex 11.719366073608398 -31.29629135131836 0
vertex 11.533573150634766 -34.841426849365234 0
vertex 9.783707618713379 -27.60053825378418 0
endloop
endfacet
facet normal 0 0 -1
outer loop
vertex 11.719366073608398 -31.29629135131836 0
vertex 9.783707618713379 -27.60053825378418 0
vertex 11.871139526367188 -28.400264739990234 0
endloop
endfacet
facet normal 0 0 -1
outer loop
vertex 11.871139526367188 -28.400264739990234 0
vertex 9.783707618713379 -27.60053825378418 0
vertex 11.357892036437988 -24.81849479675293 0
endloop
endfacet
facet normal 0 0 -1
outer loop
vertex 11.357892036437988 -24.81849479675293 0
vertex 12.05693244934082 -24.855131149291992 0
vertex 11.871139526367188 -28.400264739990234 0
endloop
endfacet
facet normal 0 0 -1
outer loop
vertex 11.357892036437988 -24.81849479675293 0
vertex 9.783707618713379 -27.60053825378418 0
vertex 10.150059700012207 -20.610132217407227 0
endloop
endfacet
facet normal 0 0 -1
outer loop
vertex 11.871139526367188 -28.400264739990234 0
vertex 25.95181655883789 -29.138202667236328 0
vertex 11.719366073608398 -31.29629135131836 0
endloop
endfacet
facet normal 0 0 -1
outer loop
vertex 11.357892036437988 -24.81849479675293 0
vertex 10.150059700012207 -20.610132217407227 0
vertex 11.7242431640625 -17.828088760375977 0
endloop
endfacet
facet normal 0 0 -1
outer loop
vertex 10.150059700012207 -20.610132217407227 0
vertex 9.636811256408691 -17.028362274169922 0
vertex 11.7242431640625 -17.828088760375977 0
endloop
endfacet
facet normal 0 0 -1
outer loop
vertex 11.7242431640625 -17.828088760375977 0
vertex 9.636811256408691 -17.028362274169922 0
vertex 9.788585662841797 -14.132336616516113 0
endloop
endfacet
facet normal 0 0 -1
outer loop
vertex 11.7242431640625 -17.828088760375977 0
vertex 9.788585662841797 -14.132336616516113 0
vertex 12.423284530639648 -17.864723205566406 0
endloop
endfacet
facet normal 0 0 -1
outer loop
vertex -5.69504976272583 -26.789331436157227 0
vertex -5.333576202392578 -33.267127990722656 0
vertex -7.559556007385254 -3.3609793186187744 0
endloop
endfacet
facet normal 0 0 -1
outer loop
vertex -5.333576202392578 -33.267127990722656 0
vertex -10.511574745178223 -20.102710723876953 0
vertex -9.296037673950195 -13.209056854248047 0
endloop
endfacet
facet normal 0 0 -1
outer loop
vertex -5.69504976272583 -26.789331436157227 0
vertex -4.996009349822998 -26.825965881347656 0
vertex -5.181801795959473 -30.37110137939453 0
endloop
endfacet
facet normal 0 0 -1
outer loop
vertex -5.181801795959473 -30.37110137939453 0
vertex -5.333576202392578 -33.267127990722656 0
vertex -5.69504976272583 -26.789331436157227 0
endloop
endfacet
facet normal 0 0 -1
outer loop
vertex -10.511574745178223 -20.102710723876953 0
vertex -11.817391395568848 -23.477224349975586 0
vertex -11.200940132141113 -19.981157302856445 0
endloop
endfacet
facet normal 0 0 -1
outer loop
vertex -5.333576202392578 -33.267127990722656 0
vertex -11.817391395568848 -23.477224349975586 0
vertex -10.511574745178223 -20.102710723876953 0
endloop
endfacet
facet normal 0 0 -1
outer loop
vertex -5.333576202392578 -33.267127990722656 0
vertex -12.320971488952637 -26.333168029785156 0
vertex -11.817391395568848 -23.477224349975586 0
endloop
endfacet
facet normal 0 0 -1
outer loop
vertex -5.333576202392578 -33.267127990722656 0
vertex -12.24805736541748 -29.950788497924805 0
vertex -12.320971488952637 -26.333168029785156 0
endloop
endfacet
facet normal 0 0 -1
outer loop
vertex 9.788585662841797 -14.132336616516113 0
vertex -4.443864822387695 -16.290424346923828 0
vertex -4.29209041595459 -13.394399642944336 0
endloop
endfacet
facet normal 0 0 -1
outer loop
vertex 9.788585662841797 -14.132336616516113 0
vertex 9.97437858581543 -10.587201118469238 0
vertex 12.423284530639648 -17.864723205566406 0
endloop
endfacet
facet normal 0 0 -1
outer loop
vertex 12.423284530639648 -17.864723205566406 0
vertex 10.673418998718262 -10.623836517333984 0
vertex 12.609076499938965 -14.319589614868164 0
endloop
endfacet
facet normal 0 0 -1
outer loop
vertex 10.673418998718262 -10.623836517333984 0
vertex 12.423284530639648 -17.864723205566406 0
vertex 9.97437858581543 -10.587201118469238 0
endloop
endfacet
facet normal 0 0 -1
outer loop
vertex 10.673418998718262 -10.623836517333984 0
vertex 12.76085090637207 -11.423563957214355 0
vertex 12.609076499938965 -14.319589614868164 0
endloop
endfacet
facet normal 0 0 -1
outer loop
vertex 12.76085090637207 -11.423563957214355 0
vertex 10.673418998718262 -10.623836517333984 0
vertex 11.03977108001709 -3.633430004119873 0
endloop
endfacet
facet normal 0 0 -1
outer loop
vertex 12.247603416442871 -7.841793537139893 0
vertex 12.946643829345703 -7.878428936004639 0
vertex 12.76085090637207 -11.423563957214355 0
endloop
endfacet
facet normal 0 0 -1
outer loop
vertex 12.76085090637207 -11.423563957214355 0
vertex 26.841527938842773 -12.161500930786133 0
vertex 12.609076499938965 -14.319589614868164 0
endloop
endfacet
facet normal 0 0 -1
outer loop
vertex 12.247603416442871 -7.841793537139893 0
vertex 12.76085090637207 -11.423563957214355 0
vertex 11.03977108001709 -3.633430004119873 0
endloop
endfacet
facet normal 0 0 -1
outer loop
vertex 12.247603416442871 -7.841793537139893 0
vertex 11.03977108001709 -3.633430004119873 0
vertex 12.613954544067383 -0.8513868451118469 0
endloop
endfacet
facet normal 0 0 -1
outer loop
vertex 10.340729713439941 -3.596794843673706 0
vertex 10.526522636413574 -0.051659926772117615 0
vertex 11.03977108001709 -3.633430004119873 0
endloop
endfacet
facet normal 0 0 -1
outer loop
vertex 12.613954544067383 -0.8513868451118469 0
vertex 11.03977108001709 -3.633430004119873 0
vertex 10.526522636413574 -0.051659926772117615 0
endloop
endfacet
facet normal 0 0 -1
outer loop
vertex -12.937422752380371 -29.829235076904297 0
vertex -12.320971488952637 -26.333168029785156 0
vertex -12.24805736541748 -29.950788497924805 0
endloop
endfacet
facet normal 0 0 -1
outer loop
vertex -26.20676040649414 -23.884727478027344 0
vertex -11.817391395568848 -23.477224349975586 0
vertex -12.320971488952637 -26.333168029785156 0
endloop
endfacet
facet normal 0 0 -1
outer loop
vertex -22.82407569885254 -0.6694324612617493 0
vertex -22.13471031188965 -0.790986180305481 0
vertex -22.751161575317383 -4.28705358505249 0
endloop
endfacet
facet normal 0 0 -1
outer loop
vertex -22.82407569885254 -0.6694324612617493 0
vertex -24.930763244628906 -3.9788882732391357 0
vertex -25.003677368164062 -0.3612670302391052 0
endloop
endfacet
facet normal 0 0 -1
outer loop
vertex -22.751161575317383 -4.28705358505249 0
vertex -24.930763244628906 -3.9788882732391357 0
vertex -22.82407569885254 -0.6694324612617493 0
endloop
endfacet
facet normal 0 0 -1
outer loop
vertex -24.930763244628906 -3.9788882732391357 0
vertex -25.620128631591797 -3.857334613800049 0
vertex -25.003677368164062 -0.3612670302391052 0
endloop
endfacet
facet normal 0 0 -1
outer loop
vertex -23.254741668701172 -7.142996311187744 0
vertex -24.930763244628906 -3.9788882732391357 0
vertex -22.751161575317383 -4.28705358505249 0
endloop
endfacet
facet normal 0 0 -1
outer loop
vertex -23.254741668701172 -7.142996311187744 0
vertex -26.146299362182617 -10.872542381286621 0
vertex -24.930763244628906 -3.9788882732391357 0
endloop
endfacet
facet normal 0 0 -1
outer loop
vertex 25.95181655883789 -29.138202667236328 0
vertex 25.80004119873047 -32.03422927856445 0
vertex 11.719366073608398 -31.29629135131836 0
endloop
endfacet
facet normal 0 0 -1
outer loop
vertex 26.50396156311035 -18.6026611328125 0
vertex 26.68975257873535 -15.057526588439941 0
vertex 27.203001022338867 -18.63929557800293 0
endloop
endfacet
facet normal 0 0 -1
outer loop
vertex 37.19784927368164 -40.70743179321289 0
vertex 26.137609481811523 -25.593067169189453 0
vertex 26.83664894104004 -25.629703521728516 0
endloop
endfacet
facet normal 0 0 -1
outer loop
vertex 27.203001022338867 -18.63929557800293 0
vertex 37.19784927368164 -40.70743179321289 0
vertex 26.83664894104004 -25.629703521728516 0
endloop
endfacet
facet normal 0 0 -1
outer loop
vertex 37.325504302978516 -40.57877731323242 0
vertex 27.203001022338867 -18.63929557800293 0
vertex 35.40301513671875 -22.67108917236328 0
endloop
endfacet
facet normal 0 0 -1
outer loop
vertex 35.40301513671875 -22.67108917236328 0
vertex 27.203001022338867 -18.63929557800293 0
vertex 34.39627456665039 -19.195606231689453 0
endloop
endfacet
facet normal 0 0 -1
outer loop
vertex 34.39627456665039 -19.195606231689453 0
vertex 27.203001022338867 -18.63929557800293 0
vertex 33.78618621826172 -12.222243309020996 0
endloop
endfacet
facet normal 0 0 -1
outer loop
vertex 34.39627456665039 -19.195606231689453 0
vertex 35.09361267089844 -19.134597778320312 0
vertex 35.40301513671875 -22.67108917236328 0
endloop
endfacet
facet normal 0 0 -1
outer loop
vertex -24.560558319091797 -10.517510414123535 0
vertex -23.254741668701172 -7.142996311187744 0
vertex -23.871192932128906 -10.639063835144043 0
endloop
endfacet
facet normal 0 0 -1
outer loop
vertex -24.560558319091797 -10.517510414123535 0
vertex -26.146299362182617 -10.872542381286621 0
vertex -23.254741668701172 -7.142996311187744 0
endloop
endfacet
facet normal 0 0 -1
outer loop
vertex -24.560558319091797 -10.517510414123535 0
vertex -27.452116012573242 -14.247056007385254 0
vertex -26.146299362182617 -10.872542381286621 0
endloop
endfacet
facet normal 0 0 -1
outer loop
vertex -27.452116012573242 -14.247056007385254 0
vertex -26.835664749145508 -10.750988960266113 0
vertex -26.146299362182617 -10.872542381286621 0
endloop
endfacet
facet normal 0 0 -1
outer loop
vertex -25.776094436645508 -17.411163330078125 0
vertex -27.452116012573242 -14.247056007385254 0
vertex -24.560558319091797 -10.517510414123535 0
endloop
endfacet
facet normal 0 0 -1
outer loop
vertex -27.452116012573242 -14.247056007385254 0
vertex -27.95569610595703 -17.102998733520508 0
vertex -41.84148406982422 -14.654559135437012 0
endloop
endfacet
facet normal 0 0 -1
outer loop
vertex 12.609076499938965 -14.319589614868164 0
vertex 26.841527938842773 -12.161500930786133 0
vertex 26.68975257873535 -15.057526588439941 0
endloop
endfacet
facet normal 0 0 -1
outer loop
vertex 26.841527938842773 -12.161500930786133 0
vertex 27.027320861816406 -8.616365432739258 0
vertex 27.726360321044922 -8.653000831604004 0
endloop
endfacet
facet normal 0 0 -1
outer loop
vertex 27.3936710357666 -1.625959038734436 0
vertex 27.579463958740234 1.9191758632659912 0
vertex 28.09271240234375 -1.662594199180603 0
endloop
endfacet
facet normal 0 0 -1
outer loop
vertex 33.78618621826172 -12.222243309020996 0
vertex 27.203001022338867 -18.63929557800293 0
vertex 26.68975257873535 -15.057526588439941 0
endloop
endfacet
facet normal 0 0 -1
outer loop
vertex 33.78618621826172 -12.222243309020996 0
vertex 26.68975257873535 -15.057526588439941 0
vertex 26.841527938842773 -12.161500930786133 0
endloop
endfacet
facet normal 0 0 -1
outer loop
vertex 33.78618621826172 -12.222243309020996 0
vertex 26.841527938842773 -12.161500930786133 0
vertex 27.726360321044922 -8.653000831604004 0
endloop
endfacet
facet normal 0 0 -1
outer loop
vertex 33.78618621826172 -12.222243309020996 0
vertex 27.726360321044922 -8.653000831604004 0
vertex 34.17411804199219 -8.624743461608887 0
endloop
endfacet
facet normal 0 0 -1
outer loop
vertex 33.78618621826172 -12.222243309020996 0
vertex 34.17411804199219 -8.624743461608887 0
vertex 34.4835205078125 -12.161234855651855 0
endloop
endfacet
facet normal 0 0 -1
outer loop
vertex 27.726360321044922 -8.653000831604004 0
vertex 28.09271240234375 -1.662594199180603 0
vertex 32.91462707519531 -2.260296583175659 0
endloop
endfacet
facet normal 0 0 -1
outer loop
vertex 34.17411804199219 -8.624743461608887 0
vertex 27.726360321044922 -8.653000831604004 0
vertex 33.92136764526367 -5.73577880859375 0
endloop
endfacet
facet normal 0 0 -1
outer loop
vertex 33.92136764526367 -5.73577880859375 0
vertex 27.726360321044922 -8.653000831604004 0
vertex 32.91462707519531 -2.260296583175659 0
endloop
endfacet
facet normal 0 0 -1
outer loop
vertex 32.91462707519531 -2.260296583175659 0
vertex 28.09271240234375 -1.662594199180603 0
vertex 27.579463958740234 1.9191758632659912 0
endloop
endfacet
facet normal 0 0 -1
outer loop
vertex 33.92136764526367 -5.73577880859375 0
vertex 32.91462707519531 -2.260296583175659 0
vertex 33.61196517944336 -2.1992876529693604 0
endloop
endfacet
facet normal 0 0 -1
outer loop
vertex -41.84148406982422 -14.654559135437012 0
vertex -41.33790588378906 -11.798617362976074 0
vertex -27.452116012573242 -14.247056007385254 0
endloop
endfacet
facet normal 0 0 -1
outer loop
vertex -26.20676040649414 -23.884727478027344 0
vertex -25.70318031311035 -21.028785705566406 0
vertex -11.817391395568848 -23.477224349975586 0
endloop
endfacet
facet normal 0 0 -1
outer loop
vertex -25.776094436645508 -17.411163330078125 0
vertex -25.086729049682617 -17.532718658447266 0
vertex -25.70318031311035 -21.028785705566406 0
endloop
endfacet
facet normal 0 0 -1
outer loop
vertex -25.776094436645508 -17.411163330078125 0
vertex -27.95569610595703 -17.102998733520508 0
vertex -27.452116012573242 -14.247056007385254 0
endloop
endfacet
facet normal 0 0 -1
outer loop
vertex -25.776094436645508 -17.411163330078125 0
vertex -27.882781982421875 -20.720619201660156 0
vertex -27.95569610595703 -17.102998733520508 0
endloop
endfacet
facet normal 0 0 -1
outer loop
vertex -25.70318031311035 -21.028785705566406 0
vertex -27.882781982421875 -20.720619201660156 0
vertex -25.776094436645508 -17.411163330078125 0
endloop
endfacet
facet normal 0 0 -1
outer loop
vertex -26.20676040649414 -23.884727478027344 0
vertex -27.882781982421875 -20.720619201660156 0
vertex -25.70318031311035 -21.028785705566406 0
endloop
endfacet
facet normal 0 0 -1
outer loop
vertex -26.20676040649414 -23.884727478027344 0
vertex -29.098318099975586 -27.614274978637695 0
vertex -27.882781982421875 -20.720619201660156 0
endloop
endfacet
facet normal 0 0 -1
outer loop
vertex -27.512577056884766 -27.259241104125977 0
vertex -26.20676040649414 -23.884727478027344 0
vertex -26.823211669921875 -27.380796432495117 0
endloop
endfacet
facet normal 0 0 -1
outer loop
vertex -27.512577056884766 -27.259241104125977 0
vertex -29.098318099975586 -27.614274978637695 0
vertex -26.20676040649414 -23.884727478027344 0
endloop
endfacet
facet normal 0 0 -1
outer loop
vertex -28.572147369384766 -20.59906578063965 0
vertex -27.95569610595703 -17.102998733520508 0
vertex -27.882781982421875 -20.720619201660156 0
endloop
endfacet
facet normal 0 0 -1
outer loop
vertex -27.512577056884766 -27.259241104125977 0
vertex -30.40413475036621 -30.988788604736328 0
vertex -29.098318099975586 -27.614274978637695 0
endloop
endfacet
facet normal 0 0 -1
outer loop
vertex -30.40413475036621 -30.988788604736328 0
vertex -29.787683486938477 -27.492721557617188 0
vertex -29.098318099975586 -27.614274978637695 0
endloop
endfacet
facet normal 0 0 -1
outer loop
vertex -28.72811508178711 -34.152896881103516 0
vertex -30.40413475036621 -30.988788604736328 0
vertex -27.512577056884766 -27.259241104125977 0
endloop
endfacet
facet normal 0 0 -1
outer loop
vertex -28.72811508178711 -34.152896881103516 0
vertex -44.28992462158203 -28.540348052978516 0
vertex -30.40413475036621 -30.988788604736328 0
endloop
endfacet
facet normal 0 -1 0
outer loop
vertex -42.194801330566406 -63.047401428222656 0
vertex 14.603991508483887 -63.047401428222656 0
vertex -42.194801330566406 -63.047401428222656 2.200000047683716
endloop
endfacet
facet normal 0 0 -1
outer loop
vertex -5.333576202392578 -33.267127990722656 0
vertex -5.181801795959473 -30.37110137939453 0
vertex 8.898874282836914 -31.109039306640625 0
endloop
endfacet
facet normal 0 0 -1
outer loop
vertex -6.218409538269043 -36.77562713623047 0
vertex -5.333576202392578 -33.267127990722656 0
vertex -5.519368648529053 -36.81226348876953 0
endloop
endfacet
facet normal 0 0 -1
outer loop
vertex -6.539279460906982 -40.47165298461914 0
vertex -6.218409538269043 -36.77562713623047 0
vertex -6.410770416259766 -40.44609069824219 0
endloop
endfacet
facet normal 0 0 -1
outer loop
vertex -6.685269832611084 -40.5692024230957 0
vertex -6.218409538269043 -36.77562713623047 0
vertex -6.539279460906982 -40.47165298461914 0
endloop
endfacet
facet normal 0 0 -1
outer loop
vertex -6.218409538269043 -36.77562713623047 0
vertex -13.463594436645508 -36.844444274902344 0
vertex -5.333576202392578 -33.267127990722656 0
endloop
endfacet
facet normal 0 0 -1
outer loop
vertex -6.685269832611084 -40.5692024230957 0
vertex -13.463594436645508 -36.844444274902344 0
vertex -6.218409538269043 -36.77562713623047 0
endloop
endfacet
facet normal 0 0 -1
outer loop
vertex -6.782817840576172 -40.71519088745117 0
vertex -13.463594436645508 -36.844444274902344 0
vertex -6.685269832611084 -40.5692024230957 0
endloop
endfacet
facet normal 0 0 -1
outer loop
vertex -6.539279460906982 -41.30314636230469 0
vertex -6.478029251098633 -41.729469299316406 0
vertex -6.685269832611084 -41.205596923828125 0
endloop
endfacet
facet normal 0 0 -1
outer loop
vertex -6.478029251098633 -41.729469299316406 0
vertex -6.539279460906982 -41.30314636230469 0
vertex -6.456549167633057 -41.319602966308594 0
endloop
endfacet
facet normal 0 0 -1
outer loop
vertex -6.685269832611084 -41.839202880859375 0
vertex -6.685269832611084 -41.205596923828125 0
vertex -6.478029251098633 -41.729469299316406 0
endloop
endfacet
facet normal 0 0 -1
outer loop
vertex -6.522420406341553 -42.576499938964844 0
vertex -6.545441627502441 -43.015769958496094 0
vertex -6.685269832611084 -42.4755973815918 0
endloop
endfacet
facet normal 0 0 -1
outer loop
vertex -6.685269832611084 -43.10920333862305 0
vertex -6.685269832611084 -42.4755973815918 0
vertex -6.545441627502441 -43.015769958496094 0
endloop
endfacet
facet normal 0 0 -1
outer loop
vertex -6.817071914672852 -40.88740158081055 0
vertex -13.463594436645508 -36.844444274902344 0
vertex -6.782817840576172 -40.71519088745117 0
endloop
endfacet
facet normal 0 0 -1
outer loop
vertex -6.782817840576172 -41.059608459472656 0
vertex -13.463594436645508 -36.844444274902344 0
vertex -6.817071914672852 -40.88740158081055 0
endloop
endfacet
facet normal 0 0 -1
outer loop
vertex -6.685269832611084 -41.205596923828125 0
vertex -13.463594436645508 -36.844444274902344 0
vertex -6.782817840576172 -41.059608459472656 0
endloop
endfacet
facet normal 0 0 -1
outer loop
vertex -6.685269832611084 -41.839202880859375 0
vertex -13.463594436645508 -36.844444274902344 0
vertex -6.685269832611084 -41.205596923828125 0
endloop
endfacet
facet normal 0 0 -1
outer loop
vertex -6.782817840576172 -41.985191345214844 0
vertex -13.463594436645508 -36.844444274902344 0
vertex -6.685269832611084 -41.839202880859375 0
endloop
endfacet
facet normal 0 0 -1
outer loop
vertex -5.885720729827881 -43.802669525146484 0
vertex -6.194864273071289 -44.281654357910156 0
vertex -6.116208076477051 -43.79058837890625 0
endloop
endfacet
facet normal 0 0 -1
outer loop
vertex -5.885720729827881 -43.802669525146484 0
vertex -5.929370880126953 -44.63557052612305 0
vertex -6.0488739013671875 -44.37920379638672 0
endloop
endfacet
facet normal 0 0 -1
outer loop
vertex -6.0488739013671875 -44.37920379638672 0
vertex -6.194864273071289 -44.281654357910156 0
vertex -5.885720729827881 -43.802669525146484 0
endloop
endfacet
facet normal 0 0 -1
outer loop
vertex -6.367072105407715 -43.87739944458008 0
vertex -6.116208076477051 -43.79058837890625 0
vertex -6.194864273071289 -44.281654357910156 0
endloop
endfacet
facet normal 0 0 -1
outer loop
vertex -6.367072105407715 -44.247398376464844 0
vertex -6.539279460906982 -43.84314727783203 0
vertex -6.367072105407715 -43.87739944458008 0
endloop
endfacet
facet normal 0 0 -1
outer loop
vertex -6.367072105407715 -44.247398376464844 0
vertex -6.367072105407715 -43.87739944458008 0
vertex -6.194864273071289 -44.281654357910156 0
endloop
endfacet
facet normal 0 0 -1
outer loop
vertex -6.539279460906982 -43.84314727783203 0
vertex -6.539279460906982 -44.281654357910156 0
vertex -6.685269832611084 -43.74559783935547 0
endloop
endfacet
facet normal 0 0 -1
outer loop
vertex -6.539279460906982 -43.84314727783203 0
vertex -6.367072105407715 -44.247398376464844 0
vertex -6.539279460906982 -44.281654357910156 0
endloop
endfacet
facet normal 0 0 -1
outer loop
vertex -6.685269832611084 -44.37920379638672 0
vertex -6.685269832611084 -43.74559783935547 0
vertex -6.539279460906982 -44.281654357910156 0
endloop
endfacet
facet normal 0 0 -1
outer loop
vertex -6.0488739013671875 -45.01559829711914 0
vertex -5.951326370239258 -44.869606018066406 0
vertex -5.987320899963379 -45.7413215637207 0
endloop
endfacet
facet normal 0 0 -1
outer loop
vertex -6.0488739013671875 -45.01559829711914 0
vertex -5.987320899963379 -45.7413215637207 0
vertex -6.194864273071289 -45.11314392089844 0
endloop
endfacet
facet normal 0 0 -1
outer loop
vertex -6.367072105407715 -45.14739990234375 0
vertex -6.367072105407715 -45.517398834228516 0
vertex -6.539279460906982 -45.11314392089844 0
endloop
endfacet
facet normal 0 0 -1
outer loop
vertex -6.194864273071289 -45.11314392089844 0
vertex -6.367072105407715 -45.517398834228516 0
vertex -6.367072105407715 -45.14739990234375 0
endloop
endfacet
facet normal 0 0 -1
outer loop
vertex -6.539279460906982 -45.11314392089844 0
vertex -6.539279460906982 -45.55165481567383 0
vertex -6.685269832611084 -45.01559829711914 0
endloop
endfacet
facet normal 0 0 -1
outer loop
vertex -6.194864273071289 -45.55165481567383 0
vertex -6.194864273071289 -45.11314392089844 0
vertex -5.987320899963379 -45.7413215637207 0
endloop
endfacet
facet normal 0 0 -1
outer loop
vertex -6.367072105407715 -45.517398834228516 0
vertex -6.194864273071289 -45.11314392089844 0
vertex -6.194864273071289 -45.55165481567383 0
endloop
endfacet
facet normal 0 0 -1
outer loop
vertex -6.539279460906982 -45.55165481567383 0
vertex -6.539279460906982 -45.11314392089844 0
vertex -6.367072105407715 -45.517398834228516 0
endloop
endfacet
facet normal 0 0 -1
outer loop
vertex -6.685269832611084 -45.649200439453125 0
vertex -6.685269832611084 -45.01559829711914 0
vertex -6.539279460906982 -45.55165481567383 0
endloop
endfacet
facet normal 0 0 -1
outer loop
vertex -6.049045085906982 -46.91908645629883 0
vertex -6.194864273071289 -46.38314437866211 0
vertex -6.013034343719482 -46.23196029663086 0
endloop
endfacet
facet normal 0 0 -1
outer loop
vertex -6.194864273071289 -46.38314437866211 0
vertex -6.049045085906982 -46.91908645629883 0
vertex -6.194864273071289 -46.8216552734375 0
endloop
endfacet
facet normal 0.5070973349494593 -0.8618887938053005 0
outer loop
vertex 37.325504302978516 -40.57877731323242 0
vertex 70.51461791992188 -21.051767349243164 0
vertex 37.325504302978516 -40.57877731323242 2.200000047683716
endloop
endfacet
facet normal 0 0 -1
outer loop
vertex 37.325504302978516 -40.57877731323242 0
vertex 35.40301513671875 -22.67108917236328 0
vertex 49.44935989379883 -21.44219207763672 0
endloop
endfacet
facet normal 0 0 -1
outer loop
vertex 70.51461791992188 -21.051767349243164 0
vertex 37.325504302978516 -40.57877731323242 0
vertex 49.44935989379883 -21.44219207763672 0
endloop
endfacet
facet normal 0 0 -1
outer loop
vertex 49.44935989379883 -21.44219207763672 0
vertex 49.139957427978516 -17.90570068359375 0
vertex 49.8372917175293 -17.84469223022461 0
endloop
endfacet
facet normal 0 0 -1
outer loop
vertex 70.51461791992188 -21.051767349243164 0
vertex 49.44935989379883 -21.44219207763672 0
vertex 49.8372917175293 -17.84469223022461 0
endloop
endfacet
facet normal 0 0 -1
outer loop
vertex -6.367072105407715 -46.41740036010742 0
vertex -6.194864273071289 -46.38314437866211 0
vertex -6.194864273071289 -46.8216552734375 0
endloop
endfacet
facet normal 0 0 -1
outer loop
vertex 33.92136764526367 -5.73577880859375 0
vertex 47.96771240234375 -4.506882667541504 0
vertex 34.17411804199219 -8.624743461608887 0
endloop
endfacet
facet normal 0 0 -1
outer loop
vertex 34.17411804199219 -8.624743461608887 0
vertex 47.96771240234375 -4.506882667541504 0
vertex 48.220462799072266 -7.395847320556641 0
endloop
endfacet
facet normal 0 0 -1
outer loop
vertex 49.8372917175293 -17.84469223022461 0
vertex 49.227203369140625 -10.871329307556152 0
vertex 51.59749984741211 -12.721786499023438 0
endloop
endfacet
facet normal 0 0 -1
outer loop
vertex 48.52986526489258 -10.93233871459961 0
vertex 48.220462799072266 -7.395847320556641 0
vertex 49.227203369140625 -10.871329307556152 0
endloop
endfacet
facet normal 0 0 -1
outer loop
vertex 49.227203369140625 -10.871329307556152 0
vertex 48.220462799072266 -7.395847320556641 0
vertex 50.590763092041016 -9.24630355834961 0
endloop
endfacet
facet normal 0 0 -1
outer loop
vertex 51.59749984741211 -12.721786499023438 0
vertex 49.227203369140625 -10.871329307556152 0
vertex 50.590763092041016 -9.24630355834961 0
endloop
endfacet
facet normal 0 0 -1
outer loop
vertex 50.590763092041016 -9.24630355834961 0
vertex 51.2880973815918 -9.185295104980469 0
vertex 51.59749984741211 -12.721786499023438 0
endloop
endfacet
facet normal 0 0 -1
outer loop
vertex 51.59749984741211 -12.721786499023438 0
vertex 65.64384460449219 -11.492890357971191 0
vertex 49.8372917175293 -17.84469223022461 0
endloop
endfacet
facet normal 0 0 -1
outer loop
vertex 50.590763092041016 -9.24630355834961 0
vertex 48.220462799072266 -7.395847320556641 0
vertex 47.96771240234375 -4.506882667541504 0
endloop
endfacet
facet normal 0 0 -1
outer loop
vertex 47.96771240234375 -4.506882667541504 0
vertex 47.65830993652344 -0.970391571521759 0
vertex 50.590763092041016 -9.24630355834961 0
endloop
endfacet
facet normal 0 0 -1
outer loop
vertex 50.590763092041016 -9.24630355834961 0
vertex 47.65830993652344 -0.970391571521759 0
vertex 49.98067092895508 -2.2729411125183105 0
endloop
endfacet
facet normal 0 0 -1
outer loop
vertex 49.98067092895508 -2.2729411125183105 0
vertex 47.65830993652344 -0.970391571521759 0
vertex 48.35564422607422 -0.9093825817108154 0
endloop
endfacet
facet normal 0 0 -1
outer loop
vertex -6.367072105407715 -46.78739929199219 0
vertex -6.539279460906982 -46.38314437866211 0
vertex -6.367072105407715 -46.41740036010742 0
endloop
endfacet
facet normal 0 0 -1
outer loop
vertex -6.194864273071289 -46.8216552734375 0
vertex -6.367072105407715 -46.78739929199219 0
vertex -6.367072105407715 -46.41740036010742 0
endloop
endfacet
facet normal 0 0 -1
outer loop
vertex -6.539279460906982 -46.38314437866211 0
vertex -6.539279460906982 -46.8216552734375 0
vertex -6.685269832611084 -46.28559875488281 0
endloop
endfacet
facet normal 0 0 -1
outer loop
vertex -6.539279460906982 -46.38314437866211 0
vertex -6.367072105407715 -46.78739929199219 0
vertex -6.539279460906982 -46.8216552734375 0
endloop
endfacet
facet normal 0 0 -1
outer loop
vertex -6.685269832611084 -46.9192008972168 0
vertex -6.685269832611084 -46.28559875488281 0
vertex -6.539279460906982 -46.8216552734375 0
endloop
endfacet
facet normal 0 0 -1
outer loop
vertex -13.463594436645508 -36.844444274902344 0
vertex -12.24805736541748 -29.950788497924805 0
vertex -5.333576202392578 -33.267127990722656 0
endloop
endfacet
facet normal 0 0 -1
outer loop
vertex -13.463594436645508 -36.844444274902344 0
vertex -14.769410133361816 -40.218955993652344 0
vertex -14.152959823608398 -36.7228889465332 0
endloop
endfacet
facet normal 0 0 -1
outer loop
vertex -6.817071914672852 -42.15739822387695 0
vertex -14.769410133361816 -40.218955993652344 0
vertex -6.782817840576172 -41.985191345214844 0
endloop
endfacet
facet normal 0 0 -1
outer loop
vertex 70.51461791992188 -21.051767349243164 0
vertex 49.8372917175293 -17.84469223022461 0
vertex 65.64384460449219 -11.492890357971191 0
endloop
endfacet
facet normal 0 0 -1
outer loop
vertex 70.51461791992188 -21.051767349243164 0
vertex 65.64384460449219 -11.492890357971191 0
vertex 71.06055450439453 -20.59469985961914 0
endloop
endfacet
facet normal 0 0 -1
outer loop
vertex 71.06055450439453 -20.59469985961914 0
vertex 65.64384460449219 -11.492890357971191 0
vertex 74.76500701904297 -16.272321701049805 0
endloop
endfacet
facet normal 0 0 -1
outer loop
vertex 65.64384460449219 -11.492890357971191 0
vertex 65.33444213867188 -7.956398963928223 0
vertex 74.76500701904297 -16.272321701049805 0
endloop
endfacet
facet normal 0 0 -1
outer loop
vertex 65.33444213867188 -7.956398963928223 0
vertex 66.03177642822266 -7.895390033721924 0
vertex 74.01203918457031 -14.877077102661133 0
endloop
endfacet
facet normal 0 0 -1
outer loop
vertex 74.01203918457031 -14.877077102661133 0
vertex 66.03177642822266 -7.895390033721924 0
vertex 65.42169189453125 -0.9220269918441772 0
endloop
endfacet
facet normal 0 0 -1
outer loop
vertex 74.76500701904297 -16.272321701049805 0
vertex 65.33444213867188 -7.956398963928223 0
vertex 74.01203918457031 -14.877077102661133 0
endloop
endfacet
facet normal 0 0 -1
outer loop
vertex 74.01203918457031 -14.877077102661133 0
vertex 75.24851989746094 -14.771358489990234 0
vertex 74.76500701904297 -16.272321701049805 0
endloop
endfacet
facet normal 0 0 -1
outer loop
vertex 9.257966041564941 16.237600326538086 0
vertex -7.042034149169922 29.687599182128906 0
vertex 9.257966041564941 23.237600326538086 0
endloop
endfacet
facet normal 0.9518324583209511 -0.30661860883954 0
outer loop
vertex 74.76500701904297 -16.272321701049805 0
vertex 75.24851989746094 -14.771358489990234 0
vertex 75.24851989746094 -14.771358489990234 0.20000000298023224
endloop
endfacet
facet normal 0 0 -1
outer loop
vertex 9.957965850830078 12.687600135803223 0
vertex -7.042034149169922 29.687599182128906 0
vertex 9.257966041564941 16.237600326538086 0
endloop
endfacet
facet normal 0 0 -1
outer loop
vertex -6.685269832611084 -51.999202728271484 0
vertex -23.048582077026367 -51.365596771240234 0
vertex -6.685269832611084 -51.365596771240234 0
endloop
endfacet
facet normal 0 0 -1
outer loop
vertex 9.957965850830078 12.687600135803223 0
vertex 24.057966232299805 12.687600135803223 0
vertex 13.498787879943848 2.6571128368377686 0
endloop
endfacet
facet normal 0 0 -1
outer loop
vertex 13.498787879943848 2.6571128368377686 0
vertex 12.613954544067383 -0.8513868451118469 0
vertex 9.957965850830078 12.687600135803223 0
endloop
endfacet
facet normal 0 0 -1
outer loop
vertex 13.312995910644531 -0.8880220055580139 0
vertex 12.613954544067383 -0.8513868451118469 0
vertex 13.498787879943848 2.6571128368377686 0
endloop
endfacet
facet normal 0 0 -1
outer loop
vertex 9.257966041564941 16.237600326538086 0
vertex 9.957965850830078 16.237600326538086 0
vertex 9.957965850830078 12.687600135803223 0
endloop
endfacet
facet normal 0 0 -1
outer loop
vertex 74.01203918457031 -14.877077102661133 0
vertex 65.42169189453125 -0.9220269918441772 0
vertex 64.41494750976562 2.553455114364624 0
endloop
endfacet
facet normal 0 0 -1
outer loop
vertex 74.01203918457031 -14.877077102661133 0
vertex 64.41494750976562 2.553455114364624 0
vertex 64.16220092773438 5.44242000579834 0
endloop
endfacet
facet normal 0 0 -1
outer loop
vertex 64.16220092773438 5.44242000579834 0
vertex 64.55013275146484 9.03991985321045 0
vertex 74.01203918457031 -14.877077102661133 0
endloop
endfacet
facet normal 0 0 -1
outer loop
vertex 64.55013275146484 9.03991985321045 0
vertex 72.39344787597656 4.053853988647461 0
vertex 74.01203918457031 -14.877077102661133 0
endloop
endfacet
facet normal 0 0 -1
outer loop
vertex 12.613954544067383 -0.8513868451118469 0
vertex -7.042034149169922 29.687599182128906 0
vertex 9.957965850830078 12.687600135803223 0
endloop
endfacet
facet normal 0 0 -1
outer loop
vertex 12.613954544067383 -0.8513868451118469 0
vertex 10.526522636413574 -0.051659926772117615 0
vertex -7.042034149169922 29.687599182128906 0
endloop
endfacet
facet normal 0 0 -1
outer loop
vertex -6.782817840576172 -42.32960891723633 0
vertex -14.769410133361816 -40.218955993652344 0
vertex -6.817071914672852 -42.15739822387695 0
endloop
endfacet
facet normal 0 0 -1
outer loop
vertex -6.685269832611084 -42.4755973815918 0
vertex -14.769410133361816 -40.218955993652344 0
vertex -6.782817840576172 -42.32960891723633 0
endloop
endfacet
facet normal 0 0 -1
outer loop
vertex -6.685269832611084 -43.10920333862305 0
vertex -14.769410133361816 -40.218955993652344 0
vertex -6.685269832611084 -42.4755973815918 0
endloop
endfacet
facet normal 0.9518286676971142 -0.3066303757782921 0
outer loop
vertex 75.24851989746094 -14.771358489990234 0.20000000298023224
vertex 75.29532623291016 -14.62606430053711 0.20000000298023224
vertex 75.29532623291016 -14.62606430053711 1.7000000476837158
endloop
endfacet
facet normal 0.9963648659374446 0.08518834383563297 0
outer loop
vertex 75.29532623291016 -14.62606430053711 1.7000000476837158
vertex 75.29532623291016 -14.62606430053711 0.20000000298023224
vertex 75.26472473144531 -14.268148422241211 0.20000000298023224
endloop
endfacet
facet normal 0.08518980660105104 -0.9963647408711709 0
outer loop
vertex 75.96217346191406 -14.208516120910645 0.20000000298023224
vertex 75.26472473144531 -14.268148422241211 1.7000000476837158
vertex 75.26472473144531 -14.268148422241211 0.20000000298023224
endloop
endfacet
facet normal 0.9963648336603688 0.08518872131114293 -0.000002513576155551856
outer loop
vertex 75.96217346191406 -14.208516120910645 0.20000000298023224
vertex 74.56817626953125 2.095634937286377 0.20000000298023224
vertex 75.61367797851562 -10.132478713989258 1.7000000476837158
endloop
endfacet
facet normal 0 0 -1
outer loop
vertex -6.782817840576172 -43.255191802978516 0
vertex -14.769410133361816 -40.218955993652344 0
vertex -6.685269832611084 -43.10920333862305 0
endloop
endfacet
facet normal 0 0 -1
outer loop
vertex -6.817071914672852 -43.427398681640625 0
vertex -14.769410133361816 -40.218955993652344 0
vertex -6.782817840576172 -43.255191802978516 0
endloop
endfacet
facet normal 0 0 -1
outer loop
vertex -6.685269832611084 -44.37920379638672 0
vertex -14.769410133361816 -40.218955993652344 0
vertex -6.685269832611084 -43.74559783935547 0
endloop
endfacet
facet normal 0 0 -1
outer loop
vertex -6.782817840576172 -43.599609375 0
vertex -14.769410133361816 -40.218955993652344 0
vertex -6.817071914672852 -43.427398681640625 0
endloop
endfacet
facet normal 0 0 -1
outer loop
vertex -6.782817840576172 -43.599609375 0
vertex -6.685269832611084 -43.74559783935547 0
vertex -14.769410133361816 -40.218955993652344 0
endloop
endfacet
facet normal 0 0 -1
outer loop
vertex -6.782817840576172 -44.52519226074219 0
vertex -14.769410133361816 -40.218955993652344 0
vertex -6.685269832611084 -44.37920379638672 0
endloop
endfacet
facet normal 0 0 -1
outer loop
vertex -6.817071914672852 -44.6973991394043 0
vertex -14.769410133361816 -40.218955993652344 0
vertex -6.782817840576172 -44.52519226074219 0
endloop
endfacet
facet normal 0 0 -1
outer loop
vertex -6.782817840576172 -44.869606018066406 0
vertex -14.769410133361816 -40.218955993652344 0
vertex -6.817071914672852 -44.6973991394043 0
endloop
endfacet
facet normal 0 0 -1
outer loop
vertex -14.769410133361816 -40.218955993652344 0
vertex -13.463594436645508 -36.844444274902344 0
vertex -6.782817840576172 -41.985191345214844 0
endloop
endfacet
facet normal 0 0 -1
outer loop
vertex -6.685269832611084 -45.649200439453125 0
vertex -14.769410133361816 -40.218955993652344 0
vertex -6.685269832611084 -45.01559829711914 0
endloop
endfacet
facet normal 0 0 -1
outer loop
vertex -6.782817840576172 -44.869606018066406 0
vertex -6.685269832611084 -45.01559829711914 0
vertex -14.769410133361816 -40.218955993652344 0
endloop
endfacet
facet normal 0 0 -1
outer loop
vertex -6.782817840576172 -45.79519271850586 0
vertex -14.769410133361816 -40.218955993652344 0
vertex -6.685269832611084 -45.649200439453125 0
endloop
endfacet
facet normal 0 0 -1
outer loop
vertex -6.817071914672852 -45.96739959716797 0
vertex -14.769410133361816 -40.218955993652344 0
vertex -6.782817840576172 -45.79519271850586 0
endloop
endfacet
facet normal 0 0 -1
outer loop
vertex -6.782817840576172 -46.13960647583008 0
vertex -14.769410133361816 -40.218955993652344 0
vertex -6.817071914672852 -45.96739959716797 0
endloop
endfacet
facet normal 0 0 -1
outer loop
vertex -6.685269832611084 -46.28559875488281 0
vertex -14.769410133361816 -40.218955993652344 0
vertex -6.782817840576172 -46.13960647583008 0
endloop
endfacet
facet normal 0 0 -1
outer loop
vertex -6.685269832611084 -46.9192008972168 0
vertex -14.769410133361816 -40.218955993652344 0
vertex -6.685269832611084 -46.28559875488281 0
endloop
endfacet
facet normal 0 0 -1
outer loop
vertex -6.782817840576172 -47.06519317626953 0
vertex -22.917034149169922 -40.88740158081055 0
vertex -6.685269832611084 -46.9192008972168 0
endloop
endfacet
facet normal 0.6419402091960871 -0.766754698594853 0
outer loop
vertex 70.51461791992188 -21.051767349243164 0
vertex 71.06055450439453 -20.59469985961914 0
vertex 70.51461791992188 -21.051767349243164 2.200000047683716
endloop
endfacet
facet normal 0.759295057628728 -0.6507465062991784 0
outer loop
vertex 71.06055450439453 -20.59469985961914 0
vertex 74.76500701904297 -16.272321701049805 0
vertex 71.06055450439453 -20.59469985961914 2.200000047683716
endloop
endfacet
facet normal 0.9518324583209511 -0.30661860883954 0
outer loop
vertex 75.24851989746094 -14.771358489990234 0.20000000298023224
vertex 74.76500701904297 -16.272321701049805 2.200000047683716
vertex 74.76500701904297 -16.272321701049805 0
endloop
endfacet
facet normal 0 0 -1
outer loop
vertex -6.817071914672852 -47.23740005493164 0
vertex -22.917034149169922 -40.88740158081055 0
vertex -6.782817840576172 -47.06519317626953 0
endloop
endfacet
facet normal 0 0 -1
outer loop
vertex -6.817071914672852 -47.23740005493164 0
vertex -6.782817840576172 -47.40960693359375 0
vertex -23.539241790771484 -41.30314636230469 0
endloop
endfacet
facet normal 0 0 -1
outer loop
vertex -6.194864273071289 -48.09165573120117 0
vertex -6.367072105407715 -48.05739974975586 0
vertex -23.194826126098633 -41.74165344238281 0
endloop
endfacet
facet normal 0 0 -1
outer loop
vertex -6.367072105407715 -48.05739974975586 0
vertex -6.539279460906982 -48.09165573120117 0
vertex -23.04883575439453 -41.839202880859375 0
endloop
endfacet
facet normal 0 0 -1
outer loop
vertex -6.539279460906982 -48.09165573120117 0
vertex -6.685269832611084 -48.18920135498047 0
vertex -22.9512882232666 -41.985191345214844 0
endloop
endfacet
facet normal 0 0 -1
outer loop
vertex -6.685269832611084 -47.555599212646484 0
vertex -23.539241790771484 -41.30314636230469 0
vertex -6.782817840576172 -47.40960693359375 0
endloop
endfacet
facet normal 0.9518286676971142 -0.3066303757782921 0
outer loop
vertex 75.24851989746094 -14.771358489990234 0.20000000298023224
vertex 75.29532623291016 -14.62606430053711 1.7000000476837158
vertex 75.24851989746094 -14.771358489990234 1.7000000476837158
endloop
endfacet
facet normal 0.9963648659374446 0.08518834383563297 0
outer loop
vertex 75.29532623291016 -14.62606430053711 1.7000000476837158
vertex 75.26472473144531 -14.268148422241211 0.20000000298023224
vertex 75.26472473144531 -14.268148422241211 1.7000000476837158
endloop
endfacet
facet normal 0.08518980660105104 -0.9963647408711709 0
outer loop
vertex 75.26472473144531 -14.268148422241211 1.7000000476837158
vertex 75.96217346191406 -14.208516120910645 0.20000000298023224
vertex 75.96217346191406 -14.208516120910645 1.7000000476837158
endloop
endfacet
facet normal 0.9963649121768365 0.08518780301689348 0
outer loop
vertex 75.96217346191406 -14.208516120910645 1.7000000476837158
vertex 75.96217346191406 -14.208516120910645 0.20000000298023224
vertex 75.61367797851562 -10.132478713989258 1.7000000476837158
endloop
endfacet
facet normal 0.9518324583209511 -0.30661860883954 0
outer loop
vertex 74.76500701904297 -16.272321701049805 2.200000047683716
vertex 75.24851989746094 -14.771358489990234 0.20000000298023224
vertex 75.24851989746094 -14.771358489990234 1.7000000476837158
endloop
endfacet
facet normal 0.9963647825589326 0.08518931899339115 0.0000023943924299023343
outer loop
vertex 74.56817626953125 2.095634937286377 0.20000000298023224
vertex 74.42877197265625 3.7260499000549316 1.7000000476837158
vertex 75.61367797851562 -10.132478713989258 1.7000000476837158
endloop
endfacet
facet normal 0.6782347682410297 -0.7348452892609688 0
outer loop
vertex 14.603991508483887 -63.047401428222656 2.200000047683716
vertex 17.074655532836914 -60.76707077026367 0
vertex 17.074655532836914 -60.76707077026367 2.200000047683716
endloop
endfacet
facet normal 0.9180607756021277 -0.39643967044282985 0
outer loop
vertex 17.18564224243164 -60.51005172729492 2.200000047683716
vertex 17.074655532836914 -60.76707077026367 2.200000047683716
vertex 17.18564224243164 -60.51005172729492 0
endloop
endfacet
facet normal 0.6956992343968094 -0.7183331923694555 0
outer loop
vertex 20.07823371887207 -57.70860290527344 2.200000047683716
vertex 17.18564224243164 -60.51005172729492 2.200000047683716
vertex 20.07823371887207 -57.70860290527344 0
endloop
endfacet
facet normal 0 0 -1
outer loop
vertex -6.539279460906982 -47.65314483642578 0
vertex -23.539241790771484 -41.30314636230469 0
vertex -6.685269832611084 -47.555599212646484 0
endloop
endfacet
facet normal 0 0 -1
outer loop
vertex -6.817071914672852 -48.50740051269531 0
vertex -6.782817840576172 -48.67960739135742 0
vertex -23.19457244873047 -43.011653900146484 0
endloop
endfacet
facet normal 0 0 -1
outer loop
vertex -6.685269832611084 -48.825599670410156 0
vertex -23.19457244873047 -43.84314727783203 0
vertex -6.782817840576172 -48.67960739135742 0
endloop
endfacet
facet normal 0 0 -1
outer loop
vertex -22.917034149169922 -40.88740158081055 0
vertex -14.769410133361816 -40.218955993652344 0
vertex -6.685269832611084 -46.9192008972168 0
endloop
endfacet
facet normal 0 0 -1
outer loop
vertex -6.817071914672852 -47.23740005493164 0
vertex -22.9512882232666 -41.059608459472656 0
vertex -22.917034149169922 -40.88740158081055 0
endloop
endfacet
facet normal 0 0 -1
outer loop
vertex -6.817071914672852 -47.23740005493164 0
vertex -23.04883575439453 -41.205596923828125 0
vertex -22.9512882232666 -41.059608459472656 0
endloop
endfacet
facet normal 0 0 -1
outer loop
vertex -6.817071914672852 -47.23740005493164 0
vertex -23.194826126098633 -41.30314636230469 0
vertex -23.04883575439453 -41.205596923828125 0
endloop
endfacet
facet normal 0 0 -1
outer loop
vertex -6.817071914672852 -47.23740005493164 0
vertex -23.367033004760742 -41.337398529052734 0
vertex -23.194826126098633 -41.30314636230469 0
endloop
endfacet
facet normal 0 0 -1
outer loop
vertex -23.539241790771484 -41.30314636230469 0
vertex -23.367033004760742 -41.337398529052734 0
vertex -6.817071914672852 -47.23740005493164 0
endloop
endfacet
facet normal 0 0 -1
outer loop
vertex -22.9512882232666 -41.985191345214844 0
vertex -23.04883575439453 -41.839202880859375 0
vertex -6.539279460906982 -48.09165573120117 0
endloop
endfacet
facet normal 0 0 -1
outer loop
vertex -23.04883575439453 -41.839202880859375 0
vertex -23.194826126098633 -41.74165344238281 0
vertex -6.367072105407715 -48.05739974975586 0
endloop
endfacet
facet normal 0 0 -1
outer loop
vertex -6.685269832611084 -48.18920135498047 0
vertex -22.917034149169922 -42.15739822387695 0
vertex -22.9512882232666 -41.985191345214844 0
endloop
endfacet
facet normal 0 0 -1
outer loop
vertex -6.685269832611084 -48.18920135498047 0
vertex -22.9512882232666 -42.32960891723633 0
vertex -22.917034149169922 -42.15739822387695 0
endloop
endfacet
facet normal 0.39745182294981385 -0.9176230426672328 0
outer loop
vertex 20.31244468688965 -57.60715866088867 2.200000047683716
vertex 20.07823371887207 -57.70860290527344 2.200000047683716
vertex 20.31244468688965 -57.60715866088867 0
endloop
endfacet
facet normal 0.04805263685266934 -0.9988448048077867 0
outer loop
vertex 20.31244468688965 -57.60715866088867 2.200000047683716
vertex 30.130640029907227 -57.134822845458984 0
vertex 30.130640029907227 -57.134822845458984 2.200000047683716
endloop
endfacet
facet normal 0.38859221358263185 -0.9214098390743124 0
outer loop
vertex 30.130640029907227 -57.134822845458984 2.200000047683716
vertex 31.535913467407227 -56.54216766357422 0
vertex 31.535913467407227 -56.54216766357422 2.200000047683716
endloop
endfacet
facet normal 0.6817395847273329 -0.7315949279593209 0
outer loop
vertex 31.535913467407227 -56.54216766357422 2.200000047683716
vertex 34.952571868896484 -53.358341217041016 0
vertex 34.952571868896484 -53.358341217041016 2.200000047683716
endloop
endfacet
facet normal 0.915176686814951 -0.40305288971846964 0
outer loop
vertex 34.952571868896484 -53.358341217041016 2.200000047683716
vertex 35.66570281982422 -51.739097595214844 0
vertex 35.66570281982422 -51.739097595214844 2.200000047683716
endloop
endfacet
facet normal 0 0 -1
outer loop
vertex -6.685269832611084 -48.18920135498047 0
vertex -23.04883575439453 -42.4755973815918 0
vertex -22.9512882232666 -42.32960891723633 0
endloop
endfacet
facet normal 0 0 -1
outer loop
vertex -6.685269832611084 -48.18920135498047 0
vertex -23.194826126098633 -42.57314682006836 0
vertex -23.04883575439453 -42.4755973815918 0
endloop
endfacet
facet normal 0 0 -1
outer loop
vertex -6.685269832611084 -48.18920135498047 0
vertex -23.367033004760742 -42.607398986816406 0
vertex -23.194826126098633 -42.57314682006836 0
endloop
endfacet
facet normal 0.9999591269414643 -0.009041263543589308 0
outer loop
vertex 35.66570281982422 -51.739097595214844 2.200000047683716
vertex 35.7418327331543 -43.31916809082031 0
vertex 35.7418327331543 -43.31916809082031 2.200000047683716
endloop
endfacet
facet normal 0.9646953029328483 -0.2633685108347238 0
outer loop
vertex 35.7418327331543 -43.31916809082031 2.200000047683716
vertex 35.78956604003906 -43.144325256347656 0
vertex 35.78956604003906 -43.144325256347656 2.200000047683716
endloop
endfacet
facet normal 0.8658188452333325 -0.5003575993615152 0
outer loop
vertex 35.78956604003906 -43.144325256347656 2.200000047683716
vertex 37.19784927368164 -40.70743179321289 0
vertex 37.19784927368164 -40.70743179321289 2.200000047683716
endloop
endfacet
facet normal 0.709858669384187 -0.7043441413826849 0
outer loop
vertex 37.19784927368164 -40.70743179321289 2.200000047683716
vertex 37.325504302978516 -40.57877731323242 0
vertex 37.325504302978516 -40.57877731323242 2.200000047683716
endloop
endfacet
facet normal 0 0 -1
outer loop
vertex -6.685269832611084 -48.18920135498047 0
vertex -23.539241790771484 -42.57314682006836 0
vertex -23.367033004760742 -42.607398986816406 0
endloop
endfacet
facet normal 0 0 -1
outer loop
vertex -6.782817840576172 -48.67960739135742 0
vertex -23.048582077026367 -43.10920333862305 0
vertex -23.19457244873047 -43.011653900146484 0
endloop
endfacet
facet normal 0 0 1
outer loop
vertex 8.76619815826416 -48.926513671875 2.200000047683716
vertex -6.912285327911377 -48.10483932495117 2.200000047683716
vertex 20.31244468688965 -57.60715866088867 2.200000047683716
endloop
endfacet
facet normal 0 0 1
outer loop
vertex 8.76619815826416 -48.926513671875 2.200000047683716
vertex 20.31244468688965 -57.60715866088867 2.200000047683716
vertex 10.140656471252441 -46.134002685546875 2.200000047683716
endloop
endfacet
facet normal 0 0 -1
outer loop
vertex 4.434292793273926 0.267620325088501 0
vertex -7.042034149169922 29.687599182128906 0
vertex 10.526522636413574 -0.051659926772117615 0
endloop
endfacet
facet normal 0 0 -1
outer loop
vertex 70.48910522460938 40.981475830078125 0
vertex 69.24523162841797 40.875125885009766 0
vertex 69.83495330810547 42.30860137939453 0
endloop
endfacet
facet normal 0.8969569026529364 0.44211798740070607 0
outer loop
vertex 70.48910522460938 40.981475830078125 0.20000000298023224
vertex 70.48910522460938 40.981475830078125 0
vertex 69.83495330810547 42.30860137939453 0
endloop
endfacet
facet normal 0 0 1
outer loop
vertex 65.14218139648438 3.420135498046875 2.200000047683716
vertex 66.51052856445312 -12.220121383666992 2.200000047683716
vertex 72.39344787597656 4.053853988647461 2.200000047683716
endloop
endfacet
facet normal 0 0 1
outer loop
vertex 66.51052856445312 -12.220121383666992 2.200000047683716
vertex 74.01203918457031 -14.877077102661133 2.200000047683716
vertex 72.39344787597656 4.053853988647461 2.200000047683716
endloop
endfacet
facet normal 0 0 1
outer loop
vertex 75.24851989746094 -14.771358489990234 2.200000047683716
vertex 74.01203918457031 -14.877077102661133 2.200000047683716
vertex 74.76500701904297 -16.272321701049805 2.200000047683716
endloop
endfacet
facet normal 0 0 1
outer loop
vertex 66.51052856445312 -12.220121383666992 2.200000047683716
vertex 74.76500701904297 -16.272321701049805 2.200000047683716
vertex 74.01203918457031 -14.877077102661133 2.200000047683716
endloop
endfacet
facet normal 0 0 1
outer loop
vertex 9.655909538269043 -31.949810028076172 2.200000047683716
vertex -6.022574424743652 -31.128135681152344 2.200000047683716
vertex 9.587872505187988 -33.24802780151367 2.200000047683716
endloop
endfacet
facet normal 0 0 1
outer loop
vertex 9.587872505187988 -33.24802780151367 2.200000047683716
vertex 8.76619815826416 -48.926513671875 2.200000047683716
vertex 10.96233081817627 -30.45551872253418 2.200000047683716
endloop
endfacet
facet normal 0 0 -1
outer loop
vertex -42.194801330566406 -63.047401428222656 0
vertex -44.572898864746094 -61.09697341918945 0
vertex 17.18564224243164 -60.51005172729492 0
endloop
endfacet
facet normal 0 0 -1
outer loop
vertex -46.69506072998047 -57.28947830200195 0
vertex -48.816162109375 -56.336280822753906 0
vertex 20.07823371887207 -57.70860290527344 0
endloop
endfacet
facet normal 0.8969569026529363 0.442117987400706 0
outer loop
vertex 70.48910522460938 40.981475830078125 0.20000000298023224
vertex 69.83495330810547 42.30860137939453 0
vertex 70.48910522460938 40.981475830078125 1.7000000476837158
endloop
endfacet
facet normal 0 0 1
outer loop
vertex 10.96233081817627 -30.45551872253418 2.200000047683716
vertex 8.76619815826416 -48.926513671875 2.200000047683716
vertex 10.140656471252441 -46.134002685546875 2.200000047683716
endloop
endfacet
facet normal 0 0 1
outer loop
vertex 66.51052856445312 -12.220121383666992 2.200000047683716
vertex 50.870269775390625 -13.58846664428711 2.200000047683716
vertex 71.06055450439453 -20.59469985961914 2.200000047683716
endloop
endfacet
facet normal 0 0 1
outer loop
vertex 74.76500701904297 -16.272321701049805 2.200000047683716
vertex 66.51052856445312 -12.220121383666992 2.200000047683716
vertex 71.06055450439453 -20.59469985961914 2.200000047683716
endloop
endfacet
facet normal 0 0 1
outer loop
vertex 50.870269775390625 -13.58846664428711 2.200000047683716
vertex 70.51461791992188 -21.051767349243164 2.200000047683716
vertex 71.06055450439453 -20.59469985961914 2.200000047683716
endloop
endfacet
facet normal 0 0 1
outer loop
vertex 50.870269775390625 -13.58846664428711 2.200000047683716
vertex 50.3160400390625 -22.169424057006836 2.200000047683716
vertex 70.51461791992188 -21.051767349243164 2.200000047683716
endloop
endfacet
facet normal 0.9963638645031477 0.08520005582365049 0
outer loop
vertex 70.55175018310547 40.85438537597656 0.20000000298023224
vertex 70.5831069946289 40.48768615722656 1.7000000476837158
vertex 70.5831069946289 40.48768615722656 0.20000000298023224
endloop
endfacet
facet normal 0 0 1
outer loop
vertex 9.655909538269043 -31.949810028076172 2.200000047683716
vertex 9.587872505187988 -33.24802780151367 2.200000047683716
vertex 10.96233081817627 -30.45551872253418 2.200000047683716
endloop
endfacet
facet normal 0 0 -1
outer loop
vertex -23.782779693603516 -53.75960922241211 0
vertex -52.616729736328125 -51.397796630859375 0
vertex -23.817033767700195 -53.587398529052734 0
endloop
endfacet
facet normal 0.8969542436647526 0.4421233818424351 0
outer loop
vertex 70.55175018310547 40.85438537597656 0.20000000298023224
vertex 70.48910522460938 40.981475830078125 0.20000000298023224
vertex 70.48910522460938 40.981475830078125 1.7000000476837158
endloop
endfacet
facet normal -0.08519386415102839 0.9963643939397956 0
outer loop
vertex 71.28055572509766 40.54732131958008 0.20000000298023224
vertex 70.5831069946289 40.48768615722656 0.20000000298023224
vertex 71.28055572509766 40.54732131958008 1.7000000476837158
endloop
endfacet
facet normal 0.9963646040402457 0.08519140693593588 0
outer loop
vertex 71.41996002197266 38.91690444946289 0.20000000298023224
vertex 71.28055572509766 40.54732131958008 0.20000000298023224
vertex 71.28055572509766 40.54732131958008 1.7000000476837158
endloop
endfacet
facet normal 0 0 -1
outer loop
vertex -46.56291961669922 -57.39208221435547 0
vertex -46.69506072998047 -57.28947830200195 0
vertex 20.07823371887207 -57.70860290527344 0
endloop
endfacet
facet normal 0 0 -1
outer loop
vertex 17.18564224243164 -60.51005172729492 0
vertex -44.947879791259766 -59.4193115234375 0
vertex -46.56291961669922 -57.39208221435547 0
endloop
endfacet
facet normal 0.7372901786576439 0.6755761929308786 0
outer loop
vertex 50.83958435058594 47.03364562988281 0
vertex 50.697269439697266 47.188961029052734 0
vertex 50.83958435058594 47.03364562988281 2.200000047683716
endloop
endfacet
facet normal 0.5058423686201554 0.8626259317391002 0
outer loop
vertex 53.67741775512695 45.369544982910156 0
vertex 50.83958435058594 47.03364562988281 0
vertex 53.67741775512695 45.369544982910156 2.200000047683716
endloop
endfacet
facet normal 0.22959542966771346 0.9732861545689931 0
outer loop
vertex 53.882450103759766 45.3211784362793 0
vertex 53.67741775512695 45.369544982910156 0
vertex 53.882450103759766 45.3211784362793 2.200000047683716
endloop
endfacet
facet normal 0 0 -1
outer loop
vertex -52.01935577392578 -52.89883041381836 0
vertex 20.07823371887207 -57.70860290527344 0
vertex -48.816162109375 -56.336280822753906 0
endloop
endfacet
facet normal 0 0 -1
outer loop
vertex 17.18564224243164 -60.51005172729492 0
vertex -44.877403259277344 -59.571044921875 0
vertex -44.947879791259766 -59.4193115234375 0
endloop
endfacet
facet normal 0 0 -1
outer loop
vertex -44.877403259277344 -59.571044921875 0
vertex 17.18564224243164 -60.51005172729492 0
vertex -44.572898864746094 -61.09697341918945 0
endloop
endfacet
facet normal 0 0 -1
outer loop
vertex -23.78252601623535 -45.79519271850586 0
vertex -52.616729736328125 -51.397796630859375 0
vertex -23.684978485107422 -45.01559829711914 0
endloop
endfacet
facet normal 0 0 -1
outer loop
vertex -23.81678009033203 -45.96739959716797 0
vertex -52.616729736328125 -51.397796630859375 0
vertex -23.78252601623535 -45.79519271850586 0
endloop
endfacet
facet normal 0 0 1
outer loop
vertex 48.83439254760742 -5.234114170074463 2.200000047683716
vertex 50.870269775390625 -13.58846664428711 2.200000047683716
vertex 49.501922607421875 2.051790237426758 2.200000047683716
endloop
endfacet
facet normal 0 0 1
outer loop
vertex 10.140656471252441 -46.134002685546875 2.200000047683716
vertex 20.31244468688965 -57.60715866088867 2.200000047683716
vertex 30.130640029907227 -57.134822845458984 2.200000047683716
endloop
endfacet
facet normal 0 0 1
outer loop
vertex 10.140656471252441 -46.134002685546875 2.200000047683716
vertex 30.130640029907227 -57.134822845458984 2.200000047683716
vertex 31.535913467407227 -56.54216766357422 2.200000047683716
endloop
endfacet
facet normal 0 0 1
outer loop
vertex 25.81913948059082 -46.9556770324707 2.200000047683716
vertex 10.140656471252441 -46.134002685546875 2.200000047683716
vertex 31.535913467407227 -56.54216766357422 2.200000047683716
endloop
endfacet
facet normal 0 0 1
outer loop
vertex 25.81913948059082 -46.9556770324707 2.200000047683716
vertex 31.535913467407227 -56.54216766357422 2.200000047683716
vertex 34.952571868896484 -53.358341217041016 2.200000047683716
endloop
endfacet
facet normal 0 0 1
outer loop
vertex 25.81913948059082 -46.9556770324707 2.200000047683716
vertex 34.952571868896484 -53.358341217041016 2.200000047683716
vertex 35.66570281982422 -51.739097595214844 2.200000047683716
endloop
endfacet
facet normal 0 0 1
outer loop
vertex 25.81913948059082 -46.9556770324707 2.200000047683716
vertex 35.66570281982422 -51.739097595214844 2.200000047683716
vertex 35.7418327331543 -43.31916809082031 2.200000047683716
endloop
endfacet
facet normal 0 0 -1
outer loop
vertex -23.78252601623535 -46.13960647583008 0
vertex -52.616729736328125 -51.397796630859375 0
vertex -23.81678009033203 -45.96739959716797 0
endloop
endfacet
facet normal 0 0 -1
outer loop
vertex -23.684978485107422 -46.28559875488281 0
vertex -52.616729736328125 -51.397796630859375 0
vertex -23.78252601623535 -46.13960647583008 0
endloop
endfacet
facet normal 0 0 1
outer loop
vertex 48.83439254760742 -5.234114170074463 2.200000047683716
vertex 48.947696685791016 -6.529167175292969 2.200000047683716
vertex 50.870269775390625 -13.58846664428711 2.200000047683716
endloop
endfacet
facet normal 0 0 1
outer loop
vertex 48.947696685791016 -6.529167175292969 2.200000047683716
vertex 50.3160400390625 -22.169424057006836 2.200000047683716
vertex 50.870269775390625 -13.58846664428711 2.200000047683716
endloop
endfacet
facet normal 0 0 1
outer loop
vertex 26.64081382751465 -31.277193069458008 2.200000047683716
vertex 25.81913948059082 -46.9556770324707 2.200000047683716
vertex 35.7418327331543 -43.31916809082031 2.200000047683716
endloop
endfacet
facet normal 0 0 1
outer loop
vertex 35.7418327331543 -43.31916809082031 2.200000047683716
vertex 35.78956604003906 -43.144325256347656 2.200000047683716
vertex 26.708850860595703 -29.978975296020508 2.200000047683716
endloop
endfacet
facet normal 0 0 1
outer loop
vertex 26.708850860595703 -29.978975296020508 2.200000047683716
vertex 35.78956604003906 -43.144325256347656 2.200000047683716
vertex 37.19784927368164 -40.70743179321289 2.200000047683716
endloop
endfacet
facet normal 0 0 1
outer loop
vertex 26.64081382751465 -31.277193069458008 2.200000047683716
vertex 35.7418327331543 -43.31916809082031 2.200000047683716
vertex 26.708850860595703 -29.978975296020508 2.200000047683716
endloop
endfacet
facet normal 0 0 1
outer loop
vertex 26.708850860595703 -29.978975296020508 2.200000047683716
vertex 37.19784927368164 -40.70743179321289 2.200000047683716
vertex 37.325504302978516 -40.57877731323242 2.200000047683716
endloop
endfacet
facet normal 0.39981654496532226 0.9165951834763221 0
outer loop
vertex 46.68447494506836 52.41551971435547 0
vertex 45.048194885253906 53.1292610168457 0
vertex 46.68447494506836 52.41551971435547 2.200000047683716
endloop
endfacet
facet normal 0.7315952170847136 0.6817392744581837 0
outer loop
vertex 49.807518005371094 49.0640869140625 0
vertex 46.68447494506836 52.41551971435547 0
vertex 49.807518005371094 49.0640869140625 2.200000047683716
endloop
endfacet
facet normal 0 0 1
outer loop
vertex 33.19413757324219 -6.602458953857422 2.200000047683716
vertex 48.947696685791016 -6.529167175292969 2.200000047683716
vertex 48.83439254760742 -5.234114170074463 2.200000047683716
endloop
endfacet
facet normal 0 0 1
outer loop
vertex 33.19413757324219 -6.602458953857422 2.200000047683716
vertex 33.307437896728516 -7.897512435913086 2.200000047683716
vertex 48.947696685791016 -6.529167175292969 2.200000047683716
endloop
endfacet
facet normal 0 0 1
outer loop
vertex 50.3160400390625 -22.169424057006836 2.200000047683716
vertex 37.325504302978516 -40.57877731323242 2.200000047683716
vertex 70.51461791992188 -21.051767349243164 2.200000047683716
endloop
endfacet
facet normal 0 0 1
outer loop
vertex 34.675785064697266 -23.537769317626953 2.200000047683716
vertex 37.325504302978516 -40.57877731323242 2.200000047683716
vertex 50.3160400390625 -22.169424057006836 2.200000047683716
endloop
endfacet
facet normal 0.9518324583209511 -0.30661860883954 0
outer loop
vertex 74.76500701904297 -16.272321701049805 2.200000047683716
vertex 75.24851989746094 -14.771358489990234 1.7000000476837158
vertex 75.24851989746094 -14.771358489990234 2.200000047683716
endloop
endfacet
facet normal 0 0 -1
outer loop
vertex -22.951034545898438 -43.255191802978516 0
vertex -23.048582077026367 -43.10920333862305 0
vertex -6.782817840576172 -48.67960739135742 0
endloop
endfacet
facet normal 0 0 -1
outer loop
vertex -6.782817840576172 -48.67960739135742 0
vertex -22.916780471801758 -43.427398681640625 0
vertex -22.951034545898438 -43.255191802978516 0
endloop
endfacet
facet normal 0 0 -1
outer loop
vertex -6.782817840576172 -48.67960739135742 0
vertex -22.951034545898438 -43.599609375 0
vertex -22.916780471801758 -43.427398681640625 0
endloop
endfacet
facet normal 0 0 -1
outer loop
vertex -23.19457244873047 -43.84314727783203 0
vertex -23.048582077026367 -43.74559783935547 0
vertex -6.782817840576172 -48.67960739135742 0
endloop
endfacet
facet normal 0 0 -1
outer loop
vertex -23.048582077026367 -43.74559783935547 0
vertex -22.951034545898438 -43.599609375 0
vertex -6.782817840576172 -48.67960739135742 0
endloop
endfacet
facet normal 0 0 -1
outer loop
vertex -6.685269832611084 -48.825599670410156 0
vertex -23.19457244873047 -44.281654357910156 0
vertex -23.19457244873047 -43.84314727783203 0
endloop
endfacet
facet normal 0 0 -1
outer loop
vertex -6.685269832611084 -48.825599670410156 0
vertex -23.048582077026367 -44.37920379638672 0
vertex -23.19457244873047 -44.281654357910156 0
endloop
endfacet
facet normal 0 0 -1
outer loop
vertex -22.951034545898438 -44.52519226074219 0
vertex -23.048582077026367 -44.37920379638672 0
vertex -6.539279460906982 -49.36165237426758 0
endloop
endfacet
facet normal 0 0 -1
outer loop
vertex -6.539279460906982 -49.36165237426758 0
vertex -22.916780471801758 -44.6973991394043 0
vertex -22.951034545898438 -44.52519226074219 0
endloop
endfacet
facet normal 0 0 -1
outer loop
vertex -6.539279460906982 -49.36165237426758 0
vertex -22.951034545898438 -44.869606018066406 0
vertex -22.916780471801758 -44.6973991394043 0
endloop
endfacet
facet normal 0 0 -1
outer loop
vertex -6.539279460906982 -49.36165237426758 0
vertex -23.048582077026367 -45.01559829711914 0
vertex -22.951034545898438 -44.869606018066406 0
endloop
endfacet
facet normal 0 0 -1
outer loop
vertex -6.539279460906982 -49.36165237426758 0
vertex -23.048582077026367 -45.649200439453125 0
vertex -23.048582077026367 -45.01559829711914 0
endloop
endfacet
facet normal 0 0 -1
outer loop
vertex -22.951034545898438 -45.79519271850586 0
vertex -23.048582077026367 -45.649200439453125 0
vertex -6.539279460906982 -49.36165237426758 0
endloop
endfacet
facet normal 0 0 -1
outer loop
vertex -6.685269832611084 -49.45920181274414 0
vertex -22.916780471801758 -45.96739959716797 0
vertex -22.951034545898438 -45.79519271850586 0
endloop
endfacet
facet normal 0 0 -1
outer loop
vertex -6.685269832611084 -49.45920181274414 0
vertex -22.951034545898438 -46.13960647583008 0
vertex -22.916780471801758 -45.96739959716797 0
endloop
endfacet
facet normal 0 0 -1
outer loop
vertex 8.009162902832031 -48.08573913574219 0
vertex -6.0488739013671875 -47.555599212646484 0
vertex -5.940399169921875 -47.35467529296875 0
endloop
endfacet
facet normal 0 0 -1
outer loop
vertex 8.009162902832031 -48.08573913574219 0
vertex -6.194864273071289 -47.65314483642578 0
vertex -6.0488739013671875 -47.555599212646484 0
endloop
endfacet
facet normal 0 0 -1
outer loop
vertex -6.367072105407715 -47.687400817871094 0
vertex -6.194864273071289 -47.65314483642578 0
vertex 8.009162902832031 -48.08573913574219 0
endloop
endfacet
facet normal 0 0 -1
outer loop
vertex -23.194826126098633 -41.74165344238281 0
vertex -6.539279460906982 -47.65314483642578 0
vertex 20.31244468688965 -57.60715866088867 0
endloop
endfacet
facet normal 0 0 -1
outer loop
vertex -23.194826126098633 -41.74165344238281 0
vertex 20.31244468688965 -57.60715866088867 0
vertex -6.194864273071289 -48.09165573120117 0
endloop
endfacet
facet normal 0 0 -1
outer loop
vertex -6.194864273071289 -49.36165237426758 0
vertex -6.367072105407715 -48.957401275634766 0
vertex -6.194864273071289 -48.92314529418945 0
endloop
endfacet
facet normal 0 0 -1
outer loop
vertex -6.367072105407715 -48.957401275634766 0
vertex -6.367072105407715 -49.32740020751953 0
vertex -6.539279460906982 -48.92314529418945 0
endloop
endfacet
facet normal 0 0 -1
outer loop
vertex -6.367072105407715 -49.32740020751953 0
vertex -6.367072105407715 -48.957401275634766 0
vertex -6.194864273071289 -49.36165237426758 0
endloop
endfacet
facet normal 0 0 -1
outer loop
vertex -6.539279460906982 -48.92314529418945 0
vertex -6.539279460906982 -49.36165237426758 0
vertex -6.685269832611084 -48.825599670410156 0
endloop
endfacet
facet normal 0 0 -1
outer loop
vertex -6.539279460906982 -49.36165237426758 0
vertex -6.539279460906982 -48.92314529418945 0
vertex -6.367072105407715 -49.32740020751953 0
endloop
endfacet
facet normal 0 0 -1
outer loop
vertex -6.0488739013671875 -50.72920227050781 0
vertex -6.194864273071289 -50.193145751953125 0
vertex -6.0488739013671875 -50.09559631347656 0
endloop
endfacet
facet normal 0 0 -1
outer loop
vertex -6.194864273071289 -50.63165283203125 0
vertex -6.194864273071289 -50.193145751953125 0
vertex -6.0488739013671875 -50.72920227050781 0
endloop
endfacet
facet normal 0 0 -1
outer loop
vertex -6.194864273071289 -50.63165283203125 0
vertex -6.367072105407715 -50.22740173339844 0
vertex -6.194864273071289 -50.193145751953125 0
endloop
endfacet
facet normal 0 0 -1
outer loop
vertex -6.367072105407715 -50.22740173339844 0
vertex -6.367072105407715 -50.5974006652832 0
vertex -6.539279460906982 -50.193145751953125 0
endloop
endfacet
facet normal 0 0 -1
outer loop
vertex -6.367072105407715 -50.5974006652832 0
vertex -6.367072105407715 -50.22740173339844 0
vertex -6.194864273071289 -50.63165283203125 0
endloop
endfacet
facet normal 0 0 -1
outer loop
vertex -6.539279460906982 -50.193145751953125 0
vertex -6.539279460906982 -50.63165283203125 0
vertex -6.685269832611084 -50.09559631347656 0
endloop
endfacet
facet normal 0 0 -1
outer loop
vertex -6.539279460906982 -50.63165283203125 0
vertex -6.539279460906982 -50.193145751953125 0
vertex -6.367072105407715 -50.5974006652832 0
endloop
endfacet
facet normal 0 0 -1
outer loop
vertex -6.685269832611084 -50.72920227050781 0
vertex -6.685269832611084 -50.09559631347656 0
vertex -6.539279460906982 -50.63165283203125 0
endloop
endfacet
facet normal 0 0 -1
outer loop
vertex -6.0488739013671875 -51.999202728271484 0
vertex -6.194864273071289 -51.4631462097168 0
vertex -6.0488739013671875 -51.365596771240234 0
endloop
endfacet
facet normal 0 0 -1
outer loop
vertex -6.194864273071289 -51.90165328979492 0
vertex -6.194864273071289 -51.4631462097168 0
vertex -6.0488739013671875 -51.999202728271484 0
endloop
endfacet
facet normal 0 0 -1
outer loop
vertex -6.194864273071289 -51.90165328979492 0
vertex -6.367072105407715 -51.497398376464844 0
vertex -6.194864273071289 -51.4631462097168 0
endloop
endfacet
facet normal 0 0 -1
outer loop
vertex -6.367072105407715 -51.497398376464844 0
vertex -6.367072105407715 -51.867401123046875 0
vertex -6.539279460906982 -51.4631462097168 0
endloop
endfacet
facet normal 0 0 -1
outer loop
vertex -6.539279460906982 -51.4631462097168 0
vertex -6.539279460906982 -51.90165328979492 0
vertex -6.685269832611084 -51.365596771240234 0
endloop
endfacet
facet normal 0 0 -1
outer loop
vertex -6.367072105407715 -51.867401123046875 0
vertex -6.367072105407715 -51.497398376464844 0
vertex -6.194864273071289 -51.90165328979492 0
endloop
endfacet
facet normal 0 0 -1
outer loop
vertex -6.539279460906982 -51.90165328979492 0
vertex -6.539279460906982 -51.4631462097168 0
vertex -6.367072105407715 -51.867401123046875 0
endloop
endfacet
facet normal 0 0 -1
outer loop
vertex -6.685269832611084 -51.999202728271484 0
vertex -6.685269832611084 -51.365596771240234 0
vertex -6.539279460906982 -51.90165328979492 0
endloop
endfacet
facet normal 0 0 -1
outer loop
vertex -6.0488739013671875 -53.269203186035156 0
vertex -6.194864273071289 -52.73314666748047 0
vertex -6.0488739013671875 -52.635597229003906 0
endloop
endfacet
facet normal 0 0 -1
outer loop
vertex -6.0488739013671875 -53.269203186035156 0
vertex -6.194864273071289 -53.171653747558594 0
vertex -6.194864273071289 -52.73314666748047 0
endloop
endfacet
facet normal 0 0 -1
outer loop
vertex -6.194864273071289 -53.171653747558594 0
vertex -6.367072105407715 -52.767398834228516 0
vertex -6.194864273071289 -52.73314666748047 0
endloop
endfacet
facet normal 0 0 -1
outer loop
vertex -6.367072105407715 -53.13740158081055 0
vertex -6.539279460906982 -52.73314666748047 0
vertex -6.367072105407715 -52.767398834228516 0
endloop
endfacet
facet normal 0 0 -1
outer loop
vertex -6.685269832611084 -51.365596771240234 0
vertex -23.048582077026367 -51.365596771240234 0
vertex -6.782817840576172 -51.219608306884766 0
endloop
endfacet
facet normal 0 0 -1
outer loop
vertex -6.782817840576172 -51.219608306884766 0
vertex -22.951034545898438 -51.219608306884766 0
vertex -6.817071914672852 -51.047401428222656 0
endloop
endfacet
facet normal 0 0 -1
outer loop
vertex -6.817071914672852 -51.047401428222656 0
vertex -22.916780471801758 -51.047401428222656 0
vertex -6.782817840576172 -50.87519073486328 0
endloop
endfacet
facet normal 0 0 -1
outer loop
vertex -6.782817840576172 -50.87519073486328 0
vertex -22.951034545898438 -50.87519073486328 0
vertex -6.685269832611084 -50.72920227050781 0
endloop
endfacet
facet normal 0 0 -1
outer loop
vertex -6.685269832611084 -50.72920227050781 0
vertex -23.048582077026367 -50.09559631347656 0
vertex -6.685269832611084 -50.09559631347656 0
endloop
endfacet
facet normal 0 0 -1
outer loop
vertex -6.685269832611084 -50.09559631347656 0
vertex -23.048582077026367 -50.09559631347656 0
vertex -6.782817840576172 -49.949607849121094 0
endloop
endfacet
facet normal 0 0 1
outer loop
vertex 9.655909538269043 -31.949810028076172 2.200000047683716
vertex 10.96233081817627 -30.45551872253418 2.200000047683716
vertex 11.030367851257324 -29.15730094909668 2.200000047683716
endloop
endfacet
facet normal 0 0 1
outer loop
vertex 9.655909538269043 -31.949810028076172 2.200000047683716
vertex 11.030367851257324 -29.15730094909668 2.200000047683716
vertex 11.852042198181152 -13.478816986083984 2.200000047683716
endloop
endfacet
facet normal 0 0 1
outer loop
vertex 11.030367851257324 -29.15730094909668 2.200000047683716
vertex 10.96233081817627 -30.45551872253418 2.200000047683716
vertex 26.64081382751465 -31.277193069458008 2.200000047683716
endloop
endfacet
facet normal 0.759295057628728 -0.6507465062991784 0
outer loop
vertex 71.06055450439453 -20.59469985961914 2.200000047683716
vertex 74.76500701904297 -16.272321701049805 0
vertex 74.76500701904297 -16.272321701049805 2.200000047683716
endloop
endfacet
facet normal 0.6419402091960871 -0.766754698594853 0
outer loop
vertex 70.51461791992188 -21.051767349243164 2.200000047683716
vertex 71.06055450439453 -20.59469985961914 0
vertex 71.06055450439453 -20.59469985961914 2.200000047683716
endloop
endfacet
facet normal 0.5070973349494593 -0.8618887938053005 0
outer loop
vertex 37.325504302978516 -40.57877731323242 2.200000047683716
vertex 70.51461791992188 -21.051767349243164 0
vertex 70.51461791992188 -21.051767349243164 2.200000047683716
endloop
endfacet
facet normal 0 0 1
outer loop
vertex 10.477583885192871 -16.27132797241211 2.200000047683716
vertex 9.655909538269043 -31.949810028076172 2.200000047683716
vertex 11.852042198181152 -13.478816986083984 2.200000047683716
endloop
endfacet
facet normal 0 0 -1
outer loop
vertex -6.782817840576172 -49.949607849121094 0
vertex -22.951034545898438 -49.949607849121094 0
vertex -6.817071914672852 -49.777400970458984 0
endloop
endfacet
facet normal 0 0 -1
outer loop
vertex -6.817071914672852 -49.777400970458984 0
vertex -22.916780471801758 -49.777400970458984 0
vertex -6.782817840576172 -49.605194091796875 0
endloop
endfacet
facet normal 0 0 -1
outer loop
vertex -6.782817840576172 -49.605194091796875 0
vertex -23.048582077026367 -49.45920181274414 0
vertex -6.685269832611084 -49.45920181274414 0
endloop
endfacet
facet normal 0 0 -1
outer loop
vertex -23.048582077026367 -44.37920379638672 0
vertex -6.685269832611084 -48.825599670410156 0
vertex -6.539279460906982 -49.36165237426758 0
endloop
endfacet
facet normal 0 0 -1
outer loop
vertex -22.951034545898438 -45.79519271850586 0
vertex -6.539279460906982 -49.36165237426758 0
vertex -6.685269832611084 -49.45920181274414 0
endloop
endfacet
facet normal 0 0 -1
outer loop
vertex 20.07823371887207 -57.70860290527344 0
vertex -23.367033004760742 -54.03739929199219 0
vertex -23.194826126098633 -54.00314712524414 0
endloop
endfacet
facet normal 0 0 -1
outer loop
vertex 20.07823371887207 -57.70860290527344 0
vertex -23.194826126098633 -54.00314712524414 0
vertex -23.04883575439453 -53.90559768676758 0
endloop
endfacet
facet normal 0 0 -1
outer loop
vertex -42.194801330566406 -63.047401428222656 0
vertex 17.074655532836914 -60.76707077026367 0
vertex 14.603991508483887 -63.047401428222656 0
endloop
endfacet
facet normal 0 0 -1
outer loop
vertex 17.074655532836914 -60.76707077026367 0
vertex -42.194801330566406 -63.047401428222656 0
vertex 17.18564224243164 -60.51005172729492 0
endloop
endfacet
facet normal 0 0 -1
outer loop
vertex 17.18564224243164 -60.51005172729492 0
vertex -46.56291961669922 -57.39208221435547 0
vertex 20.07823371887207 -57.70860290527344 0
endloop
endfacet
facet normal 0 0 -1
outer loop
vertex 20.07823371887207 -57.70860290527344 0
vertex -23.04883575439453 -53.90559768676758 0
vertex -6.367072105407715 -54.03739929199219 0
endloop
endfacet
facet normal 0 0 -1
outer loop
vertex -6.685269832611084 -53.269203186035156 0
vertex -6.539279460906982 -52.73314666748047 0
vertex -6.539279460906982 -53.171653747558594 0
endloop
endfacet
facet normal 0 0 -1
outer loop
vertex -6.539279460906982 -53.171653747558594 0
vertex -6.539279460906982 -52.73314666748047 0
vertex -6.367072105407715 -53.13740158081055 0
endloop
endfacet
facet normal 0 0 -1
outer loop
vertex -6.539279460906982 -52.73314666748047 0
vertex -6.685269832611084 -53.269203186035156 0
vertex -6.685269832611084 -52.635597229003906 0
endloop
endfacet
facet normal 0 0 -1
outer loop
vertex -6.367072105407715 -53.13740158081055 0
vertex -6.367072105407715 -52.767398834228516 0
vertex -6.194864273071289 -53.171653747558594 0
endloop
endfacet
facet normal 0.9034517149051335 0.4286898632286204 0
outer loop
vertex 50.697269439697266 47.188961029052734 0
vertex 49.807518005371094 49.0640869140625 0
vertex 50.697269439697266 47.188961029052734 2.200000047683716
endloop
endfacet
facet normal 0 0 1
outer loop
vertex 10.545620918273926 -14.973108291625977 2.200000047683716
vertex -5.1328630447387695 -14.151433944702148 2.200000047683716
vertex 10.477583885192871 -16.27132797241211 2.200000047683716
endloop
endfacet
facet normal -0.06698866230532612 0.9977537367118917 0
outer loop
vertex 64.7158432006836 46.048526763916016 0
vertex 53.882450103759766 45.3211784362793 0
vertex 64.7158432006836 46.048526763916016 2.200000047683716
endloop
endfacet
facet normal 0.33024708658146046 0.9438945183676285 0
outer loop
vertex 66.37657165527344 45.46747589111328 0
vertex 64.7158432006836 46.048526763916016 0
vertex 66.37657165527344 45.46747589111328 2.200000047683716
endloop
endfacet
facet normal 0 0 1
outer loop
vertex 10.545620918273926 -14.973108291625977 2.200000047683716
vertex 10.477583885192871 -16.27132797241211 2.200000047683716
vertex 11.852042198181152 -13.478816986083984 2.200000047683716
endloop
endfacet
facet normal 0 0 1
outer loop
vertex 10.545620918273926 -14.973108291625977 2.200000047683716
vertex 11.852042198181152 -13.478816986083984 2.200000047683716
vertex 11.920079231262207 -12.180598258972168 2.200000047683716
endloop
endfacet
facet normal 0.674411597672825 0.7383556032999192 0
outer loop
vertex 69.83495330810547 42.30860137939453 0
vertex 66.37657165527344 45.46747589111328 0
vertex 69.83495330810547 42.30860137939453 2.200000047683716
endloop
endfacet
facet normal 0 0 1
outer loop
vertex 11.920079231262207 -12.180598258972168 2.200000047683716
vertex 11.852042198181152 -13.478816986083984 2.200000047683716
vertex 27.53052520751953 -14.300491333007812 2.200000047683716
endloop
endfacet
facet normal 0 0 -1
outer loop
vertex -23.817033767700195 -53.587398529052734 0
vertex -52.616729736328125 -51.397796630859375 0
vertex -23.782779693603516 -53.415191650390625 0
endloop
endfacet
facet normal 0 0 -1
outer loop
vertex -23.78252601623535 -47.06519317626953 0
vertex -52.616729736328125 -51.397796630859375 0
vertex -23.684978485107422 -46.28559875488281 0
endloop
endfacet
facet normal 0 0 -1
outer loop
vertex -23.81678009033203 -47.23740005493164 0
vertex -52.616729736328125 -51.397796630859375 0
vertex -23.78252601623535 -47.06519317626953 0
endloop
endfacet
facet normal 0 0 -1
outer loop
vertex -23.782779693603516 -53.415191650390625 0
vertex -52.616729736328125 -51.397796630859375 0
vertex -23.685232162475586 -53.269203186035156 0
endloop
endfacet
facet normal 0 0 -1
outer loop
vertex -23.539241790771484 -54.00314712524414 0
vertex -52.616729736328125 -51.397796630859375 0
vertex -23.685232162475586 -53.90559768676758 0
endloop
endfacet
facet normal 0 0 -1
outer loop
vertex -23.685232162475586 -53.269203186035156 0
vertex -52.616729736328125 -51.397796630859375 0
vertex -23.684978485107422 -52.635597229003906 0
endloop
endfacet
facet normal 0 0 1
outer loop
vertex 10.545620918273926 -14.973108291625977 2.200000047683716
vertex 11.920079231262207 -12.180598258972168 2.200000047683716
vertex 12.741753578186035 3.497885227203369 2.200000047683716
endloop
endfacet
facet normal 0.9963647833055482 0.08518931026377635 0.0000022956266072158026
outer loop
vertex 72.46546173095703 26.688791275024414 1.7000000476837158
vertex 71.41996002197266 38.91690444946289 0.20000000298023224
vertex 71.28055572509766 40.54732131958008 1.7000000476837158
endloop
endfacet
facet normal 0 0 1
outer loop
vertex 11.367295265197754 0.7053749561309814 2.200000047683716
vertex 10.545620918273926 -14.973108291625977 2.200000047683716
vertex 12.741753578186035 3.497885227203369 2.200000047683716
endloop
endfacet
facet normal 0 0 -1
outer loop
vertex -23.684978485107422 -52.635597229003906 0
vertex -52.616729736328125 -51.397796630859375 0
vertex -23.78252601623535 -52.48960876464844 0
endloop
endfacet
facet normal 0 0 -1
outer loop
vertex -23.78252601623535 -52.48960876464844 0
vertex -52.616729736328125 -51.397796630859375 0
vertex -23.81678009033203 -52.31739807128906 0
endloop
endfacet
facet normal 0 0 -1
outer loop
vertex -23.81678009033203 -52.31739807128906 0
vertex -52.616729736328125 -51.397796630859375 0
vertex -23.78252601623535 -52.14519119262695 0
endloop
endfacet
facet normal 0 0 -1
outer loop
vertex -23.78252601623535 -52.14519119262695 0
vertex -52.616729736328125 -51.397796630859375 0
vertex -23.78252601623535 -51.219608306884766 0
endloop
endfacet
facet normal 0.9963638645031477 0.08520005582365049 0
outer loop
vertex 70.5831069946289 40.48768615722656 1.7000000476837158
vertex 70.55175018310547 40.85438537597656 0.20000000298023224
vertex 70.55175018310547 40.85438537597656 1.7000000476837158
endloop
endfacet
facet normal 0.8969542436647526 0.4421233818424351 0
outer loop
vertex 70.55175018310547 40.85438537597656 1.7000000476837158
vertex 70.55175018310547 40.85438537597656 0.20000000298023224
vertex 70.48910522460938 40.981475830078125 1.7000000476837158
endloop
endfacet
facet normal -0.08519386415102839 0.9963643939397956 0
outer loop
vertex 71.28055572509766 40.54732131958008 1.7000000476837158
vertex 70.5831069946289 40.48768615722656 0.20000000298023224
vertex 70.5831069946289 40.48768615722656 1.7000000476837158
endloop
endfacet
facet normal 0.8969569026529363 0.442117987400706 0
outer loop
vertex 70.48910522460938 40.981475830078125 1.7000000476837158
vertex 69.83495330810547 42.30860137939453 0
vertex 69.83495330810547 42.30860137939453 2.200000047683716
endloop
endfacet
facet normal 0 0 -1
outer loop
vertex -23.78252601623535 -47.40960693359375 0
vertex -52.616729736328125 -51.397796630859375 0
vertex -23.81678009033203 -47.23740005493164 0
endloop
endfacet
facet normal 0 0 -1
outer loop
vertex -23.684978485107422 -47.555599212646484 0
vertex -52.616729736328125 -51.397796630859375 0
vertex -23.78252601623535 -47.40960693359375 0
endloop
endfacet
facet normal 0 0 1
outer loop
vertex 28.420236587524414 2.676210641860962 2.200000047683716
vertex 27.598562240600586 -13.002272605895996 2.200000047683716
vertex 31.825790405273438 9.037797927856445 2.200000047683716
endloop
endfacet
facet normal 0 0 -1
outer loop
vertex -23.78252601623535 -51.219608306884766 0
vertex -52.616729736328125 -51.397796630859375 0
vertex -23.81678009033203 -51.047401428222656 0
endloop
endfacet
facet normal 0 0 1
outer loop
vertex 33.19413757324219 -6.602458953857422 2.200000047683716
vertex 31.825790405273438 9.037797927856445 2.200000047683716
vertex 27.598562240600586 -13.002272605895996 2.200000047683716
endloop
endfacet
facet normal 0 0 -1
outer loop
vertex -23.81678009033203 -51.047401428222656 0
vertex -52.616729736328125 -51.397796630859375 0
vertex -23.78252601623535 -50.87519073486328 0
endloop
endfacet
facet normal 0 0 -1
outer loop
vertex -23.78252601623535 -50.87519073486328 0
vertex -52.616729736328125 -51.397796630859375 0
vertex -23.78252601623535 -49.949607849121094 0
endloop
endfacet
facet normal 0 0 -1
outer loop
vertex -23.78252601623535 -49.949607849121094 0
vertex -52.616729736328125 -51.397796630859375 0
vertex -23.81678009033203 -49.777400970458984 0
endloop
endfacet
facet normal 0 0 -1
outer loop
vertex -23.81678009033203 -49.777400970458984 0
vertex -52.616729736328125 -51.397796630859375 0
vertex -23.78252601623535 -49.605194091796875 0
endloop
endfacet
facet normal 0 0 1
outer loop
vertex 26.708850860595703 -29.978975296020508 2.200000047683716
vertex 11.030367851257324 -29.15730094909668 2.200000047683716
vertex 26.64081382751465 -31.277193069458008 2.200000047683716
endloop
endfacet
facet normal 0 0 1
outer loop
vertex 33.307437896728516 -7.897512435913086 2.200000047683716
vertex 33.19413757324219 -6.602458953857422 2.200000047683716
vertex 27.598562240600586 -13.002272605895996 2.200000047683716
endloop
endfacet
facet normal 0 0 1
outer loop
vertex 27.598562240600586 -13.002272605895996 2.200000047683716
vertex 27.53052520751953 -14.300491333007812 2.200000047683716
vertex 33.307437896728516 -7.897512435913086 2.200000047683716
endloop
endfacet
facet normal 0 0 -1
outer loop
vertex -23.78252601623535 -48.3351936340332 0
vertex -52.616729736328125 -51.397796630859375 0
vertex -23.684978485107422 -47.555599212646484 0
endloop
endfacet
facet normal 0 0 1
outer loop
vertex 26.708850860595703 -29.978975296020508 2.200000047683716
vertex 37.325504302978516 -40.57877731323242 2.200000047683716
vertex 34.675785064697266 -23.537769317626953 2.200000047683716
endloop
endfacet
facet normal 0 0 1
outer loop
vertex 34.675785064697266 -23.537769317626953 2.200000047683716
vertex 33.307437896728516 -7.897512435913086 2.200000047683716
vertex 26.708850860595703 -29.978975296020508 2.200000047683716
endloop
endfacet
facet normal 0 0 1
outer loop
vertex 27.53052520751953 -14.300491333007812 2.200000047683716
vertex 26.708850860595703 -29.978975296020508 2.200000047683716
vertex 33.307437896728516 -7.897512435913086 2.200000047683716
endloop
endfacet
facet normal 0 0 -1
outer loop
vertex -23.684978485107422 -49.45920181274414 0
vertex -52.616729736328125 -51.397796630859375 0
vertex -23.684978485107422 -48.825599670410156 0
endloop
endfacet
facet normal 0 0 -1
outer loop
vertex -23.81678009033203 -48.50740051269531 0
vertex -52.616729736328125 -51.397796630859375 0
vertex -23.78252601623535 -48.3351936340332 0
endloop
endfacet
facet normal 0 0 -1
outer loop
vertex -23.78252601623535 -48.67960739135742 0
vertex -52.616729736328125 -51.397796630859375 0
vertex -23.81678009033203 -48.50740051269531 0
endloop
endfacet
facet normal 0 0 -1
outer loop
vertex -52.616729736328125 -51.397796630859375 0
vertex -23.78252601623535 -48.67960739135742 0
vertex -23.684978485107422 -48.825599670410156 0
endloop
endfacet
facet normal 0 0 -1
outer loop
vertex -23.78252601623535 -49.605194091796875 0
vertex -52.616729736328125 -51.397796630859375 0
vertex -23.684978485107422 -49.45920181274414 0
endloop
endfacet
facet normal 0 0 1
outer loop
vertex 27.598562240600586 -13.002272605895996 2.200000047683716
vertex 11.920079231262207 -12.180598258972168 2.200000047683716
vertex 27.53052520751953 -14.300491333007812 2.200000047683716
endloop
endfacet
facet normal 0 0 -1
outer loop
vertex -4.443864822387695 -16.290424346923828 0
vertex -5.32869815826416 -19.798925399780273 0
vertex -4.29209041595459 -13.394399642944336 0
endloop
endfacet
facet normal -0.08518879924804286 0.9963648269999683 0
outer loop
vertex 75.24851989746094 -14.771358489990234 1.7000000476837158
vertex 74.01203918457031 -14.877077102661133 1.7000000476837158
vertex 75.24851989746094 -14.771358489990234 2.200000047683716
endloop
endfacet
facet normal 0 0 1
outer loop
vertex 74.01203918457031 -14.877077102661133 1.7000000476837158
vertex 75.24851989746094 -14.771358489990234 1.7000000476837158
vertex 75.29532623291016 -14.62606430053711 1.7000000476837158
endloop
endfacet
facet normal 0 0 1
outer loop
vertex 74.01203918457031 -14.877077102661133 1.7000000476837158
vertex 75.29532623291016 -14.62606430053711 1.7000000476837158
vertex 75.26472473144531 -14.268148422241211 1.7000000476837158
endloop
endfacet
facet normal 0 0 1
outer loop
vertex 72.39344787597656 4.053853988647461 1.7000000476837158
vertex 73.73131561279297 3.6664175987243652 1.7000000476837158
vertex 73.69061279296875 4.142486095428467 1.7000000476837158
endloop
endfacet
facet normal 0 0 1
outer loop
vertex 75.26472473144531 -14.268148422241211 1.7000000476837158
vertex 75.61367797851562 -10.132478713989258 1.7000000476837158
vertex 74.01203918457031 -14.877077102661133 1.7000000476837158
endloop
endfacet
facet normal 0 0 1
outer loop
vertex 75.61367797851562 -10.132478713989258 1.7000000476837158
vertex 75.26472473144531 -14.268148422241211 1.7000000476837158
vertex 75.96217346191406 -14.208516120910645 1.7000000476837158
endloop
endfacet
facet normal 0 0 1
outer loop
vertex 74.01203918457031 -14.877077102661133 1.7000000476837158
vertex 75.61367797851562 -10.132478713989258 1.7000000476837158
vertex 72.39344787597656 4.053853988647461 1.7000000476837158
endloop
endfacet
facet normal 0 0 1
outer loop
vertex 72.39344787597656 4.053853988647461 1.7000000476837158
vertex 75.61367797851562 -10.132478713989258 1.7000000476837158
vertex 73.73131561279297 3.6664175987243652 1.7000000476837158
endloop
endfacet
facet normal 0 0 1
outer loop
vertex 73.73131561279297 3.6664175987243652 1.7000000476837158
vertex 75.61367797851562 -10.132478713989258 1.7000000476837158
vertex 74.42877197265625 3.7260499000549316 1.7000000476837158
endloop
endfacet
facet normal 0.9963648083442488 0.08518901744431846 0
outer loop
vertex 72.39344787597656 4.053853988647461 2.200000047683716
vertex 74.01203918457031 -14.877077102661133 1.7000000476837158
vertex 72.39344787597656 4.053853988647461 1.7000000476837158
endloop
endfacet
facet normal 0.9963648083442488 0.08518901744431846 0
outer loop
vertex 74.01203918457031 -14.877077102661133 2.200000047683716
vertex 74.01203918457031 -14.877077102661133 1.7000000476837158
vertex 72.39344787597656 4.053853988647461 2.200000047683716
endloop
endfacet
facet normal -0.08518879924804286 0.9963648269999683 0
outer loop
vertex 75.24851989746094 -14.771358489990234 2.200000047683716
vertex 74.01203918457031 -14.877077102661133 1.7000000476837158
vertex 74.01203918457031 -14.877077102661133 2.200000047683716
endloop
endfacet
facet normal 0.08518819790999145 -0.9963648784139514 0
outer loop
vertex 69.24523162841797 40.875125885009766 2.200000047683716
vertex 69.24523162841797 40.875125885009766 1.7000000476837158
vertex 70.48910522460938 40.981475830078125 2.200000047683716
endloop
endfacet
facet normal 0.9963647821957266 0.08518932327505883 0
outer loop
vertex 70.81934356689453 22.464488983154297 2.200000047683716
vertex 70.81934356689453 22.464488983154297 1.7000000476837158
vertex 69.24523162841797 40.875125885009766 2.200000047683716
endloop
endfacet
facet normal 0 0 1
outer loop
vertex 72.46546173095703 26.688791275024414 1.7000000476837158
vertex 70.86383056640625 21.94419288635254 1.7000000476837158
vertex 72.11650848388672 22.55312156677246 1.7000000476837158
endloop
endfacet
facet normal 0 0 1
outer loop
vertex 70.81934356689453 22.464488983154297 1.7000000476837158
vertex 72.46546173095703 26.688791275024414 1.7000000476837158
vertex 69.24523162841797 40.875125885009766 1.7000000476837158
endloop
endfacet
facet normal 0 0 1
outer loop
vertex 72.15721130371094 22.07705307006836 1.7000000476837158
vertex 72.11650848388672 22.55312156677246 1.7000000476837158
vertex 70.86383056640625 21.94419288635254 1.7000000476837158
endloop
endfacet
facet normal 0 0 1
outer loop
vertex 72.46546173095703 26.688791275024414 1.7000000476837158
vertex 72.11650848388672 22.55312156677246 1.7000000476837158
vertex 72.81396484375 22.61275291442871 1.7000000476837158
endloop
endfacet
facet normal 0 0 1
outer loop
vertex 72.46546173095703 26.688791275024414 1.7000000476837158
vertex 70.81934356689453 22.464488983154297 1.7000000476837158
vertex 70.86383056640625 21.94419288635254 1.7000000476837158
endloop
endfacet
facet normal 0 0 1
outer loop
vertex 69.24523162841797 40.875125885009766 1.7000000476837158
vertex 72.46546173095703 26.688791275024414 1.7000000476837158
vertex 70.5831069946289 40.48768615722656 1.7000000476837158
endloop
endfacet
facet normal 0 0 1
outer loop
vertex 71.28055572509766 40.54732131958008 1.7000000476837158
vertex 70.5831069946289 40.48768615722656 1.7000000476837158
vertex 72.46546173095703 26.688791275024414 1.7000000476837158
endloop
endfacet
facet normal 0 0 1
outer loop
vertex 69.24523162841797 40.875125885009766 1.7000000476837158
vertex 70.5831069946289 40.48768615722656 1.7000000476837158
vertex 70.55175018310547 40.85438537597656 1.7000000476837158
endloop
endfacet
facet normal 0 0 1
outer loop
vertex 69.24523162841797 40.875125885009766 1.7000000476837158
vertex 70.55175018310547 40.85438537597656 1.7000000476837158
vertex 70.48910522460938 40.981475830078125 1.7000000476837158
endloop
endfacet
facet normal 0.9963647821957266 0.08518932327505883 0
outer loop
vertex 69.24523162841797 40.875125885009766 2.200000047683716
vertex 70.81934356689453 22.464488983154297 1.7000000476837158
vertex 69.24523162841797 40.875125885009766 1.7000000476837158
endloop
endfacet
facet normal 0.08518819790999145 -0.9963648784139514 0
outer loop
vertex 69.24523162841797 40.875125885009766 1.7000000476837158
vertex 70.48910522460938 40.981475830078125 1.7000000476837158
vertex 70.48910522460938 40.981475830078125 2.200000047683716
endloop
endfacet
facet normal -0.7625017788436591 0.6469861182902269 0
outer loop
vertex -59.5742301940918 61.3312873840332 1.7000000476837158
vertex -71.8669662475586 46.843753814697266 1.7000000476837158
vertex -71.8669662475586 46.843753814697266 2.200000047683716
endloop
endfacet
facet normal 0 0 1
outer loop
vertex -64.06948852539062 59.12468338012695 1.7000000476837158
vertex -71.8669662475586 46.843753814697266 1.7000000476837158
vertex -59.5742301940918 61.3312873840332 1.7000000476837158
endloop
endfacet
facet normal 0 0 1
outer loop
vertex -72.53472900390625 48.06608581542969 1.7000000476837158
vertex -71.8669662475586 46.843753814697266 1.7000000476837158
vertex -64.06948852539062 59.12468338012695 1.7000000476837158
endloop
endfacet
facet normal 0 0 1
outer loop
vertex -60.88897705078125 61.79111862182617 1.7000000476837158
vertex -64.06948852539062 59.12468338012695 1.7000000476837158
vertex -59.5742301940918 61.3312873840332 1.7000000476837158
endloop
endfacet
facet normal 0 0 1
outer loop
vertex -72.53472900390625 48.06608581542969 1.7000000476837158
vertex -72.85821533203125 47.68483352661133 1.7000000476837158
vertex -71.8669662475586 46.843753814697266 1.7000000476837158
endloop
endfacet
facet normal 0.6469863406258763 0.7625015901908255 0
outer loop
vertex -71.8669662475586 46.843753814697266 1.7000000476837158
vertex -72.85821533203125 47.68483352661133 2.200000047683716
vertex -71.8669662475586 46.843753814697266 2.200000047683716
endloop
endfacet
facet normal 0 0 1
outer loop
vertex -60.51609420776367 62.130462646484375 1.7000000476837158
vertex -60.66071701049805 62.06013107299805 1.7000000476837158
vertex -59.5742301940918 61.3312873840332 1.7000000476837158
endloop
endfacet
facet normal 0 0 1
outer loop
vertex -60.66071701049805 62.06013107299805 1.7000000476837158
vertex -60.88897705078125 61.79111862182617 1.7000000476837158
vertex -59.5742301940918 61.3312873840332 1.7000000476837158
endloop
endfacet
facet normal 0 0 1
outer loop
vertex -64.06948852539062 59.12468338012695 1.7000000476837158
vertex -73.06847381591797 48.518978118896484 1.7000000476837158
vertex -72.53472900390625 48.06608581542969 1.7000000476837158
endloop
endfacet
facet normal -0.6469858819052714 -0.7625019794172723 0
outer loop
vertex -60.51609420776367 62.130462646484375 1.7000000476837158
vertex -59.5742301940918 61.3312873840332 2.200000047683716
vertex -60.51609420776367 62.130462646484375 2.200000047683716
endloop
endfacet
facet normal -0.7625017788436591 0.6469861182902269 0
outer loop
vertex -59.5742301940918 61.3312873840332 2.200000047683716
vertex -59.5742301940918 61.3312873840332 1.7000000476837158
vertex -71.8669662475586 46.843753814697266 2.200000047683716
endloop
endfacet
facet normal -0.6469858819052714 -0.7625019794172723 0
outer loop
vertex -60.51609420776367 62.130462646484375 1.7000000476837158
vertex -59.5742301940918 61.3312873840332 1.7000000476837158
vertex -59.5742301940918 61.3312873840332 2.200000047683716
endloop
endfacet
facet normal 0 0 1
outer loop
vertex -61.422725677490234 62.2440071105957 1.7000000476837158
vertex -64.06948852539062 59.12468338012695 1.7000000476837158
vertex -60.88897705078125 61.79111862182617 1.7000000476837158
endloop
endfacet
facet normal 0.6469863406258763 0.7625015901908255 0
outer loop
vertex -72.85821533203125 47.68483352661133 2.200000047683716
vertex -71.8669662475586 46.843753814697266 1.7000000476837158
vertex -72.85821533203125 47.68483352661133 1.7000000476837158
endloop
endfacet
facet normal -0.9850441978259868 0.17230185236775072 0
outer loop
vertex -65.53105163574219 -3.1272339820861816 1.7000000476837158
vertex -68.8047866821289 -21.84307289123535 2.200000047683716
vertex -65.53105163574219 -3.1272339820861816 2.200000047683716
endloop
endfacet
facet normal 0 0 1
outer loop
vertex -70.06243133544922 -21.488080978393555 1.7000000476837158
vertex -70.03370666503906 -21.62811279296875 1.7000000476837158
vertex -68.8047866821289 -21.84307289123535 1.7000000476837158
endloop
endfacet
facet normal 0 0 1
outer loop
vertex -69.99919891357422 -21.126558303833008 1.7000000476837158
vertex -70.06243133544922 -21.488080978393555 1.7000000476837158
vertex -68.8047866821289 -21.84307289123535 1.7000000476837158
endloop
endfacet
facet normal 0 0 1
outer loop
vertex -68.29216003417969 -7.304877758026123 1.7000000476837158
vertex -70.68872833251953 -21.00594711303711 1.7000000476837158
vertex -69.99919891357422 -21.126558303833008 1.7000000476837158
endloop
endfacet
facet normal 0 0 1
outer loop
vertex -69.99919891357422 -21.126558303833008 1.7000000476837158
vertex -68.8047866821289 -21.84307289123535 1.7000000476837158
vertex -68.29216003417969 -7.304877758026123 1.7000000476837158
endloop
endfacet
facet normal 0.17230185875884846 0.9850441967080695 0
outer loop
vertex -68.8047866821289 -21.84307289123535 1.7000000476837158
vertex -70.03370666503906 -21.62811279296875 1.7000000476837158
vertex -68.8047866821289 -21.84307289123535 2.200000047683716
endloop
endfacet
facet normal 0.17230185875884846 0.9850441967080695 0
outer loop
vertex -68.8047866821289 -21.84307289123535 2.200000047683716
vertex -70.03370666503906 -21.62811279296875 1.7000000476837158
vertex -70.03370666503906 -21.62811279296875 2.200000047683716
endloop
endfacet
facet normal 0 0 1
outer loop
vertex -68.29216003417969 -7.304877758026123 1.7000000476837158
vertex -68.8047866821289 -21.84307289123535 1.7000000476837158
vertex -65.53105163574219 -3.1272339820861816 1.7000000476837158
endloop
endfacet
facet normal 0 0 1
outer loop
vertex -67.58728790283203 -3.2751517295837402 1.7000000476837158
vertex -68.29216003417969 -7.304877758026123 1.7000000476837158
vertex -66.89775848388672 -3.3957631587982178 1.7000000476837158
endloop
endfacet
facet normal -0.1723023893596029 -0.9850441038963543 0
outer loop
vertex -66.81160736083984 -2.9032411575317383 1.7000000476837158
vertex -65.53105163574219 -3.1272339820861816 2.200000047683716
vertex -66.81160736083984 -2.9032411575317383 2.200000047683716
endloop
endfacet
facet normal -0.1723023893596029 -0.9850441038963543 0
outer loop
vertex -66.81160736083984 -2.9032411575317383 1.7000000476837158
vertex -65.53105163574219 -3.1272339820861816 1.7000000476837158
vertex -65.53105163574219 -3.1272339820861816 2.200000047683716
endloop
endfacet
facet normal 0 0 1
outer loop
vertex -66.89775848388672 -3.3957631587982178 1.7000000476837158
vertex -68.29216003417969 -7.304877758026123 1.7000000476837158
vertex -65.53105163574219 -3.1272339820861816 1.7000000476837158
endloop
endfacet
facet normal 0 0 1
outer loop
vertex -66.81160736083984 -2.9032411575317383 1.7000000476837158
vertex -66.89775848388672 -3.3957631587982178 1.7000000476837158
vertex -65.53105163574219 -3.1272339820861816 1.7000000476837158
endloop
endfacet
facet normal -0.9850441978259868 0.17230185236775072 0
outer loop
vertex -65.53105163574219 -3.1272339820861816 1.7000000476837158
vertex -68.8047866821289 -21.84307289123535 1.7000000476837158
vertex -68.8047866821289 -21.84307289123535 2.200000047683716
endloop
endfacet
facet normal 0 0 1
outer loop
vertex 72.15721130371094 22.07705307006836 1.7000000476837158
vertex 74.38806915283203 4.202118396759033 1.7000000476837158
vertex 72.85466766357422 22.13668441772461 1.7000000476837158
endloop
endfacet
facet normal 0 0 1
outer loop
vertex 73.69061279296875 4.142486095428467 1.7000000476837158
vertex 70.86383056640625 21.94419288635254 1.7000000476837158
vertex 72.39344787597656 4.053853988647461 1.7000000476837158
endloop
endfacet
facet normal 0.9963648251085642 0.08518882128770398 0.0000037405619271132207
outer loop
vertex 70.81934356689453 22.464488983154297 2.200000047683716
vertex 72.39344787597656 4.053853988647461 1.7000000476837158
vertex 70.86383056640625 21.94419288635254 1.7000000476837158
endloop
endfacet
facet normal 0.9963645199986475 0.08519238984712668 0
outer loop
vertex 70.86383056640625 21.94419288635254 1.7000000476837158
vertex 70.81934356689453 22.464488983154297 1.7000000476837158
vertex 70.81934356689453 22.464488983154297 2.200000047683716
endloop
endfacet
facet normal 0 0 1
outer loop
vertex 73.69061279296875 4.142486095428467 1.7000000476837158
vertex 74.38806915283203 4.202118396759033 1.7000000476837158
vertex 70.86383056640625 21.94419288635254 1.7000000476837158
endloop
endfacet
facet normal 0.996364816492913 0.08518892213805652 0
outer loop
vertex 72.39344787597656 4.053853988647461 2.200000047683716
vertex 72.39344787597656 4.053853988647461 1.7000000476837158
vertex 70.81934356689453 22.464488983154297 2.200000047683716
endloop
endfacet
facet normal 0 0 1
outer loop
vertex 70.86383056640625 21.94419288635254 1.7000000476837158
vertex 74.38806915283203 4.202118396759033 1.7000000476837158
vertex 72.15721130371094 22.07705307006836 1.7000000476837158
endloop
endfacet
facet normal 0 0 -1
outer loop
vertex 75.26472473144531 -14.268148422241211 0.20000000298023224
vertex 74.01203918457031 -14.877077102661133 0.20000000298023224
vertex 74.56817626953125 2.095634937286377 0.20000000298023224
endloop
endfacet
facet normal 0 0 -1
outer loop
vertex 73.73131561279297 3.6664175987243652 0.20000000298023224
vertex 72.39344787597656 4.053853988647461 0.20000000298023224
vertex 73.69061279296875 4.142486095428467 0.20000000298023224
endloop
endfacet
facet normal 0 0 -1
outer loop
vertex 73.73131561279297 3.6664175987243652 0.20000000298023224
vertex 74.42877197265625 3.7260499000549316 0.20000000298023224
vertex 74.56817626953125 2.095634937286377 0.20000000298023224
endloop
endfacet
facet normal 0 0 -1
outer loop
vertex 74.56817626953125 2.095634937286377 0.20000000298023224
vertex 72.39344787597656 4.053853988647461 0.20000000298023224
vertex 73.73131561279297 3.6664175987243652 0.20000000298023224
endloop
endfacet
facet normal -0.08518879924804286 0.9963648269999682 0
outer loop
vertex 75.24851989746094 -14.771358489990234 0
vertex 74.01203918457031 -14.877077102661133 0
vertex 74.01203918457031 -14.877077102661133 0.20000000298023224
endloop
endfacet
facet normal -0.08518879924804286 0.9963648269999682 0
outer loop
vertex 75.24851989746094 -14.771358489990234 0.20000000298023224
vertex 75.24851989746094 -14.771358489990234 0
vertex 74.01203918457031 -14.877077102661133 0.20000000298023224
endloop
endfacet
facet normal 0.9963648083442488 0.08518901744431846 0
outer loop
vertex 74.01203918457031 -14.877077102661133 0.20000000298023224
vertex 74.01203918457031 -14.877077102661133 0
vertex 72.39344787597656 4.053853988647461 0.20000000298023224
endloop
endfacet
facet normal 0 0 -1
outer loop
vertex 75.24851989746094 -14.771358489990234 0.20000000298023224
vertex 74.01203918457031 -14.877077102661133 0.20000000298023224
vertex 75.29532623291016 -14.62606430053711 0.20000000298023224
endloop
endfacet
facet normal 0 0 -1
outer loop
vertex 74.56817626953125 2.095634937286377 0.20000000298023224
vertex 74.01203918457031 -14.877077102661133 0.20000000298023224
vertex 72.39344787597656 4.053853988647461 0.20000000298023224
endloop
endfacet
facet normal 0.9963648083442488 0.08518901744431846 0
outer loop
vertex 72.39344787597656 4.053853988647461 0.20000000298023224
vertex 74.01203918457031 -14.877077102661133 0
vertex 72.39344787597656 4.053853988647461 0
endloop
endfacet
facet normal 0 0 -1
outer loop
vertex 75.26472473144531 -14.268148422241211 0.20000000298023224
vertex 74.56817626953125 2.095634937286377 0.20000000298023224
vertex 75.96217346191406 -14.208516120910645 0.20000000298023224
endloop
endfacet
facet normal 0 0 -1
outer loop
vertex 75.29532623291016 -14.62606430053711 0.20000000298023224
vertex 74.01203918457031 -14.877077102661133 0.20000000298023224
vertex 75.26472473144531 -14.268148422241211 0.20000000298023224
endloop
endfacet
facet normal 0 0 -1
outer loop
vertex 70.86383056640625 21.94419288635254 0.20000000298023224
vertex 70.81934356689453 22.464488983154297 0.20000000298023224
vertex 71.41996002197266 38.91690444946289 0.20000000298023224
endloop
endfacet
facet normal 0 0 -1
outer loop
vertex 72.11650848388672 22.55312156677246 0.20000000298023224
vertex 70.86383056640625 21.94419288635254 0.20000000298023224
vertex 71.41996002197266 38.91690444946289 0.20000000298023224
endloop
endfacet
facet normal 0 0 -1
outer loop
vertex 72.11650848388672 22.55312156677246 0.20000000298023224
vertex 71.41996002197266 38.91690444946289 0.20000000298023224
vertex 72.81396484375 22.61275291442871 0.20000000298023224
endloop
endfacet
facet normal 0 0 -1
outer loop
vertex 70.55175018310547 40.85438537597656 0.20000000298023224
vertex 69.24523162841797 40.875125885009766 0.20000000298023224
vertex 70.48910522460938 40.981475830078125 0.20000000298023224
endloop
endfacet
facet normal 0 0 -1
outer loop
vertex 70.5831069946289 40.48768615722656 0.20000000298023224
vertex 69.24523162841797 40.875125885009766 0.20000000298023224
vertex 70.55175018310547 40.85438537597656 0.20000000298023224
endloop
endfacet
facet normal 0 0 -1
outer loop
vertex 70.5831069946289 40.48768615722656 0.20000000298023224
vertex 71.28055572509766 40.54732131958008 0.20000000298023224
vertex 71.41996002197266 38.91690444946289 0.20000000298023224
endloop
endfacet
facet normal 0 0 -1
outer loop
vertex 69.24523162841797 40.875125885009766 0.20000000298023224
vertex 70.5831069946289 40.48768615722656 0.20000000298023224
vertex 71.41996002197266 38.91690444946289 0.20000000298023224
endloop
endfacet
facet normal 0.08518819790999144 -0.9963648784139514 0
outer loop
vertex 69.24523162841797 40.875125885009766 0.20000000298023224
vertex 69.24523162841797 40.875125885009766 0
vertex 70.48910522460938 40.981475830078125 0.20000000298023224
endloop
endfacet
facet normal 0.08518819790999144 -0.9963648784139514 0
outer loop
vertex 69.24523162841797 40.875125885009766 0
vertex 70.48910522460938 40.981475830078125 0
vertex 70.48910522460938 40.981475830078125 0.20000000298023224
endloop
endfacet
facet normal 0 0 -1
outer loop
vertex 71.41996002197266 38.91690444946289 0.20000000298023224
vertex 70.81934356689453 22.464488983154297 0.20000000298023224
vertex 69.24523162841797 40.875125885009766 0.20000000298023224
endloop
endfacet
facet normal 0.9963647821957266 0.08518932327505883 0
outer loop
vertex 70.81934356689453 22.464488983154297 0.20000000298023224
vertex 69.24523162841797 40.875125885009766 0
vertex 69.24523162841797 40.875125885009766 0.20000000298023224
endloop
endfacet
facet normal 0 0 -1
outer loop
vertex 70.86383056640625 21.94419288635254 0.20000000298023224
vertex 72.11650848388672 22.55312156677246 0.20000000298023224
vertex 72.15721130371094 22.07705307006836 0.20000000298023224
endloop
endfacet
facet normal 0.9963647821957266 0.08518932327505883 0
outer loop
vertex 70.81934356689453 22.464488983154297 0.20000000298023224
vertex 70.81934356689453 22.464488983154297 0
vertex 69.24523162841797 40.875125885009766 0
endloop
endfacet
facet normal -0.6469858819052713 -0.7625019794172723 0
outer loop
vertex -60.51609420776367 62.130462646484375 0
vertex -59.5742301940918 61.3312873840332 0
vertex -59.5742301940918 61.3312873840332 0.20000000298023224
endloop
endfacet
facet normal 0 0 -1
outer loop
vertex -71.8669662475586 46.843753814697266 0.20000000298023224
vertex -72.85821533203125 47.68483352661133 0.20000000298023224
vertex -72.53472900390625 48.06608581542969 0.20000000298023224
endloop
endfacet
facet normal -0.6469858819052713 -0.7625019794172723 0
outer loop
vertex -60.51609420776367 62.130462646484375 0.20000000298023224
vertex -60.51609420776367 62.130462646484375 0
vertex -59.5742301940918 61.3312873840332 0.20000000298023224
endloop
endfacet
facet normal -0.7625017788436591 0.6469861182902269 0
outer loop
vertex -59.5742301940918 61.3312873840332 0
vertex -71.8669662475586 46.843753814697266 0.20000000298023224
vertex -59.5742301940918 61.3312873840332 0.20000000298023224
endloop
endfacet
facet normal 0 0 -1
outer loop
vertex -72.00977325439453 49.76670455932617 0.20000000298023224
vertex -61.422725677490234 62.2440071105957 0.20000000298023224
vertex -60.88897705078125 61.79111862182617 0.20000000298023224
endloop
endfacet
facet normal 0 0 -1
outer loop
vertex -60.51609420776367 62.130462646484375 0.20000000298023224
vertex -60.88897705078125 61.79111862182617 0.20000000298023224
vertex -60.66071701049805 62.06013107299805 0.20000000298023224
endloop
endfacet
facet normal 0 0 -1
outer loop
vertex -72.00977325439453 49.76670455932617 0.20000000298023224
vertex -60.88897705078125 61.79111862182617 0.20000000298023224
vertex -60.51609420776367 62.130462646484375 0.20000000298023224
endloop
endfacet
facet normal 0 0 -1
outer loop
vertex -59.5742301940918 61.3312873840332 0.20000000298023224
vertex -72.00977325439453 49.76670455932617 0.20000000298023224
vertex -60.51609420776367 62.130462646484375 0.20000000298023224
endloop
endfacet
facet normal 0 0 -1
outer loop
vertex -72.00977325439453 49.76670455932617 0.20000000298023224
vertex -72.53472900390625 48.06608581542969 0.20000000298023224
vertex -73.06847381591797 48.518978118896484 0.20000000298023224
endloop
endfacet
facet normal 0 0 -1
outer loop
vertex -71.8669662475586 46.843753814697266 0.20000000298023224
vertex -72.53472900390625 48.06608581542969 0.20000000298023224
vertex -72.00977325439453 49.76670455932617 0.20000000298023224
endloop
endfacet
facet normal 0.6469863406258765 0.7625015901908255 0
outer loop
vertex -71.8669662475586 46.843753814697266 0
vertex -72.85821533203125 47.68483352661133 0.20000000298023224
vertex -71.8669662475586 46.843753814697266 0.20000000298023224
endloop
endfacet
facet normal 0.6469863406258765 0.7625015901908255 0
outer loop
vertex -72.85821533203125 47.68483352661133 0.20000000298023224
vertex -71.8669662475586 46.843753814697266 0
vertex -72.85821533203125 47.68483352661133 0
endloop
endfacet
facet normal -0.7625017788436591 0.6469861182902269 0
outer loop
vertex -71.8669662475586 46.843753814697266 0
vertex -71.8669662475586 46.843753814697266 0.20000000298023224
vertex -59.5742301940918 61.3312873840332 0
endloop
endfacet
facet normal 0 0 -1
outer loop
vertex -71.8669662475586 46.843753814697266 0.20000000298023224
vertex -72.00977325439453 49.76670455932617 0.20000000298023224
vertex -59.5742301940918 61.3312873840332 0.20000000298023224
endloop
endfacet
facet normal 0 0 -1
outer loop
vertex -70.40677642822266 -19.39405632019043 0.20000000298023224
vertex -69.99919891357422 -21.126558303833008 0.20000000298023224
vertex -70.68872833251953 -21.00594711303711 0.20000000298023224
endloop
endfacet
facet normal -0.9850441978259868 0.17230185236775072 0
outer loop
vertex -68.8047866821289 -21.84307289123535 0
vertex -68.8047866821289 -21.84307289123535 0.20000000298023224
vertex -65.53105163574219 -3.1272339820861816 0
endloop
endfacet
facet normal -0.9850441978259868 0.17230185236775072 0
outer loop
vertex -65.53105163574219 -3.1272339820861816 0
vertex -68.8047866821289 -21.84307289123535 0.20000000298023224
vertex -65.53105163574219 -3.1272339820861816 0.20000000298023224
endloop
endfacet
facet normal 0 0 -1
outer loop
vertex -65.53105163574219 -3.1272339820861816 0.20000000298023224
vertex -68.8047866821289 -21.84307289123535 0.20000000298023224
vertex -70.40677642822266 -19.39405632019043 0.20000000298023224
endloop
endfacet
facet normal 0 0 -1
outer loop
vertex -70.40677642822266 -19.39405632019043 0.20000000298023224
vertex -67.58728790283203 -3.2751517295837402 0.20000000298023224
vertex -66.89775848388672 -3.3957631587982178 0.20000000298023224
endloop
endfacet
facet normal 0 0 -1
outer loop
vertex -65.53105163574219 -3.1272339820861816 0.20000000298023224
vertex -70.40677642822266 -19.39405632019043 0.20000000298023224
vertex -66.89775848388672 -3.3957631587982178 0.20000000298023224
endloop
endfacet
facet normal -0.1723023893596029 -0.9850441038963543 0
outer loop
vertex -66.81160736083984 -2.9032411575317383 0
vertex -65.53105163574219 -3.1272339820861816 0
vertex -65.53105163574219 -3.1272339820861816 0.20000000298023224
endloop
endfacet
facet normal -0.1723023893596029 -0.9850441038963543 0
outer loop
vertex -66.81160736083984 -2.9032411575317383 0
vertex -65.53105163574219 -3.1272339820861816 0.20000000298023224
vertex -66.81160736083984 -2.9032411575317383 0.20000000298023224
endloop
endfacet
facet normal 0 0 -1
outer loop
vertex -65.53105163574219 -3.1272339820861816 0.20000000298023224
vertex -66.89775848388672 -3.3957631587982178 0.20000000298023224
vertex -66.81160736083984 -2.9032411575317383 0.20000000298023224
endloop
endfacet
facet normal 0 0 -1
outer loop
vertex -68.8047866821289 -21.84307289123535 0.20000000298023224
vertex -69.99919891357422 -21.126558303833008 0.20000000298023224
vertex -70.40677642822266 -19.39405632019043 0.20000000298023224
endloop
endfacet
facet normal 0 0 -1
outer loop
vertex -68.8047866821289 -21.84307289123535 0.20000000298023224
vertex -70.06243133544922 -21.488080978393555 0.20000000298023224
vertex -69.99919891357422 -21.126558303833008 0.20000000298023224
endloop
endfacet
facet normal 0 0 -1
outer loop
vertex -68.8047866821289 -21.84307289123535 0.20000000298023224
vertex -70.03370666503906 -21.62811279296875 0.20000000298023224
vertex -70.06243133544922 -21.488080978393555 0.20000000298023224
endloop
endfacet
facet normal 0.17230185875884846 0.9850441967080693 0
outer loop
vertex -68.8047866821289 -21.84307289123535 0
vertex -70.03370666503906 -21.62811279296875 0
vertex -70.03370666503906 -21.62811279296875 0.20000000298023224
endloop
endfacet
facet normal 0.17230185875884846 0.9850441967080693 0
outer loop
vertex -68.8047866821289 -21.84307289123535 0
vertex -70.03370666503906 -21.62811279296875 0.20000000298023224
vertex -68.8047866821289 -21.84307289123535 0.20000000298023224
endloop
endfacet
facet normal 0 0 -1
outer loop
vertex 72.85466766357422 22.13668441772461 0.20000000298023224
vertex 72.39344787597656 4.053853988647461 0.20000000298023224
vertex 72.15721130371094 22.07705307006836 0.20000000298023224
endloop
endfacet
facet normal 0 0 -1
outer loop
vertex 73.69061279296875 4.142486095428467 0.20000000298023224
vertex 72.39344787597656 4.053853988647461 0.20000000298023224
vertex 72.85466766357422 22.13668441772461 0.20000000298023224
endloop
endfacet
facet normal 0.9963648251155347 0.08518882128829995 0
outer loop
vertex 72.39344787597656 4.053853988647461 0.20000000298023224
vertex 72.39344787597656 4.053853988647461 0
vertex 70.86383056640625 21.94419288635254 0.20000000298023224
endloop
endfacet
facet normal 0 0 -1
outer loop
vertex 72.39344787597656 4.053853988647461 0.20000000298023224
vertex 70.86383056640625 21.94419288635254 0.20000000298023224
vertex 72.15721130371094 22.07705307006836 0.20000000298023224
endloop
endfacet
facet normal 0.9963648164517751 0.08518892213453925 -0.000009087128035679572
outer loop
vertex 72.39344787597656 4.053853988647461 0
vertex 70.81934356689453 22.464488983154297 0
vertex 70.86383056640625 21.94419288635254 0.20000000298023224
endloop
endfacet
facet normal 0.9963645199986475 0.08519238984712668 0
outer loop
vertex 70.86383056640625 21.94419288635254 0.20000000298023224
vertex 70.81934356689453 22.464488983154297 0
vertex 70.81934356689453 22.464488983154297 0.20000000298023224
endloop
endfacet
facet normal 0 0 -1
outer loop
vertex 73.69061279296875 4.142486095428467 0.20000000298023224
vertex 72.85466766357422 22.13668441772461 0.20000000298023224
vertex 74.38806915283203 4.202118396759033 0.20000000298023224
endloop
endfacet
facet normal 0.9986295356868822 -0.052335938453440346 0
outer loop
vertex 9.587872505187988 -33.24802780151367 2.9000000953674316
vertex 8.76619815826416 -48.926513671875 2.9000000953674316
vertex 9.587872505187988 -33.24802780151367 2.200000047683716
endloop
endfacet
facet normal 0.05233594639023002 0.9986295352709327 0
outer loop
vertex -6.090610980987549 -32.426353454589844 2.200000047683716
vertex -6.090610980987549 -32.426353454589844 2.9000000953674316
vertex 9.587872505187988 -33.24802780151367 2.9000000953674316
endloop
endfacet
facet normal 0 0 1
outer loop
vertex -6.912285327911377 -48.10483932495117 2.9000000953674316
vertex 8.009162902832031 -48.08573913574219 2.9000000953674316
vertex -6.0715131759643555 -47.34780502319336 2.9000000953674316
endloop
endfacet
facet normal 0 0 1
outer loop
vertex 9.587872505187988 -33.24802780151367 2.9000000953674316
vertex -5.333576202392578 -33.267127990722656 2.9000000953674316
vertex 8.747099876403809 -34.00506591796875 2.9000000953674316
endloop
endfacet
facet normal -0.9986295356868822 0.052335938453440346 0
outer loop
vertex -6.090610980987549 -32.426353454589844 2.200000047683716
vertex -6.912285327911377 -48.10483932495117 2.200000047683716
vertex -6.090610980987549 -32.426353454589844 2.9000000953674316
endloop
endfacet
facet normal 0 0 1
outer loop
vertex 8.747099876403809 -34.00506591796875 2.9000000953674316
vertex 8.009162902832031 -48.08573913574219 2.9000000953674316
vertex 9.587872505187988 -33.24802780151367 2.9000000953674316
endloop
endfacet
facet normal -0.05233594639023002 -0.9986295352709327 0
outer loop
vertex -6.912285327911377 -48.10483932495117 2.9000000953674316
vertex 8.76619815826416 -48.926513671875 2.200000047683716
vertex 8.76619815826416 -48.926513671875 2.9000000953674316
endloop
endfacet
facet normal 0.05233594639023002 0.9986295352709327 0
outer loop
vertex 9.587872505187988 -33.24802780151367 2.200000047683716
vertex -6.090610980987549 -32.426353454589844 2.200000047683716
vertex 9.587872505187988 -33.24802780151367 2.9000000953674316
endloop
endfacet
facet normal 0 0 1
outer loop
vertex 8.009162902832031 -48.08573913574219 2.9000000953674316
vertex 8.76619815826416 -48.926513671875 2.9000000953674316
vertex 9.587872505187988 -33.24802780151367 2.9000000953674316
endloop
endfacet
facet normal -0.9986295356868822 0.052335938453440346 0
outer loop
vertex -6.090610980987549 -32.426353454589844 2.9000000953674316
vertex -6.912285327911377 -48.10483932495117 2.200000047683716
vertex -6.912285327911377 -48.10483932495117 2.9000000953674316
endloop
endfacet
facet normal 0 0 1
outer loop
vertex 9.587872505187988 -33.24802780151367 2.9000000953674316
vertex -6.090610980987549 -32.426353454589844 2.9000000953674316
vertex -5.333576202392578 -33.267127990722656 2.9000000953674316
endloop
endfacet
facet normal 0 0 1
outer loop
vertex -6.0715131759643555 -47.34780502319336 2.9000000953674316
vertex -5.333576202392578 -33.267127990722656 2.9000000953674316
vertex -6.912285327911377 -48.10483932495117 2.9000000953674316
endloop
endfacet
facet normal 0 0 1
outer loop
vertex -6.090610980987549 -32.426353454589844 2.9000000953674316
vertex -6.912285327911377 -48.10483932495117 2.9000000953674316
vertex -5.333576202392578 -33.267127990722656 2.9000000953674316
endloop
endfacet
facet normal 0.9986295356868822 -0.052335938453440346 0
outer loop
vertex 8.76619815826416 -48.926513671875 2.9000000953674316
vertex 8.76619815826416 -48.926513671875 2.200000047683716
vertex 9.587872505187988 -33.24802780151367 2.200000047683716
endloop
endfacet
facet normal 0 0 1
outer loop
vertex 8.009162902832031 -48.08573913574219 2.9000000953674316
vertex -6.912285327911377 -48.10483932495117 2.9000000953674316
vertex 8.76619815826416 -48.926513671875 2.9000000953674316
endloop
endfacet
facet normal -0.05233594639023002 -0.9986295352709327 0
outer loop
vertex -6.912285327911377 -48.10483932495117 2.200000047683716
vertex 8.76619815826416 -48.926513671875 2.200000047683716
vertex -6.912285327911377 -48.10483932495117 2.9000000953674316
endloop
endfacet
facet normal -0.052336024364534536 -0.9986295311844703 0
outer loop
vertex -5.333576202392578 -33.267127990722656 2.9000000953674316
vertex -5.333576202392578 -33.267127990722656 2.200000047683716
vertex 8.747099876403809 -34.00506591796875 2.9000000953674316
endloop
endfacet
facet normal -0.9986295310028335 0.052336027830368455 0
outer loop
vertex 8.22107219696045 -44.042274475097656 2.200000047683716
vertex 8.009162902832031 -48.08573913574219 2.200000047683716
vertex 8.009162902832031 -48.08573913574219 2.9000000953674316
endloop
endfacet
facet normal 0.052335754559658804 0.9986295453243266 0
outer loop
vertex 8.009162902832031 -48.08573913574219 2.200000047683716
vertex -6.0715131759643555 -47.34780502319336 2.9000000953674316
vertex 8.009162902832031 -48.08573913574219 2.9000000953674316
endloop
endfacet
facet normal -0.9986295354368722 0.05233594322162011 -4.900743922595857e-7
outer loop
vertex 8.22107219696045 -44.042274475097656 2.200000047683716
vertex 8.009162902832031 -48.08573913574219 2.9000000953674316
vertex 8.747099876403809 -34.00506591796875 2.200000047683716
endloop
endfacet
facet normal 0.998629534904701 -0.052335953378348316 0
outer loop
vertex -6.0715131759643555 -47.34780502319336 2.9000000953674316
vertex -6.0715131759643555 -47.34780502319336 2.200000047683716
vertex -5.333576202392578 -33.267127990722656 2.9000000953674316
endloop
endfacet
facet normal -0.052336024364534536 -0.9986295311844703 0
outer loop
vertex 8.747099876403809 -34.00506591796875 2.9000000953674316
vertex -5.333576202392578 -33.267127990722656 2.200000047683716
vertex 8.747099876403809 -34.00506591796875 2.200000047683716
endloop
endfacet
facet normal 0.9986295317705728 -0.05233601318104693 0
outer loop
vertex -5.333576202392578 -33.267127990722656 2.9000000953674316
vertex -5.635847091674805 -39.034793853759766 2.200000047683716
vertex -5.333576202392578 -33.267127990722656 2.200000047683716
endloop
endfacet
facet normal 0.9986295370788445 -0.05233591188650723 -8.369107926575338e-7
outer loop
vertex -5.635847091674805 -39.034793853759766 2.200000047683716
vertex -5.333576202392578 -33.267127990722656 2.9000000953674316
vertex -6.0715131759643555 -47.34780502319336 2.200000047683716
endloop
endfacet
facet normal -0.9986295341636613 0.05233596751822463 0
outer loop
vertex 8.747099876403809 -34.00506591796875 2.200000047683716
vertex 8.009162902832031 -48.08573913574219 2.9000000953674316
vertex 8.747099876403809 -34.00506591796875 2.9000000953674316
endloop
endfacet
facet normal 0.052335754559658804 0.9986295453243266 0
outer loop
vertex 8.009162902832031 -48.08573913574219 2.200000047683716
vertex -6.0715131759643555 -47.34780502319336 2.200000047683716
vertex -6.0715131759643555 -47.34780502319336 2.9000000953674316
endloop
endfacet
facet normal 0.05233594797758824 0.9986295351877428 0
outer loop
vertex 10.96233081817627 -30.45551872253418 2.200000047683716
vertex 10.96233081817627 -30.45551872253418 2.9000000953674316
vertex 26.64081382751465 -31.277193069458008 2.9000000953674316
endloop
endfacet
facet normal -0.05233594797758824 -0.9986295351877428 0
outer loop
vertex 10.140656471252441 -46.134002685546875 2.200000047683716
vertex 25.81913948059082 -46.9556770324707 2.200000047683716
vertex 10.140656471252441 -46.134002685546875 2.9000000953674316
endloop
endfacet
facet normal -0.05233594797758824 -0.9986295351877428 0
outer loop
vertex 10.140656471252441 -46.134002685546875 2.9000000953674316
vertex 25.81913948059082 -46.9556770324707 2.200000047683716
vertex 25.81913948059082 -46.9556770324707 2.9000000953674316
endloop
endfacet
facet normal 0 0 1
outer loop
vertex 25.062105178833008 -46.114906311035156 2.9000000953674316
vertex 10.140656471252441 -46.134002685546875 2.9000000953674316
vertex 25.81913948059082 -46.9556770324707 2.9000000953674316
endloop
endfacet
facet normal 0 0 1
outer loop
vertex 25.062105178833008 -46.114906311035156 2.9000000953674316
vertex 25.81913948059082 -46.9556770324707 2.9000000953674316
vertex 26.64081382751465 -31.277193069458008 2.9000000953674316
endloop
endfacet
facet normal 0.9986295353541226 -0.052335944802871896 0
outer loop
vertex 26.64081382751465 -31.277193069458008 2.9000000953674316
vertex 25.81913948059082 -46.9556770324707 2.9000000953674316
vertex 26.64081382751465 -31.277193069458008 2.200000047683716
endloop
endfacet
facet normal 0 0 1
outer loop
vertex 11.719366073608398 -31.29629135131836 2.9000000953674316
vertex 25.80004119873047 -32.03422927856445 2.9000000953674316
vertex 26.64081382751465 -31.277193069458008 2.9000000953674316
endloop
endfacet
facet normal 0 0 1
outer loop
vertex 25.80004119873047 -32.03422927856445 2.9000000953674316
vertex 25.062105178833008 -46.114906311035156 2.9000000953674316
vertex 26.64081382751465 -31.277193069458008 2.9000000953674316
endloop
endfacet
facet normal -0.9986295353541226 0.052335944802871896 0
outer loop
vertex 10.96233081817627 -30.45551872253418 2.200000047683716
vertex 10.140656471252441 -46.134002685546875 2.200000047683716
vertex 10.96233081817627 -30.45551872253418 2.9000000953674316
endloop
endfacet
facet normal 0.05233594797758824 0.9986295351877428 0
outer loop
vertex 26.64081382751465 -31.277193069458008 2.9000000953674316
vertex 26.64081382751465 -31.277193069458008 2.200000047683716
vertex 10.96233081817627 -30.45551872253418 2.200000047683716
endloop
endfacet
facet normal 0 0 1
outer loop
vertex 10.96233081817627 -30.45551872253418 2.9000000953674316
vertex 10.140656471252441 -46.134002685546875 2.9000000953674316
vertex 11.719366073608398 -31.29629135131836 2.9000000953674316
endloop
endfacet
facet normal 0 0 1
outer loop
vertex 10.981429100036621 -45.37696838378906 2.9000000953674316
vertex 10.140656471252441 -46.134002685546875 2.9000000953674316
vertex 25.062105178833008 -46.114906311035156 2.9000000953674316
endloop
endfacet
facet normal 0 0 1
outer loop
vertex 10.981429100036621 -45.37696838378906 2.9000000953674316
vertex 11.719366073608398 -31.29629135131836 2.9000000953674316
vertex 10.140656471252441 -46.134002685546875 2.9000000953674316
endloop
endfacet
facet normal -0.9986295353541226 0.052335944802871896 0
outer loop
vertex 10.96233081817627 -30.45551872253418 2.9000000953674316
vertex 10.140656471252441 -46.134002685546875 2.200000047683716
vertex 10.140656471252441 -46.134002685546875 2.9000000953674316
endloop
endfacet
facet normal 0 0 1
outer loop
vertex 26.64081382751465 -31.277193069458008 2.9000000953674316
vertex 10.96233081817627 -30.45551872253418 2.9000000953674316
vertex 11.719366073608398 -31.29629135131836 2.9000000953674316
endloop
endfacet
facet normal 0.9986295353541226 -0.052335944802871896 0
outer loop
vertex 25.81913948059082 -46.9556770324707 2.200000047683716
vertex 26.64081382751465 -31.277193069458008 2.200000047683716
vertex 25.81913948059082 -46.9556770324707 2.9000000953674316
endloop
endfacet
facet normal -0.052336027899507906 -0.9986295309992098 0
outer loop
vertex 11.719366073608398 -31.29629135131836 2.9000000953674316
vertex 11.719366073608398 -31.29629135131836 2.200000047683716
vertex 25.80004119873047 -32.03422927856445 2.9000000953674316
endloop
endfacet
facet normal 0.052336024364534536 0.9986295311844703 0
outer loop
vertex 10.981429100036621 -45.37696838378906 2.200000047683716
vertex 10.981429100036621 -45.37696838378906 2.9000000953674316
vertex 25.062105178833008 -46.114906311035156 2.200000047683716
endloop
endfacet
facet normal -0.052336027899507906 -0.9986295309992098 0
outer loop
vertex 11.719366073608398 -31.29629135131836 2.200000047683716
vertex 25.80004119873047 -32.03422927856445 2.200000047683716
vertex 25.80004119873047 -32.03422927856445 2.9000000953674316
endloop
endfacet
facet normal 0.998629534904701 -0.052335953378348316 0
outer loop
vertex 10.981429100036621 -45.37696838378906 2.9000000953674316
vertex 10.981429100036621 -45.37696838378906 2.200000047683716
vertex 11.719366073608398 -31.29629135131836 2.9000000953674316
endloop
endfacet
facet normal 0.052336024364534536 0.9986295311844703 0
outer loop
vertex 25.062105178833008 -46.114906311035156 2.200000047683716
vertex 10.981429100036621 -45.37696838378906 2.9000000953674316
vertex 25.062105178833008 -46.114906311035156 2.9000000953674316
endloop
endfacet
facet normal -0.9986295384396667 0.052335885927134264 0
outer loop
vertex 25.80004119873047 -32.03422927856445 2.9000000953674316
vertex 25.80004119873047 -32.03422927856445 2.200000047683716
vertex 25.062105178833008 -46.114906311035156 2.9000000953674316
endloop
endfacet
facet normal -0.9986295384396667 0.052335885927134264 0
outer loop
vertex 25.062105178833008 -46.114906311035156 2.200000047683716
vertex 25.062105178833008 -46.114906311035156 2.9000000953674316
vertex 25.80004119873047 -32.03422927856445 2.200000047683716
endloop
endfacet
facet normal 0.998629534904701 -0.052335953378348316 0
outer loop
vertex 10.981429100036621 -45.37696838378906 2.200000047683716
vertex 11.719366073608398 -31.29629135131836 2.200000047683716
vertex 11.719366073608398 -31.29629135131836 2.9000000953674316
endloop
endfacet
facet normal -0.17364818502142373 -0.9848077517154125 0
outer loop
vertex -29.58196449279785 -38.4194450378418 2.200000047683716
vertex -14.1204833984375 -41.145721435546875 2.200000047683716
vertex -29.58196449279785 -38.4194450378418 2.9000000953674316
endloop
endfacet
facet normal -0.9848077517154125 0.17364818502142373 0
outer loop
vertex -26.855688095092773 -22.957963943481445 2.200000047683716
vertex -29.58196449279785 -38.4194450378418 2.200000047683716
vertex -26.855688095092773 -22.957963943481445 2.9000000953674316
endloop
endfacet
facet normal 0 0 1
outer loop
vertex -14.769410133361816 -40.218955993652344 2.9000000953674316
vertex -29.58196449279785 -38.4194450378418 2.9000000953674316
vertex -14.1204833984375 -41.145721435546875 2.9000000953674316
endloop
endfacet
facet normal 0.17364818502142373 0.9848077517154125 0
outer loop
vertex -11.394207000732422 -25.684240341186523 2.9000000953674316
vertex -26.855688095092773 -22.957963943481445 2.200000047683716
vertex -26.855688095092773 -22.957963943481445 2.9000000953674316
endloop
endfacet
facet normal -0.17364818502142373 -0.9848077517154125 0
outer loop
vertex -29.58196449279785 -38.4194450378418 2.9000000953674316
vertex -14.1204833984375 -41.145721435546875 2.200000047683716
vertex -14.1204833984375 -41.145721435546875 2.9000000953674316
endloop
endfacet
facet normal 0 0 1
outer loop
vertex -28.65519905090332 -37.77051544189453 2.9000000953674316
vertex -26.20676040649414 -23.884727478027344 2.9000000953674316
vertex -29.58196449279785 -38.4194450378418 2.9000000953674316
endloop
endfacet
facet normal -0.9848077517154125 0.17364818502142373 0
outer loop
vertex -26.855688095092773 -22.957963943481445 2.9000000953674316
vertex -29.58196449279785 -38.4194450378418 2.200000047683716
vertex -29.58196449279785 -38.4194450378418 2.9000000953674316
endloop
endfacet
facet normal 0 0 1
outer loop
vertex -26.855688095092773 -22.957963943481445 2.9000000953674316
vertex -29.58196449279785 -38.4194450378418 2.9000000953674316
vertex -26.20676040649414 -23.884727478027344 2.9000000953674316
endloop
endfacet
facet normal 0 0 1
outer loop
vertex -11.394207000732422 -25.684240341186523 2.9000000953674316
vertex -26.855688095092773 -22.957963943481445 2.9000000953674316
vertex -26.20676040649414 -23.884727478027344 2.9000000953674316
endloop
endfacet
facet normal 0 0 1
outer loop
vertex -12.320971488952637 -26.333168029785156 2.9000000953674316
vertex -14.769410133361816 -40.218955993652344 2.9000000953674316
vertex -11.394207000732422 -25.684240341186523 2.9000000953674316
endloop
endfacet
facet normal 0 0 1
outer loop
vertex -11.394207000732422 -25.684240341186523 2.9000000953674316
vertex -26.20676040649414 -23.884727478027344 2.9000000953674316
vertex -12.320971488952637 -26.333168029785156 2.9000000953674316
endloop
endfacet
facet normal 0 0 1
outer loop
vertex -28.65519905090332 -37.77051544189453 2.9000000953674316
vertex -29.58196449279785 -38.4194450378418 2.9000000953674316
vertex -14.769410133361816 -40.218955993652344 2.9000000953674316
endloop
endfacet
facet normal 0.9848077517154125 -0.17364818502142373 0
outer loop
vertex -14.1204833984375 -41.145721435546875 2.9000000953674316
vertex -11.394207000732422 -25.684240341186523 2.200000047683716
vertex -11.394207000732422 -25.684240341186523 2.9000000953674316
endloop
endfacet
facet normal 0.17364818502142373 0.9848077517154125 0
outer loop
vertex -11.394207000732422 -25.684240341186523 2.200000047683716
vertex -26.855688095092773 -22.957963943481445 2.200000047683716
vertex -11.394207000732422 -25.684240341186523 2.9000000953674316
endloop
endfacet
facet normal 0.9848077517154125 -0.17364818502142373 0
outer loop
vertex -11.394207000732422 -25.684240341186523 2.200000047683716
vertex -14.1204833984375 -41.145721435546875 2.9000000953674316
vertex -14.1204833984375 -41.145721435546875 2.200000047683716
endloop
endfacet
facet normal 0 0 1
outer loop
vertex -14.769410133361816 -40.218955993652344 2.9000000953674316
vertex -14.1204833984375 -41.145721435546875 2.9000000953674316
vertex -11.394207000732422 -25.684240341186523 2.9000000953674316
endloop
endfacet
facet normal -0.9848077528768692 0.17364817843340666 6.094007699925773e-7
outer loop
vertex -14.417963981628418 -38.22580337524414 2.200000047683716
vertex -14.769410133361816 -40.218955993652344 2.9000000953674316
vertex -12.320971488952637 -26.333168029785156 2.200000047683716
endloop
endfacet
facet normal -0.9848077581305938 0.17364814863912012 0
outer loop
vertex -12.320971488952637 -26.333168029785156 2.9000000953674316
vertex -12.320971488952637 -26.333168029785156 2.200000047683716
vertex -14.769410133361816 -40.218955993652344 2.9000000953674316
endloop
endfacet
facet normal 0.17366917812375723 0.9848040498341885 0
outer loop
vertex -28.65519905090332 -37.77051544189453 2.200000047683716
vertex -28.65519905090332 -37.77051544189453 2.9000000953674316
vertex -28.514053344726562 -37.795406341552734 2.200000047683716
endloop
endfacet
facet normal 0.9848077581305938 -0.17364814863912012 0
outer loop
vertex -26.20676040649414 -23.884727478027344 2.9000000953674316
vertex -28.65519905090332 -37.77051544189453 2.200000047683716
vertex -26.20676040649414 -23.884727478027344 2.200000047683716
endloop
endfacet
facet normal 0.17364826826657895 0.9848077370370412 0
outer loop
vertex -14.769410133361816 -40.218955993652344 2.200000047683716
vertex -28.65519905090332 -37.77051544189453 2.9000000953674316
vertex -14.769410133361816 -40.218955993652344 2.9000000953674316
endloop
endfacet
facet normal 0.9848077581305938 -0.17364814863912012 0
outer loop
vertex -28.65519905090332 -37.77051544189453 2.200000047683716
vertex -26.20676040649414 -23.884727478027344 2.9000000953674316
vertex -28.65519905090332 -37.77051544189453 2.9000000953674316
endloop
endfacet
facet normal 0.17364805353737311 0.9848077748897968 -0.000004391949198317222
outer loop
vertex -28.65519905090332 -37.77051544189453 2.9000000953674316
vertex -14.769410133361816 -40.218955993652344 2.200000047683716
vertex -28.514053344726562 -37.795406341552734 2.200000047683716
endloop
endfacet
facet normal -0.17364826826657895 -0.9848077370370412 0
outer loop
vertex -26.20676040649414 -23.884727478027344 2.9000000953674316
vertex -26.20676040649414 -23.884727478027344 2.200000047683716
vertex -12.320971488952637 -26.333168029785156 2.9000000953674316
endloop
endfacet
facet normal -0.9848077894771257 0.17364797086397873 0
outer loop
vertex -14.417963981628418 -38.22580337524414 2.200000047683716
vertex -14.769410133361816 -40.218955993652344 2.200000047683716
vertex -14.769410133361816 -40.218955993652344 2.9000000953674316
endloop
endfacet
facet normal -0.17364826826657895 -0.9848077370370412 0
outer loop
vertex -26.20676040649414 -23.884727478027344 2.200000047683716
vertex -12.320971488952637 -26.333168029785156 2.200000047683716
vertex -12.320971488952637 -26.333168029785156 2.9000000953674316
endloop
endfacet
facet normal 0 0 1
outer loop
vertex 8.898874282836914 -31.109039306640625 2.9000000953674316
vertex 9.655909538269043 -31.949810028076172 2.9000000953674316
vertex 10.477583885192871 -16.27132797241211 2.9000000953674316
endloop
endfacet
facet normal 0.0523360069674378 0.9986295320962144 0
outer loop
vertex -5.200899600982666 -15.449652671813965 2.200000047683716
vertex -5.200899600982666 -15.449652671813965 2.9000000953674316
vertex 10.477583885192871 -16.27132797241211 2.9000000953674316
endloop
endfacet
facet normal 0 0 1
outer loop
vertex 9.636811256408691 -17.028362274169922 2.9000000953674316
vertex 8.898874282836914 -31.109039306640625 2.9000000953674316
vertex 10.477583885192871 -16.27132797241211 2.9000000953674316
endloop
endfacet
facet normal -0.998629533600384 0.052335978266193114 0
outer loop
vertex -5.200899600982666 -15.449652671813965 2.200000047683716
vertex -6.022574424743652 -31.128135681152344 2.200000047683716
vertex -5.200899600982666 -15.449652671813965 2.9000000953674316
endloop
endfacet
facet normal 0 0 1
outer loop
vertex 10.477583885192871 -16.27132797241211 2.9000000953674316
vertex -4.443864822387695 -16.290424346923828 2.9000000953674316
vertex 9.636811256408691 -17.028362274169922 2.9000000953674316
endloop
endfacet
facet normal -0.052335944802871896 -0.9986295353541226 0
outer loop
vertex -6.022574424743652 -31.128135681152344 2.9000000953674316
vertex 9.655909538269043 -31.949810028076172 2.200000047683716
vertex 9.655909538269043 -31.949810028076172 2.9000000953674316
endloop
endfacet
facet normal -0.052335944802871896 -0.9986295353541226 0
outer loop
vertex -6.022574424743652 -31.128135681152344 2.200000047683716
vertex 9.655909538269043 -31.949810028076172 2.200000047683716
vertex -6.022574424743652 -31.128135681152344 2.9000000953674316
endloop
endfacet
facet normal -0.998629533600384 0.052335978266193114 0
outer loop
vertex -5.200899600982666 -15.449652671813965 2.9000000953674316
vertex -6.022574424743652 -31.128135681152344 2.200000047683716
vertex -6.022574424743652 -31.128135681152344 2.9000000953674316
endloop
endfacet
facet normal 0.9986295350213629 -0.05233595115230498 0
outer loop
vertex 9.655909538269043 -31.949810028076172 2.9000000953674316
vertex 9.655909538269043 -31.949810028076172 2.200000047683716
vertex 10.477583885192871 -16.27132797241211 2.200000047683716
endloop
endfacet
facet normal 0.9986295350213629 -0.05233595115230498 0
outer loop
vertex 10.477583885192871 -16.27132797241211 2.9000000953674316
vertex 9.655909538269043 -31.949810028076172 2.9000000953674316
vertex 10.477583885192871 -16.27132797241211 2.200000047683716
endloop
endfacet
facet normal 0 0 1
outer loop
vertex -5.181801795959473 -30.37110137939453 2.9000000953674316
vertex -4.443864822387695 -16.290424346923828 2.9000000953674316
vertex -6.022574424743652 -31.128135681152344 2.9000000953674316
endloop
endfacet
facet normal 0 0 1
outer loop
vertex -5.181801795959473 -30.37110137939453 2.9000000953674316
vertex -6.022574424743652 -31.128135681152344 2.9000000953674316
vertex 8.898874282836914 -31.109039306640625 2.9000000953674316
endloop
endfacet
facet normal 0 0 1
outer loop
vertex 8.898874282836914 -31.109039306640625 2.9000000953674316
vertex -6.022574424743652 -31.128135681152344 2.9000000953674316
vertex 9.655909538269043 -31.949810028076172 2.9000000953674316
endloop
endfacet
facet normal 0 0 1
outer loop
vertex -5.200899600982666 -15.449652671813965 2.9000000953674316
vertex -6.022574424743652 -31.128135681152344 2.9000000953674316
vertex -4.443864822387695 -16.290424346923828 2.9000000953674316
endloop
endfacet
facet normal 0.0523360069674378 0.9986295320962144 0
outer loop
vertex 10.477583885192871 -16.27132797241211 2.200000047683716
vertex -5.200899600982666 -15.449652671813965 2.200000047683716
vertex 10.477583885192871 -16.27132797241211 2.9000000953674316
endloop
endfacet
facet normal 0 0 1
outer loop
vertex -5.200899600982666 -15.449652671813965 2.9000000953674316
vertex -4.443864822387695 -16.290424346923828 2.9000000953674316
vertex 10.477583885192871 -16.27132797241211 2.9000000953674316
endloop
endfacet
facet normal 0.052336024364534536 0.9986295311844703 0
outer loop
vertex 8.898874282836914 -31.109039306640625 2.200000047683716
vertex -5.181801795959473 -30.37110137939453 2.200000047683716
vertex -5.181801795959473 -30.37110137939453 2.9000000953674316
endloop
endfacet
facet normal -0.9986295354178576 0.052335943586360616 -1.9750926306219816e-7
outer loop
vertex 9.20290470123291 -25.30779457092285 2.200000047683716
vertex 8.898874282836914 -31.109039306640625 2.9000000953674316
vertex 9.636811256408691 -17.028362274169922 2.200000047683716
endloop
endfacet
facet normal -0.998629534172305 0.05233596735329581 0
outer loop
vertex 9.20290470123291 -25.30779457092285 2.200000047683716
vertex 8.898874282836914 -31.109039306640625 2.200000047683716
vertex 8.898874282836914 -31.109039306640625 2.9000000953674316
endloop
endfacet
facet normal -0.052336024364534536 -0.9986295311844703 0
outer loop
vertex -4.443864822387695 -16.290424346923828 2.9000000953674316
vertex -4.443864822387695 -16.290424346923828 2.200000047683716
vertex 9.636811256408691 -17.028362274169922 2.9000000953674316
endloop
endfacet
facet normal -0.052336024364534536 -0.9986295311844703 0
outer loop
vertex 9.636811256408691 -17.028362274169922 2.9000000953674316
vertex -4.443864822387695 -16.290424346923828 2.200000047683716
vertex 9.636811256408691 -17.028362274169922 2.200000047683716
endloop
endfacet
facet normal 0.9986295313471287 -0.05233602126083008 0
outer loop
vertex -4.443864822387695 -16.290424346923828 2.9000000953674316
vertex -4.613070964813232 -19.519065856933594 2.200000047683716
vertex -4.443864822387695 -16.290424346923828 2.200000047683716
endloop
endfacet
facet normal 0.9986295359630477 -0.05233593318229877 -4.073643210944603e-7
outer loop
vertex -5.181801795959473 -30.37110137939453 2.200000047683716
vertex -4.613070964813232 -19.519065856933594 2.200000047683716
vertex -4.443864822387695 -16.290424346923828 2.9000000953674316
endloop
endfacet
facet normal 0.052336024364534536 0.9986295311844703 0
outer loop
vertex 8.898874282836914 -31.109039306640625 2.200000047683716
vertex -5.181801795959473 -30.37110137939453 2.9000000953674316
vertex 8.898874282836914 -31.109039306640625 2.9000000953674316
endloop
endfacet
facet normal -0.998629534904701 0.052335953378348316 0
outer loop
vertex 9.636811256408691 -17.028362274169922 2.9000000953674316
vertex 9.636811256408691 -17.028362274169922 2.200000047683716
vertex 8.898874282836914 -31.109039306640625 2.9000000953674316
endloop
endfacet
facet normal 0.998629534904701 -0.052335953378348316 0
outer loop
vertex -5.181801795959473 -30.37110137939453 2.9000000953674316
vertex -5.181801795959473 -30.37110137939453 2.200000047683716
vertex -4.443864822387695 -16.290424346923828 2.9000000953674316
endloop
endfacet
facet normal 0.9848077517154125 -0.17364818502142373 0
outer loop
vertex -27.0289306640625 -16.454071044921875 2.9000000953674316
vertex -29.755207061767578 -31.915552139282227 2.9000000953674316
vertex -27.0289306640625 -16.454071044921875 2.200000047683716
endloop
endfacet
facet normal 0 0 1
outer loop
vertex -44.28992462158203 -28.540348052978516 2.9000000953674316
vertex -45.21669006347656 -29.18927574157715 2.9000000953674316
vertex -30.40413475036621 -30.988788604736328 2.9000000953674316
endloop
endfacet
facet normal 0 0 1
outer loop
vertex -44.28992462158203 -28.540348052978516 2.9000000953674316
vertex -41.84148406982422 -14.654559135437012 2.9000000953674316
vertex -45.21669006347656 -29.18927574157715 2.9000000953674316
endloop
endfacet
facet normal -0.9848077517154125 0.17364818502142373 0
outer loop
vertex -42.490413665771484 -13.727794647216797 2.9000000953674316
vertex -45.21669006347656 -29.18927574157715 2.200000047683716
vertex -45.21669006347656 -29.18927574157715 2.9000000953674316
endloop
endfacet
facet normal 0.17364816424589416 0.9848077553786987 0
outer loop
vertex -27.0289306640625 -16.454071044921875 2.9000000953674316
vertex -27.0289306640625 -16.454071044921875 2.200000047683716
vertex -42.490413665771484 -13.727794647216797 2.200000047683716
endloop
endfacet
facet normal -0.9848077517154125 0.17364818502142373 0
outer loop
vertex -42.490413665771484 -13.727794647216797 2.200000047683716
vertex -45.21669006347656 -29.18927574157715 2.200000047683716
vertex -42.490413665771484 -13.727794647216797 2.9000000953674316
endloop
endfacet
facet normal 0 0 1
outer loop
vertex -27.0289306640625 -16.454071044921875 2.9000000953674316
vertex -42.490413665771484 -13.727794647216797 2.9000000953674316
vertex -41.84148406982422 -14.654559135437012 2.9000000953674316
endloop
endfacet
facet normal 0.17364816424589416 0.9848077553786987 0
outer loop
vertex -27.0289306640625 -16.454071044921875 2.9000000953674316
vertex -42.490413665771484 -13.727794647216797 2.200000047683716
vertex -42.490413665771484 -13.727794647216797 2.9000000953674316
endloop
endfacet
facet normal 0 0 1
outer loop
vertex -42.490413665771484 -13.727794647216797 2.9000000953674316
vertex -45.21669006347656 -29.18927574157715 2.9000000953674316
vertex -41.84148406982422 -14.654559135437012 2.9000000953674316
endloop
endfacet
facet normal 0 0 1
outer loop
vertex -41.84148406982422 -14.654559135437012 2.9000000953674316
vertex -27.95569610595703 -17.102998733520508 2.9000000953674316
vertex -27.0289306640625 -16.454071044921875 2.9000000953674316
endloop
endfacet
facet normal 0 0 1
outer loop
vertex -27.95569610595703 -17.102998733520508 2.9000000953674316
vertex -30.40413475036621 -30.988788604736328 2.9000000953674316
vertex -27.0289306640625 -16.454071044921875 2.9000000953674316
endloop
endfacet
facet normal -0.17364816424589416 -0.9848077553786987 0
outer loop
vertex -45.21669006347656 -29.18927574157715 2.200000047683716
vertex -29.755207061767578 -31.915552139282227 2.200000047683716
vertex -45.21669006347656 -29.18927574157715 2.9000000953674316
endloop
endfacet
facet normal 0 0 1
outer loop
vertex -30.40413475036621 -30.988788604736328 2.9000000953674316
vertex -29.755207061767578 -31.915552139282227 2.9000000953674316
vertex -27.0289306640625 -16.454071044921875 2.9000000953674316
endloop
endfacet
facet normal 0 0 1
outer loop
vertex -30.40413475036621 -30.988788604736328 2.9000000953674316
vertex -45.21669006347656 -29.18927574157715 2.9000000953674316
vertex -29.755207061767578 -31.915552139282227 2.9000000953674316
endloop
endfacet
facet normal 0.9848077517154125 -0.17364818502142373 0
outer loop
vertex -29.755207061767578 -31.915552139282227 2.200000047683716
vertex -27.0289306640625 -16.454071044921875 2.200000047683716
vertex -29.755207061767578 -31.915552139282227 2.9000000953674316
endloop
endfacet
facet normal -0.17364816424589416 -0.9848077553786987 0
outer loop
vertex -45.21669006347656 -29.18927574157715 2.9000000953674316
vertex -29.755207061767578 -31.915552139282227 2.200000047683716
vertex -29.755207061767578 -31.915552139282227 2.9000000953674316
endloop
endfacet
facet normal -0.17364833296073529 -0.9848077256267137 0.000002428355244831039
outer loop
vertex -41.84148406982422 -14.654559135437012 2.200000047683716
vertex -32.69919967651367 -16.266592025756836 2.200000047683716
vertex -27.95569610595703 -17.102998733520508 2.9000000953674316
endloop
endfacet
facet normal -0.9848077822354289 0.1736480119337287 0
outer loop
vertex -29.098785400390625 -23.585777282714844 2.200000047683716
vertex -30.40413475036621 -30.988788604736328 2.200000047683716
vertex -30.40413475036621 -30.988788604736328 2.9000000953674316
endloop
endfacet
facet normal 0.17364825670005504 0.9848077390765325 0
outer loop
vertex -30.40413475036621 -30.988788604736328 2.200000047683716
vertex -44.28992462158203 -28.540348052978516 2.9000000953674316
vertex -30.40413475036621 -30.988788604736328 2.9000000953674316
endloop
endfacet
facet normal -0.9848077393375547 0.17364825519946384 0.000002652707967160464
outer loop
vertex -29.098785400390625 -23.585777282714844 2.200000047683716
vertex -30.40413475036621 -30.988788604736328 2.9000000953674316
vertex -27.95569610595703 -17.102998733520508 2.200000047683716
endloop
endfacet
facet normal 0.17364811139018138 0.9848077646940999 -0.0000029720933155723
outer loop
vertex -37.10736083984375 -29.80682945251465 2.200000047683716
vertex -44.28992462158203 -28.540348052978516 2.9000000953674316
vertex -30.40413475036621 -30.988788604736328 2.200000047683716
endloop
endfacet
facet normal -0.9848077622095707 0.1736481255060872 0
outer loop
vertex -27.95569610595703 -17.102998733520508 2.9000000953674316
vertex -27.95569610595703 -17.102998733520508 2.200000047683716
vertex -30.40413475036621 -30.988788604736328 2.9000000953674316
endloop
endfacet
facet normal 0.9848077370370412 -0.17364826826657895 0
outer loop
vertex -44.28992462158203 -28.540348052978516 2.9000000953674316
vertex -44.28992462158203 -28.540348052978516 2.200000047683716
vertex -41.84148406982422 -14.654559135437012 2.9000000953674316
endloop
endfacet
facet normal 0.9848077370370412 -0.17364826826657895 0
outer loop
vertex -41.84148406982422 -14.654559135437012 2.200000047683716
vertex -41.84148406982422 -14.654559135437012 2.9000000953674316
vertex -44.28992462158203 -28.540348052978516 2.200000047683716
endloop
endfacet
facet normal -0.1736482142361134 -0.9848077465640738 0
outer loop
vertex -41.84148406982422 -14.654559135437012 2.9000000953674316
vertex -41.84148406982422 -14.654559135437012 2.200000047683716
vertex -27.95569610595703 -17.102998733520508 2.9000000953674316
endloop
endfacet
facet normal 0.17364839231176016 0.984807715164509 0
outer loop
vertex -37.10736083984375 -29.80682945251465 2.200000047683716
vertex -44.28992462158203 -28.540348052978516 2.200000047683716
vertex -44.28992462158203 -28.540348052978516 2.9000000953674316
endloop
endfacet
facet normal -0.17364798541388865 -0.9848077869115871 0
outer loop
vertex -27.95569610595703 -17.102998733520508 2.9000000953674316
vertex -32.69919967651367 -16.266592025756836 2.200000047683716
vertex -27.95569610595703 -17.102998733520508 2.200000047683716
endloop
endfacet
facet normal -0.9986295353541226 0.052335944802871896 0
outer loop
vertex 11.852042198181152 -13.478816986083984 2.9000000953674316
vertex 11.030367851257324 -29.15730094909668 2.200000047683716
vertex 11.030367851257324 -29.15730094909668 2.9000000953674316
endloop
endfacet
facet normal 0 0 1
outer loop
vertex 27.53052520751953 -14.300491333007812 2.9000000953674316
vertex 12.609076499938965 -14.319589614868164 2.9000000953674316
vertex 26.68975257873535 -15.057526588439941 2.9000000953674316
endloop
endfacet
facet normal 0.05233594797758824 0.9986295351877428 0
outer loop
vertex 11.852042198181152 -13.478816986083984 2.200000047683716
vertex 11.852042198181152 -13.478816986083984 2.9000000953674316
vertex 27.53052520751953 -14.300491333007812 2.9000000953674316
endloop
endfacet
facet normal 0 0 1
outer loop
vertex 27.53052520751953 -14.300491333007812 2.9000000953674316
vertex 11.852042198181152 -13.478816986083984 2.9000000953674316
vertex 12.609076499938965 -14.319589614868164 2.9000000953674316
endloop
endfacet
facet normal 0.9986295353541226 -0.052335944802871896 0
outer loop
vertex 26.708850860595703 -29.978975296020508 2.200000047683716
vertex 27.53052520751953 -14.300491333007812 2.200000047683716
vertex 26.708850860595703 -29.978975296020508 2.9000000953674316
endloop
endfacet
facet normal -0.9986295353541226 0.052335944802871896 0
outer loop
vertex 11.852042198181152 -13.478816986083984 2.200000047683716
vertex 11.030367851257324 -29.15730094909668 2.200000047683716
vertex 11.852042198181152 -13.478816986083984 2.9000000953674316
endloop
endfacet
facet normal -0.05233594797758824 -0.9986295351877428 0
outer loop
vertex 11.030367851257324 -29.15730094909668 2.200000047683716
vertex 26.708850860595703 -29.978975296020508 2.200000047683716
vertex 11.030367851257324 -29.15730094909668 2.9000000953674316
endloop
endfacet
facet normal 0 0 1
outer loop
vertex 11.852042198181152 -13.478816986083984 2.9000000953674316
vertex 11.030367851257324 -29.15730094909668 2.9000000953674316
vertex 12.609076499938965 -14.319589614868164 2.9000000953674316
endloop
endfacet
facet normal -0.05233594797758824 -0.9986295351877428 0
outer loop
vertex 11.030367851257324 -29.15730094909668 2.9000000953674316
vertex 26.708850860595703 -29.978975296020508 2.200000047683716
vertex 26.708850860595703 -29.978975296020508 2.9000000953674316
endloop
endfacet
facet normal 0.05233594797758824 0.9986295351877428 0
outer loop
vertex 27.53052520751953 -14.300491333007812 2.200000047683716
vertex 11.852042198181152 -13.478816986083984 2.200000047683716
vertex 27.53052520751953 -14.300491333007812 2.9000000953674316
endloop
endfacet
facet normal 0 0 1
outer loop
vertex 25.95181655883789 -29.138202667236328 2.9000000953674316
vertex 11.030367851257324 -29.15730094909668 2.9000000953674316
vertex 26.708850860595703 -29.978975296020508 2.9000000953674316
endloop
endfacet
facet normal 0 0 1
outer loop
vertex 25.95181655883789 -29.138202667236328 2.9000000953674316
vertex 26.708850860595703 -29.978975296020508 2.9000000953674316
vertex 27.53052520751953 -14.300491333007812 2.9000000953674316
endloop
endfacet
facet normal 0.9986295353541226 -0.052335944802871896 0
outer loop
vertex 27.53052520751953 -14.300491333007812 2.9000000953674316
vertex 26.708850860595703 -29.978975296020508 2.9000000953674316
vertex 27.53052520751953 -14.300491333007812 2.200000047683716
endloop
endfacet
facet normal 0 0 1
outer loop
vertex 26.68975257873535 -15.057526588439941 2.9000000953674316
vertex 25.95181655883789 -29.138202667236328 2.9000000953674316
vertex 27.53052520751953 -14.300491333007812 2.9000000953674316
endloop
endfacet
facet normal 0 0 1
outer loop
vertex 11.871139526367188 -28.400264739990234 2.9000000953674316
vertex 11.030367851257324 -29.15730094909668 2.9000000953674316
vertex 25.95181655883789 -29.138202667236328 2.9000000953674316
endloop
endfacet
facet normal 0 0 1
outer loop
vertex 11.871139526367188 -28.400264739990234 2.9000000953674316
vertex 12.609076499938965 -14.319589614868164 2.9000000953674316
vertex 11.030367851257324 -29.15730094909668 2.9000000953674316
endloop
endfacet
facet normal -0.052335956913316675 -0.9986295347194412 0
outer loop
vertex 12.609076499938965 -14.319589614868164 2.9000000953674316
vertex 12.609076499938965 -14.319589614868164 2.200000047683716
vertex 26.68975257873535 -15.057526588439941 2.9000000953674316
endloop
endfacet
facet normal 0.9986295345341812 -0.05233596044828552 0
outer loop
vertex 11.871139526367188 -28.400264739990234 2.200000047683716
vertex 12.609076499938965 -14.319589614868164 2.200000047683716
vertex 12.609076499938965 -14.319589614868164 2.9000000953674316
endloop
endfacet
facet normal -0.9986295382544075 0.052335889462098106 0
outer loop
vertex 26.68975257873535 -15.057526588439941 2.200000047683716
vertex 25.95181655883789 -29.138202667236328 2.200000047683716
vertex 25.95181655883789 -29.138202667236328 2.9000000953674316
endloop
endfacet
facet normal 0.05233602082956164 0.9986295313697305 0
outer loop
vertex 25.95181655883789 -29.138202667236328 2.200000047683716
vertex 11.871139526367188 -28.400264739990234 2.200000047683716
vertex 11.871139526367188 -28.400264739990234 2.9000000953674316
endloop
endfacet
facet normal 0.05233602082956164 0.9986295313697305 0
outer loop
vertex 25.95181655883789 -29.138202667236328 2.200000047683716
vertex 11.871139526367188 -28.400264739990234 2.9000000953674316
vertex 25.95181655883789 -29.138202667236328 2.9000000953674316
endloop
endfacet
facet normal -0.052335956913316675 -0.9986295347194412 0
outer loop
vertex 26.68975257873535 -15.057526588439941 2.9000000953674316
vertex 12.609076499938965 -14.319589614868164 2.200000047683716
vertex 26.68975257873535 -15.057526588439941 2.200000047683716
endloop
endfacet
facet normal -0.9986295382544075 0.052335889462098106 0
outer loop
vertex 26.68975257873535 -15.057526588439941 2.200000047683716
vertex 25.95181655883789 -29.138202667236328 2.9000000953674316
vertex 26.68975257873535 -15.057526588439941 2.9000000953674316
endloop
endfacet
facet normal 0.9986295345341812 -0.05233596044828552 0
outer loop
vertex 11.871139526367188 -28.400264739990234 2.9000000953674316
vertex 11.871139526367188 -28.400264739990234 2.200000047683716
vertex 12.609076499938965 -14.319589614868164 2.9000000953674316
endloop
endfacet
facet normal -0.9848077535470559 0.17364817463365836 0
outer loop
vertex -23.903669357299805 -6.216231346130371 2.200000047683716
vertex -26.629945755004883 -21.67771339416504 2.200000047683716
vertex -23.903669357299805 -6.216231346130371 2.9000000953674316
endloop
endfacet
facet normal 0 0 1
outer loop
vertex -9.368951797485352 -9.591435432434082 2.9000000953674316
vertex -11.817391395568848 -23.477224349975586 2.9000000953674316
vertex -8.442187309265137 -8.94250774383545 2.9000000953674316
endloop
endfacet
facet normal -0.9848077535470559 0.17364817463365836 0
outer loop
vertex -26.629945755004883 -21.67771339416504 2.200000047683716
vertex -26.629945755004883 -21.67771339416504 2.9000000953674316
vertex -23.903669357299805 -6.216231346130371 2.9000000953674316
endloop
endfacet
facet normal 0 0 1
outer loop
vertex -25.70318031311035 -21.028785705566406 2.9000000953674316
vertex -23.254741668701172 -7.142996311187744 2.9000000953674316
vertex -26.629945755004883 -21.67771339416504 2.9000000953674316
endloop
endfacet
facet normal 0 0 1
outer loop
vertex -23.903669357299805 -6.216231346130371 2.9000000953674316
vertex -26.629945755004883 -21.67771339416504 2.9000000953674316
vertex -23.254741668701172 -7.142996311187744 2.9000000953674316
endloop
endfacet
facet normal 0.17364817463365836 0.9848077535470559 0
outer loop
vertex -23.903669357299805 -6.216231346130371 2.200000047683716
vertex -23.903669357299805 -6.216231346130371 2.9000000953674316
vertex -8.442187309265137 -8.94250774383545 2.9000000953674316
endloop
endfacet
facet normal 0 0 1
outer loop
vertex -25.70318031311035 -21.028785705566406 2.9000000953674316
vertex -26.629945755004883 -21.67771339416504 2.9000000953674316
vertex -11.817391395568848 -23.477224349975586 2.9000000953674316
endloop
endfacet
facet normal 0.9848077535470559 -0.17364817463365836 0
outer loop
vertex -11.168463706970215 -24.403989791870117 2.200000047683716
vertex -8.442187309265137 -8.94250774383545 2.200000047683716
vertex -11.168463706970215 -24.403989791870117 2.9000000953674316
endloop
endfacet
facet normal -0.17364817463365836 -0.9848077535470559 0
outer loop
vertex -26.629945755004883 -21.67771339416504 2.9000000953674316
vertex -11.168463706970215 -24.403989791870117 2.200000047683716
vertex -11.168463706970215 -24.403989791870117 2.9000000953674316
endloop
endfacet
facet normal 0 0 1
outer loop
vertex -11.817391395568848 -23.477224349975586 2.9000000953674316
vertex -26.629945755004883 -21.67771339416504 2.9000000953674316
vertex -11.168463706970215 -24.403989791870117 2.9000000953674316
endloop
endfacet
facet normal 0 0 1
outer loop
vertex -11.817391395568848 -23.477224349975586 2.9000000953674316
vertex -11.168463706970215 -24.403989791870117 2.9000000953674316
vertex -8.442187309265137 -8.94250774383545 2.9000000953674316
endloop
endfacet
facet normal 0.17364817463365836 0.9848077535470559 0
outer loop
vertex -8.442187309265137 -8.94250774383545 2.200000047683716
vertex -23.903669357299805 -6.216231346130371 2.200000047683716
vertex -8.442187309265137 -8.94250774383545 2.9000000953674316
endloop
endfacet
facet normal 0 0 1
outer loop
vertex -8.442187309265137 -8.94250774383545 2.9000000953674316
vertex -23.903669357299805 -6.216231346130371 2.9000000953674316
vertex -23.254741668701172 -7.142996311187744 2.9000000953674316
endloop
endfacet
facet normal 0 0 1
outer loop
vertex -23.254741668701172 -7.142996311187744 2.9000000953674316
vertex -9.368951797485352 -9.591435432434082 2.9000000953674316
vertex -8.442187309265137 -8.94250774383545 2.9000000953674316
endloop
endfacet
facet normal 0.9848077535470559 -0.17364817463365836 0
outer loop
vertex -8.442187309265137 -8.94250774383545 2.9000000953674316
vertex -11.168463706970215 -24.403989791870117 2.9000000953674316
vertex -8.442187309265137 -8.94250774383545 2.200000047683716
endloop
endfacet
facet normal -0.17364817463365836 -0.9848077535470559 0
outer loop
vertex -26.629945755004883 -21.67771339416504 2.200000047683716
vertex -11.168463706970215 -24.403989791870117 2.200000047683716
vertex -26.629945755004883 -21.67771339416504 2.9000000953674316
endloop
endfacet
facet normal -0.9848077486035638 0.17364820266959208 0
outer loop
vertex -9.368951797485352 -9.591435432434082 2.200000047683716
vertex -11.817391395568848 -23.477224349975586 2.9000000953674316
vertex -9.368951797485352 -9.591435432434082 2.9000000953674316
endloop
endfacet
facet normal -0.17364741885408896 -0.9848078868110838 0
outer loop
vertex -9.368951797485352 -9.591435432434082 2.9000000953674316
vertex -10.105914115905762 -9.4614896774292 2.200000047683716
vertex -9.368951797485352 -9.591435432434082 2.200000047683716
endloop
endfacet
facet normal -0.17364819974905188 -0.9848077491181692 8.476896166140676e-7
outer loop
vertex -9.368951797485352 -9.591435432434082 2.9000000953674316
vertex -23.254741668701172 -7.142996311187744 2.200000047683716
vertex -10.105914115905762 -9.4614896774292 2.200000047683716
endloop
endfacet
facet normal 0.17364813707260285 0.9848077601700823 0
outer loop
vertex -11.817391395568848 -23.477224349975586 2.200000047683716
vertex -25.70318031311035 -21.028785705566406 2.9000000953674316
vertex -11.817391395568848 -23.477224349975586 2.9000000953674316
endloop
endfacet
facet normal -0.9848077486035638 0.17364820266959208 0
outer loop
vertex -11.817391395568848 -23.477224349975586 2.9000000953674316
vertex -9.368951797485352 -9.591435432434082 2.200000047683716
vertex -11.817391395568848 -23.477224349975586 2.200000047683716
endloop
endfacet
facet normal -0.17364815830458002 -0.9848077564263127 0
outer loop
vertex -23.254741668701172 -7.142996311187744 2.9000000953674316
vertex -23.254741668701172 -7.142996311187744 2.200000047683716
vertex -9.368951797485352 -9.591435432434082 2.9000000953674316
endloop
endfacet
facet normal 0.9848077611898266 -0.17364813128934484 0
outer loop
vertex -23.254741668701172 -7.142996311187744 2.9000000953674316
vertex -25.70318031311035 -21.028785705566406 2.200000047683716
vertex -23.254741668701172 -7.142996311187744 2.200000047683716
endloop
endfacet
facet normal 0.9848077611898266 -0.17364813128934484 0
outer loop
vertex -25.70318031311035 -21.028785705566406 2.9000000953674316
vertex -25.70318031311035 -21.028785705566406 2.200000047683716
vertex -23.254741668701172 -7.142996311187744 2.9000000953674316
endloop
endfacet
facet normal 0.17364813707260285 0.9848077601700823 0
outer loop
vertex -25.70318031311035 -21.028785705566406 2.200000047683716
vertex -25.70318031311035 -21.028785705566406 2.9000000953674316
vertex -11.817391395568848 -23.477224349975586 2.200000047683716
endloop
endfacet
facet normal -0.08715573781506088 0.9961946985232919 0
outer loop
vertex 48.947696685791016 -6.529167175292969 2.9000000953674316
vertex 33.307437896728516 -7.897512435913086 2.200000047683716
vertex 33.307437896728516 -7.897512435913086 2.9000000953674316
endloop
endfacet
facet normal 0 0 1
outer loop
vertex 48.947696685791016 -6.529167175292969 2.9000000953674316
vertex 34.17411804199219 -8.624743461608887 2.9000000953674316
vertex 48.220462799072266 -7.395847320556641 2.9000000953674316
endloop
endfacet
facet normal 0.996194708148467 0.08715562779873011 0
outer loop
vertex 48.947696685791016 -6.529167175292969 2.9000000953674316
vertex 50.3160400390625 -22.169424057006836 2.9000000953674316
vertex 48.947696685791016 -6.529167175292969 2.200000047683716
endloop
endfacet
facet normal -0.9961946870524393 -0.08715586892741284 0
outer loop
vertex 34.675785064697266 -23.537769317626953 2.200000047683716
vertex 34.675785064697266 -23.537769317626953 2.9000000953674316
vertex 33.307437896728516 -7.897512435913086 2.9000000953674316
endloop
endfacet
facet normal 0.996194708148467 0.08715562779873011 0
outer loop
vertex 50.3160400390625 -22.169424057006836 2.200000047683716
vertex 48.947696685791016 -6.529167175292969 2.200000047683716
vertex 50.3160400390625 -22.169424057006836 2.9000000953674316
endloop
endfacet
facet normal 0 0 1
outer loop
vertex 35.40301513671875 -22.67108917236328 2.9000000953674316
vertex 34.17411804199219 -8.624743461608887 2.9000000953674316
vertex 34.675785064697266 -23.537769317626953 2.9000000953674316
endloop
endfacet
facet normal -0.08715573781506088 0.9961946985232919 0
outer loop
vertex 48.947696685791016 -6.529167175292969 2.200000047683716
vertex 33.307437896728516 -7.897512435913086 2.200000047683716
vertex 48.947696685791016 -6.529167175292969 2.9000000953674316
endloop
endfacet
facet normal 0 0 1
outer loop
vertex 48.947696685791016 -6.529167175292969 2.9000000953674316
vertex 33.307437896728516 -7.897512435913086 2.9000000953674316
vertex 34.17411804199219 -8.624743461608887 2.9000000953674316
endloop
endfacet
facet normal 0.08715575891108844 -0.9961946966776284 0
outer loop
vertex 34.675785064697266 -23.537769317626953 2.9000000953674316
vertex 50.3160400390625 -22.169424057006836 2.200000047683716
vertex 50.3160400390625 -22.169424057006836 2.9000000953674316
endloop
endfacet
facet normal -0.9961946870524393 -0.08715586892741284 0
outer loop
vertex 33.307437896728516 -7.897512435913086 2.200000047683716
vertex 34.675785064697266 -23.537769317626953 2.200000047683716
vertex 33.307437896728516 -7.897512435913086 2.9000000953674316
endloop
endfacet
facet normal 0.08715575891108844 -0.9961946966776284 0
outer loop
vertex 34.675785064697266 -23.537769317626953 2.9000000953674316
vertex 34.675785064697266 -23.537769317626953 2.200000047683716
vertex 50.3160400390625 -22.169424057006836 2.200000047683716
endloop
endfacet
facet normal 0 0 1
outer loop
vertex 33.307437896728516 -7.897512435913086 2.9000000953674316
vertex 34.675785064697266 -23.537769317626953 2.9000000953674316
vertex 34.17411804199219 -8.624743461608887 2.9000000953674316
endloop
endfacet
facet normal 0 0 1
outer loop
vertex 48.947696685791016 -6.529167175292969 2.9000000953674316
vertex 48.220462799072266 -7.395847320556641 2.9000000953674316
vertex 49.44935989379883 -21.44219207763672 2.9000000953674316
endloop
endfacet
facet normal 0 0 1
outer loop
vertex 35.40301513671875 -22.67108917236328 2.9000000953674316
vertex 34.675785064697266 -23.537769317626953 2.9000000953674316
vertex 49.44935989379883 -21.44219207763672 2.9000000953674316
endloop
endfacet
facet normal 0 0 1
outer loop
vertex 49.44935989379883 -21.44219207763672 2.9000000953674316
vertex 34.675785064697266 -23.537769317626953 2.9000000953674316
vertex 50.3160400390625 -22.169424057006836 2.9000000953674316
endloop
endfacet
facet normal 0 0 1
outer loop
vertex 50.3160400390625 -22.169424057006836 2.9000000953674316
vertex 48.947696685791016 -6.529167175292969 2.9000000953674316
vertex 49.44935989379883 -21.44219207763672 2.9000000953674316
endloop
endfacet
facet normal -0.9961946909210251 -0.08715582470932899 0
outer loop
vertex 48.220462799072266 -7.395847320556641 2.200000047683716
vertex 49.44935989379883 -21.44219207763672 2.9000000953674316
vertex 48.220462799072266 -7.395847320556641 2.9000000953674316
endloop
endfacet
facet normal 0.9961947069434921 0.0871556414979101 0.0000035857463552118645
outer loop
vertex 34.17411804199219 -8.624743461608887 2.9000000953674316
vertex 35.40301513671875 -22.67108917236328 2.200000047683716
vertex 34.39653015136719 -11.166899681091309 2.200000047683716
endloop
endfacet
facet normal 0.996194691434801 0.08715581883684831 0
outer loop
vertex 35.40301513671875 -22.67108917236328 2.9000000953674316
vertex 35.40301513671875 -22.67108917236328 2.200000047683716
vertex 34.17411804199219 -8.624743461608887 2.9000000953674316
endloop
endfacet
facet normal 0.08715575758662622 -0.9961946967935039 0
outer loop
vertex 34.17411804199219 -8.624743461608887 2.9000000953674316
vertex 34.17411804199219 -8.624743461608887 2.200000047683716
vertex 48.220462799072266 -7.395847320556641 2.9000000953674316
endloop
endfacet
facet normal -0.9961946423963449 -0.08715637862700454 -0.000011200214203200829
outer loop
vertex 48.47775650024414 -10.336706161499023 2.200000047683716
vertex 49.44935989379883 -21.44219207763672 2.9000000953674316
vertex 48.220462799072266 -7.395847320556641 2.200000047683716
endloop
endfacet
facet normal 0.08715574271419789 -0.996194698094673 0
outer loop
vertex 48.220462799072266 -7.395847320556641 2.9000000953674316
vertex 39.52622985839844 -8.156494140625 2.200000047683716
vertex 48.220462799072266 -7.395847320556641 2.200000047683716
endloop
endfacet
facet normal -0.9961947037543145 -0.08715567802417423 0
outer loop
vertex 48.47775650024414 -10.336706161499023 2.200000047683716
vertex 49.44935989379883 -21.44219207763672 2.200000047683716
vertex 49.44935989379883 -21.44219207763672 2.9000000953674316
endloop
endfacet
facet normal 0.9961946212229138 0.08715662135796193 0
outer loop
vertex 34.17411804199219 -8.624743461608887 2.9000000953674316
vertex 34.39653015136719 -11.166899681091309 2.200000047683716
vertex 34.17411804199219 -8.624743461608887 2.200000047683716
endloop
endfacet
facet normal -0.0871556099199677 0.9961947097126537 0
outer loop
vertex 36.42978286743164 -22.58125877380371 2.200000047683716
vertex 35.40301513671875 -22.67108917236328 2.200000047683716
vertex 35.40301513671875 -22.67108917236328 2.9000000953674316
endloop
endfacet
facet normal -0.08715584164833641 0.9961946894389935 -3.42503408459597e-7
outer loop
vertex 49.44935989379883 -21.44219207763672 2.200000047683716
vertex 36.42978286743164 -22.58125877380371 2.200000047683716
vertex 35.40301513671875 -22.67108917236328 2.9000000953674316
endloop
endfacet
facet normal -0.08715582470932899 0.9961946909210251 0
outer loop
vertex 49.44935989379883 -21.44219207763672 2.200000047683716
vertex 35.40301513671875 -22.67108917236328 2.9000000953674316
vertex 49.44935989379883 -21.44219207763672 2.9000000953674316
endloop
endfacet
facet normal 0.08715578174611771 -0.9961946946797018 -4.885002380688131e-7
outer loop
vertex 34.17411804199219 -8.624743461608887 2.200000047683716
vertex 39.52622985839844 -8.156494140625 2.200000047683716
vertex 48.220462799072266 -7.395847320556641 2.9000000953674316
endloop
endfacet
facet normal -0.17364816424589416 -0.9848077553786987 0
outer loop
vertex -61.053062438964844 -20.166152954101562 2.9000000953674316
vertex -61.053062438964844 -20.166152954101562 2.200000047683716
vertex -45.59157943725586 -22.89242935180664 2.200000047683716
endloop
endfacet
facet normal -0.9848077535470559 0.17364817463365836 0
outer loop
vertex -58.326786041259766 -4.7046709060668945 2.200000047683716
vertex -61.053062438964844 -20.166152954101562 2.200000047683716
vertex -58.326786041259766 -4.7046709060668945 2.9000000953674316
endloop
endfacet
facet normal 0 0 1
outer loop
vertex -46.24050521850586 -21.96566390991211 2.9000000953674316
vertex -45.59157943725586 -22.89242935180664 2.9000000953674316
vertex -42.86530303955078 -7.430947303771973 2.9000000953674316
endloop
endfacet
facet normal 0 0 1
outer loop
vertex -58.326786041259766 -4.7046709060668945 2.9000000953674316
vertex -61.053062438964844 -20.166152954101562 2.9000000953674316
vertex -57.6778564453125 -5.631435394287109 2.9000000953674316
endloop
endfacet
facet normal 0.17364816424589416 0.9848077553786987 0
outer loop
vertex -42.86530303955078 -7.430947303771973 2.9000000953674316
vertex -58.326786041259766 -4.7046709060668945 2.200000047683716
vertex -58.326786041259766 -4.7046709060668945 2.9000000953674316
endloop
endfacet
facet normal 0 0 1
outer loop
vertex -58.326786041259766 -4.7046709060668945 2.9000000953674316
vertex -57.6778564453125 -5.631435394287109 2.9000000953674316
vertex -42.86530303955078 -7.430947303771973 2.9000000953674316
endloop
endfacet
facet normal 0.9848077535470559 -0.17364817463365836 0
outer loop
vertex -45.59157943725586 -22.89242935180664 2.200000047683716
vertex -42.86530303955078 -7.430947303771973 2.200000047683716
vertex -45.59157943725586 -22.89242935180664 2.9000000953674316
endloop
endfacet
facet normal -0.17364816424589416 -0.9848077553786987 0
outer loop
vertex -61.053062438964844 -20.166152954101562 2.9000000953674316
vertex -45.59157943725586 -22.89242935180664 2.200000047683716
vertex -45.59157943725586 -22.89242935180664 2.9000000953674316
endloop
endfacet
facet normal 0 0 1
outer loop
vertex -46.24050521850586 -21.96566390991211 2.9000000953674316
vertex -61.053062438964844 -20.166152954101562 2.9000000953674316
vertex -45.59157943725586 -22.89242935180664 2.9000000953674316
endloop
endfacet
facet normal -0.9848077535470559 0.17364817463365836 0
outer loop
vertex -58.326786041259766 -4.7046709060668945 2.9000000953674316
vertex -61.053062438964844 -20.166152954101562 2.200000047683716
vertex -61.053062438964844 -20.166152954101562 2.9000000953674316
endloop
endfacet
facet normal 0 0 1
outer loop
vertex -60.12629699707031 -19.51722526550293 2.9000000953674316
vertex -57.6778564453125 -5.631435394287109 2.9000000953674316
vertex -61.053062438964844 -20.166152954101562 2.9000000953674316
endloop
endfacet
facet normal 0.17364816424589416 0.9848077553786987 0
outer loop
vertex -42.86530303955078 -7.430947303771973 2.200000047683716
vertex -58.326786041259766 -4.7046709060668945 2.200000047683716
vertex -42.86530303955078 -7.430947303771973 2.9000000953674316
endloop
endfacet
facet normal 0 0 1
outer loop
vertex -42.86530303955078 -7.430947303771973 2.9000000953674316
vertex -43.79206848144531 -8.079874992370605 2.9000000953674316
vertex -46.24050521850586 -21.96566390991211 2.9000000953674316
endloop
endfacet
facet normal 0 0 1
outer loop
vertex -60.12629699707031 -19.51722526550293 2.9000000953674316
vertex -61.053062438964844 -20.166152954101562 2.9000000953674316
vertex -46.24050521850586 -21.96566390991211 2.9000000953674316
endloop
endfacet
facet normal 0 0 1
outer loop
vertex -42.86530303955078 -7.430947303771973 2.9000000953674316
vertex -57.6778564453125 -5.631435394287109 2.9000000953674316
vertex -43.79206848144531 -8.079874992370605 2.9000000953674316
endloop
endfacet
facet normal 0.9848077535470559 -0.17364817463365836 0
outer loop
vertex -42.86530303955078 -7.430947303771973 2.9000000953674316
vertex -45.59157943725586 -22.89242935180664 2.9000000953674316
vertex -42.86530303955078 -7.430947303771973 2.200000047683716
endloop
endfacet
facet normal 0.17364810237306033 0.9848077662885458 0
outer loop
vertex -46.24050521850586 -21.96566390991211 2.200000047683716
vertex -60.12629699707031 -19.51722526550293 2.200000047683716
vertex -60.12629699707031 -19.51722526550293 2.9000000953674316
endloop
endfacet
facet normal -0.1736482142361134 -0.9848077465640738 0
outer loop
vertex -57.6778564453125 -5.631435394287109 2.9000000953674316
vertex -57.6778564453125 -5.631435394287109 2.200000047683716
vertex -43.79206848144531 -8.079874992370605 2.9000000953674316
endloop
endfacet
facet normal 0.17364810237306033 0.9848077662885458 0
outer loop
vertex -46.24050521850586 -21.96566390991211 2.200000047683716
vertex -60.12629699707031 -19.51722526550293 2.9000000953674316
vertex -46.24050521850586 -21.96566390991211 2.9000000953674316
endloop
endfacet
facet normal 0.9848077390765325 -0.17364825670005504 0
outer loop
vertex -60.12629699707031 -19.51722526550293 2.200000047683716
vertex -57.6778564453125 -5.631435394287109 2.9000000953674316
vertex -60.12629699707031 -19.51722526550293 2.9000000953674316
endloop
endfacet
facet normal -0.17364821018165918 -0.9848077472789836 0
outer loop
vertex -43.79206848144531 -8.079874992370605 2.9000000953674316
vertex -54.30134201049805 -6.226806163787842 2.200000047683716
vertex -43.79206848144531 -8.079874992370605 2.200000047683716
endloop
endfacet
facet normal -0.984807783303107 0.17364800587861756 0
outer loop
vertex -43.79206848144531 -8.079874992370605 2.200000047683716
vertex -46.24050521850586 -21.96566390991211 2.9000000953674316
vertex -43.79206848144531 -8.079874992370605 2.9000000953674316
endloop
endfacet
facet normal -0.173648226855443 -0.9848077443389112 2.581107130832463e-7
outer loop
vertex -54.30134201049805 -6.226806163787842 2.200000047683716
vertex -43.79206848144531 -8.079874992370605 2.9000000953674316
vertex -57.6778564453125 -5.631435394287109 2.200000047683716
endloop
endfacet
facet normal 0.9848077488457688 -0.17364820129228162 -0.0000011332857704825672
outer loop
vertex -57.6778564453125 -5.631435394287109 2.9000000953674316
vertex -60.12629699707031 -19.51722526550293 2.200000047683716
vertex -58.271453857421875 -8.997888565063477 2.200000047683716
endloop
endfacet
facet normal 0.9848077085480813 -0.17364842983533607 0
outer loop
vertex -57.6778564453125 -5.631435394287109 2.9000000953674316
vertex -58.271453857421875 -8.997888565063477 2.200000047683716
vertex -57.6778564453125 -5.631435394287109 2.200000047683716
endloop
endfacet
facet normal -0.984807783303107 0.17364800587861756 0
outer loop
vertex -46.24050521850586 -21.96566390991211 2.9000000953674316
vertex -43.79206848144531 -8.079874992370605 2.200000047683716
vertex -46.24050521850586 -21.96566390991211 2.200000047683716
endloop
endfacet
facet normal 0 0 1
outer loop
vertex -4.29209041595459 -13.394399642944336 2.9000000953674316
vertex -3.5541536808013916 0.6862770318984985 2.9000000953674316
vertex -5.1328630447387695 -14.151433944702148 2.9000000953674316
endloop
endfacet
facet normal 0 0 1
outer loop
vertex -4.311188697814941 1.5270494222640991 2.9000000953674316
vertex -5.1328630447387695 -14.151433944702148 2.9000000953674316
vertex -3.5541536808013916 0.6862770318984985 2.9000000953674316
endloop
endfacet
facet normal -0.052335944802871896 -0.9986295353541226 0
outer loop
vertex -5.1328630447387695 -14.151433944702148 2.200000047683716
vertex 10.545620918273926 -14.973108291625977 2.200000047683716
vertex -5.1328630447387695 -14.151433944702148 2.9000000953674316
endloop
endfacet
facet normal 0 0 1
outer loop
vertex 9.788585662841797 -14.132336616516113 2.9000000953674316
vertex -5.1328630447387695 -14.151433944702148 2.9000000953674316
vertex 10.545620918273926 -14.973108291625977 2.9000000953674316
endloop
endfacet
facet normal -0.9986295352501352 0.05233594678706957 0
outer loop
vertex -4.311188697814941 1.5270494222640991 2.200000047683716
vertex -5.1328630447387695 -14.151433944702148 2.200000047683716
vertex -4.311188697814941 1.5270494222640991 2.9000000953674316
endloop
endfacet
facet normal 0 0 1
outer loop
vertex 9.788585662841797 -14.132336616516113 2.9000000953674316
vertex 10.545620918273926 -14.973108291625977 2.9000000953674316
vertex 11.367295265197754 0.7053749561309814 2.9000000953674316
endloop
endfacet
facet normal 0 0 1
outer loop
vertex -5.1328630447387695 -14.151433944702148 2.9000000953674316
vertex 9.788585662841797 -14.132336616516113 2.9000000953674316
vertex -4.29209041595459 -13.394399642944336 2.9000000953674316
endloop
endfacet
facet normal 0.052335952375022664 0.9986295349572829 0
outer loop
vertex 11.367295265197754 0.7053749561309814 2.9000000953674316
vertex -4.311188697814941 1.5270494222640991 2.200000047683716
vertex -4.311188697814941 1.5270494222640991 2.9000000953674316
endloop
endfacet
facet normal 0 0 1
outer loop
vertex -4.311188697814941 1.5270494222640991 2.9000000953674316
vertex -3.5541536808013916 0.6862770318984985 2.9000000953674316
vertex 11.367295265197754 0.7053749561309814 2.9000000953674316
endloop
endfacet
facet normal 0 0 1
outer loop
vertex 11.367295265197754 0.7053749561309814 2.9000000953674316
vertex -3.5541536808013916 0.6862770318984985 2.9000000953674316
vertex 10.526522636413574 -0.051659926772117615 2.9000000953674316
endloop
endfacet
facet normal 0.9986295352293378 -0.052335947183909125 0
outer loop
vertex 11.367295265197754 0.7053749561309814 2.9000000953674316
vertex 10.545620918273926 -14.973108291625977 2.9000000953674316
vertex 11.367295265197754 0.7053749561309814 2.200000047683716
endloop
endfacet
facet normal 0 0 1
outer loop
vertex 10.526522636413574 -0.051659926772117615 2.9000000953674316
vertex 9.788585662841797 -14.132336616516113 2.9000000953674316
vertex 11.367295265197754 0.7053749561309814 2.9000000953674316
endloop
endfacet
facet normal 0.052335952375022664 0.9986295349572829 0
outer loop
vertex 11.367295265197754 0.7053749561309814 2.9000000953674316
vertex 11.367295265197754 0.7053749561309814 2.200000047683716
vertex -4.311188697814941 1.5270494222640991 2.200000047683716
endloop
endfacet
facet normal -0.9986295352501352 0.05233594678706957 0
outer loop
vertex -4.311188697814941 1.5270494222640991 2.9000000953674316
vertex -5.1328630447387695 -14.151433944702148 2.200000047683716
vertex -5.1328630447387695 -14.151433944702148 2.9000000953674316
endloop
endfacet
facet normal 0.9986295352293378 -0.052335947183909125 0
outer loop
vertex 10.545620918273926 -14.973108291625977 2.200000047683716
vertex 11.367295265197754 0.7053749561309814 2.200000047683716
vertex 10.545620918273926 -14.973108291625977 2.9000000953674316
endloop
endfacet
facet normal -0.052335944802871896 -0.9986295353541226 0
outer loop
vertex -5.1328630447387695 -14.151433944702148 2.9000000953674316
vertex 10.545620918273926 -14.973108291625977 2.200000047683716
vertex 10.545620918273926 -14.973108291625977 2.9000000953674316
endloop
endfacet
facet normal 0.9986295357189705 -0.052335937841157525 0
outer loop
vertex -4.29209041595459 -13.394399642944336 2.200000047683716
vertex -3.5541536808013916 0.6862770318984985 2.200000047683716
vertex -3.5541536808013916 0.6862770318984985 2.9000000953674316
endloop
endfacet
facet normal 0.052335956913316675 0.9986295347194412 0
outer loop
vertex 9.788585662841797 -14.132336616516113 2.200000047683716
vertex -4.29209041595459 -13.394399642944336 2.9000000953674316
vertex 9.788585662841797 -14.132336616516113 2.9000000953674316
endloop
endfacet
facet normal -0.05233595497564928 -0.99862953482099 0
outer loop
vertex -3.5541536808013916 0.6862770318984985 2.200000047683716
vertex 10.526522636413574 -0.051659926772117615 2.200000047683716
vertex 10.526522636413574 -0.051659926772117615 2.9000000953674316
endloop
endfacet
facet normal -0.05233595497564928 -0.99862953482099 0
outer loop
vertex -3.5541536808013916 0.6862770318984985 2.9000000953674316
vertex -3.5541536808013916 0.6862770318984985 2.200000047683716
vertex 10.526522636413574 -0.051659926772117615 2.9000000953674316
endloop
endfacet
facet normal -0.9986295348381232 0.05233595464872752 0
outer loop
vertex 9.788585662841797 -14.132336616516113 2.200000047683716
vertex 9.788585662841797 -14.132336616516113 2.9000000953674316
vertex 10.526522636413574 -0.051659926772117615 2.200000047683716
endloop
endfacet
facet normal 0.9986295357189705 -0.052335937841157525 0
outer loop
vertex -4.29209041595459 -13.394399642944336 2.200000047683716
vertex -3.5541536808013916 0.6862770318984985 2.9000000953674316
vertex -4.29209041595459 -13.394399642944336 2.9000000953674316
endloop
endfacet
facet normal -0.9986295348381232 0.05233595464872752 0
outer loop
vertex 10.526522636413574 -0.051659926772117615 2.200000047683716
vertex 9.788585662841797 -14.132336616516113 2.9000000953674316
vertex 10.526522636413574 -0.051659926772117615 2.9000000953674316
endloop
endfacet
facet normal 0.052335956913316675 0.9986295347194412 0
outer loop
vertex 9.788585662841797 -14.132336616516113 2.200000047683716
vertex -4.29209041595459 -13.394399642944336 2.200000047683716
vertex -4.29209041595459 -13.394399642944336 2.9000000953674316
endloop
endfacet
facet normal -0.9848077535470559 0.17364817463365836 0
outer loop
vertex -39.538394927978516 3.013936996459961 2.9000000953674316
vertex -42.264671325683594 -12.447545051574707 2.200000047683716
vertex -42.264671325683594 -12.447545051574707 2.9000000953674316
endloop
endfacet
facet normal 0 0 1
outer loop
vertex -41.33790588378906 -11.798617362976074 2.9000000953674316
vertex -38.88946533203125 2.087172269821167 2.9000000953674316
vertex -42.264671325683594 -12.447545051574707 2.9000000953674316
endloop
endfacet
facet normal 0.9848077536042946 -0.1736481743090407 0
outer loop
vertex -26.80318832397461 -15.173821449279785 2.200000047683716
vertex -24.07691192626953 0.2876606285572052 2.200000047683716
vertex -26.80318832397461 -15.173821449279785 2.9000000953674316
endloop
endfacet
facet normal 0 0 1
outer loop
vertex -24.07691192626953 0.2876606285572052 2.9000000953674316
vertex -25.003677368164062 -0.3612670302391052 2.9000000953674316
vertex -27.452116012573242 -14.247056007385254 2.9000000953674316
endloop
endfacet
facet normal 0.9848077536042946 -0.1736481743090407 0
outer loop
vertex -26.80318832397461 -15.173821449279785 2.9000000953674316
vertex -24.07691192626953 0.2876606285572052 2.200000047683716
vertex -24.07691192626953 0.2876606285572052 2.9000000953674316
endloop
endfacet
facet normal 0.17364816240489606 0.9848077557033164 0
outer loop
vertex -24.07691192626953 0.2876606285572052 2.9000000953674316
vertex -39.538394927978516 3.013936996459961 2.200000047683716
vertex -39.538394927978516 3.013936996459961 2.9000000953674316
endloop
endfacet
facet normal 0 0 1
outer loop
vertex -27.452116012573242 -14.247056007385254 2.9000000953674316
vertex -26.80318832397461 -15.173821449279785 2.9000000953674316
vertex -24.07691192626953 0.2876606285572052 2.9000000953674316
endloop
endfacet
facet normal -0.9848077535470559 0.17364817463365836 0
outer loop
vertex -39.538394927978516 3.013936996459961 2.200000047683716
vertex -42.264671325683594 -12.447545051574707 2.200000047683716
vertex -39.538394927978516 3.013936996459961 2.9000000953674316
endloop
endfacet
facet normal 0 0 1
outer loop
vertex -27.452116012573242 -14.247056007385254 2.9000000953674316
vertex -42.264671325683594 -12.447545051574707 2.9000000953674316
vertex -26.80318832397461 -15.173821449279785 2.9000000953674316
endloop
endfacet
facet normal 0 0 1
outer loop
vertex -42.264671325683594 -12.447545051574707 2.9000000953674316
vertex -27.452116012573242 -14.247056007385254 2.9000000953674316
vertex -41.33790588378906 -11.798617362976074 2.9000000953674316
endloop
endfacet
facet normal 0.17364816240489606 0.9848077557033164 0
outer loop
vertex -24.07691192626953 0.2876606285572052 2.200000047683716
vertex -39.538394927978516 3.013936996459961 2.200000047683716
vertex -24.07691192626953 0.2876606285572052 2.9000000953674316
endloop
endfacet
facet normal -0.17364816424589416 -0.9848077553786987 0
outer loop
vertex -42.264671325683594 -12.447545051574707 2.9000000953674316
vertex -26.80318832397461 -15.173821449279785 2.200000047683716
vertex -26.80318832397461 -15.173821449279785 2.9000000953674316
endloop
endfacet
facet normal 0 0 1
outer loop
vertex -39.538394927978516 3.013936996459961 2.9000000953674316
vertex -42.264671325683594 -12.447545051574707 2.9000000953674316
vertex -38.88946533203125 2.087172269821167 2.9000000953674316
endloop
endfacet
facet normal 0 0 1
outer loop
vertex -24.07691192626953 0.2876606285572052 2.9000000953674316
vertex -39.538394927978516 3.013936996459961 2.9000000953674316
vertex -38.88946533203125 2.087172269821167 2.9000000953674316
endloop
endfacet
facet normal -0.17364816424589416 -0.9848077553786987 0
outer loop
vertex -42.264671325683594 -12.447545051574707 2.200000047683716
vertex -26.80318832397461 -15.173821449279785 2.200000047683716
vertex -42.264671325683594 -12.447545051574707 2.9000000953674316
endloop
endfacet
facet normal 0 0 1
outer loop
vertex -24.07691192626953 0.2876606285572052 2.9000000953674316
vertex -38.88946533203125 2.087172269821167 2.9000000953674316
vertex -25.003677368164062 -0.3612670302391052 2.9000000953674316
endloop
endfacet
facet normal -0.9848077051413723 0.1736484491557119 0
outer loop
vertex -27.091711044311523 -12.20310115814209 2.200000047683716
vertex -27.452116012573242 -14.247056007385254 2.200000047683716
vertex -27.452116012573242 -14.247056007385254 2.9000000953674316
endloop
endfacet
facet normal -0.17364819373705323 -0.9848077501786116 0
outer loop
vertex -38.88946533203125 2.087172269821167 2.9000000953674316
vertex -38.88946533203125 2.087172269821167 2.200000047683716
vertex -25.003677368164062 -0.3612670302391052 2.9000000953674316
endloop
endfacet
facet normal 0.17364757592604665 0.9848078591151715 0
outer loop
vertex -40.92252731323242 -11.871859550476074 2.200000047683716
vertex -41.33790588378906 -11.798617362976074 2.200000047683716
vertex -41.33790588378906 -11.798617362976074 2.9000000953674316
endloop
endfacet
facet normal -0.9848077698171497 0.17364808235783222 -0.000001104325319622866
outer loop
vertex -27.091711044311523 -12.20310115814209 2.200000047683716
vertex -27.452116012573242 -14.247056007385254 2.9000000953674316
vertex -25.003677368164062 -0.3612670302391052 2.200000047683716
endloop
endfacet
facet normal 0.1736481255060872 0.9848077622095707 0
outer loop
vertex -27.452116012573242 -14.247056007385254 2.200000047683716
vertex -41.33790588378906 -11.798617362976074 2.9000000953674316
vertex -27.452116012573242 -14.247056007385254 2.9000000953674316
endloop
endfacet
facet normal -0.9848077602975505 0.17364813634969561 0
outer loop
vertex -25.003677368164062 -0.3612670302391052 2.9000000953674316
vertex -25.003677368164062 -0.3612670302391052 2.200000047683716
vertex -27.452116012573242 -14.247056007385254 2.9000000953674316
endloop
endfacet
facet normal 0.9848077385666597 -0.17364825959168587 0
outer loop
vertex -41.33790588378906 -11.798617362976074 2.200000047683716
vertex -38.88946533203125 2.087172269821167 2.9000000953674316
vertex -41.33790588378906 -11.798617362976074 2.9000000953674316
endloop
endfacet
facet normal -0.17364819373705323 -0.9848077501786116 0
outer loop
vertex -38.88946533203125 2.087172269821167 2.200000047683716
vertex -25.003677368164062 -0.3612670302391052 2.200000047683716
vertex -25.003677368164062 -0.3612670302391052 2.9000000953674316
endloop
endfacet
facet normal 0.17364814245312699 0.98480775922129 3.4662805525320617e-7
outer loop
vertex -40.92252731323242 -11.871859550476074 2.200000047683716
vertex -41.33790588378906 -11.798617362976074 2.9000000953674316
vertex -27.452116012573242 -14.247056007385254 2.200000047683716
endloop
endfacet
facet normal 0.9848077385666597 -0.17364825959168587 0
outer loop
vertex -38.88946533203125 2.087172269821167 2.9000000953674316
vertex -41.33790588378906 -11.798617362976074 2.200000047683716
vertex -38.88946533203125 2.087172269821167 2.200000047683716
endloop
endfacet
facet normal 0 0 1
outer loop
vertex 51.59749984741211 -12.721786499023438 2.9000000953674316
vertex 50.870269775390625 -13.58846664428711 2.9000000953674316
vertex 65.64384460449219 -11.492890357971191 2.9000000953674316
endloop
endfacet
facet normal 0.9961946870524393 0.08715586892741284 0
outer loop
vertex 66.51052856445312 -12.220121383666992 2.200000047683716
vertex 65.14218139648438 3.420135498046875 2.200000047683716
vertex 66.51052856445312 -12.220121383666992 2.9000000953674316
endloop
endfacet
facet normal 0 0 1
outer loop
vertex 49.501922607421875 2.051790237426758 2.9000000953674316
vertex 50.870269775390625 -13.58846664428711 2.9000000953674316
vertex 50.36860656738281 1.324559211730957 2.9000000953674316
endloop
endfacet
facet normal -0.08715573781506088 0.9961946985232919 0
outer loop
vertex 49.501922607421875 2.051790237426758 2.200000047683716
vertex 49.501922607421875 2.051790237426758 2.9000000953674316
vertex 65.14218139648438 3.420135498046875 2.9000000953674316
endloop
endfacet
facet normal 0 0 1
outer loop
vertex 51.59749984741211 -12.721786499023438 2.9000000953674316
vertex 50.36860656738281 1.324559211730957 2.9000000953674316
vertex 50.870269775390625 -13.58846664428711 2.9000000953674316
endloop
endfacet
facet normal -0.08715573781506088 0.9961946985232919 0
outer loop
vertex 65.14218139648438 3.420135498046875 2.9000000953674316
vertex 65.14218139648438 3.420135498046875 2.200000047683716
vertex 49.501922607421875 2.051790237426758 2.200000047683716
endloop
endfacet
facet normal -0.9961946870524393 -0.08715586892741284 0
outer loop
vertex 49.501922607421875 2.051790237426758 2.9000000953674316
vertex 50.870269775390625 -13.58846664428711 2.200000047683716
vertex 50.870269775390625 -13.58846664428711 2.9000000953674316
endloop
endfacet
facet normal 0 0 1
outer loop
vertex 65.14218139648438 3.420135498046875 2.9000000953674316
vertex 50.36860656738281 1.324559211730957 2.9000000953674316
vertex 64.41494750976562 2.553455114364624 2.9000000953674316
endloop
endfacet
facet normal 0.08715573781506088 -0.9961946985232919 0
outer loop
vertex 50.870269775390625 -13.58846664428711 2.9000000953674316
vertex 66.51052856445312 -12.220121383666992 2.200000047683716
vertex 66.51052856445312 -12.220121383666992 2.9000000953674316
endloop
endfacet
facet normal 0 0 1
outer loop
vertex 65.64384460449219 -11.492890357971191 2.9000000953674316
vertex 50.870269775390625 -13.58846664428711 2.9000000953674316
vertex 66.51052856445312 -12.220121383666992 2.9000000953674316
endloop
endfacet
facet normal 0 0 1
outer loop
vertex 65.14218139648438 3.420135498046875 2.9000000953674316
vertex 49.501922607421875 2.051790237426758 2.9000000953674316
vertex 50.36860656738281 1.324559211730957 2.9000000953674316
endloop
endfacet
facet normal 0.9961946870524393 0.08715586892741284 0
outer loop
vertex 66.51052856445312 -12.220121383666992 2.9000000953674316
vertex 65.14218139648438 3.420135498046875 2.200000047683716
vertex 65.14218139648438 3.420135498046875 2.9000000953674316
endloop
endfacet
facet normal 0 0 1
outer loop
vertex 64.41494750976562 2.553455114364624 2.9000000953674316
vertex 65.64384460449219 -11.492890357971191 2.9000000953674316
vertex 65.14218139648438 3.420135498046875 2.9000000953674316
endloop
endfacet
facet normal -0.9961946870524393 -0.08715586892741284 0
outer loop
vertex 49.501922607421875 2.051790237426758 2.200000047683716
vertex 50.870269775390625 -13.58846664428711 2.200000047683716
vertex 49.501922607421875 2.051790237426758 2.9000000953674316
endloop
endfacet
facet normal 0 0 1
outer loop
vertex 65.64384460449219 -11.492890357971191 2.9000000953674316
vertex 66.51052856445312 -12.220121383666992 2.9000000953674316
vertex 65.14218139648438 3.420135498046875 2.9000000953674316
endloop
endfacet
facet normal 0.08715573781506088 -0.9961946985232919 0
outer loop
vertex 50.870269775390625 -13.58846664428711 2.200000047683716
vertex 66.51052856445312 -12.220121383666992 2.200000047683716
vertex 50.870269775390625 -13.58846664428711 2.9000000953674316
endloop
endfacet
facet normal 0.08715576429585865 -0.9961946962065221 0
outer loop
vertex 64.41494750976562 2.553455114364624 2.9000000953674316
vertex 50.36860656738281 1.324559211730957 2.200000047683716
vertex 64.41494750976562 2.553455114364624 2.200000047683716
endloop
endfacet
facet normal -0.08715585692687425 0.9961946881023519 0
outer loop
vertex 55.999996185302734 -12.336617469787598 2.200000047683716
vertex 51.59749984741211 -12.721786499023438 2.200000047683716
vertex 51.59749984741211 -12.721786499023438 2.9000000953674316
endloop
endfacet
facet normal 0.9961947223075097 0.08715546594305618 0.0000017066088871960003
outer loop
vertex 51.59749984741211 -12.721786499023438 2.200000047683716
vertex 50.85114669799805 -4.190903663635254 2.200000047683716
vertex 50.36860656738281 1.324559211730957 2.9000000953674316
endloop
endfacet
facet normal -0.9961946913063571 -0.0871558203049684 0
outer loop
vertex 64.41494750976562 2.553455114364624 2.200000047683716
vertex 65.64384460449219 -11.492890357971191 2.9000000953674316
vertex 64.41494750976562 2.553455114364624 2.9000000953674316
endloop
endfacet
facet normal -0.08715575758662622 0.9961946967935039 0
outer loop
vertex 65.64384460449219 -11.492890357971191 2.200000047683716
vertex 51.59749984741211 -12.721786499023438 2.9000000953674316
vertex 65.64384460449219 -11.492890357971191 2.9000000953674316
endloop
endfacet
facet normal 0.08715576429585865 -0.9961946962065221 0
outer loop
vertex 50.36860656738281 1.324559211730957 2.9000000953674316
vertex 50.36860656738281 1.324559211730957 2.200000047683716
vertex 64.41494750976562 2.553455114364624 2.9000000953674316
endloop
endfacet
facet normal -0.9961946851512223 -0.08715589064678429 -0.0000014222991520263343
outer loop
vertex 64.41494750976562 2.553455114364624 2.200000047683716
vertex 65.43592834472656 -9.116389274597168 2.200000047683716
vertex 65.64384460449219 -11.492890357971191 2.9000000953674316
endloop
endfacet
facet normal -0.9961947215262204 -0.08715547488996954 0
outer loop
vertex 65.43592834472656 -9.116389274597168 2.200000047683716
vertex 65.64384460449219 -11.492890357971191 2.200000047683716
vertex 65.64384460449219 -11.492890357971191 2.9000000953674316
endloop
endfacet
facet normal -0.0871557122369462 0.9961947007606644 9.169606065466027e-7
outer loop
vertex 65.64384460449219 -11.492890357971191 2.200000047683716
vertex 55.999996185302734 -12.336617469787598 2.200000047683716
vertex 51.59749984741211 -12.721786499023438 2.9000000953674316
endloop
endfacet
facet normal 0.9961947149246865 0.08715555034604788 0
outer loop
vertex 51.59749984741211 -12.721786499023438 2.9000000953674316
vertex 51.59749984741211 -12.721786499023438 2.200000047683716
vertex 50.36860656738281 1.324559211730957 2.9000000953674316
endloop
endfacet
facet normal 0.9961947035032604 0.08715568089373653 0
outer loop
vertex 50.36860656738281 1.324559211730957 2.9000000953674316
vertex 50.85114669799805 -4.190903663635254 2.200000047683716
vertex 50.36860656738281 1.324559211730957 2.200000047683716
endloop
endfacet
facet normal 0 0 1
outer loop
vertex 28.420236587524414 2.676210641860962 2.9000000953674316
vertex 12.741753578186035 3.497885227203369 2.9000000953674316
vertex 13.498787879943848 2.6571128368377686 2.9000000953674316
endloop
endfacet
facet normal 0.0523359631218907 0.9986295343940634 0
outer loop
vertex 12.741753578186035 3.497885227203369 2.200000047683716
vertex 12.741753578186035 3.497885227203369 2.9000000953674316
vertex 28.420236587524414 2.676210641860962 2.9000000953674316
endloop
endfacet
facet normal 0 0 1
outer loop
vertex 27.579463958740234 1.9191758632659912 2.9000000953674316
vertex 26.841527938842773 -12.161500930786133 2.9000000953674316
vertex 28.420236587524414 2.676210641860962 2.9000000953674316
endloop
endfacet
facet normal 0.9986295352293378 -0.052335947183909125 0
outer loop
vertex 27.598562240600586 -13.002272605895996 2.200000047683716
vertex 28.420236587524414 2.676210641860962 2.200000047683716
vertex 27.598562240600586 -13.002272605895996 2.9000000953674316
endloop
endfacet
facet normal 0 0 1
outer loop
vertex 26.841527938842773 -12.161500930786133 2.9000000953674316
vertex 27.598562240600586 -13.002272605895996 2.9000000953674316
vertex 28.420236587524414 2.676210641860962 2.9000000953674316
endloop
endfacet
facet normal 0.9986295352293378 -0.052335947183909125 0
outer loop
vertex 27.598562240600586 -13.002272605895996 2.9000000953674316
vertex 28.420236587524414 2.676210641860962 2.200000047683716
vertex 28.420236587524414 2.676210641860962 2.9000000953674316
endloop
endfacet
facet normal 0 0 1
outer loop
vertex 12.741753578186035 3.497885227203369 2.9000000953674316
vertex 11.920079231262207 -12.180598258972168 2.9000000953674316
vertex 13.498787879943848 2.6571128368377686 2.9000000953674316
endloop
endfacet
facet normal 0 0 1
outer loop
vertex 12.76085090637207 -11.423563957214355 2.9000000953674316
vertex 13.498787879943848 2.6571128368377686 2.9000000953674316
vertex 11.920079231262207 -12.180598258972168 2.9000000953674316
endloop
endfacet
facet normal 0 0 1
outer loop
vertex 28.420236587524414 2.676210641860962 2.9000000953674316
vertex 13.498787879943848 2.6571128368377686 2.9000000953674316
vertex 27.579463958740234 1.9191758632659912 2.9000000953674316
endloop
endfacet
facet normal -0.9986295352709327 0.05233594639023002 0
outer loop
vertex 12.741753578186035 3.497885227203369 2.9000000953674316
vertex 11.920079231262207 -12.180598258972168 2.200000047683716
vertex 11.920079231262207 -12.180598258972168 2.9000000953674316
endloop
endfacet
facet normal 0 0 1
outer loop
vertex 11.920079231262207 -12.180598258972168 2.9000000953674316
vertex 26.841527938842773 -12.161500930786133 2.9000000953674316
vertex 12.76085090637207 -11.423563957214355 2.9000000953674316
endloop
endfacet
facet normal 0.0523359631218907 0.9986295343940634 0
outer loop
vertex 28.420236587524414 2.676210641860962 2.9000000953674316
vertex 28.420236587524414 2.676210641860962 2.200000047683716
vertex 12.741753578186035 3.497885227203369 2.200000047683716
endloop
endfacet
facet normal -0.9986295352709327 0.05233594639023002 0
outer loop
vertex 12.741753578186035 3.497885227203369 2.200000047683716
vertex 11.920079231262207 -12.180598258972168 2.200000047683716
vertex 12.741753578186035 3.497885227203369 2.9000000953674316
endloop
endfacet
facet normal 0 0 1
outer loop
vertex 26.841527938842773 -12.161500930786133 2.9000000953674316
vertex 11.920079231262207 -12.180598258972168 2.9000000953674316
vertex 27.598562240600586 -13.002272605895996 2.9000000953674316
endloop
endfacet
facet normal -0.05233594797758824 -0.9986295351877428 0
outer loop
vertex 11.920079231262207 -12.180598258972168 2.9000000953674316
vertex 27.598562240600586 -13.002272605895996 2.200000047683716
vertex 27.598562240600586 -13.002272605895996 2.9000000953674316
endloop
endfacet
facet normal -0.05233594797758824 -0.9986295351877428 0
outer loop
vertex 11.920079231262207 -12.180598258972168 2.200000047683716
vertex 27.598562240600586 -13.002272605895996 2.200000047683716
vertex 11.920079231262207 -12.180598258972168 2.9000000953674316
endloop
endfacet
facet normal -0.9986295383933519 0.05233588681087518 0
outer loop
vertex 27.579463958740234 1.9191758632659912 2.200000047683716
vertex 26.841527938842773 -12.161500930786133 2.9000000953674316
vertex 27.579463958740234 1.9191758632659912 2.9000000953674316
endloop
endfacet
facet normal 0.052335953378348316 0.998629534904701 0
outer loop
vertex 12.76085090637207 -11.423563957214355 2.200000047683716
vertex 12.76085090637207 -11.423563957214355 2.9000000953674316
vertex 26.841527938842773 -12.161500930786133 2.200000047683716
endloop
endfacet
facet normal -0.052335956913316675 -0.9986295347194412 0
outer loop
vertex 13.498787879943848 2.6571128368377686 2.9000000953674316
vertex 13.498787879943848 2.6571128368377686 2.200000047683716
vertex 27.579463958740234 1.9191758632659912 2.9000000953674316
endloop
endfacet
facet normal -0.9986295451219103 0.05233575835786936 -0.0000025909576860196286
outer loop
vertex 27.579463958740234 1.9191758632659912 2.200000047683716
vertex 27.250356674194336 -4.360589027404785 2.200000047683716
vertex 26.841527938842773 -12.161500930786133 2.9000000953674316
endloop
endfacet
facet normal -0.9986295329741256 0.05233599021590887 0
outer loop
vertex 27.250356674194336 -4.360589027404785 2.200000047683716
vertex 26.841527938842773 -12.161500930786133 2.200000047683716
vertex 26.841527938842773 -12.161500930786133 2.9000000953674316
endloop
endfacet
facet normal -0.052335956913316675 -0.9986295347194412 0
outer loop
vertex 27.579463958740234 1.9191758632659912 2.9000000953674316
vertex 13.498787879943848 2.6571128368377686 2.200000047683716
vertex 27.579463958740234 1.9191758632659912 2.200000047683716
endloop
endfacet
facet normal 0.9986295317878415 -0.05233601283820201 0.0000011815101541625207
outer loop
vertex 13.033246994018555 -6.225942611694336 2.200000047683716
vertex 13.498787879943848 2.6571128368377686 2.9000000953674316
vertex 12.76085090637207 -11.423563957214355 2.200000047683716
endloop
endfacet
facet normal 0.9986295366546025 -0.05233591998822569 0
outer loop
vertex 13.498787879943848 2.6571128368377686 2.9000000953674316
vertex 13.033246994018555 -6.225942611694336 2.200000047683716
vertex 13.498787879943848 2.6571128368377686 2.200000047683716
endloop
endfacet
facet normal 0.9986295348583861 -0.05233595426209037 0
outer loop
vertex 12.76085090637207 -11.423563957214355 2.9000000953674316
vertex 12.76085090637207 -11.423563957214355 2.200000047683716
vertex 13.498787879943848 2.6571128368377686 2.9000000953674316
endloop
endfacet
facet normal 0.052335953378348316 0.998629534904701 0
outer loop
vertex 26.841527938842773 -12.161500930786133 2.200000047683716
vertex 12.76085090637207 -11.423563957214355 2.9000000953674316
vertex 26.841527938842773 -12.161500930786133 2.9000000953674316
endloop
endfacet
facet normal -0.17364817463365836 -0.9848077535470559 0
outer loop
vertex -23.677927017211914 -4.935981273651123 2.200000047683716
vertex -8.216444969177246 -7.662257671356201 2.200000047683716
vertex -23.677927017211914 -4.935981273651123 2.9000000953674316
endloop
endfacet
facet normal 0 0 1
outer loop
vertex -8.865372657775879 -6.735493183135986 2.9000000953674316
vertex -8.216444969177246 -7.662257671356201 2.9000000953674316
vertex -5.490168571472168 7.799223899841309 2.9000000953674316
endloop
endfacet
facet normal 0.9848077526312342 -0.1736481798275409 0
outer loop
vertex -8.216444969177246 -7.662257671356201 2.200000047683716
vertex -5.490168571472168 7.799223899841309 2.200000047683716
vertex -8.216444969177246 -7.662257671356201 2.9000000953674316
endloop
endfacet
facet normal -0.17364817463365836 -0.9848077535470559 0
outer loop
vertex -23.677927017211914 -4.935981273651123 2.9000000953674316
vertex -8.216444969177246 -7.662257671356201 2.200000047683716
vertex -8.216444969177246 -7.662257671356201 2.9000000953674316
endloop
endfacet
facet normal -0.9848077526312342 0.1736481798275409 0
outer loop
vertex -20.951650619506836 10.525500297546387 2.9000000953674316
vertex -23.677927017211914 -4.935981273651123 2.200000047683716
vertex -23.677927017211914 -4.935981273651123 2.9000000953674316
endloop
endfacet
facet normal 0 0 1
outer loop
vertex -8.865372657775879 -6.735493183135986 2.9000000953674316
vertex -23.677927017211914 -4.935981273651123 2.9000000953674316
vertex -8.216444969177246 -7.662257671356201 2.9000000953674316
endloop
endfacet
facet normal 0 0 1
outer loop
vertex -22.751161575317383 -4.28705358505249 2.9000000953674316
vertex -20.302722930908203 9.598735809326172 2.9000000953674316
vertex -23.677927017211914 -4.935981273651123 2.9000000953674316
endloop
endfacet
facet normal 0 0 1
outer loop
vertex -20.951650619506836 10.525500297546387 2.9000000953674316
vertex -23.677927017211914 -4.935981273651123 2.9000000953674316
vertex -20.302722930908203 9.598735809326172 2.9000000953674316
endloop
endfacet
facet normal 0 0 1
outer loop
vertex -5.490168571472168 7.799223899841309 2.9000000953674316
vertex -20.951650619506836 10.525500297546387 2.9000000953674316
vertex -20.302722930908203 9.598735809326172 2.9000000953674316
endloop
endfacet
facet normal 0.17364817463365836 0.9848077535470559 0
outer loop
vertex -5.490168571472168 7.799223899841309 2.9000000953674316
vertex -20.951650619506836 10.525500297546387 2.200000047683716
vertex -20.951650619506836 10.525500297546387 2.9000000953674316
endloop
endfacet
facet normal 0.9848077526312342 -0.1736481798275409 0
outer loop
vertex -5.490168571472168 7.799223899841309 2.9000000953674316
vertex -8.216444969177246 -7.662257671356201 2.9000000953674316
vertex -5.490168571472168 7.799223899841309 2.200000047683716
endloop
endfacet
facet normal 0 0 1
outer loop
vertex -8.865372657775879 -6.735493183135986 2.9000000953674316
vertex -22.751161575317383 -4.28705358505249 2.9000000953674316
vertex -23.677927017211914 -4.935981273651123 2.9000000953674316
endloop
endfacet
facet normal 0 0 1
outer loop
vertex -5.490168571472168 7.799223899841309 2.9000000953674316
vertex -20.302722930908203 9.598735809326172 2.9000000953674316
vertex -6.416933059692383 7.150296211242676 2.9000000953674316
endloop
endfacet
facet normal 0.17364817463365836 0.9848077535470559 0
outer loop
vertex -5.490168571472168 7.799223899841309 2.200000047683716
vertex -20.951650619506836 10.525500297546387 2.200000047683716
vertex -5.490168571472168 7.799223899841309 2.9000000953674316
endloop
endfacet
facet normal 0 0 1
outer loop
vertex -5.490168571472168 7.799223899841309 2.9000000953674316
vertex -6.416933059692383 7.150296211242676 2.9000000953674316
vertex -8.865372657775879 -6.735493183135986 2.9000000953674316
endloop
endfacet
facet normal -0.9848077526312342 0.1736481798275409 0
outer loop
vertex -20.951650619506836 10.525500297546387 2.200000047683716
vertex -23.677927017211914 -4.935981273651123 2.200000047683716
vertex -20.951650619506836 10.525500297546387 2.9000000953674316
endloop
endfacet
facet normal 0.17364820266959208 0.9848077486035638 0
outer loop
vertex -8.865372657775879 -6.735493183135986 2.200000047683716
vertex -22.751161575317383 -4.28705358505249 2.9000000953674316
vertex -8.865372657775879 -6.735493183135986 2.9000000953674316
endloop
endfacet
facet normal -0.17364819110307228 -0.9848077506430537 0
outer loop
vertex -20.302722930908203 9.598735809326172 2.9000000953674316
vertex -20.302722930908203 9.598735809326172 2.200000047683716
vertex -6.416933059692383 7.150296211242676 2.9000000953674316
endloop
endfacet
facet normal 0.9848077611898266 -0.17364813128934484 0
outer loop
vertex -22.751161575317383 -4.28705358505249 2.9000000953674316
vertex -22.751161575317383 -4.28705358505249 2.200000047683716
vertex -20.302722930908203 9.598735809326172 2.9000000953674316
endloop
endfacet
facet normal -0.9848077462701307 0.1736482159027109 3.889535260810154e-7
outer loop
vertex -8.865372657775879 -6.735493183135986 2.9000000953674316
vertex -6.416933059692383 7.150296211242676 2.200000047683716
vertex -8.815485000610352 -6.452564716339111 2.200000047683716
endloop
endfacet
facet normal -0.9848079108360955 0.17364728260080828 0
outer loop
vertex -8.815485000610352 -6.452564716339111 2.200000047683716
vertex -8.865372657775879 -6.735493183135986 2.200000047683716
vertex -8.865372657775879 -6.735493183135986 2.9000000953674316
endloop
endfacet
facet normal 0.9848077458840121 -0.17364821809293318 0
outer loop
vertex -20.302722930908203 9.598735809326172 2.9000000953674316
vertex -20.80283546447754 6.762457370758057 2.200000047683716
vertex -20.302722930908203 9.598735809326172 2.200000047683716
endloop
endfacet
facet normal 0.1736482259750831 0.9848077444940608 4.766813944012597e-7
outer loop
vertex -17.890911102294922 -5.144046783447266 2.200000047683716
vertex -22.751161575317383 -4.28705358505249 2.9000000953674316
vertex -8.865372657775879 -6.735493183135986 2.200000047683716
endloop
endfacet
facet normal 0.17364815939100223 0.9848077562347471 0
outer loop
vertex -17.890911102294922 -5.144046783447266 2.200000047683716
vertex -22.751161575317383 -4.28705358505249 2.200000047683716
vertex -22.751161575317383 -4.28705358505249 2.9000000953674316
endloop
endfacet
facet normal -0.17364813029961226 -0.9848077613635579 -0.0000012436464528749727
outer loop
vertex -20.302722930908203 9.598735809326172 2.200000047683716
vertex -13.921128273010254 8.473488807678223 2.200000047683716
vertex -6.416933059692383 7.150296211242676 2.9000000953674316
endloop
endfacet
facet normal -0.9848077496233089 0.17364819688633198 0
outer loop
vertex -6.416933059692383 7.150296211242676 2.200000047683716
vertex -8.865372657775879 -6.735493183135986 2.9000000953674316
vertex -6.416933059692383 7.150296211242676 2.9000000953674316
endloop
endfacet
facet normal 0.9848077651185442 -0.17364810900787434 -4.5573572746706867e-7
outer loop
vertex -22.751161575317383 -4.28705358505249 2.200000047683716
vertex -20.80283546447754 6.762457370758057 2.200000047683716
vertex -20.302722930908203 9.598735809326172 2.9000000953674316
endloop
endfacet
facet normal -0.17364824281043806 -0.9848077415256478 0
outer loop
vertex -6.416933059692383 7.150296211242676 2.9000000953674316
vertex -13.921128273010254 8.473488807678223 2.200000047683716
vertex -6.416933059692383 7.150296211242676 2.200000047683716
endloop
endfacet
facet normal -0.9961946870524393 -0.08715586892741284 0
outer loop
vertex 31.825790405273438 9.037797927856445 2.200000047683716
vertex 33.19413757324219 -6.602458953857422 2.200000047683716
vertex 31.825790405273438 9.037797927856445 2.9000000953674316
endloop
endfacet
facet normal 0 0 1
outer loop
vertex 47.46604919433594 10.406143188476562 2.9000000953674316
vertex 47.96771240234375 -4.506882667541504 2.9000000953674316
vertex 48.83439254760742 -5.234114170074463 2.9000000953674316
endloop
endfacet
facet normal 0.9961947083791742 0.08715562516173034 0
outer loop
vertex 48.83439254760742 -5.234114170074463 2.9000000953674316
vertex 47.46604919433594 10.406143188476562 2.200000047683716
vertex 47.46604919433594 10.406143188476562 2.9000000953674316
endloop
endfacet
facet normal 0 0 1
outer loop
vertex 47.46604919433594 10.406143188476562 2.9000000953674316
vertex 32.69247055053711 8.310566902160645 2.9000000953674316
vertex 46.73881530761719 9.539462089538574 2.9000000953674316
endloop
endfacet
facet normal 0 0 1
outer loop
vertex 46.73881530761719 9.539462089538574 2.9000000953674316
vertex 47.96771240234375 -4.506882667541504 2.9000000953674316
vertex 47.46604919433594 10.406143188476562 2.9000000953674316
endloop
endfacet
facet normal -0.9961946870524393 -0.08715586892741284 0
outer loop
vertex 33.19413757324219 -6.602458953857422 2.200000047683716
vertex 33.19413757324219 -6.602458953857422 2.9000000953674316
vertex 31.825790405273438 9.037797927856445 2.9000000953674316
endloop
endfacet
facet normal 0 0 1
outer loop
vertex 33.92136764526367 -5.73577880859375 2.9000000953674316
vertex 32.69247055053711 8.310566902160645 2.9000000953674316
vertex 33.19413757324219 -6.602458953857422 2.9000000953674316
endloop
endfacet
facet normal -0.08715573781506088 0.9961946985232919 0
outer loop
vertex 47.46604919433594 10.406143188476562 2.200000047683716
vertex 31.825790405273438 9.037797927856445 2.200000047683716
vertex 47.46604919433594 10.406143188476562 2.9000000953674316
endloop
endfacet
facet normal 0.08715572876999939 -0.9961946993146321 0
outer loop
vertex 33.19413757324219 -6.602458953857422 2.9000000953674316
vertex 33.19413757324219 -6.602458953857422 2.200000047683716
vertex 48.83439254760742 -5.234114170074463 2.200000047683716
endloop
endfacet
facet normal 0 0 1
outer loop
vertex 47.46604919433594 10.406143188476562 2.9000000953674316
vertex 31.825790405273438 9.037797927856445 2.9000000953674316
vertex 32.69247055053711 8.310566902160645 2.9000000953674316
endloop
endfacet
facet normal 0.9961947083791742 0.08715562516173034 0
outer loop
vertex 48.83439254760742 -5.234114170074463 2.200000047683716
vertex 47.46604919433594 10.406143188476562 2.200000047683716
vertex 48.83439254760742 -5.234114170074463 2.9000000953674316
endloop
endfacet
facet normal -0.08715573781506088 0.9961946985232919 0
outer loop
vertex 31.825790405273438 9.037797927856445 2.200000047683716
vertex 31.825790405273438 9.037797927856445 2.9000000953674316
vertex 47.46604919433594 10.406143188476562 2.9000000953674316
endloop
endfacet
facet normal 0.08715572876999939 -0.9961946993146321 0
outer loop
vertex 33.19413757324219 -6.602458953857422 2.9000000953674316
vertex 48.83439254760742 -5.234114170074463 2.200000047683716
vertex 48.83439254760742 -5.234114170074463 2.9000000953674316
endloop
endfacet
facet normal 0 0 1
outer loop
vertex 33.92136764526367 -5.73577880859375 2.9000000953674316
vertex 33.19413757324219 -6.602458953857422 2.9000000953674316
vertex 47.96771240234375 -4.506882667541504 2.9000000953674316
endloop
endfacet
facet normal 0 0 1
outer loop
vertex 31.825790405273438 9.037797927856445 2.9000000953674316
vertex 33.19413757324219 -6.602458953857422 2.9000000953674316
vertex 32.69247055053711 8.310566902160645 2.9000000953674316
endloop
endfacet
facet normal 0 0 1
outer loop
vertex 47.96771240234375 -4.506882667541504 2.9000000953674316
vertex 33.19413757324219 -6.602458953857422 2.9000000953674316
vertex 48.83439254760742 -5.234114170074463 2.9000000953674316
endloop
endfacet
facet normal 0.08715569042111096 -0.996194702669724 8.656358121491275e-10
outer loop
vertex 46.73881530761719 9.539462089538574 2.9000000953674316
vertex 32.69247055053711 8.310566902160645 2.200000047683716
vertex 45.46182632446289 9.427740097045898 2.200000047683716
endloop
endfacet
facet normal 0.08715569046392224 -0.9961947026659783 0
outer loop
vertex 32.69247055053711 8.310566902160645 2.9000000953674316
vertex 32.69247055053711 8.310566902160645 2.200000047683716
vertex 46.73881530761719 9.539462089538574 2.9000000953674316
endloop
endfacet
facet normal 0.9961947147732603 0.08715555190974916 0.000005397186602321608
outer loop
vertex 32.69247055053711 8.310566902160645 2.9000000953674316
vertex 33.92136764526367 -5.73577880859375 2.200000047683716
vertex 33.40516662597656 0.164438858628273 2.200000047683716
endloop
endfacet
facet normal 0.9961946745202674 0.08715601217046554 0
outer loop
vertex 32.69247055053711 8.310566902160645 2.9000000953674316
vertex 33.40516662597656 0.164438858628273 2.200000047683716
vertex 32.69247055053711 8.310566902160645 2.200000047683716
endloop
endfacet
facet normal -0.9961946909174204 -0.08715582470901362 -0.0000026901536318321325
outer loop
vertex 46.76769256591797 9.209415435791016 2.200000047683716
vertex 47.96771240234375 -4.506882667541504 2.9000000953674316
vertex 46.73881530761719 9.539462089538574 2.9000000953674316
endloop
endfacet
facet normal 0.08715569089201734 -0.9961947026285248 0
outer loop
vertex 46.73881530761719 9.539462089538574 2.9000000953674316
vertex 45.46182632446289 9.427740097045898 2.200000047683716
vertex 46.73881530761719 9.539462089538574 2.200000047683716
endloop
endfacet
facet normal -0.9961941955229107 -0.08716148694498578 0
outer loop
vertex 46.73881530761719 9.539462089538574 2.200000047683716
vertex 46.76769256591797 9.209415435791016 2.200000047683716
vertex 46.73881530761719 9.539462089538574 2.9000000953674316
endloop
endfacet
facet normal -0.9961947028410878 -0.08715568846240983 0
outer loop
vertex 46.76769256591797 9.209415435791016 2.200000047683716
vertex 47.96771240234375 -4.506882667541504 2.200000047683716
vertex 47.96771240234375 -4.506882667541504 2.9000000953674316
endloop
endfacet
facet normal -0.08715575758662622 0.9961946967935039 0
outer loop
vertex 47.96771240234375 -4.506882667541504 2.200000047683716
vertex 33.92136764526367 -5.73577880859375 2.9000000953674316
vertex 47.96771240234375 -4.506882667541504 2.9000000953674316
endloop
endfacet
facet normal -0.08715573712355255 0.996194698583791 0
outer loop
vertex 42.628082275390625 -4.9740400314331055 2.200000047683716
vertex 33.92136764526367 -5.73577880859375 2.200000047683716
vertex 33.92136764526367 -5.73577880859375 2.9000000953674316
endloop
endfacet
facet normal 0.996194691434801 0.08715581883684831 0
outer loop
vertex 33.92136764526367 -5.73577880859375 2.9000000953674316
vertex 33.92136764526367 -5.73577880859375 2.200000047683716
vertex 32.69247055053711 8.310566902160645 2.9000000953674316
endloop
endfacet
facet normal -0.0871557909533635 0.9961946938740632 -6.746690751874744e-7
outer loop
vertex 42.628082275390625 -4.9740400314331055 2.200000047683716
vertex 33.92136764526367 -5.73577880859375 2.9000000953674316
vertex 47.96771240234375 -4.506882667541504 2.200000047683716
endloop
endfacet
facet normal 0 0 1
outer loop
vertex -40.989402770996094 8.64879035949707 2.9000000953674316
vertex -43.43783950805664 -5.236999034881592 2.9000000953674316
vertex -40.06263732910156 9.297718048095703 2.9000000953674316
endloop
endfacet
facet normal -0.17364817897387896 -0.9848077527817578 0
outer loop
vertex -58.250396728515625 -3.4374873638153076 2.200000047683716
vertex -42.78891372680664 -6.163763999938965 2.200000047683716
vertex -58.250396728515625 -3.4374873638153076 2.9000000953674316
endloop
endfacet
facet normal 0 0 1
outer loop
vertex -43.43783950805664 -5.236999034881592 2.9000000953674316
vertex -58.250396728515625 -3.4374873638153076 2.9000000953674316
vertex -42.78891372680664 -6.163763999938965 2.9000000953674316
endloop
endfacet
facet normal 0 0 1
outer loop
vertex -43.43783950805664 -5.236999034881592 2.9000000953674316
vertex -57.323631286621094 -2.788559675216675 2.9000000953674316
vertex -58.250396728515625 -3.4374873638153076 2.9000000953674316
endloop
endfacet
facet normal -0.17364817897387896 -0.9848077527817578 0
outer loop
vertex -58.250396728515625 -3.4374873638153076 2.9000000953674316
vertex -42.78891372680664 -6.163763999938965 2.200000047683716
vertex -42.78891372680664 -6.163763999938965 2.9000000953674316
endloop
endfacet
facet normal 0 0 1
outer loop
vertex -40.06263732910156 9.297718048095703 2.9000000953674316
vertex -54.87519073486328 11.097229957580566 2.9000000953674316
vertex -40.989402770996094 8.64879035949707 2.9000000953674316
endloop
endfacet
facet normal 0.9848077535470559 -0.17364817463365836 0
outer loop
vertex -42.78891372680664 -6.163763999938965 2.200000047683716
vertex -40.06263732910156 9.297718048095703 2.200000047683716
vertex -42.78891372680664 -6.163763999938965 2.9000000953674316
endloop
endfacet
facet normal 0 0 1
outer loop
vertex -43.43783950805664 -5.236999034881592 2.9000000953674316
vertex -42.78891372680664 -6.163763999938965 2.9000000953674316
vertex -40.06263732910156 9.297718048095703 2.9000000953674316
endloop
endfacet
facet normal -0.9848077530891449 0.17364817723059958 0
outer loop
vertex -55.52412033081055 12.023994445800781 2.200000047683716
vertex -58.250396728515625 -3.4374873638153076 2.200000047683716
vertex -55.52412033081055 12.023994445800781 2.9000000953674316
endloop
endfacet
facet normal -0.9848077530891449 0.17364817723059958 0
outer loop
vertex -55.52412033081055 12.023994445800781 2.9000000953674316
vertex -58.250396728515625 -3.4374873638153076 2.200000047683716
vertex -58.250396728515625 -3.4374873638153076 2.9000000953674316
endloop
endfacet
facet normal 0 0 1
outer loop
vertex -55.52412033081055 12.023994445800781 2.9000000953674316
vertex -54.87519073486328 11.097229957580566 2.9000000953674316
vertex -40.06263732910156 9.297718048095703 2.9000000953674316
endloop
endfacet
facet normal 0.17364816424589416 0.9848077553786987 0
outer loop
vertex -40.06263732910156 9.297718048095703 2.9000000953674316
vertex -55.52412033081055 12.023994445800781 2.200000047683716
vertex -55.52412033081055 12.023994445800781 2.9000000953674316
endloop
endfacet
facet normal 0 0 1
outer loop
vertex -55.52412033081055 12.023994445800781 2.9000000953674316
vertex -58.250396728515625 -3.4374873638153076 2.9000000953674316
vertex -54.87519073486328 11.097229957580566 2.9000000953674316
endloop
endfacet
facet normal 0.9848077535470559 -0.17364817463365836 0
outer loop
vertex -40.06263732910156 9.297718048095703 2.9000000953674316
vertex -42.78891372680664 -6.163763999938965 2.9000000953674316
vertex -40.06263732910156 9.297718048095703 2.200000047683716
endloop
endfacet
facet normal 0 0 1
outer loop
vertex -57.323631286621094 -2.788559675216675 2.9000000953674316
vertex -54.87519073486328 11.097229957580566 2.9000000953674316
vertex -58.250396728515625 -3.4374873638153076 2.9000000953674316
endloop
endfacet
facet normal 0.17364816424589416 0.9848077553786987 0
outer loop
vertex -40.06263732910156 9.297718048095703 2.200000047683716
vertex -55.52412033081055 12.023994445800781 2.200000047683716
vertex -40.06263732910156 9.297718048095703 2.9000000953674316
endloop
endfacet
facet normal 0.984807780516529 -0.1736480216138839 -0.000004867458891931684
outer loop
vertex -54.87519073486328 11.097229957580566 2.9000000953674316
vertex -57.323631286621094 -2.788559675216675 2.200000047683716
vertex -56.515926361083984 1.792166829109192 2.200000047683716
endloop
endfacet
facet normal 0.17364815157079322 0.9848077576136608 0
outer loop
vertex -43.43783950805664 -5.236999034881592 2.200000047683716
vertex -57.323631286621094 -2.788559675216675 2.9000000953674316
vertex -43.43783950805664 -5.236999034881592 2.9000000953674316
endloop
endfacet
facet normal 0.17364815157079322 0.9848077576136608 0
outer loop
vertex -43.43783950805664 -5.236999034881592 2.200000047683716
vertex -57.323631286621094 -2.788559675216675 2.200000047683716
vertex -57.323631286621094 -2.788559675216675 2.9000000953674316
endloop
endfacet
facet normal -0.9848077843228498 0.1736480000953636 0
outer loop
vertex -40.989402770996094 8.64879035949707 2.200000047683716
vertex -43.43783950805664 -5.236999034881592 2.200000047683716
vertex -43.43783950805664 -5.236999034881592 2.9000000953674316
endloop
endfacet
facet normal -0.17364818107341828 -0.9848077524113188 -6.782953524147992e-7
outer loop
vertex -54.87519073486328 11.097229957580566 2.200000047683716
vertex -49.06978225708008 10.073579788208008 2.200000047683716
vertex -40.989402770996094 8.64879035949707 2.9000000953674316
endloop
endfacet
facet normal -0.9848077843228498 0.1736480000953636 0
outer loop
vertex -40.989402770996094 8.64879035949707 2.200000047683716
vertex -43.43783950805664 -5.236999034881592 2.9000000953674316
vertex -40.989402770996094 8.64879035949707 2.9000000953674316
endloop
endfacet
facet normal 0.9848077385666597 -0.17364825959168587 0
outer loop
vertex -57.323631286621094 -2.788559675216675 2.9000000953674316
vertex -57.323631286621094 -2.788559675216675 2.200000047683716
vertex -54.87519073486328 11.097229957580566 2.9000000953674316
endloop
endfacet
facet normal -0.1736482142361134 -0.9848077465640738 0
outer loop
vertex -54.87519073486328 11.097229957580566 2.9000000953674316
vertex -54.87519073486328 11.097229957580566 2.200000047683716
vertex -40.989402770996094 8.64879035949707 2.9000000953674316
endloop
endfacet
facet normal -0.17364823806206822 -0.9848077423629138 0
outer loop
vertex -40.989402770996094 8.64879035949707 2.9000000953674316
vertex -49.06978225708008 10.073579788208008 2.200000047683716
vertex -40.989402770996094 8.64879035949707 2.200000047683716
endloop
endfacet
facet normal 0.9848077179096798 -0.17364837674314235 0
outer loop
vertex -54.87519073486328 11.097229957580566 2.9000000953674316
vertex -56.515926361083984 1.792166829109192 2.200000047683716
vertex -54.87519073486328 11.097229957580566 2.200000047683716
endloop
endfacet
facet normal 0 0 1
outer loop
vertex -36.58637619018555 19.75566864013672 2.9000000953674316
vertex -39.312652587890625 4.294187068939209 2.9000000953674316
vertex -35.93744659423828 18.828903198242188 2.9000000953674316
endloop
endfacet
facet normal 0 0 1
outer loop
vertex -24.500097274780273 2.494675397872925 2.9000000953674316
vertex -39.312652587890625 4.294187068939209 2.9000000953674316
vertex -23.85116958618164 1.5679106712341309 2.9000000953674316
endloop
endfacet
facet normal -0.9848077526312342 0.1736481798275409 0
outer loop
vertex -36.58637619018555 19.75566864013672 2.200000047683716
vertex -39.312652587890625 4.294187068939209 2.200000047683716
vertex -36.58637619018555 19.75566864013672 2.9000000953674316
endloop
endfacet
facet normal 0.9848077526312342 -0.1736481798275409 0
outer loop
vertex -21.124893188476562 17.02939224243164 2.9000000953674316
vertex -23.85116958618164 1.5679106712341309 2.9000000953674316
vertex -21.124893188476562 17.02939224243164 2.200000047683716
endloop
endfacet
facet normal 0 0 1
outer loop
vertex -22.051658630371094 16.380464553833008 2.9000000953674316
vertex -24.500097274780273 2.494675397872925 2.9000000953674316
vertex -21.124893188476562 17.02939224243164 2.9000000953674316
endloop
endfacet
facet normal 0 0 1
outer loop
vertex -38.385887145996094 4.943114757537842 2.9000000953674316
vertex -39.312652587890625 4.294187068939209 2.9000000953674316
vertex -24.500097274780273 2.494675397872925 2.9000000953674316
endloop
endfacet
facet normal 0 0 1
outer loop
vertex -21.124893188476562 17.02939224243164 2.9000000953674316
vertex -35.93744659423828 18.828903198242188 2.9000000953674316
vertex -22.051658630371094 16.380464553833008 2.9000000953674316
endloop
endfacet
facet normal -0.9848077526312342 0.1736481798275409 0
outer loop
vertex -36.58637619018555 19.75566864013672 2.9000000953674316
vertex -39.312652587890625 4.294187068939209 2.200000047683716
vertex -39.312652587890625 4.294187068939209 2.9000000953674316
endloop
endfacet
facet normal -0.17364816424589416 -0.9848077553786987 0
outer loop
vertex -39.312652587890625 4.294187068939209 2.9000000953674316
vertex -39.312652587890625 4.294187068939209 2.200000047683716
vertex -23.85116958618164 1.5679106712341309 2.200000047683716
endloop
endfacet
facet normal 0.9848077526312342 -0.1736481798275409 0
outer loop
vertex -23.85116958618164 1.5679106712341309 2.200000047683716
vertex -21.124893188476562 17.02939224243164 2.200000047683716
vertex -23.85116958618164 1.5679106712341309 2.9000000953674316
endloop
endfacet
facet normal 0 0 1
outer loop
vertex -38.385887145996094 4.943114757537842 2.9000000953674316
vertex -35.93744659423828 18.828903198242188 2.9000000953674316
vertex -39.312652587890625 4.294187068939209 2.9000000953674316
endloop
endfacet
facet normal 0.17364816424589416 0.9848077553786987 0
outer loop
vertex -21.124893188476562 17.02939224243164 2.9000000953674316
vertex -21.124893188476562 17.02939224243164 2.200000047683716
vertex -36.58637619018555 19.75566864013672 2.200000047683716
endloop
endfacet
facet normal 0 0 1
outer loop
vertex -36.58637619018555 19.75566864013672 2.9000000953674316
vertex -35.93744659423828 18.828903198242188 2.9000000953674316
vertex -21.124893188476562 17.02939224243164 2.9000000953674316
endloop
endfacet
facet normal 0.17364816424589416 0.9848077553786987 0
outer loop
vertex -21.124893188476562 17.02939224243164 2.9000000953674316
vertex -36.58637619018555 19.75566864013672 2.200000047683716
vertex -36.58637619018555 19.75566864013672 2.9000000953674316
endloop
endfacet
facet normal -0.17364816424589416 -0.9848077553786987 0
outer loop
vertex -39.312652587890625 4.294187068939209 2.9000000953674316
vertex -23.85116958618164 1.5679106712341309 2.200000047683716
vertex -23.85116958618164 1.5679106712341309 2.9000000953674316
endloop
endfacet
facet normal 0 0 1
outer loop
vertex -24.500097274780273 2.494675397872925 2.9000000953674316
vertex -23.85116958618164 1.5679106712341309 2.9000000953674316
vertex -21.124893188476562 17.02939224243164 2.9000000953674316
endloop
endfacet
facet normal -0.17364814863912012 -0.9848077581305938 0
outer loop
vertex -35.93744659423828 18.828903198242188 2.9000000953674316
vertex -35.93744659423828 18.828903198242188 2.200000047683716
vertex -22.051658630371094 16.380464553833008 2.9000000953674316
endloop
endfacet
facet normal 0.9848077360172955 -0.17364827404984148 0
outer loop
vertex -35.93744659423828 18.828903198242188 2.9000000953674316
vertex -38.385887145996094 4.943114757537842 2.200000047683716
vertex -35.93744659423828 18.828903198242188 2.200000047683716
endloop
endfacet
facet normal -0.9848077606799545 0.1736481341809738 0
outer loop
vertex -22.051658630371094 16.380464553833008 2.200000047683716
vertex -24.500097274780273 2.494675397872925 2.9000000953674316
vertex -22.051658630371094 16.380464553833008 2.9000000953674316
endloop
endfacet
facet normal -0.9848077606799545 0.1736481341809738 0
outer loop
vertex -24.500097274780273 2.494675397872925 2.9000000953674316
vertex -22.051658630371094 16.380464553833008 2.200000047683716
vertex -24.500097274780273 2.494675397872925 2.200000047683716
endloop
endfacet
facet normal 0.9848077360172955 -0.17364827404984148 0
outer loop
vertex -38.385887145996094 4.943114757537842 2.200000047683716
vertex -35.93744659423828 18.828903198242188 2.9000000953674316
vertex -38.385887145996094 4.943114757537842 2.9000000953674316
endloop
endfacet
facet normal 0.1736481747038262 0.9848077535346832 0
outer loop
vertex -24.500097274780273 2.494675397872925 2.200000047683716
vertex -38.385887145996094 4.943114757537842 2.200000047683716
vertex -38.385887145996094 4.943114757537842 2.9000000953674316
endloop
endfacet
facet normal 0.1736481747038262 0.9848077535346832 0
outer loop
vertex -24.500097274780273 2.494675397872925 2.200000047683716
vertex -38.385887145996094 4.943114757537842 2.9000000953674316
vertex -24.500097274780273 2.494675397872925 2.9000000953674316
endloop
endfacet
facet normal -0.1736496880999907 -0.9848074866809128 0
outer loop
vertex -22.051658630371094 16.380464553833008 2.9000000953674316
vertex -22.514583587646484 16.46209144592285 2.200000047683716
vertex -22.051658630371094 16.380464553833008 2.200000047683716
endloop
endfacet
facet normal -0.17364809554638297 -0.9848077674916739 -0.0000010859349553252457
outer loop
vertex -35.93744659423828 18.828903198242188 2.200000047683716
vertex -22.514583587646484 16.46209144592285 2.200000047683716
vertex -22.051658630371094 16.380464553833008 2.9000000953674316
endloop
endfacet
facet normal 0 0 1
outer loop
vertex 49.38862228393555 3.3468434810638428 2.9000000953674316
vertex 64.16220092773438 5.44242000579834 2.9000000953674316
vertex 50.11585235595703 4.213523864746094 2.9000000953674316
endloop
endfacet
facet normal 0 0 1
outer loop
vertex 63.6605339050293 20.355445861816406 2.9000000953674316
vertex 48.0202751159668 18.98710060119629 2.9000000953674316
vertex 48.886959075927734 18.259868621826172 2.9000000953674316
endloop
endfacet
facet normal 0.9961947083791742 0.08715562516173034 0
outer loop
vertex 65.02887725830078 4.715188503265381 2.200000047683716
vertex 63.6605339050293 20.355445861816406 2.200000047683716
vertex 65.02887725830078 4.715188503265381 2.9000000953674316
endloop
endfacet
facet normal 0 0 1
outer loop
vertex 64.16220092773438 5.44242000579834 2.9000000953674316
vertex 49.38862228393555 3.3468434810638428 2.9000000953674316
vertex 65.02887725830078 4.715188503265381 2.9000000953674316
endloop
endfacet
facet normal -0.08715573781506088 0.9961946985232919 0
outer loop
vertex 48.0202751159668 18.98710060119629 2.200000047683716
vertex 48.0202751159668 18.98710060119629 2.9000000953674316
vertex 63.6605339050293 20.355445861816406 2.9000000953674316
endloop
endfacet
facet normal -0.9961946871677936 -0.08715586760890934 0
outer loop
vertex 48.0202751159668 18.98710060119629 2.200000047683716
vertex 49.38862228393555 3.3468434810638428 2.200000047683716
vertex 48.0202751159668 18.98710060119629 2.9000000953674316
endloop
endfacet
facet normal 0.08715574384054395 -0.9961946979961305 0
outer loop
vertex 49.38862228393555 3.3468434810638428 2.9000000953674316
vertex 65.02887725830078 4.715188503265381 2.200000047683716
vertex 65.02887725830078 4.715188503265381 2.9000000953674316
endloop
endfacet
facet normal 0.08715574384054395 -0.9961946979961305 0
outer loop
vertex 49.38862228393555 3.3468434810638428 2.200000047683716
vertex 65.02887725830078 4.715188503265381 2.200000047683716
vertex 49.38862228393555 3.3468434810638428 2.9000000953674316
endloop
endfacet
facet normal 0 0 1
outer loop
vertex 63.6605339050293 20.355445861816406 2.9000000953674316
vertex 48.886959075927734 18.259868621826172 2.9000000953674316
vertex 62.93330383300781 19.488765716552734 2.9000000953674316
endloop
endfacet
facet normal 0.9961947083791742 0.08715562516173034 0
outer loop
vertex 65.02887725830078 4.715188503265381 2.9000000953674316
vertex 63.6605339050293 20.355445861816406 2.200000047683716
vertex 63.6605339050293 20.355445861816406 2.9000000953674316
endloop
endfacet
facet normal 0 0 1
outer loop
vertex 64.16220092773438 5.44242000579834 2.9000000953674316
vertex 65.02887725830078 4.715188503265381 2.9000000953674316
vertex 63.6605339050293 20.355445861816406 2.9000000953674316
endloop
endfacet
facet normal 0 0 1
outer loop
vertex 62.93330383300781 19.488765716552734 2.9000000953674316
vertex 64.16220092773438 5.44242000579834 2.9000000953674316
vertex 63.6605339050293 20.355445861816406 2.9000000953674316
endloop
endfacet
facet normal -0.9961946871677936 -0.08715586760890934 0
outer loop
vertex 48.0202751159668 18.98710060119629 2.9000000953674316
vertex 49.38862228393555 3.3468434810638428 2.200000047683716
vertex 49.38862228393555 3.3468434810638428 2.9000000953674316
endloop
endfacet
facet normal 0 0 1
outer loop
vertex 50.11585235595703 4.213523864746094 2.9000000953674316
vertex 48.886959075927734 18.259868621826172 2.9000000953674316
vertex 49.38862228393555 3.3468434810638428 2.9000000953674316
endloop
endfacet
facet normal -0.08715573781506088 0.9961946985232919 0
outer loop
vertex 63.6605339050293 20.355445861816406 2.200000047683716
vertex 48.0202751159668 18.98710060119629 2.200000047683716
vertex 63.6605339050293 20.355445861816406 2.9000000953674316
endloop
endfacet
facet normal 0 0 1
outer loop
vertex 48.0202751159668 18.98710060119629 2.9000000953674316
vertex 49.38862228393555 3.3468434810638428 2.9000000953674316
vertex 48.886959075927734 18.259868621826172 2.9000000953674316
endloop
endfacet
facet normal -0.996194691434801 -0.08715581883684831 0
outer loop
vertex 62.93330383300781 19.488765716552734 2.200000047683716
vertex 64.16220092773438 5.44242000579834 2.9000000953674316
vertex 62.93330383300781 19.488765716552734 2.9000000953674316
endloop
endfacet
facet normal -0.9961947136682546 -0.08715556455550699 0.000005141494298987199
outer loop
vertex 64.16220092773438 5.44242000579834 2.9000000953674316
vertex 62.93330383300781 19.488765716552734 2.200000047683716
vertex 63.53932571411133 12.5618896484375 2.200000047683716
endloop
endfacet
facet normal 0.9961947144109137 0.08715555621851075 0
outer loop
vertex 50.11585235595703 4.213523864746094 2.9000000953674316
vertex 50.11585235595703 4.213523864746094 2.200000047683716
vertex 48.886959075927734 18.259868621826172 2.9000000953674316
endloop
endfacet
facet normal 0.087155845131395 -0.9961946891343239 0
outer loop
vertex 62.93330383300781 19.488765716552734 2.9000000953674316
vertex 59.728328704833984 19.20836639404297 2.200000047683716
vertex 62.93330383300781 19.488765716552734 2.200000047683716
endloop
endfacet
facet normal 0.9961947144109137 0.08715555621851075 0
outer loop
vertex 48.886959075927734 18.259868621826172 2.200000047683716
vertex 48.886959075927734 18.259868621826172 2.9000000953674316
vertex 50.11585235595703 4.213523864746094 2.200000047683716
endloop
endfacet
facet normal -0.0871556626283818 0.9961947051012707 0
outer loop
vertex 55.586891174316406 4.6921772956848145 2.200000047683716
vertex 50.11585235595703 4.213523864746094 2.200000047683716
vertex 50.11585235595703 4.213523864746094 2.9000000953674316
endloop
endfacet
facet normal 0.08715581867206404 -0.9961946914492104 1.220722634153454e-7
outer loop
vertex 62.93330383300781 19.488765716552734 2.9000000953674316
vertex 48.886959075927734 18.259868621826172 2.200000047683716
vertex 59.728328704833984 19.20836639404297 2.200000047683716
endloop
endfacet
facet normal 0.08715582470932899 -0.9961946909210251 0
outer loop
vertex 48.886959075927734 18.259868621826172 2.9000000953674316
vertex 48.886959075927734 18.259868621826172 2.200000047683716
vertex 62.93330383300781 19.488765716552734 2.9000000953674316
endloop
endfacet
facet normal -0.9961946697899272 -0.08715606623831643 0
outer loop
vertex 63.53932571411133 12.5618896484375 2.200000047683716
vertex 64.16220092773438 5.44242000579834 2.200000047683716
vertex 64.16220092773438 5.44242000579834 2.9000000953674316
endloop
endfacet
facet normal -0.08715573409672604 0.996194698848604 0
outer loop
vertex 64.16220092773438 5.44242000579834 2.200000047683716
vertex 50.11585235595703 4.213523864746094 2.9000000953674316
vertex 64.16220092773438 5.44242000579834 2.9000000953674316
endloop
endfacet
facet normal -0.08715577969341856 0.9961946948589832 -9.219568893266723e-7
outer loop
vertex 50.11585235595703 4.213523864746094 2.9000000953674316
vertex 64.16220092773438 5.44242000579834 2.200000047683716
vertex 55.586891174316406 4.6921772956848145 2.200000047683716
endloop
endfacet
facet normal 0 0 1
outer loop
vertex 45.25716781616211 26.47477149963379 2.9000000953674316
vertex 46.48606491088867 12.428426742553711 2.9000000953674316
vertex 45.98440170288086 27.341453552246094 2.9000000953674316
endloop
endfacet
facet normal 0 0 1
outer loop
vertex 46.48606491088867 12.428426742553711 2.9000000953674316
vertex 47.352745056152344 11.70119571685791 2.9000000953674316
vertex 45.98440170288086 27.341453552246094 2.9000000953674316
endloop
endfacet
facet normal 0.9961947045243468 0.08715566921631748 0.000001051226885611738
outer loop
vertex 46.62346649169922 20.036903381347656 2.200000047683716
vertex 45.98440170288086 27.341453552246094 2.200000047683716
vertex 47.352745056152344 11.70119571685791 2.9000000953674316
endloop
endfacet
facet normal 0 0 1
outer loop
vertex 30.34414291381836 25.973108291625977 2.9000000953674316
vertex 31.712488174438477 10.332850456237793 2.9000000953674316
vertex 31.21082305908203 25.24587631225586 2.9000000953674316
endloop
endfacet
facet normal 0.0871557483630734 -0.9961946976004604 0
outer loop
vertex 31.712488174438477 10.332850456237793 2.200000047683716
vertex 47.352745056152344 11.70119571685791 2.200000047683716
vertex 31.712488174438477 10.332850456237793 2.9000000953674316
endloop
endfacet
facet normal -0.08715573781506088 0.9961946985232919 0
outer loop
vertex 30.34414291381836 25.973108291625977 2.200000047683716
vertex 30.34414291381836 25.973108291625977 2.9000000953674316
vertex 45.98440170288086 27.341453552246094 2.9000000953674316
endloop
endfacet
facet normal 0.0871557483630734 -0.9961946976004604 0
outer loop
vertex 31.712488174438477 10.332850456237793 2.9000000953674316
vertex 47.352745056152344 11.70119571685791 2.200000047683716
vertex 47.352745056152344 11.70119571685791 2.9000000953674316
endloop
endfacet
facet normal -0.08715573781506088 0.9961946985232919 0
outer loop
vertex 45.98440170288086 27.341453552246094 2.200000047683716
vertex 30.34414291381836 25.973108291625977 2.200000047683716
vertex 45.98440170288086 27.341453552246094 2.9000000953674316
endloop
endfacet
facet normal -0.9961946980618761 -0.08715574308906682 0
outer loop
vertex 30.34414291381836 25.973108291625977 2.200000047683716
vertex 31.712488174438477 10.332850456237793 2.200000047683716
vertex 30.34414291381836 25.973108291625977 2.9000000953674316
endloop
endfacet
facet normal 0.9961947121895364 0.08715558160902115 0
outer loop
vertex 47.352745056152344 11.70119571685791 2.200000047683716
vertex 46.62346649169922 20.036903381347656 2.200000047683716
vertex 47.352745056152344 11.70119571685791 2.9000000953674316
endloop
endfacet
facet normal 0 0 1
outer loop
vertex 45.98440170288086 27.341453552246094 2.9000000953674316
vertex 31.21082305908203 25.24587631225586 2.9000000953674316
vertex 45.25716781616211 26.47477149963379 2.9000000953674316
endloop
endfacet
facet normal 0 0 1
outer loop
vertex 46.48606491088867 12.428426742553711 2.9000000953674316
vertex 31.712488174438477 10.332850456237793 2.9000000953674316
vertex 47.352745056152344 11.70119571685791 2.9000000953674316
endloop
endfacet
facet normal -0.9961946980618761 -0.08715574308906682 0
outer loop
vertex 31.712488174438477 10.332850456237793 2.200000047683716
vertex 31.712488174438477 10.332850456237793 2.9000000953674316
vertex 30.34414291381836 25.973108291625977 2.9000000953674316
endloop
endfacet
facet normal 0 0 1
outer loop
vertex 32.439720153808594 11.199531555175781 2.9000000953674316
vertex 31.21082305908203 25.24587631225586 2.9000000953674316
vertex 31.712488174438477 10.332850456237793 2.9000000953674316
endloop
endfacet
facet normal 0 0 1
outer loop
vertex 32.439720153808594 11.199531555175781 2.9000000953674316
vertex 31.712488174438477 10.332850456237793 2.9000000953674316
vertex 46.48606491088867 12.428426742553711 2.9000000953674316
endloop
endfacet
facet normal 0.9961947086098816 0.08715562252473072 0
outer loop
vertex 47.352745056152344 11.70119571685791 2.9000000953674316
vertex 45.98440170288086 27.341453552246094 2.200000047683716
vertex 45.98440170288086 27.341453552246094 2.9000000953674316
endloop
endfacet
facet normal 0 0 1
outer loop
vertex 45.98440170288086 27.341453552246094 2.9000000953674316
vertex 30.34414291381836 25.973108291625977 2.9000000953674316
vertex 31.21082305908203 25.24587631225586 2.9000000953674316
endloop
endfacet
facet normal 0.08715569046392224 -0.9961947026659783 0
outer loop
vertex 31.21082305908203 25.24587631225586 2.9000000953674316
vertex 31.21082305908203 25.24587631225586 2.200000047683716
vertex 45.25716781616211 26.47477149963379 2.9000000953674316
endloop
endfacet
facet normal -0.9961946909210251 -0.08715582470932899 0
outer loop
vertex 45.25716781616211 26.47477149963379 2.200000047683716
vertex 46.48606491088867 12.428426742553711 2.9000000953674316
vertex 45.25716781616211 26.47477149963379 2.9000000953674316
endloop
endfacet
facet normal 0.9961946909210251 0.08715582470932899 0
outer loop
vertex 31.21082305908203 25.24587631225586 2.200000047683716
vertex 31.21082305908203 25.24587631225586 2.9000000953674316
vertex 32.439720153808594 11.199531555175781 2.200000047683716
endloop
endfacet
facet normal -0.08715569046392224 0.9961947026659783 0
outer loop
vertex 46.48606491088867 12.428426742553711 2.200000047683716
vertex 32.439720153808594 11.199531555175781 2.9000000953674316
vertex 46.48606491088867 12.428426742553711 2.9000000953674316
endloop
endfacet
facet normal 0.08715569046392224 -0.9961947026659783 0
outer loop
vertex 45.25716781616211 26.47477149963379 2.9000000953674316
vertex 31.21082305908203 25.24587631225586 2.200000047683716
vertex 45.25716781616211 26.47477149963379 2.200000047683716
endloop
endfacet
facet normal -0.08715568534282678 0.9961947031140158 0
outer loop
vertex 39.951412200927734 11.856719017028809 2.200000047683716
vertex 32.439720153808594 11.199531555175781 2.200000047683716
vertex 32.439720153808594 11.199531555175781 2.9000000953674316
endloop
endfacet
facet normal -0.9961946580494525 -0.08715620010142854 -0.000007590403239279041
outer loop
vertex 45.6603889465332 21.865957260131836 2.200000047683716
vertex 46.48606491088867 12.428426742553711 2.9000000953674316
vertex 45.25716781616211 26.47477149963379 2.200000047683716
endloop
endfacet
facet normal 0.9961946909210251 0.08715582470932899 0
outer loop
vertex 32.439720153808594 11.199531555175781 2.9000000953674316
vertex 32.439720153808594 11.199531555175781 2.200000047683716
vertex 31.21082305908203 25.24587631225586 2.9000000953674316
endloop
endfacet
facet normal -0.08715569635070608 0.9961947021509445 -1.1902958864658264e-7
outer loop
vertex 39.951412200927734 11.856719017028809 2.200000047683716
vertex 32.439720153808594 11.199531555175781 2.9000000953674316
vertex 46.48606491088867 12.428426742553711 2.200000047683716
endloop
endfacet
facet normal -0.9961947069597793 -0.08715564138550827 0
outer loop
vertex 45.6603889465332 21.865957260131836 2.200000047683716
vertex 46.48606491088867 12.428426742553711 2.200000047683716
vertex 46.48606491088867 12.428426742553711 2.9000000953674316
endloop
endfacet
facet normal 0 0 1
outer loop
vertex 9.957965850830078 12.687600135803223 2.9000000953674316
vertex 9.957965850830078 26.787599563598633 2.9000000953674316
vertex 9.157965660095215 11.88759994506836 2.9000000953674316
endloop
endfacet
facet normal 1 0 0
outer loop
vertex 24.85796546936035 11.88759994506836 2.9000000953674316
vertex 24.85796546936035 11.88759994506836 2.200000047683716
vertex 24.85796546936035 27.587600708007812 2.200000047683716
endloop
endfacet
facet normal 0 0 1
outer loop
vertex 9.157965660095215 11.88759994506836 2.9000000953674316
vertex 24.057966232299805 12.687600135803223 2.9000000953674316
vertex 9.957965850830078 12.687600135803223 2.9000000953674316
endloop
endfacet
facet normal 0 1 0
outer loop
vertex 24.85796546936035 27.587600708007812 2.200000047683716
vertex 9.157965660095215 27.587600708007812 2.200000047683716
vertex 24.85796546936035 27.587600708007812 2.9000000953674316
endloop
endfacet
facet normal 0 0 1
outer loop
vertex 24.85796546936035 27.587600708007812 2.9000000953674316
vertex 9.157965660095215 27.587600708007812 2.9000000953674316
vertex 9.957965850830078 26.787599563598633 2.9000000953674316
endloop
endfacet
facet normal 1 0 0
outer loop
vertex 24.85796546936035 11.88759994506836 2.9000000953674316
vertex 24.85796546936035 27.587600708007812 2.200000047683716
vertex 24.85796546936035 27.587600708007812 2.9000000953674316
endloop
endfacet
facet normal 0 0 1
outer loop
vertex 24.057966232299805 12.687600135803223 2.9000000953674316
vertex 9.157965660095215 11.88759994506836 2.9000000953674316
vertex 24.85796546936035 11.88759994506836 2.9000000953674316
endloop
endfacet
facet normal 0 -1 0
outer loop
vertex 9.157965660095215 11.88759994506836 2.9000000953674316
vertex 24.85796546936035 11.88759994506836 2.200000047683716
vertex 24.85796546936035 11.88759994506836 2.9000000953674316
endloop
endfacet
facet normal 0 1 0
outer loop
vertex 9.157965660095215 27.587600708007812 2.200000047683716
vertex 9.157965660095215 27.587600708007812 2.9000000953674316
vertex 24.85796546936035 27.587600708007812 2.9000000953674316
endloop
endfacet
facet normal 0 0 1
outer loop
vertex 24.057966232299805 12.687600135803223 2.9000000953674316
vertex 24.85796546936035 11.88759994506836 2.9000000953674316
vertex 24.85796546936035 27.587600708007812 2.9000000953674316
endloop
endfacet
facet normal 0 0 1
outer loop
vertex 24.057966232299805 26.787599563598633 2.9000000953674316
vertex 24.057966232299805 12.687600135803223 2.9000000953674316
vertex 24.85796546936035 27.587600708007812 2.9000000953674316
endloop
endfacet
facet normal -1 0 0
outer loop
vertex 9.157965660095215 27.587600708007812 2.200000047683716
vertex 9.157965660095215 11.88759994506836 2.200000047683716
vertex 9.157965660095215 27.587600708007812 2.9000000953674316
endloop
endfacet
facet normal -1 0 0
outer loop
vertex 9.157965660095215 27.587600708007812 2.9000000953674316
vertex 9.157965660095215 11.88759994506836 2.200000047683716
vertex 9.157965660095215 11.88759994506836 2.9000000953674316
endloop
endfacet
facet normal 0 -1 0
outer loop
vertex 9.157965660095215 11.88759994506836 2.200000047683716
vertex 24.85796546936035 11.88759994506836 2.200000047683716
vertex 9.157965660095215 11.88759994506836 2.9000000953674316
endloop
endfacet
facet normal 0 0 1
outer loop
vertex 9.157965660095215 27.587600708007812 2.9000000953674316
vertex 9.157965660095215 11.88759994506836 2.9000000953674316
vertex 9.957965850830078 26.787599563598633 2.9000000953674316
endloop
endfacet
facet normal 0 0 1
outer loop
vertex 24.85796546936035 27.587600708007812 2.9000000953674316
vertex 9.957965850830078 26.787599563598633 2.9000000953674316
vertex 24.057966232299805 26.787599563598633 2.9000000953674316
endloop
endfacet
facet normal 0 1 0
outer loop
vertex 9.957965850830078 12.687600135803223 2.9000000953674316
vertex 24.057966232299805 12.687600135803223 2.200000047683716
vertex 9.957965850830078 12.687600135803223 2.200000047683716
endloop
endfacet
facet normal 0 -1 0
outer loop
vertex 9.957965850830078 26.787599563598633 2.9000000953674316
vertex 9.957965850830078 26.787599563598633 2.200000047683716
vertex 24.057966232299805 26.787599563598633 2.9000000953674316
endloop
endfacet
facet normal 1 0 0
outer loop
vertex 9.957965850830078 26.787599563598633 2.200000047683716
vertex 9.957965850830078 26.787599563598633 2.9000000953674316
vertex 9.957965850830078 12.687600135803223 2.200000047683716
endloop
endfacet
facet normal -1 0 0
outer loop
vertex 24.057966232299805 26.787599563598633 2.200000047683716
vertex 24.057966232299805 12.687600135803223 2.9000000953674316
vertex 24.057966232299805 26.787599563598633 2.9000000953674316
endloop
endfacet
facet normal 1 0 0
outer loop
vertex 9.957965850830078 12.687600135803223 2.9000000953674316
vertex 9.957965850830078 12.687600135803223 2.200000047683716
vertex 9.957965850830078 26.787599563598633 2.9000000953674316
endloop
endfacet
facet normal 0 1 0
outer loop
vertex 24.057966232299805 12.687600135803223 2.200000047683716
vertex 9.957965850830078 12.687600135803223 2.9000000953674316
vertex 24.057966232299805 12.687600135803223 2.9000000953674316
endloop
endfacet
facet normal -1 0 0
outer loop
vertex 24.057966232299805 26.787599563598633 2.200000047683716
vertex 24.057966232299805 12.687600135803223 2.200000047683716
vertex 24.057966232299805 12.687600135803223 2.9000000953674316
endloop
endfacet
facet normal 0 -1 0
outer loop
vertex 24.057966232299805 26.787599563598633 2.9000000953674316
vertex 9.957965850830078 26.787599563598633 2.200000047683716
vertex 24.057966232299805 26.787599563598633 2.200000047683716
endloop
endfacet
facet normal -0.2588189584081301 -0.965925849518756 0
outer loop
vertex -28.731281280517578 22.17681121826172 2.200000047683716
vertex -13.566246032714844 18.113353729248047 2.200000047683716
vertex -28.731281280517578 22.17681121826172 2.9000000953674316
endloop
endfacet
facet normal 0 0 1
outer loop
vertex -10.482583045959473 32.712703704833984 2.9000000953674316
vertex -14.13193130493164 19.093149185180664 2.9000000953674316
vertex -9.502786636352539 33.27838897705078 2.9000000953674316
endloop
endfacet
facet normal -0.2588189584081301 -0.965925849518756 0
outer loop
vertex -28.731281280517578 22.17681121826172 2.9000000953674316
vertex -13.566246032714844 18.113353729248047 2.200000047683716
vertex -13.566246032714844 18.113353729248047 2.9000000953674316
endloop
endfacet
facet normal 0 0 1
outer loop
vertex -9.502786636352539 33.27838897705078 2.9000000953674316
vertex -24.102136611938477 36.36205291748047 2.9000000953674316
vertex -10.482583045959473 32.712703704833984 2.9000000953674316
endloop
endfacet
facet normal 0 0 1
outer loop
vertex -24.667821884155273 37.34184646606445 2.9000000953674316
vertex -28.731281280517578 22.17681121826172 2.9000000953674316
vertex -24.102136611938477 36.36205291748047 2.9000000953674316
endloop
endfacet
facet normal 0.2588189584081301 0.965925849518756 0
outer loop
vertex -24.667821884155273 37.34184646606445 2.200000047683716
vertex -24.667821884155273 37.34184646606445 2.9000000953674316
vertex -9.502786636352539 33.27838897705078 2.9000000953674316
endloop
endfacet
facet normal -0.9659258191469652 0.2588190717572111 0
outer loop
vertex -24.667821884155273 37.34184646606445 2.200000047683716
vertex -28.731281280517578 22.17681121826172 2.200000047683716
vertex -24.667821884155273 37.34184646606445 2.9000000953674316
endloop
endfacet
facet normal 0 0 1
outer loop
vertex -14.13193130493164 19.093149185180664 2.9000000953674316
vertex -27.75148582458496 22.742496490478516 2.9000000953674316
vertex -28.731281280517578 22.17681121826172 2.9000000953674316
endloop
endfacet
facet normal 0 0 1
outer loop
vertex -14.13193130493164 19.093149185180664 2.9000000953674316
vertex -28.731281280517578 22.17681121826172 2.9000000953674316
vertex -13.566246032714844 18.113353729248047 2.9000000953674316
endloop
endfacet
facet normal 0.2588189584081301 0.965925849518756 0
outer loop
vertex -9.502786636352539 33.27838897705078 2.9000000953674316
vertex -9.502786636352539 33.27838897705078 2.200000047683716
vertex -24.667821884155273 37.34184646606445 2.200000047683716
endloop
endfacet
facet normal -0.9659258191469652 0.2588190717572111 0
outer loop
vertex -28.731281280517578 22.17681121826172 2.200000047683716
vertex -28.731281280517578 22.17681121826172 2.9000000953674316
vertex -24.667821884155273 37.34184646606445 2.9000000953674316
endloop
endfacet
facet normal 0.9659258191469652 -0.2588190717572111 0
outer loop
vertex -13.566246032714844 18.113353729248047 2.9000000953674316
vertex -13.566246032714844 18.113353729248047 2.200000047683716
vertex -9.502786636352539 33.27838897705078 2.200000047683716
endloop
endfacet
facet normal 0 0 1
outer loop
vertex -27.75148582458496 22.742496490478516 2.9000000953674316
vertex -24.102136611938477 36.36205291748047 2.9000000953674316
vertex -28.731281280517578 22.17681121826172 2.9000000953674316
endloop
endfacet
facet normal 0 0 1
outer loop
vertex -9.502786636352539 33.27838897705078 2.9000000953674316
vertex -24.667821884155273 37.34184646606445 2.9000000953674316
vertex -24.102136611938477 36.36205291748047 2.9000000953674316
endloop
endfacet
facet normal 0 0 1
outer loop
vertex -14.13193130493164 19.093149185180664 2.9000000953674316
vertex -13.566246032714844 18.113353729248047 2.9000000953674316
vertex -9.502786636352539 33.27838897705078 2.9000000953674316
endloop
endfacet
facet normal 0.9659258191469652 -0.2588190717572111 0
outer loop
vertex -9.502786636352539 33.27838897705078 2.9000000953674316
vertex -13.566246032714844 18.113353729248047 2.9000000953674316
vertex -9.502786636352539 33.27838897705078 2.200000047683716
endloop
endfacet
facet normal -0.25881924025173025 -0.9659257739945617 0.000002919588986644428
outer loop
vertex -10.482583045959473 32.712703704833984 2.9000000953674316
vertex -24.102136611938477 36.36205291748047 2.200000047683716
vertex -18.94625473022461 34.98053741455078 2.200000047683716
endloop
endfacet
facet normal 0.9659258251053591 -0.2588190495201832 0
outer loop
vertex -27.75148582458496 22.742496490478516 2.9000000953674316
vertex -27.75148582458496 22.742496490478516 2.200000047683716
vertex -24.102136611938477 36.36205291748047 2.9000000953674316
endloop
endfacet
facet normal -0.9659258329529079 0.258819020232731 0
outer loop
vertex -14.13193130493164 19.093149185180664 2.200000047683716
vertex -14.13193130493164 19.093149185180664 2.9000000953674316
vertex -10.482583045959473 32.712703704833984 2.200000047683716
endloop
endfacet
facet normal 0.2588190063614672 0.9659258366691559 0.0000010267089948923512
outer loop
vertex -27.75148582458496 22.742496490478516 2.9000000953674316
vertex -14.13193130493164 19.093149185180664 2.200000047683716
vertex -19.714006423950195 20.5888614654541 2.200000047683716
endloop
endfacet
facet normal -0.25881910024754234 -0.9659258115130026 0
outer loop
vertex -24.102136611938477 36.36205291748047 2.9000000953674316
vertex -24.102136611938477 36.36205291748047 2.200000047683716
vertex -10.482583045959473 32.712703704833984 2.9000000953674316
endloop
endfacet
facet normal 0.2588189229333516 0.9659258590241903 0
outer loop
vertex -19.714006423950195 20.5888614654541 2.200000047683716
vertex -27.75148582458496 22.742496490478516 2.200000047683716
vertex -27.75148582458496 22.742496490478516 2.9000000953674316
endloop
endfacet
facet normal -0.9659258329529079 0.258819020232731 0
outer loop
vertex -10.482583045959473 32.712703704833984 2.200000047683716
vertex -14.13193130493164 19.093149185180664 2.9000000953674316
vertex -10.482583045959473 32.712703704833984 2.9000000953674316
endloop
endfacet
facet normal 0.25881895712703823 0.9659258498620236 0
outer loop
vertex -14.13193130493164 19.093149185180664 2.200000047683716
vertex -27.75148582458496 22.742496490478516 2.9000000953674316
vertex -14.13193130493164 19.093149185180664 2.9000000953674316
endloop
endfacet
facet normal 0.9659258251053591 -0.2588190495201832 0
outer loop
vertex -24.102136611938477 36.36205291748047 2.9000000953674316
vertex -27.75148582458496 22.742496490478516 2.200000047683716
vertex -24.102136611938477 36.36205291748047 2.200000047683716
endloop
endfacet
facet normal -0.25881901495940285 -0.9659258343658919 0
outer loop
vertex -10.482583045959473 32.712703704833984 2.9000000953674316
vertex -18.94625473022461 34.98053741455078 2.200000047683716
vertex -10.482583045959473 32.712703704833984 2.200000047683716
endloop
endfacet
facet normal 0 0 1
outer loop
vertex 62.17888641357422 37.29075622558594 2.9000000953674316
vertex 61.451656341552734 36.424076080322266 2.9000000953674316
vertex 62.68054962158203 22.377729415893555 2.9000000953674316
endloop
endfacet
facet normal 0 0 1
outer loop
vertex 47.90697479248047 20.282154083251953 2.9000000953674316
vertex 62.68054962158203 22.377729415893555 2.9000000953674316
vertex 48.63420486450195 21.148834228515625 2.9000000953674316
endloop
endfacet
facet normal 0 0 1
outer loop
vertex 47.40530776977539 35.1951789855957 2.9000000953674316
vertex 47.90697479248047 20.282154083251953 2.9000000953674316
vertex 48.63420486450195 21.148834228515625 2.9000000953674316
endloop
endfacet
facet normal 0 0 1
outer loop
vertex 46.53862762451172 35.92240905761719 2.9000000953674316
vertex 47.90697479248047 20.282154083251953 2.9000000953674316
vertex 47.40530776977539 35.1951789855957 2.9000000953674316
endloop
endfacet
facet normal -0.9961946861296049 -0.08715587947544226 0
outer loop
vertex 46.53862762451172 35.92240905761719 2.9000000953674316
vertex 47.90697479248047 20.282154083251953 2.200000047683716
vertex 47.90697479248047 20.282154083251953 2.9000000953674316
endloop
endfacet
facet normal 0 0 1
outer loop
vertex 62.17888641357422 37.29075622558594 2.9000000953674316
vertex 47.40530776977539 35.1951789855957 2.9000000953674316
vertex 61.451656341552734 36.424076080322266 2.9000000953674316
endloop
endfacet
facet normal 0 0 1
outer loop
vertex 46.53862762451172 35.92240905761719 2.9000000953674316
vertex 47.40530776977539 35.1951789855957 2.9000000953674316
vertex 62.17888641357422 37.29075622558594 2.9000000953674316
endloop
endfacet
facet normal -0.08715585837938597 0.9961946879752734 0
outer loop
vertex 62.17888641357422 37.29075622558594 2.9000000953674316
vertex 46.53862762451172 35.92240905761719 2.200000047683716
vertex 46.53862762451172 35.92240905761719 2.9000000953674316
endloop
endfacet
facet normal 0.08715575891108844 -0.9961946966776284 0
outer loop
vertex 47.90697479248047 20.282154083251953 2.200000047683716
vertex 63.5472297668457 21.65049934387207 2.200000047683716
vertex 47.90697479248047 20.282154083251953 2.9000000953674316
endloop
endfacet
facet normal -0.9961946861296049 -0.08715587947544226 0
outer loop
vertex 46.53862762451172 35.92240905761719 2.200000047683716
vertex 47.90697479248047 20.282154083251953 2.200000047683716
vertex 46.53862762451172 35.92240905761719 2.9000000953674316
endloop
endfacet
facet normal 0.996194708148467 0.08715562779873011 0
outer loop
vertex 63.5472297668457 21.65049934387207 2.200000047683716
vertex 62.17888641357422 37.29075622558594 2.200000047683716
vertex 63.5472297668457 21.65049934387207 2.9000000953674316
endloop
endfacet
facet normal 0.996194708148467 0.08715562779873011 0
outer loop
vertex 62.17888641357422 37.29075622558594 2.9000000953674316
vertex 63.5472297668457 21.65049934387207 2.9000000953674316
vertex 62.17888641357422 37.29075622558594 2.200000047683716
endloop
endfacet
facet normal -0.08715585837938597 0.9961946879752734 0
outer loop
vertex 46.53862762451172 35.92240905761719 2.200000047683716
vertex 62.17888641357422 37.29075622558594 2.9000000953674316
vertex 62.17888641357422 37.29075622558594 2.200000047683716
endloop
endfacet
facet normal 0.08715575891108844 -0.9961946966776284 0
outer loop
vertex 47.90697479248047 20.282154083251953 2.9000000953674316
vertex 63.5472297668457 21.65049934387207 2.200000047683716
vertex 63.5472297668457 21.65049934387207 2.9000000953674316
endloop
endfacet
facet normal 0 0 1
outer loop
vertex 62.68054962158203 22.377729415893555 2.9000000953674316
vertex 47.90697479248047 20.282154083251953 2.9000000953674316
vertex 63.5472297668457 21.65049934387207 2.9000000953674316
endloop
endfacet
facet normal 0 0 1
outer loop
vertex 62.68054962158203 22.377729415893555 2.9000000953674316
vertex 63.5472297668457 21.65049934387207 2.9000000953674316
vertex 62.17888641357422 37.29075622558594 2.9000000953674316
endloop
endfacet
facet normal 0.9961946909210251 0.08715582470932899 0
outer loop
vertex 48.63420486450195 21.148834228515625 2.9000000953674316
vertex 48.63420486450195 21.148834228515625 2.200000047683716
vertex 47.40530776977539 35.1951789855957 2.9000000953674316
endloop
endfacet
facet normal 0.08715571409422608 -0.9961947005985956 0
outer loop
vertex 61.451656341552734 36.424076080322266 2.9000000953674316
vertex 51.571266174316406 35.559654235839844 2.200000047683716
vertex 61.451656341552734 36.424076080322266 2.200000047683716
endloop
endfacet
facet normal 0.9961947134625051 0.08715556690300653 0.0000052127677093059355
outer loop
vertex 47.40530776977539 35.1951789855957 2.9000000953674316
vertex 48.63420486450195 21.148834228515625 2.200000047683716
vertex 47.6737174987793 32.12727737426758 2.200000047683716
endloop
endfacet
facet normal 0.08715580121941101 -0.9961946929761282 0
outer loop
vertex 47.40530776977539 35.1951789855957 2.9000000953674316
vertex 47.40530776977539 35.1951789855957 2.200000047683716
vertex 61.451656341552734 36.424076080322266 2.9000000953674316
endloop
endfacet
facet normal -0.0871557359913382 0.9961946986828468 0
outer loop
vertex 59.912696838378906 22.135574340820312 2.200000047683716
vertex 48.63420486450195 21.148834228515625 2.200000047683716
vertex 48.63420486450195 21.148834228515625 2.9000000953674316
endloop
endfacet
facet normal -0.08715550494744122 0.9961947188894779 0.000003751093217493352
outer loop
vertex 59.912696838378906 22.135574340820312 2.200000047683716
vertex 48.63420486450195 21.148834228515625 2.9000000953674316
vertex 62.68054962158203 22.377729415893555 2.200000047683716
endloop
endfacet
facet normal -0.9961947160435315 -0.08715553755756246 0
outer loop
vertex 61.81884002685547 32.22713851928711 2.200000047683716
vertex 62.68054962158203 22.377729415893555 2.200000047683716
vertex 62.68054962158203 22.377729415893555 2.9000000953674316
endloop
endfacet
facet normal -0.9961947140184167 -0.08715556070416405 -3.281791337992475e-7
outer loop
vertex 61.81884002685547 32.22713851928711 2.200000047683716
vertex 62.68054962158203 22.377729415893555 2.9000000953674316
vertex 61.451656341552734 36.424076080322266 2.200000047683716
endloop
endfacet
facet normal -0.9961947154384593 -0.08715554447358581 0
outer loop
vertex 61.451656341552734 36.424076080322266 2.200000047683716
vertex 62.68054962158203 22.377729415893555 2.9000000953674316
vertex 61.451656341552734 36.424076080322266 2.9000000953674316
endloop
endfacet
facet normal 0.08715600785316356 -0.996194674889222 -0.000004178109231923459
outer loop
vertex 47.40530776977539 35.1951789855957 2.200000047683716
vertex 51.571266174316406 35.559654235839844 2.200000047683716
vertex 61.451656341552734 36.424076080322266 2.9000000953674316
endloop
endfacet
facet normal -0.08715569046392224 0.9961947026659783 0
outer loop
vertex 62.68054962158203 22.377729415893555 2.200000047683716
vertex 48.63420486450195 21.148834228515625 2.9000000953674316
vertex 62.68054962158203 22.377729415893555 2.9000000953674316
endloop
endfacet
facet normal 0.9961946102076811 0.0871567472612789 0
outer loop
vertex 47.40530776977539 35.1951789855957 2.9000000953674316
vertex 47.6737174987793 32.12727737426758 2.200000047683716
vertex 47.40530776977539 35.1951789855957 2.200000047683716
endloop
endfacet
facet normal -0.965925849518756 0.2588189584081301 0
outer loop
vertex -41.667823791503906 41.59184646606445 2.200000047683716
vertex -45.73128128051758 26.42681121826172 2.200000047683716
vertex -41.667823791503906 41.59184646606445 2.9000000953674316
endloop
endfacet
facet normal 0.9659258191469652 -0.2588190717572111 0
outer loop
vertex -30.566246032714844 22.363353729248047 2.200000047683716
vertex -26.50278663635254 37.52838897705078 2.200000047683716
vertex -30.566246032714844 22.363353729248047 2.9000000953674316
endloop
endfacet
facet normal -0.2588189584081301 -0.965925849518756 0
outer loop
vertex -45.73128128051758 26.42681121826172 2.9000000953674316
vertex -30.566246032714844 22.363353729248047 2.200000047683716
vertex -30.566246032714844 22.363353729248047 2.9000000953674316
endloop
endfacet
facet normal -0.2588189584081301 -0.965925849518756 0
outer loop
vertex -45.73128128051758 26.42681121826172 2.200000047683716
vertex -30.566246032714844 22.363353729248047 2.200000047683716
vertex -45.73128128051758 26.42681121826172 2.9000000953674316
endloop
endfacet
facet normal 0.25881892803634826 0.965925857656847 0
outer loop
vertex -26.50278663635254 37.52838897705078 2.9000000953674316
vertex -41.667823791503906 41.59184646606445 2.200000047683716
vertex -41.667823791503906 41.59184646606445 2.9000000953674316
endloop
endfacet
facet normal 0 0 1
outer loop
vertex -41.10213851928711 40.61205291748047 2.9000000953674316
vertex -27.482582092285156 36.962703704833984 2.9000000953674316
vertex -26.50278663635254 37.52838897705078 2.9000000953674316
endloop
endfacet
facet normal -0.965925849518756 0.2588189584081301 0
outer loop
vertex -45.73128128051758 26.42681121826172 2.200000047683716
vertex -45.73128128051758 26.42681121826172 2.9000000953674316
vertex -41.667823791503906 41.59184646606445 2.9000000953674316
endloop
endfacet
facet normal 0 0 1
outer loop
vertex -44.75148391723633 26.992496490478516 2.9000000953674316
vertex -41.10213851928711 40.61205291748047 2.9000000953674316
vertex -45.73128128051758 26.42681121826172 2.9000000953674316
endloop
endfacet
facet normal 0 0 1
outer loop
vertex -41.667823791503906 41.59184646606445 2.9000000953674316
vertex -41.10213851928711 40.61205291748047 2.9000000953674316
vertex -26.50278663635254 37.52838897705078 2.9000000953674316
endloop
endfacet
facet normal 0 0 1
outer loop
vertex -44.75148391723633 26.992496490478516 2.9000000953674316
vertex -45.73128128051758 26.42681121826172 2.9000000953674316
vertex -31.13193130493164 23.343149185180664 2.9000000953674316
endloop
endfacet
facet normal 0 0 1
outer loop
vertex -31.13193130493164 23.343149185180664 2.9000000953674316
vertex -45.73128128051758 26.42681121826172 2.9000000953674316
vertex -30.566246032714844 22.363353729248047 2.9000000953674316
endloop
endfacet
facet normal 0 0 1
outer loop
vertex -31.13193130493164 23.343149185180664 2.9000000953674316
vertex -30.566246032714844 22.363353729248047 2.9000000953674316
vertex -26.50278663635254 37.52838897705078 2.9000000953674316
endloop
endfacet
facet normal 0.25881892803634826 0.965925857656847 0
outer loop
vertex -41.667823791503906 41.59184646606445 2.200000047683716
vertex -26.50278663635254 37.52838897705078 2.9000000953674316
vertex -26.50278663635254 37.52838897705078 2.200000047683716
endloop
endfacet
facet normal 0 0 1
outer loop
vertex -27.482582092285156 36.962703704833984 2.9000000953674316
vertex -31.13193130493164 23.343149185180664 2.9000000953674316
vertex -26.50278663635254 37.52838897705078 2.9000000953674316
endloop
endfacet
facet normal 0.9659258191469652 -0.2588190717572111 0
outer loop
vertex -26.50278663635254 37.52838897705078 2.9000000953674316
vertex -30.566246032714844 22.363353729248047 2.9000000953674316
vertex -26.50278663635254 37.52838897705078 2.200000047683716
endloop
endfacet
facet normal 0 0 1
outer loop
vertex -41.667823791503906 41.59184646606445 2.9000000953674316
vertex -45.73128128051758 26.42681121826172 2.9000000953674316
vertex -41.10213851928711 40.61205291748047 2.9000000953674316
endloop
endfacet
facet normal 0.965925892741797 -0.2588187970974337 0
outer loop
vertex -41.10213851928711 40.61205291748047 2.9000000953674316
vertex -44.75148391723633 26.992496490478516 2.200000047683716
vertex -41.10213851928711 40.61205291748047 2.200000047683716
endloop
endfacet
facet normal 0.2588189909452699 0.9659258408004582 0
outer loop
vertex -31.13193130493164 23.343149185180664 2.200000047683716
vertex -44.75148391723633 26.992496490478516 2.9000000953674316
vertex -31.13193130493164 23.343149185180664 2.9000000953674316
endloop
endfacet
facet normal 0.2588189238491813 0.9659258587777811 -0.000001399177338710544
outer loop
vertex -36.71400833129883 24.8388614654541 2.200000047683716
vertex -44.75148391723633 26.992496490478516 2.9000000953674316
vertex -31.13193130493164 23.343149185180664 2.200000047683716
endloop
endfacet
facet normal -0.25881898774962614 -0.9659258416567282 0
outer loop
vertex -27.482582092285156 36.962703704833984 2.9000000953674316
vertex -35.94625473022461 39.23053741455078 2.200000047683716
vertex -27.482582092285156 36.962703704833984 2.200000047683716
endloop
endfacet
facet normal -0.9659258160437889 0.25881908333842046 0
outer loop
vertex -27.482582092285156 36.962703704833984 2.200000047683716
vertex -31.13193130493164 23.343149185180664 2.9000000953674316
vertex -27.482582092285156 36.962703704833984 2.9000000953674316
endloop
endfacet
facet normal 0.25881903754374463 0.9659258283144362 0
outer loop
vertex -36.71400833129883 24.8388614654541 2.200000047683716
vertex -44.75148391723633 26.992496490478516 2.200000047683716
vertex -44.75148391723633 26.992496490478516 2.9000000953674316
endloop
endfacet
facet normal -0.9659258160437889 0.25881908333842046 0
outer loop
vertex -31.13193130493164 23.343149185180664 2.200000047683716
vertex -31.13193130493164 23.343149185180664 2.9000000953674316
vertex -27.482582092285156 36.962703704833984 2.200000047683716
endloop
endfacet
facet normal -0.25881915091943436 -0.965925797933191 0.0000021145335023255093
outer loop
vertex -35.94625473022461 39.23053741455078 2.200000047683716
vertex -27.482582092285156 36.962703704833984 2.9000000953674316
vertex -41.10213851928711 40.61205291748047 2.200000047683716
endloop
endfacet
facet normal -0.2588190495201832 -0.9659258251053591 0
outer loop
vertex -41.10213851928711 40.61205291748047 2.9000000953674316
vertex -41.10213851928711 40.61205291748047 2.200000047683716
vertex -27.482582092285156 36.962703704833984 2.9000000953674316
endloop
endfacet
facet normal 0.965925892741797 -0.2588187970974337 0
outer loop
vertex -44.75148391723633 26.992496490478516 2.9000000953674316
vertex -44.75148391723633 26.992496490478516 2.200000047683716
vertex -41.10213851928711 40.61205291748047 2.9000000953674316
endloop
endfacet
facet normal 0 0 1
outer loop
vertex 26.15796661376953 44.58760070800781 2.9000000953674316
vertex 26.15796661376953 28.88759994506836 2.9000000953674316
vertex 26.957965850830078 43.787601470947266 2.9000000953674316
endloop
endfacet
facet normal 0 -1 0
outer loop
vertex 26.15796661376953 28.88759994506836 2.9000000953674316
vertex 41.857967376708984 28.88759994506836 2.200000047683716
vertex 41.857967376708984 28.88759994506836 2.9000000953674316
endloop
endfacet
facet normal 0 0 1
outer loop
vertex 26.957965850830078 29.687599182128906 2.9000000953674316
vertex 26.957965850830078 43.787601470947266 2.9000000953674316
vertex 26.15796661376953 28.88759994506836 2.9000000953674316
endloop
endfacet
facet normal 0 0 1
outer loop
vertex 41.05796432495117 29.687599182128906 2.9000000953674316
vertex 41.857967376708984 28.88759994506836 2.9000000953674316
vertex 41.857967376708984 44.58760070800781 2.9000000953674316
endloop
endfacet
facet normal 0 0 1
outer loop
vertex 41.857967376708984 44.58760070800781 2.9000000953674316
vertex 41.05796432495117 43.787601470947266 2.9000000953674316
vertex 41.05796432495117 29.687599182128906 2.9000000953674316
endloop
endfacet
facet normal 0 1 0
outer loop
vertex 41.857967376708984 44.58760070800781 2.9000000953674316
vertex 26.15796661376953 44.58760070800781 2.200000047683716
vertex 26.15796661376953 44.58760070800781 2.9000000953674316
endloop
endfacet
facet normal 1 0 0
outer loop
vertex 41.857967376708984 28.88759994506836 2.9000000953674316
vertex 41.857967376708984 44.58760070800781 2.200000047683716
vertex 41.857967376708984 44.58760070800781 2.9000000953674316
endloop
endfacet
facet normal 0 0 1
outer loop
vertex 41.857967376708984 44.58760070800781 2.9000000953674316
vertex 26.15796661376953 44.58760070800781 2.9000000953674316
vertex 26.957965850830078 43.787601470947266 2.9000000953674316
endloop
endfacet
facet normal 0 0 1
outer loop
vertex 41.05796432495117 29.687599182128906 2.9000000953674316
vertex 26.957965850830078 29.687599182128906 2.9000000953674316
vertex 26.15796661376953 28.88759994506836 2.9000000953674316
endloop
endfacet
facet normal -1 0 0
outer loop
vertex 26.15796661376953 44.58760070800781 2.200000047683716
vertex 26.15796661376953 28.88759994506836 2.200000047683716
vertex 26.15796661376953 44.58760070800781 2.9000000953674316
endloop
endfacet
facet normal 0 1 0
outer loop
vertex 26.15796661376953 44.58760070800781 2.200000047683716
vertex 41.857967376708984 44.58760070800781 2.9000000953674316
vertex 41.857967376708984 44.58760070800781 2.200000047683716
endloop
endfacet
facet normal 0 0 1
outer loop
vertex 41.857967376708984 44.58760070800781 2.9000000953674316
vertex 26.957965850830078 43.787601470947266 2.9000000953674316
vertex 41.05796432495117 43.787601470947266 2.9000000953674316
endloop
endfacet
facet normal 1 0 0
outer loop
vertex 41.857967376708984 28.88759994506836 2.9000000953674316
vertex 41.857967376708984 28.88759994506836 2.200000047683716
vertex 41.857967376708984 44.58760070800781 2.200000047683716
endloop
endfacet
facet normal 0 0 1
outer loop
vertex 41.05796432495117 29.687599182128906 2.9000000953674316
vertex 26.15796661376953 28.88759994506836 2.9000000953674316
vertex 41.857967376708984 28.88759994506836 2.9000000953674316
endloop
endfacet
facet normal -1 0 0
outer loop
vertex 26.15796661376953 44.58760070800781 2.9000000953674316
vertex 26.15796661376953 28.88759994506836 2.200000047683716
vertex 26.15796661376953 28.88759994506836 2.9000000953674316
endloop
endfacet
facet normal 0 -1 0
outer loop
vertex 26.15796661376953 28.88759994506836 2.200000047683716
vertex 41.857967376708984 28.88759994506836 2.200000047683716
vertex 26.15796661376953 28.88759994506836 2.9000000953674316
endloop
endfacet
facet normal 1 0 0
outer loop
vertex 26.957965850830078 43.787601470947266 2.200000047683716
vertex 26.957965850830078 43.787601470947266 2.9000000953674316
vertex 26.957965850830078 29.687599182128906 2.200000047683716
endloop
endfacet
facet normal 0 1 0
outer loop
vertex 41.05796432495117 29.687599182128906 2.200000047683716
vertex 26.957965850830078 29.687599182128906 2.9000000953674316
vertex 41.05796432495117 29.687599182128906 2.9000000953674316
endloop
endfacet
facet normal 1 0 0
outer loop
vertex 26.957965850830078 29.687599182128906 2.9000000953674316
vertex 26.957965850830078 29.687599182128906 2.200000047683716
vertex 26.957965850830078 43.787601470947266 2.9000000953674316
endloop
endfacet
facet normal -1 0 0
outer loop
vertex 41.05796432495117 43.787601470947266 2.200000047683716
vertex 41.05796432495117 29.687599182128906 2.9000000953674316
vertex 41.05796432495117 43.787601470947266 2.9000000953674316
endloop
endfacet
facet normal 0 1 0
outer loop
vertex 41.05796432495117 29.687599182128906 2.200000047683716
vertex 26.957965850830078 29.687599182128906 2.200000047683716
vertex 26.957965850830078 29.687599182128906 2.9000000953674316
endloop
endfacet
facet normal 0 -1 0
outer loop
vertex 26.957965850830078 43.787601470947266 2.9000000953674316
vertex 26.957965850830078 43.787601470947266 2.200000047683716
vertex 41.05796432495117 43.787601470947266 2.9000000953674316
endloop
endfacet
facet normal -1 0 0
outer loop
vertex 41.05796432495117 43.787601470947266 2.200000047683716
vertex 41.05796432495117 29.687599182128906 2.200000047683716
vertex 41.05796432495117 29.687599182128906 2.9000000953674316
endloop
endfacet
facet normal 0 -1 0
outer loop
vertex 41.05796432495117 43.787601470947266 2.9000000953674316
vertex 26.957965850830078 43.787601470947266 2.200000047683716
vertex 41.05796432495117 43.787601470947266 2.200000047683716
endloop
endfacet
facet normal 0 0 1
outer loop
vertex 24.057966232299805 29.687599182128906 2.9000000953674316
vertex 9.157965660095215 28.88759994506836 2.9000000953674316
vertex 24.85796546936035 28.88759994506836 2.9000000953674316
endloop
endfacet
facet normal 0 -1 0
outer loop
vertex 9.157965660095215 28.88759994506836 2.9000000953674316
vertex 24.85796546936035 28.88759994506836 2.200000047683716
vertex 24.85796546936035 28.88759994506836 2.9000000953674316
endloop
endfacet
facet normal 0 0 1
outer loop
vertex 24.85796546936035 44.58760070800781 2.9000000953674316
vertex 9.957965850830078 43.787601470947266 2.9000000953674316
vertex 24.057966232299805 43.787601470947266 2.9000000953674316
endloop
endfacet
facet normal 0 0 1
outer loop
vertex 24.057966232299805 43.787601470947266 2.9000000953674316
vertex 24.057966232299805 29.687599182128906 2.9000000953674316
vertex 24.85796546936035 44.58760070800781 2.9000000953674316
endloop
endfacet
facet normal -1 0 0
outer loop
vertex 9.157965660095215 44.58760070800781 2.9000000953674316
vertex 9.157965660095215 28.88759994506836 2.200000047683716
vertex 9.157965660095215 28.88759994506836 2.9000000953674316
endloop
endfacet
facet normal 0 0 1
outer loop
vertex 24.057966232299805 29.687599182128906 2.9000000953674316
vertex 24.85796546936035 28.88759994506836 2.9000000953674316
vertex 24.85796546936035 44.58760070800781 2.9000000953674316
endloop
endfacet
facet normal 0 1 0
outer loop
vertex 9.157965660095215 44.58760070800781 2.200000047683716
vertex 9.157965660095215 44.58760070800781 2.9000000953674316
vertex 24.85796546936035 44.58760070800781 2.9000000953674316
endloop
endfacet
facet normal 1 0 0
outer loop
vertex 24.85796546936035 28.88759994506836 2.9000000953674316
vertex 24.85796546936035 44.58760070800781 2.200000047683716
vertex 24.85796546936035 44.58760070800781 2.9000000953674316
endloop
endfacet
facet normal -1 0 0
outer loop
vertex 9.157965660095215 44.58760070800781 2.200000047683716
vertex 9.157965660095215 28.88759994506836 2.200000047683716
vertex 9.157965660095215 44.58760070800781 2.9000000953674316
endloop
endfacet
facet normal 0 0 1
outer loop
vertex 24.85796546936035 44.58760070800781 2.9000000953674316
vertex 9.157965660095215 44.58760070800781 2.9000000953674316
vertex 9.957965850830078 43.787601470947266 2.9000000953674316
endloop
endfacet
facet normal 0 0 1
outer loop
vertex 9.957965850830078 29.687599182128906 2.9000000953674316
vertex 9.957965850830078 43.787601470947266 2.9000000953674316
vertex 9.157965660095215 28.88759994506836 2.9000000953674316
endloop
endfacet
facet normal 0 1 0
outer loop
vertex 24.85796546936035 44.58760070800781 2.200000047683716
vertex 9.157965660095215 44.58760070800781 2.200000047683716
vertex 24.85796546936035 44.58760070800781 2.9000000953674316
endloop
endfacet
facet normal 0 -1 0
outer loop
vertex 9.157965660095215 28.88759994506836 2.200000047683716
vertex 24.85796546936035 28.88759994506836 2.200000047683716
vertex 9.157965660095215 28.88759994506836 2.9000000953674316
endloop
endfacet
facet normal 0 0 1
outer loop
vertex 9.157965660095215 44.58760070800781 2.9000000953674316
vertex 9.157965660095215 28.88759994506836 2.9000000953674316
vertex 9.957965850830078 43.787601470947266 2.9000000953674316
endloop
endfacet
facet normal 0 0 1
outer loop
vertex 9.157965660095215 28.88759994506836 2.9000000953674316
vertex 24.057966232299805 29.687599182128906 2.9000000953674316
vertex 9.957965850830078 29.687599182128906 2.9000000953674316
endloop
endfacet
facet normal 1 0 0
outer loop
vertex 24.85796546936035 28.88759994506836 2.9000000953674316
vertex 24.85796546936035 28.88759994506836 2.200000047683716
vertex 24.85796546936035 44.58760070800781 2.200000047683716
endloop
endfacet
facet normal 1 0 0
outer loop
vertex 9.957965850830078 29.687599182128906 2.9000000953674316
vertex 9.957965850830078 29.687599182128906 2.200000047683716
vertex 9.957965850830078 43.787601470947266 2.9000000953674316
endloop
endfacet
facet normal 0 1 0
outer loop
vertex 9.957965850830078 29.687599182128906 2.9000000953674316
vertex 24.057966232299805 29.687599182128906 2.200000047683716
vertex 9.957965850830078 29.687599182128906 2.200000047683716
endloop
endfacet
facet normal -1 0 0
outer loop
vertex 24.057966232299805 43.787601470947266 2.200000047683716
vertex 24.057966232299805 29.687599182128906 2.200000047683716
vertex 24.057966232299805 29.687599182128906 2.9000000953674316
endloop
endfacet
facet normal 0 1 0
outer loop
vertex 24.057966232299805 29.687599182128906 2.200000047683716
vertex 9.957965850830078 29.687599182128906 2.9000000953674316
vertex 24.057966232299805 29.687599182128906 2.9000000953674316
endloop
endfacet
facet normal -1 0 0
outer loop
vertex 24.057966232299805 43.787601470947266 2.200000047683716
vertex 24.057966232299805 29.687599182128906 2.9000000953674316
vertex 24.057966232299805 43.787601470947266 2.9000000953674316
endloop
endfacet
facet normal 0 -1 0
outer loop
vertex 24.057966232299805 43.787601470947266 2.9000000953674316
vertex 9.957965850830078 43.787601470947266 2.200000047683716
vertex 24.057966232299805 43.787601470947266 2.200000047683716
endloop
endfacet
facet normal 0 -1 0
outer loop
vertex 9.957965850830078 43.787601470947266 2.9000000953674316
vertex 9.957965850830078 43.787601470947266 2.200000047683716
vertex 24.057966232299805 43.787601470947266 2.9000000953674316
endloop
endfacet
facet normal 1 0 0
outer loop
vertex 9.957965850830078 43.787601470947266 2.200000047683716
vertex 9.957965850830078 43.787601470947266 2.9000000953674316
vertex 9.957965850830078 29.687599182128906 2.200000047683716
endloop
endfacet
facet normal -1 0 0
outer loop
vertex -7.842033863067627 44.58760070800781 2.200000047683716
vertex -7.842033863067627 31.160072326660156 2.200000047683716
vertex -7.842033863067627 44.58760070800781 2.9000000953674316
endloop
endfacet
facet normal -1 0 0
outer loop
vertex -7.842033863067627 44.58760070800781 2.9000000953674316
vertex -7.842033863067627 28.88759994506836 2.200000047683716
vertex -7.842033863067627 28.88759994506836 2.9000000953674316
endloop
endfacet
facet normal 0 -1 0
outer loop
vertex -7.842033863067627 28.88759994506836 2.200000047683716
vertex 7.85796594619751 28.88759994506836 2.200000047683716
vertex -7.842033863067627 28.88759994506836 2.9000000953674316
endloop
endfacet
facet normal 0 0 1
outer loop
vertex -7.042034149169922 29.687599182128906 2.9000000953674316
vertex -7.042034149169922 43.787601470947266 2.9000000953674316
vertex -7.842033863067627 28.88759994506836 2.9000000953674316
endloop
endfacet
facet normal 0 0 1
outer loop
vertex -7.842033863067627 44.58760070800781 2.9000000953674316
vertex -7.842033863067627 28.88759994506836 2.9000000953674316
vertex -7.042034149169922 43.787601470947266 2.9000000953674316
endloop
endfacet
facet normal -1 0 0
outer loop
vertex -7.842033863067627 31.160072326660156 2.200000047683716
vertex -7.842033863067627 28.88759994506836 2.200000047683716
vertex -7.842033863067627 44.58760070800781 2.9000000953674316
endloop
endfacet
facet normal 0 1 0
outer loop
vertex -7.842033863067627 44.58760070800781 2.200000047683716
vertex -7.842033863067627 44.58760070800781 2.9000000953674316
vertex 7.85796594619751 44.58760070800781 2.9000000953674316
endloop
endfacet
facet normal 1 0 0
outer loop
vertex 7.85796594619751 28.88759994506836 2.9000000953674316
vertex 7.85796594619751 28.88759994506836 2.200000047683716
vertex 7.85796594619751 44.58760070800781 2.200000047683716
endloop
endfacet
facet normal 0 0 1
outer loop
vertex -7.842033863067627 28.88759994506836 2.9000000953674316
vertex 7.057966232299805 29.687599182128906 2.9000000953674316
vertex -7.042034149169922 29.687599182128906 2.9000000953674316
endloop
endfacet
facet normal 0 0 1
outer loop
vertex -7.842033863067627 44.58760070800781 2.9000000953674316
vertex -7.042034149169922 43.787601470947266 2.9000000953674316
vertex 7.85796594619751 44.58760070800781 2.9000000953674316
endloop
endfacet
facet normal 0 1 0
outer loop
vertex 7.85796594619751 44.58760070800781 2.200000047683716
vertex -7.842033863067627 44.58760070800781 2.200000047683716
vertex 7.85796594619751 44.58760070800781 2.9000000953674316
endloop
endfacet
facet normal 1 0 0
outer loop
vertex 7.85796594619751 28.88759994506836 2.9000000953674316
vertex 7.85796594619751 44.58760070800781 2.200000047683716
vertex 7.85796594619751 44.58760070800781 2.9000000953674316
endloop
endfacet
facet normal 0 0 1
outer loop
vertex 7.057966232299805 29.687599182128906 2.9000000953674316
vertex 7.85796594619751 28.88759994506836 2.9000000953674316
vertex 7.85796594619751 44.58760070800781 2.9000000953674316
endloop
endfacet
facet normal 0 0 1
outer loop
vertex 7.057966232299805 43.787601470947266 2.9000000953674316
vertex 7.057966232299805 29.687599182128906 2.9000000953674316
vertex 7.85796594619751 44.58760070800781 2.9000000953674316
endloop
endfacet
facet normal 0 0 1
outer loop
vertex 7.85796594619751 44.58760070800781 2.9000000953674316
vertex -7.042034149169922 43.787601470947266 2.9000000953674316
vertex 7.057966232299805 43.787601470947266 2.9000000953674316
endloop
endfacet
facet normal 0 -1 0
outer loop
vertex -7.842033863067627 28.88759994506836 2.9000000953674316
vertex 7.85796594619751 28.88759994506836 2.200000047683716
vertex 7.85796594619751 28.88759994506836 2.9000000953674316
endloop
endfacet
facet normal 0 0 1
outer loop
vertex 7.057966232299805 29.687599182128906 2.9000000953674316
vertex -7.842033863067627 28.88759994506836 2.9000000953674316
vertex 7.85796594619751 28.88759994506836 2.9000000953674316
endloop
endfacet
facet normal -1 0 0
outer loop
vertex 7.057966232299805 43.787601470947266 2.200000047683716
vertex 7.057966232299805 29.687599182128906 2.9000000953674316
vertex 7.057966232299805 43.787601470947266 2.9000000953674316
endloop
endfacet
facet normal 0 -1 0
outer loop
vertex 7.057966232299805 43.787601470947266 2.9000000953674316
vertex -7.042034149169922 43.787601470947266 2.200000047683716
vertex 7.057966232299805 43.787601470947266 2.200000047683716
endloop
endfacet
facet normal -1 0 0
outer loop
vertex 7.057966232299805 43.787601470947266 2.200000047683716
vertex 7.057966232299805 29.687599182128906 2.200000047683716
vertex 7.057966232299805 29.687599182128906 2.9000000953674316
endloop
endfacet
facet normal 0 -1 0
outer loop
vertex -7.042034149169922 43.787601470947266 2.9000000953674316
vertex -7.042034149169922 43.787601470947266 2.200000047683716
vertex 7.057966232299805 43.787601470947266 2.9000000953674316
endloop
endfacet
facet normal 1 0 0
outer loop
vertex -7.042034149169922 29.687599182128906 2.9000000953674316
vertex -7.042034149169922 29.687599182128906 2.200000047683716
vertex -7.042034149169922 43.787601470947266 2.9000000953674316
endloop
endfacet
facet normal 1 0 0
outer loop
vertex -7.042034149169922 43.787601470947266 2.200000047683716
vertex -7.042034149169922 43.787601470947266 2.9000000953674316
vertex -7.042034149169922 29.687599182128906 2.200000047683716
endloop
endfacet
facet normal 0 1 0
outer loop
vertex -7.042034149169922 29.687599182128906 2.9000000953674316
vertex 7.057966232299805 29.687599182128906 2.200000047683716
vertex -7.042034149169922 29.687599182128906 2.200000047683716
endloop
endfacet
facet normal 0 1 0
outer loop
vertex 7.057966232299805 29.687599182128906 2.200000047683716
vertex -7.042034149169922 29.687599182128906 2.9000000953674316
vertex 7.057966232299805 29.687599182128906 2.9000000953674316
endloop
endfacet
facet normal 0 0 1
outer loop
vertex -54.37307357788086 33.095333099365234 2.9000000953674316
vertex -65.17430114746094 42.15863800048828 2.9000000953674316
vertex -66.3013687133789 42.060035705566406 2.9000000953674316
endloop
endfacet
facet normal 0 0 1
outer loop
vertex -54.37307357788086 33.095333099365234 2.9000000953674316
vertex -54.27446746826172 31.96826934814453 2.9000000953674316
vertex -44.182701110839844 43.99516677856445 2.9000000953674316
endloop
endfacet
facet normal -0.7660442871164397 0.642787795603079 0
outer loop
vertex -56.209598541259766 54.08693313598633 2.200000047683716
vertex -66.3013687133789 42.060035705566406 2.200000047683716
vertex -56.209598541259766 54.08693313598633 2.9000000953674316
endloop
endfacet
facet normal 0.6427876530199284 0.7660444067579452 0
outer loop
vertex -44.182701110839844 43.99516677856445 2.9000000953674316
vertex -56.209598541259766 54.08693313598633 2.200000047683716
vertex -56.209598541259766 54.08693313598633 2.9000000953674316
endloop
endfacet
facet normal 0 0 1
outer loop
vertex -56.209598541259766 54.08693313598633 2.9000000953674316
vertex -56.11099624633789 52.95986557006836 2.9000000953674316
vertex -44.182701110839844 43.99516677856445 2.9000000953674316
endloop
endfacet
facet normal 0 0 1
outer loop
vertex -44.182701110839844 43.99516677856445 2.9000000953674316
vertex -56.11099624633789 52.95986557006836 2.9000000953674316
vertex -45.30976867675781 43.89656066894531 2.9000000953674316
endloop
endfacet
facet normal -0.642787533378432 -0.7660445071490762 0
outer loop
vertex -66.3013687133789 42.060035705566406 2.9000000953674316
vertex -54.27446746826172 31.96826934814453 2.200000047683716
vertex -54.27446746826172 31.96826934814453 2.9000000953674316
endloop
endfacet
facet normal 0 0 1
outer loop
vertex -56.209598541259766 54.08693313598633 2.9000000953674316
vertex -66.3013687133789 42.060035705566406 2.9000000953674316
vertex -56.11099624633789 52.95986557006836 2.9000000953674316
endloop
endfacet
facet normal -0.642787533378432 -0.7660445071490762 0
outer loop
vertex -66.3013687133789 42.060035705566406 2.200000047683716
vertex -54.27446746826172 31.96826934814453 2.200000047683716
vertex -66.3013687133789 42.060035705566406 2.9000000953674316
endloop
endfacet
facet normal -0.7660442871164397 0.642787795603079 0
outer loop
vertex -66.3013687133789 42.060035705566406 2.200000047683716
vertex -66.3013687133789 42.060035705566406 2.9000000953674316
vertex -56.209598541259766 54.08693313598633 2.9000000953674316
endloop
endfacet
facet normal 0 0 1
outer loop
vertex -54.37307357788086 33.095333099365234 2.9000000953674316
vertex -66.3013687133789 42.060035705566406 2.9000000953674316
vertex -54.27446746826172 31.96826934814453 2.9000000953674316
endloop
endfacet
facet normal 0.6427876530199284 0.7660444067579452 0
outer loop
vertex -44.182701110839844 43.99516677856445 2.9000000953674316
vertex -44.182701110839844 43.99516677856445 2.200000047683716
vertex -56.209598541259766 54.08693313598633 2.200000047683716
endloop
endfacet
facet normal 0.7660444067579452 -0.6427876530199284 0
outer loop
vertex -54.27446746826172 31.96826934814453 2.9000000953674316
vertex -44.182701110839844 43.99516677856445 2.200000047683716
vertex -44.182701110839844 43.99516677856445 2.9000000953674316
endloop
endfacet
facet normal 0.7660444067579452 -0.6427876530199284 0
outer loop
vertex -54.27446746826172 31.96826934814453 2.9000000953674316
vertex -54.27446746826172 31.96826934814453 2.200000047683716
vertex -44.182701110839844 43.99516677856445 2.200000047683716
endloop
endfacet
facet normal 0 0 1
outer loop
vertex -65.17430114746094 42.15863800048828 2.9000000953674316
vertex -56.11099624633789 52.95986557006836 2.9000000953674316
vertex -66.3013687133789 42.060035705566406 2.9000000953674316
endloop
endfacet
facet normal 0 0 1
outer loop
vertex -45.30976867675781 43.89656066894531 2.9000000953674316
vertex -54.37307357788086 33.095333099365234 2.9000000953674316
vertex -44.182701110839844 43.99516677856445 2.9000000953674316
endloop
endfacet
facet normal -0.7660444839351869 0.6427875610436726 0
outer loop
vertex -54.37307357788086 33.095333099365234 2.200000047683716
vertex -54.37307357788086 33.095333099365234 2.9000000953674316
vertex -45.30976867675781 43.89656066894531 2.200000047683716
endloop
endfacet
facet normal 0.7660444839351869 -0.6427875610436726 0
outer loop
vertex -56.11099624633789 52.95986557006836 2.9000000953674316
vertex -65.17430114746094 42.15863800048828 2.200000047683716
vertex -56.11099624633789 52.95986557006836 2.200000047683716
endloop
endfacet
facet normal 0.7660444839351869 -0.6427875610436726 0
outer loop
vertex -65.17430114746094 42.15863800048828 2.9000000953674316
vertex -65.17430114746094 42.15863800048828 2.200000047683716
vertex -56.11099624633789 52.95986557006836 2.9000000953674316
endloop
endfacet
facet normal -0.642787538590919 -0.7660445027750536 -5.903839004354872e-7
outer loop
vertex -46.05625534057617 44.5229377746582 2.200000047683716
vertex -45.30976867675781 43.89656066894531 2.9000000953674316
vertex -56.11099624633789 52.95986557006836 2.200000047683716
endloop
endfacet
facet normal 0.642787754830281 0.7660443213119458 0.000005095767189783701
outer loop
vertex -54.37307357788086 33.095333099365234 2.200000047683716
vertex -61.15898895263672 38.78939437866211 2.200000047683716
vertex -65.17430114746094 42.15863800048828 2.9000000953674316
endloop
endfacet
facet normal -0.6427875610436726 -0.7660444839351869 0
outer loop
vertex -56.11099624633789 52.95986557006836 2.200000047683716
vertex -45.30976867675781 43.89656066894531 2.9000000953674316
vertex -56.11099624633789 52.95986557006836 2.9000000953674316
endloop
endfacet
facet normal 0.6427872335280971 0.7660447587532307 0
outer loop
vertex -65.17430114746094 42.15863800048828 2.9000000953674316
vertex -61.15898895263672 38.78939437866211 2.200000047683716
vertex -65.17430114746094 42.15863800048828 2.200000047683716
endloop
endfacet
facet normal -0.6427878634675261 -0.766044230171374 0
outer loop
vertex -45.30976867675781 43.89656066894531 2.9000000953674316
vertex -46.05625534057617 44.5229377746582 2.200000047683716
vertex -45.30976867675781 43.89656066894531 2.200000047683716
endloop
endfacet
facet normal 0.6427875610436726 0.7660444839351869 0
outer loop
vertex -54.37307357788086 33.095333099365234 2.200000047683716
vertex -65.17430114746094 42.15863800048828 2.9000000953674316
vertex -54.37307357788086 33.095333099365234 2.9000000953674316
endloop
endfacet
facet normal -0.7660444839351869 0.6427875610436726 0
outer loop
vertex -45.30976867675781 43.89656066894531 2.9000000953674316
vertex -45.30976867675781 43.89656066894531 2.200000047683716
vertex -54.37307357788086 33.095333099365234 2.9000000953674316
endloop
endfacet
endsolid auto-kdk-case
