solid auto-kdk-case
facet normal -0.9848079296193913 -0.17364717607484387 0
outer loop
vertex 41.83970260620117 -14.668074607849121 0
vertex 42.45615005493164 -18.164142608642578 0
vertex 42.45615005493164 -18.164142608642578 1.7000000476837158
endloop
endfacet
facet normal -0.9986295365233924 -0.05233592249186492 0
outer loop
vertex 6.011231422424316 -46.24512481689453 0
vertex 6.047269344329834 -46.932769775390625 1.7000000476837158
vertex 6.011231422424316 -46.24512481689453 1.7000000476837158
endloop
endfacet
facet normal -0.7660443554651732 -0.6427877141481574 3.6603875082895206e-7
outer loop
vertex 56.10921096801758 52.94635009765625 2.200000047683716
vertex 58.39110565185547 50.22689437866211 1.7000000476837158
vertex 62.890621185302734 44.86458206176758 1.7000000476837158
endloop
endfacet
facet normal -0.9986295303848325 -0.05233603962251156 0
outer loop
vertex 5.93630838394165 -44.81550979614258 0
vertex 5.9855523109436035 -45.7551383972168 1.7000000476837158
vertex 5.93630838394165 -44.81550979614258 1.7000000476837158
endloop
endfacet
facet normal -0.7660443721521091 -0.6427876942615253 -1.8172145946888071e-7
outer loop
vertex 62.890621185302734 44.86458206176758 1.7000000476837158
vertex 65.17251586914062 42.14512634277344 2.200000047683716
vertex 56.10921096801758 52.94635009765625 2.200000047683716
endloop
endfacet
facet normal 1 0 0
outer loop
vertex -7.059750556945801 29.67408561706543 2.200000047683716
vertex -7.059750556945801 40.22408676147461 1.7000000476837158
vertex -7.059750556945801 43.774085998535156 2.200000047683716
endloop
endfacet
facet normal 0.6427875610436726 -0.7660444839351869 0
outer loop
vertex 45.3079833984375 43.8830451965332 2.200000047683716
vertex 56.10921096801758 52.94635009765625 0
vertex 56.10921096801758 52.94635009765625 2.200000047683716
endloop
endfacet
facet normal 1 0 0
outer loop
vertex -7.059750556945801 29.67408561706543 2.200000047683716
vertex -7.059750556945801 33.22408676147461 1.7000000476837158
vertex -7.059750556945801 40.22408676147461 1.7000000476837158
endloop
endfacet
facet normal 0.7660443554545864 0.642787714139274 0.000005270119821832759
outer loop
vertex 54.37128829956055 33.081817626953125 2.200000047683716
vertex 52.089393615722656 35.80127716064453 1.7000000476837158
vertex 47.58987808227539 41.16358947753906 1.7000000476837158
endloop
endfacet
facet normal -1 0 0
outer loop
vertex -9.959750175476074 33.22408676147461 1.7000000476837158
vertex -9.959750175476074 29.67408561706543 2.200000047683716
vertex -9.959750175476074 43.774085998535156 2.200000047683716
endloop
endfacet
facet normal -0.965925816043764 -0.2588190833384138 2.274381700395012e-7
outer loop
vertex 41.1003532409668 40.59853744506836 2.200000047683716
vertex 43.830894470214844 30.40802001953125 1.7000000476837158
vertex 44.74970245361328 26.97898292541504 2.200000047683716
endloop
endfacet
facet normal -0.9986295307905354 -0.052336031881248135 0
outer loop
vertex -12.9484281539917 -7.891943454742432 0
vertex -12.762635231018066 -11.437078475952148 0
vertex -12.762635231018066 -11.437078475952148 2.200000047683716
endloop
endfacet
facet normal 0 -1 0
outer loop
vertex -41.059749603271484 43.774085998535156 2.200000047683716
vertex -26.95975112915039 43.774085998535156 0
vertex -26.95975112915039 43.774085998535156 2.200000047683716
endloop
endfacet
facet normal 0.9986295447273424 0.052335765950836596 0
outer loop
vertex -10.342514991760254 -3.610309600830078 0
vertex -10.52830696105957 -0.06517471373081207 0
vertex -10.52830696105957 -0.06517471373081207 2.200000047683716
endloop
endfacet
facet normal -0.9848077265013668 -0.17364832801379496 0.0000011057205442261172
outer loop
vertex 54.87340545654297 11.083714485168457 2.200000047683716
vertex 56.70539474487305 0.6939930319786072 1.7000000476837158
vertex 55.86943435668945 5.4349589347839355 2.200000047683716
endloop
endfacet
facet normal -0.05233595691331668 0.9986295347194412 0
outer loop
vertex 4.290306091308594 -13.407914161682129 0
vertex -9.790369987487793 -14.145851135253906 0
vertex 4.290306091308594 -13.407914161682129 2.200000047683716
endloop
endfacet
facet normal -0.9848077518321647 -0.17364818435911722 2.4423314415885413e-7
outer loop
vertex 37.590084075927734 9.432698249816895 2.200000047683716
vertex 37.76765060424805 8.425667762756348 1.7000000476837158
vertex 38.38410186767578 4.929599761962891 2.200000047683716
endloop
endfacet
facet normal 0.996194708848519 -0.08715561979708725 0
outer loop
vertex -46.17844772338867 15.951403617858887 0
vertex -46.17844772338867 15.951403617858887 1.7000000476837158
vertex -46.487850189208984 12.414912223815918 0
endloop
endfacet
facet normal 0.17364805022206806 -0.9848077754841674 0
outer loop
vertex 50.91523742675781 10.385783195495605 2.200000047683716
vertex 54.87340545654297 11.083714485168457 0
vertex 54.87340545654297 11.083714485168457 2.200000047683716
endloop
endfacet
facet normal 0.9961947015529734 -0.08715570318413483 5.111915162089812e-7
outer loop
vertex -47.62082290649414 -0.5350441932678223 2.200000047683716
vertex -47.05000305175781 5.989456653594971 1.7000000476837158
vertex -46.7406005859375 9.525947570800781 2.200000047683716
endloop
endfacet
facet normal 0.173648187878249 -0.9848077512116439 2.5536674364587774e-7
outer loop
vertex 40.98761749267578 8.635275840759277 2.200000047683716
vertex 54.87340545654297 11.083714485168457 0
vertex 50.91523742675781 10.385783195495605 2.200000047683716
endloop
endfacet
facet normal 0.9848077394626793 0.17364825450994048 -2.414332387352688e-7
outer loop
vertex 25.7338809967041 -4.526094913482666 2.200000047683716
vertex 27.450332641601562 -14.260571479797363 2.200000047683716
vertex 25.618343353271484 -3.870849370956421 1.7000000476837158
endloop
endfacet
facet normal -0.9961946737683253 0.08715602071968961 -0.0000028158672335419453
outer loop
vertex -50.67979049682617 -2.2254467010498047 1.7000000476837158
vertex -51.28988265991211 -9.198809623718262 1.7000000476837158
vertex -50.37038803100586 1.311044454574585 2.200000047683716
endloop
endfacet
facet normal 0.9848077377583517 0.1736482641758261 0
outer loop
vertex 28.570362091064453 -20.612581253051758 1.7000000476837158
vertex 28.570362091064453 -20.612581253051758 0
vertex 27.95391082763672 -17.116514205932617 2.200000047683716
endloop
endfacet
facet normal -0.9986295342416202 -0.05233596603038628 -1.7681889312673283e-7
outer loop
vertex 4.442080497741699 -16.303939819335938 2.200000047683716
vertex 4.994225025177002 -26.839481353759766 1.7000000476837158
vertex 4.927574157714844 -25.56770896911621 2.200000047683716
endloop
endfacet
facet normal 0.9848077377583517 0.1736482641758261 0
outer loop
vertex 22.666324615478516 12.870882034301758 1.7000000476837158
vertex 22.666324615478516 12.870882034301758 0
vertex 22.04987335205078 16.3669490814209 2.200000047683716
endloop
endfacet
facet normal -0.9848077418086089 -0.17364824120568662 0
outer loop
vertex 38.88768005371094 2.073657512664795 0
vertex 39.50413131713867 -1.422410011291504 0
vertex 39.50413131713867 -1.422410011291504 1.7000000476837158
endloop
endfacet
facet normal 0.9659258077528968 0.25881911428044424 0
outer loop
vertex 14.130146980285645 19.079633712768555 0
vertex 13.211338996887207 22.508670806884766 0
vertex 13.211338996887207 22.508670806884766 1.7000000476837158
endloop
endfacet
facet normal -0.9848077377583516 -0.1736482641758261 0
outer loop
vertex 59.508060455322266 -16.034671783447266 0
vertex 60.12451171875 -19.530738830566406 0
vertex 60.12451171875 -19.530738830566406 2.200000047683716
endloop
endfacet
facet normal -0.9986295352963647 -0.052335945903786894 3.5029445577456024e-7
outer loop
vertex 5.331791877746582 -33.280643463134766 2.200000047683716
vertex 5.883935928344727 -43.816184997558594 1.7000000476837158
vertex 5.725882530212402 -40.80034255981445 2.200000047683716
endloop
endfacet
facet normal 0.9961947088485189 -0.08715561979708725 0
outer loop
vertex -62.37293243408203 25.900705337524414 1.7000000476837158
vertex -62.682334899902344 22.364213943481445 2.200000047683716
vertex -62.682334899902344 22.364213943481445 0
endloop
endfacet
facet normal -0.9986295347727594 -0.05233595589293293 5.613547929228229e-7
outer loop
vertex -13.116037368774414 -4.693763732910156 2.200000047683716
vertex -13.500572204589844 2.6435980796813965 2.200000047683716
vertex -12.9484281539917 -7.891943454742432 1.7000000476837158
endloop
endfacet
facet normal -0.9986295311584468 -0.05233602486109069 0
outer loop
vertex -11.535357475280762 -34.854942321777344 1.7000000476837158
vertex -11.721150398254395 -31.30980682373047 2.200000047683716
vertex -11.721150398254395 -31.30980682373047 0
endloop
endfacet
facet normal 0.9961947153850741 -0.08715554478100895 0.000007264757688588893
outer loop
vertex -65.6456298828125 -11.506404876708984 2.200000047683716
vertex -64.72613525390625 -0.9965507984161377 1.7000000476837158
vertex -64.56304168701172 0.8676631450653076 2.200000047683716
endloop
endfacet
facet normal -1 0 0
outer loop
vertex 7.040249347686768 33.22408676147461 1.7000000476837158
vertex 7.040249347686768 29.67408561706543 2.200000047683716
vertex 7.040249347686768 43.774085998535156 2.200000047683716
endloop
endfacet
facet normal 0.9659259420731263 0.2588186129901465 0
outer loop
vertex 30.211339950561523 26.758670806884766 0
vertex 30.211339950561523 26.758670806884766 1.7000000476837158
vertex 31.130146026611328 23.329633712768555 0
endloop
endfacet
facet normal 1 0 0
outer loop
vertex -7.059750556945801 40.22408676147461 1.7000000476837158
vertex -7.059750556945801 40.22408676147461 0
vertex -7.059750556945801 43.774085998535156 2.200000047683716
endloop
endfacet
facet normal 0.17364821817083453 -0.984807745870276 0
outer loop
vertex 52.80982971191406 -6.503000259399414 2.200000047683716
vertex 57.67607116699219 -5.6449503898620605 0
vertex 57.67607116699219 -5.6449503898620605 2.200000047683716
endloop
endfacet
facet normal 0 1 0
outer loop
vertex -9.959750175476074 29.67408561706543 0
vertex -24.059749603271484 29.67408561706543 0
vertex -9.959750175476074 29.67408561706543 2.200000047683716
endloop
endfacet
facet normal 0.984807732197282 0.1736482957140522 2.27375762723823e-7
outer loop
vertex 30.40235137939453 -31.002302169799805 2.200000047683716
vertex 29.785900115966797 -27.506235122680664 1.7000000476837158
vertex 28.570362091064453 -20.612581253051758 1.7000000476837158
endloop
endfacet
facet normal -0.965925843743906 -0.25881897996017056 0
outer loop
vertex 24.100351333618164 36.34853744506836 0
vertex 25.0191593170166 32.919498443603516 0
vertex 25.0191593170166 32.919498443603516 1.7000000476837158
endloop
endfacet
facet normal 0.9848077506430348 0.17364819110306895 1.9561243510358377e-7
outer loop
vertex 11.815607070922852 -23.490739822387695 2.200000047683716
vertex 9.98361873626709 -13.101017951965332 1.7000000476837158
vertex 9.367167472839355 -9.604949951171875 2.200000047683716
endloop
endfacet
facet normal 0 -1 0
outer loop
vertex -41.059749603271484 43.774085998535156 2.200000047683716
vertex -41.059749603271484 43.774085998535156 0
vertex -26.95975112915039 43.774085998535156 0
endloop
endfacet
facet normal -0.9986295352353143 -0.05233594706986873 0
outer loop
vertex 5.331791877746582 -33.280643463134766 0
vertex 5.517584323883057 -36.825775146484375 0
vertex 5.517584323883057 -36.825775146484375 1.7000000476837158
endloop
endfacet
facet normal 0.9986295311584468 0.05233602486109069 0
outer loop
vertex -26.50574493408203 -18.61617660522461 0
vertex -26.691537857055664 -15.071041107177734 0
vertex -26.691537857055664 -15.071041107177734 2.200000047683716
endloop
endfacet
facet normal -0.9659258062000113 -0.25881912007384134 0.00000102990174410822
outer loop
vertex 41.1003532409668 40.59853744506836 2.200000047683716
vertex 42.019161224365234 37.169498443603516 1.7000000476837158
vertex 43.830894470214844 30.40802001953125 1.7000000476837158
endloop
endfacet
facet normal -0.9986295315840202 -0.05233601674043751 -1.5755879872301297e-7
outer loop
vertex -12.610861778259277 -14.333104133605957 2.200000047683716
vertex -12.425068855285645 -17.878238677978516 1.7000000476837158
vertex -12.058716773986816 -24.86864471435547 1.7000000476837158
endloop
endfacet
facet normal 0.9986295380899093 0.052335892600913994 0
outer loop
vertex -9.452803611755371 -20.587011337280273 1.7000000476837158
vertex -9.452803611755371 -20.587011337280273 0
vertex -9.633844375610352 -17.132543563842773 2.200000047683716
endloop
endfacet
facet normal -0.9986295304226239 -0.05233603890140747 0
outer loop
vertex -12.425068855285645 -17.878238677978516 1.7000000476837158
vertex -12.610861778259277 -14.333104133605957 2.200000047683716
vertex -12.610861778259277 -14.333104133605957 0
endloop
endfacet
facet normal -0.9848079296193913 -0.17364717607484387 0
outer loop
vertex 41.83970260620117 -14.668074607849121 0
vertex 42.45615005493164 -18.164142608642578 1.7000000476837158
vertex 41.83970260620117 -14.668074607849121 2.200000047683716
endloop
endfacet
facet normal 0.1736481679700372 -0.9848077547220319 0
outer loop
vertex 27.95391082763672 -17.116514205932617 2.200000047683716
vertex 27.95391082763672 -17.116514205932617 0
vertex 41.83970260620117 -14.668074607849121 0
endloop
endfacet
facet normal 0.9848077458588644 0.17364821823555313 0
outer loop
vertex 41.604068756103516 5.13920783996582 0
vertex 40.98761749267578 8.635275840759277 0
vertex 40.98761749267578 8.635275840759277 2.200000047683716
endloop
endfacet
facet normal 0.996194708848519 -0.08715561979708725 0
outer loop
vertex -65.33622741699219 -7.969913482666016 0
vertex -65.33622741699219 -7.969913482666016 1.7000000476837158
vertex -65.6456298828125 -11.506404876708984 0
endloop
endfacet
facet normal 0.9659258077528968 0.25881911428044424 0
outer loop
vertex 11.399605751037598 29.270151138305664 0
vertex 10.48079776763916 32.699188232421875 0
vertex 10.48079776763916 32.699188232421875 2.200000047683716
endloop
endfacet
facet normal 0.965925216792202 0.2588213151293544 0.000048986209304830346
outer loop
vertex 14.130146980285645 19.079633712768555 2.200000047683716
vertex 11.399605751037598 29.270151138305664 1.7000000476837158
vertex 14.096659660339355 19.204608917236328 2.200000047683716
endloop
endfacet
facet normal 0.9659258244530218 0.258819051954334 -4.581255038598457e-7
outer loop
vertex 14.130146980285645 19.079633712768555 2.200000047683716
vertex 13.211338996887207 22.508670806884766 1.7000000476837158
vertex 11.399605751037598 29.270151138305664 1.7000000476837158
endloop
endfacet
facet normal -0.9848077458588644 -0.17364821823555313 0
outer loop
vertex 40.719669342041016 -8.31606388092041 1.7000000476837158
vertex 40.719669342041016 -8.31606388092041 0
vertex 41.33612060546875 -11.812131881713867 2.200000047683716
endloop
endfacet
facet normal -0.9848077806860269 -0.17364802071195973 0.0000017552576401347672
outer loop
vertex 59.508060455322266 -16.034671783447266 1.7000000476837158
vertex 60.12451171875 -19.530738830566406 2.200000047683716
vertex 59.16569900512695 -14.093036651611328 2.200000047683716
endloop
endfacet
facet normal 0.9961945117317826 -0.08715787135591528 0.000016005653533885917
outer loop
vertex -64.56304168701172 0.8676631450653076 2.200000047683716
vertex -64.72613525390625 -0.9965507984161377 1.7000000476837158
vertex -64.41673278808594 2.539940357208252 2.200000047683716
endloop
endfacet
facet normal -0.9848077833013996 -0.1736480058783165 0.0000018622009623024111
outer loop
vertex 41.83970260620117 -14.668074607849121 2.200000047683716
vertex 43.671688079833984 -25.057796478271484 1.7000000476837158
vertex 44.28813934326172 -28.553863525390625 2.200000047683716
endloop
endfacet
facet normal -0.08715572402527437 -0.9961946997297416 0
outer loop
vertex -48.22224807739258 -7.409362316131592 2.200000047683716
vertex -48.22224807739258 -7.409362316131592 0
vertex -34.1759033203125 -8.63825798034668 0
endloop
endfacet
facet normal -0.9986295303847756 -0.05233603962250858 3.373755425673895e-7
outer loop
vertex 5.93630838394165 -44.81550979614258 1.7000000476837158
vertex 5.9855523109436035 -45.7551383972168 1.7000000476837158
vertex 6.069728851318359 -47.3613166809082 2.200000047683716
endloop
endfacet
facet normal 0.9659259060821956 0.25881874731033183 0
outer loop
vertex 28.39960479736328 33.5201530456543 0
vertex 27.480798721313477 36.949188232421875 0
vertex 27.480798721313477 36.949188232421875 2.200000047683716
endloop
endfacet
facet normal 0.9986295330717458 0.052335988258412444 0.0000031499435838341415
outer loop
vertex -25.06389045715332 -46.12841796875 2.200000047683716
vertex -25.24968147277832 -42.58328628540039 1.7000000476837158
vertex -25.61603355407715 -35.59287643432617 1.7000000476837158
endloop
endfacet
facet normal -1 0 0
outer loop
vertex -9.959750175476074 16.224084854125977 0
vertex -9.959750175476074 12.67408561706543 0
vertex -9.959750175476074 12.67408561706543 2.200000047683716
endloop
endfacet
facet normal -0.9986295349037272 -0.05233595337829728 -0.0000013965106081173247
outer loop
vertex -11.169005393981934 -41.8453483581543 1.7000000476837158
vertex -10.983213424682617 -45.39048385620117 2.200000047683716
vertex -11.721150398254395 -31.30980682373047 2.200000047683716
endloop
endfacet
facet normal -0.9961947083383635 0.08715562562819916 0
outer loop
vertex -50.37038803100586 1.311044454574585 0
vertex -50.67979049682617 -2.2254467010498047 1.7000000476837158
vertex -50.37038803100586 1.311044454574585 2.200000047683716
endloop
endfacet
facet normal 0.9848077404120017 0.173648249117218 0.0000017698081982235854
outer loop
vertex 12.935637474060059 -29.842748641967773 1.7000000476837158
vertex 14.76762580871582 -40.23247146606445 2.200000047683716
vertex 14.151175498962402 -36.73640441894531 1.7000000476837158
endloop
endfacet
facet normal -0.9961947088485189 0.08715561979708725 0
outer loop
vertex -31.522010803222656 21.69586944580078 1.7000000476837158
vertex -31.212608337402344 25.23236083984375 2.200000047683716
vertex -31.212608337402344 25.23236083984375 0
endloop
endfacet
facet normal 0.7660448325872392 0.6427871455360542 0
outer loop
vertex 52.089393615722656 35.80127716064453 0
vertex 52.089393615722656 35.80127716064453 1.7000000476837158
vertex 54.37128829956055 33.081817626953125 0
endloop
endfacet
facet normal -0.9986295365233924 -0.05233592249186492 0
outer loop
vertex 6.011231422424316 -46.24512481689453 0
vertex 6.047269344329834 -46.932769775390625 0
vertex 6.047269344329834 -46.932769775390625 1.7000000476837158
endloop
endfacet
facet normal -0.9986295311584468 -0.05233602486109069 0
outer loop
vertex -11.721150398254395 -31.30980682373047 0
vertex -11.535357475280762 -34.854942321777344 0
vertex -11.535357475280762 -34.854942321777344 1.7000000476837158
endloop
endfacet
facet normal 0 1 0
outer loop
vertex -9.959750175476074 29.67408561706543 2.200000047683716
vertex -24.059749603271484 29.67408561706543 0
vertex -24.059749603271484 29.67408561706543 2.200000047683716
endloop
endfacet
facet normal -0.996194707828208 0.08715563145931184 0
outer loop
vertex -33.61375045776367 -2.2128024101257324 0
vertex -33.923152923583984 -5.749293327331543 0
vertex -33.923152923583984 -5.749293327331543 2.200000047683716
endloop
endfacet
facet normal 0.9986295348005064 0.0523359553489615 -0.0000013548725930063605
outer loop
vertex -25.95359992980957 -29.151718139648438 2.200000047683716
vertex -26.50574493408203 -18.61617660522461 1.7000000476837158
vertex -26.43376922607422 -19.98954200744629 2.200000047683716
endloop
endfacet
facet normal 0 -1 0
outer loop
vertex -24.059749603271484 26.774085998535156 2.200000047683716
vertex -9.959750175476074 26.774085998535156 0
vertex -9.959750175476074 26.774085998535156 2.200000047683716
endloop
endfacet
facet normal -0.052354535034456626 0.9986285609080714 0
outer loop
vertex 6.069728851318359 -47.3613166809082 1.7000000476837158
vertex 5.938828468322754 -47.36817932128906 1.7000000476837158
vertex 6.069728851318359 -47.3613166809082 2.200000047683716
endloop
endfacet
facet normal 0.9961947088485189 -0.08715561979708725 0
outer loop
vertex -61.762840270996094 32.87406921386719 0
vertex -61.45343780517578 36.410560607910156 0
vertex -61.45343780517578 36.410560607910156 2.200000047683716
endloop
endfacet
facet normal 0 -1 0
outer loop
vertex -24.059749603271484 43.774085998535156 2.200000047683716
vertex -9.959750175476074 43.774085998535156 0
vertex -9.959750175476074 43.774085998535156 2.200000047683716
endloop
endfacet
facet normal -0.998629545198724 -0.05233575695630531 0
outer loop
vertex -11.169005393981934 -41.8453483581543 0
vertex -10.983213424682617 -45.39048385620117 0
vertex -10.983213424682617 -45.39048385620117 2.200000047683716
endloop
endfacet
facet normal -0.9961946968019072 0.08715575748505124 9.813191021107526e-7
outer loop
vertex -48.32658767700195 24.671810150146484 1.7000000476837158
vertex -48.635990142822266 21.135318756103516 2.200000047683716
vertex -48.13448715209961 26.867523193359375 2.200000047683716
endloop
endfacet
facet normal -0.9848077337377312 -0.17364828697717719 4.955949601671482e-7
outer loop
vertex 20.30093765258789 9.585221290588379 2.200000047683716
vertex 20.917388916015625 6.089153289794922 1.7000000476837158
vertex 22.13292694091797 -0.804500937461853 1.7000000476837158
endloop
endfacet
facet normal 0.9848078336890256 0.17364772012534027 0
outer loop
vertex 23.88186264038086 5.977228164672852 1.7000000476837158
vertex 24.49831199645996 2.4811606407165527 2.200000047683716
vertex 24.49831199645996 2.4811606407165527 0
endloop
endfacet
facet normal -0.984807741808609 -0.17364824120568664 0
outer loop
vertex 39.50413131713867 -1.422410011291504 1.7000000476837158
vertex 38.88768005371094 2.073657512664795 2.200000047683716
vertex 38.88768005371094 2.073657512664795 0
endloop
endfacet
facet normal -0.17364815830458002 0.9848077564263127 0
outer loop
vertex 38.38410186767578 4.929599761962891 0
vertex 24.49831199645996 2.4811606407165527 0
vertex 38.38410186767578 4.929599761962891 2.200000047683716
endloop
endfacet
facet normal -0.17364815830458002 0.9848077564263127 0
outer loop
vertex 38.38410186767578 4.929599761962891 2.200000047683716
vertex 24.49831199645996 2.4811606407165527 0
vertex 24.49831199645996 2.4811606407165527 2.200000047683716
endloop
endfacet
facet normal 0.996194683113511 -0.08715591394745578 -5.95919521161215e-7
outer loop
vertex -49.45114517211914 -21.455707550048828 2.200000047683716
vertex -48.53165054321289 -10.945853233337402 1.7000000476837158
vertex -49.36631393432617 -20.486083984375 2.200000047683716
endloop
endfacet
facet normal 0.9848077458588644 0.17364821823555313 0
outer loop
vertex 44.406734466552734 -11.589457511901855 0
vertex 43.790283203125 -8.093389511108398 0
vertex 43.790283203125 -8.093389511108398 2.200000047683716
endloop
endfacet
facet normal 0.08715569294139815 0.9961947024492275 0
outer loop
vertex -47.96949768066406 -4.520397663116455 0
vertex -47.96949768066406 -4.520397663116455 2.200000047683716
vertex -43.744197845458984 -4.890063285827637 2.200000047683716
endloop
endfacet
facet normal 0.1736482237246317 -0.9848077448909238 -3.65151670611563e-7
outer loop
vertex 22.04987335205078 16.3669490814209 2.200000047683716
vertex 35.93566131591797 18.81538963317871 0
vertex 26.61795997619629 17.172426223754883 2.200000047683716
endloop
endfacet
facet normal -0.17364815830458002 0.9848077564263127 0
outer loop
vertex 22.749378204345703 -4.300568580627441 0
vertex 8.863588333129883 -6.749007701873779 0
vertex 22.749378204345703 -4.300568580627441 2.200000047683716
endloop
endfacet
facet normal -0.1736482142361134 0.9848077465640738 0
outer loop
vertex 57.32184600830078 -2.802074432373047 0
vertex 43.436058044433594 -5.250514030456543 0
vertex 57.32184600830078 -2.802074432373047 2.200000047683716
endloop
endfacet
facet normal -0.9986295374427753 -0.05233590494898046 0
outer loop
vertex 4.104513645172119 -9.86277961730957 0
vertex 4.290306091308594 -13.407914161682129 0
vertex 4.290306091308594 -13.407914161682129 2.200000047683716
endloop
endfacet
facet normal 0.0871557575866262 0.9961946967935038 0
outer loop
vertex -51.59928512573242 -12.73530101776123 0
vertex -65.6456298828125 -11.506404876708984 0
vertex -51.59928512573242 -12.73530101776123 2.200000047683716
endloop
endfacet
facet normal -0.9986295381785943 -0.05233589090869941 0
outer loop
vertex 4.442080497741699 -16.303939819335938 0
vertex 4.627872943878174 -19.849075317382812 1.7000000476837158
vertex 4.442080497741699 -16.303939819335938 2.200000047683716
endloop
endfacet
facet normal -0.1736481486391201 0.9848077581305937 0
outer loop
vertex 44.28813934326172 -28.553863525390625 0
vertex 30.40235137939453 -31.002302169799805 0
vertex 44.28813934326172 -28.553863525390625 2.200000047683716
endloop
endfacet
facet normal -0.9986295381785943 -0.05233589090869941 0
outer loop
vertex 4.994225025177002 -26.839481353759766 1.7000000476837158
vertex 4.994225025177002 -26.839481353759766 0
vertex 5.180017471313477 -30.38461685180664 2.200000047683716
endloop
endfacet
facet normal -0.9961947088485189 0.08715561979708725 0
outer loop
vertex -51.28988265991211 -9.198809623718262 0
vertex -51.59928512573242 -12.73530101776123 0
vertex -51.59928512573242 -12.73530101776123 2.200000047683716
endloop
endfacet
facet normal -0.9848077321972314 -0.17364829571404325 3.929796824340119e-7
outer loop
vertex 57.67607116699219 -5.6449503898620605 2.200000047683716
vertex 58.29252243041992 -9.14101791381836 1.7000000476837158
vertex 59.508060455322266 -16.034671783447266 1.7000000476837158
endloop
endfacet
facet normal -0.9848077321972314 -0.17364829571404325 3.929796824340119e-7
outer loop
vertex 40.719669342041016 -8.31606388092041 1.7000000476837158
vertex 38.88768005371094 2.073657512664795 2.200000047683716
vertex 39.50413131713867 -1.422410011291504 1.7000000476837158
endloop
endfacet
facet normal 0.1736482053384306 -0.9848077481329754 1.736869768804114e-8
outer loop
vertex 6.415148735046387 7.136781692504883 2.200000047683716
vertex 20.30093765258789 9.585221290588379 0
vertex 18.024503707885742 9.18382453918457 2.200000047683716
endloop
endfacet
facet normal 0.996194623122985 -0.08715659834793302 -0.000015009021064810171
outer loop
vertex -64.16398620605469 5.428905010223389 2.200000047683716
vertex -63.24449157714844 15.938758850097656 1.7000000476837158
vertex -63.731754302978516 10.36928939819336 2.200000047683716
endloop
endfacet
facet normal 0.9961946917862067 -0.0871558145988895 -0.000006211974296120175
outer loop
vertex -63.731754302978516 10.36928939819336 2.200000047683716
vertex -63.24449157714844 15.938758850097656 1.7000000476837158
vertex -62.93508529663086 19.475250244140625 2.200000047683716
endloop
endfacet
facet normal -0.9986294963477093 -0.05233668908443206 0
outer loop
vertex 6.047269344329834 -46.932769775390625 1.7000000476837158
vertex 6.069728851318359 -47.3613166809082 1.7000000476837158
vertex 6.069728851318359 -47.3613166809082 2.200000047683716
endloop
endfacet
facet normal 0.9848077332242059 0.1736482898894613 5.165911734552265e-7
outer loop
vertex 25.618343353271484 -3.870849370956421 1.7000000476837158
vertex 27.450332641601562 -14.260571479797363 2.200000047683716
vertex 26.833881378173828 -10.764503479003906 1.7000000476837158
endloop
endfacet
facet normal 0.9986295304226239 0.05233603890140747 0
outer loop
vertex -27.029104232788086 -8.629880905151367 0
vertex -27.029104232788086 -8.629880905151367 1.7000000476837158
vertex -26.843311309814453 -12.175015449523926 0
endloop
endfacet
facet normal -0.9848077413023268 -0.17364824407695373 0
outer loop
vertex 56.70539474487305 0.6939930319786072 0
vertex 57.32184600830078 -2.802074432373047 0
vertex 57.32184600830078 -2.802074432373047 2.200000047683716
endloop
endfacet
facet normal -0.9986295328651719 -0.05233599229106657 6.30856425579507e-7
outer loop
vertex 5.883935928344727 -43.816184997558594 1.7000000476837158
vertex 6.069728851318359 -47.3613166809082 2.200000047683716
vertex 5.725882530212402 -40.80034255981445 2.200000047683716
endloop
endfacet
facet normal -0.996194708848519 0.08715561979708725 0
outer loop
vertex -48.32658767700195 24.671810150146484 0
vertex -48.635990142822266 21.135318756103516 2.200000047683716
vertex -48.32658767700195 24.671810150146484 1.7000000476837158
endloop
endfacet
facet normal 0.17364828109220878 -0.9848077347752602 7.361951593826089e-7
outer loop
vertex 27.95391082763672 -17.116514205932617 2.200000047683716
vertex 41.83970260620117 -14.668074607849121 0
vertex 32.23696517944336 -16.361295700073242 2.200000047683716
endloop
endfacet
facet normal -0.05233595691331668 0.9986295347194412 0
outer loop
vertex -12.762635231018066 -11.437078475952148 0
vertex -26.843311309814453 -12.175015449523926 0
vertex -12.762635231018066 -11.437078475952148 2.200000047683716
endloop
endfacet
facet normal -1 0 0
outer loop
vertex 7.040249347686768 43.774085998535156 0
vertex 7.040249347686768 40.22408676147461 0
vertex 7.040249347686768 40.22408676147461 1.7000000476837158
endloop
endfacet
facet normal 0.08715569046392224 0.9961947026659783 0
outer loop
vertex -48.635990142822266 21.135318756103516 0
vertex -62.682334899902344 22.364213943481445 0
vertex -48.635990142822266 21.135318756103516 2.200000047683716
endloop
endfacet
facet normal 0.6427875610436726 -0.7660444839351869 0
outer loop
vertex 56.10921096801758 52.94635009765625 0
vertex 45.3079833984375 43.8830451965332 2.200000047683716
vertex 45.3079833984375 43.8830451965332 0
endloop
endfacet
facet normal -0.998629533737308 -0.05233597565348958 6.394082897403208e-8
outer loop
vertex 3.5523691177368164 0.6727622747421265 2.200000047683716
vertex 3.73816180229187 -2.872372627258301 1.7000000476837158
vertex 4.104513645172119 -9.86277961730957 1.7000000476837158
endloop
endfacet
facet normal 0.996194707828208 -0.08715563145931184 0
outer loop
vertex -47.05000305175781 5.989456653594971 0
vertex -46.7406005859375 9.525947570800781 0
vertex -46.7406005859375 9.525947570800781 2.200000047683716
endloop
endfacet
facet normal -0.9848078296387923 -0.1736477430954151 0
outer loop
vertex 26.20497703552246 -23.898242950439453 0
vertex 26.821426391601562 -27.394309997558594 0
vertex 26.821426391601562 -27.394309997558594 1.7000000476837158
endloop
endfacet
facet normal -0.965925816043764 -0.2588190833384138 2.274381700395012e-7
outer loop
vertex 27.74970054626465 22.72898292541504 2.200000047683716
vertex 24.100351333618164 36.34853744506836 2.200000047683716
vertex 26.83089256286621 26.15802001953125 1.7000000476837158
endloop
endfacet
facet normal -0.1736481255060872 0.9848077622095707 0
outer loop
vertex 25.701396942138672 -21.042301177978516 2.200000047683716
vertex 11.815607070922852 -23.490739822387695 0
vertex 11.815607070922852 -23.490739822387695 2.200000047683716
endloop
endfacet
facet normal 0.08715578739974382 0.996194694184998 -6.236437160981377e-7
outer loop
vertex -48.635990142822266 21.135318756103516 2.200000047683716
vertex -62.682334899902344 22.364213943481445 0
vertex -60.70123291015625 22.19089126586914 2.200000047683716
endloop
endfacet
facet normal -0.9848077377583517 -0.1736482641758261 0
outer loop
vertex 28.036964416503906 -34.2879638671875 1.7000000476837158
vertex 28.036964416503906 -34.2879638671875 0
vertex 28.65341567993164 -37.78403091430664 2.200000047683716
endloop
endfacet
facet normal 0 -1 0
outer loop
vertex 7.040249347686768 43.774085998535156 0
vertex 7.040249347686768 43.774085998535156 2.200000047683716
vertex -7.059750556945801 43.774085998535156 2.200000047683716
endloop
endfacet
facet normal -0.08715569046392224 -0.9961947026659783 0
outer loop
vertex -62.93508529663086 19.475250244140625 2.200000047683716
vertex -62.93508529663086 19.475250244140625 0
vertex -48.88874053955078 18.246355056762695 0
endloop
endfacet
facet normal 0.9961946145298369 -0.08715669785937176 0
outer loop
vertex -64.16398620605469 5.428905010223389 0
vertex -63.85457992553711 8.9653959274292 1.7000000476837158
vertex -64.16398620605469 5.428905010223389 2.200000047683716
endloop
endfacet
facet normal 1 0 0
outer loop
vertex -41.059749603271484 40.22408676147461 1.7000000476837158
vertex -41.059749603271484 43.774085998535156 2.200000047683716
vertex -41.059749603271484 29.67408561706543 2.200000047683716
endloop
endfacet
facet normal 0 1 0
outer loop
vertex -26.95975112915039 29.67408561706543 0
vertex -41.059749603271484 29.67408561706543 0
vertex -26.95975112915039 29.67408561706543 2.200000047683716
endloop
endfacet
facet normal 0.9986295311584468 0.05233602486109069 0
outer loop
vertex -25.95359992980957 -29.151718139648438 0
vertex -26.139392852783203 -25.606582641601562 1.7000000476837158
vertex -25.95359992980957 -29.151718139648438 2.200000047683716
endloop
endfacet
facet normal -0.05233523121660801 0.9986295727384721 -0.000005067641955653989
outer loop
vertex 5.938828468322754 -47.36817932128906 1.7000000476837158
vertex -8.010948181152344 -48.0992546081543 0
vertex 6.069728851318359 -47.3613166809082 2.200000047683716
endloop
endfacet
facet normal 0.996194708848519 -0.08715561979708725 0
outer loop
vertex -61.762840270996094 32.87406921386719 1.7000000476837158
vertex -61.762840270996094 32.87406921386719 0
vertex -61.45343780517578 36.410560607910156 2.200000047683716
endloop
endfacet
facet normal -0.9961946909022474 0.08715582470768617 -0.000006139927946315921
outer loop
vertex -31.212608337402344 25.23236083984375 2.200000047683716
vertex -32.13209915161133 14.72250747680664 1.7000000476837158
vertex -32.441505432128906 11.186016082763672 2.200000047683716
endloop
endfacet
facet normal -0.9961947088485189 0.08715561979708725 0
outer loop
vertex -34.48530578613281 -12.174749374389648 1.7000000476837158
vertex -34.1759033203125 -8.63825798034668 2.200000047683716
vertex -34.1759033203125 -8.63825798034668 0
endloop
endfacet
facet normal 1 0 0
outer loop
vertex -24.059749603271484 12.67408561706543 2.200000047683716
vertex -24.059749603271484 23.224084854125977 1.7000000476837158
vertex -24.059749603271484 26.774085998535156 2.200000047683716
endloop
endfacet
facet normal -0.996194689245645 0.08715584384584561 0.000001513705076836825
outer loop
vertex -33.61375045776367 -2.2128024101257324 1.7000000476837158
vertex -33.923152923583984 -5.749293327331543 2.200000047683716
vertex -33.09321594238281 3.7369186878204346 2.200000047683716
endloop
endfacet
facet normal -0.05233602789950791 0.9986295309992099 0
outer loop
vertex -11.8729248046875 -28.413780212402344 0
vertex -25.95359992980957 -29.151718139648438 0
vertex -11.8729248046875 -28.413780212402344 2.200000047683716
endloop
endfacet
facet normal -1 0 0
outer loop
vertex -9.959750175476074 26.774085998535156 2.200000047683716
vertex -9.959750175476074 23.224084854125977 1.7000000476837158
vertex -9.959750175476074 16.224084854125977 1.7000000476837158
endloop
endfacet
facet normal 0.9986295562956949 0.05233554521224911 0
outer loop
vertex -25.24968147277832 -42.58328628540039 1.7000000476837158
vertex -25.06389045715332 -46.12841796875 2.200000047683716
vertex -25.06389045715332 -46.12841796875 0
endloop
endfacet
facet normal 0.05233595691331668 -0.9986295347194412 0
outer loop
vertex -26.691537857055664 -15.071041107177734 2.200000047683716
vertex -12.610861778259277 -14.333104133605957 0
vertex -12.610861778259277 -14.333104133605957 2.200000047683716
endloop
endfacet
facet normal 0.0871557575866262 0.9961946967935038 0
outer loop
vertex -32.441505432128906 11.186016082763672 0
vertex -46.487850189208984 12.414912223815918 0
vertex -32.441505432128906 11.186016082763672 2.200000047683716
endloop
endfacet
facet normal -0.9986295348545228 -0.05233595433289977 5.513488514459854e-7
outer loop
vertex -12.9484281539917 -7.891943454742432 1.7000000476837158
vertex -12.762635231018066 -11.437078475952148 2.200000047683716
vertex -13.116037368774414 -4.693763732910156 2.200000047683716
endloop
endfacet
facet normal -0.25881896909009766 0.965925846656385 -5.336678556935651e-7
outer loop
vertex 44.74970245361328 26.97898292541504 2.200000047683716
vertex 31.130146026611328 23.329633712768555 0
vertex 36.85224914550781 24.86286735534668 2.200000047683716
endloop
endfacet
facet normal 0.9848077390764947 0.17364825670004838 -2.773109828857037e-7
outer loop
vertex 41.604068756103516 5.13920783996582 1.7000000476837158
vertex 40.98761749267578 8.635275840759277 2.200000047683716
vertex 43.436058044433594 -5.250514030456543 2.200000047683716
endloop
endfacet
facet normal 1 0 0
outer loop
vertex -24.059749603271484 29.67408561706543 2.200000047683716
vertex -24.059749603271484 33.22408676147461 1.7000000476837158
vertex -24.059749603271484 40.22408676147461 1.7000000476837158
endloop
endfacet
facet normal -0.17364827983310435 0.9848077349975496 0
outer loop
vertex 60.12451171875 -19.530738830566406 0
vertex 46.23872375488281 -21.97917938232422 0
vertex 60.12451171875 -19.530738830566406 2.200000047683716
endloop
endfacet
facet normal -0.9986295307905354 -0.052336031881248135 0
outer loop
vertex -12.9484281539917 -7.891943454742432 1.7000000476837158
vertex -12.9484281539917 -7.891943454742432 0
vertex -12.762635231018066 -11.437078475952148 2.200000047683716
endloop
endfacet
facet normal 0.05233575102470403 -0.9986295455095849 0
outer loop
vertex -8.748885154724121 -34.018577575683594 2.200000047683716
vertex -8.748885154724121 -34.018577575683594 0
vertex 5.331791877746582 -33.280643463134766 0
endloop
endfacet
facet normal 0.9986295447273423 0.052335765950836596 0
outer loop
vertex -10.342514991760254 -3.610309600830078 1.7000000476837158
vertex -10.342514991760254 -3.610309600830078 0
vertex -10.52830696105957 -0.06517471373081207 2.200000047683716
endloop
endfacet
facet normal 0.9961947088485189 -0.08715561979708725 0
outer loop
vertex -65.33622741699219 -7.969913482666016 1.7000000476837158
vertex -65.6456298828125 -11.506404876708984 2.200000047683716
vertex -65.6456298828125 -11.506404876708984 0
endloop
endfacet
facet normal 0.9961946902446007 -0.08715583243355368 0.0000011305929479651972
outer loop
vertex -46.487850189208984 12.414912223815918 2.200000047683716
vertex -45.568355560302734 22.924766540527344 1.7000000476837158
vertex -45.900333404541016 19.130252838134766 2.200000047683716
endloop
endfacet
facet normal 0.9986295311584468 0.05233602486109069 0
outer loop
vertex -8.563092231750488 -37.56371307373047 1.7000000476837158
vertex -8.563092231750488 -37.56371307373047 0
vertex -8.748885154724121 -34.018577575683594 2.200000047683716
endloop
endfacet
facet normal 0.08715581190875701 0.9961946920408696 -3.4948538840699905e-7
outer loop
vertex -51.59928512573242 -12.73530101776123 2.200000047683716
vertex -65.6456298828125 -11.506404876708984 0
vertex -57.41028594970703 -12.226903915405273 2.200000047683716
endloop
endfacet
facet normal 0.9848077539593707 0.17364817229530405 0
outer loop
vertex 46.23872375488281 -21.97917938232422 0
vertex 45.62227249145508 -18.483110427856445 1.7000000476837158
vertex 46.23872375488281 -21.97917938232422 2.200000047683716
endloop
endfacet
facet normal -0.9848077539593707 -0.17364817229530405 0
outer loop
vertex 25.084945678710938 -17.546232223510742 0
vertex 25.701396942138672 -21.042301177978516 0
vertex 25.701396942138672 -21.042301177978516 2.200000047683716
endloop
endfacet
facet normal 1 0 0
outer loop
vertex -41.059749603271484 33.22408676147461 1.7000000476837158
vertex -41.059749603271484 29.67408561706543 0
vertex -41.059749603271484 33.22408676147461 0
endloop
endfacet
facet normal 0.08715569046392224 0.9961947026659783 0
outer loop
vertex -35.40480041503906 -22.684602737426758 0
vertex -49.45114517211914 -21.455707550048828 0
vertex -35.40480041503906 -22.684602737426758 2.200000047683716
endloop
endfacet
facet normal 0.9961946737682078 -0.08715602071967934 -0.000002857426462781878
outer loop
vertex -49.45114517211914 -21.455707550048828 2.200000047683716
vertex -49.14174270629883 -17.91921615600586 1.7000000476837158
vertex -48.53165054321289 -10.945853233337402 1.7000000476837158
endloop
endfacet
facet normal -0.996194708848519 0.08715561979708725 0
outer loop
vertex -47.4070930480957 35.181663513183594 0
vertex -47.716495513916016 31.645172119140625 0
vertex -47.716495513916016 31.645172119140625 1.7000000476837158
endloop
endfacet
facet normal 0.9848077458588644 0.17364821823555313 0
outer loop
vertex 9.98361873626709 -13.101017951965332 1.7000000476837158
vertex 9.98361873626709 -13.101017951965332 0
vertex 9.367167472839355 -9.604949951171875 2.200000047683716
endloop
endfacet
facet normal 0.965925216745014 0.2588213151167103 0.000049973534265498417
outer loop
vertex 31.130146026611328 23.329633712768555 2.200000047683716
vertex 28.39960479736328 33.5201530456543 1.7000000476837158
vertex 31.09665870666504 23.454608917236328 2.200000047683716
endloop
endfacet
facet normal -0.9986295374427753 -0.05233590494898046 0
outer loop
vertex 4.104513645172119 -9.86277961730957 1.7000000476837158
vertex 4.104513645172119 -9.86277961730957 0
vertex 4.290306091308594 -13.407914161682129 2.200000047683716
endloop
endfacet
facet normal 0.17364818905905255 -0.9848077510034694 0
outer loop
vertex 18.024503707885742 9.18382453918457 2.200000047683716
vertex 20.30093765258789 9.585221290588379 0
vertex 20.30093765258789 9.585221290588379 2.200000047683716
endloop
endfacet
facet normal 0.9961946917750137 -0.08715581493839164 0.000001307677994151536
outer loop
vertex -49.36631393432617 -20.486083984375 2.200000047683716
vertex -48.53165054321289 -10.945853233337402 1.7000000476837158
vertex -48.22224807739258 -7.409362316131592 2.200000047683716
endloop
endfacet
facet normal 0.9659258557132943 0.25881893528610117 -0.0000013817095599316603
outer loop
vertex 28.39960479736328 33.5201530456543 1.7000000476837158
vertex 27.480798721313477 36.949188232421875 2.200000047683716
vertex 31.09665870666504 23.454608917236328 2.200000047683716
endloop
endfacet
facet normal 0.9848077377583516 0.1736482641758261 0
outer loop
vertex 22.666324615478516 12.870882034301758 0
vertex 22.04987335205078 16.3669490814209 0
vertex 22.04987335205078 16.3669490814209 2.200000047683716
endloop
endfacet
facet normal 0.17364818143761704 -0.9848077523473342 0
outer loop
vertex 43.790283203125 -8.093389511108398 2.200000047683716
vertex 43.790283203125 -8.093389511108398 0
vertex 57.67607116699219 -5.6449503898620605 0
endloop
endfacet
facet normal 0.9659258077528968 0.25881911428044424 0
outer loop
vertex 13.211338996887207 22.508670806884766 1.7000000476837158
vertex 14.130146980285645 19.079633712768555 2.200000047683716
vertex 14.130146980285645 19.079633712768555 0
endloop
endfacet
facet normal 0.2588190833384205 -0.965925816043789 0
outer loop
vertex 27.480798721313477 36.949188232421875 2.200000047683716
vertex 41.1003532409668 40.59853744506836 0
vertex 41.1003532409668 40.59853744506836 2.200000047683716
endloop
endfacet
facet normal 0 1 0
outer loop
vertex 7.040249347686768 29.67408561706543 0
vertex -7.059750556945801 29.67408561706543 0
vertex 7.040249347686768 29.67408561706543 2.200000047683716
endloop
endfacet
facet normal 0.9659258215827193 0.2588190626665756 3.793856428959988e-7
outer loop
vertex 14.096659660339355 19.204608917236328 2.200000047683716
vertex 11.399605751037598 29.270151138305664 1.7000000476837158
vertex 10.48079776763916 32.699188232421875 2.200000047683716
endloop
endfacet
facet normal 0.9848077438337368 0.17364822972061913 0
outer loop
vertex 6.415148735046387 7.136781692504883 0
vertex 6.415148735046387 7.136781692504883 2.200000047683716
vertex 7.031599998474121 3.640713930130005 0
endloop
endfacet
facet normal 0.9986295282151517 0.05233608102240296 0
outer loop
vertex -25.61603355407715 -35.59287643432617 1.7000000476837158
vertex -25.61603355407715 -35.59287643432617 0
vertex -25.80182647705078 -32.04774475097656 2.200000047683716
endloop
endfacet
facet normal -0.9848077458588644 -0.17364821823555313 0
outer loop
vertex 35.93566131591797 18.81538963317871 0
vertex 36.5521125793457 15.319321632385254 0
vertex 36.5521125793457 15.319321632385254 1.7000000476837158
endloop
endfacet
facet normal -1 0 0
outer loop
vertex -9.959750175476074 26.774085998535156 0
vertex -9.959750175476074 23.224084854125977 0
vertex -9.959750175476074 23.224084854125977 1.7000000476837158
endloop
endfacet
facet normal 1 0 0
outer loop
vertex -24.059749603271484 29.67408561706543 2.200000047683716
vertex -24.059749603271484 40.22408676147461 1.7000000476837158
vertex -24.059749603271484 43.774085998535156 2.200000047683716
endloop
endfacet
facet normal 0.9986295330824264 0.05233598814522279 -6.6192258840683e-7
outer loop
vertex -8.90065860748291 -31.1225528717041 2.200000047683716
vertex -9.452803611755371 -20.587011337280273 1.7000000476837158
vertex -9.633844375610352 -17.132543563842773 2.200000047683716
endloop
endfacet
facet normal -1 0 0
outer loop
vertex -9.959750175476074 33.22408676147461 0
vertex -9.959750175476074 29.67408561706543 2.200000047683716
vertex -9.959750175476074 33.22408676147461 1.7000000476837158
endloop
endfacet
facet normal -1 0 0
outer loop
vertex -9.959750175476074 40.22408676147461 1.7000000476837158
vertex -9.959750175476074 43.774085998535156 2.200000047683716
vertex -9.959750175476074 43.774085998535156 0
endloop
endfacet
facet normal 0.9848077836986043 0.17364800363563884 0
outer loop
vertex 12.31918716430664 -26.346681594848633 2.200000047683716
vertex 12.935637474060059 -29.842748641967773 0
vertex 12.31918716430664 -26.346681594848633 0
endloop
endfacet
facet normal 0.9659257745759188 0.2588192380577638 0.000004594554996077809
outer loop
vertex 31.130146026611328 23.329633712768555 2.200000047683716
vertex 30.211339950561523 26.758670806884766 1.7000000476837158
vertex 28.39960479736328 33.5201530456543 1.7000000476837158
endloop
endfacet
facet normal -0.9848077418086089 -0.17364824120568662 0
outer loop
vertex 23.25295639038086 -7.156510829925537 0
vertex 23.869407653808594 -10.652578353881836 0
vertex 23.869407653808594 -10.652578353881836 1.7000000476837158
endloop
endfacet
facet normal 0.9848077458588644 0.17364821823555313 0
outer loop
vertex 26.833881378173828 -10.764503479003906 1.7000000476837158
vertex 27.450332641601562 -14.260571479797363 2.200000047683716
vertex 27.450332641601562 -14.260571479797363 0
endloop
endfacet
facet normal -0.1736482142361134 0.9848077465640738 0
outer loop
vertex 41.33612060546875 -11.812131881713867 0
vertex 27.450332641601562 -14.260571479797363 0
vertex 41.33612060546875 -11.812131881713867 2.200000047683716
endloop
endfacet
facet normal -0.2588192007735373 0.9659257845771316 0
outer loop
vertex 14.130146980285645 19.079633712768555 2.200000047683716
vertex 19.852249145507812 20.61286735534668 2.200000047683716
vertex 14.130146980285645 19.079633712768555 0
endloop
endfacet
facet normal -0.9848077380567368 -0.17364826248330797 -3.1900558255141454e-7
outer loop
vertex 41.33612060546875 -11.812131881713867 2.200000047683716
vertex 38.88768005371094 2.073657512664795 2.200000047683716
vertex 40.719669342041016 -8.31606388092041 1.7000000476837158
endloop
endfacet
facet normal 0.08715571529652942 0.9961947004934079 0
outer loop
vertex -64.16398620605469 5.428905010223389 0
vertex -64.16398620605469 5.428905010223389 2.200000047683716
vertex -55.9189567565918 4.707558631896973 2.200000047683716
endloop
endfacet
facet normal 0.9848077390764947 0.17364825670004838 -2.773109828857037e-7
outer loop
vertex 46.23872375488281 -21.97917938232422 2.200000047683716
vertex 44.406734466552734 -11.589457511901855 1.7000000476837158
vertex 43.790283203125 -8.093389511108398 2.200000047683716
endloop
endfacet
facet normal 0.996194707828208 -0.08715563145931184 0
outer loop
vertex -48.53165054321289 -10.945853233337402 0
vertex -48.22224807739258 -7.409362316131592 0
vertex -48.22224807739258 -7.409362316131592 2.200000047683716
endloop
endfacet
facet normal -0.1736482142361134 0.9848077465640738 0
outer loop
vertex 43.436058044433594 -5.250514030456543 0
vertex 43.436058044433594 -5.250514030456543 2.200000047683716
vertex 57.32184600830078 -2.802074432373047 2.200000047683716
endloop
endfacet
facet normal 0.9848077458588644 0.17364821823555313 0
outer loop
vertex 44.406734466552734 -11.589457511901855 1.7000000476837158
vertex 44.406734466552734 -11.589457511901855 0
vertex 43.790283203125 -8.093389511108398 2.200000047683716
endloop
endfacet
facet normal -0.17364812856903472 0.9848077616694906 0
outer loop
vertex 14.76762580871582 -40.23247146606445 2.200000047683716
vertex 23.421836853027344 -38.70650100708008 2.200000047683716
vertex 14.76762580871582 -40.23247146606445 0
endloop
endfacet
facet normal -0.7660443886040085 -0.6427876746549446 0
outer loop
vertex 56.10921096801758 52.94635009765625 0
vertex 58.39110565185547 50.22689437866211 1.7000000476837158
vertex 56.10921096801758 52.94635009765625 2.200000047683716
endloop
endfacet
facet normal -0.9848077321652231 -0.17364829570839935 0.000008072070328240125
outer loop
vertex 41.83970260620117 -14.668074607849121 2.200000047683716
vertex 42.45615005493164 -18.164142608642578 1.7000000476837158
vertex 43.671688079833984 -25.057796478271484 1.7000000476837158
endloop
endfacet
facet normal -0.9848077428211729 -0.17364823546315267 0
outer loop
vertex 22.13292694091797 -0.804500937461853 0
vertex 22.749378204345703 -4.300568580627441 0
vertex 22.749378204345703 -4.300568580627441 2.200000047683716
endloop
endfacet
facet normal -0.9986295335458149 -0.05233597930473538 5.316699081165976e-7
outer loop
vertex 5.9855523109436035 -45.7551383972168 1.7000000476837158
vertex 6.011231422424316 -46.24512481689453 1.7000000476837158
vertex 6.069728851318359 -47.3613166809082 2.200000047683716
endloop
endfacet
facet normal -0.052335889462098106 0.9986295382544075 0
outer loop
vertex -8.90065860748291 -31.1225528717041 2.200000047683716
vertex 5.180017471313477 -30.38461685180664 2.200000047683716
vertex -8.90065860748291 -31.1225528717041 0
endloop
endfacet
facet normal 0.9848077377583516 0.1736482641758261 0
outer loop
vertex 29.785900115966797 -27.506235122680664 1.7000000476837158
vertex 30.40235137939453 -31.002302169799805 2.200000047683716
vertex 30.40235137939453 -31.002302169799805 0
endloop
endfacet
facet normal -0.1736481517140117 0.9848077575883235 -4.0689128960535674e-7
outer loop
vertex 35.830345153808594 -12.78294849395752 2.200000047683716
vertex 41.33612060546875 -11.812131881713867 2.200000047683716
vertex 27.450332641601562 -14.260571479797363 0
endloop
endfacet
facet normal -0.9848077377583517 -0.1736482641758261 0
outer loop
vertex 59.508060455322266 -16.034671783447266 1.7000000476837158
vertex 59.508060455322266 -16.034671783447266 0
vertex 60.12451171875 -19.530738830566406 2.200000047683716
endloop
endfacet
facet normal -0.9986295076191134 -0.052336473982031374 -0.0000018802901952176234
outer loop
vertex 5.927631378173828 -44.64994430541992 1.7000000476837158
vertex 5.93630838394165 -44.81550979614258 1.7000000476837158
vertex 6.069728851318359 -47.3613166809082 2.200000047683716
endloop
endfacet
facet normal -0.08715560825452098 -0.9961947098582208 5.289000360554858e-7
outer loop
vertex -62.93508529663086 19.475250244140625 2.200000047683716
vertex -48.88874053955078 18.246355056762695 0
vertex -60.844444274902344 19.292343139648438 2.200000047683716
endloop
endfacet
facet normal 0.9848077414938813 0.1736482429905271 1.527359952399644e-7
outer loop
vertex 29.028812408447266 -23.212581634521484 2.200000047683716
vertex 28.570362091064453 -20.612581253051758 1.7000000476837158
vertex 27.95391082763672 -17.116514205932617 2.200000047683716
endloop
endfacet
facet normal -0.9961947083383634 0.08715562562819915 0
outer loop
vertex -50.37038803100586 1.311044454574585 0
vertex -50.67979049682617 -2.2254467010498047 0
vertex -50.67979049682617 -2.2254467010498047 1.7000000476837158
endloop
endfacet
facet normal 0.996194708848519 -0.08715561979708725 0
outer loop
vertex -45.568355560302734 22.924766540527344 1.7000000476837158
vertex -45.568355560302734 22.924766540527344 0
vertex -45.25895309448242 26.461257934570312 2.200000047683716
endloop
endfacet
facet normal -1 0 0
outer loop
vertex 7.040249347686768 33.22408676147461 1.7000000476837158
vertex 7.040249347686768 33.22408676147461 0
vertex 7.040249347686768 29.67408561706543 2.200000047683716
endloop
endfacet
facet normal 1 0 0
outer loop
vertex -24.059749603271484 16.224084854125977 0
vertex -24.059749603271484 16.224084854125977 1.7000000476837158
vertex -24.059749603271484 12.67408561706543 0
endloop
endfacet
facet normal 0.9986295376978027 0.05233590006694915 0.0000012865454440560458
outer loop
vertex -25.06389045715332 -46.12841796875 2.200000047683716
vertex -25.61603355407715 -35.59287643432617 1.7000000476837158
vertex -25.80182647705078 -32.04774475097656 2.200000047683716
endloop
endfacet
facet normal 0.25881910024754234 -0.9659258115130026 0
outer loop
vertex 10.48079776763916 32.699188232421875 2.200000047683716
vertex 10.48079776763916 32.699188232421875 0
vertex 24.100351333618164 36.34853744506836 0
endloop
endfacet
facet normal -0.17364815030542877 0.9848077578367785 1.0844271363175515e-8
outer loop
vertex 44.28813934326172 -28.553863525390625 2.200000047683716
vertex 30.40235137939453 -31.002302169799805 0
vertex 32.015193939208984 -30.717914581298828 2.200000047683716
endloop
endfacet
facet normal 0.9986295347851107 0.05233595564288977 -0.0000013486622046289275
outer loop
vertex -9.790369987487793 -14.145851135253906 2.200000047683716
vertex -10.342514991760254 -3.610309600830078 1.7000000476837158
vertex -10.52830696105957 -0.06517471373081207 2.200000047683716
endloop
endfacet
facet normal 0.9961947088485189 -0.08715561979708725 0
outer loop
vertex -45.568355560302734 22.924766540527344 0
vertex -45.25895309448242 26.461257934570312 0
vertex -45.25895309448242 26.461257934570312 2.200000047683716
endloop
endfacet
facet normal -0.996194708848519 0.08715561979708725 0
outer loop
vertex -51.28988265991211 -9.198809623718262 1.7000000476837158
vertex -51.28988265991211 -9.198809623718262 0
vertex -51.59928512573242 -12.73530101776123 2.200000047683716
endloop
endfacet
facet normal -0.9961947088485189 0.08715561979708725 0
outer loop
vertex -48.32658767700195 24.671810150146484 0
vertex -48.635990142822266 21.135318756103516 0
vertex -48.635990142822266 21.135318756103516 2.200000047683716
endloop
endfacet
facet normal -0.984807741808609 -0.17364824120568664 0
outer loop
vertex 58.29252243041992 -9.14101791381836 1.7000000476837158
vertex 57.67607116699219 -5.6449503898620605 2.200000047683716
vertex 57.67607116699219 -5.6449503898620605 0
endloop
endfacet
facet normal 0.9961947078282078 -0.08715563145931184 0
outer loop
vertex -47.05000305175781 5.989456653594971 1.7000000476837158
vertex -47.05000305175781 5.989456653594971 0
vertex -46.7406005859375 9.525947570800781 2.200000047683716
endloop
endfacet
facet normal 0.998629532544832 0.05233599840697775 1.8808199074381141e-7
outer loop
vertex -8.389758110046387 -40.871124267578125 2.200000047683716
vertex -8.563092231750488 -37.56371307373047 1.7000000476837158
vertex -8.748885154724121 -34.018577575683594 2.200000047683716
endloop
endfacet
facet normal 1 0 0
outer loop
vertex -24.059749603271484 29.67408561706543 0
vertex -24.059749603271484 33.22408676147461 1.7000000476837158
vertex -24.059749603271484 29.67408561706543 2.200000047683716
endloop
endfacet
facet normal -0.9986295347888489 -0.05233595558770009 -3.6002830747648745e-7
outer loop
vertex 4.104513645172119 -9.86277961730957 1.7000000476837158
vertex 4.290306091308594 -13.407914161682129 2.200000047683716
vertex 3.5523691177368164 0.6727622747421265 2.200000047683716
endloop
endfacet
facet normal 0.9986295296868004 0.05233605294173178 0
outer loop
vertex -9.086451530456543 -27.57741928100586 0
vertex -9.086451530456543 -27.57741928100586 1.7000000476837158
vertex -8.90065860748291 -31.1225528717041 0
endloop
endfacet
facet normal -0.17364812938853763 0.9848077615249722 -1.8818447131337188e-7
outer loop
vertex 22.749378204345703 -4.300568580627441 2.200000047683716
vertex 8.863588333129883 -6.749007701873779 0
vertex 18.78326416015625 -4.999901294708252 2.200000047683716
endloop
endfacet
facet normal -0.7660443886040085 -0.6427876746549446 0
outer loop
vertex 58.39110565185547 50.22689437866211 0
vertex 58.39110565185547 50.22689437866211 1.7000000476837158
vertex 56.10921096801758 52.94635009765625 0
endloop
endfacet
facet normal 0.9848077570410642 0.17364815481797005 -2.506063956657025e-7
outer loop
vertex 13.047911643981934 -30.4794864654541 2.200000047683716
vertex 14.76762580871582 -40.23247146606445 2.200000047683716
vertex 12.935637474060059 -29.842748641967773 1.7000000476837158
endloop
endfacet
facet normal 0.9659259420731264 0.2588186129901465 0
outer loop
vertex 30.211339950561523 26.758670806884766 1.7000000476837158
vertex 31.130146026611328 23.329633712768555 2.200000047683716
vertex 31.130146026611328 23.329633712768555 0
endloop
endfacet
facet normal 0.9848077596033088 0.1736481402846397 -8.931964911454135e-7
outer loop
vertex 11.815607070922852 -23.490739822387695 2.200000047683716
vertex 11.199155807495117 -19.994672775268555 1.7000000476837158
vertex 9.98361873626709 -13.101017951965332 1.7000000476837158
endloop
endfacet
facet normal 0.9986295260389956 0.052336122542001484 -6.320969244343023e-7
outer loop
vertex -27.251028060913086 -4.3953142166137695 2.200000047683716
vertex -27.395456314086914 -1.639473795890808 1.7000000476837158
vertex -27.581249237060547 1.9056611061096191 2.200000047683716
endloop
endfacet
facet normal -0.9986295361798562 -0.05233592904622924 -2.7114812254067665e-7
outer loop
vertex 4.994225025177002 -26.839481353759766 1.7000000476837158
vertex 5.180017471313477 -30.38461685180664 2.200000047683716
vertex 4.927574157714844 -25.56770896911621 2.200000047683716
endloop
endfacet
facet normal -0.9659258077528968 -0.25881911428044424 0
outer loop
vertex 26.83089256286621 26.15802001953125 1.7000000476837158
vertex 26.83089256286621 26.15802001953125 0
vertex 27.74970054626465 22.72898292541504 2.200000047683716
endloop
endfacet
facet normal 0.052336024364534536 -0.9986295311844703 0
outer loop
vertex 4.442080497741699 -16.303939819335938 2.200000047683716
vertex -9.638595581054688 -17.04187774658203 2.200000047683716
vertex 4.442080497741699 -16.303939819335938 0
endloop
endfacet
facet normal 0 -1 0
outer loop
vertex -24.059749603271484 43.774085998535156 2.200000047683716
vertex -24.059749603271484 43.774085998535156 0
vertex -9.959750175476074 43.774085998535156 0
endloop
endfacet
facet normal -0.9986295381785943 -0.05233589090869941 0
outer loop
vertex 4.442080497741699 -16.303939819335938 0
vertex 4.627872943878174 -19.849075317382812 0
vertex 4.627872943878174 -19.849075317382812 1.7000000476837158
endloop
endfacet
facet normal 0.17364827983310435 -0.9848077349975496 0
outer loop
vertex 22.04987335205078 16.3669490814209 2.200000047683716
vertex 22.04987335205078 16.3669490814209 0
vertex 35.93566131591797 18.81538963317871 0
endloop
endfacet
facet normal 0 1 0
outer loop
vertex -7.059750556945801 29.67408561706543 0
vertex -7.059750556945801 29.67408561706543 2.200000047683716
vertex 7.040249347686768 29.67408561706543 2.200000047683716
endloop
endfacet
facet normal -0.9848078296387923 -0.1736477430954151 0
outer loop
vertex 26.821426391601562 -27.394309997558594 1.7000000476837158
vertex 26.20497703552246 -23.898242950439453 2.200000047683716
vertex 26.20497703552246 -23.898242950439453 0
endloop
endfacet
facet normal -0.9961947088485189 0.08715561979708725 0
outer loop
vertex -47.716495513916016 31.645172119140625 1.7000000476837158
vertex -47.4070930480957 35.181663513183594 2.200000047683716
vertex -47.4070930480957 35.181663513183594 0
endloop
endfacet
facet normal -0.9777053211564981 -0.1944833176992992 -0.07917413794252737
outer loop
vertex 5.9497575759887695 -44.883121490478516 0
vertex 5.9855523109436035 -45.7551383972168 1.7000000476837158
vertex 5.93630838394165 -44.81550979614258 0
endloop
endfacet
facet normal 0.7660443886040085 0.6427876746549446 0
outer loop
vertex 47.58987808227539 41.16358947753906 0
vertex 45.3079833984375 43.8830451965332 0
vertex 47.58987808227539 41.16358947753906 1.7000000476837158
endloop
endfacet
facet normal -0.087155889915467 -0.9961946852162197 0
outer loop
vertex -51.959110260009766 35.57991409301758 2.200000047683716
vertex -47.4070930480957 35.181663513183594 0
vertex -47.4070930480957 35.181663513183594 2.200000047683716
endloop
endfacet
facet normal 0.9961946748033403 -0.08715600889082117 -0.0000027731206074534867
outer loop
vertex -62.682334899902344 22.364213943481445 2.200000047683716
vertex -62.37293243408203 25.900705337524414 1.7000000476837158
vertex -61.762840270996094 32.87406921386719 1.7000000476837158
endloop
endfacet
facet normal -0.17364825670005504 0.9848077390765325 0
outer loop
vertex 28.65341567993164 -37.78403091430664 0
vertex 14.76762580871582 -40.23247146606445 0
vertex 28.65341567993164 -37.78403091430664 2.200000047683716
endloop
endfacet
facet normal -0.9848077329545127 -0.17364829141910787 4.6656257151742265e-7
outer loop
vertex 35.93566131591797 18.81538963317871 2.200000047683716
vertex 37.76765060424805 8.425667762756348 1.7000000476837158
vertex 37.590084075927734 9.432698249816895 2.200000047683716
endloop
endfacet
facet normal -0.9961946737684408 0.08715602071969973 -0.000002774308004301998
outer loop
vertex -32.69425582885742 8.297051429748535 2.200000047683716
vertex -33.003658294677734 4.760560512542725 1.7000000476837158
vertex -33.61375045776367 -2.2128024101257324 1.7000000476837158
endloop
endfacet
facet normal -0.996194708848519 0.08715561979708725 0
outer loop
vertex -35.09539794921875 -19.14811134338379 1.7000000476837158
vertex -35.09539794921875 -19.14811134338379 0
vertex -35.40480041503906 -22.684602737426758 2.200000047683716
endloop
endfacet
facet normal 0 1 0
outer loop
vertex -26.95975112915039 29.67408561706543 2.200000047683716
vertex -41.059749603271484 29.67408561706543 0
vertex -41.059749603271484 29.67408561706543 2.200000047683716
endloop
endfacet
facet normal -0.965925843743906 -0.25881897996017056 0
outer loop
vertex 41.1003532409668 40.59853744506836 0
vertex 42.019161224365234 37.169498443603516 0
vertex 42.019161224365234 37.169498443603516 1.7000000476837158
endloop
endfacet
facet normal 0.9848077420617498 0.1736482397700531 0
outer loop
vertex 25.618343353271484 -3.870849370956421 0
vertex 25.00189208984375 -0.3747818171977997 2.200000047683716
vertex 25.618343353271484 -3.870849370956421 1.7000000476837158
endloop
endfacet
facet normal -0.08715574080595033 -0.9961946982616229 0
outer loop
vertex -64.41673278808594 2.539940357208252 2.200000047683716
vertex -50.37038803100586 1.311044454574585 0
vertex -50.37038803100586 1.311044454574585 2.200000047683716
endloop
endfacet
facet normal 0.766044459293829 0.6427875904074056 0.0000018618213579081438
outer loop
vertex 54.37128829956055 33.081817626953125 2.200000047683716
vertex 47.58987808227539 41.16358947753906 1.7000000476837158
vertex 47.435455322265625 41.34762191772461 2.200000047683716
endloop
endfacet
facet normal -0.9961946155501727 0.08715668619700666 0
outer loop
vertex -32.13209915161133 14.72250747680664 1.7000000476837158
vertex -32.13209915161133 14.72250747680664 0
vertex -32.441505432128906 11.186016082763672 2.200000047683716
endloop
endfacet
facet normal -0.9961947200523533 0.08715549173161904 9.127378402548783e-7
outer loop
vertex -31.212608337402344 25.23236083984375 2.200000047683716
vertex -31.522010803222656 21.69586944580078 1.7000000476837158
vertex -32.13209915161133 14.72250747680664 1.7000000476837158
endloop
endfacet
facet normal 0.08715576081619505 0.9961946965109384 -1.7190168878187015e-7
outer loop
vertex -50.117637634277344 4.200008869171143 2.200000047683716
vertex -64.16398620605469 5.428905010223389 0
vertex -55.9189567565918 4.707558631896973 2.200000047683716
endloop
endfacet
facet normal -0.9961946774221276 0.08715597896455644 0.0000025598321335674363
outer loop
vertex -35.09539794921875 -19.14811134338379 1.7000000476837158
vertex -35.40480041503906 -22.684602737426758 2.200000047683716
vertex -34.93264389038086 -17.287843704223633 2.200000047683716
endloop
endfacet
facet normal -0.9659258077528968 -0.25881911428044424 0
outer loop
vertex 43.830894470214844 30.40802001953125 1.7000000476837158
vertex 43.830894470214844 30.40802001953125 0
vertex 44.74970245361328 26.97898292541504 2.200000047683716
endloop
endfacet
facet normal -0.08715575088984673 -0.9961946973793963 0
outer loop
vertex -39.37436294555664 -8.183451652526855 2.200000047683716
vertex -34.1759033203125 -8.63825798034668 0
vertex -34.1759033203125 -8.63825798034668 2.200000047683716
endloop
endfacet
facet normal -0.9961947078282078 0.08715563145931184 0
outer loop
vertex -33.61375045776367 -2.2128024101257324 1.7000000476837158
vertex -33.61375045776367 -2.2128024101257324 0
vertex -33.923152923583984 -5.749293327331543 2.200000047683716
endloop
endfacet
facet normal -0.05233595691331668 0.9986295347194412 0
outer loop
vertex -12.762635231018066 -11.437078475952148 2.200000047683716
vertex -26.843311309814453 -12.175015449523926 0
vertex -26.843311309814453 -12.175015449523926 2.200000047683716
endloop
endfacet
facet normal -0.9961946993352817 0.08715572846373969 0.000003498962169107034
outer loop
vertex -34.1759033203125 -8.63825798034668 2.200000047683716
vertex -35.09539794921875 -19.14811134338379 1.7000000476837158
vertex -34.93264389038086 -17.287843704223633 2.200000047683716
endloop
endfacet
facet normal 0.08715574750637235 0.9961946976754097 6.485204019930908e-8
outer loop
vertex -46.487850189208984 12.414912223815918 0
vertex -39.72556686401367 11.823288917541504 2.200000047683716
vertex -32.441505432128906 11.186016082763672 2.200000047683716
endloop
endfacet
facet normal 0.9986295355180744 0.052335941649042 -0.0000016318592771460829
outer loop
vertex -26.843311309814453 -12.175015449523926 2.200000047683716
vertex -27.395456314086914 -1.639473795890808 1.7000000476837158
vertex -27.251028060913086 -4.3953142166137695 2.200000047683716
endloop
endfacet
facet normal 0.9986295282151517 0.05233608102240297 0
outer loop
vertex -25.61603355407715 -35.59287643432617 0
vertex -25.80182647705078 -32.04774475097656 0
vertex -25.80182647705078 -32.04774475097656 2.200000047683716
endloop
endfacet
facet normal 0.9986295437270928 0.05233578503680346 0
outer loop
vertex -9.452803611755371 -20.587011337280273 0
vertex -9.638595581054688 -17.04187774658203 0
vertex -9.638595581054688 -17.04187774658203 2.200000047683716
endloop
endfacet
facet normal -1 0 0
outer loop
vertex -9.959750175476074 26.774085998535156 2.200000047683716
vertex -9.959750175476074 16.224084854125977 1.7000000476837158
vertex -9.959750175476074 12.67408561706543 2.200000047683716
endloop
endfacet
facet normal -0.9961946155501727 0.08715668619700666 0
outer loop
vertex -32.13209915161133 14.72250747680664 0
vertex -32.441505432128906 11.186016082763672 0
vertex -32.441505432128906 11.186016082763672 2.200000047683716
endloop
endfacet
facet normal 0.9986295323303025 0.05233600249954789 -3.586308489232711e-7
outer loop
vertex -8.90065860748291 -31.1225528717041 2.200000047683716
vertex -9.086451530456543 -27.57741928100586 1.7000000476837158
vertex -9.452803611755371 -20.587011337280273 1.7000000476837158
endloop
endfacet
facet normal -0.998629545198724 -0.05233575695630532 0
outer loop
vertex -12.058716773986816 -24.86864471435547 1.7000000476837158
vertex -12.058716773986816 -24.86864471435547 0
vertex -11.8729248046875 -28.413780212402344 2.200000047683716
endloop
endfacet
facet normal 0.9848077836986043 0.17364800363563884 0
outer loop
vertex 14.151175498962402 -36.73640441894531 1.7000000476837158
vertex 14.76762580871582 -40.23247146606445 2.200000047683716
vertex 14.76762580871582 -40.23247146606445 0
endloop
endfacet
facet normal -0.05233595691331668 0.9986295347194412 0
outer loop
vertex 4.290306091308594 -13.407914161682129 2.200000047683716
vertex -9.790369987487793 -14.145851135253906 0
vertex -9.790369987487793 -14.145851135253906 2.200000047683716
endloop
endfacet
facet normal 0.9986295296868005 0.05233605294173178 0
outer loop
vertex -9.086451530456543 -27.57741928100586 1.7000000476837158
vertex -8.90065860748291 -31.1225528717041 2.200000047683716
vertex -8.90065860748291 -31.1225528717041 0
endloop
endfacet
facet normal -0.9986295318157279 -0.05233601229007977 0.000001752969173303205
outer loop
vertex -13.314780235290527 -0.9015368223190308 1.7000000476837158
vertex -12.9484281539917 -7.891943454742432 1.7000000476837158
vertex -13.500572204589844 2.6435980796813965 2.200000047683716
endloop
endfacet
facet normal 1 0 0
outer loop
vertex -24.059749603271484 40.22408676147461 1.7000000476837158
vertex -24.059749603271484 40.22408676147461 0
vertex -24.059749603271484 43.774085998535156 2.200000047683716
endloop
endfacet
facet normal -1 0 0
outer loop
vertex -9.959750175476074 43.774085998535156 0
vertex -9.959750175476074 40.22408676147461 0
vertex -9.959750175476074 40.22408676147461 1.7000000476837158
endloop
endfacet
facet normal -0.984807734508116 -0.17364828260876825 1.3289282713149438e-7
outer loop
vertex 54.87340545654297 11.083714485168457 2.200000047683716
vertex 55.4898567199707 7.587647438049316 1.7000000476837158
vertex 56.70539474487305 0.6939930319786072 1.7000000476837158
endloop
endfacet
facet normal 0.9848077458588644 0.17364821823555313 0
outer loop
vertex 41.604068756103516 5.13920783996582 1.7000000476837158
vertex 41.604068756103516 5.13920783996582 0
vertex 40.98761749267578 8.635275840759277 2.200000047683716
endloop
endfacet
facet normal -1 0 0
outer loop
vertex -26.95975112915039 33.22408676147461 1.7000000476837158
vertex -26.95975112915039 29.67408561706543 2.200000047683716
vertex -26.95975112915039 43.774085998535156 2.200000047683716
endloop
endfacet
facet normal 0.996194708848519 -0.08715561979708725 0
outer loop
vertex -49.45114517211914 -21.455707550048828 0
vertex -49.14174270629883 -17.91921615600586 0
vertex -49.14174270629883 -17.91921615600586 1.7000000476837158
endloop
endfacet
facet normal -0.08715570483951425 -0.9961947014082776 0
outer loop
vertex -60.844444274902344 19.292343139648438 2.200000047683716
vertex -48.88874053955078 18.246355056762695 0
vertex -48.88874053955078 18.246355056762695 2.200000047683716
endloop
endfacet
facet normal 0.9848077321888281 0.17364829571256155 0.000004149723045577738
outer loop
vertex 24.49831199645996 2.4811606407165527 2.200000047683716
vertex 23.88186264038086 5.977228164672852 1.7000000476837158
vertex 22.666324615478516 12.870882034301758 1.7000000476837158
endloop
endfacet
facet normal 0.9986295304226239 0.05233603890140747 0
outer loop
vertex -9.976162910461426 -10.600716590881348 1.7000000476837158
vertex -9.790369987487793 -14.145851135253906 2.200000047683716
vertex -9.790369987487793 -14.145851135253906 0
endloop
endfacet
facet normal 0.9986295311584468 0.05233602486109069 0
outer loop
vertex -8.563092231750488 -37.56371307373047 0
vertex -8.748885154724121 -34.018577575683594 0
vertex -8.748885154724121 -34.018577575683594 2.200000047683716
endloop
endfacet
facet normal -0.9961946727330678 0.0871560325485401 -0.000002941732340994319
outer loop
vertex -47.4070930480957 35.181663513183594 2.200000047683716
vertex -47.716495513916016 31.645172119140625 1.7000000476837158
vertex -48.32658767700195 24.671810150146484 1.7000000476837158
endloop
endfacet
facet normal -0.9848077377583517 -0.1736482641758261 0
outer loop
vertex 43.671688079833984 -25.057796478271484 1.7000000476837158
vertex 43.671688079833984 -25.057796478271484 0
vertex 44.28813934326172 -28.553863525390625 2.200000047683716
endloop
endfacet
facet normal -0.9961946868659891 0.08715587105723259 4.787578720380798e-7
outer loop
vertex -47.4070930480957 35.181663513183594 2.200000047683716
vertex -48.32658767700195 24.671810150146484 1.7000000476837158
vertex -48.13448715209961 26.867523193359375 2.200000047683716
endloop
endfacet
facet normal -0.998629545198724 -0.05233575695630532 0
outer loop
vertex -11.169005393981934 -41.8453483581543 1.7000000476837158
vertex -11.169005393981934 -41.8453483581543 0
vertex -10.983213424682617 -45.39048385620117 2.200000047683716
endloop
endfacet
facet normal 0.9961946737682078 -0.08715602071967934 -0.000002857426462781878
outer loop
vertex -46.487850189208984 12.414912223815918 2.200000047683716
vertex -46.17844772338867 15.951403617858887 1.7000000476837158
vertex -45.568355560302734 22.924766540527344 1.7000000476837158
endloop
endfacet
facet normal -0.996194691690716 0.08715581590052314 0.0000013976535598830333
outer loop
vertex -48.88874053955078 18.246355056762695 2.200000047683716
vertex -49.80823516845703 7.736500263214111 1.7000000476837158
vertex -50.117637634277344 4.200008869171143 2.200000047683716
endloop
endfacet
facet normal -0.9848077458588644 -0.17364821823555313 0
outer loop
vertex 20.917388916015625 6.089153289794922 1.7000000476837158
vertex 20.30093765258789 9.585221290588379 2.200000047683716
vertex 20.30093765258789 9.585221290588379 0
endloop
endfacet
facet normal 0.998629545198724 0.05233575695630531 0
outer loop
vertex -8.19674015045166 -44.55411911010742 1.7000000476837158
vertex -8.010948181152344 -48.0992546081543 2.200000047683716
vertex -8.010948181152344 -48.0992546081543 0
endloop
endfacet
facet normal 0.9961946925235831 -0.08715580638187852 0.0000013298129680005976
outer loop
vertex -45.900333404541016 19.130252838134766 2.200000047683716
vertex -45.568355560302734 22.924766540527344 1.7000000476837158
vertex -45.25895309448242 26.461257934570312 2.200000047683716
endloop
endfacet
facet normal -0.9986295447388395 -0.05233576573145775 0
outer loop
vertex -13.500572204589844 2.6435980796813965 0
vertex -13.314780235290527 -0.9015368223190308 0
vertex -13.314780235290527 -0.9015368223190308 1.7000000476837158
endloop
endfacet
facet normal 0.08715571925598888 0.9961947001470001 0
outer loop
vertex -65.6456298828125 -11.506404876708984 0
vertex -65.6456298828125 -11.506404876708984 2.200000047683716
vertex -57.41028594970703 -12.226903915405273 2.200000047683716
endloop
endfacet
facet normal -0.9848077458588644 -0.17364821823555313 0
outer loop
vertex 37.76765060424805 8.425667762756348 0
vertex 38.38410186767578 4.929599761962891 2.200000047683716
vertex 37.76765060424805 8.425667762756348 1.7000000476837158
endloop
endfacet
facet normal 0.996194708848519 -0.08715561979708725 0
outer loop
vertex -62.37293243408203 25.900705337524414 0
vertex -62.37293243408203 25.900705337524414 1.7000000476837158
vertex -62.682334899902344 22.364213943481445 0
endloop
endfacet
facet normal 0.9848077539593707 0.17364817229530405 0
outer loop
vertex 45.62227249145508 -18.483110427856445 0
vertex 45.62227249145508 -18.483110427856445 1.7000000476837158
vertex 46.23872375488281 -21.97917938232422 0
endloop
endfacet
facet normal 0.9848077377583516 0.1736482641758261 0
outer loop
vertex 28.570362091064453 -20.612581253051758 0
vertex 27.95391082763672 -17.116514205932617 0
vertex 27.95391082763672 -17.116514205932617 2.200000047683716
endloop
endfacet
facet normal 0 -1 0
outer loop
vertex -7.059750556945801 43.774085998535156 2.200000047683716
vertex -7.059750556945801 43.774085998535156 0
vertex 7.040249347686768 43.774085998535156 0
endloop
endfacet
facet normal -0.1736481255060872 0.9848077622095707 0
outer loop
vertex 25.701396942138672 -21.042301177978516 0
vertex 11.815607070922852 -23.490739822387695 0
vertex 25.701396942138672 -21.042301177978516 2.200000047683716
endloop
endfacet
facet normal 0.17364819578695925 -0.9848077498171579 0
outer loop
vertex 25.00189208984375 -0.3747818171977997 2.200000047683716
vertex 38.88768005371094 2.073657512664795 0
vertex 38.88768005371094 2.073657512664795 2.200000047683716
endloop
endfacet
facet normal 0.17364819578695925 -0.9848077498171579 0
outer loop
vertex 38.88768005371094 2.073657512664795 0
vertex 25.00189208984375 -0.3747818171977997 2.200000047683716
vertex 25.00189208984375 -0.3747818171977997 0
endloop
endfacet
facet normal 0.1736481486391201 -0.9848077581305937 0
outer loop
vertex 40.98761749267578 8.635275840759277 2.200000047683716
vertex 40.98761749267578 8.635275840759277 0
vertex 54.87340545654297 11.083714485168457 0
endloop
endfacet
facet normal 0.9961946735094235 -0.08715602367689429 -0.000002878502930189608
outer loop
vertex -65.6456298828125 -11.506404876708984 2.200000047683716
vertex -65.33622741699219 -7.969913482666016 1.7000000476837158
vertex -64.72613525390625 -0.9965507984161377 1.7000000476837158
endloop
endfacet
facet normal -0.9986295352353144 -0.052335947069868737 0
outer loop
vertex 5.517584323883057 -36.825775146484375 1.7000000476837158
vertex 5.331791877746582 -33.280643463134766 2.200000047683716
vertex 5.331791877746582 -33.280643463134766 0
endloop
endfacet
facet normal 0.08715569046392224 0.9961947026659783 0
outer loop
vertex -35.40480041503906 -22.684602737426758 2.200000047683716
vertex -49.45114517211914 -21.455707550048828 0
vertex -49.45114517211914 -21.455707550048828 2.200000047683716
endloop
endfacet
facet normal -0.9848077458588644 -0.17364821823555313 0
outer loop
vertex 37.76765060424805 8.425667762756348 0
vertex 38.38410186767578 4.929599761962891 0
vertex 38.38410186767578 4.929599761962891 2.200000047683716
endloop
endfacet
facet normal -1 0 0
outer loop
vertex -26.95975112915039 43.774085998535156 0
vertex -26.95975112915039 40.22408676147461 0
vertex -26.95975112915039 40.22408676147461 1.7000000476837158
endloop
endfacet
facet normal -0.9848077458588644 -0.17364821823555313 0
outer loop
vertex 40.719669342041016 -8.31606388092041 0
vertex 41.33612060546875 -11.812131881713867 0
vertex 41.33612060546875 -11.812131881713867 2.200000047683716
endloop
endfacet
facet normal 0.984807741808609 0.17364824120568664 0
outer loop
vertex 8.863588333129883 -6.749007701873779 0
vertex 8.247137069702148 -3.2529401779174805 1.7000000476837158
vertex 8.863588333129883 -6.749007701873779 2.200000047683716
endloop
endfacet
facet normal 0.17364830734077988 -0.9848077301472009 0
outer loop
vertex 26.61795997619629 17.172426223754883 2.200000047683716
vertex 35.93566131591797 18.81538963317871 0
vertex 35.93566131591797 18.81538963317871 2.200000047683716
endloop
endfacet
facet normal -0.9986295342086348 -0.05233596666008134 0
outer loop
vertex 3.5523691177368164 0.6727622747421265 2.200000047683716
vertex 3.5523691177368164 0.6727622747421265 0
vertex 3.73816180229187 -2.872372627258301 1.7000000476837158
endloop
endfacet
facet normal 1 0 0
outer loop
vertex -24.059749603271484 33.22408676147461 1.7000000476837158
vertex -24.059749603271484 29.67408561706543 0
vertex -24.059749603271484 33.22408676147461 0
endloop
endfacet
facet normal -0.08715570824134439 -0.996194701110651 1.0154705041398766e-7
outer loop
vertex -48.22224807739258 -7.409362316131592 2.200000047683716
vertex -34.1759033203125 -8.63825798034668 0
vertex -39.37436294555664 -8.183451652526855 2.200000047683716
endloop
endfacet
facet normal -0.9848077377583516 -0.1736482641758261 0
outer loop
vertex 54.87340545654297 11.083714485168457 0
vertex 55.4898567199707 7.587647438049316 1.7000000476837158
vertex 54.87340545654297 11.083714485168457 2.200000047683716
endloop
endfacet
facet normal 0.0871557373984637 0.9961946985597356 -8.603738141391762e-8
outer loop
vertex -33.923152923583984 -5.749293327331543 2.200000047683716
vertex -47.96949768066406 -4.520397663116455 0
vertex -43.744197845458984 -4.890063285827637 2.200000047683716
endloop
endfacet
facet normal 0.9961946738976584 -0.08715601924107706 -0.0000028261086153469192
outer loop
vertex -47.96949768066406 -4.520397663116455 2.200000047683716
vertex -47.66009521484375 -0.9839063882827759 1.7000000476837158
vertex -47.05000305175781 5.989456653594971 1.7000000476837158
endloop
endfacet
facet normal -0.996194711500533 0.08715558948411303 -2.1604422425727108e-7
outer loop
vertex -51.28988265991211 -9.198809623718262 1.7000000476837158
vertex -51.59928512573242 -12.73530101776123 2.200000047683716
vertex -51.360591888427734 -10.007019996643066 2.200000047683716
endloop
endfacet
facet normal 0.9986297584795295 0.052331686722888564 0.000006622258766936379
outer loop
vertex -9.633844375610352 -17.132543563842773 2.200000047683716
vertex -9.452803611755371 -20.587011337280273 0
vertex -9.638595581054688 -17.04187774658203 2.200000047683716
endloop
endfacet
facet normal -0.9961946864383963 0.08715587594558624 2.505422926265084e-7
outer loop
vertex -50.37038803100586 1.311044454574585 2.200000047683716
vertex -51.28988265991211 -9.198809623718262 1.7000000476837158
vertex -51.360591888427734 -10.007019996643066 2.200000047683716
endloop
endfacet
facet normal 0.9986295562956949 0.05233554521224911 0
outer loop
vertex -25.24968147277832 -42.58328628540039 0
vertex -25.24968147277832 -42.58328628540039 1.7000000476837158
vertex -25.06389045715332 -46.12841796875 0
endloop
endfacet
facet normal 0.9659258077528968 0.25881911428044424 0
outer loop
vertex 11.399605751037598 29.270151138305664 1.7000000476837158
vertex 11.399605751037598 29.270151138305664 0
vertex 10.48079776763916 32.699188232421875 2.200000047683716
endloop
endfacet
facet normal 0.17364816987109777 -0.9848077543868237 0
outer loop
vertex 9.367167472839355 -9.604949951171875 2.200000047683716
vertex 9.367167472839355 -9.604949951171875 0
vertex 23.25295639038086 -7.156510829925537 0
endloop
endfacet
facet normal 0.9961947088485189 -0.08715561979708725 0
outer loop
vertex -49.14174270629883 -17.91921615600586 1.7000000476837158
vertex -49.45114517211914 -21.455707550048828 2.200000047683716
vertex -49.45114517211914 -21.455707550048828 0
endloop
endfacet
facet normal 0.9848077458588644 0.17364821823555313 0
outer loop
vertex 9.98361873626709 -13.101017951965332 0
vertex 9.367167472839355 -9.604949951171875 0
vertex 9.367167472839355 -9.604949951171875 2.200000047683716
endloop
endfacet
facet normal -1 0 0
outer loop
vertex -26.95975112915039 43.774085998535156 2.200000047683716
vertex -26.95975112915039 40.22408676147461 1.7000000476837158
vertex -26.95975112915039 33.22408676147461 1.7000000476837158
endloop
endfacet
facet normal -1 0 0
outer loop
vertex 7.040249347686768 29.67408561706543 0
vertex 7.040249347686768 29.67408561706543 2.200000047683716
vertex 7.040249347686768 33.22408676147461 0
endloop
endfacet
facet normal 0.9848077438337368 0.17364822972061913 0
outer loop
vertex 42.81960678100586 -1.754446268081665 0
vertex 42.81960678100586 -1.754446268081665 1.7000000476837158
vertex 43.436058044433594 -5.250514030456543 0
endloop
endfacet
facet normal 0.9848077438337368 0.17364822972061913 0
outer loop
vertex 7.031599998474121 3.640713930130005 1.7000000476837158
vertex 7.031599998474121 3.640713930130005 0
vertex 6.415148735046387 7.136781692504883 2.200000047683716
endloop
endfacet
facet normal -0.05233575102470403 0.9986295455095849 0
outer loop
vertex -10.983213424682617 -45.39048385620117 0
vertex -25.06389045715332 -46.12841796875 0
vertex -10.983213424682617 -45.39048385620117 2.200000047683716
endloop
endfacet
facet normal 0.17364820266959208 -0.9848077486035639 0
outer loop
vertex 6.415148735046387 7.136781692504883 2.200000047683716
vertex 6.415148735046387 7.136781692504883 0
vertex 20.30093765258789 9.585221290588379 0
endloop
endfacet
facet normal -0.9659258062000113 -0.25881912007384134 0.00000102990174410822
outer loop
vertex 24.100351333618164 36.34853744506836 2.200000047683716
vertex 25.0191593170166 32.919498443603516 1.7000000476837158
vertex 26.83089256286621 26.15802001953125 1.7000000476837158
endloop
endfacet
facet normal 0.9848077377583516 0.1736482641758261 0
outer loop
vertex 11.199155807495117 -19.994672775268555 1.7000000476837158
vertex 11.815607070922852 -23.490739822387695 2.200000047683716
vertex 11.815607070922852 -23.490739822387695 0
endloop
endfacet
facet normal -0.9986295335937031 -0.0523359783847227 -9.67974451035979e-7
outer loop
vertex -12.610861778259277 -14.333104133605957 2.200000047683716
vertex -12.058716773986816 -24.86864471435547 1.7000000476837158
vertex -11.894224166870117 -28.00735855102539 2.200000047683716
endloop
endfacet
facet normal 0.9848077836986044 0.17364800363563884 0
outer loop
vertex 12.935637474060059 -29.842748641967773 0
vertex 12.31918716430664 -26.346681594848633 2.200000047683716
vertex 12.935637474060059 -29.842748641967773 1.7000000476837158
endloop
endfacet
facet normal -0.9848077418086089 -0.17364824120568662 0
outer loop
vertex 58.29252243041992 -9.14101791381836 0
vertex 58.29252243041992 -9.14101791381836 1.7000000476837158
vertex 57.67607116699219 -5.6449503898620605 0
endloop
endfacet
facet normal 0.9961946145298368 -0.08715669785937175 0
outer loop
vertex -64.16398620605469 5.428905010223389 0
vertex -63.85457992553711 8.9653959274292 0
vertex -63.85457992553711 8.9653959274292 1.7000000476837158
endloop
endfacet
facet normal -1 0 0
outer loop
vertex -9.959750175476074 43.774085998535156 2.200000047683716
vertex -9.959750175476074 40.22408676147461 1.7000000476837158
vertex -9.959750175476074 33.22408676147461 1.7000000476837158
endloop
endfacet
facet normal 1 0 0
outer loop
vertex -7.059750556945801 40.22408676147461 0
vertex -7.059750556945801 43.774085998535156 0
vertex -7.059750556945801 43.774085998535156 2.200000047683716
endloop
endfacet
facet normal -0.9986295362539774 -0.052335927632609 0
outer loop
vertex 5.883935928344727 -43.816184997558594 1.7000000476837158
vertex 5.883935928344727 -43.816184997558594 0
vertex 5.927631378173828 -44.64994430541992 1.7000000476837158
endloop
endfacet
facet normal -0.9961946732501449 0.08715602663406619 -0.00000306581632726801
outer loop
vertex -48.88874053955078 18.246355056762695 2.200000047683716
vertex -49.198143005371094 14.70986270904541 1.7000000476837158
vertex -49.80823516845703 7.736500263214111 1.7000000476837158
endloop
endfacet
facet normal 0.9848078336890256 0.17364772012534027 0
outer loop
vertex 23.88186264038086 5.977228164672852 0
vertex 23.88186264038086 5.977228164672852 1.7000000476837158
vertex 24.49831199645996 2.4811606407165527 0
endloop
endfacet
facet normal -0.9848077279447309 -0.1736483198274546 0.0000011994309040029176
outer loop
vertex 20.30093765258789 9.585221290588379 2.200000047683716
vertex 22.13292694091797 -0.804500937461853 1.7000000476837158
vertex 21.60917091369629 2.165868043899536 2.200000047683716
endloop
endfacet
facet normal -0.9848077458588644 -0.17364821823555313 0
outer loop
vertex 20.30093765258789 9.585221290588379 0
vertex 20.917388916015625 6.089153289794922 0
vertex 20.917388916015625 6.089153289794922 1.7000000476837158
endloop
endfacet
facet normal -0.996194708848519 0.08715561979708725 0
outer loop
vertex -31.212608337402344 25.23236083984375 0
vertex -31.522010803222656 21.69586944580078 0
vertex -31.522010803222656 21.69586944580078 1.7000000476837158
endloop
endfacet
facet normal 0.1736481255060872 -0.9848077622095707 0
outer loop
vertex 26.20497703552246 -23.898242950439453 0
vertex 12.31918716430664 -26.346681594848633 2.200000047683716
vertex 12.31918716430664 -26.346681594848633 0
endloop
endfacet
facet normal 0.9986295311584468 0.05233602486109069 0
outer loop
vertex -25.95359992980957 -29.151718139648438 0
vertex -26.139392852783203 -25.606582641601562 0
vertex -26.139392852783203 -25.606582641601562 1.7000000476837158
endloop
endfacet
facet normal -0.9986295381785943 -0.05233589090869941 0
outer loop
vertex 4.994225025177002 -26.839481353759766 0
vertex 5.180017471313477 -30.38461685180664 0
vertex 5.180017471313477 -30.38461685180664 2.200000047683716
endloop
endfacet
facet normal 0.052336024364534536 -0.9986295311844703 0
outer loop
vertex -9.638595581054688 -17.04187774658203 2.200000047683716
vertex -9.638595581054688 -17.04187774658203 0
vertex 4.442080497741699 -16.303939819335938 0
endloop
endfacet
facet normal -0.052335889462098106 0.9986295382544075 0
outer loop
vertex 5.180017471313477 -30.38461685180664 0
vertex -8.90065860748291 -31.1225528717041 0
vertex 5.180017471313477 -30.38461685180664 2.200000047683716
endloop
endfacet
facet normal -0.984807741808609 -0.17364824120568664 0
outer loop
vertex 23.869407653808594 -10.652578353881836 1.7000000476837158
vertex 23.25295639038086 -7.156510829925537 2.200000047683716
vertex 23.25295639038086 -7.156510829925537 0
endloop
endfacet
facet normal -0.9848077072590061 -0.17364843711230415 0.000003422529878141244
outer loop
vertex 57.67607116699219 -5.6449503898620605 2.200000047683716
vertex 59.508060455322266 -16.034671783447266 1.7000000476837158
vertex 59.16569900512695 -14.093036651611328 2.200000047683716
endloop
endfacet
facet normal -0.9848077377583516 -0.1736482641758261 0
outer loop
vertex 43.671688079833984 -25.057796478271484 0
vertex 44.28813934326172 -28.553863525390625 0
vertex 44.28813934326172 -28.553863525390625 2.200000047683716
endloop
endfacet
facet normal 0.9848077458588644 0.17364821823555313 0
outer loop
vertex 26.833881378173828 -10.764503479003906 0
vertex 26.833881378173828 -10.764503479003906 1.7000000476837158
vertex 27.450332641601562 -14.260571479797363 0
endloop
endfacet
facet normal 1 0 0
outer loop
vertex -7.059750556945801 29.67408561706543 0
vertex -7.059750556945801 33.22408676147461 1.7000000476837158
vertex -7.059750556945801 29.67408561706543 2.200000047683716
endloop
endfacet
facet normal -0.9848077377583517 -0.1736482641758261 0
outer loop
vertex 54.87340545654297 11.083714485168457 0
vertex 55.4898567199707 7.587647438049316 0
vertex 55.4898567199707 7.587647438049316 1.7000000476837158
endloop
endfacet
facet normal 0.9848077332242446 0.17364828988946812 4.3378921637752045e-7
outer loop
vertex 43.436058044433594 -5.250514030456543 2.200000047683716
vertex 42.81960678100586 -1.754446268081665 1.7000000476837158
vertex 41.604068756103516 5.13920783996582 1.7000000476837158
endloop
endfacet
facet normal 0.9848077496232812 0.17364819688632713 2.3671976342899887e-7
outer loop
vertex 6.415148735046387 7.136781692504883 2.200000047683716
vertex 8.863588333129883 -6.749007701873779 2.200000047683716
vertex 7.031599998474121 3.640713930130005 1.7000000476837158
endloop
endfacet
facet normal 0.9848077420617498 0.1736482397700531 0
outer loop
vertex 25.00189208984375 -0.3747818171977997 2.200000047683716
vertex 25.618343353271484 -3.870849370956421 0
vertex 25.00189208984375 -0.3747818171977997 0
endloop
endfacet
facet normal -0.9986295725725483 -0.0523352344961923 0.0000037145554593790242
outer loop
vertex -12.058716773986816 -24.86864471435547 1.7000000476837158
vertex -11.8729248046875 -28.413780212402344 2.200000047683716
vertex -11.894224166870117 -28.00735855102539 2.200000047683716
endloop
endfacet
facet normal 0.17364816161924576 -0.9848077558418392 -1.2897717183666724e-7
outer loop
vertex 43.790283203125 -8.093389511108398 2.200000047683716
vertex 57.67607116699219 -5.6449503898620605 0
vertex 52.80982971191406 -6.503000259399414 2.200000047683716
endloop
endfacet
facet normal 0.9961947210501195 -0.08715547989956193 0.000008680523698857963
outer loop
vertex -64.16398620605469 5.428905010223389 2.200000047683716
vertex -63.85457992553711 8.9653959274292 1.7000000476837158
vertex -63.24449157714844 15.938758850097656 1.7000000476837158
endloop
endfacet
facet normal 0.05233575102470403 -0.9986295455095849 0
outer loop
vertex -8.748885154724121 -34.018577575683594 2.200000047683716
vertex 5.331791877746582 -33.280643463134766 0
vertex 5.331791877746582 -33.280643463134766 2.200000047683716
endloop
endfacet
facet normal -1 0 0
outer loop
vertex -9.959750175476074 23.224084854125977 1.7000000476837158
vertex -9.959750175476074 26.774085998535156 2.200000047683716
vertex -9.959750175476074 26.774085998535156 0
endloop
endfacet
facet normal 0.9659259060821955 0.25881874731033183 0
outer loop
vertex 28.39960479736328 33.5201530456543 1.7000000476837158
vertex 28.39960479736328 33.5201530456543 0
vertex 27.480798721313477 36.949188232421875 2.200000047683716
endloop
endfacet
facet normal 0.1736481175147753 -0.9848077636186541 0
outer loop
vertex 32.23696517944336 -16.361295700073242 2.200000047683716
vertex 41.83970260620117 -14.668074607849121 0
vertex 41.83970260620117 -14.668074607849121 2.200000047683716
endloop
endfacet
facet normal -1 0 0
outer loop
vertex -9.959750175476074 29.67408561706543 0
vertex -9.959750175476074 29.67408561706543 2.200000047683716
vertex -9.959750175476074 33.22408676147461 0
endloop
endfacet
facet normal 0.9848077280886357 0.1736483190122521 0.000001057761228928398
outer loop
vertex 46.23872375488281 -21.97917938232422 2.200000047683716
vertex 45.62227249145508 -18.483110427856445 1.7000000476837158
vertex 44.406734466552734 -11.589457511901855 1.7000000476837158
endloop
endfacet
facet normal -0.965925843743906 -0.2588189799601705 0
outer loop
vertex 25.0191593170166 32.919498443603516 1.7000000476837158
vertex 24.100351333618164 36.34853744506836 2.200000047683716
vertex 24.100351333618164 36.34853744506836 0
endloop
endfacet
facet normal -0.17364827983310435 0.9848077349975496 0
outer loop
vertex 60.12451171875 -19.530738830566406 2.200000047683716
vertex 46.23872375488281 -21.97917938232422 0
vertex 46.23872375488281 -21.97917938232422 2.200000047683716
endloop
endfacet
facet normal 0.9848077438337368 0.17364822972061913 0
outer loop
vertex 42.81960678100586 -1.754446268081665 1.7000000476837158
vertex 43.436058044433594 -5.250514030456543 2.200000047683716
vertex 43.436058044433594 -5.250514030456543 0
endloop
endfacet
facet normal -0.9986295365231755 -0.05233592249185355 6.588463969548801e-7
outer loop
vertex 6.011231422424316 -46.24512481689453 1.7000000476837158
vertex 6.047269344329834 -46.932769775390625 1.7000000476837158
vertex 6.069728851318359 -47.3613166809082 2.200000047683716
endloop
endfacet
facet normal 0.2588190833384205 -0.965925816043789 0
outer loop
vertex 27.480798721313477 36.949188232421875 2.200000047683716
vertex 27.480798721313477 36.949188232421875 0
vertex 41.1003532409668 40.59853744506836 0
endloop
endfacet
facet normal 0.9848077366786637 0.17364827029889857 -2.200986327188835e-7
outer loop
vertex 25.618343353271484 -3.870849370956421 1.7000000476837158
vertex 25.00189208984375 -0.3747818171977997 2.200000047683716
vertex 25.7338809967041 -4.526094913482666 2.200000047683716
endloop
endfacet
facet normal 0.9986295320038227 0.05233600872993712 -2.1451139465754512e-7
outer loop
vertex -26.843311309814453 -12.175015449523926 2.200000047683716
vertex -27.029104232788086 -8.629880905151367 1.7000000476837158
vertex -27.395456314086914 -1.639473795890808 1.7000000476837158
endloop
endfacet
facet normal -0.9848077518478704 -0.17364818426982423 3.690797164408414e-7
outer loop
vertex 22.13292694091797 -0.804500937461853 1.7000000476837158
vertex 22.749378204345703 -4.300568580627441 2.200000047683716
vertex 21.60917091369629 2.165868043899536 2.200000047683716
endloop
endfacet
facet normal -0.996194708848519 0.08715561979708725 0
outer loop
vertex -34.1759033203125 -8.63825798034668 0
vertex -34.48530578613281 -12.174749374389648 0
vertex -34.48530578613281 -12.174749374389648 1.7000000476837158
endloop
endfacet
facet normal -0.9848077271065909 -0.1736483245819762 0.0000010114912411426832
outer loop
vertex 23.25295639038086 -7.156510829925537 2.200000047683716
vertex 25.084945678710938 -17.546232223510742 1.7000000476837158
vertex 24.904090881347656 -16.520551681518555 2.200000047683716
endloop
endfacet
facet normal -0.7660443886040085 -0.6427876746549446 0
outer loop
vertex 62.890621185302734 44.86458206176758 1.7000000476837158
vertex 65.17251586914062 42.14512634277344 0
vertex 65.17251586914062 42.14512634277344 2.200000047683716
endloop
endfacet
facet normal -0.9848077321972314 -0.17364829571404325 3.929796824340119e-7
outer loop
vertex 23.25295639038086 -7.156510829925537 2.200000047683716
vertex 23.869407653808594 -10.652578353881836 1.7000000476837158
vertex 25.084945678710938 -17.546232223510742 1.7000000476837158
endloop
endfacet
facet normal -0.9848077539593707 -0.17364817229530405 0
outer loop
vertex 25.084945678710938 -17.546232223510742 1.7000000476837158
vertex 25.084945678710938 -17.546232223510742 0
vertex 25.701396942138672 -21.042301177978516 2.200000047683716
endloop
endfacet
facet normal -0.17364825531392364 0.984807739320945 0
outer loop
vertex 27.450332641601562 -14.260571479797363 2.200000047683716
vertex 35.830345153808594 -12.78294849395752 2.200000047683716
vertex 27.450332641601562 -14.260571479797363 0
endloop
endfacet
facet normal -1 0 0
outer loop
vertex -9.959750175476074 16.224084854125977 0
vertex -9.959750175476074 12.67408561706543 2.200000047683716
vertex -9.959750175476074 16.224084854125977 1.7000000476837158
endloop
endfacet
facet normal 0.17364824606467286 -0.9848077409518382 0
outer loop
vertex 14.20928955078125 -8.751153945922852 2.200000047683716
vertex 23.25295639038086 -7.156510829925537 0
vertex 23.25295639038086 -7.156510829925537 2.200000047683716
endloop
endfacet
facet normal 0.08715510010838443 0.9961947543151878 0
outer loop
vertex -62.682334899902344 22.364213943481445 0
vertex -62.682334899902344 22.364213943481445 2.200000047683716
vertex -60.70123291015625 22.19089126586914 2.200000047683716
endloop
endfacet
facet normal -0.9986295362533837 -0.052335927632577876 0.0000010905611508598188
outer loop
vertex 5.883935928344727 -43.816184997558594 1.7000000476837158
vertex 5.927631378173828 -44.64994430541992 1.7000000476837158
vertex 6.069728851318359 -47.3613166809082 2.200000047683716
endloop
endfacet
facet normal -0.6427877198064974 0.7660443507173482 0
outer loop
vertex 65.17251586914062 42.14512634277344 0
vertex 54.37128829956055 33.081817626953125 0
vertex 65.17251586914062 42.14512634277344 2.200000047683716
endloop
endfacet
facet normal 1 0 0
outer loop
vertex -41.059749603271484 29.67408561706543 0
vertex -41.059749603271484 33.22408676147461 1.7000000476837158
vertex -41.059749603271484 29.67408561706543 2.200000047683716
endloop
endfacet
facet normal 0.9848077299135249 0.17364830866528716 5.048628337213414e-7
outer loop
vertex 30.40235137939453 -31.002302169799805 2.200000047683716
vertex 28.570362091064453 -20.612581253051758 1.7000000476837158
vertex 29.028812408447266 -23.212581634521484 2.200000047683716
endloop
endfacet
facet normal -1 0 0
outer loop
vertex 7.040249347686768 43.774085998535156 2.200000047683716
vertex 7.040249347686768 40.22408676147461 1.7000000476837158
vertex 7.040249347686768 33.22408676147461 1.7000000476837158
endloop
endfacet
facet normal -0.9848077669952773 -0.17364809836416678 5.330087098002428e-7
outer loop
vertex 25.084945678710938 -17.546232223510742 1.7000000476837158
vertex 25.701396942138672 -21.042301177978516 2.200000047683716
vertex 24.904090881347656 -16.520551681518555 2.200000047683716
endloop
endfacet
facet normal -1 0 0
outer loop
vertex 7.040249347686768 40.22408676147461 1.7000000476837158
vertex 7.040249347686768 43.774085998535156 2.200000047683716
vertex 7.040249347686768 43.774085998535156 0
endloop
endfacet
facet normal -0.9848077321894914 -0.17364829571267848 0.0000039841191258716345
outer loop
vertex 28.036964416503906 -34.2879638671875 1.7000000476837158
vertex 26.20497703552246 -23.898242950439453 2.200000047683716
vertex 26.821426391601562 -27.394309997558594 1.7000000476837158
endloop
endfacet
facet normal 0.08715572402527437 0.9961946997297416 0
outer loop
vertex -33.923152923583984 -5.749293327331543 0
vertex -47.96949768066406 -4.520397663116455 0
vertex -33.923152923583984 -5.749293327331543 2.200000047683716
endloop
endfacet
facet normal -0.05233575102470403 0.9986295455095849 0
outer loop
vertex -10.983213424682617 -45.39048385620117 2.200000047683716
vertex -25.06389045715332 -46.12841796875 0
vertex -25.06389045715332 -46.12841796875 2.200000047683716
endloop
endfacet
facet normal -0.9986295447388396 -0.052335765731457755 0
outer loop
vertex -13.500572204589844 2.6435980796813965 0
vertex -13.314780235290527 -0.9015368223190308 1.7000000476837158
vertex -13.500572204589844 2.6435980796813965 2.200000047683716
endloop
endfacet
facet normal 0.7660448325872393 0.6427871455360543 0
outer loop
vertex 54.37128829956055 33.081817626953125 0
vertex 52.089393615722656 35.80127716064453 1.7000000476837158
vertex 54.37128829956055 33.081817626953125 2.200000047683716
endloop
endfacet
facet normal 0.05233595796724197 -0.9986295346642073 0
outer loop
vertex -10.52830696105957 -0.06517471373081207 2.200000047683716
vertex -10.52830696105957 -0.06517471373081207 0
vertex 3.5523691177368164 0.6727622747421265 0
endloop
endfacet
facet normal -0.9961947108891399 0.08715559647264742 0
outer loop
vertex -48.88874053955078 18.246355056762695 0
vertex -49.198143005371094 14.70986270904541 1.7000000476837158
vertex -48.88874053955078 18.246355056762695 2.200000047683716
endloop
endfacet
facet normal -0.9961947078282078 0.08715563145931184 0
outer loop
vertex -32.69425582885742 8.297051429748535 0
vertex -33.003658294677734 4.760560512542725 0
vertex -33.003658294677734 4.760560512542725 1.7000000476837158
endloop
endfacet
facet normal -0.9986295366368986 -0.05233592032569043 -1.9014407528945812e-7
outer loop
vertex 5.331791877746582 -33.280643463134766 2.200000047683716
vertex 5.517584323883057 -36.825775146484375 1.7000000476837158
vertex 5.883935928344727 -43.816184997558594 1.7000000476837158
endloop
endfacet
facet normal -0.08715582470932899 -0.9961946909210251 0
outer loop
vertex -45.25895309448242 26.461257934570312 2.200000047683716
vertex -45.25895309448242 26.461257934570312 0
vertex -31.212608337402344 25.23236083984375 0
endloop
endfacet
facet normal -0.17364813595932344 0.9848077603663835 0
outer loop
vertex 30.40235137939453 -31.002302169799805 0
vertex 30.40235137939453 -31.002302169799805 2.200000047683716
vertex 32.015193939208984 -30.717914581298828 2.200000047683716
endloop
endfacet
facet normal 0.9961946649733933 -0.0871561211487902 -0.000004984590681013777
outer loop
vertex -47.62082290649414 -0.5350441932678223 2.200000047683716
vertex -47.96949768066406 -4.520397663116455 2.200000047683716
vertex -47.05000305175781 5.989456653594971 1.7000000476837158
endloop
endfacet
facet normal -0.05233602082956164 0.9986295313697305 0
outer loop
vertex -8.010948181152344 -48.0992546081543 0
vertex -8.010948181152344 -48.0992546081543 2.200000047683716
vertex 6.069728851318359 -47.3613166809082 2.200000047683716
endloop
endfacet
facet normal 0.7660443886040085 0.6427876746549446 0
outer loop
vertex 47.58987808227539 41.16358947753906 1.7000000476837158
vertex 45.3079833984375 43.8830451965332 0
vertex 45.3079833984375 43.8830451965332 2.200000047683716
endloop
endfacet
facet normal 0.052336024364534536 -0.9986295311844703 0
outer loop
vertex -25.80182647705078 -32.04774475097656 2.200000047683716
vertex -11.721150398254395 -31.30980682373047 0
vertex -11.721150398254395 -31.30980682373047 2.200000047683716
endloop
endfacet
facet normal -0.965925843743906 -0.2588189799601705 0
outer loop
vertex 42.019161224365234 37.169498443603516 1.7000000476837158
vertex 41.1003532409668 40.59853744506836 2.200000047683716
vertex 41.1003532409668 40.59853744506836 0
endloop
endfacet
facet normal 0.9961947085934413 -0.0871556227126431 0
outer loop
vertex -47.66009521484375 -0.9839063882827759 0
vertex -47.66009521484375 -0.9839063882827759 1.7000000476837158
vertex -47.96949768066406 -4.520397663116455 0
endloop
endfacet
facet normal 0 1 0
outer loop
vertex -9.959750175476074 12.67408561706543 0
vertex -24.059749603271484 12.67408561706543 0
vertex -9.959750175476074 12.67408561706543 2.200000047683716
endloop
endfacet
facet normal -0.998629531584031 -0.05233601674043808 -5.7735768746287994e-8
outer loop
vertex -11.535357475280762 -34.854942321777344 1.7000000476837158
vertex -11.169005393981934 -41.8453483581543 1.7000000476837158
vertex -11.721150398254395 -31.30980682373047 2.200000047683716
endloop
endfacet
facet normal 0.9961947088485189 -0.08715561979708725 0
outer loop
vertex -46.17844772338867 15.951403617858887 1.7000000476837158
vertex -46.487850189208984 12.414912223815918 2.200000047683716
vertex -46.487850189208984 12.414912223815918 0
endloop
endfacet
facet normal 0.9986295315823294 0.05233601674034889 0.0000018469989030035535
outer loop
vertex -8.010948181152344 -48.0992546081543 2.200000047683716
vertex -8.19674015045166 -44.55411911010742 1.7000000476837158
vertex -8.563092231750488 -37.56371307373047 1.7000000476837158
endloop
endfacet
facet normal -0.9848077413023267 -0.1736482440769537 0
outer loop
vertex 56.70539474487305 0.6939930319786072 0
vertex 57.32184600830078 -2.802074432373047 2.200000047683716
vertex 56.70539474487305 0.6939930319786072 1.7000000476837158
endloop
endfacet
facet normal 0.998629537141852 0.05233591068946351 -3.93747427125561e-7
outer loop
vertex -8.010948181152344 -48.0992546081543 2.200000047683716
vertex -8.563092231750488 -37.56371307373047 1.7000000476837158
vertex -8.389758110046387 -40.871124267578125 2.200000047683716
endloop
endfacet
facet normal -0.996194708848519 0.08715561979708725 0
outer loop
vertex -49.80823516845703 7.736500263214111 1.7000000476837158
vertex -49.80823516845703 7.736500263214111 0
vertex -50.117637634277344 4.200008869171143 2.200000047683716
endloop
endfacet
facet normal 0.1736481255060872 -0.9848077622095707 0
outer loop
vertex 12.31918716430664 -26.346681594848633 2.200000047683716
vertex 26.20497703552246 -23.898242950439453 0
vertex 26.20497703552246 -23.898242950439453 2.200000047683716
endloop
endfacet
facet normal 0.9961947078282078 -0.08715563145931184 0
outer loop
vertex -48.53165054321289 -10.945853233337402 1.7000000476837158
vertex -48.53165054321289 -10.945853233337402 0
vertex -48.22224807739258 -7.409362316131592 2.200000047683716
endloop
endfacet
facet normal -0.9986295304226239 -0.05233603890140747 0
outer loop
vertex -12.610861778259277 -14.333104133605957 0
vertex -12.425068855285645 -17.878238677978516 0
vertex -12.425068855285645 -17.878238677978516 1.7000000476837158
endloop
endfacet
facet normal 0.9848077565224388 0.17364815775837933 -6.016155600413524e-7
outer loop
vertex 8.863588333129883 -6.749007701873779 2.200000047683716
vertex 8.247137069702148 -3.2529401779174805 1.7000000476837158
vertex 7.031599998474121 3.640713930130005 1.7000000476837158
endloop
endfacet
facet normal 1 0 0
outer loop
vertex -7.059750556945801 33.22408676147461 1.7000000476837158
vertex -7.059750556945801 29.67408561706543 0
vertex -7.059750556945801 33.22408676147461 0
endloop
endfacet
facet normal -0.0871557575866262 -0.9961946967935038 0
outer loop
vertex -46.7406005859375 9.525947570800781 2.200000047683716
vertex -46.7406005859375 9.525947570800781 0
vertex -32.69425582885742 8.297051429748535 0
endloop
endfacet
facet normal -0.173648169865876 0.9848077543877444 0
outer loop
vertex 8.863588333129883 -6.749007701873779 0
vertex 8.863588333129883 -6.749007701873779 2.200000047683716
vertex 18.78326416015625 -4.999901294708252 2.200000047683716
endloop
endfacet
facet normal 1 0 0
outer loop
vertex -24.059749603271484 23.224084854125977 1.7000000476837158
vertex -24.059749603271484 23.224084854125977 0
vertex -24.059749603271484 26.774085998535156 2.200000047683716
endloop
endfacet
facet normal 0.17364802756371717 -0.9848077794790072 -9.261304036813142e-7
outer loop
vertex 9.367167472839355 -9.604949951171875 2.200000047683716
vertex 23.25295639038086 -7.156510829925537 0
vertex 14.20928955078125 -8.751153945922852 2.200000047683716
endloop
endfacet
facet normal -0.9961947088485189 0.08715561979708725 0
outer loop
vertex -49.80823516845703 7.736500263214111 0
vertex -50.117637634277344 4.200008869171143 0
vertex -50.117637634277344 4.200008869171143 2.200000047683716
endloop
endfacet
facet normal 0.9848077377583517 0.1736482641758261 0
outer loop
vertex 29.785900115966797 -27.506235122680664 0
vertex 29.785900115966797 -27.506235122680664 1.7000000476837158
vertex 30.40235137939453 -31.002302169799805 0
endloop
endfacet
facet normal -0.7660443886040085 -0.6427876746549446 0
outer loop
vertex 62.890621185302734 44.86458206176758 0
vertex 65.17251586914062 42.14512634277344 0
vertex 62.890621185302734 44.86458206176758 1.7000000476837158
endloop
endfacet
facet normal 0.08715573409672606 0.996194698848604 0
outer loop
vertex -50.117637634277344 4.200008869171143 0
vertex -64.16398620605469 5.428905010223389 0
vertex -50.117637634277344 4.200008869171143 2.200000047683716
endloop
endfacet
facet normal 0.9848077744065554 0.17364805633309804 -3.7992387400350317e-7
outer loop
vertex 12.935637474060059 -29.842748641967773 1.7000000476837158
vertex 12.31918716430664 -26.346681594848633 2.200000047683716
vertex 13.047911643981934 -30.4794864654541 2.200000047683716
endloop
endfacet
facet normal 0.9986295306985576 0.0523360336362878 0
outer loop
vertex -27.395456314086914 -1.639473795890808 1.7000000476837158
vertex -27.395456314086914 -1.639473795890808 0
vertex -27.581249237060547 1.9056611061096191 2.200000047683716
endloop
endfacet
facet normal -0.9986295315836331 -0.05233601674041722 8.946315671298499e-7
outer loop
vertex 4.442080497741699 -16.303939819335938 2.200000047683716
vertex 4.627872943878174 -19.849075317382812 1.7000000476837158
vertex 4.994225025177002 -26.839481353759766 1.7000000476837158
endloop
endfacet
facet normal -0.9848077458588644 -0.17364821823555313 0
outer loop
vertex 36.5521125793457 15.319321632385254 1.7000000476837158
vertex 35.93566131591797 18.81538963317871 2.200000047683716
vertex 35.93566131591797 18.81538963317871 0
endloop
endfacet
facet normal 0.9848077418086089 0.17364824120568662 0
outer loop
vertex 8.863588333129883 -6.749007701873779 0
vertex 8.247137069702148 -3.2529401779174805 0
vertex 8.247137069702148 -3.2529401779174805 1.7000000476837158
endloop
endfacet
facet normal 1 0 0
outer loop
vertex -24.059749603271484 40.22408676147461 0
vertex -24.059749603271484 43.774085998535156 0
vertex -24.059749603271484 43.774085998535156 2.200000047683716
endloop
endfacet
facet normal -0.9986295342086348 -0.05233596666008134 0
outer loop
vertex 3.73816180229187 -2.872372627258301 0
vertex 3.73816180229187 -2.872372627258301 1.7000000476837158
vertex 3.5523691177368164 0.6727622747421265 0
endloop
endfacet
facet normal 0.9961946155501727 -0.08715668619700666 0
outer loop
vertex -63.24449157714844 15.938758850097656 1.7000000476837158
vertex -63.24449157714844 15.938758850097656 0
vertex -62.93508529663086 19.475250244140625 2.200000047683716
endloop
endfacet
facet normal 0.9848077377583517 0.1736482641758261 0
outer loop
vertex 11.815607070922852 -23.490739822387695 0
vertex 11.199155807495117 -19.994672775268555 0
vertex 11.199155807495117 -19.994672775268555 1.7000000476837158
endloop
endfacet
facet normal 0.9961947085934413 -0.08715562271264311 0
outer loop
vertex -47.66009521484375 -0.9839063882827759 1.7000000476837158
vertex -47.96949768066406 -4.520397663116455 2.200000047683716
vertex -47.96949768066406 -4.520397663116455 0
endloop
endfacet
facet normal -0.9848077581302521 -0.17364814863905986 8.329651298585996e-7
outer loop
vertex 28.65341567993164 -37.78403091430664 2.200000047683716
vertex 26.20497703552246 -23.898242950439453 2.200000047683716
vertex 28.036964416503906 -34.2879638671875 1.7000000476837158
endloop
endfacet
facet normal -0.9659258077528968 -0.25881911428044424 0
outer loop
vertex 26.83089256286621 26.15802001953125 0
vertex 27.74970054626465 22.72898292541504 0
vertex 27.74970054626465 22.72898292541504 2.200000047683716
endloop
endfacet
facet normal -0.17364846865747033 0.9848077017017144 0.000001379411856763488
outer loop
vertex 23.421836853027344 -38.70650100708008 2.200000047683716
vertex 28.65341567993164 -37.78403091430664 2.200000047683716
vertex 14.76762580871582 -40.23247146606445 0
endloop
endfacet
facet normal 0 -1 0
outer loop
vertex -24.059749603271484 26.774085998535156 2.200000047683716
vertex -24.059749603271484 26.774085998535156 0
vertex -9.959750175476074 26.774085998535156 0
endloop
endfacet
facet normal 0.9848077836986044 0.17364800363563884 0
outer loop
vertex 14.151175498962402 -36.73640441894531 0
vertex 14.151175498962402 -36.73640441894531 1.7000000476837158
vertex 14.76762580871582 -40.23247146606445 0
endloop
endfacet
facet normal 1 0 0
outer loop
vertex -41.059749603271484 40.22408676147461 1.7000000476837158
vertex -41.059749603271484 40.22408676147461 0
vertex -41.059749603271484 43.774085998535156 2.200000047683716
endloop
endfacet
facet normal -0.25881910024754234 0.9659258115130026 0
outer loop
vertex 27.74970054626465 22.72898292541504 0
vertex 14.130146980285645 19.079633712768555 0
vertex 27.74970054626465 22.72898292541504 2.200000047683716
endloop
endfacet
facet normal 0.9986295306985576 0.0523360336362878 0
outer loop
vertex -27.581249237060547 1.9056611061096191 2.200000047683716
vertex -27.395456314086914 -1.639473795890808 0
vertex -27.581249237060547 1.9056611061096191 0
endloop
endfacet
facet normal 0.9986295304226239 0.05233603890140747 0
outer loop
vertex -9.790369987487793 -14.145851135253906 0
vertex -9.976162910461426 -10.600716590881348 0
vertex -9.976162910461426 -10.600716590881348 1.7000000476837158
endloop
endfacet
facet normal -0.25881902741134943 0.9659258310292823 -4.832809671405547e-7
outer loop
vertex 27.74970054626465 22.72898292541504 2.200000047683716
vertex 14.130146980285645 19.079633712768555 0
vertex 19.852249145507812 20.61286735534668 2.200000047683716
endloop
endfacet
facet normal -1 0 0
outer loop
vertex -26.95975112915039 29.67408561706543 0
vertex -26.95975112915039 29.67408561706543 2.200000047683716
vertex -26.95975112915039 33.22408676147461 0
endloop
endfacet
facet normal -0.998629545198724 -0.05233575695630531 0
outer loop
vertex -12.058716773986816 -24.86864471435547 0
vertex -11.8729248046875 -28.413780212402344 0
vertex -11.8729248046875 -28.413780212402344 2.200000047683716
endloop
endfacet
facet normal -0.9986295362539774 -0.052335927632609 0
outer loop
vertex 5.883935928344727 -43.816184997558594 0
vertex 5.927631378173828 -44.64994430541992 0
vertex 5.927631378173828 -44.64994430541992 1.7000000476837158
endloop
endfacet
facet normal 0.9961946155501727 -0.08715668619700666 0
outer loop
vertex -63.24449157714844 15.938758850097656 0
vertex -62.93508529663086 19.475250244140625 0
vertex -62.93508529663086 19.475250244140625 2.200000047683716
endloop
endfacet
facet normal -0.999158585301823 -0.041013673545047084 0
outer loop
vertex 5.9497575759887695 -44.883121490478516 0
vertex 5.9855523109436035 -45.7551383972168 0
vertex 5.9855523109436035 -45.7551383972168 1.7000000476837158
endloop
endfacet
facet normal 1 0 0
outer loop
vertex -24.059749603271484 23.224084854125977 0
vertex -24.059749603271484 26.774085998535156 0
vertex -24.059749603271484 26.774085998535156 2.200000047683716
endloop
endfacet
facet normal -0.08715579344650583 -0.9961946936561494 2.0113162225322268e-7
outer loop
vertex -61.45343780517578 36.410560607910156 2.200000047683716
vertex -47.4070930480957 35.181663513183594 0
vertex -51.959110260009766 35.57991409301758 2.200000047683716
endloop
endfacet
facet normal 0.9961947083383634 -0.08715562562819915 0
outer loop
vertex -64.72613525390625 -0.9965507984161377 1.7000000476837158
vertex -64.72613525390625 -0.9965507984161377 0
vertex -64.41673278808594 2.539940357208252 2.200000047683716
endloop
endfacet
facet normal 1 0 0
outer loop
vertex -41.059749603271484 29.67408561706543 2.200000047683716
vertex -41.059749603271484 33.22408676147461 1.7000000476837158
vertex -41.059749603271484 40.22408676147461 1.7000000476837158
endloop
endfacet
facet normal 1 0 0
outer loop
vertex -41.059749603271484 40.22408676147461 0
vertex -41.059749603271484 43.774085998535156 0
vertex -41.059749603271484 43.774085998535156 2.200000047683716
endloop
endfacet
facet normal -0.9848077377583516 -0.1736482641758261 0
outer loop
vertex 28.036964416503906 -34.2879638671875 0
vertex 28.65341567993164 -37.78403091430664 0
vertex 28.65341567993164 -37.78403091430664 2.200000047683716
endloop
endfacet
facet normal -0.9961947088485189 0.08715561979708725 0
outer loop
vertex -35.09539794921875 -19.14811134338379 0
vertex -35.40480041503906 -22.684602737426758 0
vertex -35.40480041503906 -22.684602737426758 2.200000047683716
endloop
endfacet
facet normal -0.0871557575866262 -0.9961946967935038 0
outer loop
vertex -46.7406005859375 9.525947570800781 2.200000047683716
vertex -32.69425582885742 8.297051429748535 0
vertex -32.69425582885742 8.297051429748535 2.200000047683716
endloop
endfacet
facet normal -0.25881916052700893 0.9659257953611625 0
outer loop
vertex 31.130146026611328 23.329633712768555 2.200000047683716
vertex 36.85224914550781 24.86286735534668 2.200000047683716
vertex 31.130146026611328 23.329633712768555 0
endloop
endfacet
facet normal 0 1 0
outer loop
vertex -9.959750175476074 12.67408561706543 2.200000047683716
vertex -24.059749603271484 12.67408561706543 0
vertex -24.059749603271484 12.67408561706543 2.200000047683716
endloop
endfacet
facet normal -0.9961946944014017 0.08715578490018472 0.0000022204930600195237
outer loop
vertex -32.69425582885742 8.297051429748535 2.200000047683716
vertex -33.61375045776367 -2.2128024101257324 1.7000000476837158
vertex -33.09321594238281 3.7369186878204346 2.200000047683716
endloop
endfacet
facet normal 0.998629545198724 0.05233575695630532 0
outer loop
vertex -8.19674015045166 -44.55411911010742 0
vertex -8.19674015045166 -44.55411911010742 1.7000000476837158
vertex -8.010948181152344 -48.0992546081543 0
endloop
endfacet
facet normal -0.08715582470932899 -0.9961946909210251 0
outer loop
vertex -45.25895309448242 26.461257934570312 2.200000047683716
vertex -31.212608337402344 25.23236083984375 0
vertex -31.212608337402344 25.23236083984375 2.200000047683716
endloop
endfacet
facet normal 0.9961947179696888 -0.08715551520275136 0.000007683442168643679
outer loop
vertex -62.682334899902344 22.364213943481445 2.200000047683716
vertex -61.762840270996094 32.87406921386719 1.7000000476837158
vertex -62.624446868896484 23.02587890625 2.200000047683716
endloop
endfacet
facet normal 1 0 0
outer loop
vertex -24.059749603271484 16.224084854125977 1.7000000476837158
vertex -24.059749603271484 12.67408561706543 2.200000047683716
vertex -24.059749603271484 12.67408561706543 0
endloop
endfacet
facet normal -0.052335847097742264 0.9986295404746255 0
outer loop
vertex 5.938828468322754 -47.36817932128906 0
vertex -8.010948181152344 -48.0992546081543 0
vertex 5.938828468322754 -47.36817932128906 1.7000000476837158
endloop
endfacet
facet normal 0.996194690659687 -0.08715582768383975 0.0000014816347612148475
outer loop
vertex -61.762840270996094 32.87406921386719 1.7000000476837158
vertex -61.45343780517578 36.410560607910156 2.200000047683716
vertex -62.624446868896484 23.02587890625 2.200000047683716
endloop
endfacet
facet normal -0.9848077428211729 -0.17364823546315267 0
outer loop
vertex 22.13292694091797 -0.804500937461853 1.7000000476837158
vertex 22.13292694091797 -0.804500937461853 0
vertex 22.749378204345703 -4.300568580627441 2.200000047683716
endloop
endfacet
facet normal -0.08715582470932899 -0.9961946909210251 0
outer loop
vertex -61.45343780517578 36.410560607910156 2.200000047683716
vertex -61.45343780517578 36.410560607910156 0
vertex -47.4070930480957 35.181663513183594 0
endloop
endfacet
facet normal -0.6427877198064974 0.7660443507173482 0
outer loop
vertex 65.17251586914062 42.14512634277344 2.200000047683716
vertex 54.37128829956055 33.081817626953125 0
vertex 54.37128829956055 33.081817626953125 2.200000047683716
endloop
endfacet
facet normal 0.9986295311584468 0.05233602486109069 0
outer loop
vertex -26.50574493408203 -18.61617660522461 1.7000000476837158
vertex -26.50574493408203 -18.61617660522461 0
vertex -26.691537857055664 -15.071041107177734 2.200000047683716
endloop
endfacet
facet normal 0.766044564263399 0.6427874653092844 0.000001940284964332238
outer loop
vertex 47.58987808227539 41.16358947753906 1.7000000476837158
vertex 45.3079833984375 43.8830451965332 2.200000047683716
vertex 47.435455322265625 41.34762191772461 2.200000047683716
endloop
endfacet
facet normal -0.9848077321971538 -0.17364829571402957 5.585836021441685e-7
outer loop
vertex 35.93566131591797 18.81538963317871 2.200000047683716
vertex 36.5521125793457 15.319321632385254 1.7000000476837158
vertex 37.76765060424805 8.425667762756348 1.7000000476837158
endloop
endfacet
facet normal -0.9848077442617266 -0.1736482272933278 1.2100202866914466e-7
outer loop
vertex 56.70539474487305 0.6939930319786072 1.7000000476837158
vertex 57.32184600830078 -2.802074432373047 2.200000047683716
vertex 55.86943435668945 5.4349589347839355 2.200000047683716
endloop
endfacet
facet normal 0.05233595691331668 -0.9986295347194412 0
outer loop
vertex -26.691537857055664 -15.071041107177734 2.200000047683716
vertex -26.691537857055664 -15.071041107177734 0
vertex -12.610861778259277 -14.333104133605957 0
endloop
endfacet
facet normal -0.05233602789950791 0.9986295309992099 0
outer loop
vertex -11.8729248046875 -28.413780212402344 2.200000047683716
vertex -25.95359992980957 -29.151718139648438 0
vertex -25.95359992980957 -29.151718139648438 2.200000047683716
endloop
endfacet
facet normal -1 0 0
outer loop
vertex -26.95975112915039 33.22408676147461 1.7000000476837158
vertex -26.95975112915039 33.22408676147461 0
vertex -26.95975112915039 29.67408561706543 2.200000047683716
endloop
endfacet
facet normal 1 0 0
outer loop
vertex -24.059749603271484 12.67408561706543 2.200000047683716
vertex -24.059749603271484 16.224084854125977 1.7000000476837158
vertex -24.059749603271484 23.224084854125977 1.7000000476837158
endloop
endfacet
facet normal -0.08715574080595033 -0.9961946982616229 0
outer loop
vertex -64.41673278808594 2.539940357208252 0
vertex -50.37038803100586 1.311044454574585 0
vertex -64.41673278808594 2.539940357208252 2.200000047683716
endloop
endfacet
facet normal 0.998629531584031 0.05233601674043808 -5.7735768746287994e-8
outer loop
vertex -25.95359992980957 -29.151718139648438 2.200000047683716
vertex -26.139392852783203 -25.606582641601562 1.7000000476837158
vertex -26.50574493408203 -18.61617660522461 1.7000000476837158
endloop
endfacet
facet normal -0.996194707828208 0.08715563145931184 0
outer loop
vertex -33.003658294677734 4.760560512542725 1.7000000476837158
vertex -32.69425582885742 8.297051429748535 2.200000047683716
vertex -32.69425582885742 8.297051429748535 0
endloop
endfacet
facet normal 0.9986295249768167 0.05233614280661613 -8.38562744452541e-7
outer loop
vertex -26.43376922607422 -19.98954200744629 2.200000047683716
vertex -26.50574493408203 -18.61617660522461 1.7000000476837158
vertex -26.691537857055664 -15.071041107177734 2.200000047683716
endloop
endfacet
facet normal 0.9961947083383635 -0.08715562562819916 0
outer loop
vertex -64.72613525390625 -0.9965507984161377 0
vertex -64.41673278808594 2.539940357208252 0
vertex -64.41673278808594 2.539940357208252 2.200000047683716
endloop
endfacet
facet normal -1 0 0
outer loop
vertex -26.95975112915039 40.22408676147461 1.7000000476837158
vertex -26.95975112915039 43.774085998535156 2.200000047683716
vertex -26.95975112915039 43.774085998535156 0
endloop
endfacet
facet normal -0.9961947108891399 0.08715559647264742 0
outer loop
vertex -48.88874053955078 18.246355056762695 0
vertex -49.198143005371094 14.70986270904541 0
vertex -49.198143005371094 14.70986270904541 1.7000000476837158
endloop
endfacet
facet normal 0.052335953378348316 -0.998629534904701 0
outer loop
vertex -27.581249237060547 1.9056611061096191 2.200000047683716
vertex -13.500572204589844 2.6435980796813965 0
vertex -13.500572204589844 2.6435980796813965 2.200000047683716
endloop
endfacet
facet normal -0.9961946727330678 0.0871560325485401 -0.000002941732340994319
outer loop
vertex -34.1759033203125 -8.63825798034668 2.200000047683716
vertex -34.48530578613281 -12.174749374389648 1.7000000476837158
vertex -35.09539794921875 -19.14811134338379 1.7000000476837158
endloop
endfacet
facet normal 0.0871557684446727 0.9961946958435478 0
outer loop
vertex -46.487850189208984 12.414912223815918 0
vertex -46.487850189208984 12.414912223815918 2.200000047683716
vertex -39.72556686401367 11.823288917541504 2.200000047683716
endloop
endfacet
facet normal -0.25881904952018325 0.9659258251053592 0
outer loop
vertex 44.74970245361328 26.97898292541504 0
vertex 31.130146026611328 23.329633712768555 0
vertex 44.74970245361328 26.97898292541504 2.200000047683716
endloop
endfacet
facet normal 0.052336024364534536 -0.9986295311844703 0
outer loop
vertex -25.80182647705078 -32.04774475097656 2.200000047683716
vertex -25.80182647705078 -32.04774475097656 0
vertex -11.721150398254395 -31.30980682373047 0
endloop
endfacet
facet normal 0.9986295319571781 0.0523360096199926 -2.0818332930354626e-7
outer loop
vertex -9.976162910461426 -10.600716590881348 1.7000000476837158
vertex -10.342514991760254 -3.610309600830078 1.7000000476837158
vertex -9.790369987487793 -14.145851135253906 2.200000047683716
endloop
endfacet
facet normal 0.25881910024754234 -0.9659258115130026 0
outer loop
vertex 10.48079776763916 32.699188232421875 2.200000047683716
vertex 24.100351333618164 36.34853744506836 0
vertex 24.100351333618164 36.34853744506836 2.200000047683716
endloop
endfacet
facet normal 0.9848077591499614 0.17364814285579488 8.74659696303753e-7
outer loop
vertex 24.49831199645996 2.4811606407165527 2.200000047683716
vertex 22.666324615478516 12.870882034301758 1.7000000476837158
vertex 22.04987335205078 16.3669490814209 2.200000047683716
endloop
endfacet
facet normal 0.052335953378348316 -0.998629534904701 0
outer loop
vertex -27.581249237060547 1.9056611061096191 2.200000047683716
vertex -27.581249237060547 1.9056611061096191 0
vertex -13.500572204589844 2.6435980796813965 0
endloop
endfacet
facet normal -0.9659258077528968 -0.25881911428044424 0
outer loop
vertex 43.830894470214844 30.40802001953125 0
vertex 44.74970245361328 26.97898292541504 0
vertex 44.74970245361328 26.97898292541504 2.200000047683716
endloop
endfacet
facet normal 0.9986295304226239 0.05233603890140747 0
outer loop
vertex -27.029104232788086 -8.629880905151367 1.7000000476837158
vertex -26.843311309814453 -12.175015449523926 2.200000047683716
vertex -26.843311309814453 -12.175015449523926 0
endloop
endfacet
facet normal 0.05233595796724197 -0.9986295346642073 0
outer loop
vertex 3.5523691177368164 0.6727622747421265 0
vertex 3.5523691177368164 0.6727622747421265 2.200000047683716
vertex -10.52830696105957 -0.06517471373081207 2.200000047683716
endloop
endfacet
facet normal -0.05234778308061183 0.9986289148660503 0
outer loop
vertex 6.1146240234375 -43.80409240722656 0
vertex 5.883935928344727 -43.816184997558594 0
vertex 5.883935928344727 -43.816184997558594 1.7000000476837158
endloop
endfacet
facet normal -0.9999020913712104 -0.013993129438395039 0
outer loop
vertex 6.53745698928833 -42.58666229248047 0
vertex 6.543649196624756 -43.029136657714844 0
vertex 6.543649196624756 -43.029136657714844 1.7000000476837158
endloop
endfacet
facet normal -0.9986295279873268 -0.052336085369552116 0
outer loop
vertex 6.454764366149902 -41.33311080932617 0
vertex 6.476245403289795 -41.74299240112305 0
vertex 6.476245403289795 -41.74299240112305 1.7000000476837158
endloop
endfacet
facet normal -0.9986295331795558 -0.052335986296069 0
outer loop
vertex 6.216625213623047 -36.78914260864258 0
vertex 6.408986568450928 -40.45961380004883 0
vertex 6.408986568450928 -40.45961380004883 1.7000000476837158
endloop
endfacet
facet normal 0.05233219113055697 -0.9986297320686356 0
outer loop
vertex 5.517584323883057 -36.825775146484375 1.7000000476837158
vertex 5.517584323883057 -36.825775146484375 0
vertex 6.216625213623047 -36.78914260864258 0
endloop
endfacet
facet normal 0 0 -1
outer loop
vertex -8.19674015045166 -44.55411911010742 1.7000000476837158
vertex -9.26213264465332 -37.60034942626953 1.7000000476837158
vertex -8.563092231750488 -37.56371307373047 1.7000000476837158
endloop
endfacet
facet normal 0 0 -1
outer loop
vertex -8.19674015045166 -44.55411911010742 1.7000000476837158
vertex -8.895781517028809 -44.590755462646484 1.7000000476837158
vertex -9.26213264465332 -37.60034942626953 1.7000000476837158
endloop
endfacet
facet normal 0 0 -1
outer loop
vertex 6.216625213623047 -36.78914260864258 1.7000000476837158
vertex 5.883935928344727 -43.816184997558594 1.7000000476837158
vertex 5.517584323883057 -36.825775146484375 1.7000000476837158
endloop
endfacet
facet normal 0 0 -1
outer loop
vertex 6.216625213623047 -36.78914260864258 1.7000000476837158
vertex 6.408986568450928 -40.45961380004883 1.7000000476837158
vertex 6.1146240234375 -43.80409240722656 1.7000000476837158
endloop
endfacet
facet normal 0 0 -1
outer loop
vertex 6.454764366149902 -41.33311080932617 1.7000000476837158
vertex 6.1146240234375 -43.80409240722656 1.7000000476837158
vertex 6.408986568450928 -40.45961380004883 1.7000000476837158
endloop
endfacet
facet normal 0 0 -1
outer loop
vertex 6.454764366149902 -41.33311080932617 1.7000000476837158
vertex 6.476245403289795 -41.74299240112305 1.7000000476837158
vertex 6.1146240234375 -43.80409240722656 1.7000000476837158
endloop
endfacet
facet normal 0 0 -1
outer loop
vertex 6.1146240234375 -43.80409240722656 1.7000000476837158
vertex 5.883935928344727 -43.816184997558594 1.7000000476837158
vertex 6.216625213623047 -36.78914260864258 1.7000000476837158
endloop
endfacet
facet normal 0 0 -1
outer loop
vertex 6.53745698928833 -42.58666229248047 1.7000000476837158
vertex 6.1146240234375 -43.80409240722656 1.7000000476837158
vertex 6.476245403289795 -41.74299240112305 1.7000000476837158
endloop
endfacet
facet normal 0 0 -1
outer loop
vertex 6.53745698928833 -42.58666229248047 1.7000000476837158
vertex 6.543649196624756 -43.029136657714844 1.7000000476837158
vertex 6.1146240234375 -43.80409240722656 1.7000000476837158
endloop
endfacet
facet normal 0.05233766137397563 -0.9986294453909833 0
outer loop
vertex -9.26213264465332 -37.60034942626953 1.7000000476837158
vertex -8.563092231750488 -37.56371307373047 0
vertex -8.563092231750488 -37.56371307373047 1.7000000476837158
endloop
endfacet
facet normal 0.9986295387044689 0.05233588087440247 0
outer loop
vertex -8.895781517028809 -44.590755462646484 1.7000000476837158
vertex -8.895781517028809 -44.590755462646484 0
vertex -9.26213264465332 -37.60034942626953 1.7000000476837158
endloop
endfacet
facet normal -0.05233759016737379 0.9986294491228825 0
outer loop
vertex -8.19674015045166 -44.55411911010742 1.7000000476837158
vertex -8.895781517028809 -44.590755462646484 0
vertex -8.895781517028809 -44.590755462646484 1.7000000476837158
endloop
endfacet
facet normal 0.05233766137397563 -0.9986294453909833 0
outer loop
vertex -9.26213264465332 -37.60034942626953 1.7000000476837158
vertex -9.26213264465332 -37.60034942626953 0
vertex -8.563092231750488 -37.56371307373047 0
endloop
endfacet
facet normal 0.9986295387044689 0.05233588087440247 0
outer loop
vertex -8.895781517028809 -44.590755462646484 0
vertex -9.26213264465332 -37.60034942626953 0
vertex -9.26213264465332 -37.60034942626953 1.7000000476837158
endloop
endfacet
facet normal -0.05233759016737379 0.9986294491228825 0
outer loop
vertex -8.19674015045166 -44.55411911010742 0
vertex -8.895781517028809 -44.590755462646484 0
vertex -8.19674015045166 -44.55411911010742 1.7000000476837158
endloop
endfacet
facet normal -0.05234778308061183 0.9986289148660503 0
outer loop
vertex 6.1146240234375 -43.80409240722656 0
vertex 5.883935928344727 -43.816184997558594 1.7000000476837158
vertex 6.1146240234375 -43.80409240722656 1.7000000476837158
endloop
endfacet
facet normal -0.9999020913712104 -0.013993129438395039 0
outer loop
vertex 6.53745698928833 -42.58666229248047 0
vertex 6.543649196624756 -43.029136657714844 1.7000000476837158
vertex 6.53745698928833 -42.58666229248047 1.7000000476837158
endloop
endfacet
facet normal -0.9986295279873268 -0.052336085369552116 0
outer loop
vertex 6.454764366149902 -41.33311080932617 0
vertex 6.476245403289795 -41.74299240112305 1.7000000476837158
vertex 6.454764366149902 -41.33311080932617 1.7000000476837158
endloop
endfacet
facet normal -0.9986295331795558 -0.052335986296069 0
outer loop
vertex 6.216625213623047 -36.78914260864258 0
vertex 6.408986568450928 -40.45961380004883 1.7000000476837158
vertex 6.216625213623047 -36.78914260864258 1.7000000476837158
endloop
endfacet
facet normal 0.05233219113055697 -0.9986297320686356 0
outer loop
vertex 5.517584323883057 -36.825775146484375 1.7000000476837158
vertex 6.216625213623047 -36.78914260864258 0
vertex 6.216625213623047 -36.78914260864258 1.7000000476837158
endloop
endfacet
facet normal 0 0 -1
outer loop
vertex -10.83631706237793 -34.81830596923828 1.7000000476837158
vertex -11.169005393981934 -41.8453483581543 1.7000000476837158
vertex -11.535357475280762 -34.854942321777344 1.7000000476837158
endloop
endfacet
facet normal 0 0 -1
outer loop
vertex -10.469964981079102 -41.808712005615234 1.7000000476837158
vertex -11.169005393981934 -41.8453483581543 1.7000000476837158
vertex -10.83631706237793 -34.81830596923828 1.7000000476837158
endloop
endfacet
facet normal 0 0 -1
outer loop
vertex -25.24968147277832 -42.58328628540039 1.7000000476837158
vertex -26.315074920654297 -35.629512786865234 1.7000000476837158
vertex -25.61603355407715 -35.59287643432617 1.7000000476837158
endloop
endfacet
facet normal 0 0 -1
outer loop
vertex -25.24968147277832 -42.58328628540039 1.7000000476837158
vertex -25.94872283935547 -42.61991882324219 1.7000000476837158
vertex -26.315074920654297 -35.629512786865234 1.7000000476837158
endloop
endfacet
facet normal 0.05233766137397563 -0.9986294453909833 0
outer loop
vertex -11.535357475280762 -34.854942321777344 1.7000000476837158
vertex -10.83631706237793 -34.81830596923828 0
vertex -10.83631706237793 -34.81830596923828 1.7000000476837158
endloop
endfacet
facet normal -0.9986295315840327 -0.05233601674043816 0
outer loop
vertex -10.83631706237793 -34.81830596923828 0
vertex -10.469964981079102 -41.808712005615234 1.7000000476837158
vertex -10.83631706237793 -34.81830596923828 1.7000000476837158
endloop
endfacet
facet normal -0.05233766137397563 0.9986294453909833 0
outer loop
vertex -10.469964981079102 -41.808712005615234 1.7000000476837158
vertex -11.169005393981934 -41.8453483581543 0
vertex -11.169005393981934 -41.8453483581543 1.7000000476837158
endloop
endfacet
facet normal 0.05233759016737379 -0.9986294491228825 0
outer loop
vertex -26.315074920654297 -35.629512786865234 1.7000000476837158
vertex -25.61603355407715 -35.59287643432617 0
vertex -25.61603355407715 -35.59287643432617 1.7000000476837158
endloop
endfacet
facet normal 0.9986295315840327 0.05233601674043816 0
outer loop
vertex -25.94872283935547 -42.61991882324219 1.7000000476837158
vertex -25.94872283935547 -42.61991882324219 0
vertex -26.315074920654297 -35.629512786865234 1.7000000476837158
endloop
endfacet
facet normal -0.0523321555309569 0.9986297339341963 0
outer loop
vertex -25.24968147277832 -42.58328628540039 1.7000000476837158
vertex -25.94872283935547 -42.61991882324219 0
vertex -25.94872283935547 -42.61991882324219 1.7000000476837158
endloop
endfacet
facet normal 0.05233766137397563 -0.9986294453909833 0
outer loop
vertex -10.83631706237793 -34.81830596923828 0
vertex -11.535357475280762 -34.854942321777344 1.7000000476837158
vertex -11.535357475280762 -34.854942321777344 0
endloop
endfacet
facet normal -0.9986295315840327 -0.05233601674043816 0
outer loop
vertex -10.83631706237793 -34.81830596923828 0
vertex -10.469964981079102 -41.808712005615234 0
vertex -10.469964981079102 -41.808712005615234 1.7000000476837158
endloop
endfacet
facet normal -0.05233766137397563 0.9986294453909833 0
outer loop
vertex -10.469964981079102 -41.808712005615234 0
vertex -11.169005393981934 -41.8453483581543 0
vertex -10.469964981079102 -41.808712005615234 1.7000000476837158
endloop
endfacet
facet normal 0.05233759016737379 -0.9986294491228825 0
outer loop
vertex -26.315074920654297 -35.629512786865234 1.7000000476837158
vertex -26.315074920654297 -35.629512786865234 0
vertex -25.61603355407715 -35.59287643432617 0
endloop
endfacet
facet normal 0.9986295315840327 0.05233601674043816 0
outer loop
vertex -25.94872283935547 -42.61991882324219 0
vertex -26.315074920654297 -35.629512786865234 0
vertex -26.315074920654297 -35.629512786865234 1.7000000476837158
endloop
endfacet
facet normal -0.0523321555309569 0.9986297339341963 0
outer loop
vertex -25.24968147277832 -42.58328628540039 0
vertex -25.94872283935547 -42.61991882324219 0
vertex -25.24968147277832 -42.58328628540039 1.7000000476837158
endloop
endfacet
facet normal -0.1736451245655994 0.9848082913514677 0
outer loop
vertex 28.726329803466797 -34.166412353515625 0
vertex 28.036964416503906 -34.2879638671875 0
vertex 28.726329803466797 -34.166412353515625 1.7000000476837158
endloop
endfacet
facet normal 0.9848077239810642 0.17364834231064802 0
outer loop
vertex 12.246272087097168 -29.964303970336914 0
vertex 12.246272087097168 -29.964303970336914 1.7000000476837158
vertex 13.461810111999512 -36.85795593261719 0
endloop
endfacet
facet normal 0 0 -1
outer loop
vertex 14.151175498962402 -36.73640441894531 1.7000000476837158
vertex 13.461810111999512 -36.85795593261719 1.7000000476837158
vertex 12.246272087097168 -29.964303970336914 1.7000000476837158
endloop
endfacet
facet normal -0.1736451245655994 0.9848082913514677 0
outer loop
vertex 14.151175498962402 -36.73640441894531 0
vertex 13.461810111999512 -36.85795593261719 0
vertex 14.151175498962402 -36.73640441894531 1.7000000476837158
endloop
endfacet
facet normal 0 0 -1
outer loop
vertex 28.726329803466797 -34.166412353515625 1.7000000476837158
vertex 28.036964416503906 -34.2879638671875 1.7000000476837158
vertex 27.510791778564453 -27.272756576538086 1.7000000476837158
endloop
endfacet
facet normal 0.1736477671896889 -0.9848078253903326 0
outer loop
vertex 26.821426391601562 -27.394309997558594 1.7000000476837158
vertex 26.821426391601562 -27.394309997558594 0
vertex 27.510791778564453 -27.272756576538086 1.7000000476837158
endloop
endfacet
facet normal -0.9848077404135439 -0.17364824911748994 0
outer loop
vertex 28.726329803466797 -34.166412353515625 0
vertex 28.726329803466797 -34.166412353515625 1.7000000476837158
vertex 27.510791778564453 -27.272756576538086 0
endloop
endfacet
facet normal 0.17365040981002727 -0.984807359422547 0
outer loop
vertex 12.246272087097168 -29.964303970336914 1.7000000476837158
vertex 12.246272087097168 -29.964303970336914 0
vertex 12.935637474060059 -29.842748641967773 0
endloop
endfacet
facet normal 0.1736477671896889 -0.9848078253903326 0
outer loop
vertex 27.510791778564453 -27.272756576538086 0
vertex 27.510791778564453 -27.272756576538086 1.7000000476837158
vertex 26.821426391601562 -27.394309997558594 0
endloop
endfacet
facet normal 0 0 -1
outer loop
vertex 27.510791778564453 -27.272756576538086 1.7000000476837158
vertex 28.036964416503906 -34.2879638671875 1.7000000476837158
vertex 26.821426391601562 -27.394309997558594 1.7000000476837158
endloop
endfacet
facet normal -0.9848077404135439 -0.17364824911748994 0
outer loop
vertex 27.510791778564453 -27.272756576538086 1.7000000476837158
vertex 27.510791778564453 -27.272756576538086 0
vertex 28.726329803466797 -34.166412353515625 1.7000000476837158
endloop
endfacet
facet normal 0.17365040981002727 -0.984807359422547 0
outer loop
vertex 12.246272087097168 -29.964303970336914 1.7000000476837158
vertex 12.935637474060059 -29.842748641967773 0
vertex 12.935637474060059 -29.842748641967773 1.7000000476837158
endloop
endfacet
facet normal -0.1736451245655994 0.9848082913514677 0
outer loop
vertex 14.151175498962402 -36.73640441894531 1.7000000476837158
vertex 13.461810111999512 -36.85795593261719 0
vertex 13.461810111999512 -36.85795593261719 1.7000000476837158
endloop
endfacet
facet normal 0.9848077239810642 0.17364834231064802 0
outer loop
vertex 13.461810111999512 -36.85795593261719 1.7000000476837158
vertex 13.461810111999512 -36.85795593261719 0
vertex 12.246272087097168 -29.964303970336914 1.7000000476837158
endloop
endfacet
facet normal 0 0 -1
outer loop
vertex 14.151175498962402 -36.73640441894531 1.7000000476837158
vertex 12.246272087097168 -29.964303970336914 1.7000000476837158
vertex 12.935637474060059 -29.842748641967773 1.7000000476837158
endloop
endfacet
facet normal -0.1736451245655994 0.9848082913514677 0
outer loop
vertex 28.726329803466797 -34.166412353515625 1.7000000476837158
vertex 28.036964416503906 -34.2879638671875 0
vertex 28.036964416503906 -34.2879638671875 1.7000000476837158
endloop
endfacet
facet normal -0.9986295358905851 -0.05233593456655215 0
outer loop
vertex 5.326913833618164 -19.81243896484375 0
vertex 5.693265438079834 -26.802846908569336 1.7000000476837158
vertex 5.326913833618164 -19.81243896484375 1.7000000476837158
endloop
endfacet
facet normal -0.05233494405267176 0.9986295878007039 0
outer loop
vertex -9.086451530456543 -27.57741928100586 0
vertex -9.785491943359375 -27.61405372619629 0
vertex -9.086451530456543 -27.57741928100586 1.7000000476837158
endloop
endfacet
facet normal 0.05233762577065053 -0.9986294472569348 0
outer loop
vertex 4.627872943878174 -19.849075317382812 1.7000000476837158
vertex 5.326913833618164 -19.81243896484375 0
vertex 5.326913833618164 -19.81243896484375 1.7000000476837158
endloop
endfacet
facet normal 0.05233766137397563 -0.9986294453909833 0
outer loop
vertex -10.151844024658203 -20.623647689819336 1.7000000476837158
vertex -9.452803611755371 -20.587011337280273 0
vertex -9.452803611755371 -20.587011337280273 1.7000000476837158
endloop
endfacet
facet normal -0.05233494405267176 0.9986295878007039 0
outer loop
vertex -9.086451530456543 -27.57741928100586 1.7000000476837158
vertex -9.785491943359375 -27.61405372619629 0
vertex -9.785491943359375 -27.61405372619629 1.7000000476837158
endloop
endfacet
facet normal 0 0 -1
outer loop
vertex 5.326913833618164 -19.81243896484375 1.7000000476837158
vertex 4.994225025177002 -26.839481353759766 1.7000000476837158
vertex 4.627872943878174 -19.849075317382812 1.7000000476837158
endloop
endfacet
facet normal 0 0 -1
outer loop
vertex 5.693265438079834 -26.802846908569336 1.7000000476837158
vertex 4.994225025177002 -26.839481353759766 1.7000000476837158
vertex 5.326913833618164 -19.81243896484375 1.7000000476837158
endloop
endfacet
facet normal 0 0 -1
outer loop
vertex -9.086451530456543 -27.57741928100586 1.7000000476837158
vertex -10.151844024658203 -20.623647689819336 1.7000000476837158
vertex -9.452803611755371 -20.587011337280273 1.7000000476837158
endloop
endfacet
facet normal 0 0 -1
outer loop
vertex -9.785491943359375 -27.61405372619629 1.7000000476837158
vertex -10.151844024658203 -20.623647689819336 1.7000000476837158
vertex -9.086451530456543 -27.57741928100586 1.7000000476837158
endloop
endfacet
facet normal 0.9986295315840327 0.05233601674043816 0
outer loop
vertex -9.785491943359375 -27.61405372619629 0
vertex -10.151844024658203 -20.623647689819336 1.7000000476837158
vertex -9.785491943359375 -27.61405372619629 1.7000000476837158
endloop
endfacet
facet normal 0.9986295315840327 0.05233601674043816 0
outer loop
vertex -9.785491943359375 -27.61405372619629 0
vertex -10.151844024658203 -20.623647689819336 0
vertex -10.151844024658203 -20.623647689819336 1.7000000476837158
endloop
endfacet
facet normal 0.05233762577065053 -0.9986294472569348 0
outer loop
vertex 5.326913833618164 -19.81243896484375 0
vertex 4.627872943878174 -19.849075317382812 1.7000000476837158
vertex 4.627872943878174 -19.849075317382812 0
endloop
endfacet
facet normal -0.9986295358905851 -0.05233593456655215 0
outer loop
vertex 5.326913833618164 -19.81243896484375 0
vertex 5.693265438079834 -26.802846908569336 0
vertex 5.693265438079834 -26.802846908569336 1.7000000476837158
endloop
endfacet
facet normal -0.05233494405267176 0.9986295878007039 0
outer loop
vertex 5.693265438079834 -26.802846908569336 0
vertex 4.994225025177002 -26.839481353759766 0
vertex 5.693265438079834 -26.802846908569336 1.7000000476837158
endloop
endfacet
facet normal 0.05233766137397563 -0.9986294453909833 0
outer loop
vertex -10.151844024658203 -20.623647689819336 1.7000000476837158
vertex -10.151844024658203 -20.623647689819336 0
vertex -9.452803611755371 -20.587011337280273 0
endloop
endfacet
facet normal -0.05233494405267176 0.9986295878007039 0
outer loop
vertex 5.693265438079834 -26.802846908569336 1.7000000476837158
vertex 4.994225025177002 -26.839481353759766 0
vertex 4.994225025177002 -26.839481353759766 1.7000000476837158
endloop
endfacet
facet normal -0.9848077404135439 -0.17364824911748994 0
outer loop
vertex 43.14551544189453 -18.042587280273438 0
vertex 44.361053466796875 -24.936243057250977 0
vertex 44.361053466796875 -24.936243057250977 1.7000000476837158
endloop
endfacet
facet normal 0 0 -1
outer loop
vertex 29.785900115966797 -27.506235122680664 1.7000000476837158
vertex 29.096534729003906 -27.627788543701172 1.7000000476837158
vertex 27.880996704101562 -20.734134674072266 1.7000000476837158
endloop
endfacet
facet normal -0.9848077404135439 -0.17364824911748994 0
outer loop
vertex 43.14551544189453 -18.042587280273438 1.7000000476837158
vertex 43.14551544189453 -18.042587280273438 0
vertex 44.361053466796875 -24.936243057250977 1.7000000476837158
endloop
endfacet
facet normal 0.17365040981002727 -0.984807359422547 0
outer loop
vertex 43.14551544189453 -18.042587280273438 0
vertex 43.14551544189453 -18.042587280273438 1.7000000476837158
vertex 42.45615005493164 -18.164142608642578 0
endloop
endfacet
facet normal -0.1736477671896889 0.9848078253903326 0
outer loop
vertex 44.361053466796875 -24.936243057250977 1.7000000476837158
vertex 43.671688079833984 -25.057796478271484 0
vertex 43.671688079833984 -25.057796478271484 1.7000000476837158
endloop
endfacet
facet normal -0.1736477671896889 0.9848078253903326 0
outer loop
vertex 44.361053466796875 -24.936243057250977 0
vertex 43.671688079833984 -25.057796478271484 0
vertex 44.361053466796875 -24.936243057250977 1.7000000476837158
endloop
endfacet
facet normal -0.1736477671896889 0.9848078253903326 0
outer loop
vertex 29.785900115966797 -27.506235122680664 0
vertex 29.096534729003906 -27.627788543701172 0
vertex 29.785900115966797 -27.506235122680664 1.7000000476837158
endloop
endfacet
facet normal 0 0 -1
outer loop
vertex 43.14551544189453 -18.042587280273438 1.7000000476837158
vertex 43.671688079833984 -25.057796478271484 1.7000000476837158
vertex 42.45615005493164 -18.164142608642578 1.7000000476837158
endloop
endfacet
facet normal 0 0 -1
outer loop
vertex 44.361053466796875 -24.936243057250977 1.7000000476837158
vertex 43.671688079833984 -25.057796478271484 1.7000000476837158
vertex 43.14551544189453 -18.042587280273438 1.7000000476837158
endloop
endfacet
facet normal 0.9848077321973074 0.17364829571405666 0
outer loop
vertex 29.096534729003906 -27.627788543701172 0
vertex 27.880996704101562 -20.734134674072266 0
vertex 27.880996704101562 -20.734134674072266 1.7000000476837158
endloop
endfacet
facet normal 0.1736477671896889 -0.9848078253903326 0
outer loop
vertex 27.880996704101562 -20.734134674072266 1.7000000476837158
vertex 27.880996704101562 -20.734134674072266 0
vertex 28.570362091064453 -20.612581253051758 0
endloop
endfacet
facet normal 0 0 -1
outer loop
vertex 29.785900115966797 -27.506235122680664 1.7000000476837158
vertex 27.880996704101562 -20.734134674072266 1.7000000476837158
vertex 28.570362091064453 -20.612581253051758 1.7000000476837158
endloop
endfacet
facet normal 0.1736477671896889 -0.9848078253903326 0
outer loop
vertex 27.880996704101562 -20.734134674072266 1.7000000476837158
vertex 28.570362091064453 -20.612581253051758 0
vertex 28.570362091064453 -20.612581253051758 1.7000000476837158
endloop
endfacet
facet normal 0.9848077321973074 0.17364829571405666 0
outer loop
vertex 29.096534729003906 -27.627788543701172 1.7000000476837158
vertex 29.096534729003906 -27.627788543701172 0
vertex 27.880996704101562 -20.734134674072266 1.7000000476837158
endloop
endfacet
facet normal -0.1736477671896889 0.9848078253903326 0
outer loop
vertex 29.785900115966797 -27.506235122680664 1.7000000476837158
vertex 29.096534729003906 -27.627788543701172 0
vertex 29.096534729003906 -27.627788543701172 1.7000000476837158
endloop
endfacet
facet normal 0.17365040981002727 -0.984807359422547 0
outer loop
vertex 42.45615005493164 -18.164142608642578 1.7000000476837158
vertex 42.45615005493164 -18.164142608642578 0
vertex 43.14551544189453 -18.042587280273438 1.7000000476837158
endloop
endfacet
facet normal 0 0 -1
outer loop
vertex -11.359676361083984 -24.83201026916504 1.7000000476837158
vertex -12.058716773986816 -24.86864471435547 1.7000000476837158
vertex -11.726028442382812 -17.841604232788086 1.7000000476837158
endloop
endfacet
facet normal 0.05233487284974659 -0.9986295915322161 0
outer loop
vertex -27.20478630065918 -18.65281105041504 1.7000000476837158
vertex -26.50574493408203 -18.61617660522461 0
vertex -26.50574493408203 -18.61617660522461 1.7000000476837158
endloop
endfacet
facet normal 0.9986295315840327 0.05233601674043816 0
outer loop
vertex -26.83843421936035 -25.643217086791992 1.7000000476837158
vertex -26.83843421936035 -25.643217086791992 0
vertex -27.20478630065918 -18.65281105041504 1.7000000476837158
endloop
endfacet
facet normal 0 0 -1
outer loop
vertex -26.139392852783203 -25.606582641601562 1.7000000476837158
vertex -27.20478630065918 -18.65281105041504 1.7000000476837158
vertex -26.50574493408203 -18.61617660522461 1.7000000476837158
endloop
endfacet
facet normal -0.05233494405267176 0.9986295878007039 0
outer loop
vertex -11.359676361083984 -24.83201026916504 1.7000000476837158
vertex -12.058716773986816 -24.86864471435547 0
vertex -12.058716773986816 -24.86864471435547 1.7000000476837158
endloop
endfacet
facet normal -0.9986295315840327 -0.05233601674043816 0
outer loop
vertex -11.726028442382812 -17.841604232788086 0
vertex -11.359676361083984 -24.83201026916504 1.7000000476837158
vertex -11.726028442382812 -17.841604232788086 1.7000000476837158
endloop
endfacet
facet normal 0.05233494405267176 -0.9986295878007039 0
outer loop
vertex -12.425068855285645 -17.878238677978516 1.7000000476837158
vertex -11.726028442382812 -17.841604232788086 0
vertex -11.726028442382812 -17.841604232788086 1.7000000476837158
endloop
endfacet
facet normal -0.05233487284974659 0.9986295915322161 0
outer loop
vertex -26.139392852783203 -25.606582641601562 1.7000000476837158
vertex -26.83843421936035 -25.643217086791992 0
vertex -26.83843421936035 -25.643217086791992 1.7000000476837158
endloop
endfacet
facet normal 0 0 -1
outer loop
vertex -26.139392852783203 -25.606582641601562 1.7000000476837158
vertex -26.83843421936035 -25.643217086791992 1.7000000476837158
vertex -27.20478630065918 -18.65281105041504 1.7000000476837158
endloop
endfacet
facet normal 0.05233487284974659 -0.9986295915322161 0
outer loop
vertex -27.20478630065918 -18.65281105041504 1.7000000476837158
vertex -27.20478630065918 -18.65281105041504 0
vertex -26.50574493408203 -18.61617660522461 0
endloop
endfacet
facet normal 0.9986295315840327 0.05233601674043816 0
outer loop
vertex -26.83843421936035 -25.643217086791992 0
vertex -27.20478630065918 -18.65281105041504 0
vertex -27.20478630065918 -18.65281105041504 1.7000000476837158
endloop
endfacet
facet normal 0 0 -1
outer loop
vertex -11.726028442382812 -17.841604232788086 1.7000000476837158
vertex -12.058716773986816 -24.86864471435547 1.7000000476837158
vertex -12.425068855285645 -17.878238677978516 1.7000000476837158
endloop
endfacet
facet normal -0.05233494405267176 0.9986295878007039 0
outer loop
vertex -11.359676361083984 -24.83201026916504 0
vertex -12.058716773986816 -24.86864471435547 0
vertex -11.359676361083984 -24.83201026916504 1.7000000476837158
endloop
endfacet
facet normal -0.9986295315840327 -0.05233601674043816 0
outer loop
vertex -11.726028442382812 -17.841604232788086 0
vertex -11.359676361083984 -24.83201026916504 0
vertex -11.359676361083984 -24.83201026916504 1.7000000476837158
endloop
endfacet
facet normal 0.05233494405267176 -0.9986295878007039 0
outer loop
vertex -12.425068855285645 -17.878238677978516 0
vertex -11.726028442382812 -17.841604232788086 0
vertex -12.425068855285645 -17.878238677978516 1.7000000476837158
endloop
endfacet
facet normal -0.05233487284974659 0.9986295915322161 0
outer loop
vertex -26.139392852783203 -25.606582641601562 0
vertex -26.83843421936035 -25.643217086791992 0
vertex -26.139392852783203 -25.606582641601562 1.7000000476837158
endloop
endfacet
facet normal 0 0 -1
outer loop
vertex 11.199155807495117 -19.994672775268555 1.7000000476837158
vertex 10.509790420532227 -20.116226196289062 1.7000000476837158
vertex 9.2942533493042 -13.22257137298584 1.7000000476837158
endloop
endfacet
facet normal 0 0 -1
outer loop
vertex 25.774311065673828 -17.424678802490234 1.7000000476837158
vertex 25.084945678710938 -17.546232223510742 1.7000000476837158
vertex 24.558773040771484 -10.531024932861328 1.7000000476837158
endloop
endfacet
facet normal 0.1736477671896889 -0.9848078253903326 0
outer loop
vertex 9.2942533493042 -13.22257137298584 1.7000000476837158
vertex 9.2942533493042 -13.22257137298584 0
vertex 9.98361873626709 -13.101017951965332 0
endloop
endfacet
facet normal -0.1736477671896889 0.9848078253903326 0
outer loop
vertex 25.774311065673828 -17.424678802490234 0
vertex 25.084945678710938 -17.546232223510742 0
vertex 25.774311065673828 -17.424678802490234 1.7000000476837158
endloop
endfacet
facet normal 0.9848077596037016 0.17364814028470898 0
outer loop
vertex 10.509790420532227 -20.116226196289062 1.7000000476837158
vertex 10.509790420532227 -20.116226196289062 0
vertex 9.2942533493042 -13.22257137298584 1.7000000476837158
endloop
endfacet
facet normal -0.1736477671896889 0.9848078253903326 0
outer loop
vertex 11.199155807495117 -19.994672775268555 1.7000000476837158
vertex 10.509790420532227 -20.116226196289062 0
vertex 10.509790420532227 -20.116226196289062 1.7000000476837158
endloop
endfacet
facet normal -0.1736477671896889 0.9848078253903326 0
outer loop
vertex 11.199155807495117 -19.994672775268555 0
vertex 10.509790420532227 -20.116226196289062 0
vertex 11.199155807495117 -19.994672775268555 1.7000000476837158
endloop
endfacet
facet normal -0.1736477671896889 0.9848078253903326 0
outer loop
vertex 25.774311065673828 -17.424678802490234 1.7000000476837158
vertex 25.084945678710938 -17.546232223510742 0
vertex 25.084945678710938 -17.546232223510742 1.7000000476837158
endloop
endfacet
facet normal 0 0 -1
outer loop
vertex 9.98361873626709 -13.101017951965332 1.7000000476837158
vertex 11.199155807495117 -19.994672775268555 1.7000000476837158
vertex 9.2942533493042 -13.22257137298584 1.7000000476837158
endloop
endfacet
facet normal 0.1736477671896889 -0.9848078253903326 0
outer loop
vertex 24.558773040771484 -10.531024932861328 0
vertex 23.869407653808594 -10.652578353881836 1.7000000476837158
vertex 23.869407653808594 -10.652578353881836 0
endloop
endfacet
facet normal -0.9848077321973074 -0.17364829571405666 0
outer loop
vertex 24.558773040771484 -10.531024932861328 0
vertex 25.774311065673828 -17.424678802490234 0
vertex 25.774311065673828 -17.424678802490234 1.7000000476837158
endloop
endfacet
facet normal 0.1736477671896889 -0.9848078253903326 0
outer loop
vertex 9.2942533493042 -13.22257137298584 1.7000000476837158
vertex 9.98361873626709 -13.101017951965332 0
vertex 9.98361873626709 -13.101017951965332 1.7000000476837158
endloop
endfacet
facet normal -0.9848077321973074 -0.17364829571405666 0
outer loop
vertex 24.558773040771484 -10.531024932861328 0
vertex 25.774311065673828 -17.424678802490234 1.7000000476837158
vertex 24.558773040771484 -10.531024932861328 1.7000000476837158
endloop
endfacet
facet normal 0.1736477671896889 -0.9848078253903326 0
outer loop
vertex 23.869407653808594 -10.652578353881836 1.7000000476837158
vertex 24.558773040771484 -10.531024932861328 0
vertex 24.558773040771484 -10.531024932861328 1.7000000476837158
endloop
endfacet
facet normal 0 0 -1
outer loop
vertex 24.558773040771484 -10.531024932861328 1.7000000476837158
vertex 25.084945678710938 -17.546232223510742 1.7000000476837158
vertex 23.869407653808594 -10.652578353881836 1.7000000476837158
endloop
endfacet
facet normal 0.9848077596037016 0.17364814028470898 0
outer loop
vertex 9.2942533493042 -13.22257137298584 0
vertex 9.2942533493042 -13.22257137298584 1.7000000476837158
vertex 10.509790420532227 -20.116226196289062 0
endloop
endfacet
facet normal 0 0 -1
outer loop
vertex -49.14174270629883 -17.91921615600586 1.7000000476837158
vertex -49.83907699584961 -17.85820770263672 1.7000000476837158
vertex -49.22898864746094 -10.884844779968262 1.7000000476837158
endloop
endfacet
facet normal -0.08715653953655478 -0.9961946283814288 0
outer loop
vertex -33.78797149658203 -12.235758781433105 0
vertex -34.48530578613281 -12.174749374389648 1.7000000476837158
vertex -34.48530578613281 -12.174749374389648 0
endloop
endfacet
facet normal 0 0 -1
outer loop
vertex -33.78797149658203 -12.235758781433105 1.7000000476837158
vertex -35.09539794921875 -19.14811134338379 1.7000000476837158
vertex -34.48530578613281 -12.174749374389648 1.7000000476837158
endloop
endfacet
facet normal -0.08715653953655478 -0.9961946283814288 0
outer loop
vertex -34.48530578613281 -12.174749374389648 1.7000000476837158
vertex -33.78797149658203 -12.235758781433105 0
vertex -33.78797149658203 -12.235758781433105 1.7000000476837158
endloop
endfacet
facet normal -0.08715471434017415 -0.9961947880652069 0
outer loop
vertex -49.22898864746094 -10.884844779968262 1.7000000476837158
vertex -48.53165054321289 -10.945853233337402 0
vertex -48.53165054321289 -10.945853233337402 1.7000000476837158
endloop
endfacet
facet normal -0.9961947210876521 0.08715547990284558 0
outer loop
vertex -33.78797149658203 -12.235758781433105 0
vertex -34.3980598449707 -19.209121704101562 1.7000000476837158
vertex -33.78797149658203 -12.235758781433105 1.7000000476837158
endloop
endfacet
facet normal 0.08715741841887047 0.9961945514880907 0
outer loop
vertex -34.3980598449707 -19.209121704101562 1.7000000476837158
vertex -35.09539794921875 -19.14811134338379 0
vertex -35.09539794921875 -19.14811134338379 1.7000000476837158
endloop
endfacet
facet normal 0 0 -1
outer loop
vertex -34.3980598449707 -19.209121704101562 1.7000000476837158
vertex -35.09539794921875 -19.14811134338379 1.7000000476837158
vertex -33.78797149658203 -12.235758781433105 1.7000000476837158
endloop
endfacet
facet normal 0.08715518748973815 0.9961947466703629 0
outer loop
vertex -49.14174270629883 -17.91921615600586 0
vertex -49.83907699584961 -17.85820770263672 0
vertex -49.14174270629883 -17.91921615600586 1.7000000476837158
endloop
endfacet
facet normal -0.08715471434017415 -0.9961947880652069 0
outer loop
vertex -49.22898864746094 -10.884844779968262 1.7000000476837158
vertex -49.22898864746094 -10.884844779968262 0
vertex -48.53165054321289 -10.945853233337402 0
endloop
endfacet
facet normal 0.9961947210876521 -0.08715547990284558 0
outer loop
vertex -49.83907699584961 -17.85820770263672 0
vertex -49.22898864746094 -10.884844779968262 0
vertex -49.22898864746094 -10.884844779968262 1.7000000476837158
endloop
endfacet
facet normal 0.08715741841887047 0.9961945514880907 0
outer loop
vertex -34.3980598449707 -19.209121704101562 0
vertex -35.09539794921875 -19.14811134338379 0
vertex -34.3980598449707 -19.209121704101562 1.7000000476837158
endloop
endfacet
facet normal 0.08715518748973815 0.9961947466703629 0
outer loop
vertex -49.14174270629883 -17.91921615600586 1.7000000476837158
vertex -49.83907699584961 -17.85820770263672 0
vertex -49.83907699584961 -17.85820770263672 1.7000000476837158
endloop
endfacet
facet normal 0.9961947210876521 -0.08715547990284558 0
outer loop
vertex -49.83907699584961 -17.85820770263672 1.7000000476837158
vertex -49.83907699584961 -17.85820770263672 0
vertex -49.22898864746094 -10.884844779968262 1.7000000476837158
endloop
endfacet
facet normal -0.9961947210876521 0.08715547990284558 0
outer loop
vertex -34.3980598449707 -19.209121704101562 0
vertex -34.3980598449707 -19.209121704101562 1.7000000476837158
vertex -33.78797149658203 -12.235758781433105 0
endloop
endfacet
facet normal 0 0 -1
outer loop
vertex -48.53165054321289 -10.945853233337402 1.7000000476837158
vertex -49.14174270629883 -17.91921615600586 1.7000000476837158
vertex -49.22898864746094 -10.884844779968262 1.7000000476837158
endloop
endfacet
facet normal 0.1736477671896889 -0.9848078253903326 0
outer loop
vertex 58.98188781738281 -9.019464492797852 0
vertex 58.29252243041992 -9.14101791381836 1.7000000476837158
vertex 58.29252243041992 -9.14101791381836 0
endloop
endfacet
facet normal 0.1736477671896889 -0.9848078253903326 0
outer loop
vertex 58.29252243041992 -9.14101791381836 1.7000000476837158
vertex 58.98188781738281 -9.019464492797852 0
vertex 58.98188781738281 -9.019464492797852 1.7000000476837158
endloop
endfacet
facet normal 0.9848077363054265 0.17364827241577022 0
outer loop
vertex 44.93290710449219 -18.604665756225586 0
vertex 43.717369079589844 -11.711010932922363 1.7000000476837158
vertex 44.93290710449219 -18.604665756225586 1.7000000476837158
endloop
endfacet
facet normal 0.9848077363054265 0.17364827241577022 0
outer loop
vertex 43.717369079589844 -11.711010932922363 0
vertex 43.717369079589844 -11.711010932922363 1.7000000476837158
vertex 44.93290710449219 -18.604665756225586 0
endloop
endfacet
facet normal -0.17365040981002727 0.984807359422547 0
outer loop
vertex 45.62227249145508 -18.483110427856445 1.7000000476837158
vertex 44.93290710449219 -18.604665756225586 0
vertex 44.93290710449219 -18.604665756225586 1.7000000476837158
endloop
endfacet
facet normal 0.1736477671896889 -0.9848078253903326 0
outer loop
vertex 43.717369079589844 -11.711010932922363 1.7000000476837158
vertex 44.406734466552734 -11.589457511901855 0
vertex 44.406734466552734 -11.589457511901855 1.7000000476837158
endloop
endfacet
facet normal -0.17365040981002727 0.984807359422547 0
outer loop
vertex 45.62227249145508 -18.483110427856445 0
vertex 44.93290710449219 -18.604665756225586 0
vertex 45.62227249145508 -18.483110427856445 1.7000000476837158
endloop
endfacet
facet normal 0 0 -1
outer loop
vertex 58.98188781738281 -9.019464492797852 1.7000000476837158
vertex 59.508060455322266 -16.034671783447266 1.7000000476837158
vertex 58.29252243041992 -9.14101791381836 1.7000000476837158
endloop
endfacet
facet normal -0.1736477671896889 0.9848078253903326 0
outer loop
vertex 60.197425842285156 -15.913118362426758 0
vertex 59.508060455322266 -16.034671783447266 0
vertex 60.197425842285156 -15.913118362426758 1.7000000476837158
endloop
endfacet
facet normal -0.9848077321973074 -0.17364829571405666 0
outer loop
vertex 58.98188781738281 -9.019464492797852 0
vertex 60.197425842285156 -15.913118362426758 0
vertex 60.197425842285156 -15.913118362426758 1.7000000476837158
endloop
endfacet
facet normal 0 0 -1
outer loop
vertex 60.197425842285156 -15.913118362426758 1.7000000476837158
vertex 59.508060455322266 -16.034671783447266 1.7000000476837158
vertex 58.98188781738281 -9.019464492797852 1.7000000476837158
endloop
endfacet
facet normal 0 0 -1
outer loop
vertex 44.406734466552734 -11.589457511901855 1.7000000476837158
vertex 45.62227249145508 -18.483110427856445 1.7000000476837158
vertex 43.717369079589844 -11.711010932922363 1.7000000476837158
endloop
endfacet
facet normal 0.1736477671896889 -0.9848078253903326 0
outer loop
vertex 43.717369079589844 -11.711010932922363 1.7000000476837158
vertex 43.717369079589844 -11.711010932922363 0
vertex 44.406734466552734 -11.589457511901855 0
endloop
endfacet
facet normal 0 0 -1
outer loop
vertex 45.62227249145508 -18.483110427856445 1.7000000476837158
vertex 44.93290710449219 -18.604665756225586 1.7000000476837158
vertex 43.717369079589844 -11.711010932922363 1.7000000476837158
endloop
endfacet
facet normal -0.1736477671896889 0.9848078253903326 0
outer loop
vertex 60.197425842285156 -15.913118362426758 1.7000000476837158
vertex 59.508060455322266 -16.034671783447266 0
vertex 59.508060455322266 -16.034671783447266 1.7000000476837158
endloop
endfacet
facet normal -0.9848077321973074 -0.17364829571405666 0
outer loop
vertex 58.98188781738281 -9.019464492797852 1.7000000476837158
vertex 58.98188781738281 -9.019464492797852 0
vertex 60.197425842285156 -15.913118362426758 1.7000000476837158
endloop
endfacet
facet normal 0.05233596304829694 -0.9986295343979205 0
outer loop
vertex -11.041555404663086 -3.646944761276245 1.7000000476837158
vertex -10.342514991760254 -3.610309600830078 0
vertex -10.342514991760254 -3.610309600830078 1.7000000476837158
endloop
endfacet
facet normal 0 0 -1
outer loop
vertex 4.803554058074951 -9.826144218444824 1.7000000476837158
vertex 4.104513645172119 -9.86277961730957 1.7000000476837158
vertex 4.437202453613281 -2.835737466812134 1.7000000476837158
endloop
endfacet
facet normal 0 0 -1
outer loop
vertex -9.976162910461426 -10.600716590881348 1.7000000476837158
vertex -11.041555404663086 -3.646944761276245 1.7000000476837158
vertex -10.342514991760254 -3.610309600830078 1.7000000476837158
endloop
endfacet
facet normal 0.9986295316773245 0.052336014960326874 0
outer loop
vertex -10.675203323364258 -10.637351036071777 1.7000000476837158
vertex -10.675203323364258 -10.637351036071777 0
vertex -11.041555404663086 -3.646944761276245 1.7000000476837158
endloop
endfacet
facet normal -0.05233494405267176 0.9986295878007039 0
outer loop
vertex -9.976162910461426 -10.600716590881348 1.7000000476837158
vertex -10.675203323364258 -10.637351036071777 0
vertex -10.675203323364258 -10.637351036071777 1.7000000476837158
endloop
endfacet
facet normal -0.9986295354241277 -0.052335943467094075 0
outer loop
vertex 4.437202453613281 -2.835737466812134 0
vertex 4.803554058074951 -9.826144218444824 0
vertex 4.803554058074951 -9.826144218444824 1.7000000476837158
endloop
endfacet
facet normal 0 0 -1
outer loop
vertex 4.104513645172119 -9.86277961730957 1.7000000476837158
vertex 3.73816180229187 -2.872372627258301 1.7000000476837158
vertex 4.437202453613281 -2.835737466812134 1.7000000476837158
endloop
endfacet
facet normal -0.9986295354241277 -0.052335943467094075 0
outer loop
vertex 4.437202453613281 -2.835737466812134 1.7000000476837158
vertex 4.437202453613281 -2.835737466812134 0
vertex 4.803554058074951 -9.826144218444824 1.7000000476837158
endloop
endfacet
facet normal 0.05233594524720283 -0.9986295353308363 0
outer loop
vertex 3.73816180229187 -2.872372627258301 1.7000000476837158
vertex 4.437202453613281 -2.835737466812134 0
vertex 4.437202453613281 -2.835737466812134 1.7000000476837158
endloop
endfacet
facet normal -0.05233630271346901 0.9986295165967628 0
outer loop
vertex 4.803554058074951 -9.826144218444824 1.7000000476837158
vertex 4.104513645172119 -9.86277961730957 0
vertex 4.104513645172119 -9.86277961730957 1.7000000476837158
endloop
endfacet
facet normal 0.05233594524720283 -0.9986295353308363 0
outer loop
vertex 4.437202453613281 -2.835737466812134 0
vertex 3.73816180229187 -2.872372627258301 1.7000000476837158
vertex 3.73816180229187 -2.872372627258301 0
endloop
endfacet
facet normal 0 0 -1
outer loop
vertex -9.976162910461426 -10.600716590881348 1.7000000476837158
vertex -10.675203323364258 -10.637351036071777 1.7000000476837158
vertex -11.041555404663086 -3.646944761276245 1.7000000476837158
endloop
endfacet
facet normal 0.05233596304829694 -0.9986295343979205 0
outer loop
vertex -11.041555404663086 -3.646944761276245 1.7000000476837158
vertex -11.041555404663086 -3.646944761276245 0
vertex -10.342514991760254 -3.610309600830078 0
endloop
endfacet
facet normal 0.9986295316773245 0.052336014960326874 0
outer loop
vertex -10.675203323364258 -10.637351036071777 0
vertex -11.041555404663086 -3.646944761276245 0
vertex -11.041555404663086 -3.646944761276245 1.7000000476837158
endloop
endfacet
facet normal -0.05233630271346901 0.9986295165967628 0
outer loop
vertex 4.803554058074951 -9.826144218444824 0
vertex 4.104513645172119 -9.86277961730957 0
vertex 4.803554058074951 -9.826144218444824 1.7000000476837158
endloop
endfacet
facet normal -0.05233494405267176 0.9986295878007039 0
outer loop
vertex -9.976162910461426 -10.600716590881348 0
vertex -10.675203323364258 -10.637351036071777 0
vertex -9.976162910461426 -10.600716590881348 1.7000000476837158
endloop
endfacet
facet normal 0 0 -1
outer loop
vertex 26.833881378173828 -10.764503479003906 1.7000000476837158
vertex 26.144515991210938 -10.886056900024414 1.7000000476837158
vertex 24.928977966308594 -3.992403030395508 1.7000000476837158
endloop
endfacet
facet normal 0.17364809751743635 -0.9848077671447231 0
outer loop
vertex 39.50413131713867 -1.422410011291504 1.7000000476837158
vertex 40.19349670410156 -1.300856351852417 0
vertex 40.19349670410156 -1.300856351852417 1.7000000476837158
endloop
endfacet
facet normal 0.9848077321973074 0.17364829571405666 0
outer loop
vertex 24.928977966308594 -3.992403030395508 0
vertex 24.928977966308594 -3.992403030395508 1.7000000476837158
vertex 26.144515991210938 -10.886056900024414 0
endloop
endfacet
facet normal 0.17364809751743635 -0.9848077671447231 0
outer loop
vertex 24.928977966308594 -3.992403030395508 1.7000000476837158
vertex 24.928977966308594 -3.992403030395508 0
vertex 25.618343353271484 -3.870849370956421 0
endloop
endfacet
facet normal 0 0 -1
outer loop
vertex 26.833881378173828 -10.764503479003906 1.7000000476837158
vertex 24.928977966308594 -3.992403030395508 1.7000000476837158
vertex 25.618343353271484 -3.870849370956421 1.7000000476837158
endloop
endfacet
facet normal -0.1736477671896889 0.9848078253903326 0
outer loop
vertex 26.833881378173828 -10.764503479003906 1.7000000476837158
vertex 26.144515991210938 -10.886056900024414 0
vertex 26.144515991210938 -10.886056900024414 1.7000000476837158
endloop
endfacet
facet normal -0.1736477671896889 0.9848078253903326 0
outer loop
vertex 26.833881378173828 -10.764503479003906 0
vertex 26.144515991210938 -10.886056900024414 0
vertex 26.833881378173828 -10.764503479003906 1.7000000476837158
endloop
endfacet
facet normal 0.17364809751743635 -0.9848077671447231 0
outer loop
vertex 24.928977966308594 -3.992403030395508 1.7000000476837158
vertex 25.618343353271484 -3.870849370956421 0
vertex 25.618343353271484 -3.870849370956421 1.7000000476837158
endloop
endfacet
facet normal -0.9848077332243373 -0.17364828988948447 0
outer loop
vertex 40.19349670410156 -1.300856351852417 0
vertex 41.409034729003906 -8.194510459899902 1.7000000476837158
vertex 40.19349670410156 -1.300856351852417 1.7000000476837158
endloop
endfacet
facet normal -0.9848077332243373 -0.17364828988948447 0
outer loop
vertex 40.19349670410156 -1.300856351852417 0
vertex 41.409034729003906 -8.194510459899902 0
vertex 41.409034729003906 -8.194510459899902 1.7000000476837158
endloop
endfacet
facet normal 0.17364809751743635 -0.9848077671447231 0
outer loop
vertex 39.50413131713867 -1.422410011291504 0
vertex 40.19349670410156 -1.300856351852417 0
vertex 39.50413131713867 -1.422410011291504 1.7000000476837158
endloop
endfacet
facet normal -0.1736477671896889 0.9848078253903326 0
outer loop
vertex 41.409034729003906 -8.194510459899902 0
vertex 40.719669342041016 -8.31606388092041 0
vertex 41.409034729003906 -8.194510459899902 1.7000000476837158
endloop
endfacet
facet normal 0 0 -1
outer loop
vertex 41.409034729003906 -8.194510459899902 1.7000000476837158
vertex 40.719669342041016 -8.31606388092041 1.7000000476837158
vertex 40.19349670410156 -1.300856351852417 1.7000000476837158
endloop
endfacet
facet normal 0 0 -1
outer loop
vertex 40.19349670410156 -1.300856351852417 1.7000000476837158
vertex 40.719669342041016 -8.31606388092041 1.7000000476837158
vertex 39.50413131713867 -1.422410011291504 1.7000000476837158
endloop
endfacet
facet normal 0.9848077321973074 0.17364829571405666 0
outer loop
vertex 26.144515991210938 -10.886056900024414 1.7000000476837158
vertex 26.144515991210938 -10.886056900024414 0
vertex 24.928977966308594 -3.992403030395508 1.7000000476837158
endloop
endfacet
facet normal -0.1736477671896889 0.9848078253903326 0
outer loop
vertex 41.409034729003906 -8.194510459899902 1.7000000476837158
vertex 40.719669342041016 -8.31606388092041 0
vertex 40.719669342041016 -8.31606388092041 1.7000000476837158
endloop
endfacet
facet normal -0.08715620152489578 -0.9961946579538318 0
outer loop
vertex -50.67979049682617 -2.2254467010498047 1.7000000476837158
vertex -49.98245620727539 -2.2864558696746826 0
vertex -49.98245620727539 -2.2864558696746826 1.7000000476837158
endloop
endfacet
facet normal -0.08715620152489578 -0.9961946579538318 0
outer loop
vertex -49.98245620727539 -2.2864558696746826 0
vertex -50.67979049682617 -2.2254467010498047 1.7000000476837158
vertex -50.67979049682617 -2.2254467010498047 0
endloop
endfacet
facet normal 0.08715586351320667 0.9961946875261218 0
outer loop
vertex -65.33622741699219 -7.969913482666016 1.7000000476837158
vertex -66.03356170654297 -7.908904552459717 0
vertex -66.03356170654297 -7.908904552459717 1.7000000476837158
endloop
endfacet
facet normal 0.9961947682087018 -0.08715494130346697 0
outer loop
vertex -66.03356170654297 -7.908904552459717 1.7000000476837158
vertex -66.03356170654297 -7.908904552459717 0
vertex -65.42347717285156 -0.9355418086051941 1.7000000476837158
endloop
endfacet
facet normal -0.08715500171399028 -0.996194762923513 0
outer loop
vertex -65.42347717285156 -0.9355418086051941 1.7000000476837158
vertex -64.72613525390625 -0.9965507984161377 0
vertex -64.72613525390625 -0.9965507984161377 1.7000000476837158
endloop
endfacet
facet normal 0 0 -1
outer loop
vertex -65.33622741699219 -7.969913482666016 1.7000000476837158
vertex -66.03356170654297 -7.908904552459717 1.7000000476837158
vertex -65.42347717285156 -0.9355418086051941 1.7000000476837158
endloop
endfacet
facet normal 0.08715606637976313 0.9961946697775523 0
outer loop
vertex -50.59254455566406 -9.259819030761719 1.7000000476837158
vertex -51.28988265991211 -9.198809623718262 0
vertex -51.28988265991211 -9.198809623718262 1.7000000476837158
endloop
endfacet
facet normal -0.9961947213463729 0.08715547694564364 0
outer loop
vertex -49.98245620727539 -2.2864558696746826 0
vertex -50.59254455566406 -9.259819030761719 1.7000000476837158
vertex -49.98245620727539 -2.2864558696746826 1.7000000476837158
endloop
endfacet
facet normal 0.9961947682087018 -0.08715494130346697 0
outer loop
vertex -66.03356170654297 -7.908904552459717 0
vertex -65.42347717285156 -0.9355418086051941 0
vertex -65.42347717285156 -0.9355418086051941 1.7000000476837158
endloop
endfacet
facet normal 0.08715606637976313 0.9961946697775523 0
outer loop
vertex -50.59254455566406 -9.259819030761719 0
vertex -51.28988265991211 -9.198809623718262 0
vertex -50.59254455566406 -9.259819030761719 1.7000000476837158
endloop
endfacet
facet normal 0 0 -1
outer loop
vertex -65.42347717285156 -0.9355418086051941 1.7000000476837158
vertex -64.72613525390625 -0.9965507984161377 1.7000000476837158
vertex -65.33622741699219 -7.969913482666016 1.7000000476837158
endloop
endfacet
facet normal -0.08715500171399028 -0.996194762923513 0
outer loop
vertex -65.42347717285156 -0.9355418086051941 1.7000000476837158
vertex -65.42347717285156 -0.9355418086051941 0
vertex -64.72613525390625 -0.9965507984161377 0
endloop
endfacet
facet normal 0 0 -1
outer loop
vertex -50.59254455566406 -9.259819030761719 1.7000000476837158
vertex -51.28988265991211 -9.198809623718262 1.7000000476837158
vertex -49.98245620727539 -2.2864558696746826 1.7000000476837158
endloop
endfacet
facet normal -0.9961947213463729 0.08715547694564364 0
outer loop
vertex -49.98245620727539 -2.2864558696746826 0
vertex -50.59254455566406 -9.259819030761719 0
vertex -50.59254455566406 -9.259819030761719 1.7000000476837158
endloop
endfacet
facet normal 0.08715586351320667 0.9961946875261218 0
outer loop
vertex -65.33622741699219 -7.969913482666016 0
vertex -66.03356170654297 -7.908904552459717 0
vertex -65.33622741699219 -7.969913482666016 1.7000000476837158
endloop
endfacet
facet normal 0 0 -1
outer loop
vertex -49.98245620727539 -2.2864558696746826 1.7000000476837158
vertex -51.28988265991211 -9.198809623718262 1.7000000476837158
vertex -50.67979049682617 -2.2254467010498047 1.7000000476837158
endloop
endfacet
facet normal -0.9986295390543113 -0.052335874199003006 0
outer loop
vertex -12.615738868713379 -0.864901602268219 0
vertex -12.249387741088867 -7.855308532714844 0
vertex -12.249387741088867 -7.855308532714844 1.7000000476837158
endloop
endfacet
facet normal 0.052335891843993024 -0.9986295381295779 0
outer loop
vertex -28.094497680664062 -1.676108956336975 1.7000000476837158
vertex -28.094497680664062 -1.676108956336975 0
vertex -27.395456314086914 -1.639473795890808 0
endloop
endfacet
facet normal 0 0 -1
outer loop
vertex -27.029104232788086 -8.629880905151367 1.7000000476837158
vertex -28.094497680664062 -1.676108956336975 1.7000000476837158
vertex -27.395456314086914 -1.639473795890808 1.7000000476837158
endloop
endfacet
facet normal 0 0 -1
outer loop
vertex -12.615738868713379 -0.864901602268219 1.7000000476837158
vertex -12.9484281539917 -7.891943454742432 1.7000000476837158
vertex -13.314780235290527 -0.9015368223190308 1.7000000476837158
endloop
endfacet
facet normal 0.052335976760172855 -0.9986295336793114 0
outer loop
vertex -13.314780235290527 -0.9015368223190308 0
vertex -12.615738868713379 -0.864901602268219 0
vertex -13.314780235290527 -0.9015368223190308 1.7000000476837158
endloop
endfacet
facet normal 0 0 -1
outer loop
vertex -27.029104232788086 -8.629880905151367 1.7000000476837158
vertex -27.728145599365234 -8.666515350341797 1.7000000476837158
vertex -28.094497680664062 -1.676108956336975 1.7000000476837158
endloop
endfacet
facet normal -0.05233562338310672 0.9986295521989632 0
outer loop
vertex -12.249387741088867 -7.855308532714844 1.7000000476837158
vertex -12.9484281539917 -7.891943454742432 0
vertex -12.9484281539917 -7.891943454742432 1.7000000476837158
endloop
endfacet
facet normal 0.9986295317239704 0.052336014070271275 0
outer loop
vertex -28.094497680664062 -1.676108956336975 0
vertex -28.094497680664062 -1.676108956336975 1.7000000476837158
vertex -27.728145599365234 -8.666515350341797 0
endloop
endfacet
facet normal 0.052335891843993024 -0.9986295381295779 0
outer loop
vertex -28.094497680664062 -1.676108956336975 1.7000000476837158
vertex -27.395456314086914 -1.639473795890808 0
vertex -27.395456314086914 -1.639473795890808 1.7000000476837158
endloop
endfacet
facet normal -0.05233562338310672 0.9986295521989632 0
outer loop
vertex -12.249387741088867 -7.855308532714844 0
vertex -12.9484281539917 -7.891943454742432 0
vertex -12.249387741088867 -7.855308532714844 1.7000000476837158
endloop
endfacet
facet normal -0.9986295390543113 -0.052335874199003006 0
outer loop
vertex -12.615738868713379 -0.864901602268219 0
vertex -12.249387741088867 -7.855308532714844 1.7000000476837158
vertex -12.615738868713379 -0.864901602268219 1.7000000476837158
endloop
endfacet
facet normal 0.9986295317239704 0.052336014070271275 0
outer loop
vertex -27.728145599365234 -8.666515350341797 1.7000000476837158
vertex -27.728145599365234 -8.666515350341797 0
vertex -28.094497680664062 -1.676108956336975 1.7000000476837158
endloop
endfacet
facet normal -0.05233487284974659 0.9986295915322161 0
outer loop
vertex -27.029104232788086 -8.629880905151367 1.7000000476837158
vertex -27.728145599365234 -8.666515350341797 0
vertex -27.728145599365234 -8.666515350341797 1.7000000476837158
endloop
endfacet
facet normal 0.052335976760172855 -0.9986295336793114 0
outer loop
vertex -13.314780235290527 -0.9015368223190308 1.7000000476837158
vertex -12.615738868713379 -0.864901602268219 0
vertex -12.615738868713379 -0.864901602268219 1.7000000476837158
endloop
endfacet
facet normal 0 0 -1
outer loop
vertex -12.249387741088867 -7.855308532714844 1.7000000476837158
vertex -12.9484281539917 -7.891943454742432 1.7000000476837158
vertex -12.615738868713379 -0.864901602268219 1.7000000476837158
endloop
endfacet
facet normal -0.05233487284974659 0.9986295915322161 0
outer loop
vertex -27.029104232788086 -8.629880905151367 0
vertex -27.728145599365234 -8.666515350341797 0
vertex -27.029104232788086 -8.629880905151367 1.7000000476837158
endloop
endfacet
facet normal 0.17364842784512516 -0.9848077088990096 0
outer loop
vertex 20.917388916015625 6.089153289794922 1.7000000476837158
vertex 21.606754302978516 6.210707187652588 0
vertex 21.606754302978516 6.210707187652588 1.7000000476837158
endloop
endfacet
facet normal 0.17364842784512516 -0.9848077088990096 0
outer loop
vertex 20.917388916015625 6.089153289794922 1.7000000476837158
vertex 20.917388916015625 6.089153289794922 0
vertex 21.606754302978516 6.210707187652588 0
endloop
endfacet
facet normal -0.9848077345081246 -0.17364828260876977 0
outer loop
vertex 21.606754302978516 6.210707187652588 0
vertex 22.82229232788086 -0.6829472184181213 0
vertex 22.82229232788086 -0.6829472184181213 1.7000000476837158
endloop
endfacet
facet normal 0.17364809751743635 -0.9848077671447231 0
outer loop
vertex 6.3422346115112305 3.519160270690918 1.7000000476837158
vertex 7.031599998474121 3.640713930130005 0
vertex 7.031599998474121 3.640713930130005 1.7000000476837158
endloop
endfacet
facet normal 0 0 -1
outer loop
vertex 21.606754302978516 6.210707187652588 1.7000000476837158
vertex 22.13292694091797 -0.804500937461853 1.7000000476837158
vertex 20.917388916015625 6.089153289794922 1.7000000476837158
endloop
endfacet
facet normal 0 0 -1
outer loop
vertex 8.247137069702148 -3.2529401779174805 1.7000000476837158
vertex 7.557771682739258 -3.3744940757751465 1.7000000476837158
vertex 6.3422346115112305 3.519160270690918 1.7000000476837158
endloop
endfacet
facet normal -0.17364818009936403 0.9848077525833043 0
outer loop
vertex 22.82229232788086 -0.6829472184181213 1.7000000476837158
vertex 22.13292694091797 -0.804500937461853 0
vertex 22.13292694091797 -0.804500937461853 1.7000000476837158
endloop
endfacet
facet normal 0 0 -1
outer loop
vertex 22.82229232788086 -0.6829472184181213 1.7000000476837158
vertex 22.13292694091797 -0.804500937461853 1.7000000476837158
vertex 21.606754302978516 6.210707187652588 1.7000000476837158
endloop
endfacet
facet normal -0.17364842784512516 0.9848077088990096 0
outer loop
vertex 8.247137069702148 -3.2529401779174805 1.7000000476837158
vertex 7.557771682739258 -3.3744940757751465 0
vertex 7.557771682739258 -3.3744940757751465 1.7000000476837158
endloop
endfacet
facet normal 0.9848077575496453 0.17364815193384311 0
outer loop
vertex 6.3422346115112305 3.519160270690918 1.7000000476837158
vertex 7.557771682739258 -3.3744940757751465 0
vertex 6.3422346115112305 3.519160270690918 0
endloop
endfacet
facet normal -0.17364818009936403 0.9848077525833043 0
outer loop
vertex 22.82229232788086 -0.6829472184181213 0
vertex 22.13292694091797 -0.804500937461853 0
vertex 22.82229232788086 -0.6829472184181213 1.7000000476837158
endloop
endfacet
facet normal -0.17364842784512516 0.9848077088990096 0
outer loop
vertex 8.247137069702148 -3.2529401779174805 0
vertex 7.557771682739258 -3.3744940757751465 0
vertex 8.247137069702148 -3.2529401779174805 1.7000000476837158
endloop
endfacet
facet normal -0.9848077345081246 -0.17364828260876977 0
outer loop
vertex 21.606754302978516 6.210707187652588 0
vertex 22.82229232788086 -0.6829472184181213 1.7000000476837158
vertex 21.606754302978516 6.210707187652588 1.7000000476837158
endloop
endfacet
facet normal 0.9848077575496453 0.17364815193384311 0
outer loop
vertex 7.557771682739258 -3.3744940757751465 1.7000000476837158
vertex 7.557771682739258 -3.3744940757751465 0
vertex 6.3422346115112305 3.519160270690918 1.7000000476837158
endloop
endfacet
facet normal 0.17364809751743635 -0.9848077671447231 0
outer loop
vertex 6.3422346115112305 3.519160270690918 1.7000000476837158
vertex 6.3422346115112305 3.519160270690918 0
vertex 7.031599998474121 3.640713930130005 0
endloop
endfacet
facet normal 0 0 -1
outer loop
vertex 7.031599998474121 3.640713930130005 1.7000000476837158
vertex 8.247137069702148 -3.2529401779174805 1.7000000476837158
vertex 6.3422346115112305 3.519160270690918 1.7000000476837158
endloop
endfacet
facet normal 0.9961947210876521 -0.08715547990284558 0
outer loop
vertex -48.35742950439453 -0.9228973388671875 1.7000000476837158
vertex -48.35742950439453 -0.9228973388671875 0
vertex -47.74734115600586 6.0504655838012695 1.7000000476837158
endloop
endfacet
facet normal -0.08715539036002884 -0.9961947289216054 0
outer loop
vertex -47.74734115600586 6.0504655838012695 1.7000000476837158
vertex -47.74734115600586 6.0504655838012695 0
vertex -47.05000305175781 5.989456653594971 0
endloop
endfacet
facet normal -0.9961947210876521 0.08715547990284558 0
outer loop
vertex -32.30632400512695 4.699551582336426 0
vertex -32.916412353515625 -2.2738113403320312 1.7000000476837158
vertex -32.30632400512695 4.699551582336426 1.7000000476837158
endloop
endfacet
facet normal 0.9961947210876521 -0.08715547990284558 0
outer loop
vertex -47.74734115600586 6.0504655838012695 0
vertex -47.74734115600586 6.0504655838012695 1.7000000476837158
vertex -48.35742950439453 -0.9228973388671875 0
endloop
endfacet
facet normal 0 0 -1
outer loop
vertex -32.30632400512695 4.699551582336426 1.7000000476837158
vertex -33.61375045776367 -2.2128024101257324 1.7000000476837158
vertex -33.003658294677734 4.760560512542725 1.7000000476837158
endloop
endfacet
facet normal -0.9961947210876521 0.08715547990284558 0
outer loop
vertex -32.916412353515625 -2.2738113403320312 0
vertex -32.916412353515625 -2.2738113403320312 1.7000000476837158
vertex -32.30632400512695 4.699551582336426 0
endloop
endfacet
facet normal -0.08715586351320667 -0.9961946875261218 0
outer loop
vertex -33.003658294677734 4.760560512542725 1.7000000476837158
vertex -32.30632400512695 4.699551582336426 0
vertex -32.30632400512695 4.699551582336426 1.7000000476837158
endloop
endfacet
facet normal -0.08715586351320667 -0.9961946875261218 0
outer loop
vertex -32.30632400512695 4.699551582336426 0
vertex -33.003658294677734 4.760560512542725 1.7000000476837158
vertex -33.003658294677734 4.760560512542725 0
endloop
endfacet
facet normal 0.08715539036002884 0.9961947289216054 0
outer loop
vertex -32.916412353515625 -2.2738113403320312 1.7000000476837158
vertex -33.61375045776367 -2.2128024101257324 0
vertex -33.61375045776367 -2.2128024101257324 1.7000000476837158
endloop
endfacet
facet normal 0 0 -1
outer loop
vertex -32.916412353515625 -2.2738113403320312 1.7000000476837158
vertex -33.61375045776367 -2.2128024101257324 1.7000000476837158
vertex -32.30632400512695 4.699551582336426 1.7000000476837158
endloop
endfacet
facet normal -0.08715539036002884 -0.9961947289216054 0
outer loop
vertex -47.74734115600586 6.0504655838012695 1.7000000476837158
vertex -47.05000305175781 5.989456653594971 0
vertex -47.05000305175781 5.989456653594971 1.7000000476837158
endloop
endfacet
facet normal 0 0 -1
outer loop
vertex -47.66009521484375 -0.9839063882827759 1.7000000476837158
vertex -47.74734115600586 6.0504655838012695 1.7000000476837158
vertex -47.05000305175781 5.989456653594971 1.7000000476837158
endloop
endfacet
facet normal 0.08715603251905499 0.9961946727399908 0
outer loop
vertex -47.66009521484375 -0.9839063882827759 0
vertex -48.35742950439453 -0.9228973388671875 0
vertex -47.66009521484375 -0.9839063882827759 1.7000000476837158
endloop
endfacet
facet normal 0.08715539036002884 0.9961947289216054 0
outer loop
vertex -32.916412353515625 -2.2738113403320312 0
vertex -33.61375045776367 -2.2128024101257324 0
vertex -32.916412353515625 -2.2738113403320312 1.7000000476837158
endloop
endfacet
facet normal 0 0 -1
outer loop
vertex -47.66009521484375 -0.9839063882827759 1.7000000476837158
vertex -48.35742950439453 -0.9228973388671875 1.7000000476837158
vertex -47.74734115600586 6.0504655838012695 1.7000000476837158
endloop
endfacet
facet normal 0.08715603251905499 0.9961946727399908 0
outer loop
vertex -47.66009521484375 -0.9839063882827759 1.7000000476837158
vertex -48.35742950439453 -0.9228973388671875 0
vertex -48.35742950439453 -0.9228973388671875 1.7000000476837158
endloop
endfacet
facet normal 0 0 -1
outer loop
vertex 57.39476013183594 0.8155467510223389 1.7000000476837158
vertex 56.70539474487305 0.6939930319786072 1.7000000476837158
vertex 56.179222106933594 7.709200859069824 1.7000000476837158
endloop
endfacet
facet normal 0 0 -1
outer loop
vertex 42.81960678100586 -1.754446268081665 1.7000000476837158
vertex 42.13024139404297 -1.8760000467300415 1.7000000476837158
vertex 40.914703369140625 5.0176544189453125 1.7000000476837158
endloop
endfacet
facet normal 0.984807734764882 0.1736482811526269 0
outer loop
vertex 40.914703369140625 5.0176544189453125 0
vertex 40.914703369140625 5.0176544189453125 1.7000000476837158
vertex 42.13024139404297 -1.8760000467300415 0
endloop
endfacet
facet normal 0.1736477671896889 -0.9848078253903326 0
outer loop
vertex 40.914703369140625 5.0176544189453125 1.7000000476837158
vertex 40.914703369140625 5.0176544189453125 0
vertex 41.604068756103516 5.13920783996582 0
endloop
endfacet
facet normal 0.1736477671896889 -0.9848078253903326 0
outer loop
vertex 55.4898567199707 7.587647438049316 1.7000000476837158
vertex 56.179222106933594 7.709200859069824 0
vertex 56.179222106933594 7.709200859069824 1.7000000476837158
endloop
endfacet
facet normal 0 0 -1
outer loop
vertex 56.179222106933594 7.709200859069824 1.7000000476837158
vertex 56.70539474487305 0.6939930319786072 1.7000000476837158
vertex 55.4898567199707 7.587647438049316 1.7000000476837158
endloop
endfacet
facet normal 0 0 -1
outer loop
vertex 41.604068756103516 5.13920783996582 1.7000000476837158
vertex 42.81960678100586 -1.754446268081665 1.7000000476837158
vertex 40.914703369140625 5.0176544189453125 1.7000000476837158
endloop
endfacet
facet normal -0.9848077332243373 -0.17364828988948447 0
outer loop
vertex 57.39476013183594 0.8155467510223389 0
vertex 57.39476013183594 0.8155467510223389 1.7000000476837158
vertex 56.179222106933594 7.709200859069824 0
endloop
endfacet
facet normal 0.984807734764882 0.1736482811526269 0
outer loop
vertex 42.13024139404297 -1.8760000467300415 1.7000000476837158
vertex 42.13024139404297 -1.8760000467300415 0
vertex 40.914703369140625 5.0176544189453125 1.7000000476837158
endloop
endfacet
facet normal 0.1736477671896889 -0.9848078253903326 0
outer loop
vertex 40.914703369140625 5.0176544189453125 1.7000000476837158
vertex 41.604068756103516 5.13920783996582 0
vertex 41.604068756103516 5.13920783996582 1.7000000476837158
endloop
endfacet
facet normal -0.17364826268128808 0.9848077380218794 0
outer loop
vertex 42.81960678100586 -1.754446268081665 0
vertex 42.13024139404297 -1.8760000467300415 0
vertex 42.81960678100586 -1.754446268081665 1.7000000476837158
endloop
endfacet
facet normal -0.17364826268128808 0.9848077380218794 0
outer loop
vertex 42.81960678100586 -1.754446268081665 1.7000000476837158
vertex 42.13024139404297 -1.8760000467300415 0
vertex 42.13024139404297 -1.8760000467300415 1.7000000476837158
endloop
endfacet
facet normal -0.17364818009936403 0.9848077525833043 0
outer loop
vertex 57.39476013183594 0.8155467510223389 0
vertex 56.70539474487305 0.6939930319786072 0
vertex 57.39476013183594 0.8155467510223389 1.7000000476837158
endloop
endfacet
facet normal 0.1736477671896889 -0.9848078253903326 0
outer loop
vertex 56.179222106933594 7.709200859069824 0
vertex 55.4898567199707 7.587647438049316 1.7000000476837158
vertex 55.4898567199707 7.587647438049316 0
endloop
endfacet
facet normal -0.9848077332243373 -0.17364828988948447 0
outer loop
vertex 56.179222106933594 7.709200859069824 1.7000000476837158
vertex 56.179222106933594 7.709200859069824 0
vertex 57.39476013183594 0.8155467510223389 1.7000000476837158
endloop
endfacet
facet normal -0.17364818009936403 0.9848077525833043 0
outer loop
vertex 57.39476013183594 0.8155467510223389 1.7000000476837158
vertex 56.70539474487305 0.6939930319786072 0
vertex 56.70539474487305 0.6939930319786072 1.7000000476837158
endloop
endfacet
facet normal 0 0 -1
outer loop
vertex 23.88186264038086 5.977228164672852 1.7000000476837158
vertex 23.192495346069336 5.8556742668151855 1.7000000476837158
vertex 22.666324615478516 12.870882034301758 1.7000000476837158
endloop
endfacet
facet normal -0.1736477671896889 0.9848078253903326 0
outer loop
vertex 38.45701599121094 8.547221183776855 0
vertex 37.76765060424805 8.425667762756348 0
vertex 38.45701599121094 8.547221183776855 1.7000000476837158
endloop
endfacet
facet normal -0.9848077321973074 -0.17364829571405666 0
outer loop
vertex 38.45701599121094 8.547221183776855 0
vertex 38.45701599121094 8.547221183776855 1.7000000476837158
vertex 37.241477966308594 15.440875053405762 0
endloop
endfacet
facet normal -0.1736479618802331 0.9848077910612005 0
outer loop
vertex 23.88186264038086 5.977228164672852 0
vertex 23.192495346069336 5.8556742668151855 0
vertex 23.88186264038086 5.977228164672852 1.7000000476837158
endloop
endfacet
facet normal 0.9848077808479068 0.17364801980276418 0
outer loop
vertex 21.976959228515625 12.74932861328125 0
vertex 21.976959228515625 12.74932861328125 1.7000000476837158
vertex 23.192495346069336 5.8556742668151855 0
endloop
endfacet
facet normal 0.1736477671896889 -0.9848078253903326 0
outer loop
vertex 21.976959228515625 12.74932861328125 1.7000000476837158
vertex 21.976959228515625 12.74932861328125 0
vertex 22.666324615478516 12.870882034301758 0
endloop
endfacet
facet normal 0.1736477671896889 -0.9848078253903326 0
outer loop
vertex 37.241477966308594 15.440875053405762 0
vertex 36.5521125793457 15.319321632385254 1.7000000476837158
vertex 36.5521125793457 15.319321632385254 0
endloop
endfacet
facet normal 0 0 -1
outer loop
vertex 38.45701599121094 8.547221183776855 1.7000000476837158
vertex 37.76765060424805 8.425667762756348 1.7000000476837158
vertex 37.241477966308594 15.440875053405762 1.7000000476837158
endloop
endfacet
facet normal -0.9848077321973074 -0.17364829571405666 0
outer loop
vertex 37.241477966308594 15.440875053405762 1.7000000476837158
vertex 37.241477966308594 15.440875053405762 0
vertex 38.45701599121094 8.547221183776855 1.7000000476837158
endloop
endfacet
facet normal -0.1736479618802331 0.9848077910612005 0
outer loop
vertex 23.88186264038086 5.977228164672852 1.7000000476837158
vertex 23.192495346069336 5.8556742668151855 0
vertex 23.192495346069336 5.8556742668151855 1.7000000476837158
endloop
endfacet
facet normal 0 0 -1
outer loop
vertex 37.241477966308594 15.440875053405762 1.7000000476837158
vertex 37.76765060424805 8.425667762756348 1.7000000476837158
vertex 36.5521125793457 15.319321632385254 1.7000000476837158
endloop
endfacet
facet normal -0.1736477671896889 0.9848078253903326 0
outer loop
vertex 38.45701599121094 8.547221183776855 1.7000000476837158
vertex 37.76765060424805 8.425667762756348 0
vertex 37.76765060424805 8.425667762756348 1.7000000476837158
endloop
endfacet
facet normal 0.1736477671896889 -0.9848078253903326 0
outer loop
vertex 36.5521125793457 15.319321632385254 1.7000000476837158
vertex 37.241477966308594 15.440875053405762 0
vertex 37.241477966308594 15.440875053405762 1.7000000476837158
endloop
endfacet
facet normal 0.1736477671896889 -0.9848078253903326 0
outer loop
vertex 21.976959228515625 12.74932861328125 1.7000000476837158
vertex 22.666324615478516 12.870882034301758 0
vertex 22.666324615478516 12.870882034301758 1.7000000476837158
endloop
endfacet
facet normal 0 0 -1
outer loop
vertex 22.666324615478516 12.870882034301758 1.7000000476837158
vertex 23.192495346069336 5.8556742668151855 1.7000000476837158
vertex 21.976959228515625 12.74932861328125 1.7000000476837158
endloop
endfacet
facet normal 0.9848077808479068 0.17364801980276418 0
outer loop
vertex 23.192495346069336 5.8556742668151855 1.7000000476837158
vertex 23.192495346069336 5.8556742668151855 0
vertex 21.976959228515625 12.74932861328125 1.7000000476837158
endloop
endfacet
facet normal 0.9961946737722747 -0.08715602072003516 0
outer loop
vertex -64.55191802978516 9.026405334472656 1.7000000476837158
vertex -64.55191802978516 9.026405334472656 0
vertex -63.94182586669922 15.999768257141113 1.7000000476837158
endloop
endfacet
facet normal -0.08715653953655478 -0.9961946283814288 0
outer loop
vertex -63.94182586669922 15.999768257141113 1.7000000476837158
vertex -63.94182586669922 15.999768257141113 0
vertex -63.24449157714844 15.938758850097656 0
endloop
endfacet
facet normal 0.08715606637976313 0.9961946697775523 0
outer loop
vertex -63.85457992553711 8.9653959274292 1.7000000476837158
vertex -63.85457992553711 8.9653959274292 0
vertex -64.55191802978516 9.026405334472656 1.7000000476837158
endloop
endfacet
facet normal 0.08715539036002884 0.9961947289216054 0
outer loop
vertex -49.110897064208984 7.6754913330078125 1.7000000476837158
vertex -49.80823516845703 7.736500263214111 0
vertex -49.80823516845703 7.736500263214111 1.7000000476837158
endloop
endfacet
facet normal 0 0 -1
outer loop
vertex -49.110897064208984 7.6754913330078125 1.7000000476837158
vertex -49.80823516845703 7.736500263214111 1.7000000476837158
vertex -48.50080871582031 14.64885425567627 1.7000000476837158
endloop
endfacet
facet normal 0 0 -1
outer loop
vertex -48.50080871582031 14.64885425567627 1.7000000476837158
vertex -49.80823516845703 7.736500263214111 1.7000000476837158
vertex -49.198143005371094 14.70986270904541 1.7000000476837158
endloop
endfacet
facet normal -0.9961947210876521 0.08715547990284558 0
outer loop
vertex -48.50080871582031 14.64885425567627 0
vertex -49.110897064208984 7.6754913330078125 1.7000000476837158
vertex -48.50080871582031 14.64885425567627 1.7000000476837158
endloop
endfacet
facet normal -0.08715518748973815 -0.9961947466703629 0
outer loop
vertex -49.198143005371094 14.70986270904541 1.7000000476837158
vertex -48.50080871582031 14.64885425567627 0
vertex -48.50080871582031 14.64885425567627 1.7000000476837158
endloop
endfacet
facet normal -0.08715518748973815 -0.9961947466703629 0
outer loop
vertex -48.50080871582031 14.64885425567627 0
vertex -49.198143005371094 14.70986270904541 1.7000000476837158
vertex -49.198143005371094 14.70986270904541 0
endloop
endfacet
facet normal 0.08715606637976313 0.9961946697775523 0
outer loop
vertex -63.85457992553711 8.9653959274292 0
vertex -64.55191802978516 9.026405334472656 0
vertex -64.55191802978516 9.026405334472656 1.7000000476837158
endloop
endfacet
facet normal -0.9961947210876521 0.08715547990284558 0
outer loop
vertex -48.50080871582031 14.64885425567627 0
vertex -49.110897064208984 7.6754913330078125 0
vertex -49.110897064208984 7.6754913330078125 1.7000000476837158
endloop
endfacet
facet normal -0.08715653953655478 -0.9961946283814288 0
outer loop
vertex -63.94182586669922 15.999768257141113 1.7000000476837158
vertex -63.24449157714844 15.938758850097656 0
vertex -63.24449157714844 15.938758850097656 1.7000000476837158
endloop
endfacet
facet normal 0.9961946737722747 -0.08715602072003516 0
outer loop
vertex -63.94182586669922 15.999768257141113 0
vertex -63.94182586669922 15.999768257141113 1.7000000476837158
vertex -64.55191802978516 9.026405334472656 0
endloop
endfacet
facet normal 0 0 -1
outer loop
vertex -63.85457992553711 8.9653959274292 1.7000000476837158
vertex -63.94182586669922 15.999768257141113 1.7000000476837158
vertex -63.24449157714844 15.938758850097656 1.7000000476837158
endloop
endfacet
facet normal 0 0 -1
outer loop
vertex -63.85457992553711 8.9653959274292 1.7000000476837158
vertex -64.55191802978516 9.026405334472656 1.7000000476837158
vertex -63.94182586669922 15.999768257141113 1.7000000476837158
endloop
endfacet
facet normal 0.08715539036002884 0.9961947289216054 0
outer loop
vertex -49.110897064208984 7.6754913330078125 0
vertex -49.80823516845703 7.736500263214111 0
vertex -49.110897064208984 7.6754913330078125 1.7000000476837158
endloop
endfacet
facet normal -0.08715495091431645 -0.9961947673678693 0
outer loop
vertex -30.824674606323242 21.63486099243164 0
vertex -31.522010803222656 21.69586944580078 1.7000000476837158
vertex -31.522010803222656 21.69586944580078 0
endloop
endfacet
facet normal 0 0 -1
outer loop
vertex -46.17844772338867 15.951403617858887 1.7000000476837158
vertex -46.26569366455078 22.985774993896484 1.7000000476837158
vertex -45.568355560302734 22.924766540527344 1.7000000476837158
endloop
endfacet
facet normal 0.08715653953655478 0.9961946283814288 0
outer loop
vertex -46.17844772338867 15.951403617858887 1.7000000476837158
vertex -46.87578201293945 16.012413024902344 0
vertex -46.87578201293945 16.012413024902344 1.7000000476837158
endloop
endfacet
facet normal 0.9961947200527683 -0.08715549173165536 0
outer loop
vertex -46.87578201293945 16.012413024902344 1.7000000476837158
vertex -46.87578201293945 16.012413024902344 0
vertex -46.26569366455078 22.985774993896484 1.7000000476837158
endloop
endfacet
facet normal -0.08715471434017415 -0.9961947880652069 0
outer loop
vertex -46.26569366455078 22.985774993896484 1.7000000476837158
vertex -45.568355560302734 22.924766540527344 0
vertex -45.568355560302734 22.924766540527344 1.7000000476837158
endloop
endfacet
facet normal 0 0 -1
outer loop
vertex -46.17844772338867 15.951403617858887 1.7000000476837158
vertex -46.87578201293945 16.012413024902344 1.7000000476837158
vertex -46.26569366455078 22.985774993896484 1.7000000476837158
endloop
endfacet
facet normal 0 0 -1
outer loop
vertex -30.824674606323242 21.63486099243164 1.7000000476837158
vertex -32.13209915161133 14.72250747680664 1.7000000476837158
vertex -31.522010803222656 21.69586944580078 1.7000000476837158
endloop
endfacet
facet normal -0.9961946974299996 0.08715575031145001 0
outer loop
vertex -30.824674606323242 21.63486099243164 0
vertex -31.434764862060547 14.661498069763184 0
vertex -31.434764862060547 14.661498069763184 1.7000000476837158
endloop
endfacet
facet normal 0 0 -1
outer loop
vertex -31.434764862060547 14.661498069763184 1.7000000476837158
vertex -32.13209915161133 14.72250747680664 1.7000000476837158
vertex -30.824674606323242 21.63486099243164 1.7000000476837158
endloop
endfacet
facet normal -0.08715495091431645 -0.9961947673678693 0
outer loop
vertex -31.522010803222656 21.69586944580078 1.7000000476837158
vertex -30.824674606323242 21.63486099243164 0
vertex -30.824674606323242 21.63486099243164 1.7000000476837158
endloop
endfacet
facet normal -0.9961946974299996 0.08715575031145001 0
outer loop
vertex -30.824674606323242 21.63486099243164 0
vertex -31.434764862060547 14.661498069763184 1.7000000476837158
vertex -30.824674606323242 21.63486099243164 1.7000000476837158
endloop
endfacet
facet normal 0.08715653953655478 0.9961946283814288 0
outer loop
vertex -31.434764862060547 14.661498069763184 1.7000000476837158
vertex -32.13209915161133 14.72250747680664 0
vertex -32.13209915161133 14.72250747680664 1.7000000476837158
endloop
endfacet
facet normal 0.08715653953655478 0.9961946283814288 0
outer loop
vertex -31.434764862060547 14.661498069763184 0
vertex -32.13209915161133 14.72250747680664 0
vertex -31.434764862060547 14.661498069763184 1.7000000476837158
endloop
endfacet
facet normal -0.08715471434017415 -0.9961947880652069 0
outer loop
vertex -46.26569366455078 22.985774993896484 1.7000000476837158
vertex -46.26569366455078 22.985774993896484 0
vertex -45.568355560302734 22.924766540527344 0
endloop
endfacet
facet normal 0.9961947200527683 -0.08715549173165536 0
outer loop
vertex -46.87578201293945 16.012413024902344 0
vertex -46.26569366455078 22.985774993896484 0
vertex -46.26569366455078 22.985774993896484 1.7000000476837158
endloop
endfacet
facet normal 0.08715653953655478 0.9961946283814288 0
outer loop
vertex -46.17844772338867 15.951403617858887 0
vertex -46.87578201293945 16.012413024902344 0
vertex -46.17844772338867 15.951403617858887 1.7000000476837158
endloop
endfacet
facet normal 0 -1 0
outer loop
vertex -9.959750175476074 23.224084854125977 1.7000000476837158
vertex -9.959750175476074 23.224084854125977 0
vertex -9.259750366210938 23.224084854125977 0
endloop
endfacet
facet normal 0 -1 0
outer loop
vertex -9.959750175476074 23.224084854125977 1.7000000476837158
vertex -9.259750366210938 23.224084854125977 0
vertex -9.259750366210938 23.224084854125977 1.7000000476837158
endloop
endfacet
facet normal -1 0 0
outer loop
vertex -9.259750366210938 23.224084854125977 0
vertex -9.259750366210938 16.224084854125977 0
vertex -9.259750366210938 16.224084854125977 1.7000000476837158
endloop
endfacet
facet normal 0 -1 0
outer loop
vertex -24.759750366210938 23.224084854125977 1.7000000476837158
vertex -24.759750366210938 23.224084854125977 0
vertex -24.059749603271484 23.224084854125977 0
endloop
endfacet
facet normal 0 1 0
outer loop
vertex -9.259750366210938 16.224084854125977 0
vertex -9.959750175476074 16.224084854125977 0
vertex -9.259750366210938 16.224084854125977 1.7000000476837158
endloop
endfacet
facet normal 0 1 0
outer loop
vertex -24.059749603271484 16.224084854125977 1.7000000476837158
vertex -24.759750366210938 16.224084854125977 0
vertex -24.759750366210938 16.224084854125977 1.7000000476837158
endloop
endfacet
facet normal 1 0 0
outer loop
vertex -24.759750366210938 16.224084854125977 1.7000000476837158
vertex -24.759750366210938 16.224084854125977 0
vertex -24.759750366210938 23.224084854125977 1.7000000476837158
endloop
endfacet
facet normal 0 0 -1
outer loop
vertex -9.259750366210938 23.224084854125977 1.7000000476837158
vertex -9.959750175476074 16.224084854125977 1.7000000476837158
vertex -9.959750175476074 23.224084854125977 1.7000000476837158
endloop
endfacet
facet normal -1 0 0
outer loop
vertex -9.259750366210938 23.224084854125977 0
vertex -9.259750366210938 16.224084854125977 1.7000000476837158
vertex -9.259750366210938 23.224084854125977 1.7000000476837158
endloop
endfacet
facet normal 1 0 0
outer loop
vertex -24.759750366210938 23.224084854125977 0
vertex -24.759750366210938 23.224084854125977 1.7000000476837158
vertex -24.759750366210938 16.224084854125977 0
endloop
endfacet
facet normal 0 1 0
outer loop
vertex -24.059749603271484 16.224084854125977 0
vertex -24.759750366210938 16.224084854125977 0
vertex -24.059749603271484 16.224084854125977 1.7000000476837158
endloop
endfacet
facet normal 0 -1 0
outer loop
vertex -24.759750366210938 23.224084854125977 1.7000000476837158
vertex -24.059749603271484 23.224084854125977 0
vertex -24.059749603271484 23.224084854125977 1.7000000476837158
endloop
endfacet
facet normal 0 0 -1
outer loop
vertex -9.259750366210938 16.224084854125977 1.7000000476837158
vertex -9.959750175476074 16.224084854125977 1.7000000476837158
vertex -9.259750366210938 23.224084854125977 1.7000000476837158
endloop
endfacet
facet normal 0 0 -1
outer loop
vertex -24.059749603271484 16.224084854125977 1.7000000476837158
vertex -24.759750366210938 16.224084854125977 1.7000000476837158
vertex -24.759750366210938 23.224084854125977 1.7000000476837158
endloop
endfacet
facet normal 0 0 -1
outer loop
vertex -24.059749603271484 16.224084854125977 1.7000000476837158
vertex -24.759750366210938 23.224084854125977 1.7000000476837158
vertex -24.059749603271484 23.224084854125977 1.7000000476837158
endloop
endfacet
facet normal 0 1 0
outer loop
vertex -9.259750366210938 16.224084854125977 1.7000000476837158
vertex -9.959750175476074 16.224084854125977 0
vertex -9.959750175476074 16.224084854125977 1.7000000476837158
endloop
endfacet
facet normal 0.2588211173693215 -0.96592527102447 0
outer loop
vertex 25.0191593170166 32.919498443603516 1.7000000476837158
vertex 25.695308685302734 33.10067367553711 0
vertex 25.695308685302734 33.10067367553711 1.7000000476837158
endloop
endfacet
facet normal 0 0 -1
outer loop
vertex 27.507041931152344 26.33919334411621 1.7000000476837158
vertex 26.83089256286621 26.15802001953125 1.7000000476837158
vertex 25.695308685302734 33.10067367553711 1.7000000476837158
endloop
endfacet
facet normal -0.2588189157152301 0.965925860958279 0
outer loop
vertex 13.211338996887207 22.508670806884766 0
vertex 12.53519058227539 22.327497482299805 0
vertex 13.211338996887207 22.508670806884766 1.7000000476837158
endloop
endfacet
facet normal 0.2588189157152301 -0.965925860958279 0
outer loop
vertex 10.723457336425781 29.088977813720703 1.7000000476837158
vertex 11.399605751037598 29.270151138305664 0
vertex 11.399605751037598 29.270151138305664 1.7000000476837158
endloop
endfacet
facet normal 0.9659258244531231 0.25881905195436117 0
outer loop
vertex 12.53519058227539 22.327497482299805 1.7000000476837158
vertex 12.53519058227539 22.327497482299805 0
vertex 10.723457336425781 29.088977813720703 1.7000000476837158
endloop
endfacet
facet normal 0 0 -1
outer loop
vertex 25.695308685302734 33.10067367553711 1.7000000476837158
vertex 26.83089256286621 26.15802001953125 1.7000000476837158
vertex 25.0191593170166 32.919498443603516 1.7000000476837158
endloop
endfacet
facet normal 0.9659258244531231 0.25881905195436117 0
outer loop
vertex 10.723457336425781 29.088977813720703 0
vertex 10.723457336425781 29.088977813720703 1.7000000476837158
vertex 12.53519058227539 22.327497482299805 0
endloop
endfacet
facet normal 0.2588189157152301 -0.965925860958279 0
outer loop
vertex 10.723457336425781 29.088977813720703 1.7000000476837158
vertex 10.723457336425781 29.088977813720703 0
vertex 11.399605751037598 29.270151138305664 0
endloop
endfacet
facet normal -0.2588185751180072 0.9659259522209165 0
outer loop
vertex 27.507041931152344 26.33919334411621 0
vertex 26.83089256286621 26.15802001953125 0
vertex 27.507041931152344 26.33919334411621 1.7000000476837158
endloop
endfacet
facet normal 0.2588211173693215 -0.96592527102447 0
outer loop
vertex 25.695308685302734 33.10067367553711 0
vertex 25.0191593170166 32.919498443603516 1.7000000476837158
vertex 25.0191593170166 32.919498443603516 0
endloop
endfacet
facet normal -0.9659258244531231 -0.25881905195436117 0
outer loop
vertex 25.695308685302734 33.10067367553711 0
vertex 27.507041931152344 26.33919334411621 0
vertex 27.507041931152344 26.33919334411621 1.7000000476837158
endloop
endfacet
facet normal -0.2588189157152301 0.965925860958279 0
outer loop
vertex 13.211338996887207 22.508670806884766 1.7000000476837158
vertex 12.53519058227539 22.327497482299805 0
vertex 12.53519058227539 22.327497482299805 1.7000000476837158
endloop
endfacet
facet normal 0 0 -1
outer loop
vertex 13.211338996887207 22.508670806884766 1.7000000476837158
vertex 10.723457336425781 29.088977813720703 1.7000000476837158
vertex 11.399605751037598 29.270151138305664 1.7000000476837158
endloop
endfacet
facet normal 0 0 -1
outer loop
vertex 13.211338996887207 22.508670806884766 1.7000000476837158
vertex 12.53519058227539 22.327497482299805 1.7000000476837158
vertex 10.723457336425781 29.088977813720703 1.7000000476837158
endloop
endfacet
facet normal -0.9659258244531231 -0.25881905195436117 0
outer loop
vertex 25.695308685302734 33.10067367553711 0
vertex 27.507041931152344 26.33919334411621 1.7000000476837158
vertex 25.695308685302734 33.10067367553711 1.7000000476837158
endloop
endfacet
facet normal -0.2588185751180072 0.9659259522209165 0
outer loop
vertex 27.507041931152344 26.33919334411621 1.7000000476837158
vertex 26.83089256286621 26.15802001953125 0
vertex 26.83089256286621 26.15802001953125 1.7000000476837158
endloop
endfacet
facet normal 0 0 -1
outer loop
vertex -62.37293243408203 25.900705337524414 1.7000000476837158
vertex -63.07026672363281 25.961715698242188 1.7000000476837158
vertex -62.46017837524414 32.93507766723633 1.7000000476837158
endloop
endfacet
facet normal 0 0 -1
outer loop
vertex -62.37293243408203 25.900705337524414 1.7000000476837158
vertex -62.46017837524414 32.93507766723633 1.7000000476837158
vertex -61.762840270996094 32.87406921386719 1.7000000476837158
endloop
endfacet
facet normal -0.08715518748973815 -0.9961947466703629 0
outer loop
vertex -47.019161224365234 31.584163665771484 0
vertex -47.019161224365234 31.584163665771484 1.7000000476837158
vertex -47.716495513916016 31.645172119140625 1.7000000476837158
endloop
endfacet
facet normal -0.08715518748973815 -0.9961947466703629 0
outer loop
vertex -47.716495513916016 31.645172119140625 0
vertex -47.019161224365234 31.584163665771484 0
vertex -47.716495513916016 31.645172119140625 1.7000000476837158
endloop
endfacet
facet normal 0 0 -1
outer loop
vertex -47.716495513916016 31.645172119140625 1.7000000476837158
vertex -47.019161224365234 31.584163665771484 1.7000000476837158
vertex -48.32658767700195 24.671810150146484 1.7000000476837158
endloop
endfacet
facet normal -0.9961947200527683 0.08715549173165536 0
outer loop
vertex -47.019161224365234 31.584163665771484 0
vertex -47.629249572753906 24.610801696777344 1.7000000476837158
vertex -47.019161224365234 31.584163665771484 1.7000000476837158
endloop
endfacet
facet normal -0.08715471434017415 -0.9961947880652069 0
outer loop
vertex -62.46017837524414 32.93507766723633 1.7000000476837158
vertex -62.46017837524414 32.93507766723633 0
vertex -61.762840270996094 32.87406921386719 0
endloop
endfacet
facet normal -0.9961947200527683 0.08715549173165536 0
outer loop
vertex -47.019161224365234 31.584163665771484 0
vertex -47.629249572753906 24.610801696777344 0
vertex -47.629249572753906 24.610801696777344 1.7000000476837158
endloop
endfacet
facet normal 0.08715789158288975 0.9961945100906877 0
outer loop
vertex -62.37293243408203 25.900705337524414 1.7000000476837158
vertex -62.37293243408203 25.900705337524414 0
vertex -63.07026672363281 25.961715698242188 1.7000000476837158
endloop
endfacet
facet normal 0.9961947200527683 -0.08715549173165536 0
outer loop
vertex -63.07026672363281 25.961715698242188 1.7000000476837158
vertex -63.07026672363281 25.961715698242188 0
vertex -62.46017837524414 32.93507766723633 1.7000000476837158
endloop
endfacet
facet normal 0.08715471434017415 0.9961947880652069 0
outer loop
vertex -47.629249572753906 24.610801696777344 1.7000000476837158
vertex -48.32658767700195 24.671810150146484 0
vertex -48.32658767700195 24.671810150146484 1.7000000476837158
endloop
endfacet
facet normal 0 0 -1
outer loop
vertex -47.629249572753906 24.610801696777344 1.7000000476837158
vertex -48.32658767700195 24.671810150146484 1.7000000476837158
vertex -47.019161224365234 31.584163665771484 1.7000000476837158
endloop
endfacet
facet normal -0.08715471434017415 -0.9961947880652069 0
outer loop
vertex -62.46017837524414 32.93507766723633 1.7000000476837158
vertex -61.762840270996094 32.87406921386719 0
vertex -61.762840270996094 32.87406921386719 1.7000000476837158
endloop
endfacet
facet normal 0.9961947200527683 -0.08715549173165536 0
outer loop
vertex -62.46017837524414 32.93507766723633 0
vertex -62.46017837524414 32.93507766723633 1.7000000476837158
vertex -63.07026672363281 25.961715698242188 0
endloop
endfacet
facet normal 0.08715471434017415 0.9961947880652069 0
outer loop
vertex -47.629249572753906 24.610801696777344 0
vertex -48.32658767700195 24.671810150146484 0
vertex -47.629249572753906 24.610801696777344 1.7000000476837158
endloop
endfacet
facet normal 0.08715789158288975 0.9961945100906877 0
outer loop
vertex -62.37293243408203 25.900705337524414 0
vertex -63.07026672363281 25.961715698242188 0
vertex -63.07026672363281 25.961715698242188 1.7000000476837158
endloop
endfacet
facet normal -0.9659258244531231 -0.25881905195436117 0
outer loop
vertex 42.695308685302734 37.35067367553711 0
vertex 44.507041931152344 30.58919334411621 1.7000000476837158
vertex 42.695308685302734 37.35067367553711 1.7000000476837158
endloop
endfacet
facet normal 0 0 -1
outer loop
vertex 44.507041931152344 30.58919334411621 1.7000000476837158
vertex 43.830894470214844 30.40802001953125 1.7000000476837158
vertex 42.695308685302734 37.35067367553711 1.7000000476837158
endloop
endfacet
facet normal -0.9659258244531231 -0.25881905195436117 0
outer loop
vertex 42.695308685302734 37.35067367553711 0
vertex 44.507041931152344 30.58919334411621 0
vertex 44.507041931152344 30.58919334411621 1.7000000476837158
endloop
endfacet
facet normal 0 0 -1
outer loop
vertex 30.211339950561523 26.758670806884766 1.7000000476837158
vertex 27.72345733642578 33.3389778137207 1.7000000476837158
vertex 28.39960479736328 33.5201530456543 1.7000000476837158
endloop
endfacet
facet normal 0 0 -1
outer loop
vertex 42.695308685302734 37.35067367553711 1.7000000476837158
vertex 43.830894470214844 30.40802001953125 1.7000000476837158
vertex 42.019161224365234 37.169498443603516 1.7000000476837158
endloop
endfacet
facet normal 0.2588217985703617 -0.9659250884953776 0
outer loop
vertex 42.695308685302734 37.35067367553711 0
vertex 42.019161224365234 37.169498443603516 1.7000000476837158
vertex 42.019161224365234 37.169498443603516 0
endloop
endfacet
facet normal 0 0 -1
outer loop
vertex 30.211339950561523 26.758670806884766 1.7000000476837158
vertex 29.53519058227539 26.577497482299805 1.7000000476837158
vertex 27.72345733642578 33.3389778137207 1.7000000476837158
endloop
endfacet
facet normal -0.25881925631331715 0.9659257696952812 0
outer loop
vertex 44.507041931152344 30.58919334411621 1.7000000476837158
vertex 43.830894470214844 30.40802001953125 0
vertex 43.830894470214844 30.40802001953125 1.7000000476837158
endloop
endfacet
facet normal -0.2588185751180072 0.9659259522209165 0
outer loop
vertex 30.211339950561523 26.758670806884766 0
vertex 29.53519058227539 26.577497482299805 0
vertex 30.211339950561523 26.758670806884766 1.7000000476837158
endloop
endfacet
facet normal 0.9659258244531231 0.25881905195436117 0
outer loop
vertex 29.53519058227539 26.577497482299805 0
vertex 27.72345733642578 33.3389778137207 0
vertex 27.72345733642578 33.3389778137207 1.7000000476837158
endloop
endfacet
facet normal -0.25881925631331715 0.9659257696952812 0
outer loop
vertex 44.507041931152344 30.58919334411621 0
vertex 43.830894470214844 30.40802001953125 0
vertex 44.507041931152344 30.58919334411621 1.7000000476837158
endloop
endfacet
facet normal 0.2588217985703617 -0.9659250884953776 0
outer loop
vertex 27.72345733642578 33.3389778137207 1.7000000476837158
vertex 28.39960479736328 33.5201530456543 0
vertex 28.39960479736328 33.5201530456543 1.7000000476837158
endloop
endfacet
facet normal 0.2588217985703617 -0.9659250884953776 0
outer loop
vertex 27.72345733642578 33.3389778137207 1.7000000476837158
vertex 27.72345733642578 33.3389778137207 0
vertex 28.39960479736328 33.5201530456543 0
endloop
endfacet
facet normal -0.2588185751180072 0.9659259522209165 0
outer loop
vertex 30.211339950561523 26.758670806884766 1.7000000476837158
vertex 29.53519058227539 26.577497482299805 0
vertex 29.53519058227539 26.577497482299805 1.7000000476837158
endloop
endfacet
facet normal 0.9659258244531231 0.25881905195436117 0
outer loop
vertex 29.53519058227539 26.577497482299805 1.7000000476837158
vertex 29.53519058227539 26.577497482299805 0
vertex 27.72345733642578 33.3389778137207 1.7000000476837158
endloop
endfacet
facet normal 0.2588217985703617 -0.9659250884953776 0
outer loop
vertex 42.019161224365234 37.169498443603516 1.7000000476837158
vertex 42.695308685302734 37.35067367553711 0
vertex 42.695308685302734 37.35067367553711 1.7000000476837158
endloop
endfacet
facet normal 0 0 -1
outer loop
vertex -26.259750366210938 33.22408676147461 1.7000000476837158
vertex -26.95975112915039 33.22408676147461 1.7000000476837158
vertex -26.259750366210938 40.22408676147461 1.7000000476837158
endloop
endfacet
facet normal 0 0 -1
outer loop
vertex -41.059749603271484 33.22408676147461 1.7000000476837158
vertex -41.75975036621094 33.22408676147461 1.7000000476837158
vertex -41.75975036621094 40.22408676147461 1.7000000476837158
endloop
endfacet
facet normal 0 1 0
outer loop
vertex -41.059749603271484 33.22408676147461 0
vertex -41.75975036621094 33.22408676147461 0
vertex -41.059749603271484 33.22408676147461 1.7000000476837158
endloop
endfacet
facet normal 0 -1 0
outer loop
vertex -41.75975036621094 40.22408676147461 1.7000000476837158
vertex -41.75975036621094 40.22408676147461 0
vertex -41.059749603271484 40.22408676147461 0
endloop
endfacet
facet normal 0 -1 0
outer loop
vertex -26.95975112915039 40.22408676147461 1.7000000476837158
vertex -26.259750366210938 40.22408676147461 0
vertex -26.259750366210938 40.22408676147461 1.7000000476837158
endloop
endfacet
facet normal -1 0 0
outer loop
vertex -26.259750366210938 40.22408676147461 0
vertex -26.259750366210938 33.22408676147461 1.7000000476837158
vertex -26.259750366210938 40.22408676147461 1.7000000476837158
endloop
endfacet
facet normal 0 0 -1
outer loop
vertex -26.259750366210938 40.22408676147461 1.7000000476837158
vertex -26.95975112915039 33.22408676147461 1.7000000476837158
vertex -26.95975112915039 40.22408676147461 1.7000000476837158
endloop
endfacet
facet normal 0 1 0
outer loop
vertex -26.259750366210938 33.22408676147461 1.7000000476837158
vertex -26.95975112915039 33.22408676147461 0
vertex -26.95975112915039 33.22408676147461 1.7000000476837158
endloop
endfacet
facet normal 0 1 0
outer loop
vertex -41.059749603271484 33.22408676147461 1.7000000476837158
vertex -41.75975036621094 33.22408676147461 0
vertex -41.75975036621094 33.22408676147461 1.7000000476837158
endloop
endfacet
facet normal 1 0 0
outer loop
vertex -41.75975036621094 33.22408676147461 1.7000000476837158
vertex -41.75975036621094 33.22408676147461 0
vertex -41.75975036621094 40.22408676147461 1.7000000476837158
endloop
endfacet
facet normal 0 -1 0
outer loop
vertex -41.75975036621094 40.22408676147461 1.7000000476837158
vertex -41.059749603271484 40.22408676147461 0
vertex -41.059749603271484 40.22408676147461 1.7000000476837158
endloop
endfacet
facet normal 0 1 0
outer loop
vertex -26.259750366210938 33.22408676147461 0
vertex -26.95975112915039 33.22408676147461 0
vertex -26.259750366210938 33.22408676147461 1.7000000476837158
endloop
endfacet
facet normal -1 0 0
outer loop
vertex -26.259750366210938 40.22408676147461 0
vertex -26.259750366210938 33.22408676147461 0
vertex -26.259750366210938 33.22408676147461 1.7000000476837158
endloop
endfacet
facet normal 0 -1 0
outer loop
vertex -26.259750366210938 40.22408676147461 0
vertex -26.95975112915039 40.22408676147461 1.7000000476837158
vertex -26.95975112915039 40.22408676147461 0
endloop
endfacet
facet normal 0 0 -1
outer loop
vertex -41.059749603271484 33.22408676147461 1.7000000476837158
vertex -41.75975036621094 40.22408676147461 1.7000000476837158
vertex -41.059749603271484 40.22408676147461 1.7000000476837158
endloop
endfacet
facet normal 1 0 0
outer loop
vertex -41.75975036621094 40.22408676147461 0
vertex -41.75975036621094 40.22408676147461 1.7000000476837158
vertex -41.75975036621094 33.22408676147461 0
endloop
endfacet
facet normal -1 0 0
outer loop
vertex 7.7402496337890625 40.22408676147461 0
vertex 7.7402496337890625 33.22408676147461 0
vertex 7.7402496337890625 33.22408676147461 1.7000000476837158
endloop
endfacet
facet normal 1 0 0
outer loop
vertex -7.7597503662109375 40.22408676147461 0
vertex -7.7597503662109375 40.22408676147461 1.7000000476837158
vertex -7.7597503662109375 33.22408676147461 0
endloop
endfacet
facet normal 0 0 -1
outer loop
vertex 7.7402496337890625 40.22408676147461 1.7000000476837158
vertex 7.040249347686768 33.22408676147461 1.7000000476837158
vertex 7.040249347686768 40.22408676147461 1.7000000476837158
endloop
endfacet
facet normal 0 0 -1
outer loop
vertex -7.059750556945801 33.22408676147461 1.7000000476837158
vertex -7.7597503662109375 33.22408676147461 1.7000000476837158
vertex -7.7597503662109375 40.22408676147461 1.7000000476837158
endloop
endfacet
facet normal 0 0 -1
outer loop
vertex 7.7402496337890625 33.22408676147461 1.7000000476837158
vertex 7.040249347686768 33.22408676147461 1.7000000476837158
vertex 7.7402496337890625 40.22408676147461 1.7000000476837158
endloop
endfacet
facet normal -1 0 0
outer loop
vertex 7.7402496337890625 40.22408676147461 0
vertex 7.7402496337890625 33.22408676147461 1.7000000476837158
vertex 7.7402496337890625 40.22408676147461 1.7000000476837158
endloop
endfacet
facet normal 0 -1 0
outer loop
vertex -7.7597503662109375 40.22408676147461 1.7000000476837158
vertex -7.7597503662109375 40.22408676147461 0
vertex -7.059750556945801 40.22408676147461 0
endloop
endfacet
facet normal 0 0 -1
outer loop
vertex -7.059750556945801 33.22408676147461 1.7000000476837158
vertex -7.7597503662109375 40.22408676147461 1.7000000476837158
vertex -7.059750556945801 40.22408676147461 1.7000000476837158
endloop
endfacet
facet normal 0 1 0
outer loop
vertex -7.059750556945801 33.22408676147461 0
vertex -7.7597503662109375 33.22408676147461 0
vertex -7.059750556945801 33.22408676147461 1.7000000476837158
endloop
endfacet
facet normal 0 1 0
outer loop
vertex 7.7402496337890625 33.22408676147461 1.7000000476837158
vertex 7.040249347686768 33.22408676147461 0
vertex 7.040249347686768 33.22408676147461 1.7000000476837158
endloop
endfacet
facet normal 0 -1 0
outer loop
vertex 7.7402496337890625 40.22408676147461 0
vertex 7.040249347686768 40.22408676147461 1.7000000476837158
vertex 7.040249347686768 40.22408676147461 0
endloop
endfacet
facet normal 0 1 0
outer loop
vertex -7.059750556945801 33.22408676147461 1.7000000476837158
vertex -7.7597503662109375 33.22408676147461 0
vertex -7.7597503662109375 33.22408676147461 1.7000000476837158
endloop
endfacet
facet normal 1 0 0
outer loop
vertex -7.7597503662109375 33.22408676147461 1.7000000476837158
vertex -7.7597503662109375 33.22408676147461 0
vertex -7.7597503662109375 40.22408676147461 1.7000000476837158
endloop
endfacet
facet normal 0 -1 0
outer loop
vertex 7.040249347686768 40.22408676147461 1.7000000476837158
vertex 7.7402496337890625 40.22408676147461 0
vertex 7.7402496337890625 40.22408676147461 1.7000000476837158
endloop
endfacet
facet normal 0 -1 0
outer loop
vertex -7.7597503662109375 40.22408676147461 1.7000000476837158
vertex -7.059750556945801 40.22408676147461 0
vertex -7.059750556945801 40.22408676147461 1.7000000476837158
endloop
endfacet
facet normal 0 1 0
outer loop
vertex 7.7402496337890625 33.22408676147461 0
vertex 7.040249347686768 33.22408676147461 0
vertex 7.7402496337890625 33.22408676147461 1.7000000476837158
endloop
endfacet
facet normal 0 -1 0
outer loop
vertex -9.959750175476074 40.22408676147461 1.7000000476837158
vertex -9.259750366210938 40.22408676147461 0
vertex -9.259750366210938 40.22408676147461 1.7000000476837158
endloop
endfacet
facet normal -1 0 0
outer loop
vertex -9.259750366210938 40.22408676147461 0
vertex -9.259750366210938 33.22408676147461 0
vertex -9.259750366210938 33.22408676147461 1.7000000476837158
endloop
endfacet
facet normal 1 0 0
outer loop
vertex -24.759750366210938 40.22408676147461 0
vertex -24.759750366210938 40.22408676147461 1.7000000476837158
vertex -24.759750366210938 33.22408676147461 0
endloop
endfacet
facet normal -1 0 0
outer loop
vertex -9.259750366210938 40.22408676147461 0
vertex -9.259750366210938 33.22408676147461 1.7000000476837158
vertex -9.259750366210938 40.22408676147461 1.7000000476837158
endloop
endfacet
facet normal 0 1 0
outer loop
vertex -24.059749603271484 33.22408676147461 0
vertex -24.759750366210938 33.22408676147461 0
vertex -24.059749603271484 33.22408676147461 1.7000000476837158
endloop
endfacet
facet normal 0 -1 0
outer loop
vertex -24.759750366210938 40.22408676147461 1.7000000476837158
vertex -24.759750366210938 40.22408676147461 0
vertex -24.059749603271484 40.22408676147461 0
endloop
endfacet
facet normal 0 1 0
outer loop
vertex -9.259750366210938 33.22408676147461 1.7000000476837158
vertex -9.959750175476074 33.22408676147461 0
vertex -9.959750175476074 33.22408676147461 1.7000000476837158
endloop
endfacet
facet normal 0 -1 0
outer loop
vertex -24.759750366210938 40.22408676147461 1.7000000476837158
vertex -24.059749603271484 40.22408676147461 0
vertex -24.059749603271484 40.22408676147461 1.7000000476837158
endloop
endfacet
facet normal 0 1 0
outer loop
vertex -9.259750366210938 33.22408676147461 0
vertex -9.959750175476074 33.22408676147461 0
vertex -9.259750366210938 33.22408676147461 1.7000000476837158
endloop
endfacet
facet normal 0 0 -1
outer loop
vertex -9.259750366210938 40.22408676147461 1.7000000476837158
vertex -9.959750175476074 33.22408676147461 1.7000000476837158
vertex -9.959750175476074 40.22408676147461 1.7000000476837158
endloop
endfacet
facet normal 0 -1 0
outer loop
vertex -9.959750175476074 40.22408676147461 1.7000000476837158
vertex -9.959750175476074 40.22408676147461 0
vertex -9.259750366210938 40.22408676147461 0
endloop
endfacet
facet normal 0 0 -1
outer loop
vertex -9.259750366210938 33.22408676147461 1.7000000476837158
vertex -9.959750175476074 33.22408676147461 1.7000000476837158
vertex -9.259750366210938 40.22408676147461 1.7000000476837158
endloop
endfacet
facet normal 1 0 0
outer loop
vertex -24.759750366210938 33.22408676147461 1.7000000476837158
vertex -24.759750366210938 33.22408676147461 0
vertex -24.759750366210938 40.22408676147461 1.7000000476837158
endloop
endfacet
facet normal 0 1 0
outer loop
vertex -24.059749603271484 33.22408676147461 1.7000000476837158
vertex -24.759750366210938 33.22408676147461 0
vertex -24.759750366210938 33.22408676147461 1.7000000476837158
endloop
endfacet
facet normal 0 0 -1
outer loop
vertex -24.059749603271484 33.22408676147461 1.7000000476837158
vertex -24.759750366210938 40.22408676147461 1.7000000476837158
vertex -24.059749603271484 40.22408676147461 1.7000000476837158
endloop
endfacet
facet normal 0 0 -1
outer loop
vertex -24.059749603271484 33.22408676147461 1.7000000476837158
vertex -24.759750366210938 33.22408676147461 1.7000000476837158
vertex -24.759750366210938 40.22408676147461 1.7000000476837158
endloop
endfacet
facet normal 0 0 -1
outer loop
vertex 58.927337646484375 50.67684555053711 1.7000000476837158
vertex 63.426849365234375 45.31453323364258 1.7000000476837158
vertex 58.39110565185547 50.22689437866211 1.7000000476837158
endloop
endfacet
facet normal 0.7660446238039905 0.6427873943544651 0
outer loop
vertex 47.05364990234375 40.71363830566406 0
vertex 47.05364990234375 40.71363830566406 1.7000000476837158
vertex 51.55316162109375 35.35132598876953 0
endloop
endfacet
facet normal -0.6427868576771689 0.7660450741291343 0
outer loop
vertex 52.089393615722656 35.80127716064453 1.7000000476837158
vertex 51.55316162109375 35.35132598876953 0
vertex 51.55316162109375 35.35132598876953 1.7000000476837158
endloop
endfacet
facet normal 0.6427895410694563 -0.7660428224921357 0
outer loop
vertex 47.05364990234375 40.71363830566406 1.7000000476837158
vertex 47.58987808227539 41.16358947753906 0
vertex 47.58987808227539 41.16358947753906 1.7000000476837158
endloop
endfacet
facet normal 0 0 -1
outer loop
vertex 63.426849365234375 45.31453323364258 1.7000000476837158
vertex 62.890621185302734 44.86458206176758 1.7000000476837158
vertex 58.39110565185547 50.22689437866211 1.7000000476837158
endloop
endfacet
facet normal 0 0 -1
outer loop
vertex 52.089393615722656 35.80127716064453 1.7000000476837158
vertex 51.55316162109375 35.35132598876953 1.7000000476837158
vertex 47.58987808227539 41.16358947753906 1.7000000476837158
endloop
endfacet
facet normal 0 0 -1
outer loop
vertex 47.05364990234375 40.71363830566406 1.7000000476837158
vertex 47.58987808227539 41.16358947753906 1.7000000476837158
vertex 51.55316162109375 35.35132598876953 1.7000000476837158
endloop
endfacet
facet normal 0.6427868576771689 -0.7660450741291343 0
outer loop
vertex 58.39110565185547 50.22689437866211 1.7000000476837158
vertex 58.39110565185547 50.22689437866211 0
vertex 58.927337646484375 50.67684555053711 0
endloop
endfacet
facet normal -0.6427895410694563 0.7660428224921357 0
outer loop
vertex 63.426849365234375 45.31453323364258 1.7000000476837158
vertex 62.890621185302734 44.86458206176758 0
vertex 62.890621185302734 44.86458206176758 1.7000000476837158
endloop
endfacet
facet normal 0.7660446238039905 0.6427873943544651 0
outer loop
vertex 51.55316162109375 35.35132598876953 0
vertex 47.05364990234375 40.71363830566406 1.7000000476837158
vertex 51.55316162109375 35.35132598876953 1.7000000476837158
endloop
endfacet
facet normal 0.6427868576771689 -0.7660450741291343 0
outer loop
vertex 58.39110565185547 50.22689437866211 1.7000000476837158
vertex 58.927337646484375 50.67684555053711 0
vertex 58.927337646484375 50.67684555053711 1.7000000476837158
endloop
endfacet
facet normal -0.6427868576771689 0.7660450741291343 0
outer loop
vertex 52.089393615722656 35.80127716064453 0
vertex 51.55316162109375 35.35132598876953 0
vertex 52.089393615722656 35.80127716064453 1.7000000476837158
endloop
endfacet
facet normal 0.6427895410694563 -0.7660428224921357 0
outer loop
vertex 47.05364990234375 40.71363830566406 1.7000000476837158
vertex 47.05364990234375 40.71363830566406 0
vertex 47.58987808227539 41.16358947753906 0
endloop
endfacet
facet normal -0.6427895410694563 0.7660428224921357 0
outer loop
vertex 63.426849365234375 45.31453323364258 0
vertex 62.890621185302734 44.86458206176758 0
vertex 63.426849365234375 45.31453323364258 1.7000000476837158
endloop
endfacet
facet normal -0.7660446238039905 -0.6427873943544651 0
outer loop
vertex 58.927337646484375 50.67684555053711 0
vertex 63.426849365234375 45.31453323364258 0
vertex 63.426849365234375 45.31453323364258 1.7000000476837158
endloop
endfacet
facet normal -0.7660446238039905 -0.6427873943544651 0
outer loop
vertex 58.927337646484375 50.67684555053711 1.7000000476837158
vertex 58.927337646484375 50.67684555053711 0
vertex 63.426849365234375 45.31453323364258 1.7000000476837158
endloop
endfacet
facet normal -0.1950798514286955 0.9807873630744628 0
outer loop
vertex 23.537418365478516 -48.93666076660156 1.7000000476837158
vertex 23.537418365478516 -48.93666076660156 0
vertex 23.365211486816406 -48.97091293334961 1.7000000476837158
endloop
endfacet
facet normal 0 0 -1
outer loop
vertex 23.047014236450195 -48.839111328125 1.7000000476837158
vertex 22.949464797973633 -48.69312286376953 1.7000000476837158
vertex 23.047014236450195 -48.20271682739258 1.7000000476837158
endloop
endfacet
facet normal -0.8314615478636338 0.5555823021157262 0
outer loop
vertex 23.78095817565918 -48.69312286376953 0
vertex 23.683408737182617 -48.839111328125 0
vertex 23.683408737182617 -48.839111328125 1.7000000476837158
endloop
endfacet
facet normal -0.5555772839934787 0.8314649009491799 0
outer loop
vertex 23.683408737182617 -48.839111328125 0
vertex 23.537418365478516 -48.93666076660156 0
vertex 23.537418365478516 -48.93666076660156 1.7000000476837158
endloop
endfacet
facet normal -0.1950798514286955 0.9807873630744628 0
outer loop
vertex 23.537418365478516 -48.93666076660156 0
vertex 23.365211486816406 -48.97091293334961 0
vertex 23.365211486816406 -48.97091293334961 1.7000000476837158
endloop
endfacet
facet normal -0.8314615478636338 -0.5555823021157262 0
outer loop
vertex 23.683408737182617 -48.20271682739258 0
vertex 23.78095817565918 -48.34870529174805 0
vertex 23.78095817565918 -48.34870529174805 1.7000000476837158
endloop
endfacet
facet normal -0.9807861114401027 -0.19508614406513386 0
outer loop
vertex 23.78095817565918 -48.34870529174805 0
vertex 23.81521224975586 -48.52091598510742 0
vertex 23.81521224975586 -48.52091598510742 1.7000000476837158
endloop
endfacet
facet normal -0.1950798514286955 -0.9807873630744628 0
outer loop
vertex 23.537418365478516 -48.105167388916016 0
vertex 23.537418365478516 -48.105167388916016 1.7000000476837158
vertex 23.365211486816406 -48.07091522216797 0
endloop
endfacet
facet normal 0.1950798514286955 -0.9807873630744628 0
outer loop
vertex 23.365211486816406 -48.07091522216797 0
vertex 23.365211486816406 -48.07091522216797 1.7000000476837158
vertex 23.193004608154297 -48.105167388916016 0
endloop
endfacet
facet normal 0.5555772839934787 -0.8314649009491799 0
outer loop
vertex 23.193004608154297 -48.105167388916016 0
vertex 23.193004608154297 -48.105167388916016 1.7000000476837158
vertex 23.047014236450195 -48.20271682739258 0
endloop
endfacet
facet normal -0.5555772839934787 -0.8314649009491799 0
outer loop
vertex 23.683408737182617 -48.20271682739258 0
vertex 23.683408737182617 -48.20271682739258 1.7000000476837158
vertex 23.537418365478516 -48.105167388916016 0
endloop
endfacet
facet normal 0 0 -1
outer loop
vertex 23.537418365478516 -48.93666076660156 1.7000000476837158
vertex 23.365211486816406 -48.97091293334961 1.7000000476837158
vertex 23.537418365478516 -48.105167388916016 1.7000000476837158
endloop
endfacet
facet normal 0 0 -1
outer loop
vertex 23.537418365478516 -48.105167388916016 1.7000000476837158
vertex 23.365211486816406 -48.97091293334961 1.7000000476837158
vertex 23.365211486816406 -48.07091522216797 1.7000000476837158
endloop
endfacet
facet normal -0.5555772839934787 0.8314649009491799 0
outer loop
vertex 23.683408737182617 -48.839111328125 1.7000000476837158
vertex 23.683408737182617 -48.839111328125 0
vertex 23.537418365478516 -48.93666076660156 1.7000000476837158
endloop
endfacet
facet normal -0.8314615478636338 0.5555823021157262 0
outer loop
vertex 23.78095817565918 -48.69312286376953 1.7000000476837158
vertex 23.78095817565918 -48.69312286376953 0
vertex 23.683408737182617 -48.839111328125 1.7000000476837158
endloop
endfacet
facet normal -0.9807852845629332 0.19509030110388895 0
outer loop
vertex 23.81521224975586 -48.52091598510742 1.7000000476837158
vertex 23.81521224975586 -48.52091598510742 0
vertex 23.78095817565918 -48.69312286376953 1.7000000476837158
endloop
endfacet
facet normal 0 0 -1
outer loop
vertex 23.537418365478516 -48.105167388916016 1.7000000476837158
vertex 23.683408737182617 -48.20271682739258 1.7000000476837158
vertex 23.537418365478516 -48.93666076660156 1.7000000476837158
endloop
endfacet
facet normal 0 0 -1
outer loop
vertex 23.683408737182617 -48.839111328125 1.7000000476837158
vertex 23.537418365478516 -48.93666076660156 1.7000000476837158
vertex 23.683408737182617 -48.20271682739258 1.7000000476837158
endloop
endfacet
facet normal 0 0 -1
outer loop
vertex 23.78095817565918 -48.69312286376953 1.7000000476837158
vertex 23.683408737182617 -48.839111328125 1.7000000476837158
vertex 23.78095817565918 -48.34870529174805 1.7000000476837158
endloop
endfacet
facet normal 0 0 -1
outer loop
vertex 23.81521224975586 -48.52091598510742 1.7000000476837158
vertex 23.78095817565918 -48.69312286376953 1.7000000476837158
vertex 23.78095817565918 -48.34870529174805 1.7000000476837158
endloop
endfacet
facet normal 0 0 -1
outer loop
vertex 23.683408737182617 -48.20271682739258 1.7000000476837158
vertex 23.78095817565918 -48.34870529174805 1.7000000476837158
vertex 23.683408737182617 -48.839111328125 1.7000000476837158
endloop
endfacet
facet normal -0.9807861114401027 -0.19508614406513386 0
outer loop
vertex 23.78095817565918 -48.34870529174805 1.7000000476837158
vertex 23.78095817565918 -48.34870529174805 0
vertex 23.81521224975586 -48.52091598510742 1.7000000476837158
endloop
endfacet
facet normal -0.1950798514286955 -0.9807873630744628 0
outer loop
vertex 23.365211486816406 -48.07091522216797 1.7000000476837158
vertex 23.365211486816406 -48.07091522216797 0
vertex 23.537418365478516 -48.105167388916016 1.7000000476837158
endloop
endfacet
facet normal 0.1950798514286955 -0.9807873630744628 0
outer loop
vertex 23.193004608154297 -48.105167388916016 1.7000000476837158
vertex 23.193004608154297 -48.105167388916016 0
vertex 23.365211486816406 -48.07091522216797 1.7000000476837158
endloop
endfacet
facet normal 0.5555772839934787 -0.8314649009491799 0
outer loop
vertex 23.047014236450195 -48.20271682739258 1.7000000476837158
vertex 23.047014236450195 -48.20271682739258 0
vertex 23.193004608154297 -48.105167388916016 1.7000000476837158
endloop
endfacet
facet normal 0.8314615478636338 -0.5555823021157262 0
outer loop
vertex 22.949464797973633 -48.34870529174805 1.7000000476837158
vertex 22.949464797973633 -48.34870529174805 0
vertex 23.047014236450195 -48.20271682739258 1.7000000476837158
endloop
endfacet
facet normal 0.9807861114401027 -0.19508614406513386 0
outer loop
vertex 22.915210723876953 -48.52091598510742 1.7000000476837158
vertex 22.915210723876953 -48.52091598510742 0
vertex 22.949464797973633 -48.34870529174805 1.7000000476837158
endloop
endfacet
facet normal 0.9807852845629332 0.19509030110388895 0
outer loop
vertex 22.949464797973633 -48.69312286376953 1.7000000476837158
vertex 22.949464797973633 -48.69312286376953 0
vertex 22.915210723876953 -48.52091598510742 1.7000000476837158
endloop
endfacet
facet normal 0.1950798514286955 0.9807873630744628 0
outer loop
vertex 23.365211486816406 -48.97091293334961 1.7000000476837158
vertex 23.365211486816406 -48.97091293334961 0
vertex 23.193004608154297 -48.93666076660156 1.7000000476837158
endloop
endfacet
facet normal -0.5555772839934787 -0.8314649009491799 0
outer loop
vertex 23.537418365478516 -48.105167388916016 1.7000000476837158
vertex 23.537418365478516 -48.105167388916016 0
vertex 23.683408737182617 -48.20271682739258 1.7000000476837158
endloop
endfacet
facet normal 0.5555772839934787 0.8314649009491799 0
outer loop
vertex 23.193004608154297 -48.93666076660156 1.7000000476837158
vertex 23.193004608154297 -48.93666076660156 0
vertex 23.047014236450195 -48.839111328125 1.7000000476837158
endloop
endfacet
facet normal -0.8314615478636338 -0.5555823021157262 0
outer loop
vertex 23.683408737182617 -48.20271682739258 1.7000000476837158
vertex 23.683408737182617 -48.20271682739258 0
vertex 23.78095817565918 -48.34870529174805 1.7000000476837158
endloop
endfacet
facet normal 0.8314615478636338 -0.5555823021157262 0
outer loop
vertex 23.047014236450195 -48.20271682739258 0
vertex 23.047014236450195 -48.20271682739258 1.7000000476837158
vertex 22.949464797973633 -48.34870529174805 0
endloop
endfacet
facet normal 0.9807861114401027 -0.19508614406513386 0
outer loop
vertex 22.949464797973633 -48.34870529174805 0
vertex 22.949464797973633 -48.34870529174805 1.7000000476837158
vertex 22.915210723876953 -48.52091598510742 0
endloop
endfacet
facet normal 0.9807852845629332 0.19509030110388895 0
outer loop
vertex 22.915210723876953 -48.52091598510742 0
vertex 22.915210723876953 -48.52091598510742 1.7000000476837158
vertex 22.949464797973633 -48.69312286376953 0
endloop
endfacet
facet normal 0.8314615478636338 0.5555823021157262 0
outer loop
vertex 23.047014236450195 -48.839111328125 1.7000000476837158
vertex 23.047014236450195 -48.839111328125 0
vertex 22.949464797973633 -48.69312286376953 1.7000000476837158
endloop
endfacet
facet normal 0.8314615478636338 0.5555823021157262 0
outer loop
vertex 22.949464797973633 -48.69312286376953 0
vertex 22.949464797973633 -48.69312286376953 1.7000000476837158
vertex 23.047014236450195 -48.839111328125 0
endloop
endfacet
facet normal 0.5555772839934787 0.8314649009491799 0
outer loop
vertex 23.193004608154297 -48.93666076660156 0
vertex 23.047014236450195 -48.839111328125 0
vertex 23.047014236450195 -48.839111328125 1.7000000476837158
endloop
endfacet
facet normal 0 0 -1
outer loop
vertex 23.365211486816406 -48.07091522216797 1.7000000476837158
vertex 23.193004608154297 -48.93666076660156 1.7000000476837158
vertex 23.193004608154297 -48.105167388916016 1.7000000476837158
endloop
endfacet
facet normal 0 0 -1
outer loop
vertex 23.193004608154297 -48.105167388916016 1.7000000476837158
vertex 23.047014236450195 -48.839111328125 1.7000000476837158
vertex 23.047014236450195 -48.20271682739258 1.7000000476837158
endloop
endfacet
facet normal 0 0 -1
outer loop
vertex 23.365211486816406 -48.97091293334961 1.7000000476837158
vertex 23.193004608154297 -48.93666076660156 1.7000000476837158
vertex 23.365211486816406 -48.07091522216797 1.7000000476837158
endloop
endfacet
facet normal 0 0 -1
outer loop
vertex 23.193004608154297 -48.93666076660156 1.7000000476837158
vertex 23.047014236450195 -48.839111328125 1.7000000476837158
vertex 23.193004608154297 -48.105167388916016 1.7000000476837158
endloop
endfacet
facet normal 0 0 -1
outer loop
vertex 23.047014236450195 -48.20271682739258 1.7000000476837158
vertex 22.949464797973633 -48.69312286376953 1.7000000476837158
vertex 22.949464797973633 -48.34870529174805 1.7000000476837158
endloop
endfacet
facet normal 0 0 -1
outer loop
vertex 22.949464797973633 -48.69312286376953 1.7000000476837158
vertex 22.915210723876953 -48.52091598510742 1.7000000476837158
vertex 22.949464797973633 -48.34870529174805 1.7000000476837158
endloop
endfacet
facet normal 0.1950798514286955 0.9807873630744628 0
outer loop
vertex 23.365211486816406 -48.97091293334961 0
vertex 23.193004608154297 -48.93666076660156 0
vertex 23.193004608154297 -48.93666076660156 1.7000000476837158
endloop
endfacet
facet normal -0.9807852845629332 0.19509030110388895 0
outer loop
vertex 23.81521224975586 -48.52091598510742 0
vertex 23.78095817565918 -48.69312286376953 0
vertex 23.78095817565918 -48.69312286376953 1.7000000476837158
endloop
endfacet
facet normal 0.8314682539438699 -0.5555722659416437 0
outer loop
vertex 23.047014236450195 -46.932716369628906 0
vertex 23.047014236450195 -46.932716369628906 1.7000000476837158
vertex 22.949464797973633 -47.07870864868164 0
endloop
endfacet
facet normal -0.1951007507126451 -0.9807832059488795 0
outer loop
vertex 23.537418365478516 -46.83517074584961 0
vertex 23.537418365478516 -46.83517074584961 1.7000000476837158
vertex 23.365211486816406 -46.8009147644043 0
endloop
endfacet
facet normal 0.5555622638012966 0.8314749371087372 0
outer loop
vertex 23.193004608154297 -47.66666030883789 1.7000000476837158
vertex 23.193004608154297 -47.66666030883789 0
vertex 23.047014236450195 -47.569114685058594 1.7000000476837158
endloop
endfacet
facet normal 0.8314682539438699 0.5555722659416437 0
outer loop
vertex 23.047014236450195 -47.569114685058594 1.7000000476837158
vertex 23.047014236450195 -47.569114685058594 0
vertex 22.949464797973633 -47.42312240600586 1.7000000476837158
endloop
endfacet
facet normal 0.9807852845629332 0.19509030110388895 0
outer loop
vertex 22.949464797973633 -47.42312240600586 1.7000000476837158
vertex 22.949464797973633 -47.42312240600586 0
vertex 22.915210723876953 -47.25091552734375 1.7000000476837158
endloop
endfacet
facet normal 0.1951007507126451 0.9807832059488795 0
outer loop
vertex 23.365211486816406 -47.7009162902832 1.7000000476837158
vertex 23.365211486816406 -47.7009162902832 0
vertex 23.193004608154297 -47.66666030883789 1.7000000476837158
endloop
endfacet
facet normal 0.1951007507126451 -0.9807832059488795 0
outer loop
vertex 23.365211486816406 -46.8009147644043 0
vertex 23.365211486816406 -46.8009147644043 1.7000000476837158
vertex 23.193004608154297 -46.83517074584961 0
endloop
endfacet
facet normal 0.5555622638012966 -0.8314749371087372 0
outer loop
vertex 23.193004608154297 -46.83517074584961 0
vertex 23.193004608154297 -46.83517074584961 1.7000000476837158
vertex 23.047014236450195 -46.932716369628906 0
endloop
endfacet
facet normal 0.9807852845629332 -0.19509030110388895 0
outer loop
vertex 22.949464797973633 -47.07870864868164 0
vertex 22.949464797973633 -47.07870864868164 1.7000000476837158
vertex 22.915210723876953 -47.25091552734375 0
endloop
endfacet
facet normal -0.9807852845629332 0.19509030110388895 0
outer loop
vertex 23.81521224975586 -47.25091552734375 0
vertex 23.78095817565918 -47.42312240600586 0
vertex 23.78095817565918 -47.42312240600586 1.7000000476837158
endloop
endfacet
facet normal -0.8314682539438699 0.5555722659416437 0
outer loop
vertex 23.78095817565918 -47.42312240600586 0
vertex 23.683408737182617 -47.569114685058594 0
vertex 23.683408737182617 -47.569114685058594 1.7000000476837158
endloop
endfacet
facet normal -0.5555622638012966 0.8314749371087372 0
outer loop
vertex 23.683408737182617 -47.569114685058594 0
vertex 23.537418365478516 -47.66666030883789 0
vertex 23.537418365478516 -47.66666030883789 1.7000000476837158
endloop
endfacet
facet normal -0.1951007507126451 0.9807832059488795 0
outer loop
vertex 23.537418365478516 -47.66666030883789 0
vertex 23.365211486816406 -47.7009162902832 0
vertex 23.365211486816406 -47.7009162902832 1.7000000476837158
endloop
endfacet
facet normal 0.1951007507126451 0.9807832059488795 0
outer loop
vertex 23.365211486816406 -47.7009162902832 0
vertex 23.193004608154297 -47.66666030883789 0
vertex 23.193004608154297 -47.66666030883789 1.7000000476837158
endloop
endfacet
facet normal 0.5555622638012966 0.8314749371087372 0
outer loop
vertex 23.193004608154297 -47.66666030883789 0
vertex 23.047014236450195 -47.569114685058594 0
vertex 23.047014236450195 -47.569114685058594 1.7000000476837158
endloop
endfacet
facet normal 0.9807852845629332 0.19509030110388895 0
outer loop
vertex 22.915210723876953 -47.25091552734375 0
vertex 22.915210723876953 -47.25091552734375 1.7000000476837158
vertex 22.949464797973633 -47.42312240600586 0
endloop
endfacet
facet normal -0.8314682539438699 -0.5555722659416437 0
outer loop
vertex 23.683408737182617 -46.932716369628906 0
vertex 23.78095817565918 -47.07870864868164 0
vertex 23.78095817565918 -47.07870864868164 1.7000000476837158
endloop
endfacet
facet normal -0.5555622638012966 -0.8314749371087372 0
outer loop
vertex 23.683408737182617 -46.932716369628906 0
vertex 23.683408737182617 -46.932716369628906 1.7000000476837158
vertex 23.537418365478516 -46.83517074584961 0
endloop
endfacet
facet normal 0.8314682539438699 0.5555722659416437 0
outer loop
vertex 23.047014236450195 -47.569114685058594 0
vertex 22.949464797973633 -47.42312240600586 0
vertex 22.949464797973633 -47.42312240600586 1.7000000476837158
endloop
endfacet
facet normal 0 0 -1
outer loop
vertex 23.365211486816406 -46.8009147644043 1.7000000476837158
vertex 23.193004608154297 -47.66666030883789 1.7000000476837158
vertex 23.193004608154297 -46.83517074584961 1.7000000476837158
endloop
endfacet
facet normal 0 0 -1
outer loop
vertex 23.193004608154297 -46.83517074584961 1.7000000476837158
vertex 23.047014236450195 -47.569114685058594 1.7000000476837158
vertex 23.047014236450195 -46.932716369628906 1.7000000476837158
endloop
endfacet
facet normal 0 0 -1
outer loop
vertex 23.047014236450195 -46.932716369628906 1.7000000476837158
vertex 22.949464797973633 -47.42312240600586 1.7000000476837158
vertex 22.949464797973633 -47.07870864868164 1.7000000476837158
endloop
endfacet
facet normal 0 0 -1
outer loop
vertex 22.949464797973633 -47.42312240600586 1.7000000476837158
vertex 22.915210723876953 -47.25091552734375 1.7000000476837158
vertex 22.949464797973633 -47.07870864868164 1.7000000476837158
endloop
endfacet
facet normal 0 0 -1
outer loop
vertex 23.78095817565918 -47.42312240600586 1.7000000476837158
vertex 23.683408737182617 -47.569114685058594 1.7000000476837158
vertex 23.78095817565918 -47.07870864868164 1.7000000476837158
endloop
endfacet
facet normal 0 0 -1
outer loop
vertex 23.683408737182617 -47.569114685058594 1.7000000476837158
vertex 23.537418365478516 -47.66666030883789 1.7000000476837158
vertex 23.683408737182617 -46.932716369628906 1.7000000476837158
endloop
endfacet
facet normal 0 0 -1
outer loop
vertex 23.537418365478516 -47.66666030883789 1.7000000476837158
vertex 23.365211486816406 -47.7009162902832 1.7000000476837158
vertex 23.537418365478516 -46.83517074584961 1.7000000476837158
endloop
endfacet
facet normal -0.1951007507126451 0.9807832059488795 0
outer loop
vertex 23.537418365478516 -47.66666030883789 1.7000000476837158
vertex 23.537418365478516 -47.66666030883789 0
vertex 23.365211486816406 -47.7009162902832 1.7000000476837158
endloop
endfacet
facet normal -0.5555622638012966 0.8314749371087372 0
outer loop
vertex 23.683408737182617 -47.569114685058594 1.7000000476837158
vertex 23.683408737182617 -47.569114685058594 0
vertex 23.537418365478516 -47.66666030883789 1.7000000476837158
endloop
endfacet
facet normal -0.8314682539438699 0.5555722659416437 0
outer loop
vertex 23.78095817565918 -47.42312240600586 1.7000000476837158
vertex 23.78095817565918 -47.42312240600586 0
vertex 23.683408737182617 -47.569114685058594 1.7000000476837158
endloop
endfacet
facet normal -0.9807852845629332 0.19509030110388895 0
outer loop
vertex 23.81521224975586 -47.25091552734375 1.7000000476837158
vertex 23.81521224975586 -47.25091552734375 0
vertex 23.78095817565918 -47.42312240600586 1.7000000476837158
endloop
endfacet
facet normal 0.9807852845629332 -0.19509030110388895 0
outer loop
vertex 22.915210723876953 -47.25091552734375 1.7000000476837158
vertex 22.915210723876953 -47.25091552734375 0
vertex 22.949464797973633 -47.07870864868164 1.7000000476837158
endloop
endfacet
facet normal 0.8314682539438699 -0.5555722659416437 0
outer loop
vertex 22.949464797973633 -47.07870864868164 1.7000000476837158
vertex 22.949464797973633 -47.07870864868164 0
vertex 23.047014236450195 -46.932716369628906 1.7000000476837158
endloop
endfacet
facet normal 0.5555622638012966 -0.8314749371087372 0
outer loop
vertex 23.047014236450195 -46.932716369628906 1.7000000476837158
vertex 23.047014236450195 -46.932716369628906 0
vertex 23.193004608154297 -46.83517074584961 1.7000000476837158
endloop
endfacet
facet normal 0.1951007507126451 -0.9807832059488795 0
outer loop
vertex 23.193004608154297 -46.83517074584961 1.7000000476837158
vertex 23.193004608154297 -46.83517074584961 0
vertex 23.365211486816406 -46.8009147644043 1.7000000476837158
endloop
endfacet
facet normal 0 0 -1
outer loop
vertex 23.365211486816406 -47.7009162902832 1.7000000476837158
vertex 23.193004608154297 -47.66666030883789 1.7000000476837158
vertex 23.365211486816406 -46.8009147644043 1.7000000476837158
endloop
endfacet
facet normal 0 0 -1
outer loop
vertex 23.193004608154297 -47.66666030883789 1.7000000476837158
vertex 23.047014236450195 -47.569114685058594 1.7000000476837158
vertex 23.193004608154297 -46.83517074584961 1.7000000476837158
endloop
endfacet
facet normal 0 0 -1
outer loop
vertex 23.047014236450195 -47.569114685058594 1.7000000476837158
vertex 22.949464797973633 -47.42312240600586 1.7000000476837158
vertex 23.047014236450195 -46.932716369628906 1.7000000476837158
endloop
endfacet
facet normal -0.1951007507126451 -0.9807832059488795 0
outer loop
vertex 23.365211486816406 -46.8009147644043 1.7000000476837158
vertex 23.365211486816406 -46.8009147644043 0
vertex 23.537418365478516 -46.83517074584961 1.7000000476837158
endloop
endfacet
facet normal -0.5555622638012966 -0.8314749371087372 0
outer loop
vertex 23.537418365478516 -46.83517074584961 1.7000000476837158
vertex 23.537418365478516 -46.83517074584961 0
vertex 23.683408737182617 -46.932716369628906 1.7000000476837158
endloop
endfacet
facet normal -0.9807852845629332 -0.19509030110388895 0
outer loop
vertex 23.78095817565918 -47.07870864868164 1.7000000476837158
vertex 23.78095817565918 -47.07870864868164 0
vertex 23.81521224975586 -47.25091552734375 1.7000000476837158
endloop
endfacet
facet normal -0.8314682539438699 -0.5555722659416437 0
outer loop
vertex 23.683408737182617 -46.932716369628906 1.7000000476837158
vertex 23.683408737182617 -46.932716369628906 0
vertex 23.78095817565918 -47.07870864868164 1.7000000476837158
endloop
endfacet
facet normal 0 0 -1
outer loop
vertex 23.537418365478516 -46.83517074584961 1.7000000476837158
vertex 23.365211486816406 -47.7009162902832 1.7000000476837158
vertex 23.365211486816406 -46.8009147644043 1.7000000476837158
endloop
endfacet
facet normal 0 0 -1
outer loop
vertex 23.683408737182617 -46.932716369628906 1.7000000476837158
vertex 23.537418365478516 -47.66666030883789 1.7000000476837158
vertex 23.537418365478516 -46.83517074584961 1.7000000476837158
endloop
endfacet
facet normal 0 0 -1
outer loop
vertex 23.683408737182617 -46.932716369628906 1.7000000476837158
vertex 23.78095817565918 -47.07870864868164 1.7000000476837158
vertex 23.683408737182617 -47.569114685058594 1.7000000476837158
endloop
endfacet
facet normal 0 0 -1
outer loop
vertex 23.81521224975586 -47.25091552734375 1.7000000476837158
vertex 23.78095817565918 -47.42312240600586 1.7000000476837158
vertex 23.78095817565918 -47.07870864868164 1.7000000476837158
endloop
endfacet
facet normal -0.9807852845629332 -0.19509030110388895 0
outer loop
vertex 23.78095817565918 -47.07870864868164 0
vertex 23.81521224975586 -47.25091552734375 0
vertex 23.81521224975586 -47.25091552734375 1.7000000476837158
endloop
endfacet
facet normal -0.5555622638012966 0.8314749371087372 0
outer loop
vertex 23.683408737182617 -46.29911422729492 1.7000000476837158
vertex 23.683408737182617 -46.29911422729492 0
vertex 23.537418365478516 -46.39665985107422 1.7000000476837158
endloop
endfacet
facet normal 0.1951007507126451 0.9807832059488795 0
outer loop
vertex 23.365211486816406 -46.43091583251953 1.7000000476837158
vertex 23.365211486816406 -46.43091583251953 0
vertex 23.193004608154297 -46.39665985107422 1.7000000476837158
endloop
endfacet
facet normal 0 0 -1
outer loop
vertex 22.949464797973633 -46.15312194824219 1.7000000476837158
vertex 22.915210723876953 -45.98091506958008 1.7000000476837158
vertex 22.949464797973633 -45.80870819091797 1.7000000476837158
endloop
endfacet
facet normal 0 0 -1
outer loop
vertex 23.047014236450195 -46.29911422729492 1.7000000476837158
vertex 22.949464797973633 -46.15312194824219 1.7000000476837158
vertex 23.047014236450195 -45.662715911865234 1.7000000476837158
endloop
endfacet
facet normal -0.5555622638012966 0.8314749371087372 0
outer loop
vertex 23.683408737182617 -46.29911422729492 0
vertex 23.537418365478516 -46.39665985107422 0
vertex 23.537418365478516 -46.39665985107422 1.7000000476837158
endloop
endfacet
facet normal -0.8314682539438699 0.5555722659416437 0
outer loop
vertex 23.78095817565918 -46.15312194824219 0
vertex 23.683408737182617 -46.29911422729492 0
vertex 23.683408737182617 -46.29911422729492 1.7000000476837158
endloop
endfacet
facet normal -0.9807852845629332 0.19509030110388895 0
outer loop
vertex 23.81521224975586 -45.98091506958008 0
vertex 23.78095817565918 -46.15312194824219 0
vertex 23.78095817565918 -46.15312194824219 1.7000000476837158
endloop
endfacet
facet normal -0.9807852845629332 -0.19509030110388895 0
outer loop
vertex 23.78095817565918 -45.80870819091797 0
vertex 23.81521224975586 -45.98091506958008 0
vertex 23.81521224975586 -45.98091506958008 1.7000000476837158
endloop
endfacet
facet normal -0.1951007507126451 -0.9807832059488795 0
outer loop
vertex 23.365211486816406 -45.530914306640625 0
vertex 23.537418365478516 -45.56517028808594 0
vertex 23.537418365478516 -45.56517028808594 1.7000000476837158
endloop
endfacet
facet normal -0.8314682539438699 -0.5555722659416437 0
outer loop
vertex 23.683408737182617 -45.662715911865234 0
vertex 23.78095817565918 -45.80870819091797 0
vertex 23.78095817565918 -45.80870819091797 1.7000000476837158
endloop
endfacet
facet normal -0.5555622638012966 -0.8314749371087372 0
outer loop
vertex 23.683408737182617 -45.662715911865234 0
vertex 23.683408737182617 -45.662715911865234 1.7000000476837158
vertex 23.537418365478516 -45.56517028808594 0
endloop
endfacet
facet normal 0 0 -1
outer loop
vertex 23.047014236450195 -45.662715911865234 1.7000000476837158
vertex 22.949464797973633 -46.15312194824219 1.7000000476837158
vertex 22.949464797973633 -45.80870819091797 1.7000000476837158
endloop
endfacet
facet normal -0.8314682539438699 -0.5555722659416437 0
outer loop
vertex 23.683408737182617 -45.662715911865234 1.7000000476837158
vertex 23.683408737182617 -45.662715911865234 0
vertex 23.78095817565918 -45.80870819091797 1.7000000476837158
endloop
endfacet
facet normal 0 0 -1
outer loop
vertex 23.78095817565918 -46.15312194824219 1.7000000476837158
vertex 23.683408737182617 -46.29911422729492 1.7000000476837158
vertex 23.78095817565918 -45.80870819091797 1.7000000476837158
endloop
endfacet
facet normal 0 0 -1
outer loop
vertex 23.683408737182617 -46.29911422729492 1.7000000476837158
vertex 23.537418365478516 -46.39665985107422 1.7000000476837158
vertex 23.683408737182617 -45.662715911865234 1.7000000476837158
endloop
endfacet
facet normal -0.1951007507126451 -0.9807832059488795 0
outer loop
vertex 23.365211486816406 -45.530914306640625 1.7000000476837158
vertex 23.365211486816406 -45.530914306640625 0
vertex 23.537418365478516 -45.56517028808594 1.7000000476837158
endloop
endfacet
facet normal -0.5555622638012966 -0.8314749371087372 0
outer loop
vertex 23.537418365478516 -45.56517028808594 1.7000000476837158
vertex 23.537418365478516 -45.56517028808594 0
vertex 23.683408737182617 -45.662715911865234 1.7000000476837158
endloop
endfacet
facet normal -0.9807852845629332 -0.19509030110388895 0
outer loop
vertex 23.78095817565918 -45.80870819091797 1.7000000476837158
vertex 23.78095817565918 -45.80870819091797 0
vertex 23.81521224975586 -45.98091506958008 1.7000000476837158
endloop
endfacet
facet normal -0.9807852845629332 0.19509030110388895 0
outer loop
vertex 23.81521224975586 -45.98091506958008 1.7000000476837158
vertex 23.81521224975586 -45.98091506958008 0
vertex 23.78095817565918 -46.15312194824219 1.7000000476837158
endloop
endfacet
facet normal -0.8314682539438699 0.5555722659416437 0
outer loop
vertex 23.78095817565918 -46.15312194824219 1.7000000476837158
vertex 23.78095817565918 -46.15312194824219 0
vertex 23.683408737182617 -46.29911422729492 1.7000000476837158
endloop
endfacet
facet normal -0.1951007507126451 0.9807832059488795 0
outer loop
vertex 23.537418365478516 -46.39665985107422 0
vertex 23.365211486816406 -46.43091583251953 0
vertex 23.365211486816406 -46.43091583251953 1.7000000476837158
endloop
endfacet
facet normal 0 0 -1
outer loop
vertex 23.683408737182617 -45.662715911865234 1.7000000476837158
vertex 23.78095817565918 -45.80870819091797 1.7000000476837158
vertex 23.683408737182617 -46.29911422729492 1.7000000476837158
endloop
endfacet
facet normal -0.1951007507126451 0.9807832059488795 0
outer loop
vertex 23.537418365478516 -46.39665985107422 1.7000000476837158
vertex 23.537418365478516 -46.39665985107422 0
vertex 23.365211486816406 -46.43091583251953 1.7000000476837158
endloop
endfacet
facet normal 0 0 -1
outer loop
vertex 23.537418365478516 -45.56517028808594 1.7000000476837158
vertex 23.683408737182617 -45.662715911865234 1.7000000476837158
vertex 23.537418365478516 -46.39665985107422 1.7000000476837158
endloop
endfacet
facet normal 0 0 -1
outer loop
vertex 23.365211486816406 -45.530914306640625 1.7000000476837158
vertex 23.537418365478516 -45.56517028808594 1.7000000476837158
vertex 23.365211486816406 -46.43091583251953 1.7000000476837158
endloop
endfacet
facet normal 0 0 -1
outer loop
vertex 23.537418365478516 -46.39665985107422 1.7000000476837158
vertex 23.365211486816406 -46.43091583251953 1.7000000476837158
vertex 23.537418365478516 -45.56517028808594 1.7000000476837158
endloop
endfacet
facet normal 0 0 -1
outer loop
vertex 23.193004608154297 -46.39665985107422 1.7000000476837158
vertex 23.047014236450195 -46.29911422729492 1.7000000476837158
vertex 23.193004608154297 -45.56517028808594 1.7000000476837158
endloop
endfacet
facet normal 0 0 -1
outer loop
vertex 23.365211486816406 -46.43091583251953 1.7000000476837158
vertex 23.193004608154297 -46.39665985107422 1.7000000476837158
vertex 23.365211486816406 -45.530914306640625 1.7000000476837158
endloop
endfacet
facet normal 0 0 -1
outer loop
vertex 23.193004608154297 -45.56517028808594 1.7000000476837158
vertex 23.047014236450195 -46.29911422729492 1.7000000476837158
vertex 23.047014236450195 -45.662715911865234 1.7000000476837158
endloop
endfacet
facet normal 0 0 -1
outer loop
vertex 23.365211486816406 -45.530914306640625 1.7000000476837158
vertex 23.193004608154297 -46.39665985107422 1.7000000476837158
vertex 23.193004608154297 -45.56517028808594 1.7000000476837158
endloop
endfacet
facet normal 0.5555622638012966 0.8314749371087372 0
outer loop
vertex 23.193004608154297 -46.39665985107422 0
vertex 23.047014236450195 -46.29911422729492 0
vertex 23.047014236450195 -46.29911422729492 1.7000000476837158
endloop
endfacet
facet normal 0.1951007507126451 0.9807832059488795 0
outer loop
vertex 23.365211486816406 -46.43091583251953 0
vertex 23.193004608154297 -46.39665985107422 0
vertex 23.193004608154297 -46.39665985107422 1.7000000476837158
endloop
endfacet
facet normal 0.8314682539438699 0.5555722659416437 0
outer loop
vertex 22.949464797973633 -46.15312194824219 0
vertex 22.949464797973633 -46.15312194824219 1.7000000476837158
vertex 23.047014236450195 -46.29911422729492 0
endloop
endfacet
facet normal 0.9807852845629332 0.19509030110388895 0
outer loop
vertex 22.915210723876953 -45.98091506958008 0
vertex 22.915210723876953 -45.98091506958008 1.7000000476837158
vertex 22.949464797973633 -46.15312194824219 0
endloop
endfacet
facet normal 0 0 -1
outer loop
vertex 23.81521224975586 -45.98091506958008 1.7000000476837158
vertex 23.78095817565918 -46.15312194824219 1.7000000476837158
vertex 23.78095817565918 -45.80870819091797 1.7000000476837158
endloop
endfacet
facet normal 0.9807852845629332 -0.19509030110388895 0
outer loop
vertex 22.949464797973633 -45.80870819091797 0
vertex 22.949464797973633 -45.80870819091797 1.7000000476837158
vertex 22.915210723876953 -45.98091506958008 0
endloop
endfacet
facet normal 0.8314682539438699 -0.5555722659416437 0
outer loop
vertex 23.047014236450195 -45.662715911865234 0
vertex 23.047014236450195 -45.662715911865234 1.7000000476837158
vertex 22.949464797973633 -45.80870819091797 0
endloop
endfacet
facet normal 0.5555622638012966 -0.8314749371087372 0
outer loop
vertex 23.193004608154297 -45.56517028808594 0
vertex 23.193004608154297 -45.56517028808594 1.7000000476837158
vertex 23.047014236450195 -45.662715911865234 0
endloop
endfacet
facet normal 0.1951007507126451 -0.9807832059488795 0
outer loop
vertex 23.365211486816406 -45.530914306640625 0
vertex 23.365211486816406 -45.530914306640625 1.7000000476837158
vertex 23.193004608154297 -45.56517028808594 0
endloop
endfacet
facet normal 0.1951007507126451 -0.9807832059488795 0
outer loop
vertex 23.193004608154297 -45.56517028808594 1.7000000476837158
vertex 23.193004608154297 -45.56517028808594 0
vertex 23.365211486816406 -45.530914306640625 1.7000000476837158
endloop
endfacet
facet normal 0.5555622638012966 -0.8314749371087372 0
outer loop
vertex 23.047014236450195 -45.662715911865234 1.7000000476837158
vertex 23.047014236450195 -45.662715911865234 0
vertex 23.193004608154297 -45.56517028808594 1.7000000476837158
endloop
endfacet
facet normal 0.8314682539438699 -0.5555722659416437 0
outer loop
vertex 22.949464797973633 -45.80870819091797 1.7000000476837158
vertex 22.949464797973633 -45.80870819091797 0
vertex 23.047014236450195 -45.662715911865234 1.7000000476837158
endloop
endfacet
facet normal 0.9807852845629332 -0.19509030110388895 0
outer loop
vertex 22.915210723876953 -45.98091506958008 1.7000000476837158
vertex 22.915210723876953 -45.98091506958008 0
vertex 22.949464797973633 -45.80870819091797 1.7000000476837158
endloop
endfacet
facet normal 0.9807852845629332 0.19509030110388895 0
outer loop
vertex 22.949464797973633 -46.15312194824219 1.7000000476837158
vertex 22.949464797973633 -46.15312194824219 0
vertex 22.915210723876953 -45.98091506958008 1.7000000476837158
endloop
endfacet
facet normal 0.8314682539438699 0.5555722659416437 0
outer loop
vertex 23.047014236450195 -46.29911422729492 1.7000000476837158
vertex 23.047014236450195 -46.29911422729492 0
vertex 22.949464797973633 -46.15312194824219 1.7000000476837158
endloop
endfacet
facet normal 0.5555622638012966 0.8314749371087372 0
outer loop
vertex 23.193004608154297 -46.39665985107422 1.7000000476837158
vertex 23.193004608154297 -46.39665985107422 0
vertex 23.047014236450195 -46.29911422729492 1.7000000476837158
endloop
endfacet
facet normal 0.1951007507126451 0.9807832059488795 0
outer loop
vertex 23.365211486816406 -45.16091537475586 1.7000000476837158
vertex 23.365211486816406 -45.16091537475586 0
vertex 23.193004608154297 -45.12665939331055 1.7000000476837158
endloop
endfacet
facet normal -0.1951007507126451 -0.9807832059488795 0
outer loop
vertex 23.537418365478516 -44.295169830322266 0
vertex 23.537418365478516 -44.295169830322266 1.7000000476837158
vertex 23.365211486816406 -44.26091384887695 0
endloop
endfacet
facet normal -0.5555622638012966 -0.8314749371087372 0
outer loop
vertex 23.537418365478516 -44.295169830322266 0
vertex 23.683408737182617 -44.39271545410156 0
vertex 23.683408737182617 -44.39271545410156 1.7000000476837158
endloop
endfacet
facet normal -0.8314682539438699 -0.5555722659416437 0
outer loop
vertex 23.78095817565918 -44.5387077331543 0
vertex 23.78095817565918 -44.5387077331543 1.7000000476837158
vertex 23.683408737182617 -44.39271545410156 0
endloop
endfacet
facet normal 0 0 -1
outer loop
vertex 23.365211486816406 -44.26091384887695 1.7000000476837158
vertex 23.193004608154297 -45.12665939331055 1.7000000476837158
vertex 23.193004608154297 -44.295169830322266 1.7000000476837158
endloop
endfacet
facet normal 0 0 -1
outer loop
vertex 23.193004608154297 -44.295169830322266 1.7000000476837158
vertex 23.047014236450195 -45.02911376953125 1.7000000476837158
vertex 23.047014236450195 -44.39271545410156 1.7000000476837158
endloop
endfacet
facet normal 0 0 -1
outer loop
vertex 23.193004608154297 -45.12665939331055 1.7000000476837158
vertex 23.047014236450195 -45.02911376953125 1.7000000476837158
vertex 23.193004608154297 -44.295169830322266 1.7000000476837158
endloop
endfacet
facet normal -0.9807852845629332 -0.19509030110388895 0
outer loop
vertex 23.78095817565918 -44.5387077331543 0
vertex 23.81521224975586 -44.710914611816406 0
vertex 23.81521224975586 -44.710914611816406 1.7000000476837158
endloop
endfacet
facet normal -0.9807852845629332 0.19509030110388895 0
outer loop
vertex 23.81521224975586 -44.710914611816406 0
vertex 23.78095817565918 -44.883121490478516 0
vertex 23.78095817565918 -44.883121490478516 1.7000000476837158
endloop
endfacet
facet normal -0.9807852845629332 -0.19509030110388895 0
outer loop
vertex 23.78095817565918 -44.5387077331543 1.7000000476837158
vertex 23.78095817565918 -44.5387077331543 0
vertex 23.81521224975586 -44.710914611816406 1.7000000476837158
endloop
endfacet
facet normal -0.9807852845629332 0.19509030110388895 0
outer loop
vertex 23.81521224975586 -44.710914611816406 1.7000000476837158
vertex 23.81521224975586 -44.710914611816406 0
vertex 23.78095817565918 -44.883121490478516 1.7000000476837158
endloop
endfacet
facet normal -0.8314682539438699 0.5555722659416437 0
outer loop
vertex 23.78095817565918 -44.883121490478516 0
vertex 23.683408737182617 -45.02911376953125 0
vertex 23.683408737182617 -45.02911376953125 1.7000000476837158
endloop
endfacet
facet normal 0.8314682539438699 0.5555722659416437 0
outer loop
vertex 23.047014236450195 -45.02911376953125 1.7000000476837158
vertex 23.047014236450195 -45.02911376953125 0
vertex 22.949464797973633 -44.883121490478516 1.7000000476837158
endloop
endfacet
facet normal 0.9807852845629332 0.19509030110388895 0
outer loop
vertex 22.949464797973633 -44.883121490478516 1.7000000476837158
vertex 22.949464797973633 -44.883121490478516 0
vertex 22.915210723876953 -44.710914611816406 1.7000000476837158
endloop
endfacet
facet normal 0.5555622638012966 0.8314749371087372 0
outer loop
vertex 23.193004608154297 -45.12665939331055 1.7000000476837158
vertex 23.193004608154297 -45.12665939331055 0
vertex 23.047014236450195 -45.02911376953125 1.7000000476837158
endloop
endfacet
facet normal -0.5555622638012966 -0.8314749371087372 0
outer loop
vertex 23.537418365478516 -44.295169830322266 1.7000000476837158
vertex 23.537418365478516 -44.295169830322266 0
vertex 23.683408737182617 -44.39271545410156 1.7000000476837158
endloop
endfacet
facet normal -0.8314682539438699 0.5555722659416437 0
outer loop
vertex 23.78095817565918 -44.883121490478516 1.7000000476837158
vertex 23.78095817565918 -44.883121490478516 0
vertex 23.683408737182617 -45.02911376953125 1.7000000476837158
endloop
endfacet
facet normal -0.5555622638012966 0.8314749371087372 0
outer loop
vertex 23.683408737182617 -45.02911376953125 1.7000000476837158
vertex 23.683408737182617 -45.02911376953125 0
vertex 23.537418365478516 -45.12665939331055 1.7000000476837158
endloop
endfacet
facet normal -0.1951007507126451 0.9807832059488795 0
outer loop
vertex 23.537418365478516 -45.12665939331055 1.7000000476837158
vertex 23.537418365478516 -45.12665939331055 0
vertex 23.365211486816406 -45.16091537475586 1.7000000476837158
endloop
endfacet
facet normal 0 0 -1
outer loop
vertex 23.81521224975586 -44.710914611816406 1.7000000476837158
vertex 23.78095817565918 -44.883121490478516 1.7000000476837158
vertex 23.78095817565918 -44.5387077331543 1.7000000476837158
endloop
endfacet
facet normal 0 0 -1
outer loop
vertex 23.78095817565918 -44.5387077331543 1.7000000476837158
vertex 23.683408737182617 -45.02911376953125 1.7000000476837158
vertex 23.683408737182617 -44.39271545410156 1.7000000476837158
endloop
endfacet
facet normal 0 0 -1
outer loop
vertex 23.78095817565918 -44.883121490478516 1.7000000476837158
vertex 23.683408737182617 -45.02911376953125 1.7000000476837158
vertex 23.78095817565918 -44.5387077331543 1.7000000476837158
endloop
endfacet
facet normal 0.1951007507126451 -0.9807832059488795 0
outer loop
vertex 23.365211486816406 -44.26091384887695 0
vertex 23.365211486816406 -44.26091384887695 1.7000000476837158
vertex 23.193004608154297 -44.295169830322266 0
endloop
endfacet
facet normal -0.8314682539438699 -0.5555722659416437 0
outer loop
vertex 23.683408737182617 -44.39271545410156 1.7000000476837158
vertex 23.683408737182617 -44.39271545410156 0
vertex 23.78095817565918 -44.5387077331543 1.7000000476837158
endloop
endfacet
facet normal 0 0 -1
outer loop
vertex 23.365211486816406 -45.16091537475586 1.7000000476837158
vertex 23.193004608154297 -45.12665939331055 1.7000000476837158
vertex 23.365211486816406 -44.26091384887695 1.7000000476837158
endloop
endfacet
facet normal 0.9807852845629332 -0.19509030110388895 0
outer loop
vertex 22.915210723876953 -44.710914611816406 1.7000000476837158
vertex 22.915210723876953 -44.710914611816406 0
vertex 22.949464797973633 -44.5387077331543 1.7000000476837158
endloop
endfacet
facet normal 0.5555622638012966 -0.8314749371087372 0
outer loop
vertex 23.193004608154297 -44.295169830322266 0
vertex 23.193004608154297 -44.295169830322266 1.7000000476837158
vertex 23.047014236450195 -44.39271545410156 0
endloop
endfacet
facet normal 0.8314682539438699 -0.5555722659416437 0
outer loop
vertex 23.047014236450195 -44.39271545410156 0
vertex 23.047014236450195 -44.39271545410156 1.7000000476837158
vertex 22.949464797973633 -44.5387077331543 0
endloop
endfacet
facet normal 0.9807852845629332 -0.19509030110388895 0
outer loop
vertex 22.949464797973633 -44.5387077331543 0
vertex 22.949464797973633 -44.5387077331543 1.7000000476837158
vertex 22.915210723876953 -44.710914611816406 0
endloop
endfacet
facet normal 0.9807852845629332 0.19509030110388895 0
outer loop
vertex 22.915210723876953 -44.710914611816406 0
vertex 22.915210723876953 -44.710914611816406 1.7000000476837158
vertex 22.949464797973633 -44.883121490478516 0
endloop
endfacet
facet normal 0.5555622638012966 0.8314749371087372 0
outer loop
vertex 23.047014236450195 -45.02911376953125 0
vertex 23.047014236450195 -45.02911376953125 1.7000000476837158
vertex 23.193004608154297 -45.12665939331055 0
endloop
endfacet
facet normal 0.1951007507126451 0.9807832059488795 0
outer loop
vertex 23.365211486816406 -45.16091537475586 0
vertex 23.193004608154297 -45.12665939331055 0
vertex 23.193004608154297 -45.12665939331055 1.7000000476837158
endloop
endfacet
facet normal 0.8314682539438699 0.5555722659416437 0
outer loop
vertex 23.047014236450195 -45.02911376953125 0
vertex 22.949464797973633 -44.883121490478516 0
vertex 22.949464797973633 -44.883121490478516 1.7000000476837158
endloop
endfacet
facet normal -0.5555622638012966 0.8314749371087372 0
outer loop
vertex 23.683408737182617 -45.02911376953125 0
vertex 23.537418365478516 -45.12665939331055 0
vertex 23.537418365478516 -45.12665939331055 1.7000000476837158
endloop
endfacet
facet normal 0 0 -1
outer loop
vertex 22.949464797973633 -44.883121490478516 1.7000000476837158
vertex 22.915210723876953 -44.710914611816406 1.7000000476837158
vertex 22.949464797973633 -44.5387077331543 1.7000000476837158
endloop
endfacet
facet normal 0.8314682539438699 -0.5555722659416437 0
outer loop
vertex 22.949464797973633 -44.5387077331543 1.7000000476837158
vertex 22.949464797973633 -44.5387077331543 0
vertex 23.047014236450195 -44.39271545410156 1.7000000476837158
endloop
endfacet
facet normal 0.5555622638012966 -0.8314749371087372 0
outer loop
vertex 23.047014236450195 -44.39271545410156 1.7000000476837158
vertex 23.047014236450195 -44.39271545410156 0
vertex 23.193004608154297 -44.295169830322266 1.7000000476837158
endloop
endfacet
facet normal 0.1951007507126451 -0.9807832059488795 0
outer loop
vertex 23.193004608154297 -44.295169830322266 1.7000000476837158
vertex 23.193004608154297 -44.295169830322266 0
vertex 23.365211486816406 -44.26091384887695 1.7000000476837158
endloop
endfacet
facet normal 0 0 -1
outer loop
vertex 23.047014236450195 -45.02911376953125 1.7000000476837158
vertex 22.949464797973633 -44.883121490478516 1.7000000476837158
vertex 23.047014236450195 -44.39271545410156 1.7000000476837158
endloop
endfacet
facet normal 0 0 -1
outer loop
vertex 23.047014236450195 -44.39271545410156 1.7000000476837158
vertex 22.949464797973633 -44.883121490478516 1.7000000476837158
vertex 22.949464797973633 -44.5387077331543 1.7000000476837158
endloop
endfacet
facet normal 0 0 -1
outer loop
vertex 23.537418365478516 -44.295169830322266 1.7000000476837158
vertex 23.683408737182617 -44.39271545410156 1.7000000476837158
vertex 23.537418365478516 -45.12665939331055 1.7000000476837158
endloop
endfacet
facet normal 0 0 -1
outer loop
vertex 23.537418365478516 -44.295169830322266 1.7000000476837158
vertex 23.365211486816406 -45.16091537475586 1.7000000476837158
vertex 23.365211486816406 -44.26091384887695 1.7000000476837158
endloop
endfacet
facet normal 0 0 -1
outer loop
vertex 23.683408737182617 -45.02911376953125 1.7000000476837158
vertex 23.537418365478516 -45.12665939331055 1.7000000476837158
vertex 23.683408737182617 -44.39271545410156 1.7000000476837158
endloop
endfacet
facet normal 0 0 -1
outer loop
vertex 23.537418365478516 -45.12665939331055 1.7000000476837158
vertex 23.365211486816406 -45.16091537475586 1.7000000476837158
vertex 23.537418365478516 -44.295169830322266 1.7000000476837158
endloop
endfacet
facet normal -0.1951007507126451 0.9807832059488795 0
outer loop
vertex 23.537418365478516 -45.12665939331055 0
vertex 23.365211486816406 -45.16091537475586 0
vertex 23.365211486816406 -45.16091537475586 1.7000000476837158
endloop
endfacet
facet normal -0.1951007507126451 -0.9807832059488795 0
outer loop
vertex 23.365211486816406 -44.26091384887695 1.7000000476837158
vertex 23.365211486816406 -44.26091384887695 0
vertex 23.537418365478516 -44.295169830322266 1.7000000476837158
endloop
endfacet
facet normal -0.1951007507126451 0.9807832059488795 0
outer loop
vertex 23.537418365478516 -43.856658935546875 0
vertex 23.365211486816406 -43.89091491699219 0
vertex 23.365211486816406 -43.89091491699219 1.7000000476837158
endloop
endfacet
facet normal 0 0 -1
outer loop
vertex 23.047014236450195 -43.75911331176758 1.7000000476837158
vertex 22.949464797973633 -43.613121032714844 1.7000000476837158
vertex 23.047014236450195 -43.12271499633789 1.7000000476837158
endloop
endfacet
facet normal 0.8314682539438699 -0.5555722659416437 0
outer loop
vertex 22.949464797973633 -43.268707275390625 1.7000000476837158
vertex 22.949464797973633 -43.268707275390625 0
vertex 23.047014236450195 -43.12271499633789 1.7000000476837158
endloop
endfacet
facet normal 0.5555622638012966 0.8314749371087372 0
outer loop
vertex 23.193004608154297 -43.856658935546875 1.7000000476837158
vertex 23.193004608154297 -43.856658935546875 0
vertex 23.047014236450195 -43.75911331176758 1.7000000476837158
endloop
endfacet
facet normal 0.9807852845629332 -0.19509030110388895 0
outer loop
vertex 22.915210723876953 -43.440914154052734 1.7000000476837158
vertex 22.915210723876953 -43.440914154052734 0
vertex 22.949464797973633 -43.268707275390625 1.7000000476837158
endloop
endfacet
facet normal 0 0 -1
outer loop
vertex 23.193004608154297 -43.856658935546875 1.7000000476837158
vertex 23.047014236450195 -43.75911331176758 1.7000000476837158
vertex 23.193004608154297 -43.025169372558594 1.7000000476837158
endloop
endfacet
facet normal 0.9807852845629332 0.19509030110388895 0
outer loop
vertex 22.949464797973633 -43.613121032714844 1.7000000476837158
vertex 22.949464797973633 -43.613121032714844 0
vertex 22.915210723876953 -43.440914154052734 1.7000000476837158
endloop
endfacet
facet normal 0.8314682539438699 0.5555722659416437 0
outer loop
vertex 23.047014236450195 -43.75911331176758 1.7000000476837158
vertex 23.047014236450195 -43.75911331176758 0
vertex 22.949464797973633 -43.613121032714844 1.7000000476837158
endloop
endfacet
facet normal 0.5555622638012966 -0.8314749371087372 0
outer loop
vertex 23.047014236450195 -43.12271499633789 1.7000000476837158
vertex 23.047014236450195 -43.12271499633789 0
vertex 23.193004608154297 -43.025169372558594 1.7000000476837158
endloop
endfacet
facet normal 0.1951007507126451 0.9807832059488795 0
outer loop
vertex 23.365211486816406 -43.89091491699219 1.7000000476837158
vertex 23.365211486816406 -43.89091491699219 0
vertex 23.193004608154297 -43.856658935546875 1.7000000476837158
endloop
endfacet
facet normal 0 0 -1
outer loop
vertex 22.949464797973633 -43.613121032714844 1.7000000476837158
vertex 22.915210723876953 -43.440914154052734 1.7000000476837158
vertex 22.949464797973633 -43.268707275390625 1.7000000476837158
endloop
endfacet
facet normal 0.1951007507126451 0.9807832059488795 0
outer loop
vertex 23.365211486816406 -43.89091491699219 0
vertex 23.193004608154297 -43.856658935546875 0
vertex 23.193004608154297 -43.856658935546875 1.7000000476837158
endloop
endfacet
facet normal 0.8314682539438699 0.5555722659416437 0
outer loop
vertex 23.047014236450195 -43.75911331176758 0
vertex 22.949464797973633 -43.613121032714844 0
vertex 22.949464797973633 -43.613121032714844 1.7000000476837158
endloop
endfacet
facet normal 0.9807852845629332 0.19509030110388895 0
outer loop
vertex 22.949464797973633 -43.613121032714844 0
vertex 22.915210723876953 -43.440914154052734 0
vertex 22.915210723876953 -43.440914154052734 1.7000000476837158
endloop
endfacet
facet normal 0 0 -1
outer loop
vertex 23.365211486816406 -43.89091491699219 1.7000000476837158
vertex 23.193004608154297 -43.856658935546875 1.7000000476837158
vertex 23.365211486816406 -42.99091339111328 1.7000000476837158
endloop
endfacet
facet normal -0.8314682539438699 0.5555722659416437 0
outer loop
vertex 23.78095817565918 -43.613121032714844 0
vertex 23.683408737182617 -43.75911331176758 0
vertex 23.683408737182617 -43.75911331176758 1.7000000476837158
endloop
endfacet
facet normal -0.9807852845629332 0.19509030110388895 0
outer loop
vertex 23.81521224975586 -43.440914154052734 0
vertex 23.78095817565918 -43.613121032714844 0
vertex 23.78095817565918 -43.613121032714844 1.7000000476837158
endloop
endfacet
facet normal -0.9807852845629332 -0.19509030110388895 0
outer loop
vertex 23.78095817565918 -43.268707275390625 0
vertex 23.81521224975586 -43.440914154052734 0
vertex 23.81521224975586 -43.440914154052734 1.7000000476837158
endloop
endfacet
facet normal 0.5555622638012966 0.8314749371087372 0
outer loop
vertex 23.047014236450195 -43.75911331176758 0
vertex 23.047014236450195 -43.75911331176758 1.7000000476837158
vertex 23.193004608154297 -43.856658935546875 0
endloop
endfacet
facet normal 0 0 -1
outer loop
vertex 23.047014236450195 -43.12271499633789 1.7000000476837158
vertex 22.949464797973633 -43.613121032714844 1.7000000476837158
vertex 22.949464797973633 -43.268707275390625 1.7000000476837158
endloop
endfacet
facet normal 0 0 -1
outer loop
vertex 23.365211486816406 -42.99091339111328 1.7000000476837158
vertex 23.193004608154297 -43.856658935546875 1.7000000476837158
vertex 23.193004608154297 -43.025169372558594 1.7000000476837158
endloop
endfacet
facet normal 0 0 -1
outer loop
vertex 23.193004608154297 -43.025169372558594 1.7000000476837158
vertex 23.047014236450195 -43.75911331176758 1.7000000476837158
vertex 23.047014236450195 -43.12271499633789 1.7000000476837158
endloop
endfacet
facet normal -0.1951007507126451 -0.9807832059488795 0
outer loop
vertex 23.537418365478516 -43.025169372558594 0
vertex 23.537418365478516 -43.025169372558594 1.7000000476837158
vertex 23.365211486816406 -42.99091339111328 0
endloop
endfacet
facet normal 0 0 -1
outer loop
vertex 23.537418365478516 -43.856658935546875 1.7000000476837158
vertex 23.365211486816406 -43.89091491699219 1.7000000476837158
vertex 23.537418365478516 -43.025169372558594 1.7000000476837158
endloop
endfacet
facet normal 0 0 -1
outer loop
vertex 23.683408737182617 -43.75911331176758 1.7000000476837158
vertex 23.537418365478516 -43.856658935546875 1.7000000476837158
vertex 23.683408737182617 -43.12271499633789 1.7000000476837158
endloop
endfacet
facet normal 0 0 -1
outer loop
vertex 23.78095817565918 -43.613121032714844 1.7000000476837158
vertex 23.683408737182617 -43.75911331176758 1.7000000476837158
vertex 23.78095817565918 -43.268707275390625 1.7000000476837158
endloop
endfacet
facet normal 0 0 -1
outer loop
vertex 23.78095817565918 -43.268707275390625 1.7000000476837158
vertex 23.683408737182617 -43.75911331176758 1.7000000476837158
vertex 23.683408737182617 -43.12271499633789 1.7000000476837158
endloop
endfacet
facet normal 0 0 -1
outer loop
vertex 23.81521224975586 -43.440914154052734 1.7000000476837158
vertex 23.78095817565918 -43.613121032714844 1.7000000476837158
vertex 23.78095817565918 -43.268707275390625 1.7000000476837158
endloop
endfacet
facet normal 0 0 -1
outer loop
vertex 23.537418365478516 -43.025169372558594 1.7000000476837158
vertex 23.365211486816406 -43.89091491699219 1.7000000476837158
vertex 23.365211486816406 -42.99091339111328 1.7000000476837158
endloop
endfacet
facet normal 0.9807852845629332 -0.19509030110388895 0
outer loop
vertex 22.949464797973633 -43.268707275390625 0
vertex 22.949464797973633 -43.268707275390625 1.7000000476837158
vertex 22.915210723876953 -43.440914154052734 0
endloop
endfacet
facet normal 0.8314682539438699 -0.5555722659416437 0
outer loop
vertex 23.047014236450195 -43.12271499633789 0
vertex 23.047014236450195 -43.12271499633789 1.7000000476837158
vertex 22.949464797973633 -43.268707275390625 0
endloop
endfacet
facet normal 0.5555622638012966 -0.8314749371087372 0
outer loop
vertex 23.193004608154297 -43.025169372558594 0
vertex 23.193004608154297 -43.025169372558594 1.7000000476837158
vertex 23.047014236450195 -43.12271499633789 0
endloop
endfacet
facet normal 0.1951007507126451 -0.9807832059488795 0
outer loop
vertex 23.365211486816406 -42.99091339111328 0
vertex 23.365211486816406 -42.99091339111328 1.7000000476837158
vertex 23.193004608154297 -43.025169372558594 0
endloop
endfacet
facet normal -0.5555622638012966 -0.8314749371087372 0
outer loop
vertex 23.683408737182617 -43.12271499633789 0
vertex 23.683408737182617 -43.12271499633789 1.7000000476837158
vertex 23.537418365478516 -43.025169372558594 0
endloop
endfacet
facet normal 0.1951007507126451 -0.9807832059488795 0
outer loop
vertex 23.193004608154297 -43.025169372558594 1.7000000476837158
vertex 23.193004608154297 -43.025169372558594 0
vertex 23.365211486816406 -42.99091339111328 1.7000000476837158
endloop
endfacet
facet normal 0 0 -1
outer loop
vertex 23.683408737182617 -43.12271499633789 1.7000000476837158
vertex 23.537418365478516 -43.856658935546875 1.7000000476837158
vertex 23.537418365478516 -43.025169372558594 1.7000000476837158
endloop
endfacet
facet normal -0.8314682539438699 -0.5555722659416437 0
outer loop
vertex 23.683408737182617 -43.12271499633789 0
vertex 23.78095817565918 -43.268707275390625 0
vertex 23.78095817565918 -43.268707275390625 1.7000000476837158
endloop
endfacet
facet normal -0.9807852845629332 -0.19509030110388895 0
outer loop
vertex 23.78095817565918 -43.268707275390625 1.7000000476837158
vertex 23.78095817565918 -43.268707275390625 0
vertex 23.81521224975586 -43.440914154052734 1.7000000476837158
endloop
endfacet
facet normal -0.8314682539438699 -0.5555722659416437 0
outer loop
vertex 23.683408737182617 -43.12271499633789 1.7000000476837158
vertex 23.683408737182617 -43.12271499633789 0
vertex 23.78095817565918 -43.268707275390625 1.7000000476837158
endloop
endfacet
facet normal -0.5555622638012966 -0.8314749371087372 0
outer loop
vertex 23.537418365478516 -43.025169372558594 1.7000000476837158
vertex 23.537418365478516 -43.025169372558594 0
vertex 23.683408737182617 -43.12271499633789 1.7000000476837158
endloop
endfacet
facet normal -0.1951007507126451 -0.9807832059488795 0
outer loop
vertex 23.365211486816406 -42.99091339111328 1.7000000476837158
vertex 23.365211486816406 -42.99091339111328 0
vertex 23.537418365478516 -43.025169372558594 1.7000000476837158
endloop
endfacet
facet normal -0.9807852845629332 0.19509030110388895 0
outer loop
vertex 23.81521224975586 -43.440914154052734 1.7000000476837158
vertex 23.81521224975586 -43.440914154052734 0
vertex 23.78095817565918 -43.613121032714844 1.7000000476837158
endloop
endfacet
facet normal -0.8314682539438699 0.5555722659416437 0
outer loop
vertex 23.78095817565918 -43.613121032714844 1.7000000476837158
vertex 23.78095817565918 -43.613121032714844 0
vertex 23.683408737182617 -43.75911331176758 1.7000000476837158
endloop
endfacet
facet normal -0.5555622638012966 0.8314749371087372 0
outer loop
vertex 23.683408737182617 -43.75911331176758 1.7000000476837158
vertex 23.683408737182617 -43.75911331176758 0
vertex 23.537418365478516 -43.856658935546875 1.7000000476837158
endloop
endfacet
facet normal -0.1951007507126451 0.9807832059488795 0
outer loop
vertex 23.537418365478516 -43.856658935546875 1.7000000476837158
vertex 23.537418365478516 -43.856658935546875 0
vertex 23.365211486816406 -43.89091491699219 1.7000000476837158
endloop
endfacet
facet normal -0.5555622638012966 0.8314749371087372 0
outer loop
vertex 23.683408737182617 -43.75911331176758 0
vertex 23.537418365478516 -43.856658935546875 0
vertex 23.537418365478516 -43.856658935546875 1.7000000476837158
endloop
endfacet
facet normal -0.8314615478636338 -0.5555823021157262 0
outer loop
vertex 23.683408737182617 -41.852718353271484 0
vertex 23.78095817565918 -41.99870681762695 0
vertex 23.78095817565918 -41.99870681762695 1.7000000476837158
endloop
endfacet
facet normal 0 0 -1
outer loop
vertex 23.193004608154297 -41.75516891479492 1.7000000476837158
vertex 23.047014236450195 -42.489112854003906 1.7000000476837158
vertex 23.047014236450195 -41.852718353271484 1.7000000476837158
endloop
endfacet
facet normal -0.9807852845629332 0.19509030110388895 0
outer loop
vertex 23.81521224975586 -42.17091369628906 1.7000000476837158
vertex 23.81521224975586 -42.17091369628906 0
vertex 23.78095817565918 -42.34312057495117 1.7000000476837158
endloop
endfacet
facet normal -0.8314615478636338 -0.5555823021157262 0
outer loop
vertex 23.683408737182617 -41.852718353271484 1.7000000476837158
vertex 23.683408737182617 -41.852718353271484 0
vertex 23.78095817565918 -41.99870681762695 1.7000000476837158
endloop
endfacet
facet normal -0.9807852845629332 -0.19509030110388895 0
outer loop
vertex 23.78095817565918 -41.99870681762695 1.7000000476837158
vertex 23.78095817565918 -41.99870681762695 0
vertex 23.81521224975586 -42.17091369628906 1.7000000476837158
endloop
endfacet
facet normal -0.1951007507126451 -0.9807832059488795 0
outer loop
vertex 23.365211486816406 -41.72091293334961 1.7000000476837158
vertex 23.365211486816406 -41.72091293334961 0
vertex 23.537418365478516 -41.75516891479492 1.7000000476837158
endloop
endfacet
facet normal -0.5555772839934787 -0.8314649009491799 0
outer loop
vertex 23.537418365478516 -41.75516891479492 1.7000000476837158
vertex 23.537418365478516 -41.75516891479492 0
vertex 23.683408737182617 -41.852718353271484 1.7000000476837158
endloop
endfacet
facet normal -0.5555772839934787 0.8314649009491799 0
outer loop
vertex 23.683408737182617 -42.489112854003906 1.7000000476837158
vertex 23.683408737182617 -42.489112854003906 0
vertex 23.537418365478516 -42.58666229248047 1.7000000476837158
endloop
endfacet
facet normal -0.8314682539438699 0.5555722659416437 0
outer loop
vertex 23.78095817565918 -42.34312057495117 1.7000000476837158
vertex 23.78095817565918 -42.34312057495117 0
vertex 23.683408737182617 -42.489112854003906 1.7000000476837158
endloop
endfacet
facet normal -0.1950798514286955 0.9807873630744628 0
outer loop
vertex 23.537418365478516 -42.58666229248047 1.7000000476837158
vertex 23.537418365478516 -42.58666229248047 0
vertex 23.365211486816406 -42.620914459228516 1.7000000476837158
endloop
endfacet
facet normal -0.5555772839934787 -0.8314649009491799 0
outer loop
vertex 23.683408737182617 -41.852718353271484 0
vertex 23.683408737182617 -41.852718353271484 1.7000000476837158
vertex 23.537418365478516 -41.75516891479492 0
endloop
endfacet
facet normal 0 0 -1
outer loop
vertex 23.537418365478516 -42.58666229248047 1.7000000476837158
vertex 23.365211486816406 -42.620914459228516 1.7000000476837158
vertex 23.537418365478516 -41.75516891479492 1.7000000476837158
endloop
endfacet
facet normal -0.9807852845629332 0.19509030110388895 0
outer loop
vertex 23.81521224975586 -42.17091369628906 0
vertex 23.78095817565918 -42.34312057495117 0
vertex 23.78095817565918 -42.34312057495117 1.7000000476837158
endloop
endfacet
facet normal -0.8314682539438699 0.5555722659416437 0
outer loop
vertex 23.78095817565918 -42.34312057495117 0
vertex 23.683408737182617 -42.489112854003906 0
vertex 23.683408737182617 -42.489112854003906 1.7000000476837158
endloop
endfacet
facet normal 0 0 -1
outer loop
vertex 23.537418365478516 -42.58666229248047 1.7000000476837158
vertex 23.537418365478516 -41.75516891479492 1.7000000476837158
vertex 23.683408737182617 -41.852718353271484 1.7000000476837158
endloop
endfacet
facet normal 0 0 -1
outer loop
vertex 23.047014236450195 -42.489112854003906 1.7000000476837158
vertex 22.949464797973633 -42.34312057495117 1.7000000476837158
vertex 23.047014236450195 -41.852718353271484 1.7000000476837158
endloop
endfacet
facet normal 0 0 -1
outer loop
vertex 23.047014236450195 -41.852718353271484 1.7000000476837158
vertex 22.949464797973633 -42.34312057495117 1.7000000476837158
vertex 22.949464797973633 -41.99870681762695 1.7000000476837158
endloop
endfacet
facet normal 0 0 -1
outer loop
vertex 23.193004608154297 -42.58666229248047 1.7000000476837158
vertex 23.047014236450195 -42.489112854003906 1.7000000476837158
vertex 23.193004608154297 -41.75516891479492 1.7000000476837158
endloop
endfacet
facet normal 0 0 -1
outer loop
vertex 23.365211486816406 -42.620914459228516 1.7000000476837158
vertex 23.193004608154297 -42.58666229248047 1.7000000476837158
vertex 23.365211486816406 -41.72091293334961 1.7000000476837158
endloop
endfacet
facet normal 0 0 -1
outer loop
vertex 22.949464797973633 -42.34312057495117 1.7000000476837158
vertex 22.915210723876953 -42.17091369628906 1.7000000476837158
vertex 22.949464797973633 -41.99870681762695 1.7000000476837158
endloop
endfacet
facet normal 0 0 -1
outer loop
vertex 23.683408737182617 -42.489112854003906 1.7000000476837158
vertex 23.537418365478516 -42.58666229248047 1.7000000476837158
vertex 23.683408737182617 -41.852718353271484 1.7000000476837158
endloop
endfacet
facet normal 0 0 -1
outer loop
vertex 23.78095817565918 -42.34312057495117 1.7000000476837158
vertex 23.683408737182617 -42.489112854003906 1.7000000476837158
vertex 23.78095817565918 -41.99870681762695 1.7000000476837158
endloop
endfacet
facet normal -0.5555772839934787 0.8314649009491799 0
outer loop
vertex 23.683408737182617 -42.489112854003906 0
vertex 23.537418365478516 -42.58666229248047 0
vertex 23.537418365478516 -42.58666229248047 1.7000000476837158
endloop
endfacet
facet normal -0.1950798514286955 0.9807873630744628 0
outer loop
vertex 23.537418365478516 -42.58666229248047 0
vertex 23.365211486816406 -42.620914459228516 0
vertex 23.365211486816406 -42.620914459228516 1.7000000476837158
endloop
endfacet
facet normal 0 0 -1
outer loop
vertex 23.683408737182617 -41.852718353271484 1.7000000476837158
vertex 23.78095817565918 -41.99870681762695 1.7000000476837158
vertex 23.683408737182617 -42.489112854003906 1.7000000476837158
endloop
endfacet
facet normal 0.1951007507126451 -0.9807832059488795 0
outer loop
vertex 23.365211486816406 -41.72091293334961 0
vertex 23.365211486816406 -41.72091293334961 1.7000000476837158
vertex 23.193004608154297 -41.75516891479492 0
endloop
endfacet
facet normal 0.5555772839934787 -0.8314649009491799 0
outer loop
vertex 23.193004608154297 -41.75516891479492 0
vertex 23.193004608154297 -41.75516891479492 1.7000000476837158
vertex 23.047014236450195 -41.852718353271484 0
endloop
endfacet
facet normal 0.1951007507126451 -0.9807832059488795 0
outer loop
vertex 23.193004608154297 -41.75516891479492 1.7000000476837158
vertex 23.193004608154297 -41.75516891479492 0
vertex 23.365211486816406 -41.72091293334961 1.7000000476837158
endloop
endfacet
facet normal 0.5555772839934787 -0.8314649009491799 0
outer loop
vertex 23.047014236450195 -41.852718353271484 1.7000000476837158
vertex 23.047014236450195 -41.852718353271484 0
vertex 23.193004608154297 -41.75516891479492 1.7000000476837158
endloop
endfacet
facet normal 0.8314615478636338 -0.5555823021157262 0
outer loop
vertex 22.949464797973633 -41.99870681762695 1.7000000476837158
vertex 22.949464797973633 -41.99870681762695 0
vertex 23.047014236450195 -41.852718353271484 1.7000000476837158
endloop
endfacet
facet normal 0.9807852845629332 -0.19509030110388895 0
outer loop
vertex 22.915210723876953 -42.17091369628906 1.7000000476837158
vertex 22.915210723876953 -42.17091369628906 0
vertex 22.949464797973633 -41.99870681762695 1.7000000476837158
endloop
endfacet
facet normal 0.9807852845629332 0.19509030110388895 0
outer loop
vertex 22.949464797973633 -42.34312057495117 1.7000000476837158
vertex 22.949464797973633 -42.34312057495117 0
vertex 22.915210723876953 -42.17091369628906 1.7000000476837158
endloop
endfacet
facet normal 0.5555772839934787 0.8314649009491799 0
outer loop
vertex 23.193004608154297 -42.58666229248047 1.7000000476837158
vertex 23.193004608154297 -42.58666229248047 0
vertex 23.047014236450195 -42.489112854003906 1.7000000476837158
endloop
endfacet
facet normal 0.1950798514286955 0.9807873630744628 0
outer loop
vertex 23.365211486816406 -42.620914459228516 1.7000000476837158
vertex 23.365211486816406 -42.620914459228516 0
vertex 23.193004608154297 -42.58666229248047 1.7000000476837158
endloop
endfacet
facet normal 0.8314682539438699 0.5555722659416437 0
outer loop
vertex 23.047014236450195 -42.489112854003906 1.7000000476837158
vertex 23.047014236450195 -42.489112854003906 0
vertex 22.949464797973633 -42.34312057495117 1.7000000476837158
endloop
endfacet
facet normal 0.8314615478636338 -0.5555823021157262 0
outer loop
vertex 23.047014236450195 -41.852718353271484 0
vertex 23.047014236450195 -41.852718353271484 1.7000000476837158
vertex 22.949464797973633 -41.99870681762695 0
endloop
endfacet
facet normal -0.1951007507126451 -0.9807832059488795 0
outer loop
vertex 23.537418365478516 -41.75516891479492 0
vertex 23.537418365478516 -41.75516891479492 1.7000000476837158
vertex 23.365211486816406 -41.72091293334961 0
endloop
endfacet
facet normal -0.9807852845629332 -0.19509030110388895 0
outer loop
vertex 23.78095817565918 -41.99870681762695 0
vertex 23.81521224975586 -42.17091369628906 0
vertex 23.81521224975586 -42.17091369628906 1.7000000476837158
endloop
endfacet
facet normal 0.9807852845629332 -0.19509030110388895 0
outer loop
vertex 22.949464797973633 -41.99870681762695 0
vertex 22.949464797973633 -41.99870681762695 1.7000000476837158
vertex 22.915210723876953 -42.17091369628906 0
endloop
endfacet
facet normal 0 0 -1
outer loop
vertex 23.81521224975586 -42.17091369628906 1.7000000476837158
vertex 23.78095817565918 -42.34312057495117 1.7000000476837158
vertex 23.78095817565918 -41.99870681762695 1.7000000476837158
endloop
endfacet
facet normal 0.9807852845629332 0.19509030110388895 0
outer loop
vertex 22.915210723876953 -42.17091369628906 0
vertex 22.915210723876953 -42.17091369628906 1.7000000476837158
vertex 22.949464797973633 -42.34312057495117 0
endloop
endfacet
facet normal 0.1950798514286955 0.9807873630744628 0
outer loop
vertex 23.365211486816406 -42.620914459228516 0
vertex 23.193004608154297 -42.58666229248047 0
vertex 23.193004608154297 -42.58666229248047 1.7000000476837158
endloop
endfacet
facet normal 0.5555772839934787 0.8314649009491799 0
outer loop
vertex 23.193004608154297 -42.58666229248047 0
vertex 23.047014236450195 -42.489112854003906 0
vertex 23.047014236450195 -42.489112854003906 1.7000000476837158
endloop
endfacet
facet normal 0.8314682539438699 0.5555722659416437 0
outer loop
vertex 22.949464797973633 -42.34312057495117 0
vertex 22.949464797973633 -42.34312057495117 1.7000000476837158
vertex 23.047014236450195 -42.489112854003906 0
endloop
endfacet
facet normal 0 0 -1
outer loop
vertex 23.365211486816406 -41.72091293334961 1.7000000476837158
vertex 23.193004608154297 -42.58666229248047 1.7000000476837158
vertex 23.193004608154297 -41.75516891479492 1.7000000476837158
endloop
endfacet
facet normal 0 0 -1
outer loop
vertex 23.537418365478516 -41.75516891479492 1.7000000476837158
vertex 23.365211486816406 -42.620914459228516 1.7000000476837158
vertex 23.365211486816406 -41.72091293334961 1.7000000476837158
endloop
endfacet
facet normal 0.5555772839934787 0.8314649009491799 0
outer loop
vertex 23.193004608154297 -41.3166618347168 0
vertex 23.047014236450195 -41.219112396240234 0
vertex 23.047014236450195 -41.219112396240234 1.7000000476837158
endloop
endfacet
facet normal -0.5555772839934787 0.8314649009491799 0
outer loop
vertex 23.683408737182617 -41.219112396240234 1.7000000476837158
vertex 23.683408737182617 -41.219112396240234 0
vertex 23.537418365478516 -41.3166618347168 1.7000000476837158
endloop
endfacet
facet normal -0.8314615478636338 0.5555823021157262 0
outer loop
vertex 23.78095817565918 -41.073123931884766 1.7000000476837158
vertex 23.78095817565918 -41.073123931884766 0
vertex 23.683408737182617 -41.219112396240234 1.7000000476837158
endloop
endfacet
facet normal -0.9807861114401027 0.19508614406513386 0
outer loop
vertex 23.81521224975586 -40.90091323852539 1.7000000476837158
vertex 23.81521224975586 -40.90091323852539 0
vertex 23.78095817565918 -41.073123931884766 1.7000000476837158
endloop
endfacet
facet normal -0.1950798514286955 0.9807873630744628 0
outer loop
vertex 23.537418365478516 -41.3166618347168 0
vertex 23.365211486816406 -41.350914001464844 0
vertex 23.365211486816406 -41.350914001464844 1.7000000476837158
endloop
endfacet
facet normal -0.5555772839934787 0.8314649009491799 0
outer loop
vertex 23.683408737182617 -41.219112396240234 0
vertex 23.537418365478516 -41.3166618347168 0
vertex 23.537418365478516 -41.3166618347168 1.7000000476837158
endloop
endfacet
facet normal -0.8314615478636338 0.5555823021157262 0
outer loop
vertex 23.78095817565918 -41.073123931884766 0
vertex 23.683408737182617 -41.219112396240234 0
vertex 23.683408737182617 -41.219112396240234 1.7000000476837158
endloop
endfacet
facet normal -0.9807861114401027 0.19508614406513386 0
outer loop
vertex 23.81521224975586 -40.90091323852539 0
vertex 23.78095817565918 -41.073123931884766 0
vertex 23.78095817565918 -41.073123931884766 1.7000000476837158
endloop
endfacet
facet normal -0.1950798514286955 -0.9807873630744628 0
outer loop
vertex 23.537418365478516 -40.48516845703125 0
vertex 23.537418365478516 -40.48516845703125 1.7000000476837158
vertex 23.365211486816406 -40.4509162902832 0
endloop
endfacet
facet normal -0.8314615478636338 -0.5555823021157262 0
outer loop
vertex 23.683408737182617 -40.58271789550781 0
vertex 23.78095817565918 -40.72870635986328 0
vertex 23.78095817565918 -40.72870635986328 1.7000000476837158
endloop
endfacet
facet normal -0.1950798514286955 -0.9807873630744628 0
outer loop
vertex 23.365211486816406 -40.4509162902832 1.7000000476837158
vertex 23.365211486816406 -40.4509162902832 0
vertex 23.537418365478516 -40.48516845703125 1.7000000476837158
endloop
endfacet
facet normal 0 0 -1
outer loop
vertex 23.537418365478516 -41.3166618347168 1.7000000476837158
vertex 23.365211486816406 -41.350914001464844 1.7000000476837158
vertex 23.537418365478516 -40.48516845703125 1.7000000476837158
endloop
endfacet
facet normal 0 0 -1
outer loop
vertex 23.81521224975586 -40.90091323852539 1.7000000476837158
vertex 23.78095817565918 -41.073123931884766 1.7000000476837158
vertex 23.78095817565918 -40.72870635986328 1.7000000476837158
endloop
endfacet
facet normal 0 0 -1
outer loop
vertex 23.537418365478516 -40.48516845703125 1.7000000476837158
vertex 23.365211486816406 -41.350914001464844 1.7000000476837158
vertex 23.365211486816406 -40.4509162902832 1.7000000476837158
endloop
endfacet
facet normal 0 0 -1
outer loop
vertex 23.683408737182617 -40.58271789550781 1.7000000476837158
vertex 23.537418365478516 -41.3166618347168 1.7000000476837158
vertex 23.537418365478516 -40.48516845703125 1.7000000476837158
endloop
endfacet
facet normal 0.8314615478636338 0.5555823021157262 0
outer loop
vertex 23.047014236450195 -41.219112396240234 1.7000000476837158
vertex 23.047014236450195 -41.219112396240234 0
vertex 22.949464797973633 -41.073123931884766 1.7000000476837158
endloop
endfacet
facet normal 0.9807861114401027 0.19508614406513386 0
outer loop
vertex 22.949464797973633 -41.073123931884766 1.7000000476837158
vertex 22.949464797973633 -41.073123931884766 0
vertex 22.915210723876953 -40.90091323852539 1.7000000476837158
endloop
endfacet
facet normal 0 0 -1
outer loop
vertex 23.047014236450195 -41.219112396240234 1.7000000476837158
vertex 22.949464797973633 -41.073123931884766 1.7000000476837158
vertex 23.047014236450195 -40.58271789550781 1.7000000476837158
endloop
endfacet
facet normal 0 0 -1
outer loop
vertex 22.949464797973633 -41.073123931884766 1.7000000476837158
vertex 22.915210723876953 -40.90091323852539 1.7000000476837158
vertex 22.949464797973633 -40.72870635986328 1.7000000476837158
endloop
endfacet
facet normal 0 0 -1
outer loop
vertex 23.193004608154297 -41.3166618347168 1.7000000476837158
vertex 23.047014236450195 -41.219112396240234 1.7000000476837158
vertex 23.193004608154297 -40.48516845703125 1.7000000476837158
endloop
endfacet
facet normal 0 0 -1
outer loop
vertex 23.365211486816406 -41.350914001464844 1.7000000476837158
vertex 23.193004608154297 -41.3166618347168 1.7000000476837158
vertex 23.365211486816406 -40.4509162902832 1.7000000476837158
endloop
endfacet
facet normal 0 0 -1
outer loop
vertex 23.047014236450195 -40.58271789550781 1.7000000476837158
vertex 22.949464797973633 -41.073123931884766 1.7000000476837158
vertex 22.949464797973633 -40.72870635986328 1.7000000476837158
endloop
endfacet
facet normal 0 0 -1
outer loop
vertex 23.193004608154297 -40.48516845703125 1.7000000476837158
vertex 23.047014236450195 -41.219112396240234 1.7000000476837158
vertex 23.047014236450195 -40.58271789550781 1.7000000476837158
endloop
endfacet
facet normal 0 0 -1
outer loop
vertex 23.365211486816406 -40.4509162902832 1.7000000476837158
vertex 23.193004608154297 -41.3166618347168 1.7000000476837158
vertex 23.193004608154297 -40.48516845703125 1.7000000476837158
endloop
endfacet
facet normal 0.5555772839934787 0.8314649009491799 0
outer loop
vertex 23.193004608154297 -41.3166618347168 1.7000000476837158
vertex 23.193004608154297 -41.3166618347168 0
vertex 23.047014236450195 -41.219112396240234 1.7000000476837158
endloop
endfacet
facet normal 0 0 -1
outer loop
vertex 23.78095817565918 -41.073123931884766 1.7000000476837158
vertex 23.683408737182617 -41.219112396240234 1.7000000476837158
vertex 23.78095817565918 -40.72870635986328 1.7000000476837158
endloop
endfacet
facet normal 0.1950798514286955 0.9807873630744628 0
outer loop
vertex 23.365211486816406 -41.350914001464844 1.7000000476837158
vertex 23.365211486816406 -41.350914001464844 0
vertex 23.193004608154297 -41.3166618347168 1.7000000476837158
endloop
endfacet
facet normal -0.9807852845629332 -0.19509030110388895 0
outer loop
vertex 23.78095817565918 -40.72870635986328 0
vertex 23.81521224975586 -40.90091323852539 0
vertex 23.81521224975586 -40.90091323852539 1.7000000476837158
endloop
endfacet
facet normal 0.9807852845629332 -0.19509030110388895 0
outer loop
vertex 22.915210723876953 -40.90091323852539 1.7000000476837158
vertex 22.915210723876953 -40.90091323852539 0
vertex 22.949464797973633 -40.72870635986328 1.7000000476837158
endloop
endfacet
facet normal -0.5555772839934787 -0.8314649009491799 0
outer loop
vertex 23.683408737182617 -40.58271789550781 0
vertex 23.683408737182617 -40.58271789550781 1.7000000476837158
vertex 23.537418365478516 -40.48516845703125 0
endloop
endfacet
facet normal 0 0 -1
outer loop
vertex 23.683408737182617 -41.219112396240234 1.7000000476837158
vertex 23.537418365478516 -41.3166618347168 1.7000000476837158
vertex 23.683408737182617 -40.58271789550781 1.7000000476837158
endloop
endfacet
facet normal -0.5555772839934787 -0.8314649009491799 0
outer loop
vertex 23.537418365478516 -40.48516845703125 1.7000000476837158
vertex 23.537418365478516 -40.48516845703125 0
vertex 23.683408737182617 -40.58271789550781 1.7000000476837158
endloop
endfacet
facet normal -0.8314615478636338 -0.5555823021157262 0
outer loop
vertex 23.683408737182617 -40.58271789550781 1.7000000476837158
vertex 23.683408737182617 -40.58271789550781 0
vertex 23.78095817565918 -40.72870635986328 1.7000000476837158
endloop
endfacet
facet normal 0.1950798514286955 -0.9807873630744628 0
outer loop
vertex 23.365211486816406 -40.4509162902832 0
vertex 23.365211486816406 -40.4509162902832 1.7000000476837158
vertex 23.193004608154297 -40.48516845703125 0
endloop
endfacet
facet normal -0.1950798514286955 0.9807873630744628 0
outer loop
vertex 23.537418365478516 -41.3166618347168 1.7000000476837158
vertex 23.537418365478516 -41.3166618347168 0
vertex 23.365211486816406 -41.350914001464844 1.7000000476837158
endloop
endfacet
facet normal 0.5555772839934787 -0.8314649009491799 0
outer loop
vertex 23.193004608154297 -40.48516845703125 0
vertex 23.193004608154297 -40.48516845703125 1.7000000476837158
vertex 23.047014236450195 -40.58271789550781 0
endloop
endfacet
facet normal 0.8314615478636338 -0.5555823021157262 0
outer loop
vertex 23.047014236450195 -40.58271789550781 0
vertex 23.047014236450195 -40.58271789550781 1.7000000476837158
vertex 22.949464797973633 -40.72870635986328 0
endloop
endfacet
facet normal 0.8314615478636338 -0.5555823021157262 0
outer loop
vertex 22.949464797973633 -40.72870635986328 1.7000000476837158
vertex 22.949464797973633 -40.72870635986328 0
vertex 23.047014236450195 -40.58271789550781 1.7000000476837158
endloop
endfacet
facet normal 0.9807852845629332 -0.19509030110388895 0
outer loop
vertex 22.949464797973633 -40.72870635986328 0
vertex 22.949464797973633 -40.72870635986328 1.7000000476837158
vertex 22.915210723876953 -40.90091323852539 0
endloop
endfacet
facet normal 0.1950798514286955 0.9807873630744628 0
outer loop
vertex 23.365211486816406 -41.350914001464844 0
vertex 23.193004608154297 -41.3166618347168 0
vertex 23.193004608154297 -41.3166618347168 1.7000000476837158
endloop
endfacet
facet normal -0.9807852845629332 -0.19509030110388895 0
outer loop
vertex 23.78095817565918 -40.72870635986328 1.7000000476837158
vertex 23.78095817565918 -40.72870635986328 0
vertex 23.81521224975586 -40.90091323852539 1.7000000476837158
endloop
endfacet
facet normal 0.8314615478636338 0.5555823021157262 0
outer loop
vertex 23.047014236450195 -41.219112396240234 0
vertex 22.949464797973633 -41.073123931884766 0
vertex 22.949464797973633 -41.073123931884766 1.7000000476837158
endloop
endfacet
facet normal 0.5555772839934787 -0.8314649009491799 0
outer loop
vertex 23.047014236450195 -40.58271789550781 1.7000000476837158
vertex 23.047014236450195 -40.58271789550781 0
vertex 23.193004608154297 -40.48516845703125 1.7000000476837158
endloop
endfacet
facet normal 0.1950798514286955 -0.9807873630744628 0
outer loop
vertex 23.193004608154297 -40.48516845703125 1.7000000476837158
vertex 23.193004608154297 -40.48516845703125 0
vertex 23.365211486816406 -40.4509162902832 1.7000000476837158
endloop
endfacet
facet normal 0 0 -1
outer loop
vertex 23.683408737182617 -40.58271789550781 1.7000000476837158
vertex 23.78095817565918 -40.72870635986328 1.7000000476837158
vertex 23.683408737182617 -41.219112396240234 1.7000000476837158
endloop
endfacet
facet normal 0.9807861114401027 0.19508614406513386 0
outer loop
vertex 22.915210723876953 -40.90091323852539 0
vertex 22.915210723876953 -40.90091323852539 1.7000000476837158
vertex 22.949464797973633 -41.073123931884766 0
endloop
endfacet
facet normal -0.1950925356848196 -0.9807848400745535 0
outer loop
vertex 6.408986568450928 -40.45961380004883 1.7000000476837158
vertex 6.53745698928833 -40.48516845703125 0
vertex 6.53745698928833 -40.48516845703125 1.7000000476837158
endloop
endfacet
facet normal -0.5555772839934787 -0.8314649009491799 0
outer loop
vertex 6.683447360992432 -40.58271789550781 0
vertex 6.683447360992432 -40.58271789550781 1.7000000476837158
vertex 6.53745698928833 -40.48516845703125 0
endloop
endfacet
facet normal -0.1950947621963512 0.9807843971860224 0
outer loop
vertex 6.53745698928833 -41.3166618347168 1.7000000476837158
vertex 6.454764366149902 -41.33311080932617 0
vertex 6.454764366149902 -41.33311080932617 1.7000000476837158
endloop
endfacet
facet normal -0.5555772839934787 0.8314649009491799 0
outer loop
vertex 6.683447360992432 -41.219112396240234 1.7000000476837158
vertex 6.683447360992432 -41.219112396240234 0
vertex 6.53745698928833 -41.3166618347168 1.7000000476837158
endloop
endfacet
facet normal -0.8314653114796824 0.5555766696019502 0
outer loop
vertex 6.7809953689575195 -41.073123931884766 1.7000000476837158
vertex 6.7809953689575195 -41.073123931884766 0
vertex 6.683447360992432 -41.219112396240234 1.7000000476837158
endloop
endfacet
facet normal -0.8314653114796824 -0.5555766696019502 0
outer loop
vertex 6.683447360992432 -40.58271789550781 1.7000000476837158
vertex 6.683447360992432 -40.58271789550781 0
vertex 6.7809953689575195 -40.72870635986328 1.7000000476837158
endloop
endfacet
facet normal -0.5555772839934787 -0.8314649009491799 0
outer loop
vertex 6.53745698928833 -40.48516845703125 0
vertex 6.683447360992432 -40.58271789550781 1.7000000476837158
vertex 6.53745698928833 -40.48516845703125 1.7000000476837158
endloop
endfacet
facet normal -0.9807861114401027 0.19508614406513386 0
outer loop
vertex 6.815249443054199 -40.90091323852539 1.7000000476837158
vertex 6.815249443054199 -40.90091323852539 0
vertex 6.7809953689575195 -41.073123931884766 1.7000000476837158
endloop
endfacet
facet normal -0.9807861114401027 0.19508614406513386 0
outer loop
vertex 6.815249443054199 -40.90091323852539 0
vertex 6.7809953689575195 -41.073123931884766 0
vertex 6.7809953689575195 -41.073123931884766 1.7000000476837158
endloop
endfacet
facet normal -0.9807852845629332 -0.19509030110388895 0
outer loop
vertex 6.7809953689575195 -40.72870635986328 0
vertex 6.815249443054199 -40.90091323852539 0
vertex 6.815249443054199 -40.90091323852539 1.7000000476837158
endloop
endfacet
facet normal -0.9807852845629332 -0.19509030110388895 0
outer loop
vertex 6.7809953689575195 -40.72870635986328 1.7000000476837158
vertex 6.7809953689575195 -40.72870635986328 0
vertex 6.815249443054199 -40.90091323852539 1.7000000476837158
endloop
endfacet
facet normal -0.8314653114796824 -0.5555766696019502 0
outer loop
vertex 6.7809953689575195 -40.72870635986328 0
vertex 6.7809953689575195 -40.72870635986328 1.7000000476837158
vertex 6.683447360992432 -40.58271789550781 0
endloop
endfacet
facet normal -0.1950947621963512 0.9807843971860224 0
outer loop
vertex 6.53745698928833 -41.3166618347168 0
vertex 6.454764366149902 -41.33311080932617 0
vertex 6.53745698928833 -41.3166618347168 1.7000000476837158
endloop
endfacet
facet normal -0.5555772839934787 0.8314649009491799 0
outer loop
vertex 6.683447360992432 -41.219112396240234 0
vertex 6.53745698928833 -41.3166618347168 0
vertex 6.53745698928833 -41.3166618347168 1.7000000476837158
endloop
endfacet
facet normal -0.8314653114796824 0.5555766696019502 0
outer loop
vertex 6.7809953689575195 -41.073123931884766 0
vertex 6.683447360992432 -41.219112396240234 0
vertex 6.683447360992432 -41.219112396240234 1.7000000476837158
endloop
endfacet
facet normal -0.1950925356848196 -0.9807848400745535 0
outer loop
vertex 6.53745698928833 -40.48516845703125 0
vertex 6.408986568450928 -40.45961380004883 1.7000000476837158
vertex 6.408986568450928 -40.45961380004883 0
endloop
endfacet
facet normal 0 0 -1
outer loop
vertex 6.53745698928833 -41.3166618347168 1.7000000476837158
vertex 6.454764366149902 -41.33311080932617 1.7000000476837158
vertex 6.53745698928833 -40.48516845703125 1.7000000476837158
endloop
endfacet
facet normal 0 0 -1
outer loop
vertex 6.683447360992432 -41.219112396240234 1.7000000476837158
vertex 6.53745698928833 -41.3166618347168 1.7000000476837158
vertex 6.683447360992432 -40.58271789550781 1.7000000476837158
endloop
endfacet
facet normal 0 0 -1
outer loop
vertex 6.7809953689575195 -41.073123931884766 1.7000000476837158
vertex 6.683447360992432 -41.219112396240234 1.7000000476837158
vertex 6.7809953689575195 -40.72870635986328 1.7000000476837158
endloop
endfacet
facet normal 0 0 -1
outer loop
vertex 6.683447360992432 -40.58271789550781 1.7000000476837158
vertex 6.53745698928833 -41.3166618347168 1.7000000476837158
vertex 6.53745698928833 -40.48516845703125 1.7000000476837158
endloop
endfacet
facet normal 0 0 -1
outer loop
vertex 6.53745698928833 -40.48516845703125 1.7000000476837158
vertex 6.454764366149902 -41.33311080932617 1.7000000476837158
vertex 6.408986568450928 -40.45961380004883 1.7000000476837158
endloop
endfacet
facet normal 0 0 -1
outer loop
vertex 6.7809953689575195 -40.72870635986328 1.7000000476837158
vertex 6.683447360992432 -41.219112396240234 1.7000000476837158
vertex 6.683447360992432 -40.58271789550781 1.7000000476837158
endloop
endfacet
facet normal 0 0 -1
outer loop
vertex 6.815249443054199 -40.90091323852539 1.7000000476837158
vertex 6.7809953689575195 -41.073123931884766 1.7000000476837158
vertex 6.7809953689575195 -40.72870635986328 1.7000000476837158
endloop
endfacet
facet normal -0.8314720174542991 0.5555666334387602 0
outer loop
vertex 6.7809953689575195 -42.34312057495117 1.7000000476837158
vertex 6.7809953689575195 -42.34312057495117 0
vertex 6.683447360992432 -42.489112854003906 1.7000000476837158
endloop
endfacet
facet normal -0.5555772839934787 0.8314649009491799 0
outer loop
vertex 6.683447360992432 -42.489112854003906 1.7000000476837158
vertex 6.683447360992432 -42.489112854003906 0
vertex 6.53745698928833 -42.58666229248047 1.7000000476837158
endloop
endfacet
facet normal -0.8314653114796824 -0.5555766696019502 0
outer loop
vertex 6.683447360992432 -41.852718353271484 1.7000000476837158
vertex 6.683447360992432 -41.852718353271484 0
vertex 6.7809953689575195 -41.99870681762695 1.7000000476837158
endloop
endfacet
facet normal -0.19510222376268926 -0.9807829129235753 0
outer loop
vertex 6.476245403289795 -41.74299240112305 1.7000000476837158
vertex 6.53745698928833 -41.75516891479492 0
vertex 6.53745698928833 -41.75516891479492 1.7000000476837158
endloop
endfacet
facet normal -0.5555772839934787 -0.8314649009491799 0
outer loop
vertex 6.53745698928833 -41.75516891479492 1.7000000476837158
vertex 6.53745698928833 -41.75516891479492 0
vertex 6.683447360992432 -41.852718353271484 1.7000000476837158
endloop
endfacet
facet normal -0.9807852845629332 0.19509030110388895 0
outer loop
vertex 6.815249443054199 -42.17091369628906 1.7000000476837158
vertex 6.815249443054199 -42.17091369628906 0
vertex 6.7809953689575195 -42.34312057495117 1.7000000476837158
endloop
endfacet
facet normal -0.9807852845629332 -0.19509030110388895 0
outer loop
vertex 6.7809953689575195 -41.99870681762695 1.7000000476837158
vertex 6.7809953689575195 -41.99870681762695 0
vertex 6.815249443054199 -42.17091369628906 1.7000000476837158
endloop
endfacet
facet normal 0 0 -1
outer loop
vertex 6.683447360992432 -42.489112854003906 1.7000000476837158
vertex 6.53745698928833 -42.58666229248047 1.7000000476837158
vertex 6.683447360992432 -41.852718353271484 1.7000000476837158
endloop
endfacet
facet normal 0 0 -1
outer loop
vertex 6.7809953689575195 -42.34312057495117 1.7000000476837158
vertex 6.683447360992432 -42.489112854003906 1.7000000476837158
vertex 6.7809953689575195 -41.99870681762695 1.7000000476837158
endloop
endfacet
facet normal 0 0 -1
outer loop
vertex 6.7809953689575195 -41.99870681762695 1.7000000476837158
vertex 6.683447360992432 -42.489112854003906 1.7000000476837158
vertex 6.683447360992432 -41.852718353271484 1.7000000476837158
endloop
endfacet
facet normal 0 0 -1
outer loop
vertex 6.53745698928833 -41.75516891479492 1.7000000476837158
vertex 6.53745698928833 -42.58666229248047 1.7000000476837158
vertex 6.476245403289795 -41.74299240112305 1.7000000476837158
endloop
endfacet
facet normal 0 0 -1
outer loop
vertex 6.683447360992432 -41.852718353271484 1.7000000476837158
vertex 6.53745698928833 -42.58666229248047 1.7000000476837158
vertex 6.53745698928833 -41.75516891479492 1.7000000476837158
endloop
endfacet
facet normal -0.9807852845629332 0.19509030110388895 0
outer loop
vertex 6.815249443054199 -42.17091369628906 0
vertex 6.7809953689575195 -42.34312057495117 0
vertex 6.7809953689575195 -42.34312057495117 1.7000000476837158
endloop
endfacet
facet normal 0 0 -1
outer loop
vertex 6.815249443054199 -42.17091369628906 1.7000000476837158
vertex 6.7809953689575195 -42.34312057495117 1.7000000476837158
vertex 6.7809953689575195 -41.99870681762695 1.7000000476837158
endloop
endfacet
facet normal -0.5555772839934787 -0.8314649009491799 0
outer loop
vertex 6.683447360992432 -41.852718353271484 0
vertex 6.683447360992432 -41.852718353271484 1.7000000476837158
vertex 6.53745698928833 -41.75516891479492 0
endloop
endfacet
facet normal -0.19510222376268926 -0.9807829129235753 0
outer loop
vertex 6.476245403289795 -41.74299240112305 0
vertex 6.53745698928833 -41.75516891479492 0
vertex 6.476245403289795 -41.74299240112305 1.7000000476837158
endloop
endfacet
facet normal -0.8314653114796824 -0.5555766696019502 0
outer loop
vertex 6.7809953689575195 -41.99870681762695 0
vertex 6.7809953689575195 -41.99870681762695 1.7000000476837158
vertex 6.683447360992432 -41.852718353271484 0
endloop
endfacet
facet normal -0.8314720174542991 0.5555666334387602 0
outer loop
vertex 6.7809953689575195 -42.34312057495117 0
vertex 6.683447360992432 -42.489112854003906 0
vertex 6.683447360992432 -42.489112854003906 1.7000000476837158
endloop
endfacet
facet normal -0.5555772839934787 0.8314649009491799 0
outer loop
vertex 6.683447360992432 -42.489112854003906 0
vertex 6.53745698928833 -42.58666229248047 0
vertex 6.53745698928833 -42.58666229248047 1.7000000476837158
endloop
endfacet
facet normal -0.9807852845629332 -0.19509030110388895 0
outer loop
vertex 6.7809953689575195 -41.99870681762695 0
vertex 6.815249443054199 -42.17091369628906 0
vertex 6.815249443054199 -42.17091369628906 1.7000000476837158
endloop
endfacet
facet normal -0.5555635475738745 -0.8314740793356887 0
outer loop
vertex 6.543649196624756 -43.029136657714844 1.7000000476837158
vertex 6.683701515197754 -43.12271499633789 0
vertex 6.683701515197754 -43.12271499633789 1.7000000476837158
endloop
endfacet
facet normal 0.19510023104767313 0.9807833093222704 0
outer loop
vertex 6.365503311157227 -43.89091491699219 1.7000000476837158
vertex 6.365503311157227 -43.89091491699219 0
vertex 6.193295955657959 -43.856658935546875 1.7000000476837158
endloop
endfacet
facet normal 0.19510023104767313 0.9807833093222704 0
outer loop
vertex 6.365503311157227 -43.89091491699219 0
vertex 6.193295955657959 -43.856658935546875 0
vertex 6.193295955657959 -43.856658935546875 1.7000000476837158
endloop
endfacet
facet normal -0.8314732719568675 -0.5555647559208026 0
outer loop
vertex 6.683701515197754 -43.12271499633789 0
vertex 6.781249046325684 -43.268707275390625 1.7000000476837158
vertex 6.683701515197754 -43.12271499633789 1.7000000476837158
endloop
endfacet
facet normal -0.9807847649190312 0.1950929135123066 0
outer loop
vertex 6.8155035972595215 -43.440914154052734 1.7000000476837158
vertex 6.8155035972595215 -43.440914154052734 0
vertex 6.781249046325684 -43.613121032714844 1.7000000476837158
endloop
endfacet
facet normal -0.9807847649190312 -0.1950929135123066 0
outer loop
vertex 6.781249046325684 -43.268707275390625 1.7000000476837158
vertex 6.781249046325684 -43.268707275390625 0
vertex 6.8155035972595215 -43.440914154052734 1.7000000476837158
endloop
endfacet
facet normal -0.19509971138541468 0.9807834126948354 0
outer loop
vertex 6.537711143493652 -43.856658935546875 0
vertex 6.365503311157227 -43.89091491699219 0
vertex 6.365503311157227 -43.89091491699219 1.7000000476837158
endloop
endfacet
facet normal -0.8314732719568675 0.5555647559208026 0
outer loop
vertex 6.781249046325684 -43.613121032714844 1.7000000476837158
vertex 6.781249046325684 -43.613121032714844 0
vertex 6.683701515197754 -43.75911331176758 1.7000000476837158
endloop
endfacet
facet normal 0 0 -1
outer loop
vertex 6.537711143493652 -43.856658935546875 1.7000000476837158
vertex 6.193295955657959 -43.856658935546875 1.7000000476837158
vertex 6.1146240234375 -43.80409240722656 1.7000000476837158
endloop
endfacet
facet normal -0.5555622638012966 0.8314749371087372 0
outer loop
vertex 6.683701515197754 -43.75911331176758 0
vertex 6.537711143493652 -43.856658935546875 0
vertex 6.537711143493652 -43.856658935546875 1.7000000476837158
endloop
endfacet
facet normal -0.8314732719568675 0.5555647559208026 0
outer loop
vertex 6.781249046325684 -43.613121032714844 0
vertex 6.683701515197754 -43.75911331176758 0
vertex 6.683701515197754 -43.75911331176758 1.7000000476837158
endloop
endfacet
facet normal 0 0 -1
outer loop
vertex 6.193295955657959 -43.856658935546875 1.7000000476837158
vertex 6.537711143493652 -43.856658935546875 1.7000000476837158
vertex 6.365503311157227 -43.89091491699219 1.7000000476837158
endloop
endfacet
facet normal 0 0 -1
outer loop
vertex 6.683701515197754 -43.75911331176758 1.7000000476837158
vertex 6.537711143493652 -43.856658935546875 1.7000000476837158
vertex 6.1146240234375 -43.80409240722656 1.7000000476837158
endloop
endfacet
facet normal -0.9807847649190312 0.1950929135123066 0
outer loop
vertex 6.8155035972595215 -43.440914154052734 0
vertex 6.781249046325684 -43.613121032714844 0
vertex 6.781249046325684 -43.613121032714844 1.7000000476837158
endloop
endfacet
facet normal -0.9807847649190312 -0.1950929135123066 0
outer loop
vertex 6.781249046325684 -43.268707275390625 0
vertex 6.8155035972595215 -43.440914154052734 0
vertex 6.8155035972595215 -43.440914154052734 1.7000000476837158
endloop
endfacet
facet normal -0.8314732719568675 -0.5555647559208026 0
outer loop
vertex 6.781249046325684 -43.268707275390625 0
vertex 6.781249046325684 -43.268707275390625 1.7000000476837158
vertex 6.683701515197754 -43.12271499633789 0
endloop
endfacet
facet normal -0.5555635475738745 -0.8314740793356887 0
outer loop
vertex 6.543649196624756 -43.029136657714844 0
vertex 6.683701515197754 -43.12271499633789 0
vertex 6.543649196624756 -43.029136657714844 1.7000000476837158
endloop
endfacet
facet normal 0 0 -1
outer loop
vertex 6.683701515197754 -43.75911331176758 1.7000000476837158
vertex 6.1146240234375 -43.80409240722656 1.7000000476837158
vertex 6.683701515197754 -43.12271499633789 1.7000000476837158
endloop
endfacet
facet normal 0 0 -1
outer loop
vertex 6.781249046325684 -43.613121032714844 1.7000000476837158
vertex 6.683701515197754 -43.75911331176758 1.7000000476837158
vertex 6.781249046325684 -43.268707275390625 1.7000000476837158
endloop
endfacet
facet normal 0 0 -1
outer loop
vertex 6.781249046325684 -43.268707275390625 1.7000000476837158
vertex 6.683701515197754 -43.75911331176758 1.7000000476837158
vertex 6.683701515197754 -43.12271499633789 1.7000000476837158
endloop
endfacet
facet normal 0 0 -1
outer loop
vertex 6.8155035972595215 -43.440914154052734 1.7000000476837158
vertex 6.781249046325684 -43.613121032714844 1.7000000476837158
vertex 6.781249046325684 -43.268707275390625 1.7000000476837158
endloop
endfacet
facet normal 0 0 -1
outer loop
vertex 6.543649196624756 -43.029136657714844 1.7000000476837158
vertex 6.683701515197754 -43.12271499633789 1.7000000476837158
vertex 6.1146240234375 -43.80409240722656 1.7000000476837158
endloop
endfacet
facet normal -0.5555622638012966 0.8314749371087372 0
outer loop
vertex 6.683701515197754 -43.75911331176758 1.7000000476837158
vertex 6.683701515197754 -43.75911331176758 0
vertex 6.537711143493652 -43.856658935546875 1.7000000476837158
endloop
endfacet
facet normal -0.19509971138541468 0.9807834126948354 0
outer loop
vertex 6.537711143493652 -43.856658935546875 1.7000000476837158
vertex 6.537711143493652 -43.856658935546875 0
vertex 6.365503311157227 -43.89091491699219 1.7000000476837158
endloop
endfacet
facet normal 0.5555674842917273 0.8314714489372207 0
outer loop
vertex 6.193295955657959 -43.856658935546875 1.7000000476837158
vertex 6.1146240234375 -43.80409240722656 0
vertex 6.1146240234375 -43.80409240722656 1.7000000476837158
endloop
endfacet
facet normal 0.5555674842917273 0.8314714489372207 0
outer loop
vertex 6.193295955657959 -43.856658935546875 0
vertex 6.1146240234375 -43.80409240722656 0
vertex 6.193295955657959 -43.856658935546875 1.7000000476837158
endloop
endfacet
facet normal -0.19509971138541468 -0.9807834126948354 0
outer loop
vertex 6.365503311157227 -44.26091384887695 1.7000000476837158
vertex 6.365503311157227 -44.26091384887695 0
vertex 6.537711143493652 -44.295169830322266 1.7000000476837158
endloop
endfacet
facet normal 0.19510023104767313 -0.9807833093222704 0
outer loop
vertex 6.193295955657959 -44.295169830322266 1.7000000476837158
vertex 6.193295955657959 -44.295169830322266 0
vertex 6.365503311157227 -44.26091384887695 1.7000000476837158
endloop
endfacet
facet normal 0.8314720174542991 0.5555666334387602 0
outer loop
vertex 6.047305583953857 -45.02911376953125 0
vertex 5.9497575759887695 -44.883121490478516 0
vertex 5.9497575759887695 -44.883121490478516 1.7000000476837158
endloop
endfacet
facet normal 0.9807841982700168 0.19509576218831687 0
outer loop
vertex 5.9497575759887695 -44.883121490478516 1.7000000476837158
vertex 5.9497575759887695 -44.883121490478516 0
vertex 5.93630838394165 -44.81550979614258 0
endloop
endfacet
facet normal 0.5555622638012966 0.8314749371087372 0
outer loop
vertex 6.193295955657959 -45.12665939331055 0
vertex 6.047305583953857 -45.02911376953125 0
vertex 6.047305583953857 -45.02911376953125 1.7000000476837158
endloop
endfacet
facet normal 0.9807855032890436 -0.19508920149013287 0
outer loop
vertex 5.9497575759887695 -44.5387077331543 0
vertex 5.927631378173828 -44.64994430541992 1.7000000476837158
vertex 5.927631378173828 -44.64994430541992 0
endloop
endfacet
facet normal 0 0 -1
outer loop
vertex 6.8155035972595215 -44.710914611816406 1.7000000476837158
vertex 6.781249046325684 -44.883121490478516 1.7000000476837158
vertex 6.781249046325684 -44.5387077331543 1.7000000476837158
endloop
endfacet
facet normal 0.8314720174542991 -0.5555666334387602 0
outer loop
vertex 6.047305583953857 -44.39271545410156 0
vertex 6.047305583953857 -44.39271545410156 1.7000000476837158
vertex 5.9497575759887695 -44.5387077331543 0
endloop
endfacet
facet normal 0.5555622638012966 -0.8314749371087372 0
outer loop
vertex 6.193295955657959 -44.295169830322266 0
vertex 6.193295955657959 -44.295169830322266 1.7000000476837158
vertex 6.047305583953857 -44.39271545410156 0
endloop
endfacet
facet normal 0.19510023104767313 0.9807833093222704 0
outer loop
vertex 6.365503311157227 -45.16091537475586 0
vertex 6.193295955657959 -45.12665939331055 0
vertex 6.193295955657959 -45.12665939331055 1.7000000476837158
endloop
endfacet
facet normal -0.9807847649190312 -0.1950929135123066 0
outer loop
vertex 6.781249046325684 -44.5387077331543 0
vertex 6.8155035972595215 -44.710914611816406 0
vertex 6.8155035972595215 -44.710914611816406 1.7000000476837158
endloop
endfacet
facet normal -0.9807847649190312 0.1950929135123066 0
outer loop
vertex 6.8155035972595215 -44.710914611816406 0
vertex 6.781249046325684 -44.883121490478516 0
vertex 6.781249046325684 -44.883121490478516 1.7000000476837158
endloop
endfacet
facet normal -0.19509971138541468 -0.9807834126948354 0
outer loop
vertex 6.537711143493652 -44.295169830322266 0
vertex 6.537711143493652 -44.295169830322266 1.7000000476837158
vertex 6.365503311157227 -44.26091384887695 0
endloop
endfacet
facet normal 0 0 -1
outer loop
vertex 6.781249046325684 -44.5387077331543 1.7000000476837158
vertex 6.683701515197754 -45.02911376953125 1.7000000476837158
vertex 6.683701515197754 -44.39271545410156 1.7000000476837158
endloop
endfacet
facet normal 0 0 -1
outer loop
vertex 6.781249046325684 -44.883121490478516 1.7000000476837158
vertex 6.683701515197754 -45.02911376953125 1.7000000476837158
vertex 6.781249046325684 -44.5387077331543 1.7000000476837158
endloop
endfacet
facet normal 0 0 -1
outer loop
vertex 6.537711143493652 -44.295169830322266 1.7000000476837158
vertex 6.683701515197754 -44.39271545410156 1.7000000476837158
vertex 6.537711143493652 -45.12665939331055 1.7000000476837158
endloop
endfacet
facet normal 0 0 -1
outer loop
vertex 6.365503311157227 -44.26091384887695 1.7000000476837158
vertex 6.193295955657959 -45.12665939331055 1.7000000476837158
vertex 6.193295955657959 -44.295169830322266 1.7000000476837158
endloop
endfacet
facet normal 0 0 -1
outer loop
vertex 6.537711143493652 -44.295169830322266 1.7000000476837158
vertex 6.365503311157227 -45.16091537475586 1.7000000476837158
vertex 6.365503311157227 -44.26091384887695 1.7000000476837158
endloop
endfacet
facet normal 0 0 -1
outer loop
vertex 6.683701515197754 -45.02911376953125 1.7000000476837158
vertex 6.537711143493652 -45.12665939331055 1.7000000476837158
vertex 6.683701515197754 -44.39271545410156 1.7000000476837158
endloop
endfacet
facet normal 0 0 -1
outer loop
vertex 6.537711143493652 -45.12665939331055 1.7000000476837158
vertex 6.365503311157227 -45.16091537475586 1.7000000476837158
vertex 6.537711143493652 -44.295169830322266 1.7000000476837158
endloop
endfacet
facet normal 0 0 -1
outer loop
vertex 6.365503311157227 -45.16091537475586 1.7000000476837158
vertex 6.193295955657959 -45.12665939331055 1.7000000476837158
vertex 6.365503311157227 -44.26091384887695 1.7000000476837158
endloop
endfacet
facet normal 0 0 -1
outer loop
vertex 6.047305583953857 -44.39271545410156 1.7000000476837158
vertex 5.927631378173828 -44.64994430541992 1.7000000476837158
vertex 5.9497575759887695 -44.5387077331543 1.7000000476837158
endloop
endfacet
facet normal 0 0 -1
outer loop
vertex 6.193295955657959 -44.295169830322266 1.7000000476837158
vertex 6.047305583953857 -45.02911376953125 1.7000000476837158
vertex 6.047305583953857 -44.39271545410156 1.7000000476837158
endloop
endfacet
facet normal 0 0 -1
outer loop
vertex 6.193295955657959 -45.12665939331055 1.7000000476837158
vertex 6.047305583953857 -45.02911376953125 1.7000000476837158
vertex 6.193295955657959 -44.295169830322266 1.7000000476837158
endloop
endfacet
facet normal 0 0 -1
outer loop
vertex 5.927631378173828 -44.64994430541992 1.7000000476837158
vertex 6.047305583953857 -44.39271545410156 1.7000000476837158
vertex 5.93630838394165 -44.81550979614258 1.7000000476837158
endloop
endfacet
facet normal 0 0 -1
outer loop
vertex 6.047305583953857 -45.02911376953125 1.7000000476837158
vertex 5.9497575759887695 -44.883121490478516 1.7000000476837158
vertex 6.047305583953857 -44.39271545410156 1.7000000476837158
endloop
endfacet
facet normal 0 0 -1
outer loop
vertex 5.9497575759887695 -44.883121490478516 1.7000000476837158
vertex 5.93630838394165 -44.81550979614258 1.7000000476837158
vertex 6.047305583953857 -44.39271545410156 1.7000000476837158
endloop
endfacet
facet normal -0.8314732719568675 -0.5555647559208026 0
outer loop
vertex 6.683701515197754 -44.39271545410156 1.7000000476837158
vertex 6.683701515197754 -44.39271545410156 0
vertex 6.781249046325684 -44.5387077331543 1.7000000476837158
endloop
endfacet
facet normal -0.5555622638012966 -0.8314749371087372 0
outer loop
vertex 6.537711143493652 -44.295169830322266 1.7000000476837158
vertex 6.537711143493652 -44.295169830322266 0
vertex 6.683701515197754 -44.39271545410156 1.7000000476837158
endloop
endfacet
facet normal -0.8314732719568675 0.5555647559208026 0
outer loop
vertex 6.781249046325684 -44.883121490478516 1.7000000476837158
vertex 6.781249046325684 -44.883121490478516 0
vertex 6.683701515197754 -45.02911376953125 1.7000000476837158
endloop
endfacet
facet normal -0.5555622638012966 0.8314749371087372 0
outer loop
vertex 6.683701515197754 -45.02911376953125 1.7000000476837158
vertex 6.683701515197754 -45.02911376953125 0
vertex 6.537711143493652 -45.12665939331055 1.7000000476837158
endloop
endfacet
facet normal -0.19509971138541468 0.9807834126948354 0
outer loop
vertex 6.537711143493652 -45.12665939331055 1.7000000476837158
vertex 6.537711143493652 -45.12665939331055 0
vertex 6.365503311157227 -45.16091537475586 1.7000000476837158
endloop
endfacet
facet normal -0.19509971138541468 0.9807834126948354 0
outer loop
vertex 6.537711143493652 -45.12665939331055 0
vertex 6.365503311157227 -45.16091537475586 0
vertex 6.365503311157227 -45.16091537475586 1.7000000476837158
endloop
endfacet
facet normal -0.9807847649190312 0.1950929135123066 0
outer loop
vertex 6.8155035972595215 -44.710914611816406 1.7000000476837158
vertex 6.8155035972595215 -44.710914611816406 0
vertex 6.781249046325684 -44.883121490478516 1.7000000476837158
endloop
endfacet
facet normal -0.5555622638012966 0.8314749371087372 0
outer loop
vertex 6.683701515197754 -45.02911376953125 0
vertex 6.537711143493652 -45.12665939331055 0
vertex 6.537711143493652 -45.12665939331055 1.7000000476837158
endloop
endfacet
facet normal 0.19510023104767313 0.9807833093222704 0
outer loop
vertex 6.365503311157227 -45.16091537475586 1.7000000476837158
vertex 6.365503311157227 -45.16091537475586 0
vertex 6.193295955657959 -45.12665939331055 1.7000000476837158
endloop
endfacet
facet normal 0.5555622638012966 -0.8314749371087372 0
outer loop
vertex 6.047305583953857 -44.39271545410156 1.7000000476837158
vertex 6.047305583953857 -44.39271545410156 0
vertex 6.193295955657959 -44.295169830322266 1.7000000476837158
endloop
endfacet
facet normal 0.8314720174542991 -0.5555666334387602 0
outer loop
vertex 5.9497575759887695 -44.5387077331543 1.7000000476837158
vertex 5.9497575759887695 -44.5387077331543 0
vertex 6.047305583953857 -44.39271545410156 1.7000000476837158
endloop
endfacet
facet normal 0.9807855032890436 -0.19508920149013287 0
outer loop
vertex 5.927631378173828 -44.64994430541992 1.7000000476837158
vertex 5.9497575759887695 -44.5387077331543 0
vertex 5.9497575759887695 -44.5387077331543 1.7000000476837158
endloop
endfacet
facet normal 0.9807841982700168 0.19509576218831687 0
outer loop
vertex 5.9497575759887695 -44.883121490478516 1.7000000476837158
vertex 5.93630838394165 -44.81550979614258 0
vertex 5.93630838394165 -44.81550979614258 1.7000000476837158
endloop
endfacet
facet normal 0.8314720174542991 0.5555666334387602 0
outer loop
vertex 6.047305583953857 -45.02911376953125 1.7000000476837158
vertex 6.047305583953857 -45.02911376953125 0
vertex 5.9497575759887695 -44.883121490478516 1.7000000476837158
endloop
endfacet
facet normal 0.5555622638012966 0.8314749371087372 0
outer loop
vertex 6.193295955657959 -45.12665939331055 1.7000000476837158
vertex 6.193295955657959 -45.12665939331055 0
vertex 6.047305583953857 -45.02911376953125 1.7000000476837158
endloop
endfacet
facet normal -0.9807847649190312 -0.1950929135123066 0
outer loop
vertex 6.781249046325684 -44.5387077331543 1.7000000476837158
vertex 6.781249046325684 -44.5387077331543 0
vertex 6.8155035972595215 -44.710914611816406 1.7000000476837158
endloop
endfacet
facet normal 0.19510023104767313 -0.9807833093222704 0
outer loop
vertex 6.365503311157227 -44.26091384887695 0
vertex 6.365503311157227 -44.26091384887695 1.7000000476837158
vertex 6.193295955657959 -44.295169830322266 0
endloop
endfacet
facet normal -0.5555622638012966 -0.8314749371087372 0
outer loop
vertex 6.537711143493652 -44.295169830322266 0
vertex 6.683701515197754 -44.39271545410156 0
vertex 6.683701515197754 -44.39271545410156 1.7000000476837158
endloop
endfacet
facet normal -0.8314732719568675 -0.5555647559208026 0
outer loop
vertex 6.781249046325684 -44.5387077331543 0
vertex 6.781249046325684 -44.5387077331543 1.7000000476837158
vertex 6.683701515197754 -44.39271545410156 0
endloop
endfacet
facet normal -0.8314732719568675 0.5555647559208026 0
outer loop
vertex 6.781249046325684 -44.883121490478516 0
vertex 6.683701515197754 -45.02911376953125 0
vertex 6.683701515197754 -45.02911376953125 1.7000000476837158
endloop
endfacet
facet normal -0.5555622638012966 -0.8314749371087372 0
outer loop
vertex 6.537711143493652 -45.56517028808594 1.7000000476837158
vertex 6.537711143493652 -45.56517028808594 0
vertex 6.683701515197754 -45.662715911865234 1.7000000476837158
endloop
endfacet
facet normal -0.19509971138541468 -0.9807834126948354 0
outer loop
vertex 6.365503311157227 -45.530914306640625 1.7000000476837158
vertex 6.365503311157227 -45.530914306640625 0
vertex 6.537711143493652 -45.56517028808594 1.7000000476837158
endloop
endfacet
facet normal 0.5555622638012966 0.8314749371087372 0
outer loop
vertex 6.193295955657959 -46.39665985107422 1.7000000476837158
vertex 6.193295955657959 -46.39665985107422 0
vertex 6.047305583953857 -46.29911422729492 1.7000000476837158
endloop
endfacet
facet normal 0.5555622638012966 0.8314749371087372 0
outer loop
vertex 6.193295955657959 -46.39665985107422 0
vertex 6.047305583953857 -46.29911422729492 0
vertex 6.047305583953857 -46.29911422729492 1.7000000476837158
endloop
endfacet
facet normal 0.19510023104767313 0.9807833093222704 0
outer loop
vertex 6.365503311157227 -46.43091583251953 1.7000000476837158
vertex 6.365503311157227 -46.43091583251953 0
vertex 6.193295955657959 -46.39665985107422 1.7000000476837158
endloop
endfacet
facet normal -0.19509971138541468 0.9807834126948354 0
outer loop
vertex 6.537711143493652 -46.39665985107422 1.7000000476837158
vertex 6.537711143493652 -46.39665985107422 0
vertex 6.365503311157227 -46.43091583251953 1.7000000476837158
endloop
endfacet
facet normal -0.5555622638012966 0.8314749371087372 0
outer loop
vertex 6.683701515197754 -46.29911422729492 1.7000000476837158
vertex 6.683701515197754 -46.29911422729492 0
vertex 6.537711143493652 -46.39665985107422 1.7000000476837158
endloop
endfacet
facet normal -0.9807847649190312 -0.1950929135123066 0
outer loop
vertex 6.781249046325684 -45.80870819091797 1.7000000476837158
vertex 6.781249046325684 -45.80870819091797 0
vertex 6.8155035972595215 -45.98091506958008 1.7000000476837158
endloop
endfacet
facet normal -0.9807847649190312 0.1950929135123066 0
outer loop
vertex 6.8155035972595215 -45.98091506958008 1.7000000476837158
vertex 6.8155035972595215 -45.98091506958008 0
vertex 6.781249046325684 -46.15312194824219 1.7000000476837158
endloop
endfacet
facet normal 0.8314725232263919 0.5555658764894918 0
outer loop
vertex 6.047305583953857 -46.29911422729492 1.7000000476837158
vertex 6.011231422424316 -46.24512481689453 0
vertex 6.011231422424316 -46.24512481689453 1.7000000476837158
endloop
endfacet
facet normal 0.6748293003915193 -0.7379738581637514 0
outer loop
vertex 5.9855523109436035 -45.7551383972168 1.7000000476837158
vertex 6.193295955657959 -45.56517028808594 0
vertex 6.193295955657959 -45.56517028808594 1.7000000476837158
endloop
endfacet
facet normal 0.19510023104767313 0.9807833093222704 0
outer loop
vertex 6.365503311157227 -46.43091583251953 0
vertex 6.193295955657959 -46.39665985107422 0
vertex 6.193295955657959 -46.39665985107422 1.7000000476837158
endloop
endfacet
facet normal -0.19509971138541468 0.9807834126948354 0
outer loop
vertex 6.537711143493652 -46.39665985107422 0
vertex 6.365503311157227 -46.43091583251953 0
vertex 6.365503311157227 -46.43091583251953 1.7000000476837158
endloop
endfacet
facet normal -0.5555622638012966 0.8314749371087372 0
outer loop
vertex 6.683701515197754 -46.29911422729492 0
vertex 6.537711143493652 -46.39665985107422 0
vertex 6.537711143493652 -46.39665985107422 1.7000000476837158
endloop
endfacet
facet normal 0.8314725232263919 0.5555658764894918 0
outer loop
vertex 6.047305583953857 -46.29911422729492 1.7000000476837158
vertex 6.047305583953857 -46.29911422729492 0
vertex 6.011231422424316 -46.24512481689453 0
endloop
endfacet
facet normal 0.6748293003915193 -0.7379738581637514 0
outer loop
vertex 6.193295955657959 -45.56517028808594 0
vertex 5.9855523109436035 -45.7551383972168 1.7000000476837158
vertex 5.9855523109436035 -45.7551383972168 0
endloop
endfacet
facet normal -0.8314732719568675 0.5555647559208026 0
outer loop
vertex 6.781249046325684 -46.15312194824219 0
vertex 6.683701515197754 -46.29911422729492 0
vertex 6.683701515197754 -46.29911422729492 1.7000000476837158
endloop
endfacet
facet normal 0.19510023104767313 -0.9807833093222704 0
outer loop
vertex 6.365503311157227 -45.530914306640625 0
vertex 6.365503311157227 -45.530914306640625 1.7000000476837158
vertex 6.193295955657959 -45.56517028808594 0
endloop
endfacet
facet normal -0.8314732719568675 -0.5555647559208026 0
outer loop
vertex 6.781249046325684 -45.80870819091797 0
vertex 6.781249046325684 -45.80870819091797 1.7000000476837158
vertex 6.683701515197754 -45.662715911865234 0
endloop
endfacet
facet normal -0.5555622638012966 -0.8314749371087372 0
outer loop
vertex 6.683701515197754 -45.662715911865234 0
vertex 6.683701515197754 -45.662715911865234 1.7000000476837158
vertex 6.537711143493652 -45.56517028808594 0
endloop
endfacet
facet normal -0.19509971138541468 -0.9807834126948354 0
outer loop
vertex 6.537711143493652 -45.56517028808594 0
vertex 6.537711143493652 -45.56517028808594 1.7000000476837158
vertex 6.365503311157227 -45.530914306640625 0
endloop
endfacet
facet normal -0.8314732719568675 0.5555647559208026 0
outer loop
vertex 6.781249046325684 -46.15312194824219 1.7000000476837158
vertex 6.781249046325684 -46.15312194824219 0
vertex 6.683701515197754 -46.29911422729492 1.7000000476837158
endloop
endfacet
facet normal -0.9807847649190312 0.1950929135123066 0
outer loop
vertex 6.8155035972595215 -45.98091506958008 0
vertex 6.781249046325684 -46.15312194824219 0
vertex 6.781249046325684 -46.15312194824219 1.7000000476837158
endloop
endfacet
facet normal -0.9807847649190312 -0.1950929135123066 0
outer loop
vertex 6.781249046325684 -45.80870819091797 0
vertex 6.8155035972595215 -45.98091506958008 0
vertex 6.8155035972595215 -45.98091506958008 1.7000000476837158
endloop
endfacet
facet normal 0 0 -1
outer loop
vertex 6.8155035972595215 -45.98091506958008 1.7000000476837158
vertex 6.781249046325684 -46.15312194824219 1.7000000476837158
vertex 6.781249046325684 -45.80870819091797 1.7000000476837158
endloop
endfacet
facet normal 0.19510023104767313 -0.9807833093222704 0
outer loop
vertex 6.193295955657959 -45.56517028808594 1.7000000476837158
vertex 6.193295955657959 -45.56517028808594 0
vertex 6.365503311157227 -45.530914306640625 1.7000000476837158
endloop
endfacet
facet normal 0 0 -1
outer loop
vertex 6.781249046325684 -45.80870819091797 1.7000000476837158
vertex 6.683701515197754 -46.29911422729492 1.7000000476837158
vertex 6.683701515197754 -45.662715911865234 1.7000000476837158
endloop
endfacet
facet normal 0 0 -1
outer loop
vertex 6.683701515197754 -45.662715911865234 1.7000000476837158
vertex 6.537711143493652 -46.39665985107422 1.7000000476837158
vertex 6.537711143493652 -45.56517028808594 1.7000000476837158
endloop
endfacet
facet normal 0 0 -1
outer loop
vertex 6.781249046325684 -46.15312194824219 1.7000000476837158
vertex 6.683701515197754 -46.29911422729492 1.7000000476837158
vertex 6.781249046325684 -45.80870819091797 1.7000000476837158
endloop
endfacet
facet normal 0 0 -1
outer loop
vertex 6.683701515197754 -46.29911422729492 1.7000000476837158
vertex 6.537711143493652 -46.39665985107422 1.7000000476837158
vertex 6.683701515197754 -45.662715911865234 1.7000000476837158
endloop
endfacet
facet normal 0 0 -1
outer loop
vertex 6.537711143493652 -46.39665985107422 1.7000000476837158
vertex 6.365503311157227 -46.43091583251953 1.7000000476837158
vertex 6.537711143493652 -45.56517028808594 1.7000000476837158
endloop
endfacet
facet normal 0 0 -1
outer loop
vertex 6.365503311157227 -46.43091583251953 1.7000000476837158
vertex 6.365503311157227 -45.530914306640625 1.7000000476837158
vertex 6.537711143493652 -45.56517028808594 1.7000000476837158
endloop
endfacet
facet normal 0 0 -1
outer loop
vertex 6.365503311157227 -45.530914306640625 1.7000000476837158
vertex 6.193295955657959 -46.39665985107422 1.7000000476837158
vertex 6.193295955657959 -45.56517028808594 1.7000000476837158
endloop
endfacet
facet normal 0 0 -1
outer loop
vertex 6.365503311157227 -46.43091583251953 1.7000000476837158
vertex 6.193295955657959 -46.39665985107422 1.7000000476837158
vertex 6.365503311157227 -45.530914306640625 1.7000000476837158
endloop
endfacet
facet normal 0 0 -1
outer loop
vertex 6.193295955657959 -45.56517028808594 1.7000000476837158
vertex 6.047305583953857 -46.29911422729492 1.7000000476837158
vertex 5.9855523109436035 -45.7551383972168 1.7000000476837158
endloop
endfacet
facet normal 0 0 -1
outer loop
vertex 6.193295955657959 -46.39665985107422 1.7000000476837158
vertex 6.047305583953857 -46.29911422729492 1.7000000476837158
vertex 6.193295955657959 -45.56517028808594 1.7000000476837158
endloop
endfacet
facet normal 0 0 -1
outer loop
vertex 6.011231422424316 -46.24512481689453 1.7000000476837158
vertex 5.9855523109436035 -45.7551383972168 1.7000000476837158
vertex 6.047305583953857 -46.29911422729492 1.7000000476837158
endloop
endfacet
facet normal -0.8314732719568675 -0.5555647559208026 0
outer loop
vertex 6.683701515197754 -45.662715911865234 1.7000000476837158
vertex 6.683701515197754 -45.662715911865234 0
vertex 6.781249046325684 -45.80870819091797 1.7000000476837158
endloop
endfacet
facet normal 0.9807844312222246 0.19509459108877827 0
outer loop
vertex 5.9497575759887695 -47.42312240600586 1.7000000476837158
vertex 5.938828468322754 -47.36817932128906 0
vertex 5.938828468322754 -47.36817932128906 1.7000000476837158
endloop
endfacet
facet normal 0.8314720174542991 0.5555666334387602 0
outer loop
vertex 6.047305583953857 -47.569114685058594 1.7000000476837158
vertex 6.047305583953857 -47.569114685058594 0
vertex 5.9497575759887695 -47.42312240600586 1.7000000476837158
endloop
endfacet
facet normal 0 0 -1
outer loop
vertex 6.365503311157227 -46.8009147644043 1.7000000476837158
vertex 6.193295955657959 -47.66666030883789 1.7000000476837158
vertex 6.193295955657959 -46.83517074584961 1.7000000476837158
endloop
endfacet
facet normal 0 0 -1
outer loop
vertex 6.193295955657959 -46.83517074584961 1.7000000476837158
vertex 6.069728851318359 -47.3613166809082 1.7000000476837158
vertex 6.047269344329834 -46.932769775390625 1.7000000476837158
endloop
endfacet
facet normal 0.5555622638012966 0.8314749371087372 0
outer loop
vertex 6.193295955657959 -47.66666030883789 0
vertex 6.047305583953857 -47.569114685058594 0
vertex 6.047305583953857 -47.569114685058594 1.7000000476837158
endloop
endfacet
facet normal 0.8314720174542991 0.5555666334387602 0
outer loop
vertex 5.9497575759887695 -47.42312240600586 0
vertex 5.9497575759887695 -47.42312240600586 1.7000000476837158
vertex 6.047305583953857 -47.569114685058594 0
endloop
endfacet
facet normal 0.9807844312222246 0.19509459108877827 0
outer loop
vertex 5.9497575759887695 -47.42312240600586 1.7000000476837158
vertex 5.9497575759887695 -47.42312240600586 0
vertex 5.938828468322754 -47.36817932128906 0
endloop
endfacet
facet normal 0 0 -1
outer loop
vertex 6.781249046325684 -47.42312240600586 1.7000000476837158
vertex 6.683701515197754 -47.569114685058594 1.7000000476837158
vertex 6.781249046325684 -47.07870864868164 1.7000000476837158
endloop
endfacet
facet normal 0 0 -1
outer loop
vertex 6.683701515197754 -47.569114685058594 1.7000000476837158
vertex 6.537711143493652 -47.66666030883789 1.7000000476837158
vertex 6.683701515197754 -46.932716369628906 1.7000000476837158
endloop
endfacet
facet normal 0 0 -1
outer loop
vertex 6.537711143493652 -47.66666030883789 1.7000000476837158
vertex 6.365503311157227 -47.7009162902832 1.7000000476837158
vertex 6.537711143493652 -46.83517074584961 1.7000000476837158
endloop
endfacet
facet normal 0 0 -1
outer loop
vertex 6.365503311157227 -47.7009162902832 1.7000000476837158
vertex 6.193295955657959 -47.66666030883789 1.7000000476837158
vertex 6.365503311157227 -46.8009147644043 1.7000000476837158
endloop
endfacet
facet normal 0 0 -1
outer loop
vertex 6.193295955657959 -47.66666030883789 1.7000000476837158
vertex 6.069728851318359 -47.3613166809082 1.7000000476837158
vertex 6.193295955657959 -46.83517074584961 1.7000000476837158
endloop
endfacet
facet normal 0 0 -1
outer loop
vertex 6.683701515197754 -46.932716369628906 1.7000000476837158
vertex 6.537711143493652 -47.66666030883789 1.7000000476837158
vertex 6.537711143493652 -46.83517074584961 1.7000000476837158
endloop
endfacet
facet normal 0 0 -1
outer loop
vertex 6.047305583953857 -47.569114685058594 1.7000000476837158
vertex 5.9497575759887695 -47.42312240600586 1.7000000476837158
vertex 6.069728851318359 -47.3613166809082 1.7000000476837158
endloop
endfacet
facet normal 0 0 -1
outer loop
vertex 6.781249046325684 -47.07870864868164 1.7000000476837158
vertex 6.683701515197754 -47.569114685058594 1.7000000476837158
vertex 6.683701515197754 -46.932716369628906 1.7000000476837158
endloop
endfacet
facet normal 0 0 -1
outer loop
vertex 6.8155035972595215 -47.25091552734375 1.7000000476837158
vertex 6.781249046325684 -47.42312240600586 1.7000000476837158
vertex 6.781249046325684 -47.07870864868164 1.7000000476837158
endloop
endfacet
facet normal -0.9807847649190312 -0.1950929135123066 0
outer loop
vertex 6.781249046325684 -47.07870864868164 0
vertex 6.8155035972595215 -47.25091552734375 0
vertex 6.8155035972595215 -47.25091552734375 1.7000000476837158
endloop
endfacet
facet normal -0.5555622638012966 -0.8314749371087372 0
outer loop
vertex 6.683701515197754 -46.932716369628906 0
vertex 6.683701515197754 -46.932716369628906 1.7000000476837158
vertex 6.537711143493652 -46.83517074584961 0
endloop
endfacet
facet normal -0.9807847649190312 -0.1950929135123066 0
outer loop
vertex 6.781249046325684 -47.07870864868164 1.7000000476837158
vertex 6.781249046325684 -47.07870864868164 0
vertex 6.8155035972595215 -47.25091552734375 1.7000000476837158
endloop
endfacet
facet normal -0.8314732719568675 -0.5555647559208026 0
outer loop
vertex 6.781249046325684 -47.07870864868164 0
vertex 6.781249046325684 -47.07870864868164 1.7000000476837158
vertex 6.683701515197754 -46.932716369628906 0
endloop
endfacet
facet normal -0.19509971138541468 -0.9807834126948354 0
outer loop
vertex 6.537711143493652 -46.83517074584961 0
vertex 6.537711143493652 -46.83517074584961 1.7000000476837158
vertex 6.365503311157227 -46.8009147644043 0
endloop
endfacet
facet normal 0.19510023104767313 -0.9807833093222704 0
outer loop
vertex 6.365503311157227 -46.8009147644043 0
vertex 6.365503311157227 -46.8009147644043 1.7000000476837158
vertex 6.193295955657959 -46.83517074584961 0
endloop
endfacet
facet normal -0.8314732719568675 -0.5555647559208026 0
outer loop
vertex 6.683701515197754 -46.932716369628906 1.7000000476837158
vertex 6.683701515197754 -46.932716369628906 0
vertex 6.781249046325684 -47.07870864868164 1.7000000476837158
endloop
endfacet
facet normal -0.5555622638012966 -0.8314749371087372 0
outer loop
vertex 6.537711143493652 -46.83517074584961 1.7000000476837158
vertex 6.537711143493652 -46.83517074584961 0
vertex 6.683701515197754 -46.932716369628906 1.7000000476837158
endloop
endfacet
facet normal -0.19509971138541468 -0.9807834126948354 0
outer loop
vertex 6.365503311157227 -46.8009147644043 1.7000000476837158
vertex 6.365503311157227 -46.8009147644043 0
vertex 6.537711143493652 -46.83517074584961 1.7000000476837158
endloop
endfacet
facet normal 0.19510023104767313 -0.9807833093222704 0
outer loop
vertex 6.193295955657959 -46.83517074584961 1.7000000476837158
vertex 6.193295955657959 -46.83517074584961 0
vertex 6.365503311157227 -46.8009147644043 1.7000000476837158
endloop
endfacet
facet normal 0.555677162479102 -0.8313981543756117 0
outer loop
vertex 6.193295955657959 -46.83517074584961 0
vertex 6.193295955657959 -46.83517074584961 1.7000000476837158
vertex 6.047269344329834 -46.932769775390625 0
endloop
endfacet
facet normal 0 0 -1
outer loop
vertex 5.9497575759887695 -47.42312240600586 1.7000000476837158
vertex 5.938828468322754 -47.36817932128906 1.7000000476837158
vertex 6.069728851318359 -47.3613166809082 1.7000000476837158
endloop
endfacet
facet normal 0.555677162479102 -0.8313981543756117 0
outer loop
vertex 6.047269344329834 -46.932769775390625 1.7000000476837158
vertex 6.047269344329834 -46.932769775390625 0
vertex 6.193295955657959 -46.83517074584961 1.7000000476837158
endloop
endfacet
facet normal 0 0 -1
outer loop
vertex 6.193295955657959 -47.66666030883789 1.7000000476837158
vertex 6.047305583953857 -47.569114685058594 1.7000000476837158
vertex 6.069728851318359 -47.3613166809082 1.7000000476837158
endloop
endfacet
facet normal -0.9807847649190312 0.1950929135123066 0
outer loop
vertex 6.8155035972595215 -47.25091552734375 1.7000000476837158
vertex 6.8155035972595215 -47.25091552734375 0
vertex 6.781249046325684 -47.42312240600586 1.7000000476837158
endloop
endfacet
facet normal 0.19510023104767313 0.9807833093222704 0
outer loop
vertex 6.365503311157227 -47.7009162902832 0
vertex 6.193295955657959 -47.66666030883789 0
vertex 6.193295955657959 -47.66666030883789 1.7000000476837158
endloop
endfacet
facet normal -0.19509971138541468 0.9807834126948354 0
outer loop
vertex 6.537711143493652 -47.66666030883789 0
vertex 6.365503311157227 -47.7009162902832 0
vertex 6.365503311157227 -47.7009162902832 1.7000000476837158
endloop
endfacet
facet normal -0.5555622638012966 0.8314749371087372 0
outer loop
vertex 6.683701515197754 -47.569114685058594 0
vertex 6.537711143493652 -47.66666030883789 0
vertex 6.537711143493652 -47.66666030883789 1.7000000476837158
endloop
endfacet
facet normal -0.8314732719568675 0.5555647559208026 0
outer loop
vertex 6.683701515197754 -47.569114685058594 0
vertex 6.683701515197754 -47.569114685058594 1.7000000476837158
vertex 6.781249046325684 -47.42312240600586 0
endloop
endfacet
facet normal -0.9807847649190312 0.1950929135123066 0
outer loop
vertex 6.781249046325684 -47.42312240600586 0
vertex 6.781249046325684 -47.42312240600586 1.7000000476837158
vertex 6.8155035972595215 -47.25091552734375 0
endloop
endfacet
facet normal 0.5555622638012966 0.8314749371087372 0
outer loop
vertex 6.193295955657959 -47.66666030883789 1.7000000476837158
vertex 6.193295955657959 -47.66666030883789 0
vertex 6.047305583953857 -47.569114685058594 1.7000000476837158
endloop
endfacet
facet normal -0.8314732719568675 0.5555647559208026 0
outer loop
vertex 6.781249046325684 -47.42312240600586 1.7000000476837158
vertex 6.781249046325684 -47.42312240600586 0
vertex 6.683701515197754 -47.569114685058594 1.7000000476837158
endloop
endfacet
facet normal -0.5555622638012966 0.8314749371087372 0
outer loop
vertex 6.683701515197754 -47.569114685058594 1.7000000476837158
vertex 6.683701515197754 -47.569114685058594 0
vertex 6.537711143493652 -47.66666030883789 1.7000000476837158
endloop
endfacet
facet normal -0.19509971138541468 0.9807834126948354 0
outer loop
vertex 6.537711143493652 -47.66666030883789 1.7000000476837158
vertex 6.537711143493652 -47.66666030883789 0
vertex 6.365503311157227 -47.7009162902832 1.7000000476837158
endloop
endfacet
facet normal 0.19510023104767313 0.9807833093222704 0
outer loop
vertex 6.365503311157227 -47.7009162902832 1.7000000476837158
vertex 6.365503311157227 -47.7009162902832 0
vertex 6.193295955657959 -47.66666030883789 1.7000000476837158
endloop
endfacet
facet normal 0 0 -1
outer loop
vertex 6.537711143493652 -46.83517074584961 1.7000000476837158
vertex 6.365503311157227 -47.7009162902832 1.7000000476837158
vertex 6.365503311157227 -46.8009147644043 1.7000000476837158
endloop
endfacet
facet normal 0.9807852845629332 0.19509030110388895 0
outer loop
vertex 5.91550350189209 -48.52091598510742 0
vertex 5.91550350189209 -48.52091598510742 1.7000000476837158
vertex 5.9497575759887695 -48.69312286376953 0
endloop
endfacet
facet normal 0.9807861114401027 -0.19508614406513386 0
outer loop
vertex 5.9497575759887695 -48.34870529174805 0
vertex 5.9497575759887695 -48.34870529174805 1.7000000476837158
vertex 5.91550350189209 -48.52091598510742 0
endloop
endfacet
facet normal 0.19507933181498546 -0.9807874664261461 0
outer loop
vertex 6.193295955657959 -48.105167388916016 1.7000000476837158
vertex 6.193295955657959 -48.105167388916016 0
vertex 6.365503311157227 -48.07091522216797 1.7000000476837158
endloop
endfacet
facet normal -0.5555772839934787 -0.8314649009491799 0
outer loop
vertex 6.537711143493652 -48.105167388916016 1.7000000476837158
vertex 6.537711143493652 -48.105167388916016 0
vertex 6.683701515197754 -48.20271682739258 1.7000000476837158
endloop
endfacet
facet normal -0.8314665660174577 -0.5555747920803612 0
outer loop
vertex 6.683701515197754 -48.20271682739258 1.7000000476837158
vertex 6.683701515197754 -48.20271682739258 0
vertex 6.781249046325684 -48.34870529174805 1.7000000476837158
endloop
endfacet
facet normal 0.19507933181498546 0.9807874664261461 0
outer loop
vertex 6.365503311157227 -48.97091293334961 0
vertex 6.193295955657959 -48.93666076660156 0
vertex 6.193295955657959 -48.93666076660156 1.7000000476837158
endloop
endfacet
facet normal 0.5555772839934787 -0.8314649009491799 0
outer loop
vertex 6.047305583953857 -48.20271682739258 1.7000000476837158
vertex 6.047305583953857 -48.20271682739258 0
vertex 6.193295955657959 -48.105167388916016 1.7000000476837158
endloop
endfacet
facet normal -0.8314665660174577 0.5555747920803612 0
outer loop
vertex 6.781249046325684 -48.69312286376953 1.7000000476837158
vertex 6.781249046325684 -48.69312286376953 0
vertex 6.683701515197754 -48.839111328125 1.7000000476837158
endloop
endfacet
facet normal -0.5555772839934787 0.8314649009491799 0
outer loop
vertex 6.683701515197754 -48.839111328125 1.7000000476837158
vertex 6.683701515197754 -48.839111328125 0
vertex 6.537711143493652 -48.93666076660156 1.7000000476837158
endloop
endfacet
facet normal -0.1950788122039888 0.9807875697770038 0
outer loop
vertex 6.537711143493652 -48.93666076660156 1.7000000476837158
vertex 6.537711143493652 -48.93666076660156 0
vertex 6.365503311157227 -48.97091293334961 1.7000000476837158
endloop
endfacet
facet normal 0.19507933181498546 0.9807874664261461 0
outer loop
vertex 6.365503311157227 -48.97091293334961 1.7000000476837158
vertex 6.365503311157227 -48.97091293334961 0
vertex 6.193295955657959 -48.93666076660156 1.7000000476837158
endloop
endfacet
facet normal 0.8314653114796824 -0.5555766696019502 0
outer loop
vertex 5.9497575759887695 -48.34870529174805 1.7000000476837158
vertex 5.9497575759887695 -48.34870529174805 0
vertex 6.047305583953857 -48.20271682739258 1.7000000476837158
endloop
endfacet
facet normal 0.9807861114401027 -0.19508614406513386 0
outer loop
vertex 5.91550350189209 -48.52091598510742 1.7000000476837158
vertex 5.91550350189209 -48.52091598510742 0
vertex 5.9497575759887695 -48.34870529174805 1.7000000476837158
endloop
endfacet
facet normal 0.9807852845629332 0.19509030110388895 0
outer loop
vertex 5.9497575759887695 -48.69312286376953 1.7000000476837158
vertex 5.9497575759887695 -48.69312286376953 0
vertex 5.91550350189209 -48.52091598510742 1.7000000476837158
endloop
endfacet
facet normal 0.5555772839934787 0.8314649009491799 0
outer loop
vertex 6.193295955657959 -48.93666076660156 1.7000000476837158
vertex 6.193295955657959 -48.93666076660156 0
vertex 6.047305583953857 -48.839111328125 1.7000000476837158
endloop
endfacet
facet normal 0.8314653114796824 0.5555766696019502 0
outer loop
vertex 6.047305583953857 -48.839111328125 1.7000000476837158
vertex 6.047305583953857 -48.839111328125 0
vertex 5.9497575759887695 -48.69312286376953 1.7000000476837158
endloop
endfacet
facet normal -0.1950788122039888 0.9807875697770038 0
outer loop
vertex 6.537711143493652 -48.93666076660156 0
vertex 6.365503311157227 -48.97091293334961 0
vertex 6.365503311157227 -48.97091293334961 1.7000000476837158
endloop
endfacet
facet normal -0.5555772839934787 0.8314649009491799 0
outer loop
vertex 6.537711143493652 -48.93666076660156 0
vertex 6.537711143493652 -48.93666076660156 1.7000000476837158
vertex 6.683701515197754 -48.839111328125 0
endloop
endfacet
facet normal -0.8314665660174577 0.5555747920803612 0
outer loop
vertex 6.683701515197754 -48.839111328125 0
vertex 6.683701515197754 -48.839111328125 1.7000000476837158
vertex 6.781249046325684 -48.69312286376953 0
endloop
endfacet
facet normal -0.8314665660174577 -0.5555747920803612 0
outer loop
vertex 6.781249046325684 -48.34870529174805 0
vertex 6.781249046325684 -48.34870529174805 1.7000000476837158
vertex 6.683701515197754 -48.20271682739258 0
endloop
endfacet
facet normal 0.8314653114796824 -0.5555766696019502 0
outer loop
vertex 6.047305583953857 -48.20271682739258 0
vertex 6.047305583953857 -48.20271682739258 1.7000000476837158
vertex 5.9497575759887695 -48.34870529174805 0
endloop
endfacet
facet normal 0.5555772839934787 -0.8314649009491799 0
outer loop
vertex 6.193295955657959 -48.105167388916016 0
vertex 6.193295955657959 -48.105167388916016 1.7000000476837158
vertex 6.047305583953857 -48.20271682739258 0
endloop
endfacet
facet normal 0 0 -1
outer loop
vertex 6.8155035972595215 -48.52091598510742 1.7000000476837158
vertex 6.781249046325684 -48.69312286376953 1.7000000476837158
vertex 6.781249046325684 -48.34870529174805 1.7000000476837158
endloop
endfacet
facet normal 0.19507933181498546 -0.9807874664261461 0
outer loop
vertex 6.365503311157227 -48.07091522216797 0
vertex 6.365503311157227 -48.07091522216797 1.7000000476837158
vertex 6.193295955657959 -48.105167388916016 0
endloop
endfacet
facet normal -0.1950788122039888 -0.9807875697770038 0
outer loop
vertex 6.537711143493652 -48.105167388916016 0
vertex 6.537711143493652 -48.105167388916016 1.7000000476837158
vertex 6.365503311157227 -48.07091522216797 0
endloop
endfacet
facet normal -0.5555772839934787 -0.8314649009491799 0
outer loop
vertex 6.683701515197754 -48.20271682739258 0
vertex 6.683701515197754 -48.20271682739258 1.7000000476837158
vertex 6.537711143493652 -48.105167388916016 0
endloop
endfacet
facet normal -0.9807855918179081 -0.1950887564222905 0
outer loop
vertex 6.781249046325684 -48.34870529174805 1.7000000476837158
vertex 6.781249046325684 -48.34870529174805 0
vertex 6.8155035972595215 -48.52091598510742 1.7000000476837158
endloop
endfacet
facet normal -0.9807847649190312 0.1950929135123066 0
outer loop
vertex 6.8155035972595215 -48.52091598510742 1.7000000476837158
vertex 6.8155035972595215 -48.52091598510742 0
vertex 6.781249046325684 -48.69312286376953 1.7000000476837158
endloop
endfacet
facet normal -0.1950788122039888 -0.9807875697770038 0
outer loop
vertex 6.365503311157227 -48.07091522216797 1.7000000476837158
vertex 6.365503311157227 -48.07091522216797 0
vertex 6.537711143493652 -48.105167388916016 1.7000000476837158
endloop
endfacet
facet normal 0 0 -1
outer loop
vertex 6.047305583953857 -48.839111328125 1.7000000476837158
vertex 5.9497575759887695 -48.69312286376953 1.7000000476837158
vertex 6.047305583953857 -48.20271682739258 1.7000000476837158
endloop
endfacet
facet normal 0 0 -1
outer loop
vertex 5.9497575759887695 -48.69312286376953 1.7000000476837158
vertex 5.91550350189209 -48.52091598510742 1.7000000476837158
vertex 5.9497575759887695 -48.34870529174805 1.7000000476837158
endloop
endfacet
facet normal 0 0 -1
outer loop
vertex 6.193295955657959 -48.93666076660156 1.7000000476837158
vertex 6.047305583953857 -48.839111328125 1.7000000476837158
vertex 6.193295955657959 -48.105167388916016 1.7000000476837158
endloop
endfacet
facet normal 0 0 -1
outer loop
vertex 6.047305583953857 -48.20271682739258 1.7000000476837158
vertex 5.9497575759887695 -48.69312286376953 1.7000000476837158
vertex 5.9497575759887695 -48.34870529174805 1.7000000476837158
endloop
endfacet
facet normal 0 0 -1
outer loop
vertex 6.193295955657959 -48.105167388916016 1.7000000476837158
vertex 6.047305583953857 -48.839111328125 1.7000000476837158
vertex 6.047305583953857 -48.20271682739258 1.7000000476837158
endloop
endfacet
facet normal -0.9807847649190312 0.1950929135123066 0
outer loop
vertex 6.781249046325684 -48.69312286376953 0
vertex 6.781249046325684 -48.69312286376953 1.7000000476837158
vertex 6.8155035972595215 -48.52091598510742 0
endloop
endfacet
facet normal -0.9807855918179081 -0.1950887564222905 0
outer loop
vertex 6.8155035972595215 -48.52091598510742 0
vertex 6.8155035972595215 -48.52091598510742 1.7000000476837158
vertex 6.781249046325684 -48.34870529174805 0
endloop
endfacet
facet normal 0 0 -1
outer loop
vertex 6.365503311157227 -48.97091293334961 1.7000000476837158
vertex 6.193295955657959 -48.93666076660156 1.7000000476837158
vertex 6.365503311157227 -48.07091522216797 1.7000000476837158
endloop
endfacet
facet normal 0 0 -1
outer loop
vertex 6.365503311157227 -48.07091522216797 1.7000000476837158
vertex 6.193295955657959 -48.93666076660156 1.7000000476837158
vertex 6.193295955657959 -48.105167388916016 1.7000000476837158
endloop
endfacet
facet normal 0 0 -1
outer loop
vertex 6.365503311157227 -48.97091293334961 1.7000000476837158
vertex 6.365503311157227 -48.07091522216797 1.7000000476837158
vertex 6.537711143493652 -48.105167388916016 1.7000000476837158
endloop
endfacet
facet normal 0 0 -1
outer loop
vertex 6.537711143493652 -48.93666076660156 1.7000000476837158
vertex 6.365503311157227 -48.97091293334961 1.7000000476837158
vertex 6.537711143493652 -48.105167388916016 1.7000000476837158
endloop
endfacet
facet normal 0 0 -1
outer loop
vertex 6.781249046325684 -48.34870529174805 1.7000000476837158
vertex 6.683701515197754 -48.839111328125 1.7000000476837158
vertex 6.683701515197754 -48.20271682739258 1.7000000476837158
endloop
endfacet
facet normal 0 0 -1
outer loop
vertex 6.683701515197754 -48.20271682739258 1.7000000476837158
vertex 6.537711143493652 -48.93666076660156 1.7000000476837158
vertex 6.537711143493652 -48.105167388916016 1.7000000476837158
endloop
endfacet
facet normal 0 0 -1
outer loop
vertex 6.683701515197754 -48.839111328125 1.7000000476837158
vertex 6.537711143493652 -48.93666076660156 1.7000000476837158
vertex 6.683701515197754 -48.20271682739258 1.7000000476837158
endloop
endfacet
facet normal 0 0 -1
outer loop
vertex 6.781249046325684 -48.69312286376953 1.7000000476837158
vertex 6.683701515197754 -48.839111328125 1.7000000476837158
vertex 6.781249046325684 -48.34870529174805 1.7000000476837158
endloop
endfacet
facet normal 0.5555772839934787 0.8314649009491799 0
outer loop
vertex 6.193295955657959 -48.93666076660156 0
vertex 6.047305583953857 -48.839111328125 0
vertex 6.047305583953857 -48.839111328125 1.7000000476837158
endloop
endfacet
facet normal 0.8314653114796824 0.5555766696019502 0
outer loop
vertex 5.9497575759887695 -48.69312286376953 0
vertex 5.9497575759887695 -48.69312286376953 1.7000000476837158
vertex 6.047305583953857 -48.839111328125 0
endloop
endfacet
facet normal 0 0 -1
outer loop
vertex 5.9497575759887695 -49.9631233215332 1.7000000476837158
vertex 5.91550350189209 -49.790916442871094 1.7000000476837158
vertex 5.9497575759887695 -49.61870574951172 1.7000000476837158
endloop
endfacet
facet normal 0 0 -1
outer loop
vertex 6.193295955657959 -50.206661224365234 1.7000000476837158
vertex 6.047305583953857 -50.10911178588867 1.7000000476837158
vertex 6.193295955657959 -49.37516784667969 1.7000000476837158
endloop
endfacet
facet normal -0.1950788122039888 -0.9807875697770038 0
outer loop
vertex 6.365503311157227 -49.34091567993164 1.7000000476837158
vertex 6.365503311157227 -49.34091567993164 0
vertex 6.537711143493652 -49.37516784667969 1.7000000476837158
endloop
endfacet
facet normal -0.5555772839934787 -0.8314649009491799 0
outer loop
vertex 6.683701515197754 -49.47271728515625 0
vertex 6.683701515197754 -49.47271728515625 1.7000000476837158
vertex 6.537711143493652 -49.37516784667969 0
endloop
endfacet
facet normal 0.19507933181498546 -0.9807874664261461 0
outer loop
vertex 6.193295955657959 -49.37516784667969 1.7000000476837158
vertex 6.193295955657959 -49.37516784667969 0
vertex 6.365503311157227 -49.34091567993164 1.7000000476837158
endloop
endfacet
facet normal -0.1950788122039888 -0.9807875697770038 0
outer loop
vertex 6.537711143493652 -49.37516784667969 0
vertex 6.537711143493652 -49.37516784667969 1.7000000476837158
vertex 6.365503311157227 -49.34091567993164 0
endloop
endfacet
facet normal -0.8314665660174577 0.5555747920803612 0
outer loop
vertex 6.781249046325684 -49.9631233215332 1.7000000476837158
vertex 6.781249046325684 -49.9631233215332 0
vertex 6.683701515197754 -50.10911178588867 1.7000000476837158
endloop
endfacet
facet normal -0.5555772839934787 0.8314649009491799 0
outer loop
vertex 6.683701515197754 -50.10911178588867 1.7000000476837158
vertex 6.683701515197754 -50.10911178588867 0
vertex 6.537711143493652 -50.206661224365234 1.7000000476837158
endloop
endfacet
facet normal -0.8314665660174577 -0.5555747920803612 0
outer loop
vertex 6.781249046325684 -49.61870574951172 0
vertex 6.781249046325684 -49.61870574951172 1.7000000476837158
vertex 6.683701515197754 -49.47271728515625 0
endloop
endfacet
facet normal 0.19507933181498546 -0.9807874664261461 0
outer loop
vertex 6.365503311157227 -49.34091567993164 0
vertex 6.365503311157227 -49.34091567993164 1.7000000476837158
vertex 6.193295955657959 -49.37516784667969 0
endloop
endfacet
facet normal -0.8314665660174577 0.5555747920803612 0
outer loop
vertex 6.781249046325684 -49.9631233215332 0
vertex 6.683701515197754 -50.10911178588867 0
vertex 6.683701515197754 -50.10911178588867 1.7000000476837158
endloop
endfacet
facet normal -0.5555772839934787 0.8314649009491799 0
outer loop
vertex 6.683701515197754 -50.10911178588867 0
vertex 6.537711143493652 -50.206661224365234 0
vertex 6.537711143493652 -50.206661224365234 1.7000000476837158
endloop
endfacet
facet normal -0.1950788122039888 0.9807875697770038 0
outer loop
vertex 6.537711143493652 -50.206661224365234 1.7000000476837158
vertex 6.537711143493652 -50.206661224365234 0
vertex 6.365503311157227 -50.24091339111328 1.7000000476837158
endloop
endfacet
facet normal 0 0 -1
outer loop
vertex 6.8155035972595215 -49.790916442871094 1.7000000476837158
vertex 6.781249046325684 -49.9631233215332 1.7000000476837158
vertex 6.781249046325684 -49.61870574951172 1.7000000476837158
endloop
endfacet
facet normal -0.1950788122039888 0.9807875697770038 0
outer loop
vertex 6.537711143493652 -50.206661224365234 0
vertex 6.365503311157227 -50.24091339111328 0
vertex 6.365503311157227 -50.24091339111328 1.7000000476837158
endloop
endfacet
facet normal 0.19507933181498546 0.9807874664261461 0
outer loop
vertex 6.365503311157227 -50.24091339111328 0
vertex 6.193295955657959 -50.206661224365234 0
vertex 6.193295955657959 -50.206661224365234 1.7000000476837158
endloop
endfacet
facet normal 0.5555772839934787 -0.8314649009491799 0
outer loop
vertex 6.193295955657959 -49.37516784667969 0
vertex 6.193295955657959 -49.37516784667969 1.7000000476837158
vertex 6.047305583953857 -49.47271728515625 0
endloop
endfacet
facet normal 0.8314653114796824 -0.5555766696019502 0
outer loop
vertex 5.9497575759887695 -49.61870574951172 0
vertex 6.047305583953857 -49.47271728515625 0
vertex 6.047305583953857 -49.47271728515625 1.7000000476837158
endloop
endfacet
facet normal 0.9807861114401027 -0.19508614406513386 0
outer loop
vertex 5.9497575759887695 -49.61870574951172 0
vertex 5.9497575759887695 -49.61870574951172 1.7000000476837158
vertex 5.91550350189209 -49.790916442871094 0
endloop
endfacet
facet normal 0.9807852845629332 0.19509030110388895 0
outer loop
vertex 5.91550350189209 -49.790916442871094 0
vertex 5.91550350189209 -49.790916442871094 1.7000000476837158
vertex 5.9497575759887695 -49.9631233215332 0
endloop
endfacet
facet normal 0.19507933181498546 0.9807874664261461 0
outer loop
vertex 6.365503311157227 -50.24091339111328 1.7000000476837158
vertex 6.365503311157227 -50.24091339111328 0
vertex 6.193295955657959 -50.206661224365234 1.7000000476837158
endloop
endfacet
facet normal 0.5555772839934787 -0.8314649009491799 0
outer loop
vertex 6.047305583953857 -49.47271728515625 1.7000000476837158
vertex 6.047305583953857 -49.47271728515625 0
vertex 6.193295955657959 -49.37516784667969 1.7000000476837158
endloop
endfacet
facet normal 0.8314653114796824 -0.5555766696019502 0
outer loop
vertex 5.9497575759887695 -49.61870574951172 1.7000000476837158
vertex 5.9497575759887695 -49.61870574951172 0
vertex 6.047305583953857 -49.47271728515625 1.7000000476837158
endloop
endfacet
facet normal 0.9807861114401027 -0.19508614406513386 0
outer loop
vertex 5.91550350189209 -49.790916442871094 1.7000000476837158
vertex 5.91550350189209 -49.790916442871094 0
vertex 5.9497575759887695 -49.61870574951172 1.7000000476837158
endloop
endfacet
facet normal 0.9807852845629332 0.19509030110388895 0
outer loop
vertex 5.9497575759887695 -49.9631233215332 1.7000000476837158
vertex 5.9497575759887695 -49.9631233215332 0
vertex 5.91550350189209 -49.790916442871094 1.7000000476837158
endloop
endfacet
facet normal -0.9807855918179081 -0.1950887564222905 0
outer loop
vertex 6.781249046325684 -49.61870574951172 0
vertex 6.8155035972595215 -49.790916442871094 0
vertex 6.8155035972595215 -49.790916442871094 1.7000000476837158
endloop
endfacet
facet normal -0.9807847649190312 0.1950929135123066 0
outer loop
vertex 6.8155035972595215 -49.790916442871094 0
vertex 6.781249046325684 -49.9631233215332 0
vertex 6.781249046325684 -49.9631233215332 1.7000000476837158
endloop
endfacet
facet normal -0.9807855918179081 -0.1950887564222905 0
outer loop
vertex 6.781249046325684 -49.61870574951172 1.7000000476837158
vertex 6.781249046325684 -49.61870574951172 0
vertex 6.8155035972595215 -49.790916442871094 1.7000000476837158
endloop
endfacet
facet normal -0.5555772839934787 -0.8314649009491799 0
outer loop
vertex 6.537711143493652 -49.37516784667969 1.7000000476837158
vertex 6.537711143493652 -49.37516784667969 0
vertex 6.683701515197754 -49.47271728515625 1.7000000476837158
endloop
endfacet
facet normal -0.9807847649190312 0.1950929135123066 0
outer loop
vertex 6.8155035972595215 -49.790916442871094 1.7000000476837158
vertex 6.8155035972595215 -49.790916442871094 0
vertex 6.781249046325684 -49.9631233215332 1.7000000476837158
endloop
endfacet
facet normal 0.8314653114796824 0.5555766696019502 0
outer loop
vertex 5.9497575759887695 -49.9631233215332 0
vertex 5.9497575759887695 -49.9631233215332 1.7000000476837158
vertex 6.047305583953857 -50.10911178588867 0
endloop
endfacet
facet normal 0.5555772839934787 0.8314649009491799 0
outer loop
vertex 6.193295955657959 -50.206661224365234 0
vertex 6.047305583953857 -50.10911178588867 0
vertex 6.047305583953857 -50.10911178588867 1.7000000476837158
endloop
endfacet
facet normal 0 0 -1
outer loop
vertex 6.047305583953857 -50.10911178588867 1.7000000476837158
vertex 5.9497575759887695 -49.9631233215332 1.7000000476837158
vertex 6.047305583953857 -49.47271728515625 1.7000000476837158
endloop
endfacet
facet normal 0.5555772839934787 0.8314649009491799 0
outer loop
vertex 6.193295955657959 -50.206661224365234 1.7000000476837158
vertex 6.193295955657959 -50.206661224365234 0
vertex 6.047305583953857 -50.10911178588867 1.7000000476837158
endloop
endfacet
facet normal 0.8314653114796824 0.5555766696019502 0
outer loop
vertex 6.047305583953857 -50.10911178588867 1.7000000476837158
vertex 6.047305583953857 -50.10911178588867 0
vertex 5.9497575759887695 -49.9631233215332 1.7000000476837158
endloop
endfacet
facet normal 0 0 -1
outer loop
vertex 6.781249046325684 -49.61870574951172 1.7000000476837158
vertex 6.683701515197754 -50.10911178588867 1.7000000476837158
vertex 6.683701515197754 -49.47271728515625 1.7000000476837158
endloop
endfacet
facet normal 0 0 -1
outer loop
vertex 6.683701515197754 -49.47271728515625 1.7000000476837158
vertex 6.537711143493652 -50.206661224365234 1.7000000476837158
vertex 6.537711143493652 -49.37516784667969 1.7000000476837158
endloop
endfacet
facet normal 0 0 -1
outer loop
vertex 6.537711143493652 -49.37516784667969 1.7000000476837158
vertex 6.365503311157227 -50.24091339111328 1.7000000476837158
vertex 6.365503311157227 -49.34091567993164 1.7000000476837158
endloop
endfacet
facet normal 0 0 -1
outer loop
vertex 6.365503311157227 -49.34091567993164 1.7000000476837158
vertex 6.193295955657959 -50.206661224365234 1.7000000476837158
vertex 6.193295955657959 -49.37516784667969 1.7000000476837158
endloop
endfacet
facet normal 0 0 -1
outer loop
vertex 6.781249046325684 -49.9631233215332 1.7000000476837158
vertex 6.683701515197754 -50.10911178588867 1.7000000476837158
vertex 6.781249046325684 -49.61870574951172 1.7000000476837158
endloop
endfacet
facet normal 0 0 -1
outer loop
vertex 6.683701515197754 -50.10911178588867 1.7000000476837158
vertex 6.537711143493652 -50.206661224365234 1.7000000476837158
vertex 6.683701515197754 -49.47271728515625 1.7000000476837158
endloop
endfacet
facet normal 0 0 -1
outer loop
vertex 6.537711143493652 -50.206661224365234 1.7000000476837158
vertex 6.365503311157227 -50.24091339111328 1.7000000476837158
vertex 6.537711143493652 -49.37516784667969 1.7000000476837158
endloop
endfacet
facet normal 0 0 -1
outer loop
vertex 6.365503311157227 -50.24091339111328 1.7000000476837158
vertex 6.193295955657959 -50.206661224365234 1.7000000476837158
vertex 6.365503311157227 -49.34091567993164 1.7000000476837158
endloop
endfacet
facet normal 0 0 -1
outer loop
vertex 6.193295955657959 -49.37516784667969 1.7000000476837158
vertex 6.047305583953857 -50.10911178588867 1.7000000476837158
vertex 6.047305583953857 -49.47271728515625 1.7000000476837158
endloop
endfacet
facet normal 0 0 -1
outer loop
vertex 6.047305583953857 -49.47271728515625 1.7000000476837158
vertex 5.9497575759887695 -49.9631233215332 1.7000000476837158
vertex 5.9497575759887695 -49.61870574951172 1.7000000476837158
endloop
endfacet
facet normal -0.8314665660174577 -0.5555747920803612 0
outer loop
vertex 6.683701515197754 -49.47271728515625 1.7000000476837158
vertex 6.683701515197754 -49.47271728515625 0
vertex 6.781249046325684 -49.61870574951172 1.7000000476837158
endloop
endfacet
facet normal -0.5555772839934787 -0.8314649009491799 0
outer loop
vertex 6.537711143493652 -50.64516830444336 1.7000000476837158
vertex 6.537711143493652 -50.64516830444336 0
vertex 6.683701515197754 -50.74271774291992 1.7000000476837158
endloop
endfacet
facet normal -0.1950788122039888 -0.9807875697770038 0
outer loop
vertex 6.365503311157227 -50.61091613769531 1.7000000476837158
vertex 6.365503311157227 -50.61091613769531 0
vertex 6.537711143493652 -50.64516830444336 1.7000000476837158
endloop
endfacet
facet normal 0 0 -1
outer loop
vertex 6.537711143493652 -50.64516830444336 1.7000000476837158
vertex 6.683701515197754 -50.74271774291992 1.7000000476837158
vertex 6.537711143493652 -51.476661682128906 1.7000000476837158
endloop
endfacet
facet normal 0 0 -1
outer loop
vertex 6.781249046325684 -50.88870620727539 1.7000000476837158
vertex 6.683701515197754 -51.379112243652344 1.7000000476837158
vertex 6.683701515197754 -50.74271774291992 1.7000000476837158
endloop
endfacet
facet normal 0 0 -1
outer loop
vertex 6.781249046325684 -51.233123779296875 1.7000000476837158
vertex 6.683701515197754 -51.379112243652344 1.7000000476837158
vertex 6.781249046325684 -50.88870620727539 1.7000000476837158
endloop
endfacet
facet normal 0 0 -1
outer loop
vertex 6.683701515197754 -51.379112243652344 1.7000000476837158
vertex 6.537711143493652 -51.476661682128906 1.7000000476837158
vertex 6.683701515197754 -50.74271774291992 1.7000000476837158
endloop
endfacet
facet normal 0 0 -1
outer loop
vertex 6.537711143493652 -51.476661682128906 1.7000000476837158
vertex 6.365503311157227 -51.51091384887695 1.7000000476837158
vertex 6.537711143493652 -50.64516830444336 1.7000000476837158
endloop
endfacet
facet normal 0 0 -1
outer loop
vertex 6.365503311157227 -51.51091384887695 1.7000000476837158
vertex 6.365503311157227 -50.61091613769531 1.7000000476837158
vertex 6.537711143493652 -50.64516830444336 1.7000000476837158
endloop
endfacet
facet normal 0 0 -1
outer loop
vertex 6.365503311157227 -50.61091613769531 1.7000000476837158
vertex 6.193295955657959 -51.476661682128906 1.7000000476837158
vertex 6.193295955657959 -50.64516830444336 1.7000000476837158
endloop
endfacet
facet normal 0 0 -1
outer loop
vertex 6.365503311157227 -51.51091384887695 1.7000000476837158
vertex 6.193295955657959 -51.476661682128906 1.7000000476837158
vertex 6.365503311157227 -50.61091613769531 1.7000000476837158
endloop
endfacet
facet normal 0 0 -1
outer loop
vertex 6.193295955657959 -50.64516830444336 1.7000000476837158
vertex 6.047305583953857 -51.379112243652344 1.7000000476837158
vertex 6.047305583953857 -50.74271774291992 1.7000000476837158
endloop
endfacet
facet normal 0 0 -1
outer loop
vertex 6.047305583953857 -50.74271774291992 1.7000000476837158
vertex 5.9497575759887695 -51.233123779296875 1.7000000476837158
vertex 5.9497575759887695 -50.88870620727539 1.7000000476837158
endloop
endfacet
facet normal 0 0 -1
outer loop
vertex 6.193295955657959 -51.476661682128906 1.7000000476837158
vertex 6.047305583953857 -51.379112243652344 1.7000000476837158
vertex 6.193295955657959 -50.64516830444336 1.7000000476837158
endloop
endfacet
facet normal 0 0 -1
outer loop
vertex 5.9497575759887695 -51.233123779296875 1.7000000476837158
vertex 5.91550350189209 -51.0609130859375 1.7000000476837158
vertex 5.9497575759887695 -50.88870620727539 1.7000000476837158
endloop
endfacet
facet normal 0 0 -1
outer loop
vertex 6.047305583953857 -51.379112243652344 1.7000000476837158
vertex 5.9497575759887695 -51.233123779296875 1.7000000476837158
vertex 6.047305583953857 -50.74271774291992 1.7000000476837158
endloop
endfacet
facet normal 0.19507933181498546 -0.9807874664261461 0
outer loop
vertex 6.193295955657959 -50.64516830444336 1.7000000476837158
vertex 6.193295955657959 -50.64516830444336 0
vertex 6.365503311157227 -50.61091613769531 1.7000000476837158
endloop
endfacet
facet normal -0.8314665660174577 -0.5555747920803612 0
outer loop
vertex 6.683701515197754 -50.74271774291992 1.7000000476837158
vertex 6.683701515197754 -50.74271774291992 0
vertex 6.781249046325684 -50.88870620727539 1.7000000476837158
endloop
endfacet
facet normal -0.5555772839934787 -0.8314649009491799 0
outer loop
vertex 6.537711143493652 -50.64516830444336 0
vertex 6.683701515197754 -50.74271774291992 0
vertex 6.683701515197754 -50.74271774291992 1.7000000476837158
endloop
endfacet
facet normal -0.1950788122039888 -0.9807875697770038 0
outer loop
vertex 6.537711143493652 -50.64516830444336 0
vertex 6.537711143493652 -50.64516830444336 1.7000000476837158
vertex 6.365503311157227 -50.61091613769531 0
endloop
endfacet
facet normal 0.19507933181498546 -0.9807874664261461 0
outer loop
vertex 6.365503311157227 -50.61091613769531 0
vertex 6.365503311157227 -50.61091613769531 1.7000000476837158
vertex 6.193295955657959 -50.64516830444336 0
endloop
endfacet
facet normal -0.8314665660174577 -0.5555747920803612 0
outer loop
vertex 6.781249046325684 -50.88870620727539 0
vertex 6.781249046325684 -50.88870620727539 1.7000000476837158
vertex 6.683701515197754 -50.74271774291992 0
endloop
endfacet
facet normal 0.5555772839934787 -0.8314649009491799 0
outer loop
vertex 6.193295955657959 -50.64516830444336 0
vertex 6.193295955657959 -50.64516830444336 1.7000000476837158
vertex 6.047305583953857 -50.74271774291992 0
endloop
endfacet
facet normal 0.8314653114796824 -0.5555766696019502 0
outer loop
vertex 6.047305583953857 -50.74271774291992 0
vertex 6.047305583953857 -50.74271774291992 1.7000000476837158
vertex 5.9497575759887695 -50.88870620727539 0
endloop
endfacet
facet normal 0.9807852845629332 -0.19509030110388895 0
outer loop
vertex 5.9497575759887695 -50.88870620727539 0
vertex 5.9497575759887695 -50.88870620727539 1.7000000476837158
vertex 5.91550350189209 -51.0609130859375 0
endloop
endfacet
facet normal 0.9807861114401027 0.19508614406513386 0
outer loop
vertex 5.91550350189209 -51.0609130859375 0
vertex 5.91550350189209 -51.0609130859375 1.7000000476837158
vertex 5.9497575759887695 -51.233123779296875 0
endloop
endfacet
facet normal -0.9807855918179081 0.1950887564222905 0
outer loop
vertex 6.8155035972595215 -51.0609130859375 1.7000000476837158
vertex 6.8155035972595215 -51.0609130859375 0
vertex 6.781249046325684 -51.233123779296875 1.7000000476837158
endloop
endfacet
facet normal -0.9807855918179081 0.1950887564222905 0
outer loop
vertex 6.8155035972595215 -51.0609130859375 0
vertex 6.781249046325684 -51.233123779296875 0
vertex 6.781249046325684 -51.233123779296875 1.7000000476837158
endloop
endfacet
facet normal -0.8314665660174577 0.5555747920803612 0
outer loop
vertex 6.781249046325684 -51.233123779296875 0
vertex 6.683701515197754 -51.379112243652344 0
vertex 6.683701515197754 -51.379112243652344 1.7000000476837158
endloop
endfacet
facet normal -0.5555772839934787 0.8314649009491799 0
outer loop
vertex 6.683701515197754 -51.379112243652344 0
vertex 6.537711143493652 -51.476661682128906 0
vertex 6.537711143493652 -51.476661682128906 1.7000000476837158
endloop
endfacet
facet normal -0.9807847649190312 -0.1950929135123066 0
outer loop
vertex 6.781249046325684 -50.88870620727539 0
vertex 6.8155035972595215 -51.0609130859375 0
vertex 6.8155035972595215 -51.0609130859375 1.7000000476837158
endloop
endfacet
facet normal 0.5555772839934787 -0.8314649009491799 0
outer loop
vertex 6.047305583953857 -50.74271774291992 1.7000000476837158
vertex 6.047305583953857 -50.74271774291992 0
vertex 6.193295955657959 -50.64516830444336 1.7000000476837158
endloop
endfacet
facet normal 0.8314653114796824 -0.5555766696019502 0
outer loop
vertex 5.9497575759887695 -50.88870620727539 1.7000000476837158
vertex 5.9497575759887695 -50.88870620727539 0
vertex 6.047305583953857 -50.74271774291992 1.7000000476837158
endloop
endfacet
facet normal -0.9807847649190312 -0.1950929135123066 0
outer loop
vertex 6.781249046325684 -50.88870620727539 1.7000000476837158
vertex 6.781249046325684 -50.88870620727539 0
vertex 6.8155035972595215 -51.0609130859375 1.7000000476837158
endloop
endfacet
facet normal 0.9807852845629332 -0.19509030110388895 0
outer loop
vertex 5.91550350189209 -51.0609130859375 1.7000000476837158
vertex 5.91550350189209 -51.0609130859375 0
vertex 5.9497575759887695 -50.88870620727539 1.7000000476837158
endloop
endfacet
facet normal 0.9807861114401027 0.19508614406513386 0
outer loop
vertex 5.9497575759887695 -51.233123779296875 1.7000000476837158
vertex 5.9497575759887695 -51.233123779296875 0
vertex 5.91550350189209 -51.0609130859375 1.7000000476837158
endloop
endfacet
facet normal 0 0 -1
outer loop
vertex 6.8155035972595215 -51.0609130859375 1.7000000476837158
vertex 6.781249046325684 -51.233123779296875 1.7000000476837158
vertex 6.781249046325684 -50.88870620727539 1.7000000476837158
endloop
endfacet
facet normal -0.8314665660174577 0.5555747920803612 0
outer loop
vertex 6.781249046325684 -51.233123779296875 1.7000000476837158
vertex 6.781249046325684 -51.233123779296875 0
vertex 6.683701515197754 -51.379112243652344 1.7000000476837158
endloop
endfacet
facet normal -0.5555772839934787 0.8314649009491799 0
outer loop
vertex 6.683701515197754 -51.379112243652344 1.7000000476837158
vertex 6.683701515197754 -51.379112243652344 0
vertex 6.537711143493652 -51.476661682128906 1.7000000476837158
endloop
endfacet
facet normal -0.1950788122039888 0.9807875697770038 0
outer loop
vertex 6.537711143493652 -51.476661682128906 1.7000000476837158
vertex 6.537711143493652 -51.476661682128906 0
vertex 6.365503311157227 -51.51091384887695 1.7000000476837158
endloop
endfacet
facet normal 0.19507933181498546 0.9807874664261461 0
outer loop
vertex 6.365503311157227 -51.51091384887695 1.7000000476837158
vertex 6.365503311157227 -51.51091384887695 0
vertex 6.193295955657959 -51.476661682128906 1.7000000476837158
endloop
endfacet
facet normal 0.5555772839934787 0.8314649009491799 0
outer loop
vertex 6.193295955657959 -51.476661682128906 1.7000000476837158
vertex 6.193295955657959 -51.476661682128906 0
vertex 6.047305583953857 -51.379112243652344 1.7000000476837158
endloop
endfacet
facet normal -0.1950788122039888 0.9807875697770038 0
outer loop
vertex 6.537711143493652 -51.476661682128906 0
vertex 6.365503311157227 -51.51091384887695 0
vertex 6.365503311157227 -51.51091384887695 1.7000000476837158
endloop
endfacet
facet normal 0.19507933181498546 0.9807874664261461 0
outer loop
vertex 6.365503311157227 -51.51091384887695 0
vertex 6.193295955657959 -51.476661682128906 0
vertex 6.193295955657959 -51.476661682128906 1.7000000476837158
endloop
endfacet
facet normal 0.5555772839934787 0.8314649009491799 0
outer loop
vertex 6.193295955657959 -51.476661682128906 0
vertex 6.047305583953857 -51.379112243652344 0
vertex 6.047305583953857 -51.379112243652344 1.7000000476837158
endloop
endfacet
facet normal 0.8314653114796824 0.5555766696019502 0
outer loop
vertex 6.047305583953857 -51.379112243652344 0
vertex 5.9497575759887695 -51.233123779296875 0
vertex 5.9497575759887695 -51.233123779296875 1.7000000476837158
endloop
endfacet
facet normal 0.8314653114796824 0.5555766696019502 0
outer loop
vertex 6.047305583953857 -51.379112243652344 1.7000000476837158
vertex 6.047305583953857 -51.379112243652344 0
vertex 5.9497575759887695 -51.233123779296875 1.7000000476837158
endloop
endfacet
facet normal 0 0 -1
outer loop
vertex 6.537711143493652 -52.74666213989258 1.7000000476837158
vertex 6.365503311157227 -52.780914306640625 1.7000000476837158
vertex 6.537711143493652 -51.91516876220703 1.7000000476837158
endloop
endfacet
facet normal 0.5555772839934787 -0.8314649009491799 0
outer loop
vertex 6.047305583953857 -52.012718200683594 1.7000000476837158
vertex 6.047305583953857 -52.012718200683594 0
vertex 6.193295955657959 -51.91516876220703 1.7000000476837158
endloop
endfacet
facet normal 0.19507933181498546 0.9807874664261461 0
outer loop
vertex 6.365503311157227 -52.780914306640625 0
vertex 6.193295955657959 -52.74666213989258 0
vertex 6.193295955657959 -52.74666213989258 1.7000000476837158
endloop
endfacet
facet normal -0.5555772839934787 0.8314649009491799 0
outer loop
vertex 6.683701515197754 -52.649112701416016 0
vertex 6.537711143493652 -52.74666213989258 0
vertex 6.537711143493652 -52.74666213989258 1.7000000476837158
endloop
endfacet
facet normal -0.8314732719568675 0.5555647559208026 0
outer loop
vertex 6.781249046325684 -52.50312042236328 0
vertex 6.683701515197754 -52.649112701416016 0
vertex 6.683701515197754 -52.649112701416016 1.7000000476837158
endloop
endfacet
facet normal 0.8314653114796824 -0.5555766696019502 0
outer loop
vertex 6.047305583953857 -52.012718200683594 0
vertex 6.047305583953857 -52.012718200683594 1.7000000476837158
vertex 5.9497575759887695 -52.15870666503906 0
endloop
endfacet
facet normal 0.5555772839934787 -0.8314649009491799 0
outer loop
vertex 6.193295955657959 -51.91516876220703 0
vertex 6.193295955657959 -51.91516876220703 1.7000000476837158
vertex 6.047305583953857 -52.012718200683594 0
endloop
endfacet
facet normal 0.9807852845629332 -0.19509030110388895 0
outer loop
vertex 5.9497575759887695 -52.15870666503906 0
vertex 5.9497575759887695 -52.15870666503906 1.7000000476837158
vertex 5.91550350189209 -52.33091354370117 0
endloop
endfacet
facet normal 0.9807852845629332 0.19509030110388895 0
outer loop
vertex 5.91550350189209 -52.33091354370117 0
vertex 5.91550350189209 -52.33091354370117 1.7000000476837158
vertex 5.9497575759887695 -52.50312042236328 0
endloop
endfacet
facet normal 0.19507933181498546 -0.9807874664261461 0
outer loop
vertex 6.365503311157227 -51.880916595458984 0
vertex 6.365503311157227 -51.880916595458984 1.7000000476837158
vertex 6.193295955657959 -51.91516876220703 0
endloop
endfacet
facet normal -0.8314665660174577 -0.5555747920803612 0
outer loop
vertex 6.781249046325684 -52.15870666503906 0
vertex 6.781249046325684 -52.15870666503906 1.7000000476837158
vertex 6.683701515197754 -52.012718200683594 0
endloop
endfacet
facet normal -0.5555772839934787 -0.8314649009491799 0
outer loop
vertex 6.537711143493652 -51.91516876220703 0
vertex 6.683701515197754 -52.012718200683594 0
vertex 6.683701515197754 -52.012718200683594 1.7000000476837158
endloop
endfacet
facet normal -0.1950788122039888 -0.9807875697770038 0
outer loop
vertex 6.537711143493652 -51.91516876220703 0
vertex 6.537711143493652 -51.91516876220703 1.7000000476837158
vertex 6.365503311157227 -51.880916595458984 0
endloop
endfacet
facet normal 0.5555772839934787 0.8314649009491799 0
outer loop
vertex 6.193295955657959 -52.74666213989258 0
vertex 6.047305583953857 -52.649112701416016 0
vertex 6.047305583953857 -52.649112701416016 1.7000000476837158
endloop
endfacet
facet normal 0.8314720174542991 0.5555666334387602 0
outer loop
vertex 6.047305583953857 -52.649112701416016 0
vertex 5.9497575759887695 -52.50312042236328 0
vertex 5.9497575759887695 -52.50312042236328 1.7000000476837158
endloop
endfacet
facet normal 0 0 -1
outer loop
vertex 6.047305583953857 -52.649112701416016 1.7000000476837158
vertex 5.9497575759887695 -52.50312042236328 1.7000000476837158
vertex 6.047305583953857 -52.012718200683594 1.7000000476837158
endloop
endfacet
facet normal 0 0 -1
outer loop
vertex 5.9497575759887695 -52.50312042236328 1.7000000476837158
vertex 5.91550350189209 -52.33091354370117 1.7000000476837158
vertex 5.9497575759887695 -52.15870666503906 1.7000000476837158
endloop
endfacet
facet normal 0 0 -1
outer loop
vertex 6.047305583953857 -52.012718200683594 1.7000000476837158
vertex 5.9497575759887695 -52.50312042236328 1.7000000476837158
vertex 5.9497575759887695 -52.15870666503906 1.7000000476837158
endloop
endfacet
facet normal 0 0 -1
outer loop
vertex 6.193295955657959 -52.74666213989258 1.7000000476837158
vertex 6.047305583953857 -52.649112701416016 1.7000000476837158
vertex 6.193295955657959 -51.91516876220703 1.7000000476837158
endloop
endfacet
facet normal -0.9807847649190312 0.1950929135123066 0
outer loop
vertex 6.8155035972595215 -52.33091354370117 0
vertex 6.781249046325684 -52.50312042236328 0
vertex 6.781249046325684 -52.50312042236328 1.7000000476837158
endloop
endfacet
facet normal -0.9807847649190312 -0.1950929135123066 0
outer loop
vertex 6.781249046325684 -52.15870666503906 0
vertex 6.8155035972595215 -52.33091354370117 0
vertex 6.8155035972595215 -52.33091354370117 1.7000000476837158
endloop
endfacet
facet normal 0 0 -1
outer loop
vertex 6.365503311157227 -52.780914306640625 1.7000000476837158
vertex 6.193295955657959 -52.74666213989258 1.7000000476837158
vertex 6.365503311157227 -51.880916595458984 1.7000000476837158
endloop
endfacet
facet normal -0.8314665660174577 -0.5555747920803612 0
outer loop
vertex 6.683701515197754 -52.012718200683594 1.7000000476837158
vertex 6.683701515197754 -52.012718200683594 0
vertex 6.781249046325684 -52.15870666503906 1.7000000476837158
endloop
endfacet
facet normal -0.1950788122039888 -0.9807875697770038 0
outer loop
vertex 6.365503311157227 -51.880916595458984 1.7000000476837158
vertex 6.365503311157227 -51.880916595458984 0
vertex 6.537711143493652 -51.91516876220703 1.7000000476837158
endloop
endfacet
facet normal 0 0 -1
outer loop
vertex 6.537711143493652 -51.91516876220703 1.7000000476837158
vertex 6.683701515197754 -52.012718200683594 1.7000000476837158
vertex 6.537711143493652 -52.74666213989258 1.7000000476837158
endloop
endfacet
facet normal 0 0 -1
outer loop
vertex 6.781249046325684 -52.50312042236328 1.7000000476837158
vertex 6.683701515197754 -52.649112701416016 1.7000000476837158
vertex 6.781249046325684 -52.15870666503906 1.7000000476837158
endloop
endfacet
facet normal 0 0 -1
outer loop
vertex 6.781249046325684 -52.15870666503906 1.7000000476837158
vertex 6.683701515197754 -52.649112701416016 1.7000000476837158
vertex 6.683701515197754 -52.012718200683594 1.7000000476837158
endloop
endfacet
facet normal 0 0 -1
outer loop
vertex 6.193295955657959 -51.91516876220703 1.7000000476837158
vertex 6.047305583953857 -52.649112701416016 1.7000000476837158
vertex 6.047305583953857 -52.012718200683594 1.7000000476837158
endloop
endfacet
facet normal 0 0 -1
outer loop
vertex 6.365503311157227 -51.880916595458984 1.7000000476837158
vertex 6.193295955657959 -52.74666213989258 1.7000000476837158
vertex 6.193295955657959 -51.91516876220703 1.7000000476837158
endloop
endfacet
facet normal 0 0 -1
outer loop
vertex 6.537711143493652 -51.91516876220703 1.7000000476837158
vertex 6.365503311157227 -52.780914306640625 1.7000000476837158
vertex 6.365503311157227 -51.880916595458984 1.7000000476837158
endloop
endfacet
facet normal 0 0 -1
outer loop
vertex 6.8155035972595215 -52.33091354370117 1.7000000476837158
vertex 6.781249046325684 -52.50312042236328 1.7000000476837158
vertex 6.781249046325684 -52.15870666503906 1.7000000476837158
endloop
endfacet
facet normal -0.9807847649190312 -0.1950929135123066 0
outer loop
vertex 6.781249046325684 -52.15870666503906 1.7000000476837158
vertex 6.781249046325684 -52.15870666503906 0
vertex 6.8155035972595215 -52.33091354370117 1.7000000476837158
endloop
endfacet
facet normal -0.9807847649190312 0.1950929135123066 0
outer loop
vertex 6.8155035972595215 -52.33091354370117 1.7000000476837158
vertex 6.8155035972595215 -52.33091354370117 0
vertex 6.781249046325684 -52.50312042236328 1.7000000476837158
endloop
endfacet
facet normal 0.5555772839934787 0.8314649009491799 0
outer loop
vertex 6.193295955657959 -52.74666213989258 1.7000000476837158
vertex 6.193295955657959 -52.74666213989258 0
vertex 6.047305583953857 -52.649112701416016 1.7000000476837158
endloop
endfacet
facet normal 0.8314720174542991 0.5555666334387602 0
outer loop
vertex 6.047305583953857 -52.649112701416016 1.7000000476837158
vertex 6.047305583953857 -52.649112701416016 0
vertex 5.9497575759887695 -52.50312042236328 1.7000000476837158
endloop
endfacet
facet normal 0.9807852845629332 0.19509030110388895 0
outer loop
vertex 5.9497575759887695 -52.50312042236328 1.7000000476837158
vertex 5.9497575759887695 -52.50312042236328 0
vertex 5.91550350189209 -52.33091354370117 1.7000000476837158
endloop
endfacet
facet normal 0.9807852845629332 -0.19509030110388895 0
outer loop
vertex 5.91550350189209 -52.33091354370117 1.7000000476837158
vertex 5.91550350189209 -52.33091354370117 0
vertex 5.9497575759887695 -52.15870666503906 1.7000000476837158
endloop
endfacet
facet normal 0.19507933181498546 0.9807874664261461 0
outer loop
vertex 6.365503311157227 -52.780914306640625 1.7000000476837158
vertex 6.365503311157227 -52.780914306640625 0
vertex 6.193295955657959 -52.74666213989258 1.7000000476837158
endloop
endfacet
facet normal -0.1950788122039888 0.9807875697770038 0
outer loop
vertex 6.537711143493652 -52.74666213989258 1.7000000476837158
vertex 6.537711143493652 -52.74666213989258 0
vertex 6.365503311157227 -52.780914306640625 1.7000000476837158
endloop
endfacet
facet normal -0.5555772839934787 0.8314649009491799 0
outer loop
vertex 6.683701515197754 -52.649112701416016 1.7000000476837158
vertex 6.683701515197754 -52.649112701416016 0
vertex 6.537711143493652 -52.74666213989258 1.7000000476837158
endloop
endfacet
facet normal -0.8314732719568675 0.5555647559208026 0
outer loop
vertex 6.781249046325684 -52.50312042236328 1.7000000476837158
vertex 6.781249046325684 -52.50312042236328 0
vertex 6.683701515197754 -52.649112701416016 1.7000000476837158
endloop
endfacet
facet normal -0.5555772839934787 -0.8314649009491799 0
outer loop
vertex 6.537711143493652 -51.91516876220703 1.7000000476837158
vertex 6.537711143493652 -51.91516876220703 0
vertex 6.683701515197754 -52.012718200683594 1.7000000476837158
endloop
endfacet
facet normal 0.19507933181498546 -0.9807874664261461 0
outer loop
vertex 6.193295955657959 -51.91516876220703 1.7000000476837158
vertex 6.193295955657959 -51.91516876220703 0
vertex 6.365503311157227 -51.880916595458984 1.7000000476837158
endloop
endfacet
facet normal 0.8314653114796824 -0.5555766696019502 0
outer loop
vertex 5.9497575759887695 -52.15870666503906 1.7000000476837158
vertex 5.9497575759887695 -52.15870666503906 0
vertex 6.047305583953857 -52.012718200683594 1.7000000476837158
endloop
endfacet
facet normal 0 0 -1
outer loop
vertex 6.683701515197754 -52.649112701416016 1.7000000476837158
vertex 6.537711143493652 -52.74666213989258 1.7000000476837158
vertex 6.683701515197754 -52.012718200683594 1.7000000476837158
endloop
endfacet
facet normal -0.1950788122039888 0.9807875697770038 0
outer loop
vertex 6.537711143493652 -52.74666213989258 0
vertex 6.365503311157227 -52.780914306640625 0
vertex 6.365503311157227 -52.780914306640625 1.7000000476837158
endloop
endfacet
facet normal 0 0 -1
outer loop
vertex 6.047051429748535 -53.91911315917969 1.7000000476837158
vertex 5.9495038986206055 -53.77312088012695 1.7000000476837158
vertex 6.047051429748535 -53.28271484375 1.7000000476837158
endloop
endfacet
facet normal 0 0 -1
outer loop
vertex 6.7809953689575195 -53.428707122802734 1.7000000476837158
vertex 6.683447360992432 -53.91911315917969 1.7000000476837158
vertex 6.683447360992432 -53.28271484375 1.7000000476837158
endloop
endfacet
facet normal -0.9807852845629332 0.19509030110388895 0
outer loop
vertex 6.815249443054199 -53.600914001464844 0
vertex 6.7809953689575195 -53.77312088012695 0
vertex 6.7809953689575195 -53.77312088012695 1.7000000476837158
endloop
endfacet
facet normal -0.19510023104767313 -0.9807833093222704 0
outer loop
vertex 6.53745698928833 -53.1851692199707 0
vertex 6.53745698928833 -53.1851692199707 1.7000000476837158
vertex 6.3652496337890625 -53.15091323852539 0
endloop
endfacet
facet normal 0.19509971138541468 -0.9807834126948354 0
outer loop
vertex 6.3652496337890625 -53.15091323852539 0
vertex 6.3652496337890625 -53.15091323852539 1.7000000476837158
vertex 6.193041801452637 -53.1851692199707 0
endloop
endfacet
facet normal -0.5555622638012966 -0.8314749371087372 0
outer loop
vertex 6.53745698928833 -53.1851692199707 0
vertex 6.683447360992432 -53.28271484375 0
vertex 6.683447360992432 -53.28271484375 1.7000000476837158
endloop
endfacet
facet normal -0.8314720174542991 -0.5555666334387602 0
outer loop
vertex 6.7809953689575195 -53.428707122802734 0
vertex 6.7809953689575195 -53.428707122802734 1.7000000476837158
vertex 6.683447360992432 -53.28271484375 0
endloop
endfacet
facet normal -0.8314720174542991 0.5555666334387602 0
outer loop
vertex 6.7809953689575195 -53.77312088012695 0
vertex 6.683447360992432 -53.91911315917969 0
vertex 6.683447360992432 -53.91911315917969 1.7000000476837158
endloop
endfacet
facet normal -0.5555622638012966 0.8314749371087372 0
outer loop
vertex 6.683447360992432 -53.91911315917969 0
vertex 6.53745698928833 -54.016658782958984 0
vertex 6.53745698928833 -54.016658782958984 1.7000000476837158
endloop
endfacet
facet normal -0.19510023104767313 0.9807833093222704 0
outer loop
vertex 6.3652496337890625 -54.0509147644043 0
vertex 6.3652496337890625 -54.0509147644043 1.7000000476837158
vertex 6.53745698928833 -54.016658782958984 0
endloop
endfacet
facet normal 0.19509971138541468 0.9807834126948354 0
outer loop
vertex 6.3652496337890625 -54.0509147644043 0
vertex 6.193041801452637 -54.016658782958984 0
vertex 6.193041801452637 -54.016658782958984 1.7000000476837158
endloop
endfacet
facet normal 0.5555622638012966 -0.8314749371087372 0
outer loop
vertex 6.193041801452637 -53.1851692199707 0
vertex 6.193041801452637 -53.1851692199707 1.7000000476837158
vertex 6.047051429748535 -53.28271484375 0
endloop
endfacet
facet normal 0.8314732719568675 -0.5555647559208026 0
outer loop
vertex 6.047051429748535 -53.28271484375 0
vertex 6.047051429748535 -53.28271484375 1.7000000476837158
vertex 5.9495038986206055 -53.428707122802734 0
endloop
endfacet
facet normal 0.9807847649190312 -0.1950929135123066 0
outer loop
vertex 5.9495038986206055 -53.428707122802734 0
vertex 5.9495038986206055 -53.428707122802734 1.7000000476837158
vertex 5.915249347686768 -53.600914001464844 0
endloop
endfacet
facet normal 0.9807847649190312 0.1950929135123066 0
outer loop
vertex 5.915249347686768 -53.600914001464844 0
vertex 5.915249347686768 -53.600914001464844 1.7000000476837158
vertex 5.9495038986206055 -53.77312088012695 0
endloop
endfacet
facet normal 0.8314732719568675 0.5555647559208026 0
outer loop
vertex 6.047051429748535 -53.91911315917969 0
vertex 5.9495038986206055 -53.77312088012695 0
vertex 5.9495038986206055 -53.77312088012695 1.7000000476837158
endloop
endfacet
facet normal 0.5555622638012966 0.8314749371087372 0
outer loop
vertex 6.193041801452637 -54.016658782958984 0
vertex 6.047051429748535 -53.91911315917969 0
vertex 6.047051429748535 -53.91911315917969 1.7000000476837158
endloop
endfacet
facet normal 0.5555622638012966 0.8314749371087372 0
outer loop
vertex 6.193041801452637 -54.016658782958984 1.7000000476837158
vertex 6.193041801452637 -54.016658782958984 0
vertex 6.047051429748535 -53.91911315917969 1.7000000476837158
endloop
endfacet
facet normal 0.8314732719568675 0.5555647559208026 0
outer loop
vertex 6.047051429748535 -53.91911315917969 1.7000000476837158
vertex 6.047051429748535 -53.91911315917969 0
vertex 5.9495038986206055 -53.77312088012695 1.7000000476837158
endloop
endfacet
facet normal 0.9807847649190312 0.1950929135123066 0
outer loop
vertex 5.9495038986206055 -53.77312088012695 1.7000000476837158
vertex 5.9495038986206055 -53.77312088012695 0
vertex 5.915249347686768 -53.600914001464844 1.7000000476837158
endloop
endfacet
facet normal 0.9807847649190312 -0.1950929135123066 0
outer loop
vertex 5.915249347686768 -53.600914001464844 1.7000000476837158
vertex 5.915249347686768 -53.600914001464844 0
vertex 5.9495038986206055 -53.428707122802734 1.7000000476837158
endloop
endfacet
facet normal 0.8314732719568675 -0.5555647559208026 0
outer loop
vertex 5.9495038986206055 -53.428707122802734 1.7000000476837158
vertex 5.9495038986206055 -53.428707122802734 0
vertex 6.047051429748535 -53.28271484375 1.7000000476837158
endloop
endfacet
facet normal 0.5555622638012966 -0.8314749371087372 0
outer loop
vertex 6.047051429748535 -53.28271484375 1.7000000476837158
vertex 6.047051429748535 -53.28271484375 0
vertex 6.193041801452637 -53.1851692199707 1.7000000476837158
endloop
endfacet
facet normal 0.19509971138541468 0.9807834126948354 0
outer loop
vertex 6.3652496337890625 -54.0509147644043 1.7000000476837158
vertex 6.3652496337890625 -54.0509147644043 0
vertex 6.193041801452637 -54.016658782958984 1.7000000476837158
endloop
endfacet
facet normal -0.19510023104767313 0.9807833093222704 0
outer loop
vertex 6.53745698928833 -54.016658782958984 1.7000000476837158
vertex 6.53745698928833 -54.016658782958984 0
vertex 6.3652496337890625 -54.0509147644043 1.7000000476837158
endloop
endfacet
facet normal -0.5555622638012966 0.8314749371087372 0
outer loop
vertex 6.683447360992432 -53.91911315917969 1.7000000476837158
vertex 6.683447360992432 -53.91911315917969 0
vertex 6.53745698928833 -54.016658782958984 1.7000000476837158
endloop
endfacet
facet normal -0.8314720174542991 0.5555666334387602 0
outer loop
vertex 6.7809953689575195 -53.77312088012695 1.7000000476837158
vertex 6.7809953689575195 -53.77312088012695 0
vertex 6.683447360992432 -53.91911315917969 1.7000000476837158
endloop
endfacet
facet normal -0.5555622638012966 -0.8314749371087372 0
outer loop
vertex 6.53745698928833 -53.1851692199707 1.7000000476837158
vertex 6.53745698928833 -53.1851692199707 0
vertex 6.683447360992432 -53.28271484375 1.7000000476837158
endloop
endfacet
facet normal -0.8314720174542991 -0.5555666334387602 0
outer loop
vertex 6.683447360992432 -53.28271484375 1.7000000476837158
vertex 6.683447360992432 -53.28271484375 0
vertex 6.7809953689575195 -53.428707122802734 1.7000000476837158
endloop
endfacet
facet normal 0.19509971138541468 -0.9807834126948354 0
outer loop
vertex 6.193041801452637 -53.1851692199707 1.7000000476837158
vertex 6.193041801452637 -53.1851692199707 0
vertex 6.3652496337890625 -53.15091323852539 1.7000000476837158
endloop
endfacet
facet normal -0.19510023104767313 -0.9807833093222704 0
outer loop
vertex 6.3652496337890625 -53.15091323852539 1.7000000476837158
vertex 6.3652496337890625 -53.15091323852539 0
vertex 6.53745698928833 -53.1851692199707 1.7000000476837158
endloop
endfacet
facet normal -0.9807852845629332 0.19509030110388895 0
outer loop
vertex 6.815249443054199 -53.600914001464844 1.7000000476837158
vertex 6.815249443054199 -53.600914001464844 0
vertex 6.7809953689575195 -53.77312088012695 1.7000000476837158
endloop
endfacet
facet normal -0.9807852845629332 -0.19509030110388895 0
outer loop
vertex 6.7809953689575195 -53.428707122802734 1.7000000476837158
vertex 6.7809953689575195 -53.428707122802734 0
vertex 6.815249443054199 -53.600914001464844 1.7000000476837158
endloop
endfacet
facet normal 0 0 -1
outer loop
vertex 6.815249443054199 -53.600914001464844 1.7000000476837158
vertex 6.7809953689575195 -53.77312088012695 1.7000000476837158
vertex 6.7809953689575195 -53.428707122802734 1.7000000476837158
endloop
endfacet
facet normal 0 0 -1
outer loop
vertex 6.193041801452637 -54.016658782958984 1.7000000476837158
vertex 6.047051429748535 -53.91911315917969 1.7000000476837158
vertex 6.193041801452637 -53.1851692199707 1.7000000476837158
endloop
endfacet
facet normal 0 0 -1
outer loop
vertex 5.9495038986206055 -53.77312088012695 1.7000000476837158
vertex 5.915249347686768 -53.600914001464844 1.7000000476837158
vertex 5.9495038986206055 -53.428707122802734 1.7000000476837158
endloop
endfacet
facet normal 0 0 -1
outer loop
vertex 6.047051429748535 -53.28271484375 1.7000000476837158
vertex 5.9495038986206055 -53.77312088012695 1.7000000476837158
vertex 5.9495038986206055 -53.428707122802734 1.7000000476837158
endloop
endfacet
facet normal 0 0 -1
outer loop
vertex 6.193041801452637 -53.1851692199707 1.7000000476837158
vertex 6.047051429748535 -53.91911315917969 1.7000000476837158
vertex 6.047051429748535 -53.28271484375 1.7000000476837158
endloop
endfacet
facet normal 0 0 -1
outer loop
vertex 6.3652496337890625 -54.0509147644043 1.7000000476837158
vertex 6.193041801452637 -54.016658782958984 1.7000000476837158
vertex 6.3652496337890625 -53.15091323852539 1.7000000476837158
endloop
endfacet
facet normal 0 0 -1
outer loop
vertex 6.53745698928833 -54.016658782958984 1.7000000476837158
vertex 6.3652496337890625 -54.0509147644043 1.7000000476837158
vertex 6.53745698928833 -53.1851692199707 1.7000000476837158
endloop
endfacet
facet normal 0 0 -1
outer loop
vertex 6.683447360992432 -53.91911315917969 1.7000000476837158
vertex 6.53745698928833 -54.016658782958984 1.7000000476837158
vertex 6.683447360992432 -53.28271484375 1.7000000476837158
endloop
endfacet
facet normal 0 0 -1
outer loop
vertex 6.7809953689575195 -53.77312088012695 1.7000000476837158
vertex 6.683447360992432 -53.91911315917969 1.7000000476837158
vertex 6.7809953689575195 -53.428707122802734 1.7000000476837158
endloop
endfacet
facet normal 0 0 -1
outer loop
vertex 6.3652496337890625 -53.15091323852539 1.7000000476837158
vertex 6.193041801452637 -54.016658782958984 1.7000000476837158
vertex 6.193041801452637 -53.1851692199707 1.7000000476837158
endloop
endfacet
facet normal 0 0 -1
outer loop
vertex 6.53745698928833 -53.1851692199707 1.7000000476837158
vertex 6.3652496337890625 -54.0509147644043 1.7000000476837158
vertex 6.3652496337890625 -53.15091323852539 1.7000000476837158
endloop
endfacet
facet normal 0 0 -1
outer loop
vertex 6.53745698928833 -53.1851692199707 1.7000000476837158
vertex 6.683447360992432 -53.28271484375 1.7000000476837158
vertex 6.53745698928833 -54.016658782958984 1.7000000476837158
endloop
endfacet
facet normal -0.9807852845629332 -0.19509030110388895 0
outer loop
vertex 6.7809953689575195 -53.428707122802734 0
vertex 6.815249443054199 -53.600914001464844 0
vertex 6.815249443054199 -53.600914001464844 1.7000000476837158
endloop
endfacet
facet normal 0.8314615478636338 0.5555823021157262 0
outer loop
vertex 23.047014236450195 -50.10911178588867 0
vertex 22.949464797973633 -49.9631233215332 0
vertex 22.949464797973633 -49.9631233215332 1.7000000476837158
endloop
endfacet
facet normal 0 0 -1
outer loop
vertex 23.047014236450195 -50.10911178588867 1.7000000476837158
vertex 22.949464797973633 -49.9631233215332 1.7000000476837158
vertex 23.047014236450195 -49.47271728515625 1.7000000476837158
endloop
endfacet
facet normal 0 0 -1
outer loop
vertex 22.949464797973633 -49.9631233215332 1.7000000476837158
vertex 22.915210723876953 -49.790916442871094 1.7000000476837158
vertex 22.949464797973633 -49.61870574951172 1.7000000476837158
endloop
endfacet
facet normal 0 0 -1
outer loop
vertex 23.193004608154297 -50.206661224365234 1.7000000476837158
vertex 23.047014236450195 -50.10911178588867 1.7000000476837158
vertex 23.193004608154297 -49.37516784667969 1.7000000476837158
endloop
endfacet
facet normal 0 0 -1
outer loop
vertex 23.365211486816406 -50.24091339111328 1.7000000476837158
vertex 23.193004608154297 -50.206661224365234 1.7000000476837158
vertex 23.365211486816406 -49.34091567993164 1.7000000476837158
endloop
endfacet
facet normal 0 0 -1
outer loop
vertex 23.047014236450195 -49.47271728515625 1.7000000476837158
vertex 22.949464797973633 -49.9631233215332 1.7000000476837158
vertex 22.949464797973633 -49.61870574951172 1.7000000476837158
endloop
endfacet
facet normal 0 0 -1
outer loop
vertex 23.193004608154297 -49.37516784667969 1.7000000476837158
vertex 23.047014236450195 -50.10911178588867 1.7000000476837158
vertex 23.047014236450195 -49.47271728515625 1.7000000476837158
endloop
endfacet
facet normal 0 0 -1
outer loop
vertex 23.365211486816406 -49.34091567993164 1.7000000476837158
vertex 23.193004608154297 -50.206661224365234 1.7000000476837158
vertex 23.193004608154297 -49.37516784667969 1.7000000476837158
endloop
endfacet
facet normal -0.9807861114401027 -0.19508614406513386 0
outer loop
vertex 23.78095817565918 -49.61870574951172 1.7000000476837158
vertex 23.78095817565918 -49.61870574951172 0
vertex 23.81521224975586 -49.790916442871094 1.7000000476837158
endloop
endfacet
facet normal -0.8314615478636338 -0.5555823021157262 0
outer loop
vertex 23.683408737182617 -49.47271728515625 1.7000000476837158
vertex 23.683408737182617 -49.47271728515625 0
vertex 23.78095817565918 -49.61870574951172 1.7000000476837158
endloop
endfacet
facet normal -0.5555772839934787 -0.8314649009491799 0
outer loop
vertex 23.537418365478516 -49.37516784667969 1.7000000476837158
vertex 23.537418365478516 -49.37516784667969 0
vertex 23.683408737182617 -49.47271728515625 1.7000000476837158
endloop
endfacet
facet normal 0 0 -1
outer loop
vertex 23.537418365478516 -50.206661224365234 1.7000000476837158
vertex 23.365211486816406 -50.24091339111328 1.7000000476837158
vertex 23.537418365478516 -49.37516784667969 1.7000000476837158
endloop
endfacet
facet normal 0 0 -1
outer loop
vertex 23.683408737182617 -50.10911178588867 1.7000000476837158
vertex 23.537418365478516 -50.206661224365234 1.7000000476837158
vertex 23.683408737182617 -49.47271728515625 1.7000000476837158
endloop
endfacet
facet normal 0.8314615478636338 0.5555823021157262 0
outer loop
vertex 23.047014236450195 -50.10911178588867 1.7000000476837158
vertex 23.047014236450195 -50.10911178588867 0
vertex 22.949464797973633 -49.9631233215332 1.7000000476837158
endloop
endfacet
facet normal 0.9807852845629332 0.19509030110388895 0
outer loop
vertex 22.949464797973633 -49.9631233215332 1.7000000476837158
vertex 22.949464797973633 -49.9631233215332 0
vertex 22.915210723876953 -49.790916442871094 1.7000000476837158
endloop
endfacet
facet normal 0.5555772839934787 0.8314649009491799 0
outer loop
vertex 23.193004608154297 -50.206661224365234 1.7000000476837158
vertex 23.193004608154297 -50.206661224365234 0
vertex 23.047014236450195 -50.10911178588867 1.7000000476837158
endloop
endfacet
facet normal 0.1950798514286955 0.9807873630744628 0
outer loop
vertex 23.365211486816406 -50.24091339111328 1.7000000476837158
vertex 23.365211486816406 -50.24091339111328 0
vertex 23.193004608154297 -50.206661224365234 1.7000000476837158
endloop
endfacet
facet normal 0.9807861114401027 -0.19508614406513386 0
outer loop
vertex 22.915210723876953 -49.790916442871094 1.7000000476837158
vertex 22.915210723876953 -49.790916442871094 0
vertex 22.949464797973633 -49.61870574951172 1.7000000476837158
endloop
endfacet
facet normal 0.8314615478636338 -0.5555823021157262 0
outer loop
vertex 22.949464797973633 -49.61870574951172 1.7000000476837158
vertex 22.949464797973633 -49.61870574951172 0
vertex 23.047014236450195 -49.47271728515625 1.7000000476837158
endloop
endfacet
facet normal 0.5555772839934787 -0.8314649009491799 0
outer loop
vertex 23.047014236450195 -49.47271728515625 1.7000000476837158
vertex 23.047014236450195 -49.47271728515625 0
vertex 23.193004608154297 -49.37516784667969 1.7000000476837158
endloop
endfacet
facet normal 0.1950798514286955 -0.9807873630744628 0
outer loop
vertex 23.193004608154297 -49.37516784667969 1.7000000476837158
vertex 23.193004608154297 -49.37516784667969 0
vertex 23.365211486816406 -49.34091567993164 1.7000000476837158
endloop
endfacet
facet normal 0 0 -1
outer loop
vertex 23.78095817565918 -49.9631233215332 1.7000000476837158
vertex 23.683408737182617 -50.10911178588867 1.7000000476837158
vertex 23.78095817565918 -49.61870574951172 1.7000000476837158
endloop
endfacet
facet normal 0 0 -1
outer loop
vertex 23.81521224975586 -49.790916442871094 1.7000000476837158
vertex 23.78095817565918 -49.9631233215332 1.7000000476837158
vertex 23.78095817565918 -49.61870574951172 1.7000000476837158
endloop
endfacet
facet normal 0 0 -1
outer loop
vertex 23.537418365478516 -49.37516784667969 1.7000000476837158
vertex 23.365211486816406 -50.24091339111328 1.7000000476837158
vertex 23.365211486816406 -49.34091567993164 1.7000000476837158
endloop
endfacet
facet normal 0 0 -1
outer loop
vertex 23.683408737182617 -49.47271728515625 1.7000000476837158
vertex 23.537418365478516 -50.206661224365234 1.7000000476837158
vertex 23.537418365478516 -49.37516784667969 1.7000000476837158
endloop
endfacet
facet normal 0 0 -1
outer loop
vertex 23.683408737182617 -49.47271728515625 1.7000000476837158
vertex 23.78095817565918 -49.61870574951172 1.7000000476837158
vertex 23.683408737182617 -50.10911178588867 1.7000000476837158
endloop
endfacet
facet normal -0.1950798514286955 -0.9807873630744628 0
outer loop
vertex 23.365211486816406 -49.34091567993164 1.7000000476837158
vertex 23.365211486816406 -49.34091567993164 0
vertex 23.537418365478516 -49.37516784667969 1.7000000476837158
endloop
endfacet
facet normal -0.9807852845629332 0.19509030110388895 0
outer loop
vertex 23.81521224975586 -49.790916442871094 1.7000000476837158
vertex 23.81521224975586 -49.790916442871094 0
vertex 23.78095817565918 -49.9631233215332 1.7000000476837158
endloop
endfacet
facet normal 0.9807852845629332 0.19509030110388895 0
outer loop
vertex 22.915210723876953 -49.790916442871094 0
vertex 22.915210723876953 -49.790916442871094 1.7000000476837158
vertex 22.949464797973633 -49.9631233215332 0
endloop
endfacet
facet normal 0.5555772839934787 0.8314649009491799 0
outer loop
vertex 23.193004608154297 -50.206661224365234 0
vertex 23.047014236450195 -50.10911178588867 0
vertex 23.047014236450195 -50.10911178588867 1.7000000476837158
endloop
endfacet
facet normal 0.1950798514286955 0.9807873630744628 0
outer loop
vertex 23.365211486816406 -50.24091339111328 0
vertex 23.193004608154297 -50.206661224365234 0
vertex 23.193004608154297 -50.206661224365234 1.7000000476837158
endloop
endfacet
facet normal 0.9807861114401027 -0.19508614406513386 0
outer loop
vertex 22.949464797973633 -49.61870574951172 0
vertex 22.949464797973633 -49.61870574951172 1.7000000476837158
vertex 22.915210723876953 -49.790916442871094 0
endloop
endfacet
facet normal 0.8314615478636338 -0.5555823021157262 0
outer loop
vertex 23.047014236450195 -49.47271728515625 0
vertex 23.047014236450195 -49.47271728515625 1.7000000476837158
vertex 22.949464797973633 -49.61870574951172 0
endloop
endfacet
facet normal 0.5555772839934787 -0.8314649009491799 0
outer loop
vertex 23.193004608154297 -49.37516784667969 0
vertex 23.193004608154297 -49.37516784667969 1.7000000476837158
vertex 23.047014236450195 -49.47271728515625 0
endloop
endfacet
facet normal 0.1950798514286955 -0.9807873630744628 0
outer loop
vertex 23.365211486816406 -49.34091567993164 0
vertex 23.365211486816406 -49.34091567993164 1.7000000476837158
vertex 23.193004608154297 -49.37516784667969 0
endloop
endfacet
facet normal -0.8314615478636338 0.5555823021157262 0
outer loop
vertex 23.78095817565918 -49.9631233215332 1.7000000476837158
vertex 23.78095817565918 -49.9631233215332 0
vertex 23.683408737182617 -50.10911178588867 1.7000000476837158
endloop
endfacet
facet normal -0.5555772839934787 -0.8314649009491799 0
outer loop
vertex 23.683408737182617 -49.47271728515625 0
vertex 23.683408737182617 -49.47271728515625 1.7000000476837158
vertex 23.537418365478516 -49.37516784667969 0
endloop
endfacet
facet normal -0.9807861114401027 -0.19508614406513386 0
outer loop
vertex 23.78095817565918 -49.61870574951172 0
vertex 23.81521224975586 -49.790916442871094 0
vertex 23.81521224975586 -49.790916442871094 1.7000000476837158
endloop
endfacet
facet normal -0.8314615478636338 -0.5555823021157262 0
outer loop
vertex 23.683408737182617 -49.47271728515625 0
vertex 23.78095817565918 -49.61870574951172 0
vertex 23.78095817565918 -49.61870574951172 1.7000000476837158
endloop
endfacet
facet normal -0.1950798514286955 -0.9807873630744628 0
outer loop
vertex 23.537418365478516 -49.37516784667969 0
vertex 23.537418365478516 -49.37516784667969 1.7000000476837158
vertex 23.365211486816406 -49.34091567993164 0
endloop
endfacet
facet normal -0.9807852845629332 0.19509030110388895 0
outer loop
vertex 23.81521224975586 -49.790916442871094 0
vertex 23.78095817565918 -49.9631233215332 0
vertex 23.78095817565918 -49.9631233215332 1.7000000476837158
endloop
endfacet
facet normal -0.8314615478636338 0.5555823021157262 0
outer loop
vertex 23.78095817565918 -49.9631233215332 0
vertex 23.683408737182617 -50.10911178588867 0
vertex 23.683408737182617 -50.10911178588867 1.7000000476837158
endloop
endfacet
facet normal -0.5555772839934787 0.8314649009491799 0
outer loop
vertex 23.683408737182617 -50.10911178588867 0
vertex 23.537418365478516 -50.206661224365234 0
vertex 23.537418365478516 -50.206661224365234 1.7000000476837158
endloop
endfacet
facet normal -0.1950798514286955 0.9807873630744628 0
outer loop
vertex 23.537418365478516 -50.206661224365234 0
vertex 23.365211486816406 -50.24091339111328 0
vertex 23.365211486816406 -50.24091339111328 1.7000000476837158
endloop
endfacet
facet normal -0.5555772839934787 0.8314649009491799 0
outer loop
vertex 23.683408737182617 -50.10911178588867 1.7000000476837158
vertex 23.683408737182617 -50.10911178588867 0
vertex 23.537418365478516 -50.206661224365234 1.7000000476837158
endloop
endfacet
facet normal -0.1950798514286955 0.9807873630744628 0
outer loop
vertex 23.537418365478516 -50.206661224365234 1.7000000476837158
vertex 23.537418365478516 -50.206661224365234 0
vertex 23.365211486816406 -50.24091339111328 1.7000000476837158
endloop
endfacet
facet normal -0.5555772839934787 0.8314649009491799 0
outer loop
vertex 23.683408737182617 -51.379112243652344 1.7000000476837158
vertex 23.683408737182617 -51.379112243652344 0
vertex 23.537418365478516 -51.476661682128906 1.7000000476837158
endloop
endfacet
facet normal 0.8314615478636338 -0.5555823021157262 0
outer loop
vertex 23.047014236450195 -50.74271774291992 0
vertex 23.047014236450195 -50.74271774291992 1.7000000476837158
vertex 22.949464797973633 -50.88870620727539 0
endloop
endfacet
facet normal -0.9807861114401027 0.19508614406513386 0
outer loop
vertex 23.81521224975586 -51.0609130859375 0
vertex 23.78095817565918 -51.233123779296875 0
vertex 23.78095817565918 -51.233123779296875 1.7000000476837158
endloop
endfacet
facet normal -0.8314615478636338 0.5555823021157262 0
outer loop
vertex 23.78095817565918 -51.233123779296875 0
vertex 23.683408737182617 -51.379112243652344 0
vertex 23.683408737182617 -51.379112243652344 1.7000000476837158
endloop
endfacet
facet normal -0.5555772839934787 0.8314649009491799 0
outer loop
vertex 23.683408737182617 -51.379112243652344 0
vertex 23.537418365478516 -51.476661682128906 0
vertex 23.537418365478516 -51.476661682128906 1.7000000476837158
endloop
endfacet
facet normal -0.1950798514286955 0.9807873630744628 0
outer loop
vertex 23.537418365478516 -51.476661682128906 0
vertex 23.365211486816406 -51.51091384887695 0
vertex 23.365211486816406 -51.51091384887695 1.7000000476837158
endloop
endfacet
facet normal 0 0 -1
outer loop
vertex 23.047014236450195 -51.379112243652344 1.7000000476837158
vertex 22.949464797973633 -51.233123779296875 1.7000000476837158
vertex 23.047014236450195 -50.74271774291992 1.7000000476837158
endloop
endfacet
facet normal 0 0 -1
outer loop
vertex 22.949464797973633 -51.233123779296875 1.7000000476837158
vertex 22.915210723876953 -51.0609130859375 1.7000000476837158
vertex 22.949464797973633 -50.88870620727539 1.7000000476837158
endloop
endfacet
facet normal 0 0 -1
outer loop
vertex 23.047014236450195 -50.74271774291992 1.7000000476837158
vertex 22.949464797973633 -51.233123779296875 1.7000000476837158
vertex 22.949464797973633 -50.88870620727539 1.7000000476837158
endloop
endfacet
facet normal 0 0 -1
outer loop
vertex 23.193004608154297 -51.476661682128906 1.7000000476837158
vertex 23.047014236450195 -51.379112243652344 1.7000000476837158
vertex 23.193004608154297 -50.64516830444336 1.7000000476837158
endloop
endfacet
facet normal 0 0 -1
outer loop
vertex 23.365211486816406 -51.51091384887695 1.7000000476837158
vertex 23.193004608154297 -51.476661682128906 1.7000000476837158
vertex 23.365211486816406 -50.61091613769531 1.7000000476837158
endloop
endfacet
facet normal 0 0 -1
outer loop
vertex 23.193004608154297 -50.64516830444336 1.7000000476837158
vertex 23.047014236450195 -51.379112243652344 1.7000000476837158
vertex 23.047014236450195 -50.74271774291992 1.7000000476837158
endloop
endfacet
facet normal 0 0 -1
outer loop
vertex 23.365211486816406 -50.61091613769531 1.7000000476837158
vertex 23.193004608154297 -51.476661682128906 1.7000000476837158
vertex 23.193004608154297 -50.64516830444336 1.7000000476837158
endloop
endfacet
facet normal 0.8314615478636338 0.5555823021157262 0
outer loop
vertex 23.047014236450195 -51.379112243652344 1.7000000476837158
vertex 23.047014236450195 -51.379112243652344 0
vertex 22.949464797973633 -51.233123779296875 1.7000000476837158
endloop
endfacet
facet normal 0.1950798514286955 0.9807873630744628 0
outer loop
vertex 23.365211486816406 -51.51091384887695 1.7000000476837158
vertex 23.365211486816406 -51.51091384887695 0
vertex 23.193004608154297 -51.476661682128906 1.7000000476837158
endloop
endfacet
facet normal 0.5555772839934787 0.8314649009491799 0
outer loop
vertex 23.193004608154297 -51.476661682128906 1.7000000476837158
vertex 23.193004608154297 -51.476661682128906 0
vertex 23.047014236450195 -51.379112243652344 1.7000000476837158
endloop
endfacet
facet normal -0.9807852845629332 -0.19509030110388895 0
outer loop
vertex 23.78095817565918 -50.88870620727539 0
vertex 23.81521224975586 -51.0609130859375 0
vertex 23.81521224975586 -51.0609130859375 1.7000000476837158
endloop
endfacet
facet normal 0.9807861114401027 0.19508614406513386 0
outer loop
vertex 22.949464797973633 -51.233123779296875 1.7000000476837158
vertex 22.949464797973633 -51.233123779296875 0
vertex 22.915210723876953 -51.0609130859375 1.7000000476837158
endloop
endfacet
facet normal 0.9807852845629332 -0.19509030110388895 0
outer loop
vertex 22.915210723876953 -51.0609130859375 1.7000000476837158
vertex 22.915210723876953 -51.0609130859375 0
vertex 22.949464797973633 -50.88870620727539 1.7000000476837158
endloop
endfacet
facet normal 0.8314615478636338 -0.5555823021157262 0
outer loop
vertex 22.949464797973633 -50.88870620727539 1.7000000476837158
vertex 22.949464797973633 -50.88870620727539 0
vertex 23.047014236450195 -50.74271774291992 1.7000000476837158
endloop
endfacet
facet normal 0 0 -1
outer loop
vertex 23.537418365478516 -51.476661682128906 1.7000000476837158
vertex 23.365211486816406 -51.51091384887695 1.7000000476837158
vertex 23.537418365478516 -50.64516830444336 1.7000000476837158
endloop
endfacet
facet normal 0 0 -1
outer loop
vertex 23.537418365478516 -50.64516830444336 1.7000000476837158
vertex 23.365211486816406 -51.51091384887695 1.7000000476837158
vertex 23.365211486816406 -50.61091613769531 1.7000000476837158
endloop
endfacet
facet normal -0.1950798514286955 0.9807873630744628 0
outer loop
vertex 23.537418365478516 -51.476661682128906 1.7000000476837158
vertex 23.537418365478516 -51.476661682128906 0
vertex 23.365211486816406 -51.51091384887695 1.7000000476837158
endloop
endfacet
facet normal -0.8314615478636338 -0.5555823021157262 0
outer loop
vertex 23.78095817565918 -50.88870620727539 0
vertex 23.78095817565918 -50.88870620727539 1.7000000476837158
vertex 23.683408737182617 -50.74271774291992 0
endloop
endfacet
facet normal 0 0 -1
outer loop
vertex 23.537418365478516 -50.64516830444336 1.7000000476837158
vertex 23.683408737182617 -50.74271774291992 1.7000000476837158
vertex 23.537418365478516 -51.476661682128906 1.7000000476837158
endloop
endfacet
facet normal -0.8314615478636338 0.5555823021157262 0
outer loop
vertex 23.78095817565918 -51.233123779296875 1.7000000476837158
vertex 23.78095817565918 -51.233123779296875 0
vertex 23.683408737182617 -51.379112243652344 1.7000000476837158
endloop
endfacet
facet normal -0.9807861114401027 0.19508614406513386 0
outer loop
vertex 23.81521224975586 -51.0609130859375 1.7000000476837158
vertex 23.81521224975586 -51.0609130859375 0
vertex 23.78095817565918 -51.233123779296875 1.7000000476837158
endloop
endfacet
facet normal -0.8314615478636338 -0.5555823021157262 0
outer loop
vertex 23.683408737182617 -50.74271774291992 1.7000000476837158
vertex 23.683408737182617 -50.74271774291992 0
vertex 23.78095817565918 -50.88870620727539 1.7000000476837158
endloop
endfacet
facet normal -0.9807852845629332 -0.19509030110388895 0
outer loop
vertex 23.78095817565918 -50.88870620727539 1.7000000476837158
vertex 23.78095817565918 -50.88870620727539 0
vertex 23.81521224975586 -51.0609130859375 1.7000000476837158
endloop
endfacet
facet normal -0.1950798514286955 -0.9807873630744628 0
outer loop
vertex 23.365211486816406 -50.61091613769531 1.7000000476837158
vertex 23.365211486816406 -50.61091613769531 0
vertex 23.537418365478516 -50.64516830444336 1.7000000476837158
endloop
endfacet
facet normal -0.5555772839934787 -0.8314649009491799 0
outer loop
vertex 23.537418365478516 -50.64516830444336 1.7000000476837158
vertex 23.537418365478516 -50.64516830444336 0
vertex 23.683408737182617 -50.74271774291992 1.7000000476837158
endloop
endfacet
facet normal -0.1950798514286955 -0.9807873630744628 0
outer loop
vertex 23.537418365478516 -50.64516830444336 0
vertex 23.537418365478516 -50.64516830444336 1.7000000476837158
vertex 23.365211486816406 -50.61091613769531 0
endloop
endfacet
facet normal -0.5555772839934787 -0.8314649009491799 0
outer loop
vertex 23.537418365478516 -50.64516830444336 0
vertex 23.683408737182617 -50.74271774291992 0
vertex 23.683408737182617 -50.74271774291992 1.7000000476837158
endloop
endfacet
facet normal 0 0 -1
outer loop
vertex 23.683408737182617 -51.379112243652344 1.7000000476837158
vertex 23.537418365478516 -51.476661682128906 1.7000000476837158
vertex 23.683408737182617 -50.74271774291992 1.7000000476837158
endloop
endfacet
facet normal 0 0 -1
outer loop
vertex 23.78095817565918 -51.233123779296875 1.7000000476837158
vertex 23.683408737182617 -51.379112243652344 1.7000000476837158
vertex 23.78095817565918 -50.88870620727539 1.7000000476837158
endloop
endfacet
facet normal 0 0 -1
outer loop
vertex 23.78095817565918 -50.88870620727539 1.7000000476837158
vertex 23.683408737182617 -51.379112243652344 1.7000000476837158
vertex 23.683408737182617 -50.74271774291992 1.7000000476837158
endloop
endfacet
facet normal 0 0 -1
outer loop
vertex 23.81521224975586 -51.0609130859375 1.7000000476837158
vertex 23.78095817565918 -51.233123779296875 1.7000000476837158
vertex 23.78095817565918 -50.88870620727539 1.7000000476837158
endloop
endfacet
facet normal 0.5555772839934787 -0.8314649009491799 0
outer loop
vertex 23.047014236450195 -50.74271774291992 1.7000000476837158
vertex 23.047014236450195 -50.74271774291992 0
vertex 23.193004608154297 -50.64516830444336 1.7000000476837158
endloop
endfacet
facet normal 0.1950798514286955 -0.9807873630744628 0
outer loop
vertex 23.193004608154297 -50.64516830444336 1.7000000476837158
vertex 23.193004608154297 -50.64516830444336 0
vertex 23.365211486816406 -50.61091613769531 1.7000000476837158
endloop
endfacet
facet normal 0.1950798514286955 -0.9807873630744628 0
outer loop
vertex 23.365211486816406 -50.61091613769531 0
vertex 23.365211486816406 -50.61091613769531 1.7000000476837158
vertex 23.193004608154297 -50.64516830444336 0
endloop
endfacet
facet normal 0.8314615478636338 0.5555823021157262 0
outer loop
vertex 23.047014236450195 -51.379112243652344 0
vertex 22.949464797973633 -51.233123779296875 0
vertex 22.949464797973633 -51.233123779296875 1.7000000476837158
endloop
endfacet
facet normal 0.1950798514286955 0.9807873630744628 0
outer loop
vertex 23.365211486816406 -51.51091384887695 0
vertex 23.193004608154297 -51.476661682128906 0
vertex 23.193004608154297 -51.476661682128906 1.7000000476837158
endloop
endfacet
facet normal 0.5555772839934787 0.8314649009491799 0
outer loop
vertex 23.047014236450195 -51.379112243652344 0
vertex 23.047014236450195 -51.379112243652344 1.7000000476837158
vertex 23.193004608154297 -51.476661682128906 0
endloop
endfacet
facet normal 0.9807861114401027 0.19508614406513386 0
outer loop
vertex 22.915210723876953 -51.0609130859375 0
vertex 22.915210723876953 -51.0609130859375 1.7000000476837158
vertex 22.949464797973633 -51.233123779296875 0
endloop
endfacet
facet normal 0.9807852845629332 -0.19509030110388895 0
outer loop
vertex 22.949464797973633 -50.88870620727539 0
vertex 22.949464797973633 -50.88870620727539 1.7000000476837158
vertex 22.915210723876953 -51.0609130859375 0
endloop
endfacet
facet normal 0.5555772839934787 -0.8314649009491799 0
outer loop
vertex 23.193004608154297 -50.64516830444336 0
vertex 23.193004608154297 -50.64516830444336 1.7000000476837158
vertex 23.047014236450195 -50.74271774291992 0
endloop
endfacet
facet normal 0 0 -1
outer loop
vertex 23.047014236450195 -52.012718200683594 1.7000000476837158
vertex 22.949464797973633 -52.50312042236328 1.7000000476837158
vertex 22.949464797973633 -52.15870666503906 1.7000000476837158
endloop
endfacet
facet normal 0 0 -1
outer loop
vertex 23.365211486816406 -52.780914306640625 1.7000000476837158
vertex 23.193004608154297 -52.74666213989258 1.7000000476837158
vertex 23.365211486816406 -51.880916595458984 1.7000000476837158
endloop
endfacet
facet normal -0.5555772839934787 0.8314649009491799 0
outer loop
vertex 23.683408737182617 -52.649112701416016 1.7000000476837158
vertex 23.683408737182617 -52.649112701416016 0
vertex 23.537418365478516 -52.74666213989258 1.7000000476837158
endloop
endfacet
facet normal -0.8314682539438699 0.5555722659416437 0
outer loop
vertex 23.78095817565918 -52.50312042236328 1.7000000476837158
vertex 23.78095817565918 -52.50312042236328 0
vertex 23.683408737182617 -52.649112701416016 1.7000000476837158
endloop
endfacet
facet normal -0.9807852845629332 0.19509030110388895 0
outer loop
vertex 23.81521224975586 -52.33091354370117 1.7000000476837158
vertex 23.81521224975586 -52.33091354370117 0
vertex 23.78095817565918 -52.50312042236328 1.7000000476837158
endloop
endfacet
facet normal -0.9807852845629332 -0.19509030110388895 0
outer loop
vertex 23.78095817565918 -52.15870666503906 1.7000000476837158
vertex 23.78095817565918 -52.15870666503906 0
vertex 23.81521224975586 -52.33091354370117 1.7000000476837158
endloop
endfacet
facet normal -0.1950798514286955 -0.9807873630744628 0
outer loop
vertex 23.365211486816406 -51.880916595458984 1.7000000476837158
vertex 23.365211486816406 -51.880916595458984 0
vertex 23.537418365478516 -51.91516876220703 1.7000000476837158
endloop
endfacet
facet normal -0.5555772839934787 -0.8314649009491799 0
outer loop
vertex 23.537418365478516 -51.91516876220703 1.7000000476837158
vertex 23.537418365478516 -51.91516876220703 0
vertex 23.683408737182617 -52.012718200683594 1.7000000476837158
endloop
endfacet
facet normal -0.8314615478636338 -0.5555823021157262 0
outer loop
vertex 23.683408737182617 -52.012718200683594 1.7000000476837158
vertex 23.683408737182617 -52.012718200683594 0
vertex 23.78095817565918 -52.15870666503906 1.7000000476837158
endloop
endfacet
facet normal 0.1950798514286955 -0.9807873630744628 0
outer loop
vertex 23.365211486816406 -51.880916595458984 0
vertex 23.365211486816406 -51.880916595458984 1.7000000476837158
vertex 23.193004608154297 -51.91516876220703 0
endloop
endfacet
facet normal 0.5555772839934787 -0.8314649009491799 0
outer loop
vertex 23.193004608154297 -51.91516876220703 0
vertex 23.193004608154297 -51.91516876220703 1.7000000476837158
vertex 23.047014236450195 -52.012718200683594 0
endloop
endfacet
facet normal 0 0 -1
outer loop
vertex 23.537418365478516 -51.91516876220703 1.7000000476837158
vertex 23.365211486816406 -52.780914306640625 1.7000000476837158
vertex 23.365211486816406 -51.880916595458984 1.7000000476837158
endloop
endfacet
facet normal 0 0 -1
outer loop
vertex 23.81521224975586 -52.33091354370117 1.7000000476837158
vertex 23.78095817565918 -52.50312042236328 1.7000000476837158
vertex 23.78095817565918 -52.15870666503906 1.7000000476837158
endloop
endfacet
facet normal 0 0 -1
outer loop
vertex 23.78095817565918 -52.15870666503906 1.7000000476837158
vertex 23.683408737182617 -52.649112701416016 1.7000000476837158
vertex 23.683408737182617 -52.012718200683594 1.7000000476837158
endloop
endfacet
facet normal 0 0 -1
outer loop
vertex 23.78095817565918 -52.50312042236328 1.7000000476837158
vertex 23.683408737182617 -52.649112701416016 1.7000000476837158
vertex 23.78095817565918 -52.15870666503906 1.7000000476837158
endloop
endfacet
facet normal 0.8314615478636338 -0.5555823021157262 0
outer loop
vertex 23.047014236450195 -52.012718200683594 0
vertex 23.047014236450195 -52.012718200683594 1.7000000476837158
vertex 22.949464797973633 -52.15870666503906 0
endloop
endfacet
facet normal 0.5555772839934787 0.8314649009491799 0
outer loop
vertex 23.047014236450195 -52.649112701416016 0
vertex 23.047014236450195 -52.649112701416016 1.7000000476837158
vertex 23.193004608154297 -52.74666213989258 0
endloop
endfacet
facet normal 0.9807852845629332 -0.19509030110388895 0
outer loop
vertex 22.949464797973633 -52.15870666503906 0
vertex 22.949464797973633 -52.15870666503906 1.7000000476837158
vertex 22.915210723876953 -52.33091354370117 0
endloop
endfacet
facet normal 0 0 -1
outer loop
vertex 23.683408737182617 -52.649112701416016 1.7000000476837158
vertex 23.537418365478516 -52.74666213989258 1.7000000476837158
vertex 23.683408737182617 -52.012718200683594 1.7000000476837158
endloop
endfacet
facet normal 0 0 -1
outer loop
vertex 23.537418365478516 -51.91516876220703 1.7000000476837158
vertex 23.683408737182617 -52.012718200683594 1.7000000476837158
vertex 23.537418365478516 -52.74666213989258 1.7000000476837158
endloop
endfacet
facet normal 0 0 -1
outer loop
vertex 23.537418365478516 -52.74666213989258 1.7000000476837158
vertex 23.365211486816406 -52.780914306640625 1.7000000476837158
vertex 23.537418365478516 -51.91516876220703 1.7000000476837158
endloop
endfacet
facet normal 0.5555772839934787 0.8314649009491799 0
outer loop
vertex 23.193004608154297 -52.74666213989258 1.7000000476837158
vertex 23.193004608154297 -52.74666213989258 0
vertex 23.047014236450195 -52.649112701416016 1.7000000476837158
endloop
endfacet
facet normal 0.1950798514286955 0.9807873630744628 0
outer loop
vertex 23.365211486816406 -52.780914306640625 1.7000000476837158
vertex 23.365211486816406 -52.780914306640625 0
vertex 23.193004608154297 -52.74666213989258 1.7000000476837158
endloop
endfacet
facet normal 0.9807852845629332 0.19509030110388895 0
outer loop
vertex 22.915210723876953 -52.33091354370117 0
vertex 22.915210723876953 -52.33091354370117 1.7000000476837158
vertex 22.949464797973633 -52.50312042236328 0
endloop
endfacet
facet normal 0.8314682539438699 0.5555722659416437 0
outer loop
vertex 23.047014236450195 -52.649112701416016 1.7000000476837158
vertex 23.047014236450195 -52.649112701416016 0
vertex 22.949464797973633 -52.50312042236328 1.7000000476837158
endloop
endfacet
facet normal 0.9807852845629332 0.19509030110388895 0
outer loop
vertex 22.949464797973633 -52.50312042236328 1.7000000476837158
vertex 22.949464797973633 -52.50312042236328 0
vertex 22.915210723876953 -52.33091354370117 1.7000000476837158
endloop
endfacet
facet normal 0 0 -1
outer loop
vertex 23.047014236450195 -52.649112701416016 1.7000000476837158
vertex 22.949464797973633 -52.50312042236328 1.7000000476837158
vertex 23.047014236450195 -52.012718200683594 1.7000000476837158
endloop
endfacet
facet normal 0 0 -1
outer loop
vertex 22.949464797973633 -52.50312042236328 1.7000000476837158
vertex 22.915210723876953 -52.33091354370117 1.7000000476837158
vertex 22.949464797973633 -52.15870666503906 1.7000000476837158
endloop
endfacet
facet normal 0.8314682539438699 0.5555722659416437 0
outer loop
vertex 23.047014236450195 -52.649112701416016 0
vertex 22.949464797973633 -52.50312042236328 0
vertex 22.949464797973633 -52.50312042236328 1.7000000476837158
endloop
endfacet
facet normal 0.1950798514286955 0.9807873630744628 0
outer loop
vertex 23.365211486816406 -52.780914306640625 0
vertex 23.193004608154297 -52.74666213989258 0
vertex 23.193004608154297 -52.74666213989258 1.7000000476837158
endloop
endfacet
facet normal -0.1950798514286955 0.9807873630744628 0
outer loop
vertex 23.537418365478516 -52.74666213989258 0
vertex 23.365211486816406 -52.780914306640625 0
vertex 23.365211486816406 -52.780914306640625 1.7000000476837158
endloop
endfacet
facet normal 0.1950798514286955 -0.9807873630744628 0
outer loop
vertex 23.193004608154297 -51.91516876220703 1.7000000476837158
vertex 23.193004608154297 -51.91516876220703 0
vertex 23.365211486816406 -51.880916595458984 1.7000000476837158
endloop
endfacet
facet normal 0.5555772839934787 -0.8314649009491799 0
outer loop
vertex 23.047014236450195 -52.012718200683594 1.7000000476837158
vertex 23.047014236450195 -52.012718200683594 0
vertex 23.193004608154297 -51.91516876220703 1.7000000476837158
endloop
endfacet
facet normal 0.8314615478636338 -0.5555823021157262 0
outer loop
vertex 22.949464797973633 -52.15870666503906 1.7000000476837158
vertex 22.949464797973633 -52.15870666503906 0
vertex 23.047014236450195 -52.012718200683594 1.7000000476837158
endloop
endfacet
facet normal 0.9807852845629332 -0.19509030110388895 0
outer loop
vertex 22.915210723876953 -52.33091354370117 1.7000000476837158
vertex 22.915210723876953 -52.33091354370117 0
vertex 22.949464797973633 -52.15870666503906 1.7000000476837158
endloop
endfacet
facet normal -0.5555772839934787 0.8314649009491799 0
outer loop
vertex 23.683408737182617 -52.649112701416016 0
vertex 23.537418365478516 -52.74666213989258 0
vertex 23.537418365478516 -52.74666213989258 1.7000000476837158
endloop
endfacet
facet normal -0.8314682539438699 0.5555722659416437 0
outer loop
vertex 23.78095817565918 -52.50312042236328 0
vertex 23.683408737182617 -52.649112701416016 0
vertex 23.683408737182617 -52.649112701416016 1.7000000476837158
endloop
endfacet
facet normal -0.9807852845629332 0.19509030110388895 0
outer loop
vertex 23.81521224975586 -52.33091354370117 0
vertex 23.78095817565918 -52.50312042236328 0
vertex 23.78095817565918 -52.50312042236328 1.7000000476837158
endloop
endfacet
facet normal -0.9807852845629332 -0.19509030110388895 0
outer loop
vertex 23.78095817565918 -52.15870666503906 0
vertex 23.81521224975586 -52.33091354370117 0
vertex 23.81521224975586 -52.33091354370117 1.7000000476837158
endloop
endfacet
facet normal -0.1950798514286955 -0.9807873630744628 0
outer loop
vertex 23.537418365478516 -51.91516876220703 0
vertex 23.537418365478516 -51.91516876220703 1.7000000476837158
vertex 23.365211486816406 -51.880916595458984 0
endloop
endfacet
facet normal -0.8314615478636338 -0.5555823021157262 0
outer loop
vertex 23.78095817565918 -52.15870666503906 0
vertex 23.78095817565918 -52.15870666503906 1.7000000476837158
vertex 23.683408737182617 -52.012718200683594 0
endloop
endfacet
facet normal -0.5555772839934787 -0.8314649009491799 0
outer loop
vertex 23.683408737182617 -52.012718200683594 0
vertex 23.683408737182617 -52.012718200683594 1.7000000476837158
vertex 23.537418365478516 -51.91516876220703 0
endloop
endfacet
facet normal 0 0 -1
outer loop
vertex 23.365211486816406 -51.880916595458984 1.7000000476837158
vertex 23.193004608154297 -52.74666213989258 1.7000000476837158
vertex 23.193004608154297 -51.91516876220703 1.7000000476837158
endloop
endfacet
facet normal 0 0 -1
outer loop
vertex 23.193004608154297 -51.91516876220703 1.7000000476837158
vertex 23.047014236450195 -52.649112701416016 1.7000000476837158
vertex 23.047014236450195 -52.012718200683594 1.7000000476837158
endloop
endfacet
facet normal 0 0 -1
outer loop
vertex 23.193004608154297 -52.74666213989258 1.7000000476837158
vertex 23.047014236450195 -52.649112701416016 1.7000000476837158
vertex 23.193004608154297 -51.91516876220703 1.7000000476837158
endloop
endfacet
facet normal -0.1950798514286955 0.9807873630744628 0
outer loop
vertex 23.537418365478516 -52.74666213989258 1.7000000476837158
vertex 23.537418365478516 -52.74666213989258 0
vertex 23.365211486816406 -52.780914306640625 1.7000000476837158
endloop
endfacet
facet normal 0 0 -1
outer loop
vertex 23.537418365478516 -53.1851692199707 1.7000000476837158
vertex 23.683408737182617 -53.28271484375 1.7000000476837158
vertex 23.537418365478516 -54.016658782958984 1.7000000476837158
endloop
endfacet
facet normal 0.5555622638012966 0.8314749371087372 0
outer loop
vertex 23.047014236450195 -53.91911315917969 0
vertex 23.047014236450195 -53.91911315917969 1.7000000476837158
vertex 23.193004608154297 -54.016658782958984 0
endloop
endfacet
facet normal 0 0 -1
outer loop
vertex 23.683408737182617 -53.91911315917969 1.7000000476837158
vertex 23.537418365478516 -54.016658782958984 1.7000000476837158
vertex 23.683408737182617 -53.28271484375 1.7000000476837158
endloop
endfacet
facet normal 0 0 -1
outer loop
vertex 23.365211486816406 -53.15091323852539 1.7000000476837158
vertex 23.193004608154297 -54.016658782958984 1.7000000476837158
vertex 23.193004608154297 -53.1851692199707 1.7000000476837158
endloop
endfacet
facet normal 0 0 -1
outer loop
vertex 23.193004608154297 -53.1851692199707 1.7000000476837158
vertex 23.047014236450195 -53.91911315917969 1.7000000476837158
vertex 23.047014236450195 -53.28271484375 1.7000000476837158
endloop
endfacet
facet normal 0 0 -1
outer loop
vertex 23.047014236450195 -53.28271484375 1.7000000476837158
vertex 22.949464797973633 -53.77312088012695 1.7000000476837158
vertex 22.949464797973633 -53.428707122802734 1.7000000476837158
endloop
endfacet
facet normal 0 0 -1
outer loop
vertex 22.949464797973633 -53.77312088012695 1.7000000476837158
vertex 22.915210723876953 -53.600914001464844 1.7000000476837158
vertex 22.949464797973633 -53.428707122802734 1.7000000476837158
endloop
endfacet
facet normal 0 0 -1
outer loop
vertex 23.047014236450195 -53.91911315917969 1.7000000476837158
vertex 22.949464797973633 -53.77312088012695 1.7000000476837158
vertex 23.047014236450195 -53.28271484375 1.7000000476837158
endloop
endfacet
facet normal 0 0 -1
outer loop
vertex 23.365211486816406 -54.0509147644043 1.7000000476837158
vertex 23.193004608154297 -54.016658782958984 1.7000000476837158
vertex 23.365211486816406 -53.15091323852539 1.7000000476837158
endloop
endfacet
facet normal 0 0 -1
outer loop
vertex 23.193004608154297 -54.016658782958984 1.7000000476837158
vertex 23.047014236450195 -53.91911315917969 1.7000000476837158
vertex 23.193004608154297 -53.1851692199707 1.7000000476837158
endloop
endfacet
facet normal 0 0 -1
outer loop
vertex 23.78095817565918 -53.77312088012695 1.7000000476837158
vertex 23.683408737182617 -53.91911315917969 1.7000000476837158
vertex 23.78095817565918 -53.428707122802734 1.7000000476837158
endloop
endfacet
facet normal 0 0 -1
outer loop
vertex 23.537418365478516 -53.1851692199707 1.7000000476837158
vertex 23.365211486816406 -54.0509147644043 1.7000000476837158
vertex 23.365211486816406 -53.15091323852539 1.7000000476837158
endloop
endfacet
facet normal 0 0 -1
outer loop
vertex 23.78095817565918 -53.428707122802734 1.7000000476837158
vertex 23.683408737182617 -53.91911315917969 1.7000000476837158
vertex 23.683408737182617 -53.28271484375 1.7000000476837158
endloop
endfacet
facet normal 0 0 -1
outer loop
vertex 23.81521224975586 -53.600914001464844 1.7000000476837158
vertex 23.78095817565918 -53.77312088012695 1.7000000476837158
vertex 23.78095817565918 -53.428707122802734 1.7000000476837158
endloop
endfacet
facet normal 0.1951007507126451 -0.9807832059488795 0
outer loop
vertex 23.193004608154297 -53.1851692199707 1.7000000476837158
vertex 23.193004608154297 -53.1851692199707 0
vertex 23.365211486816406 -53.15091323852539 1.7000000476837158
endloop
endfacet
facet normal 0.5555622638012966 -0.8314749371087372 0
outer loop
vertex 23.047014236450195 -53.28271484375 1.7000000476837158
vertex 23.047014236450195 -53.28271484375 0
vertex 23.193004608154297 -53.1851692199707 1.7000000476837158
endloop
endfacet
facet normal 0.8314682539438699 -0.5555722659416437 0
outer loop
vertex 22.949464797973633 -53.428707122802734 1.7000000476837158
vertex 22.949464797973633 -53.428707122802734 0
vertex 23.047014236450195 -53.28271484375 1.7000000476837158
endloop
endfacet
facet normal 0.9807852845629332 -0.19509030110388895 0
outer loop
vertex 22.915210723876953 -53.600914001464844 1.7000000476837158
vertex 22.915210723876953 -53.600914001464844 0
vertex 22.949464797973633 -53.428707122802734 1.7000000476837158
endloop
endfacet
facet normal 0.1951007507126451 0.9807832059488795 0
outer loop
vertex 23.365211486816406 -54.0509147644043 1.7000000476837158
vertex 23.365211486816406 -54.0509147644043 0
vertex 23.193004608154297 -54.016658782958984 1.7000000476837158
endloop
endfacet
facet normal 0.5555622638012966 0.8314749371087372 0
outer loop
vertex 23.193004608154297 -54.016658782958984 1.7000000476837158
vertex 23.193004608154297 -54.016658782958984 0
vertex 23.047014236450195 -53.91911315917969 1.7000000476837158
endloop
endfacet
facet normal 0.9807852845629332 0.19509030110388895 0
outer loop
vertex 22.949464797973633 -53.77312088012695 1.7000000476837158
vertex 22.949464797973633 -53.77312088012695 0
vertex 22.915210723876953 -53.600914001464844 1.7000000476837158
endloop
endfacet
facet normal 0.8314682539438699 0.5555722659416437 0
outer loop
vertex 23.047014236450195 -53.91911315917969 1.7000000476837158
vertex 23.047014236450195 -53.91911315917969 0
vertex 22.949464797973633 -53.77312088012695 1.7000000476837158
endloop
endfacet
facet normal 0.8314682539438699 0.5555722659416437 0
outer loop
vertex 23.047014236450195 -53.91911315917969 0
vertex 22.949464797973633 -53.77312088012695 0
vertex 22.949464797973633 -53.77312088012695 1.7000000476837158
endloop
endfacet
facet normal -0.1951007507126451 0.9807832059488795 0
outer loop
vertex 23.537418365478516 -54.016658782958984 1.7000000476837158
vertex 23.537418365478516 -54.016658782958984 0
vertex 23.365211486816406 -54.0509147644043 1.7000000476837158
endloop
endfacet
facet normal -0.5555622638012966 0.8314749371087372 0
outer loop
vertex 23.683408737182617 -53.91911315917969 1.7000000476837158
vertex 23.683408737182617 -53.91911315917969 0
vertex 23.537418365478516 -54.016658782958984 1.7000000476837158
endloop
endfacet
facet normal -0.8314682539438699 0.5555722659416437 0
outer loop
vertex 23.78095817565918 -53.77312088012695 1.7000000476837158
vertex 23.78095817565918 -53.77312088012695 0
vertex 23.683408737182617 -53.91911315917969 1.7000000476837158
endloop
endfacet
facet normal -0.5555622638012966 -0.8314749371087372 0
outer loop
vertex 23.537418365478516 -53.1851692199707 1.7000000476837158
vertex 23.537418365478516 -53.1851692199707 0
vertex 23.683408737182617 -53.28271484375 1.7000000476837158
endloop
endfacet
facet normal -0.9807852845629332 0.19509030110388895 0
outer loop
vertex 23.81521224975586 -53.600914001464844 1.7000000476837158
vertex 23.81521224975586 -53.600914001464844 0
vertex 23.78095817565918 -53.77312088012695 1.7000000476837158
endloop
endfacet
facet normal -0.9807852845629332 -0.19509030110388895 0
outer loop
vertex 23.78095817565918 -53.428707122802734 1.7000000476837158
vertex 23.78095817565918 -53.428707122802734 0
vertex 23.81521224975586 -53.600914001464844 1.7000000476837158
endloop
endfacet
facet normal -0.8314682539438699 -0.5555722659416437 0
outer loop
vertex 23.683408737182617 -53.28271484375 1.7000000476837158
vertex 23.683408737182617 -53.28271484375 0
vertex 23.78095817565918 -53.428707122802734 1.7000000476837158
endloop
endfacet
facet normal -0.1951007507126451 -0.9807832059488795 0
outer loop
vertex 23.365211486816406 -53.15091323852539 1.7000000476837158
vertex 23.365211486816406 -53.15091323852539 0
vertex 23.537418365478516 -53.1851692199707 1.7000000476837158
endloop
endfacet
facet normal -0.1951007507126451 0.9807832059488795 0
outer loop
vertex 23.537418365478516 -54.016658782958984 0
vertex 23.365211486816406 -54.0509147644043 0
vertex 23.365211486816406 -54.0509147644043 1.7000000476837158
endloop
endfacet
facet normal -0.5555622638012966 0.8314749371087372 0
outer loop
vertex 23.683408737182617 -53.91911315917969 0
vertex 23.537418365478516 -54.016658782958984 0
vertex 23.537418365478516 -54.016658782958984 1.7000000476837158
endloop
endfacet
facet normal -0.8314682539438699 0.5555722659416437 0
outer loop
vertex 23.78095817565918 -53.77312088012695 0
vertex 23.683408737182617 -53.91911315917969 0
vertex 23.683408737182617 -53.91911315917969 1.7000000476837158
endloop
endfacet
facet normal -0.9807852845629332 0.19509030110388895 0
outer loop
vertex 23.81521224975586 -53.600914001464844 0
vertex 23.78095817565918 -53.77312088012695 0
vertex 23.78095817565918 -53.77312088012695 1.7000000476837158
endloop
endfacet
facet normal -0.9807852845629332 -0.19509030110388895 0
outer loop
vertex 23.78095817565918 -53.428707122802734 0
vertex 23.81521224975586 -53.600914001464844 0
vertex 23.81521224975586 -53.600914001464844 1.7000000476837158
endloop
endfacet
facet normal -0.8314682539438699 -0.5555722659416437 0
outer loop
vertex 23.78095817565918 -53.428707122802734 0
vertex 23.78095817565918 -53.428707122802734 1.7000000476837158
vertex 23.683408737182617 -53.28271484375 0
endloop
endfacet
facet normal -0.5555622638012966 -0.8314749371087372 0
outer loop
vertex 23.537418365478516 -53.1851692199707 0
vertex 23.683408737182617 -53.28271484375 0
vertex 23.683408737182617 -53.28271484375 1.7000000476837158
endloop
endfacet
facet normal -0.1951007507126451 -0.9807832059488795 0
outer loop
vertex 23.537418365478516 -53.1851692199707 0
vertex 23.537418365478516 -53.1851692199707 1.7000000476837158
vertex 23.365211486816406 -53.15091323852539 0
endloop
endfacet
facet normal 0.1951007507126451 -0.9807832059488795 0
outer loop
vertex 23.365211486816406 -53.15091323852539 0
vertex 23.365211486816406 -53.15091323852539 1.7000000476837158
vertex 23.193004608154297 -53.1851692199707 0
endloop
endfacet
facet normal 0.5555622638012966 -0.8314749371087372 0
outer loop
vertex 23.193004608154297 -53.1851692199707 0
vertex 23.193004608154297 -53.1851692199707 1.7000000476837158
vertex 23.047014236450195 -53.28271484375 0
endloop
endfacet
facet normal 0.8314682539438699 -0.5555722659416437 0
outer loop
vertex 23.047014236450195 -53.28271484375 0
vertex 23.047014236450195 -53.28271484375 1.7000000476837158
vertex 22.949464797973633 -53.428707122802734 0
endloop
endfacet
facet normal 0.9807852845629332 -0.19509030110388895 0
outer loop
vertex 22.949464797973633 -53.428707122802734 0
vertex 22.949464797973633 -53.428707122802734 1.7000000476837158
vertex 22.915210723876953 -53.600914001464844 0
endloop
endfacet
facet normal 0.9807852845629332 0.19509030110388895 0
outer loop
vertex 22.915210723876953 -53.600914001464844 0
vertex 22.915210723876953 -53.600914001464844 1.7000000476837158
vertex 22.949464797973633 -53.77312088012695 0
endloop
endfacet
facet normal 0.1951007507126451 0.9807832059488795 0
outer loop
vertex 23.365211486816406 -54.0509147644043 0
vertex 23.193004608154297 -54.016658782958984 0
vertex 23.193004608154297 -54.016658782958984 1.7000000476837158
endloop
endfacet
facet normal 0 0 -1
outer loop
vertex 23.537418365478516 -54.016658782958984 1.7000000476837158
vertex 23.365211486816406 -54.0509147644043 1.7000000476837158
vertex 23.537418365478516 -53.1851692199707 1.7000000476837158
endloop
endfacet
facet normal 0 0 -1
outer loop
vertex -74.13661193847656 -15.016860008239746 0
vertex -37.5110969543457 -39.95368194580078 0
vertex -74.3344497680664 -16.877975463867188 0
endloop
endfacet
facet normal 0 0 1
outer loop
vertex 11.39242172241211 -25.69775390625 2.200000047683716
vertex 26.853904724121094 -22.971477508544922 2.200000047683716
vertex 11.166679382324219 -24.417505264282227 2.200000047683716
endloop
endfacet
facet normal 0 0 -1
outer loop
vertex 23.683408737182617 -53.28271484375 0
vertex 23.537418365478516 -53.1851692199707 0
vertex 23.537418365478516 -52.74666213989258 0
endloop
endfacet
facet normal 0 0 -1
outer loop
vertex 23.537418365478516 -52.74666213989258 0
vertex 23.537418365478516 -53.1851692199707 0
vertex 23.365211486816406 -52.780914306640625 0
endloop
endfacet
facet normal 0 0 -1
outer loop
vertex 23.683408737182617 -53.28271484375 0
vertex 23.683408737182617 -52.649112701416016 0
vertex 23.78095817565918 -53.428707122802734 0
endloop
endfacet
facet normal 0 0 -1
outer loop
vertex 23.683408737182617 -52.649112701416016 0
vertex 23.683408737182617 -53.28271484375 0
vertex 23.537418365478516 -52.74666213989258 0
endloop
endfacet
facet normal 0 0 -1
outer loop
vertex 23.78095817565918 -53.428707122802734 0
vertex 23.683408737182617 -52.649112701416016 0
vertex 23.78095817565918 -52.50312042236328 0
endloop
endfacet
facet normal 0 0 -1
outer loop
vertex 23.365211486816406 -51.880916595458984 0
vertex 23.365211486816406 -51.51091384887695 0
vertex 23.537418365478516 -51.91516876220703 0
endloop
endfacet
facet normal 0 0 -1
outer loop
vertex 23.537418365478516 -51.91516876220703 0
vertex 23.537418365478516 -51.476661682128906 0
vertex 23.683408737182617 -52.012718200683594 0
endloop
endfacet
facet normal 0 0 -1
outer loop
vertex 23.683408737182617 -52.012718200683594 0
vertex 23.683408737182617 -51.379112243652344 0
vertex 23.78095817565918 -52.15870666503906 0
endloop
endfacet
facet normal 0 0 -1
outer loop
vertex 23.537418365478516 -51.476661682128906 0
vertex 23.537418365478516 -51.91516876220703 0
vertex 23.365211486816406 -51.51091384887695 0
endloop
endfacet
facet normal 0 0 -1
outer loop
vertex 23.683408737182617 -51.379112243652344 0
vertex 23.683408737182617 -52.012718200683594 0
vertex 23.537418365478516 -51.476661682128906 0
endloop
endfacet
facet normal 0 0 -1
outer loop
vertex 23.78095817565918 -52.15870666503906 0
vertex 23.683408737182617 -51.379112243652344 0
vertex 23.78095817565918 -51.233123779296875 0
endloop
endfacet
facet normal 0 0 -1
outer loop
vertex 48.67860794067383 -55.478267669677734 0
vertex 6.53745698928833 -54.016658782958984 0
vertex 23.365211486816406 -54.0509147644043 0
endloop
endfacet
facet normal 0 0 -1
outer loop
vertex 23.365211486816406 -50.61091613769531 0
vertex 23.365211486816406 -50.24091339111328 0
vertex 23.537418365478516 -50.64516830444336 0
endloop
endfacet
facet normal 0 0 -1
outer loop
vertex 23.683408737182617 -50.74271774291992 0
vertex 23.537418365478516 -50.64516830444336 0
vertex 23.537418365478516 -50.206661224365234 0
endloop
endfacet
facet normal 0 0 -1
outer loop
vertex 23.537418365478516 -50.206661224365234 0
vertex 23.537418365478516 -50.64516830444336 0
vertex 23.365211486816406 -50.24091339111328 0
endloop
endfacet
facet normal 0 0 -1
outer loop
vertex 23.683408737182617 -50.74271774291992 0
vertex 23.683408737182617 -50.10911178588867 0
vertex 23.78095817565918 -50.88870620727539 0
endloop
endfacet
facet normal 0 0 -1
outer loop
vertex 23.683408737182617 -50.10911178588867 0
vertex 23.683408737182617 -50.74271774291992 0
vertex 23.537418365478516 -50.206661224365234 0
endloop
endfacet
facet normal 0 0 -1
outer loop
vertex 23.78095817565918 -50.88870620727539 0
vertex 23.683408737182617 -50.10911178588867 0
vertex 23.78095817565918 -49.9631233215332 0
endloop
endfacet
facet normal 0 0 -1
outer loop
vertex 23.537418365478516 -49.37516784667969 0
vertex 23.537418365478516 -48.93666076660156 0
vertex 23.683408737182617 -49.47271728515625 0
endloop
endfacet
facet normal 0 0 -1
outer loop
vertex 23.78095817565918 -49.61870574951172 0
vertex 23.683408737182617 -49.47271728515625 0
vertex 23.683408737182617 -48.839111328125 0
endloop
endfacet
facet normal 0 0 -1
outer loop
vertex 23.365211486816406 -49.34091567993164 0
vertex 23.365211486816406 -48.97091293334961 0
vertex 23.537418365478516 -49.37516784667969 0
endloop
endfacet
facet normal 0 0 -1
outer loop
vertex 23.537418365478516 -48.93666076660156 0
vertex 23.537418365478516 -49.37516784667969 0
vertex 23.365211486816406 -48.97091293334961 0
endloop
endfacet
facet normal 0 0 -1
outer loop
vertex 23.683408737182617 -48.839111328125 0
vertex 23.683408737182617 -49.47271728515625 0
vertex 23.537418365478516 -48.93666076660156 0
endloop
endfacet
facet normal 0 0 -1
outer loop
vertex 23.78095817565918 -49.61870574951172 0
vertex 23.683408737182617 -48.839111328125 0
vertex 23.78095817565918 -48.69312286376953 0
endloop
endfacet
facet normal 0 0 -1
outer loop
vertex 23.365211486816406 -48.07091522216797 0
vertex 23.365211486816406 -47.7009162902832 0
vertex 23.537418365478516 -48.105167388916016 0
endloop
endfacet
facet normal 0 0 -1
outer loop
vertex 23.537418365478516 -48.105167388916016 0
vertex 23.537418365478516 -47.66666030883789 0
vertex 23.683408737182617 -48.20271682739258 0
endloop
endfacet
facet normal 0 0 -1
outer loop
vertex 23.537418365478516 -47.66666030883789 0
vertex 23.537418365478516 -48.105167388916016 0
vertex 23.365211486816406 -47.7009162902832 0
endloop
endfacet
facet normal 0 0 -1
outer loop
vertex 23.78095817565918 -48.34870529174805 0
vertex 23.683408737182617 -48.20271682739258 0
vertex 23.683408737182617 -47.569114685058594 0
endloop
endfacet
facet normal 0 0 -1
outer loop
vertex 23.683408737182617 -47.569114685058594 0
vertex 23.683408737182617 -48.20271682739258 0
vertex 23.537418365478516 -47.66666030883789 0
endloop
endfacet
facet normal 0 0 -1
outer loop
vertex 23.78095817565918 -48.34870529174805 0
vertex 23.683408737182617 -47.569114685058594 0
vertex 23.78095817565918 -47.42312240600586 0
endloop
endfacet
facet normal 0 0 -1
outer loop
vertex 48.67860794067383 -55.478267669677734 0
vertex 23.365211486816406 -54.0509147644043 0
vertex 23.537418365478516 -54.016658782958984 0
endloop
endfacet
facet normal 0 0 -1
outer loop
vertex 48.67860794067383 -55.478267669677734 0
vertex 23.537418365478516 -54.016658782958984 0
vertex 23.683408737182617 -53.91911315917969 0
endloop
endfacet
facet normal 0 0 -1
outer loop
vertex 48.67860794067383 -55.478267669677734 0
vertex 23.683408737182617 -53.91911315917969 0
vertex 23.78095817565918 -53.77312088012695 0
endloop
endfacet
facet normal 0 0 -1
outer loop
vertex 48.67860794067383 -55.478267669677734 0
vertex 23.78095817565918 -53.77312088012695 0
vertex 23.81521224975586 -53.600914001464844 0
endloop
endfacet
facet normal 0 0 -1
outer loop
vertex 48.67860794067383 -55.478267669677734 0
vertex 23.81521224975586 -53.600914001464844 0
vertex 23.78095817565918 -53.428707122802734 0
endloop
endfacet
facet normal 0 0 -1
outer loop
vertex 48.67860794067383 -55.478267669677734 0
vertex 23.78095817565918 -53.428707122802734 0
vertex 23.78095817565918 -52.50312042236328 0
endloop
endfacet
facet normal 0 0 -1
outer loop
vertex 48.67860794067383 -55.478267669677734 0
vertex 23.78095817565918 -52.50312042236328 0
vertex 23.81521224975586 -52.33091354370117 0
endloop
endfacet
facet normal 0 0 -1
outer loop
vertex 48.67860794067383 -55.478267669677734 0
vertex 23.81521224975586 -52.33091354370117 0
vertex 23.78095817565918 -52.15870666503906 0
endloop
endfacet
facet normal 0 0 -1
outer loop
vertex 48.67860794067383 -55.478267669677734 0
vertex 23.78095817565918 -52.15870666503906 0
vertex 23.78095817565918 -51.233123779296875 0
endloop
endfacet
facet normal 0 0 -1
outer loop
vertex 48.67860794067383 -55.478267669677734 0
vertex 23.78095817565918 -51.233123779296875 0
vertex 23.81521224975586 -51.0609130859375 0
endloop
endfacet
facet normal 0 0 -1
outer loop
vertex 48.67860794067383 -55.478267669677734 0
vertex 23.81521224975586 -51.0609130859375 0
vertex 23.78095817565918 -50.88870620727539 0
endloop
endfacet
facet normal 0 0 -1
outer loop
vertex 48.67860794067383 -55.478267669677734 0
vertex 23.78095817565918 -50.88870620727539 0
vertex 23.78095817565918 -49.9631233215332 0
endloop
endfacet
facet normal 0 0 -1
outer loop
vertex 48.67860794067383 -55.478267669677734 0
vertex 23.78095817565918 -49.9631233215332 0
vertex 23.81521224975586 -49.790916442871094 0
endloop
endfacet
facet normal 0 0 -1
outer loop
vertex 48.67860794067383 -55.478267669677734 0
vertex 23.81521224975586 -49.790916442871094 0
vertex 23.78095817565918 -49.61870574951172 0
endloop
endfacet
facet normal 0 0 -1
outer loop
vertex 48.67860794067383 -55.478267669677734 0
vertex 23.78095817565918 -49.61870574951172 0
vertex 23.78095817565918 -48.69312286376953 0
endloop
endfacet
facet normal 0 0 -1
outer loop
vertex 48.67860794067383 -55.478267669677734 0
vertex 23.78095817565918 -48.69312286376953 0
vertex 23.81521224975586 -48.52091598510742 0
endloop
endfacet
facet normal 0 0 -1
outer loop
vertex 48.67860794067383 -55.478267669677734 0
vertex 23.81521224975586 -48.52091598510742 0
vertex 23.78095817565918 -48.34870529174805 0
endloop
endfacet
facet normal 0 0 -1
outer loop
vertex 48.67860794067383 -55.478267669677734 0
vertex 23.78095817565918 -48.34870529174805 0
vertex 23.78095817565918 -47.42312240600586 0
endloop
endfacet
facet normal 0 0 -1
outer loop
vertex 48.67860794067383 -55.478267669677734 0
vertex 23.78095817565918 -47.42312240600586 0
vertex 23.81521224975586 -47.25091552734375 0
endloop
endfacet
facet normal 0 0 -1
outer loop
vertex 48.67860794067383 -55.478267669677734 0
vertex 23.81521224975586 -47.25091552734375 0
vertex 23.78095817565918 -47.07870864868164 0
endloop
endfacet
facet normal 0 0 -1
outer loop
vertex 48.67860794067383 -55.478267669677734 0
vertex 23.78095817565918 -47.07870864868164 0
vertex 23.78095817565918 -46.15312194824219 0
endloop
endfacet
facet normal 0 0 -1
outer loop
vertex 48.67860794067383 -55.478267669677734 0
vertex 23.78095817565918 -46.15312194824219 0
vertex 23.81521224975586 -45.98091506958008 0
endloop
endfacet
facet normal 0 0 -1
outer loop
vertex 48.67860794067383 -55.478267669677734 0
vertex 23.81521224975586 -45.98091506958008 0
vertex 23.78095817565918 -45.80870819091797 0
endloop
endfacet
facet normal 0 0 -1
outer loop
vertex 48.67860794067383 -55.478267669677734 0
vertex 23.78095817565918 -45.80870819091797 0
vertex 23.78095817565918 -44.883121490478516 0
endloop
endfacet
facet normal 0 0 -1
outer loop
vertex 48.67860794067383 -55.478267669677734 0
vertex 23.78095817565918 -44.883121490478516 0
vertex 23.81521224975586 -44.710914611816406 0
endloop
endfacet
facet normal 0 0 -1
outer loop
vertex 23.537418365478516 -44.295169830322266 0
vertex 23.365211486816406 -43.89091491699219 0
vertex 48.67860794067383 -55.478267669677734 0
endloop
endfacet
facet normal 0 0 -1
outer loop
vertex 23.683408737182617 -44.39271545410156 0
vertex 23.537418365478516 -44.295169830322266 0
vertex 48.67860794067383 -55.478267669677734 0
endloop
endfacet
facet normal 0 0 -1
outer loop
vertex 23.683408737182617 -44.39271545410156 0
vertex 48.67860794067383 -55.478267669677734 0
vertex 23.78095817565918 -44.5387077331543 0
endloop
endfacet
facet normal 0 0 -1
outer loop
vertex 48.67860794067383 -55.478267669677734 0
vertex 23.81521224975586 -44.710914611816406 0
vertex 23.78095817565918 -44.5387077331543 0
endloop
endfacet
facet normal 0 0 -1
outer loop
vertex 48.67860794067383 -55.478267669677734 0
vertex 23.365211486816406 -43.89091491699219 0
vertex 23.537418365478516 -43.856658935546875 0
endloop
endfacet
facet normal 0 0 -1
outer loop
vertex 48.67860794067383 -55.478267669677734 0
vertex 23.537418365478516 -43.856658935546875 0
vertex 23.683408737182617 -43.75911331176758 0
endloop
endfacet
facet normal 0 0 -1
outer loop
vertex 48.67860794067383 -55.478267669677734 0
vertex 23.683408737182617 -43.75911331176758 0
vertex 23.78095817565918 -43.613121032714844 0
endloop
endfacet
facet normal 0 0 -1
outer loop
vertex 48.67860794067383 -55.478267669677734 0
vertex 23.78095817565918 -43.613121032714844 0
vertex 23.81521224975586 -43.440914154052734 0
endloop
endfacet
facet normal 0 0 -1
outer loop
vertex 23.365211486816406 -48.07091522216797 0
vertex 23.193004608154297 -47.66666030883789 0
vertex 23.365211486816406 -47.7009162902832 0
endloop
endfacet
facet normal 0 0 -1
outer loop
vertex 23.193004608154297 -48.105167388916016 0
vertex 23.193004608154297 -47.66666030883789 0
vertex 23.365211486816406 -48.07091522216797 0
endloop
endfacet
facet normal 0 0 -1
outer loop
vertex 23.193004608154297 -48.105167388916016 0
vertex 23.047014236450195 -47.569114685058594 0
vertex 23.193004608154297 -47.66666030883789 0
endloop
endfacet
facet normal 0 0 -1
outer loop
vertex 23.047014236450195 -48.20271682739258 0
vertex 23.047014236450195 -47.569114685058594 0
vertex 23.193004608154297 -48.105167388916016 0
endloop
endfacet
facet normal 0 0 -1
outer loop
vertex 23.365211486816406 -49.34091567993164 0
vertex 23.193004608154297 -48.93666076660156 0
vertex 23.365211486816406 -48.97091293334961 0
endloop
endfacet
facet normal 0 0 -1
outer loop
vertex 23.193004608154297 -49.37516784667969 0
vertex 23.193004608154297 -48.93666076660156 0
vertex 23.365211486816406 -49.34091567993164 0
endloop
endfacet
facet normal 0 0 -1
outer loop
vertex 23.193004608154297 -49.37516784667969 0
vertex 23.047014236450195 -48.839111328125 0
vertex 23.193004608154297 -48.93666076660156 0
endloop
endfacet
facet normal 0 0 -1
outer loop
vertex 23.047014236450195 -49.47271728515625 0
vertex 23.047014236450195 -48.839111328125 0
vertex 23.193004608154297 -49.37516784667969 0
endloop
endfacet
facet normal 0 0 -1
outer loop
vertex 23.365211486816406 -50.61091613769531 0
vertex 23.193004608154297 -50.206661224365234 0
vertex 23.365211486816406 -50.24091339111328 0
endloop
endfacet
facet normal 0 0 -1
outer loop
vertex 23.193004608154297 -50.206661224365234 0
vertex 23.193004608154297 -50.64516830444336 0
vertex 23.047014236450195 -50.10911178588867 0
endloop
endfacet
facet normal 0 0 -1
outer loop
vertex 23.193004608154297 -50.64516830444336 0
vertex 23.193004608154297 -50.206661224365234 0
vertex 23.365211486816406 -50.61091613769531 0
endloop
endfacet
facet normal 0 0 -1
outer loop
vertex 23.047014236450195 -50.74271774291992 0
vertex 23.047014236450195 -50.10911178588867 0
vertex 23.193004608154297 -50.64516830444336 0
endloop
endfacet
facet normal 0 0 -1
outer loop
vertex 23.365211486816406 -51.880916595458984 0
vertex 23.193004608154297 -51.476661682128906 0
vertex 23.365211486816406 -51.51091384887695 0
endloop
endfacet
facet normal 0 0 -1
outer loop
vertex 23.193004608154297 -51.476661682128906 0
vertex 23.193004608154297 -51.91516876220703 0
vertex 23.047014236450195 -51.379112243652344 0
endloop
endfacet
facet normal 0 0 -1
outer loop
vertex 23.193004608154297 -51.91516876220703 0
vertex 23.193004608154297 -51.476661682128906 0
vertex 23.365211486816406 -51.880916595458984 0
endloop
endfacet
facet normal 0 0 -1
outer loop
vertex 23.047014236450195 -52.012718200683594 0
vertex 23.047014236450195 -51.379112243652344 0
vertex 23.193004608154297 -51.91516876220703 0
endloop
endfacet
facet normal 0 0 -1
outer loop
vertex 23.365211486816406 -53.15091323852539 0
vertex 23.193004608154297 -52.74666213989258 0
vertex 23.365211486816406 -52.780914306640625 0
endloop
endfacet
facet normal 0 0 -1
outer loop
vertex 23.193004608154297 -52.74666213989258 0
vertex 23.047014236450195 -53.28271484375 0
vertex 23.047014236450195 -52.649112701416016 0
endloop
endfacet
facet normal 0 0 -1
outer loop
vertex 23.193004608154297 -53.1851692199707 0
vertex 23.193004608154297 -52.74666213989258 0
vertex 23.365211486816406 -53.15091323852539 0
endloop
endfacet
facet normal 0 0 -1
outer loop
vertex 23.047014236450195 -53.28271484375 0
vertex 23.193004608154297 -52.74666213989258 0
vertex 23.193004608154297 -53.1851692199707 0
endloop
endfacet
facet normal 0 0 -1
outer loop
vertex 48.67860794067383 -55.478267669677734 0
vertex 6.3652496337890625 -54.0509147644043 0
vertex 6.53745698928833 -54.016658782958984 0
endloop
endfacet
facet normal 0 0 -1
outer loop
vertex 48.55112838745117 -55.59672164916992 0
vertex -18.145366668701172 -57.233863830566406 0
vertex 48.67860794067383 -55.478267669677734 0
endloop
endfacet
facet normal 0 0 -1
outer loop
vertex 47.08389663696289 -57.86209487915039 0
vertex -12.462516784667969 -63.0609130859375 0
vertex 48.55112838745117 -55.59672164916992 0
endloop
endfacet
facet normal 0 0 -1
outer loop
vertex 47.02793502807617 -58.0268669128418 0
vertex -12.462516784667969 -63.0609130859375 0
vertex 47.08389663696289 -57.86209487915039 0
endloop
endfacet
facet normal 0 0 -1
outer loop
vertex -12.462516784667969 -63.0609130859375 0
vertex 47.02793502807617 -58.0268669128418 0
vertex 44.33627700805664 -63.0609130859375 0
endloop
endfacet
facet normal 0 0 -1
outer loop
vertex 13.461810111999512 -36.85795593261719 0
vertex 14.151175498962402 -36.73640441894531 0
vertex 14.76762580871582 -40.23247146606445 0
endloop
endfacet
facet normal 0 0 -1
outer loop
vertex 13.461810111999512 -36.85795593261719 0
vertex 6.216625213623047 -36.78914260864258 0
vertex 12.246272087097168 -29.964303970336914 0
endloop
endfacet
facet normal 0 0 -1
outer loop
vertex 14.76762580871582 -40.23247146606445 0
vertex 6.7809953689575195 -40.72870635986328 0
vertex 13.461810111999512 -36.85795593261719 0
endloop
endfacet
facet normal 0 0 -1
outer loop
vertex 23.193004608154297 -41.75516891479492 0
vertex 6.815249443054199 -40.90091323852539 0
vertex 23.193004608154297 -41.3166618347168 0
endloop
endfacet
facet normal 0 0 -1
outer loop
vertex 22.949464797973633 -41.073123931884766 0
vertex 6.815249443054199 -40.90091323852539 0
vertex 22.915210723876953 -40.90091323852539 0
endloop
endfacet
facet normal 0 0 -1
outer loop
vertex 23.047014236450195 -41.219112396240234 0
vertex 6.815249443054199 -40.90091323852539 0
vertex 22.949464797973633 -41.073123931884766 0
endloop
endfacet
facet normal 0 0 -1
outer loop
vertex 23.047014236450195 -41.219112396240234 0
vertex 23.193004608154297 -41.3166618347168 0
vertex 6.815249443054199 -40.90091323852539 0
endloop
endfacet
facet normal 0 0 -1
outer loop
vertex 23.047014236450195 -41.852718353271484 0
vertex 6.815249443054199 -40.90091323852539 0
vertex 23.193004608154297 -41.75516891479492 0
endloop
endfacet
facet normal 0 0 -1
outer loop
vertex 6.815249443054199 -40.90091323852539 0
vertex 14.76762580871582 -40.23247146606445 0
vertex 22.915210723876953 -40.90091323852539 0
endloop
endfacet
facet normal 0 0 -1
outer loop
vertex 22.949464797973633 -41.99870681762695 0
vertex 6.683701515197754 -46.932716369628906 0
vertex 23.047014236450195 -41.852718353271484 0
endloop
endfacet
facet normal 0 0 -1
outer loop
vertex 22.915210723876953 -42.17091369628906 0
vertex 6.537711143493652 -48.105167388916016 0
vertex 22.949464797973633 -41.99870681762695 0
endloop
endfacet
facet normal 0 0 -1
outer loop
vertex 22.949464797973633 -42.34312057495117 0
vertex 6.537711143493652 -48.105167388916016 0
vertex 22.915210723876953 -42.17091369628906 0
endloop
endfacet
facet normal 0 0 -1
outer loop
vertex 23.193004608154297 -43.025169372558594 0
vertex 6.781249046325684 -48.34870529174805 0
vertex 23.193004608154297 -42.58666229248047 0
endloop
endfacet
facet normal 0 0 -1
outer loop
vertex 23.047014236450195 -42.489112854003906 0
vertex 6.781249046325684 -48.34870529174805 0
vertex 22.949464797973633 -42.34312057495117 0
endloop
endfacet
facet normal 0 0 -1
outer loop
vertex 6.781249046325684 -48.34870529174805 0
vertex 23.047014236450195 -42.489112854003906 0
vertex 23.193004608154297 -42.58666229248047 0
endloop
endfacet
facet normal 0 0 -1
outer loop
vertex 22.949464797973633 -43.268707275390625 0
vertex 6.781249046325684 -48.34870529174805 0
vertex 23.047014236450195 -43.12271499633789 0
endloop
endfacet
facet normal 0 0 -1
outer loop
vertex 6.781249046325684 -48.34870529174805 0
vertex 23.193004608154297 -43.025169372558594 0
vertex 23.047014236450195 -43.12271499633789 0
endloop
endfacet
facet normal 0 0 -1
outer loop
vertex 22.915210723876953 -43.440914154052734 0
vertex 6.781249046325684 -48.34870529174805 0
vertex 22.949464797973633 -43.268707275390625 0
endloop
endfacet
facet normal 0 0 -1
outer loop
vertex 22.949464797973633 -43.613121032714844 0
vertex 6.781249046325684 -48.69312286376953 0
vertex 22.915210723876953 -43.440914154052734 0
endloop
endfacet
facet normal 0 0 -1
outer loop
vertex 23.193004608154297 -44.295169830322266 0
vertex 6.193295955657959 -49.37516784667969 0
vertex 23.047014236450195 -43.75911331176758 0
endloop
endfacet
facet normal 0 0 -1
outer loop
vertex 23.047014236450195 -44.39271545410156 0
vertex 6.193295955657959 -49.37516784667969 0
vertex 23.193004608154297 -44.295169830322266 0
endloop
endfacet
facet normal 0 0 -1
outer loop
vertex 22.949464797973633 -46.15312194824219 0
vertex 6.365503311157227 -49.34091567993164 0
vertex 22.915210723876953 -45.98091506958008 0
endloop
endfacet
facet normal 0 0 -1
outer loop
vertex 23.047014236450195 -46.29911422729492 0
vertex 6.365503311157227 -49.34091567993164 0
vertex 22.949464797973633 -46.15312194824219 0
endloop
endfacet
facet normal 0 0 -1
outer loop
vertex 6.193295955657959 -49.37516784667969 0
vertex 22.949464797973633 -43.613121032714844 0
vertex 23.047014236450195 -43.75911331176758 0
endloop
endfacet
facet normal 0 0 -1
outer loop
vertex 22.949464797973633 -44.5387077331543 0
vertex 6.193295955657959 -49.37516784667969 0
vertex 23.047014236450195 -44.39271545410156 0
endloop
endfacet
facet normal 0 0 -1
outer loop
vertex 22.915210723876953 -44.710914611816406 0
vertex 6.193295955657959 -49.37516784667969 0
vertex 22.949464797973633 -44.5387077331543 0
endloop
endfacet
facet normal 0 0 -1
outer loop
vertex 22.949464797973633 -44.883121490478516 0
vertex 6.193295955657959 -49.37516784667969 0
vertex 22.915210723876953 -44.710914611816406 0
endloop
endfacet
facet normal 0 0 -1
outer loop
vertex 23.047014236450195 -45.02911376953125 0
vertex 6.193295955657959 -49.37516784667969 0
vertex 22.949464797973633 -44.883121490478516 0
endloop
endfacet
facet normal 0 0 -1
outer loop
vertex 22.949464797973633 -45.80870819091797 0
vertex 6.193295955657959 -49.37516784667969 0
vertex 23.047014236450195 -45.02911376953125 0
endloop
endfacet
facet normal 0 0 -1
outer loop
vertex 22.915210723876953 -45.98091506958008 0
vertex 6.193295955657959 -49.37516784667969 0
vertex 22.949464797973633 -45.80870819091797 0
endloop
endfacet
facet normal 0 0 -1
outer loop
vertex 23.047014236450195 -41.852718353271484 0
vertex 6.7809953689575195 -41.073123931884766 0
vertex 6.815249443054199 -40.90091323852539 0
endloop
endfacet
facet normal 0 0 -1
outer loop
vertex 23.047014236450195 -41.852718353271484 0
vertex 6.683447360992432 -41.219112396240234 0
vertex 6.7809953689575195 -41.073123931884766 0
endloop
endfacet
facet normal 0 0 -1
outer loop
vertex 23.047014236450195 -41.852718353271484 0
vertex 6.683447360992432 -41.852718353271484 0
vertex 6.683447360992432 -41.219112396240234 0
endloop
endfacet
facet normal 0 0 -1
outer loop
vertex 23.047014236450195 -41.852718353271484 0
vertex 6.7809953689575195 -41.99870681762695 0
vertex 6.683447360992432 -41.852718353271484 0
endloop
endfacet
facet normal 0 0 -1
outer loop
vertex 23.047014236450195 -41.852718353271484 0
vertex 6.815249443054199 -42.17091369628906 0
vertex 6.7809953689575195 -41.99870681762695 0
endloop
endfacet
facet normal 0 0 -1
outer loop
vertex 23.047014236450195 -41.852718353271484 0
vertex 6.7809953689575195 -42.34312057495117 0
vertex 6.815249443054199 -42.17091369628906 0
endloop
endfacet
facet normal 0 0 -1
outer loop
vertex 23.047014236450195 -41.852718353271484 0
vertex 6.683447360992432 -42.489112854003906 0
vertex 6.7809953689575195 -42.34312057495117 0
endloop
endfacet
facet normal 0 0 -1
outer loop
vertex 23.047014236450195 -41.852718353271484 0
vertex 6.683701515197754 -43.12271499633789 0
vertex 6.683447360992432 -42.489112854003906 0
endloop
endfacet
facet normal 0 0 -1
outer loop
vertex 23.047014236450195 -41.852718353271484 0
vertex 6.781249046325684 -43.268707275390625 0
vertex 6.683701515197754 -43.12271499633789 0
endloop
endfacet
facet normal 0 0 -1
outer loop
vertex 23.047014236450195 -41.852718353271484 0
vertex 6.8155035972595215 -43.440914154052734 0
vertex 6.781249046325684 -43.268707275390625 0
endloop
endfacet
facet normal 0 0 -1
outer loop
vertex 23.047014236450195 -41.852718353271484 0
vertex 6.781249046325684 -43.613121032714844 0
vertex 6.8155035972595215 -43.440914154052734 0
endloop
endfacet
facet normal 0 0 -1
outer loop
vertex 23.047014236450195 -41.852718353271484 0
vertex 6.683701515197754 -43.75911331176758 0
vertex 6.781249046325684 -43.613121032714844 0
endloop
endfacet
facet normal 0 0 -1
outer loop
vertex 23.047014236450195 -41.852718353271484 0
vertex 6.683701515197754 -44.39271545410156 0
vertex 6.683701515197754 -43.75911331176758 0
endloop
endfacet
facet normal 0 0 -1
outer loop
vertex 6.815249443054199 -40.90091323852539 0
vertex 6.7809953689575195 -40.72870635986328 0
vertex 14.76762580871582 -40.23247146606445 0
endloop
endfacet
facet normal 0 0 -1
outer loop
vertex 23.047014236450195 -41.852718353271484 0
vertex 6.781249046325684 -44.5387077331543 0
vertex 6.683701515197754 -44.39271545410156 0
endloop
endfacet
facet normal 0 0 -1
outer loop
vertex 23.047014236450195 -41.852718353271484 0
vertex 6.8155035972595215 -44.710914611816406 0
vertex 6.781249046325684 -44.5387077331543 0
endloop
endfacet
facet normal 0 0 -1
outer loop
vertex 23.047014236450195 -41.852718353271484 0
vertex 6.781249046325684 -44.883121490478516 0
vertex 6.8155035972595215 -44.710914611816406 0
endloop
endfacet
facet normal 0 0 -1
outer loop
vertex 23.047014236450195 -41.852718353271484 0
vertex 6.683701515197754 -45.02911376953125 0
vertex 6.781249046325684 -44.883121490478516 0
endloop
endfacet
facet normal 0 0 -1
outer loop
vertex 23.047014236450195 -41.852718353271484 0
vertex 6.683701515197754 -45.662715911865234 0
vertex 6.683701515197754 -45.02911376953125 0
endloop
endfacet
facet normal 0 0 -1
outer loop
vertex 23.047014236450195 -41.852718353271484 0
vertex 6.781249046325684 -45.80870819091797 0
vertex 6.683701515197754 -45.662715911865234 0
endloop
endfacet
facet normal 0 0 -1
outer loop
vertex 23.047014236450195 -41.852718353271484 0
vertex 6.8155035972595215 -45.98091506958008 0
vertex 6.781249046325684 -45.80870819091797 0
endloop
endfacet
facet normal 0 0 -1
outer loop
vertex 23.047014236450195 -41.852718353271484 0
vertex 6.781249046325684 -46.15312194824219 0
vertex 6.8155035972595215 -45.98091506958008 0
endloop
endfacet
facet normal 0 0 -1
outer loop
vertex 23.047014236450195 -41.852718353271484 0
vertex 6.683701515197754 -46.29911422729492 0
vertex 6.781249046325684 -46.15312194824219 0
endloop
endfacet
facet normal 0 0 -1
outer loop
vertex 6.683701515197754 -46.932716369628906 0
vertex 6.683701515197754 -46.29911422729492 0
vertex 23.047014236450195 -41.852718353271484 0
endloop
endfacet
facet normal 0 0 -1
outer loop
vertex 22.949464797973633 -41.99870681762695 0
vertex 6.781249046325684 -47.07870864868164 0
vertex 6.683701515197754 -46.932716369628906 0
endloop
endfacet
facet normal 0 0 -1
outer loop
vertex 22.949464797973633 -41.99870681762695 0
vertex 6.8155035972595215 -47.25091552734375 0
vertex 6.781249046325684 -47.07870864868164 0
endloop
endfacet
facet normal 0 0 -1
outer loop
vertex 22.949464797973633 -41.99870681762695 0
vertex 6.781249046325684 -47.42312240600586 0
vertex 6.8155035972595215 -47.25091552734375 0
endloop
endfacet
facet normal 0 0 -1
outer loop
vertex 22.949464797973633 -41.99870681762695 0
vertex 6.683701515197754 -47.569114685058594 0
vertex 6.781249046325684 -47.42312240600586 0
endloop
endfacet
facet normal 0 0 -1
outer loop
vertex 6.537711143493652 -48.105167388916016 0
vertex 6.683701515197754 -47.569114685058594 0
vertex 22.949464797973633 -41.99870681762695 0
endloop
endfacet
facet normal 0 0 -1
outer loop
vertex 6.683701515197754 -48.20271682739258 0
vertex 6.537711143493652 -48.105167388916016 0
vertex 22.949464797973633 -42.34312057495117 0
endloop
endfacet
facet normal 0 0 -1
outer loop
vertex 6.781249046325684 -48.34870529174805 0
vertex 6.683701515197754 -48.20271682739258 0
vertex 22.949464797973633 -42.34312057495117 0
endloop
endfacet
facet normal 0 0 -1
outer loop
vertex 22.915210723876953 -43.440914154052734 0
vertex 6.8155035972595215 -48.52091598510742 0
vertex 6.781249046325684 -48.34870529174805 0
endloop
endfacet
facet normal 0 0 -1
outer loop
vertex 6.781249046325684 -48.69312286376953 0
vertex 6.8155035972595215 -48.52091598510742 0
vertex 22.915210723876953 -43.440914154052734 0
endloop
endfacet
facet normal 0 0 -1
outer loop
vertex 22.949464797973633 -47.07870864868164 0
vertex 23.047014236450195 -46.29911422729492 0
vertex 23.047014236450195 -46.932716369628906 0
endloop
endfacet
facet normal 0 0 -1
outer loop
vertex 23.047014236450195 -46.932716369628906 0
vertex 23.047014236450195 -46.29911422729492 0
vertex 23.193004608154297 -46.83517074584961 0
endloop
endfacet
facet normal 0 0 -1
outer loop
vertex 23.193004608154297 -46.83517074584961 0
vertex 23.365211486816406 -46.43091583251953 0
vertex 23.365211486816406 -46.8009147644043 0
endloop
endfacet
facet normal 0 0 -1
outer loop
vertex 23.365211486816406 -46.43091583251953 0
vertex 23.193004608154297 -46.83517074584961 0
vertex 23.193004608154297 -46.39665985107422 0
endloop
endfacet
facet normal 0 0 -1
outer loop
vertex 23.193004608154297 -46.39665985107422 0
vertex 23.193004608154297 -46.83517074584961 0
vertex 23.047014236450195 -46.29911422729492 0
endloop
endfacet
facet normal 0 0 -1
outer loop
vertex 22.949464797973633 -45.80870819091797 0
vertex 23.047014236450195 -45.02911376953125 0
vertex 23.047014236450195 -45.662715911865234 0
endloop
endfacet
facet normal 0 0 -1
outer loop
vertex 23.047014236450195 -45.662715911865234 0
vertex 23.047014236450195 -45.02911376953125 0
vertex 23.193004608154297 -45.56517028808594 0
endloop
endfacet
facet normal 0 0 -1
outer loop
vertex 23.193004608154297 -45.56517028808594 0
vertex 23.193004608154297 -45.12665939331055 0
vertex 23.365211486816406 -45.530914306640625 0
endloop
endfacet
facet normal 0 0 -1
outer loop
vertex 23.193004608154297 -45.12665939331055 0
vertex 23.193004608154297 -45.56517028808594 0
vertex 23.047014236450195 -45.02911376953125 0
endloop
endfacet
facet normal 0 0 -1
outer loop
vertex 23.365211486816406 -45.530914306640625 0
vertex 23.193004608154297 -45.12665939331055 0
vertex 23.365211486816406 -45.16091537475586 0
endloop
endfacet
facet normal 0 0 -1
outer loop
vertex 23.193004608154297 -44.295169830322266 0
vertex 23.193004608154297 -43.856658935546875 0
vertex 23.365211486816406 -44.26091384887695 0
endloop
endfacet
facet normal 0 0 -1
outer loop
vertex 23.193004608154297 -43.856658935546875 0
vertex 23.193004608154297 -44.295169830322266 0
vertex 23.047014236450195 -43.75911331176758 0
endloop
endfacet
facet normal 0 0 -1
outer loop
vertex 23.365211486816406 -44.26091384887695 0
vertex 23.193004608154297 -43.856658935546875 0
vertex 23.365211486816406 -43.89091491699219 0
endloop
endfacet
facet normal 0 0 -1
outer loop
vertex 22.915210723876953 -40.90091323852539 0
vertex 14.76762580871582 -40.23247146606445 0
vertex 22.949464797973633 -40.72870635986328 0
endloop
endfacet
facet normal 0 0 -1
outer loop
vertex 22.949464797973633 -40.72870635986328 0
vertex 14.76762580871582 -40.23247146606445 0
vertex 23.047014236450195 -40.58271789550781 0
endloop
endfacet
facet normal 0 0 -1
outer loop
vertex 23.047014236450195 -40.58271789550781 0
vertex 14.76762580871582 -40.23247146606445 0
vertex 23.193004608154297 -40.48516845703125 0
endloop
endfacet
facet normal 0 0 -1
outer loop
vertex 23.193004608154297 -42.58666229248047 0
vertex 23.365211486816406 -42.99091339111328 0
vertex 23.193004608154297 -43.025169372558594 0
endloop
endfacet
facet normal 0 0 -1
outer loop
vertex 23.365211486816406 -42.99091339111328 0
vertex 23.193004608154297 -42.58666229248047 0
vertex 23.365211486816406 -42.620914459228516 0
endloop
endfacet
facet normal 0 0 -1
outer loop
vertex 23.193004608154297 -41.3166618347168 0
vertex 23.365211486816406 -41.350914001464844 0
vertex 23.193004608154297 -41.75516891479492 0
endloop
endfacet
facet normal 0 0 -1
outer loop
vertex 23.193004608154297 -40.48516845703125 0
vertex 14.76762580871582 -40.23247146606445 0
vertex 28.65341567993164 -37.78403091430664 0
endloop
endfacet
facet normal 0 0 -1
outer loop
vertex 23.365211486816406 -46.8009147644043 0
vertex 23.365211486816406 -46.43091583251953 0
vertex 23.537418365478516 -46.83517074584961 0
endloop
endfacet
facet normal 0 0 -1
outer loop
vertex 23.537418365478516 -46.83517074584961 0
vertex 23.537418365478516 -46.39665985107422 0
vertex 23.683408737182617 -46.932716369628906 0
endloop
endfacet
facet normal 0 0 -1
outer loop
vertex 23.537418365478516 -46.39665985107422 0
vertex 23.537418365478516 -46.83517074584961 0
vertex 23.365211486816406 -46.43091583251953 0
endloop
endfacet
facet normal 0 0 -1
outer loop
vertex 23.78095817565918 -47.07870864868164 0
vertex 23.683408737182617 -46.932716369628906 0
vertex 23.683408737182617 -46.29911422729492 0
endloop
endfacet
facet normal 0 0 -1
outer loop
vertex 23.683408737182617 -46.29911422729492 0
vertex 23.683408737182617 -46.932716369628906 0
vertex 23.537418365478516 -46.39665985107422 0
endloop
endfacet
facet normal 0 0 -1
outer loop
vertex 23.78095817565918 -46.15312194824219 0
vertex 23.78095817565918 -47.07870864868164 0
vertex 23.683408737182617 -46.29911422729492 0
endloop
endfacet
facet normal 0 0 -1
outer loop
vertex 23.537418365478516 -45.56517028808594 0
vertex 23.365211486816406 -45.530914306640625 0
vertex 23.365211486816406 -45.16091537475586 0
endloop
endfacet
facet normal 0 0 -1
outer loop
vertex 23.537418365478516 -45.56517028808594 0
vertex 23.537418365478516 -45.12665939331055 0
vertex 23.683408737182617 -45.662715911865234 0
endloop
endfacet
facet normal 0 0 -1
outer loop
vertex 23.78095817565918 -45.80870819091797 0
vertex 23.683408737182617 -45.662715911865234 0
vertex 23.683408737182617 -45.02911376953125 0
endloop
endfacet
facet normal 0 0 -1
outer loop
vertex 23.537418365478516 -45.12665939331055 0
vertex 23.537418365478516 -45.56517028808594 0
vertex 23.365211486816406 -45.16091537475586 0
endloop
endfacet
facet normal 0 0 -1
outer loop
vertex 23.683408737182617 -45.02911376953125 0
vertex 23.683408737182617 -45.662715911865234 0
vertex 23.537418365478516 -45.12665939331055 0
endloop
endfacet
facet normal 0 0 -1
outer loop
vertex 23.78095817565918 -44.883121490478516 0
vertex 23.78095817565918 -45.80870819091797 0
vertex 23.683408737182617 -45.02911376953125 0
endloop
endfacet
facet normal 0 0 -1
outer loop
vertex 23.365211486816406 -43.89091491699219 0
vertex 23.537418365478516 -44.295169830322266 0
vertex 23.365211486816406 -44.26091384887695 0
endloop
endfacet
facet normal 0 0 -1
outer loop
vertex 23.365211486816406 -42.99091339111328 0
vertex 23.365211486816406 -42.620914459228516 0
vertex 23.537418365478516 -43.025169372558594 0
endloop
endfacet
facet normal 0 0 -1
outer loop
vertex 23.365211486816406 -42.620914459228516 0
vertex 23.537418365478516 -42.58666229248047 0
vertex 23.537418365478516 -43.025169372558594 0
endloop
endfacet
facet normal 0 0 -1
outer loop
vertex 23.537418365478516 -42.58666229248047 0
vertex 23.683408737182617 -42.489112854003906 0
vertex 23.537418365478516 -43.025169372558594 0
endloop
endfacet
facet normal 0 0 -1
outer loop
vertex 23.537418365478516 -41.3166618347168 0
vertex 23.683408737182617 -41.219112396240234 0
vertex 23.193004608154297 -41.75516891479492 0
endloop
endfacet
facet normal 0 0 -1
outer loop
vertex 23.537418365478516 -41.3166618347168 0
vertex 23.193004608154297 -41.75516891479492 0
vertex 23.365211486816406 -41.350914001464844 0
endloop
endfacet
facet normal 0 0 -1
outer loop
vertex 23.193004608154297 -41.75516891479492 0
vertex 28.65341567993164 -37.78403091430664 0
vertex 23.365211486816406 -41.72091293334961 0
endloop
endfacet
facet normal 0 0 -1
outer loop
vertex 23.365211486816406 -41.72091293334961 0
vertex 28.65341567993164 -37.78403091430664 0
vertex 23.537418365478516 -41.75516891479492 0
endloop
endfacet
facet normal 0 0 -1
outer loop
vertex 23.193004608154297 -40.48516845703125 0
vertex 28.65341567993164 -37.78403091430664 0
vertex 23.365211486816406 -40.4509162902832 0
endloop
endfacet
facet normal 0 0 -1
outer loop
vertex 28.65341567993164 -37.78403091430664 0
vertex 23.193004608154297 -41.75516891479492 0
vertex 23.683408737182617 -41.219112396240234 0
endloop
endfacet
facet normal 0 0 -1
outer loop
vertex 28.65341567993164 -37.78403091430664 0
vertex 23.683408737182617 -41.219112396240234 0
vertex 23.78095817565918 -41.073123931884766 0
endloop
endfacet
facet normal 0 0 -1
outer loop
vertex 28.65341567993164 -37.78403091430664 0
vertex 23.78095817565918 -41.073123931884766 0
vertex 23.81521224975586 -40.90091323852539 0
endloop
endfacet
facet normal 0 0 -1
outer loop
vertex 23.78095817565918 -40.72870635986328 0
vertex 23.683408737182617 -40.58271789550781 0
vertex 28.65341567993164 -37.78403091430664 0
endloop
endfacet
facet normal 0 0 -1
outer loop
vertex 23.365211486816406 -40.4509162902832 0
vertex 28.65341567993164 -37.78403091430664 0
vertex 23.537418365478516 -40.48516845703125 0
endloop
endfacet
facet normal 0 0 -1
outer loop
vertex 28.65341567993164 -37.78403091430664 0
vertex 23.683408737182617 -40.58271789550781 0
vertex 23.537418365478516 -40.48516845703125 0
endloop
endfacet
facet normal 0 0 -1
outer loop
vertex 28.65341567993164 -37.78403091430664 0
vertex 23.81521224975586 -40.90091323852539 0
vertex 23.78095817565918 -40.72870635986328 0
endloop
endfacet
facet normal 0 0 -1
outer loop
vertex 23.81521224975586 -43.440914154052734 0
vertex 23.78095817565918 -43.268707275390625 0
vertex 53.37393569946289 -33.396602630615234 0
endloop
endfacet
facet normal 0 0 -1
outer loop
vertex 53.37393569946289 -33.396602630615234 0
vertex 23.78095817565918 -43.268707275390625 0
vertex 23.683408737182617 -43.12271499633789 0
endloop
endfacet
facet normal 0 0 -1
outer loop
vertex 23.537418365478516 -43.025169372558594 0
vertex 53.45748519897461 -33.18330764770508 0
vertex 23.683408737182617 -43.12271499633789 0
endloop
endfacet
facet normal 0 0 -1
outer loop
vertex 53.45748519897461 -33.18330764770508 0
vertex 23.537418365478516 -43.025169372558594 0
vertex 23.683408737182617 -42.489112854003906 0
endloop
endfacet
facet normal 0 0 -1
outer loop
vertex 28.036964416503906 -34.2879638671875 0
vertex 28.726329803466797 -34.166412353515625 0
vertex 28.65341567993164 -37.78403091430664 0
endloop
endfacet
facet normal 0 0 -1
outer loop
vertex 53.45748519897461 -33.18330764770508 0
vertex 23.683408737182617 -42.489112854003906 0
vertex 23.78095817565918 -42.34312057495117 0
endloop
endfacet
facet normal 0 0 -1
outer loop
vertex 23.78095817565918 -41.99870681762695 0
vertex 23.683408737182617 -41.852718353271484 0
vertex 53.45748519897461 -33.18330764770508 0
endloop
endfacet
facet normal 0 0 -1
outer loop
vertex 53.45748519897461 -33.18330764770508 0
vertex 23.78095817565918 -42.34312057495117 0
vertex 23.81521224975586 -42.17091369628906 0
endloop
endfacet
facet normal 0 0 -1
outer loop
vertex 53.45748519897461 -33.18330764770508 0
vertex 23.81521224975586 -42.17091369628906 0
vertex 23.78095817565918 -41.99870681762695 0
endloop
endfacet
facet normal 0 0 -1
outer loop
vertex 23.537418365478516 -41.75516891479492 0
vertex 55.76497268676758 -30.4310359954834 0
vertex 23.683408737182617 -41.852718353271484 0
endloop
endfacet
facet normal 0 0 -1
outer loop
vertex 55.76497268676758 -30.4310359954834 0
vertex 23.537418365478516 -41.75516891479492 0
vertex 28.65341567993164 -37.78403091430664 0
endloop
endfacet
facet normal 0 0 -1
outer loop
vertex 28.65341567993164 -37.78403091430664 0
vertex 28.726329803466797 -34.166412353515625 0
vertex 44.28813934326172 -28.553863525390625 0
endloop
endfacet
facet normal 0 0 -1
outer loop
vertex 22.949464797973633 -43.613121032714844 0
vertex 6.683701515197754 -48.839111328125 0
vertex 6.781249046325684 -48.69312286376953 0
endloop
endfacet
facet normal 0 0 -1
outer loop
vertex -74.13661193847656 -15.016860008239746 0
vertex -74.3344497680664 -16.877975463867188 0
vertex -75.310791015625 -14.911869049072266 0
endloop
endfacet
facet normal 0 0 -1
outer loop
vertex 22.949464797973633 -43.613121032714844 0
vertex 6.537711143493652 -48.93666076660156 0
vertex 6.683701515197754 -48.839111328125 0
endloop
endfacet
facet normal 0 0 -1
outer loop
vertex 6.216625213623047 -36.78914260864258 0
vertex 5.331791877746582 -33.280643463134766 0
vertex 12.246272087097168 -29.964303970336914 0
endloop
endfacet
facet normal 0 0 -1
outer loop
vertex 13.461810111999512 -36.85795593261719 0
vertex 6.408986568450928 -40.45961380004883 0
vertex 6.216625213623047 -36.78914260864258 0
endloop
endfacet
facet normal 0 0 -1
outer loop
vertex 6.683447360992432 -40.58271789550781 0
vertex 13.461810111999512 -36.85795593261719 0
vertex 6.7809953689575195 -40.72870635986328 0
endloop
endfacet
facet normal 0 0 -1
outer loop
vertex 6.53745698928833 -40.48516845703125 0
vertex 13.461810111999512 -36.85795593261719 0
vertex 6.683447360992432 -40.58271789550781 0
endloop
endfacet
facet normal 0 0 -1
outer loop
vertex 6.408986568450928 -40.45961380004883 0
vertex 13.461810111999512 -36.85795593261719 0
vertex 6.53745698928833 -40.48516845703125 0
endloop
endfacet
facet normal 0 0 -1
outer loop
vertex 5.517584323883057 -36.825775146484375 0
vertex 5.331791877746582 -33.280643463134766 0
vertex 6.216625213623047 -36.78914260864258 0
endloop
endfacet
facet normal 0 0 -1
outer loop
vertex 5.331791877746582 -33.280643463134766 0
vertex -8.748885154724121 -34.018577575683594 0
vertex 5.180017471313477 -30.38461685180664 0
endloop
endfacet
facet normal 0 0 -1
outer loop
vertex 6.683447360992432 -41.852718353271484 0
vertex 6.53745698928833 -41.3166618347168 0
vertex 6.683447360992432 -41.219112396240234 0
endloop
endfacet
facet normal 0 0 -1
outer loop
vertex 6.53745698928833 -41.3166618347168 0
vertex 6.476245403289795 -41.74299240112305 0
vertex 6.454764366149902 -41.33311080932617 0
endloop
endfacet
facet normal 0 0 -1
outer loop
vertex 6.53745698928833 -41.3166618347168 0
vertex 6.53745698928833 -41.75516891479492 0
vertex 6.476245403289795 -41.74299240112305 0
endloop
endfacet
facet normal 0 0 -1
outer loop
vertex 6.53745698928833 -41.75516891479492 0
vertex 6.53745698928833 -41.3166618347168 0
vertex 6.683447360992432 -41.852718353271484 0
endloop
endfacet
facet normal 0 0 -1
outer loop
vertex 6.683447360992432 -42.489112854003906 0
vertex 6.543649196624756 -43.029136657714844 0
vertex 6.53745698928833 -42.58666229248047 0
endloop
endfacet
facet normal 0 0 -1
outer loop
vertex 6.683701515197754 -43.12271499633789 0
vertex 6.543649196624756 -43.029136657714844 0
vertex 6.683447360992432 -42.489112854003906 0
endloop
endfacet
facet normal 0 0 -1
outer loop
vertex 6.683701515197754 -44.39271545410156 0
vertex 6.537711143493652 -43.856658935546875 0
vertex 6.683701515197754 -43.75911331176758 0
endloop
endfacet
facet normal 0 0 -1
outer loop
vertex 6.537711143493652 -44.295169830322266 0
vertex 6.365503311157227 -43.89091491699219 0
vertex 6.537711143493652 -43.856658935546875 0
endloop
endfacet
facet normal 0 0 -1
outer loop
vertex 6.683701515197754 -44.39271545410156 0
vertex 6.537711143493652 -44.295169830322266 0
vertex 6.537711143493652 -43.856658935546875 0
endloop
endfacet
facet normal 0 0 -1
outer loop
vertex 6.365503311157227 -43.89091491699219 0
vertex 6.365503311157227 -44.26091384887695 0
vertex 6.193295955657959 -43.856658935546875 0
endloop
endfacet
facet normal 0 0 -1
outer loop
vertex 6.193295955657959 -44.295169830322266 0
vertex 6.1146240234375 -43.80409240722656 0
vertex 6.193295955657959 -43.856658935546875 0
endloop
endfacet
facet normal 0 0 -1
outer loop
vertex 6.365503311157227 -44.26091384887695 0
vertex 6.365503311157227 -43.89091491699219 0
vertex 6.537711143493652 -44.295169830322266 0
endloop
endfacet
facet normal 0 0 -1
outer loop
vertex 6.193295955657959 -44.295169830322266 0
vertex 6.193295955657959 -43.856658935546875 0
vertex 6.365503311157227 -44.26091384887695 0
endloop
endfacet
facet normal 0 0 -1
outer loop
vertex 6.193295955657959 -44.295169830322266 0
vertex 5.883935928344727 -43.816184997558594 0
vertex 6.1146240234375 -43.80409240722656 0
endloop
endfacet
facet normal 0 0 -1
outer loop
vertex 6.047305583953857 -44.39271545410156 0
vertex 5.883935928344727 -43.816184997558594 0
vertex 6.193295955657959 -44.295169830322266 0
endloop
endfacet
facet normal 0 0 -1
outer loop
vertex 5.9497575759887695 -44.5387077331543 0
vertex 5.883935928344727 -43.816184997558594 0
vertex 6.047305583953857 -44.39271545410156 0
endloop
endfacet
facet normal 0 0 -1
outer loop
vertex 6.683701515197754 -45.662715911865234 0
vertex 6.537711143493652 -45.12665939331055 0
vertex 6.683701515197754 -45.02911376953125 0
endloop
endfacet
facet normal 0 0 -1
outer loop
vertex 6.537711143493652 -45.12665939331055 0
vertex 6.537711143493652 -45.56517028808594 0
vertex 6.365503311157227 -45.16091537475586 0
endloop
endfacet
facet normal 0 0 -1
outer loop
vertex 6.365503311157227 -45.16091537475586 0
vertex 6.365503311157227 -45.530914306640625 0
vertex 6.193295955657959 -45.12665939331055 0
endloop
endfacet
facet normal 0 0 -1
outer loop
vertex 5.927631378173828 -44.64994430541992 0
vertex 5.883935928344727 -43.816184997558594 0
vertex 5.9497575759887695 -44.5387077331543 0
endloop
endfacet
facet normal 0 0 -1
outer loop
vertex 6.193295955657959 -45.12665939331055 0
vertex 6.193295955657959 -45.56517028808594 0
vertex 6.047305583953857 -45.02911376953125 0
endloop
endfacet
facet normal 0 0 -1
outer loop
vertex 6.047305583953857 -45.02911376953125 0
vertex 5.9855523109436035 -45.7551383972168 0
vertex 5.9497575759887695 -44.883121490478516 0
endloop
endfacet
facet normal 0 0 -1
outer loop
vertex 6.537711143493652 -45.56517028808594 0
vertex 6.537711143493652 -45.12665939331055 0
vertex 6.683701515197754 -45.662715911865234 0
endloop
endfacet
facet normal 0 0 -1
outer loop
vertex 6.365503311157227 -45.530914306640625 0
vertex 6.365503311157227 -45.16091537475586 0
vertex 6.537711143493652 -45.56517028808594 0
endloop
endfacet
facet normal 0 0 -1
outer loop
vertex 6.193295955657959 -45.56517028808594 0
vertex 6.193295955657959 -45.12665939331055 0
vertex 6.365503311157227 -45.530914306640625 0
endloop
endfacet
facet normal 0 0 -1
outer loop
vertex 5.9855523109436035 -45.7551383972168 0
vertex 6.047305583953857 -45.02911376953125 0
vertex 6.193295955657959 -45.56517028808594 0
endloop
endfacet
facet normal 0 0 -1
outer loop
vertex 6.683701515197754 -46.932716369628906 0
vertex 6.537711143493652 -46.39665985107422 0
vertex 6.683701515197754 -46.29911422729492 0
endloop
endfacet
facet normal 0 0 -1
outer loop
vertex 6.537711143493652 -46.39665985107422 0
vertex 6.537711143493652 -46.83517074584961 0
vertex 6.365503311157227 -46.43091583251953 0
endloop
endfacet
facet normal 0 0 -1
outer loop
vertex 6.537711143493652 -46.83517074584961 0
vertex 6.537711143493652 -46.39665985107422 0
vertex 6.683701515197754 -46.932716369628906 0
endloop
endfacet
facet normal 0 0 -1
outer loop
vertex 6.365503311157227 -46.8009147644043 0
vertex 6.365503311157227 -46.43091583251953 0
vertex 6.537711143493652 -46.83517074584961 0
endloop
endfacet
facet normal 0 0 -1
outer loop
vertex 6.365503311157227 -46.43091583251953 0
vertex 6.193295955657959 -46.83517074584961 0
vertex 6.193295955657959 -46.39665985107422 0
endloop
endfacet
facet normal 0 0 -1
outer loop
vertex 6.193295955657959 -46.83517074584961 0
vertex 6.365503311157227 -46.43091583251953 0
vertex 6.365503311157227 -46.8009147644043 0
endloop
endfacet
facet normal 0 0 -1
outer loop
vertex 6.193295955657959 -46.83517074584961 0
vertex 6.047305583953857 -46.29911422729492 0
vertex 6.193295955657959 -46.39665985107422 0
endloop
endfacet
facet normal 0 0 -1
outer loop
vertex 6.047305583953857 -46.29911422729492 0
vertex 6.047269344329834 -46.932769775390625 0
vertex 6.011231422424316 -46.24512481689453 0
endloop
endfacet
facet normal 0 0 -1
outer loop
vertex 6.047269344329834 -46.932769775390625 0
vertex 6.047305583953857 -46.29911422729492 0
vertex 6.193295955657959 -46.83517074584961 0
endloop
endfacet
facet normal 0 0 -1
outer loop
vertex 22.949464797973633 -47.07870864868164 0
vertex 6.365503311157227 -49.34091567993164 0
vertex 23.047014236450195 -46.29911422729492 0
endloop
endfacet
facet normal 0 0 -1
outer loop
vertex 22.915210723876953 -47.25091552734375 0
vertex 6.365503311157227 -49.34091567993164 0
vertex 22.949464797973633 -47.07870864868164 0
endloop
endfacet
facet normal 0 0 -1
outer loop
vertex 22.949464797973633 -47.42312240600586 0
vertex 6.365503311157227 -49.34091567993164 0
vertex 22.915210723876953 -47.25091552734375 0
endloop
endfacet
facet normal 0 0 -1
outer loop
vertex 23.047014236450195 -47.569114685058594 0
vertex 6.365503311157227 -49.34091567993164 0
vertex 22.949464797973633 -47.42312240600586 0
endloop
endfacet
facet normal 0 0 -1
outer loop
vertex 23.047014236450195 -48.20271682739258 0
vertex 6.365503311157227 -49.34091567993164 0
vertex 23.047014236450195 -47.569114685058594 0
endloop
endfacet
facet normal 0 0 -1
outer loop
vertex 22.949464797973633 -48.34870529174805 0
vertex 6.365503311157227 -49.34091567993164 0
vertex 23.047014236450195 -48.20271682739258 0
endloop
endfacet
facet normal 0 0 -1
outer loop
vertex 22.915210723876953 -48.52091598510742 0
vertex 6.365503311157227 -49.34091567993164 0
vertex 22.949464797973633 -48.34870529174805 0
endloop
endfacet
facet normal 0 0 -1
outer loop
vertex 22.949464797973633 -48.69312286376953 0
vertex 6.8155035972595215 -49.790916442871094 0
vertex 22.915210723876953 -48.52091598510742 0
endloop
endfacet
facet normal 0 0 -1
outer loop
vertex 23.047014236450195 -48.839111328125 0
vertex 6.8155035972595215 -49.790916442871094 0
vertex 22.949464797973633 -48.69312286376953 0
endloop
endfacet
facet normal 0 0 -1
outer loop
vertex 23.047014236450195 -49.47271728515625 0
vertex 6.8155035972595215 -49.790916442871094 0
vertex 23.047014236450195 -48.839111328125 0
endloop
endfacet
facet normal 0 0 -1
outer loop
vertex 22.949464797973633 -49.61870574951172 0
vertex 6.8155035972595215 -49.790916442871094 0
vertex 23.047014236450195 -49.47271728515625 0
endloop
endfacet
facet normal 0 0 -1
outer loop
vertex 22.915210723876953 -49.790916442871094 0
vertex 6.8155035972595215 -49.790916442871094 0
vertex 22.949464797973633 -49.61870574951172 0
endloop
endfacet
facet normal 0 0 -1
outer loop
vertex 22.949464797973633 -49.9631233215332 0
vertex 6.781249046325684 -49.9631233215332 0
vertex 22.915210723876953 -49.790916442871094 0
endloop
endfacet
facet normal 0 0 -1
outer loop
vertex 23.047014236450195 -50.10911178588867 0
vertex 6.683701515197754 -50.10911178588867 0
vertex 22.949464797973633 -49.9631233215332 0
endloop
endfacet
facet normal 0 0 -1
outer loop
vertex 23.047014236450195 -50.74271774291992 0
vertex 6.683701515197754 -50.10911178588867 0
vertex 23.047014236450195 -50.10911178588867 0
endloop
endfacet
facet normal 0 0 -1
outer loop
vertex 22.949464797973633 -50.88870620727539 0
vertex 6.781249046325684 -50.88870620727539 0
vertex 23.047014236450195 -50.74271774291992 0
endloop
endfacet
facet normal 0 0 -1
outer loop
vertex 22.915210723876953 -51.0609130859375 0
vertex 6.8155035972595215 -51.0609130859375 0
vertex 22.949464797973633 -50.88870620727539 0
endloop
endfacet
facet normal 0 0 -1
outer loop
vertex 22.949464797973633 -51.233123779296875 0
vertex 6.781249046325684 -51.233123779296875 0
vertex 22.915210723876953 -51.0609130859375 0
endloop
endfacet
facet normal 0 0 -1
outer loop
vertex 23.047014236450195 -51.379112243652344 0
vertex 6.683701515197754 -51.379112243652344 0
vertex 22.949464797973633 -51.233123779296875 0
endloop
endfacet
facet normal 0 0 -1
outer loop
vertex 23.047014236450195 -52.012718200683594 0
vertex 6.683701515197754 -51.379112243652344 0
vertex 23.047014236450195 -51.379112243652344 0
endloop
endfacet
facet normal 0 0 -1
outer loop
vertex 22.949464797973633 -52.15870666503906 0
vertex 6.781249046325684 -52.15870666503906 0
vertex 23.047014236450195 -52.012718200683594 0
endloop
endfacet
facet normal 0 0 -1
outer loop
vertex 22.915210723876953 -52.33091354370117 0
vertex 6.8155035972595215 -52.33091354370117 0
vertex 22.949464797973633 -52.15870666503906 0
endloop
endfacet
facet normal 0 0 -1
outer loop
vertex 22.949464797973633 -52.50312042236328 0
vertex 6.781249046325684 -52.50312042236328 0
vertex 22.915210723876953 -52.33091354370117 0
endloop
endfacet
facet normal 0 0 -1
outer loop
vertex 23.047014236450195 -52.649112701416016 0
vertex 6.683701515197754 -52.649112701416016 0
vertex 22.949464797973633 -52.50312042236328 0
endloop
endfacet
facet normal 0 0 -1
outer loop
vertex 23.047014236450195 -53.28271484375 0
vertex 6.683701515197754 -52.649112701416016 0
vertex 23.047014236450195 -52.649112701416016 0
endloop
endfacet
facet normal 0 0 -1
outer loop
vertex 22.949464797973633 -53.428707122802734 0
vertex 6.7809953689575195 -53.428707122802734 0
vertex 23.047014236450195 -53.28271484375 0
endloop
endfacet
facet normal 0 0 -1
outer loop
vertex 22.915210723876953 -53.600914001464844 0
vertex 6.815249443054199 -53.600914001464844 0
vertex 22.949464797973633 -53.428707122802734 0
endloop
endfacet
facet normal 0 0 -1
outer loop
vertex 23.047014236450195 -53.91911315917969 0
vertex 6.683447360992432 -53.91911315917969 0
vertex 22.949464797973633 -53.77312088012695 0
endloop
endfacet
facet normal 0 0 -1
outer loop
vertex 22.949464797973633 -53.77312088012695 0
vertex 6.7809953689575195 -53.77312088012695 0
vertex 22.915210723876953 -53.600914001464844 0
endloop
endfacet
facet normal 0 0 -1
outer loop
vertex 6.53745698928833 -54.016658782958984 0
vertex 23.193004608154297 -54.016658782958984 0
vertex 23.365211486816406 -54.0509147644043 0
endloop
endfacet
facet normal 0 0 -1
outer loop
vertex 6.53745698928833 -54.016658782958984 0
vertex 23.047014236450195 -53.91911315917969 0
vertex 23.193004608154297 -54.016658782958984 0
endloop
endfacet
facet normal 0 0 -1
outer loop
vertex 6.193295955657959 -49.37516784667969 0
vertex 22.915210723876953 -45.98091506958008 0
vertex 6.365503311157227 -49.34091567993164 0
endloop
endfacet
facet normal 0 0 -1
outer loop
vertex 22.915210723876953 -48.52091598510742 0
vertex 6.781249046325684 -49.61870574951172 0
vertex 6.683701515197754 -49.47271728515625 0
endloop
endfacet
facet normal 0 0 -1
outer loop
vertex 6.537711143493652 -49.37516784667969 0
vertex 22.915210723876953 -48.52091598510742 0
vertex 6.683701515197754 -49.47271728515625 0
endloop
endfacet
facet normal 0 0 -1
outer loop
vertex 6.365503311157227 -49.34091567993164 0
vertex 22.915210723876953 -48.52091598510742 0
vertex 6.537711143493652 -49.37516784667969 0
endloop
endfacet
facet normal 0 0 -1
outer loop
vertex 6.8155035972595215 -49.790916442871094 0
vertex 6.781249046325684 -49.61870574951172 0
vertex 22.915210723876953 -48.52091598510742 0
endloop
endfacet
facet normal 0 0 -1
outer loop
vertex 6.781249046325684 -49.9631233215332 0
vertex 6.8155035972595215 -49.790916442871094 0
vertex 22.915210723876953 -49.790916442871094 0
endloop
endfacet
facet normal 0 0 -1
outer loop
vertex 6.683701515197754 -50.10911178588867 0
vertex 6.781249046325684 -49.9631233215332 0
vertex 22.949464797973633 -49.9631233215332 0
endloop
endfacet
facet normal 0 0 -1
outer loop
vertex 23.047014236450195 -50.74271774291992 0
vertex 6.537711143493652 -50.206661224365234 0
vertex 6.683701515197754 -50.10911178588867 0
endloop
endfacet
facet normal 0 0 -1
outer loop
vertex 23.047014236450195 -50.74271774291992 0
vertex 6.683701515197754 -50.74271774291992 0
vertex 6.537711143493652 -50.206661224365234 0
endloop
endfacet
facet normal 0 0 -1
outer loop
vertex 6.683701515197754 -50.74271774291992 0
vertex 23.047014236450195 -50.74271774291992 0
vertex 6.781249046325684 -50.88870620727539 0
endloop
endfacet
facet normal 0 0 -1
outer loop
vertex 6.8155035972595215 -51.0609130859375 0
vertex 6.781249046325684 -50.88870620727539 0
vertex 22.949464797973633 -50.88870620727539 0
endloop
endfacet
facet normal 0 0 -1
outer loop
vertex 6.781249046325684 -51.233123779296875 0
vertex 6.8155035972595215 -51.0609130859375 0
vertex 22.915210723876953 -51.0609130859375 0
endloop
endfacet
facet normal 0 0 -1
outer loop
vertex 6.683701515197754 -51.379112243652344 0
vertex 6.781249046325684 -51.233123779296875 0
vertex 22.949464797973633 -51.233123779296875 0
endloop
endfacet
facet normal 0 -1 0
outer loop
vertex -12.462516784667969 -63.0609130859375 2.200000047683716
vertex -12.462516784667969 -63.0609130859375 0
vertex 44.33627700805664 -63.0609130859375 0
endloop
endfacet
facet normal 0 0 -1
outer loop
vertex 23.047014236450195 -52.012718200683594 0
vertex 6.537711143493652 -51.476661682128906 0
vertex 6.683701515197754 -51.379112243652344 0
endloop
endfacet
facet normal 0 0 -1
outer loop
vertex 23.047014236450195 -52.012718200683594 0
vertex 6.683701515197754 -52.012718200683594 0
vertex 6.537711143493652 -51.476661682128906 0
endloop
endfacet
facet normal 0 0 -1
outer loop
vertex 6.683701515197754 -52.012718200683594 0
vertex 23.047014236450195 -52.012718200683594 0
vertex 6.781249046325684 -52.15870666503906 0
endloop
endfacet
facet normal 0 0 -1
outer loop
vertex 6.8155035972595215 -52.33091354370117 0
vertex 6.781249046325684 -52.15870666503906 0
vertex 22.949464797973633 -52.15870666503906 0
endloop
endfacet
facet normal 0 0 -1
outer loop
vertex 6.781249046325684 -52.50312042236328 0
vertex 6.8155035972595215 -52.33091354370117 0
vertex 22.915210723876953 -52.33091354370117 0
endloop
endfacet
facet normal 0 0 -1
outer loop
vertex 6.683701515197754 -52.649112701416016 0
vertex 6.781249046325684 -52.50312042236328 0
vertex 22.949464797973633 -52.50312042236328 0
endloop
endfacet
facet normal 0 0 -1
outer loop
vertex 23.047014236450195 -53.28271484375 0
vertex 6.537711143493652 -52.74666213989258 0
vertex 6.683701515197754 -52.649112701416016 0
endloop
endfacet
facet normal 0 0 -1
outer loop
vertex 23.047014236450195 -53.28271484375 0
vertex 6.683447360992432 -53.28271484375 0
vertex 6.537711143493652 -52.74666213989258 0
endloop
endfacet
facet normal 0 0 -1
outer loop
vertex 6.683447360992432 -53.28271484375 0
vertex 23.047014236450195 -53.28271484375 0
vertex 6.7809953689575195 -53.428707122802734 0
endloop
endfacet
facet normal 0 0 -1
outer loop
vertex 6.815249443054199 -53.600914001464844 0
vertex 6.7809953689575195 -53.428707122802734 0
vertex 22.949464797973633 -53.428707122802734 0
endloop
endfacet
facet normal 0 0 -1
outer loop
vertex 6.7809953689575195 -53.77312088012695 0
vertex 6.815249443054199 -53.600914001464844 0
vertex 22.915210723876953 -53.600914001464844 0
endloop
endfacet
facet normal 0 0 -1
outer loop
vertex 6.683447360992432 -53.91911315917969 0
vertex 6.7809953689575195 -53.77312088012695 0
vertex 22.949464797973633 -53.77312088012695 0
endloop
endfacet
facet normal 0 0 -1
outer loop
vertex 6.53745698928833 -54.016658782958984 0
vertex 6.683447360992432 -53.91911315917969 0
vertex 23.047014236450195 -53.91911315917969 0
endloop
endfacet
facet normal 0 0 -1
outer loop
vertex -18.145366668701172 -57.233863830566406 0
vertex 6.3652496337890625 -54.0509147644043 0
vertex 48.67860794067383 -55.478267669677734 0
endloop
endfacet
facet normal 0 0 -1
outer loop
vertex 6.537711143493652 -48.105167388916016 0
vertex 6.537711143493652 -47.66666030883789 0
vertex 6.683701515197754 -47.569114685058594 0
endloop
endfacet
facet normal 0 0 -1
outer loop
vertex 6.537711143493652 -48.105167388916016 0
vertex 6.365503311157227 -47.7009162902832 0
vertex 6.537711143493652 -47.66666030883789 0
endloop
endfacet
facet normal 0 0 -1
outer loop
vertex 6.365503311157227 -48.07091522216797 0
vertex 6.365503311157227 -47.7009162902832 0
vertex 6.537711143493652 -48.105167388916016 0
endloop
endfacet
facet normal 0 0 -1
outer loop
vertex 6.365503311157227 -48.07091522216797 0
vertex 6.193295955657959 -47.66666030883789 0
vertex 6.365503311157227 -47.7009162902832 0
endloop
endfacet
facet normal 0 0 -1
outer loop
vertex 6.193295955657959 -48.105167388916016 0
vertex 6.193295955657959 -47.66666030883789 0
vertex 6.365503311157227 -48.07091522216797 0
endloop
endfacet
facet normal 0 0 -1
outer loop
vertex 6.047305583953857 -47.569114685058594 0
vertex 6.047305583953857 -48.20271682739258 0
vertex 5.9497575759887695 -47.42312240600586 0
endloop
endfacet
facet normal 0 0 -1
outer loop
vertex 6.193295955657959 -48.105167388916016 0
vertex 6.047305583953857 -47.569114685058594 0
vertex 6.193295955657959 -47.66666030883789 0
endloop
endfacet
facet normal 0 0 -1
outer loop
vertex 6.047305583953857 -48.20271682739258 0
vertex 6.047305583953857 -47.569114685058594 0
vertex 6.193295955657959 -48.105167388916016 0
endloop
endfacet
facet normal 0 0 -1
outer loop
vertex 5.9497575759887695 -48.34870529174805 0
vertex 5.9497575759887695 -47.42312240600586 0
vertex 6.047305583953857 -48.20271682739258 0
endloop
endfacet
facet normal 0 0 -1
outer loop
vertex 6.537711143493652 -50.206661224365234 0
vertex 6.537711143493652 -50.64516830444336 0
vertex 6.365503311157227 -50.24091339111328 0
endloop
endfacet
facet normal 0 0 -1
outer loop
vertex 6.683701515197754 -50.74271774291992 0
vertex 6.537711143493652 -50.64516830444336 0
vertex 6.537711143493652 -50.206661224365234 0
endloop
endfacet
facet normal 0 0 -1
outer loop
vertex 6.365503311157227 -50.24091339111328 0
vertex 6.365503311157227 -50.61091613769531 0
vertex 6.193295955657959 -50.206661224365234 0
endloop
endfacet
facet normal 0 0 -1
outer loop
vertex 6.365503311157227 -50.61091613769531 0
vertex 6.365503311157227 -50.24091339111328 0
vertex 6.537711143493652 -50.64516830444336 0
endloop
endfacet
facet normal 0 0 -1
outer loop
vertex 6.193295955657959 -50.64516830444336 0
vertex 6.193295955657959 -50.206661224365234 0
vertex 6.365503311157227 -50.61091613769531 0
endloop
endfacet
facet normal 0 0 -1
outer loop
vertex 6.193295955657959 -50.64516830444336 0
vertex 6.047305583953857 -50.10911178588867 0
vertex 6.193295955657959 -50.206661224365234 0
endloop
endfacet
facet normal 0 0 -1
outer loop
vertex 6.047305583953857 -50.74271774291992 0
vertex 6.047305583953857 -50.10911178588867 0
vertex 6.193295955657959 -50.64516830444336 0
endloop
endfacet
facet normal 0 0 -1
outer loop
vertex 5.9497575759887695 -50.88870620727539 0
vertex 6.047305583953857 -50.10911178588867 0
vertex 6.047305583953857 -50.74271774291992 0
endloop
endfacet
facet normal 0 0 -1
outer loop
vertex 6.537711143493652 -51.476661682128906 0
vertex 6.537711143493652 -51.91516876220703 0
vertex 6.365503311157227 -51.51091384887695 0
endloop
endfacet
facet normal 0 0 -1
outer loop
vertex 6.365503311157227 -51.51091384887695 0
vertex 6.365503311157227 -51.880916595458984 0
vertex 6.193295955657959 -51.476661682128906 0
endloop
endfacet
facet normal 0 0 -1
outer loop
vertex 6.683701515197754 -52.012718200683594 0
vertex 6.537711143493652 -51.91516876220703 0
vertex 6.537711143493652 -51.476661682128906 0
endloop
endfacet
facet normal 0 0 -1
outer loop
vertex 6.365503311157227 -51.880916595458984 0
vertex 6.365503311157227 -51.51091384887695 0
vertex 6.537711143493652 -51.91516876220703 0
endloop
endfacet
facet normal 0 0 -1
outer loop
vertex 6.193295955657959 -51.91516876220703 0
vertex 6.193295955657959 -51.476661682128906 0
vertex 6.365503311157227 -51.880916595458984 0
endloop
endfacet
facet normal 0 0 -1
outer loop
vertex 6.193295955657959 -51.91516876220703 0
vertex 6.047305583953857 -51.379112243652344 0
vertex 6.193295955657959 -51.476661682128906 0
endloop
endfacet
facet normal 0 0 -1
outer loop
vertex 6.047305583953857 -52.012718200683594 0
vertex 6.047305583953857 -51.379112243652344 0
vertex 6.193295955657959 -51.91516876220703 0
endloop
endfacet
facet normal 0 0 -1
outer loop
vertex 5.9497575759887695 -52.15870666503906 0
vertex 6.047305583953857 -51.379112243652344 0
vertex 6.047305583953857 -52.012718200683594 0
endloop
endfacet
facet normal 0 0 -1
outer loop
vertex 6.53745698928833 -53.1851692199707 0
vertex 6.365503311157227 -52.780914306640625 0
vertex 6.537711143493652 -52.74666213989258 0
endloop
endfacet
facet normal 0 0 -1
outer loop
vertex 6.683447360992432 -53.28271484375 0
vertex 6.53745698928833 -53.1851692199707 0
vertex 6.537711143493652 -52.74666213989258 0
endloop
endfacet
facet normal 0 0 -1
outer loop
vertex 6.365503311157227 -52.780914306640625 0
vertex 6.3652496337890625 -53.15091323852539 0
vertex 6.193295955657959 -52.74666213989258 0
endloop
endfacet
facet normal 0 0 -1
outer loop
vertex 6.3652496337890625 -53.15091323852539 0
vertex 6.365503311157227 -52.780914306640625 0
vertex 6.53745698928833 -53.1851692199707 0
endloop
endfacet
facet normal 0 0 -1
outer loop
vertex 6.193041801452637 -53.1851692199707 0
vertex 6.193295955657959 -52.74666213989258 0
vertex 6.3652496337890625 -53.15091323852539 0
endloop
endfacet
facet normal 0 0 -1
outer loop
vertex 6.193041801452637 -53.1851692199707 0
vertex 6.047305583953857 -52.649112701416016 0
vertex 6.193295955657959 -52.74666213989258 0
endloop
endfacet
facet normal 0 0 -1
outer loop
vertex 6.047051429748535 -53.28271484375 0
vertex 6.047305583953857 -52.649112701416016 0
vertex 6.193041801452637 -53.1851692199707 0
endloop
endfacet
facet normal 0 0 -1
outer loop
vertex 5.9495038986206055 -53.428707122802734 0
vertex 6.047305583953857 -52.649112701416016 0
vertex 6.047051429748535 -53.28271484375 0
endloop
endfacet
facet normal 0 0 -1
outer loop
vertex 22.949464797973633 -43.613121032714844 0
vertex -18.145366668701172 -57.233863830566406 0
vertex 6.537711143493652 -48.93666076660156 0
endloop
endfacet
facet normal 0 0 -1
outer loop
vertex 6.193295955657959 -49.37516784667969 0
vertex -18.145366668701172 -57.233863830566406 0
vertex 22.949464797973633 -43.613121032714844 0
endloop
endfacet
facet normal 0 0 -1
outer loop
vertex 5.9497575759887695 -47.42312240600586 0
vertex -8.010948181152344 -48.0992546081543 0
vertex 5.938828468322754 -47.36817932128906 0
endloop
endfacet
facet normal 0 0 -1
outer loop
vertex 5.9497575759887695 -48.34870529174805 0
vertex -8.010948181152344 -48.0992546081543 0
vertex 5.9497575759887695 -47.42312240600586 0
endloop
endfacet
facet normal 0 0 -1
outer loop
vertex 5.91550350189209 -48.52091598510742 0
vertex -8.010948181152344 -48.0992546081543 0
vertex 5.9497575759887695 -48.34870529174805 0
endloop
endfacet
facet normal 0 0 -1
outer loop
vertex 48.55112838745117 -55.59672164916992 0
vertex -14.840615272521973 -61.1104850769043 0
vertex -15.090042114257812 -59.860565185546875 0
endloop
endfacet
facet normal 0 0 -1
outer loop
vertex -15.090042114257812 -59.860565185546875 0
vertex -15.214078903198242 -59.653114318847656 0
vertex 48.55112838745117 -55.59672164916992 0
endloop
endfacet
facet normal 0 0 -1
outer loop
vertex -18.145366668701172 -57.233863830566406 0
vertex 48.55112838745117 -55.59672164916992 0
vertex -15.214078903198242 -59.653114318847656 0
endloop
endfacet
facet normal 0 0 -1
outer loop
vertex -12.462516784667969 -63.0609130859375 0
vertex -14.840615272521973 -61.1104850769043 0
vertex 48.55112838745117 -55.59672164916992 0
endloop
endfacet
facet normal 0 0 1
outer loop
vertex 10.99878978729248 53.11829376220703 2.200000047683716
vertex -9.159750938415527 44.5740852355957 2.200000047683716
vertex -7.859750747680664 44.5740852355957 2.200000047683716
endloop
endfacet
facet normal 0 0 1
outer loop
vertex 10.99878978729248 53.11829376220703 2.200000047683716
vertex -24.859750747680664 44.5740852355957 2.200000047683716
vertex -9.159750938415527 44.5740852355957 2.200000047683716
endloop
endfacet
facet normal 0 0 1
outer loop
vertex 59.92092514038086 61.090755462646484 2.200000047683716
vertex 66.2995834350586 42.0465202331543 2.200000047683716
vertex 72.05626678466797 46.47113037109375 2.200000047683716
endloop
endfacet
facet normal 0 0 1
outer loop
vertex 59.92092514038086 61.090755462646484 2.200000047683716
vertex 56.20781707763672 54.07341766357422 2.200000047683716
vertex 66.2995834350586 42.0465202331543 2.200000047683716
endloop
endfacet
facet normal 0 0 1
outer loop
vertex 73.05655670166016 47.30144500732422 2.200000047683716
vertex 72.05626678466797 46.47113037109375 2.200000047683716
vertex 74.89800262451172 45.08303451538086 2.200000047683716
endloop
endfacet
facet normal 0 0 1
outer loop
vertex 74.89800262451172 45.08303451538086 2.200000047683716
vertex 66.2995834350586 42.0465202331543 2.200000047683716
vertex 75.39804077148438 43.37715148925781 2.200000047683716
endloop
endfacet
facet normal 0 0 1
outer loop
vertex 66.2995834350586 42.0465202331543 2.200000047683716
vertex 74.89800262451172 45.08303451538086 2.200000047683716
vertex 72.05626678466797 46.47113037109375 2.200000047683716
endloop
endfacet
facet normal 0 0 1
outer loop
vertex 66.2995834350586 42.0465202331543 2.200000047683716
vertex 74.81949615478516 38.67898178100586 2.200000047683716
vertex 75.39804077148438 43.37715148925781 2.200000047683716
endloop
endfacet
facet normal 0 0 1
outer loop
vertex 74.81949615478516 38.67898178100586 2.200000047683716
vertex 54.272682189941406 31.954753875732422 2.200000047683716
vertex 74.03103637695312 37.23659133911133 2.200000047683716
endloop
endfacet
facet normal 0 0 1
outer loop
vertex 54.272682189941406 31.954753875732422 2.200000047683716
vertex 74.81949615478516 38.67898178100586 2.200000047683716
vertex 66.2995834350586 42.0465202331543 2.200000047683716
endloop
endfacet
facet normal 0 0 1
outer loop
vertex 60.87976837158203 61.88666534423828 2.200000047683716
vertex 59.552696228027344 62.607627868652344 2.200000047683716
vertex 38.869327545166016 50.577232360839844 2.200000047683716
endloop
endfacet
facet normal 0 0 1
outer loop
vertex 59.92092514038086 61.090755462646484 2.200000047683716
vertex 60.87976837158203 61.88666534423828 2.200000047683716
vertex 38.869327545166016 50.577232360839844 2.200000047683716
endloop
endfacet
facet normal 0 0 1
outer loop
vertex 59.552696228027344 62.607627868652344 2.200000047683716
vertex 54.8175163269043 63.16585159301758 2.200000047683716
vertex 38.869327545166016 50.577232360839844 2.200000047683716
endloop
endfacet
facet normal 0 0 1
outer loop
vertex 53.104095458984375 62.64893341064453 2.200000047683716
vertex 38.869327545166016 50.577232360839844 2.200000047683716
vertex 54.8175163269043 63.16585159301758 2.200000047683716
endloop
endfacet
facet normal 0 0 1
outer loop
vertex 56.20781707763672 54.07341766357422 2.200000047683716
vertex 59.92092514038086 61.090755462646484 2.200000047683716
vertex 38.869327545166016 50.577232360839844 2.200000047683716
endloop
endfacet
facet normal 0 0 1
outer loop
vertex -9.159750938415527 28.87408447265625 2.200000047683716
vertex -7.859750747680664 44.5740852355957 2.200000047683716
vertex -9.159750938415527 44.5740852355957 2.200000047683716
endloop
endfacet
facet normal 0 0 1
outer loop
vertex 38.869327545166016 50.577232360839844 2.200000047683716
vertex 44.1809196472168 43.981651306152344 2.200000047683716
vertex 56.20781707763672 54.07341766357422 2.200000047683716
endloop
endfacet
facet normal 0 0 1
outer loop
vertex -7.859750747680664 44.5740852355957 2.200000047683716
vertex -9.159750938415527 27.574085235595703 2.200000047683716
vertex -7.859750747680664 28.87408447265625 2.200000047683716
endloop
endfacet
facet normal 0 0 1
outer loop
vertex -9.159750938415527 28.87408447265625 2.200000047683716
vertex -9.159750938415527 27.574085235595703 2.200000047683716
vertex -7.859750747680664 44.5740852355957 2.200000047683716
endloop
endfacet
facet normal 0 0 1
outer loop
vertex 38.869327545166016 50.577232360839844 2.200000047683716
vertex 38.80610656738281 50.53449630737305 2.200000047683716
vertex 41.666038513183594 41.578330993652344 2.200000047683716
endloop
endfacet
facet normal 0 0 1
outer loop
vertex 44.1809196472168 43.981651306152344 2.200000047683716
vertex 59.73143768310547 25.185649871826172 2.200000047683716
vertex 54.272682189941406 31.954753875732422 2.200000047683716
endloop
endfacet
facet normal 0 0 1
outer loop
vertex 38.869327545166016 50.577232360839844 2.200000047683716
vertex 59.845985412597656 20.034517288208008 2.200000047683716
vertex 44.1809196472168 43.981651306152344 2.200000047683716
endloop
endfacet
facet normal 0 0 1
outer loop
vertex 38.80610656738281 50.53449630737305 2.200000047683716
vertex 37.7716064453125 49.988609313964844 2.200000047683716
vertex 41.666038513183594 41.578330993652344 2.200000047683716
endloop
endfacet
facet normal 0 0 1
outer loop
vertex 10.99878978729248 53.11829376220703 2.200000047683716
vertex -44.70143127441406 53.22565460205078 2.200000047683716
vertex -24.859750747680664 44.5740852355957 2.200000047683716
endloop
endfacet
facet normal 0 0 1
outer loop
vertex -26.15974998474121 44.5740852355957 2.200000047683716
vertex -24.859750747680664 44.5740852355957 2.200000047683716
vertex -44.70143127441406 53.22565460205078 2.200000047683716
endloop
endfacet
facet normal 0 0 1
outer loop
vertex -44.70143127441406 53.22565460205078 2.200000047683716
vertex -41.85974884033203 44.5740852355957 2.200000047683716
vertex -26.15974998474121 44.5740852355957 2.200000047683716
endloop
endfacet
facet normal 0 0 1
outer loop
vertex 37.700645446777344 49.96054458618164 2.200000047683716
vertex 41.666038513183594 41.578330993652344 2.200000047683716
vertex 37.7716064453125 49.988609313964844 2.200000047683716
endloop
endfacet
facet normal 0 0 1
outer loop
vertex 41.666038513183594 41.578330993652344 2.200000047683716
vertex 59.845985412597656 20.034517288208008 2.200000047683716
vertex 38.869327545166016 50.577232360839844 2.200000047683716
endloop
endfacet
facet normal 0 0 1
outer loop
vertex 68.75359344482422 -22.228225708007812 2.200000047683716
vertex 65.5877685546875 -3.4938302040100098 2.200000047683716
vertex 61.05127716064453 -20.17966651916504 2.200000047683716
endloop
endfacet
facet normal 0.47737410835039223 0.878700154021079 0
outer loop
vertex 60.87976837158203 61.88666534423828 2.200000047683716
vertex 60.87976837158203 61.88666534423828 1.7000000476837158
vertex 59.552696228027344 62.607627868652344 2.200000047683716
endloop
endfacet
facet normal 0 0 1
outer loop
vertex 58.24861145019531 -3.4510021209716797 2.200000047683716
vertex 58.32500076293945 -4.7181854248046875 2.200000047683716
vertex 61.05127716064453 -20.17966651916504 2.200000047683716
endloop
endfacet
facet normal 0 0 1
outer loop
vertex 65.5877685546875 -3.4938302040100098 2.200000047683716
vertex 63.56424331665039 16.28286361694336 2.200000047683716
vertex 61.05127716064453 -20.17966651916504 2.200000047683716
endloop
endfacet
facet normal 0 0 1
outer loop
vertex 69.97376251220703 -22.022035598754883 2.200000047683716
vertex 68.75359344482422 -22.228225708007812 2.200000047683716
vertex 69.58795166015625 -23.595972061157227 2.200000047683716
endloop
endfacet
facet normal 0 0 -1
outer loop
vertex -37.5110969543457 -39.95368194580078 0
vertex -74.13661193847656 -15.016860008239746 0
vertex -65.6456298828125 -11.506404876708984 0
endloop
endfacet
facet normal 0 0 1
outer loop
vertex 68.75359344482422 -22.228225708007812 2.200000047683716
vertex 66.77365112304688 -27.31208038330078 2.200000047683716
vertex 69.58795166015625 -23.595972061157227 2.200000047683716
endloop
endfacet
facet normal 0 0 1
outer loop
vertex 68.75359344482422 -22.228225708007812 2.200000047683716
vertex 65.4995346069336 -28.135013580322266 2.200000047683716
vertex 66.77365112304688 -27.31208038330078 2.200000047683716
endloop
endfacet
facet normal 0 0 -1
outer loop
vertex 3.5523691177368164 0.6727622747421265 0
vertex -10.52830696105957 -0.06517471373081207 0
vertex 6.3422346115112305 3.519160270690918 0
endloop
endfacet
facet normal 0 0 1
outer loop
vertex 61.05127716064453 -20.17966651916504 2.200000047683716
vertex 55.960418701171875 -30.311553955078125 2.200000047683716
vertex 68.75359344482422 -22.228225708007812 2.200000047683716
endloop
endfacet
facet normal 0 0 1
outer loop
vertex 55.960418701171875 -30.311553955078125 2.200000047683716
vertex 65.4995346069336 -28.135013580322266 2.200000047683716
vertex 68.75359344482422 -22.228225708007812 2.200000047683716
endloop
endfacet
facet normal 0 0 -1
outer loop
vertex 6.3422346115112305 3.519160270690918 0
vertex -10.52830696105957 -0.06517471373081207 0
vertex 6.415148735046387 7.136781692504883 0
endloop
endfacet
facet normal -0.8956468819594857 -0.4447658516975545 0
outer loop
vertex -75.310791015625 -14.911869049072266 0
vertex -74.3344497680664 -16.877975463867188 0
vertex -75.310791015625 -14.911869049072266 0.20000000298023224
endloop
endfacet
facet normal 0.769453070186774 0.6387033527234277 0
outer loop
vertex 74.89800262451172 45.08303451538086 2.200000047683716
vertex 73.05655670166016 47.30144500732422 1.7000000476837158
vertex 73.05655670166016 47.30144500732422 2.200000047683716
endloop
endfacet
facet normal 0 0 -1
outer loop
vertex 6.3422346115112305 3.519160270690918 0
vertex 3.73816180229187 -2.872372627258301 0
vertex 3.5523691177368164 0.6727622747421265 0
endloop
endfacet
facet normal 0 0 -1
outer loop
vertex 6.3422346115112305 3.519160270690918 0
vertex 6.415148735046387 7.136781692504883 0
vertex 7.031599998474121 3.640713930130005 0
endloop
endfacet
facet normal 0 0 -1
outer loop
vertex 6.415148735046387 7.136781692504883 0
vertex -10.52830696105957 -0.06517471373081207 0
vertex 14.130146980285645 19.079633712768555 0
endloop
endfacet
facet normal 0 0 1
outer loop
vertex -26.15974998474121 44.5740852355957 2.200000047683716
vertex -24.859750747680664 28.87408447265625 2.200000047683716
vertex -24.859750747680664 44.5740852355957 2.200000047683716
endloop
endfacet
facet normal 0 0 -1
outer loop
vertex 14.130146980285645 19.079633712768555 0
vertex -10.52830696105957 -0.06517471373081207 0
vertex 12.53519058227539 22.327497482299805 0
endloop
endfacet
facet normal 0.9596227815088662 0.28129009440289005 0
outer loop
vertex 75.39804077148438 43.37715148925781 2.200000047683716
vertex 74.89800262451172 45.08303451538086 0
vertex 74.89800262451172 45.08303451538086 2.200000047683716
endloop
endfacet
facet normal 0 0 1
outer loop
vertex -24.859750747680664 28.87408447265625 2.200000047683716
vertex -26.15974998474121 44.5740852355957 2.200000047683716
vertex -26.15974998474121 28.87408447265625 2.200000047683716
endloop
endfacet
facet normal 0.9925031113825185 -0.12221936792513745 0
outer loop
vertex 74.81949615478516 38.67898178100586 2.200000047683716
vertex 75.39804077148438 43.37715148925781 0
vertex 75.39804077148438 43.37715148925781 2.200000047683716
endloop
endfacet
facet normal 0.8774601158471227 -0.4796496065854261 0
outer loop
vertex 74.03103637695312 37.23659133911133 2.200000047683716
vertex 74.81949615478516 38.67898178100586 0
vertex 74.81949615478516 38.67898178100586 2.200000047683716
endloop
endfacet
facet normal 0.638702931403319 -0.7694534199136469 0
outer loop
vertex 59.86442565917969 25.477262496948242 2.200000047683716
vertex 74.03103637695312 37.23659133911133 0
vertex 74.03103637695312 37.23659133911133 2.200000047683716
endloop
endfacet
facet normal 0 0 -1
outer loop
vertex 6.415148735046387 7.136781692504883 0
vertex 21.976959228515625 12.74932861328125 0
vertex 20.30093765258789 9.585221290588379 0
endloop
endfacet
facet normal 0 0 -1
outer loop
vertex 6.415148735046387 7.136781692504883 0
vertex 14.130146980285645 19.079633712768555 0
vertex 22.04987335205078 16.3669490814209 0
endloop
endfacet
facet normal 0.0019274724294867133 0.9999981424232915 0
outer loop
vertex 10.99878978729248 53.11829376220703 2.200000047683716
vertex -44.70143127441406 53.22565460205078 0
vertex -44.70143127441406 53.22565460205078 2.200000047683716
endloop
endfacet
facet normal 0.11707784845487061 0.9931227403504455 0
outer loop
vertex 59.552696228027344 62.607627868652344 2.200000047683716
vertex 54.8175163269043 63.16585159301758 0
vertex 54.8175163269043 63.16585159301758 2.200000047683716
endloop
endfacet
facet normal -0.28882999312127083 0.9573804024908629 0
outer loop
vertex 54.8175163269043 63.16585159301758 2.200000047683716
vertex 53.104095458984375 62.64893341064453 0
vertex 53.104095458984375 62.64893341064453 2.200000047683716
endloop
endfacet
facet normal 0 0 -1
outer loop
vertex 21.976959228515625 12.74932861328125 0
vertex 6.415148735046387 7.136781692504883 0
vertex 22.04987335205078 16.3669490814209 0
endloop
endfacet
facet normal -0.6467816754542924 0.7626752023610956 0
outer loop
vertex 53.104095458984375 62.64893341064453 2.200000047683716
vertex 38.869327545166016 50.577232360839844 0
vertex 38.869327545166016 50.577232360839844 2.200000047683716
endloop
endfacet
facet normal -0.5600299298538565 0.8284723759232316 0
outer loop
vertex 38.869327545166016 50.577232360839844 2.200000047683716
vertex 38.80610656738281 50.53449630737305 0
vertex 38.80610656738281 50.53449630737305 2.200000047683716
endloop
endfacet
facet normal -0.46669229835431836 0.8844197525252157 0
outer loop
vertex 38.80610656738281 50.53449630737305 2.200000047683716
vertex 37.7716064453125 49.988609313964844 0
vertex 37.7716064453125 49.988609313964844 2.200000047683716
endloop
endfacet
facet normal -0.36777651961556646 0.9299142065908342 0
outer loop
vertex 37.7716064453125 49.988609313964844 2.200000047683716
vertex 37.700645446777344 49.96054458618164 0
vertex 37.700645446777344 49.96054458618164 2.200000047683716
endloop
endfacet
facet normal 0 0 -1
outer loop
vertex 12.53519058227539 22.327497482299805 0
vertex -10.52830696105957 -0.06517471373081207 0
vertex 10.723457336425781 29.088977813720703 0
endloop
endfacet
facet normal 0 0 -1
outer loop
vertex -10.52830696105957 -0.06517471373081207 0
vertex 7.040249347686768 29.67408561706543 0
vertex 10.48079776763916 32.699188232421875 0
endloop
endfacet
facet normal 0 0 -1
outer loop
vertex 10.723457336425781 29.088977813720703 0
vertex -10.52830696105957 -0.06517471373081207 0
vertex 10.48079776763916 32.699188232421875 0
endloop
endfacet
facet normal 0 0 -1
outer loop
vertex 14.130146980285645 19.079633712768555 0
vertex 12.53519058227539 22.327497482299805 0
vertex 13.211338996887207 22.508670806884766 0
endloop
endfacet
facet normal 0 0 -1
outer loop
vertex -65.6456298828125 -11.506404876708984 0
vertex -74.13661193847656 -15.016860008239746 0
vertex -72.4444580078125 3.907637596130371 0
endloop
endfacet
facet normal 0 0 1
outer loop
vertex -7.859750747680664 28.87408447265625 2.200000047683716
vertex -9.159750938415527 11.874085426330566 2.200000047683716
vertex 7.840249538421631 28.87408447265625 2.200000047683716
endloop
endfacet
facet normal 0 0 1
outer loop
vertex -9.159750938415527 11.874085426330566 2.200000047683716
vertex -7.859750747680664 28.87408447265625 2.200000047683716
vertex -9.159750938415527 27.574085235595703 2.200000047683716
endloop
endfacet
facet normal 0 0 -1
outer loop
vertex -65.6456298828125 -11.506404876708984 0
vertex -72.4444580078125 3.907637596130371 0
vertex -66.03356170654297 -7.908904552459717 0
endloop
endfacet
facet normal 0 0 -1
outer loop
vertex -66.03356170654297 -7.908904552459717 0
vertex -72.4444580078125 3.907637596130371 0
vertex -65.42347717285156 -0.9355418086051941 0
endloop
endfacet
facet normal 0 0 1
outer loop
vertex -9.159750938415527 28.87408447265625 2.200000047683716
vertex -24.859750747680664 28.87408447265625 2.200000047683716
vertex -9.159750938415527 27.574085235595703 2.200000047683716
endloop
endfacet
facet normal 0 0 -1
outer loop
vertex 10.723457336425781 29.088977813720703 0
vertex 10.48079776763916 32.699188232421875 0
vertex 11.399605751037598 29.270151138305664 0
endloop
endfacet
facet normal 0 0 1
outer loop
vertex 54.272682189941406 31.954753875732422 2.200000047683716
vertex 59.86442565917969 25.477262496948242 2.200000047683716
vertex 74.03103637695312 37.23659133911133 2.200000047683716
endloop
endfacet
facet normal 0 0 1
outer loop
vertex 59.86442565917969 25.477262496948242 2.200000047683716
vertex 54.272682189941406 31.954753875732422 2.200000047683716
vertex 59.73143768310547 25.185649871826172 2.200000047683716
endloop
endfacet
facet normal 0 0 1
outer loop
vertex 59.845985412597656 20.034517288208008 2.200000047683716
vertex 55.522335052490234 12.010479927062988 2.200000047683716
vertex 58.24861145019531 -3.4510021209716797 2.200000047683716
endloop
endfacet
facet normal 0 0 1
outer loop
vertex 63.56424331665039 16.28286361694336 2.200000047683716
vertex 62.71262741088867 17.687828063964844 2.200000047683716
vertex 61.05127716064453 -20.17966651916504 2.200000047683716
endloop
endfacet
facet normal 0 0 1
outer loop
vertex 62.71262741088867 17.687828063964844 2.200000047683716
vertex 59.99180603027344 19.74910545349121 2.200000047683716
vertex 61.05127716064453 -20.17966651916504 2.200000047683716
endloop
endfacet
facet normal 0 0 1
outer loop
vertex 63.56424331665039 16.28286361694336 2.200000047683716
vertex 65.5877685546875 -3.4938302040100098 2.200000047683716
vertex 66.86959838867188 -3.277221202850342 2.200000047683716
endloop
endfacet
facet normal 0 0 1
outer loop
vertex 59.845985412597656 20.034517288208008 2.200000047683716
vertex 61.05127716064453 -20.17966651916504 2.200000047683716
vertex 59.99180603027344 19.74910545349121 2.200000047683716
endloop
endfacet
facet normal 0 0 1
outer loop
vertex 59.845985412597656 20.034517288208008 2.200000047683716
vertex 59.73143768310547 25.185649871826172 2.200000047683716
vertex 44.1809196472168 43.981651306152344 2.200000047683716
endloop
endfacet
facet normal 0 0 1
outer loop
vertex 41.666038513183594 41.578330993652344 2.200000047683716
vertex 45.729496002197266 26.413297653198242 2.200000047683716
vertex 59.845985412597656 20.034517288208008 2.200000047683716
endloop
endfacet
facet normal 0 0 1
outer loop
vertex 45.729496002197266 26.413297653198242 2.200000047683716
vertex 55.522335052490234 12.010479927062988 2.200000047683716
vertex 59.845985412597656 20.034517288208008 2.200000047683716
endloop
endfacet
facet normal 0 0 1
outer loop
vertex -9.159750938415527 11.874085426330566 2.200000047683716
vertex -12.743537902832031 3.484370470046997 2.200000047683716
vertex 7.840249538421631 28.87408447265625 2.200000047683716
endloop
endfacet
facet normal 0 0 1
outer loop
vertex -11.36907958984375 0.6918601393699646 2.200000047683716
vertex 7.840249538421631 28.87408447265625 2.200000047683716
vertex -12.743537902832031 3.484370470046997 2.200000047683716
endloop
endfacet
facet normal 0 0 1
outer loop
vertex 45.729496002197266 26.413297653198242 2.200000047683716
vertex 30.56446075439453 22.349838256835938 2.200000047683716
vertex 55.522335052490234 12.010479927062988 2.200000047683716
endloop
endfacet
facet normal 0 0 1
outer loop
vertex 36.584590911865234 19.74215316772461 2.200000047683716
vertex 55.522335052490234 12.010479927062988 2.200000047683716
vertex 30.56446075439453 22.349838256835938 2.200000047683716
endloop
endfacet
facet normal 0 0 1
outer loop
vertex -11.36907958984375 0.6918601393699646 2.200000047683716
vertex 4.309403896331787 1.513534665107727 2.200000047683716
vertex 5.488384246826172 7.785709381103516 2.200000047683716
endloop
endfacet
facet normal 0 0 1
outer loop
vertex 36.584590911865234 19.74215316772461 2.200000047683716
vertex 40.06085205078125 9.28420352935791 2.200000047683716
vertex 55.522335052490234 12.010479927062988 2.200000047683716
endloop
endfacet
facet normal 0 0 1
outer loop
vertex 39.31086730957031 4.280672073364258 2.200000047683716
vertex 40.06085205078125 9.28420352935791 2.200000047683716
vertex 36.584590911865234 19.74215316772461 2.200000047683716
endloop
endfacet
facet normal 0 0 1
outer loop
vertex -9.159750938415527 11.874085426330566 2.200000047683716
vertex -24.859750747680664 11.874085426330566 2.200000047683716
vertex -12.743537902832031 3.484370470046997 2.200000047683716
endloop
endfacet
facet normal 0 0 1
outer loop
vertex 39.31086730957031 4.280672073364258 2.200000047683716
vertex 42.78712844848633 -6.177278518676758 2.200000047683716
vertex 40.06085205078125 9.28420352935791 2.200000047683716
endloop
endfacet
facet normal 0 0 1
outer loop
vertex 42.78712844848633 -6.177278518676758 2.200000047683716
vertex 39.31086730957031 4.280672073364258 2.200000047683716
vertex 39.5366096496582 3.000422239303589 2.200000047683716
endloop
endfacet
facet normal 0.9098523955791421 -0.41493206463094207 0
outer loop
vertex 59.73143768310547 25.185649871826172 2.200000047683716
vertex 59.86442565917969 25.477262496948242 0
vertex 59.86442565917969 25.477262496948242 2.200000047683716
endloop
endfacet
facet normal 0.8551648334982865 0.5183561589755133 0
outer loop
vertex 63.56424331665039 16.28286361694336 2.200000047683716
vertex 62.71262741088867 17.687828063964844 0
vertex 62.71262741088867 17.687828063964844 2.200000047683716
endloop
endfacet
facet normal 0.9997528409680897 0.022231890972959592 0
outer loop
vertex 59.845985412597656 20.034517288208008 2.200000047683716
vertex 59.73143768310547 25.185649871826172 0
vertex 59.73143768310547 25.185649871826172 2.200000047683716
endloop
endfacet
facet normal 0.8905061632691067 0.45497117840555035 0
outer loop
vertex 59.99180603027344 19.74910545349121 2.200000047683716
vertex 59.845985412597656 20.034517288208008 0
vertex 59.845985412597656 20.034517288208008 2.200000047683716
endloop
endfacet
facet normal 0.6038668216322904 0.7970852286498072 0
outer loop
vertex 62.71262741088867 17.687828063964844 2.200000047683716
vertex 59.99180603027344 19.74910545349121 0
vertex 59.99180603027344 19.74910545349121 2.200000047683716
endloop
endfacet
facet normal 0.9860207743538254 0.16662242508942976 0
outer loop
vertex 66.86959838867188 -3.277221202850342 2.200000047683716
vertex 66.86959838867188 -3.277221202850342 1.7000000476837158
vertex 63.56424331665039 16.28286361694336 2.200000047683716
endloop
endfacet
facet normal 0 0 -1
outer loop
vertex 22.82229232788086 -0.6829472184181213 0
vertex 21.606754302978516 6.210707187652588 0
vertex 24.49831199645996 2.4811606407165527 0
endloop
endfacet
facet normal 0 0 -1
outer loop
vertex -66.03356170654297 -7.908904552459717 0
vertex -65.33622741699219 -7.969913482666016 0
vertex -65.6456298828125 -11.506404876708984 0
endloop
endfacet
facet normal -0.8956468819594857 -0.4447658516975545 0
outer loop
vertex -75.310791015625 -14.911869049072266 0.20000000298023224
vertex -74.3344497680664 -16.877975463867188 0
vertex -75.310791015625 -14.911869049072266 1.7000000476837158
endloop
endfacet
facet normal -0.8956420749167774 -0.4447755317446879 0
outer loop
vertex -75.41385650634766 -14.704326629638672 0.20000000298023224
vertex -75.310791015625 -14.911869049072266 0.20000000298023224
vertex -75.310791015625 -14.911869049072266 1.7000000476837158
endloop
endfacet
facet normal -0.08906072673138227 -0.9960261979255756 0
outer loop
vertex -75.38691711425781 -14.403067588806152 0.20000000298023224
vertex -76.08413696289062 -14.34072494506836 1.7000000476837158
vertex -76.08413696289062 -14.34072494506836 0.20000000298023224
endloop
endfacet
facet normal -0.9960261450618179 0.08906131794047673 0
outer loop
vertex -75.93840026855469 -12.710864067077637 0.20000000298023224
vertex -76.08413696289062 -14.34072494506836 0.20000000298023224
vertex -76.08413696289062 -14.34072494506836 1.7000000476837158
endloop
endfacet
facet normal -0.9960256115980732 0.08906728378413695 0
outer loop
vertex -75.38691711425781 -14.403067588806152 0.20000000298023224
vertex -75.41385650634766 -14.704326629638672 0.20000000298023224
vertex -75.38691711425781 -14.403067588806152 1.7000000476837158
endloop
endfacet
facet normal -0.9960261873380755 0.0890608450574895 0.0000037977687801361048
outer loop
vertex -74.48104095458984 3.5877466201782227 0.20000000298023224
vertex -75.93840026855469 -12.710864067077637 0.20000000298023224
vertex -74.84537506103516 -0.4869060218334198 1.7000000476837158
endloop
endfacet
facet normal 0 0 -1
outer loop
vertex -37.5110969543457 -39.95368194580078 0
vertex -65.6456298828125 -11.506404876708984 0
vertex -49.45114517211914 -21.455707550048828 0
endloop
endfacet
facet normal 0 0 -1
outer loop
vertex -49.45114517211914 -21.455707550048828 0
vertex -65.6456298828125 -11.506404876708984 0
vertex -49.83907699584961 -17.85820770263672 0
endloop
endfacet
facet normal 0 0 -1
outer loop
vertex -49.45114517211914 -21.455707550048828 0
vertex -49.83907699584961 -17.85820770263672 0
vertex -49.14174270629883 -17.91921615600586 0
endloop
endfacet
facet normal 0 0 -1
outer loop
vertex -37.5110969543457 -39.95368194580078 0
vertex -49.45114517211914 -21.455707550048828 0
vertex -35.40480041503906 -22.684602737426758 0
endloop
endfacet
facet normal 0 0 -1
outer loop
vertex -49.83907699584961 -17.85820770263672 0
vertex -65.6456298828125 -11.506404876708984 0
vertex -51.59928512573242 -12.73530101776123 0
endloop
endfacet
facet normal 0 0 1
outer loop
vertex 37.700645446777344 49.96054458618164 2.200000047683716
vertex 26.501001358032227 37.51487350463867 2.200000047683716
vertex 41.666038513183594 41.578330993652344 2.200000047683716
endloop
endfacet
facet normal 0 0 1
outer loop
vertex -24.859750747680664 28.87408447265625 2.200000047683716
vertex -24.859750747680664 27.574085235595703 2.200000047683716
vertex -9.159750938415527 27.574085235595703 2.200000047683716
endloop
endfacet
facet normal 0 0 1
outer loop
vertex 37.700645446777344 49.96054458618164 2.200000047683716
vertex 24.666038513183594 37.328330993652344 2.200000047683716
vertex 26.501001358032227 37.51487350463867 2.200000047683716
endloop
endfacet
facet normal 0 0 1
outer loop
vertex -26.15974998474121 28.87408447265625 2.200000047683716
vertex -24.859750747680664 27.574085235595703 2.200000047683716
vertex -24.859750747680664 28.87408447265625 2.200000047683716
endloop
endfacet
facet normal 0 0 1
outer loop
vertex 37.700645446777344 49.96054458618164 2.200000047683716
vertex 20.676097869873047 45.29037857055664 2.200000047683716
vertex 24.666038513183594 37.328330993652344 2.200000047683716
endloop
endfacet
facet normal 0 0 1
outer loop
vertex 20.676097869873047 45.29037857055664 2.200000047683716
vertex 20.431861877441406 45.30965042114258 2.200000047683716
vertex 24.666038513183594 37.328330993652344 2.200000047683716
endloop
endfacet
facet normal 0 0 1
outer loop
vertex 20.431861877441406 45.30965042114258 2.200000047683716
vertex 16.919740676879883 46.90016555786133 2.200000047683716
vertex 24.666038513183594 37.328330993652344 2.200000047683716
endloop
endfacet
facet normal 0 0 1
outer loop
vertex -24.859750747680664 27.574085235595703 2.200000047683716
vertex -31.82757568359375 9.024282455444336 2.200000047683716
vertex -24.859750747680664 11.874085426330566 2.200000047683716
endloop
endfacet
facet normal 0 0 1
outer loop
vertex 24.666038513183594 37.328330993652344 2.200000047683716
vertex 28.729496002197266 22.163297653198242 2.200000047683716
vertex 26.501001358032227 37.51487350463867 2.200000047683716
endloop
endfacet
facet normal 0 0 1
outer loop
vertex 12.618644714355469 52.42109680175781 2.200000047683716
vertex 10.99878978729248 53.11829376220703 2.200000047683716
vertex 7.840249538421631 44.5740852355957 2.200000047683716
endloop
endfacet
facet normal 0 0 1
outer loop
vertex 10.99878978729248 53.11829376220703 2.200000047683716
vertex -7.859750747680664 44.5740852355957 2.200000047683716
vertex 7.840249538421631 44.5740852355957 2.200000047683716
endloop
endfacet
facet normal 0 0 1
outer loop
vertex -24.859750747680664 27.574085235595703 2.200000047683716
vertex -26.15974998474121 28.87408447265625 2.200000047683716
vertex -41.85974884033203 28.87408447265625 2.200000047683716
endloop
endfacet
facet normal 0 0 1
outer loop
vertex 15.740089416503906 49.13588333129883 2.200000047683716
vertex 12.618644714355469 52.42109680175781 2.200000047683716
vertex 7.840249538421631 31.068981170654297 2.200000047683716
endloop
endfacet
facet normal 0 0 1
outer loop
vertex -30.345928192138672 25.959592819213867 2.200000047683716
vertex -24.859750747680664 27.574085235595703 2.200000047683716
vertex -41.85974884033203 28.87408447265625 2.200000047683716
endloop
endfacet
facet normal 0 0 1
outer loop
vertex 7.840249538421631 31.068981170654297 2.200000047683716
vertex 16.744150161743164 47.07101821899414 2.200000047683716
vertex 15.740089416503906 49.13588333129883 2.200000047683716
endloop
endfacet
facet normal 0 0 1
outer loop
vertex 16.919740676879883 46.90016555786133 2.200000047683716
vertex 16.744150161743164 47.07101821899414 2.200000047683716
vertex 7.840249538421631 31.068981170654297 2.200000047683716
endloop
endfacet
facet normal 0 0 1
outer loop
vertex -30.345928192138672 25.959592819213867 2.200000047683716
vertex -31.71427345275879 10.3193359375 2.200000047683716
vertex -24.859750747680664 27.574085235595703 2.200000047683716
endloop
endfacet
facet normal 0 0 1
outer loop
vertex 7.840249538421631 44.5740852355957 2.200000047683716
vertex 7.840249538421631 31.068981170654297 2.200000047683716
vertex 12.618644714355469 52.42109680175781 2.200000047683716
endloop
endfacet
facet normal 0 0 1
outer loop
vertex 16.919740676879883 46.90016555786133 2.200000047683716
vertex 9.501002311706543 33.26487350463867 2.200000047683716
vertex 24.666038513183594 37.328330993652344 2.200000047683716
endloop
endfacet
facet normal 0 0 1
outer loop
vertex 7.840249538421631 31.068981170654297 2.200000047683716
vertex 9.501002311706543 33.26487350463867 2.200000047683716
vertex 16.919740676879883 46.90016555786133 2.200000047683716
endloop
endfacet
facet normal 0 0 -1
outer loop
vertex -49.83907699584961 -17.85820770263672 0
vertex -51.59928512573242 -12.73530101776123 0
vertex -50.59254455566406 -9.259819030761719 0
endloop
endfacet
facet normal 0 0 -1
outer loop
vertex -50.59254455566406 -9.259819030761719 0
vertex -51.59928512573242 -12.73530101776123 0
vertex -51.28988265991211 -9.198809623718262 0
endloop
endfacet
facet normal -0.2645463476688878 0.9643729724204488 0
outer loop
vertex 37.700645446777344 49.96054458618164 2.200000047683716
vertex 20.676097869873047 45.29037857055664 0
vertex 20.676097869873047 45.29037857055664 2.200000047683716
endloop
endfacet
facet normal 0.07866217136735983 0.9969013305216178 0
outer loop
vertex 20.676097869873047 45.29037857055664 2.200000047683716
vertex 20.431861877441406 45.30965042114258 0
vertex 20.431861877441406 45.30965042114258 2.200000047683716
endloop
endfacet
facet normal 0 0 -1
outer loop
vertex -50.59254455566406 -9.259819030761719 0
vertex -49.98245620727539 -2.2864558696746826 0
vertex -49.83907699584961 -17.85820770263672 0
endloop
endfacet
facet normal 0 0 -1
outer loop
vertex -49.83907699584961 -17.85820770263672 0
vertex -49.98245620727539 -2.2864558696746826 0
vertex -49.22898864746094 -10.884844779968262 0
endloop
endfacet
facet normal 0.8993152959496479 0.4373008100506988 0
outer loop
vertex 16.744150161743164 47.07101821899414 2.200000047683716
vertex 15.740089416503906 49.13588333129883 0
vertex 15.740089416503906 49.13588333129883 2.200000047683716
endloop
endfacet
facet normal 0.3953432625294181 0.9185334532680863 0
outer loop
vertex 12.618644714355469 52.42109680175781 2.200000047683716
vertex 10.99878978729248 53.11829376220703 0
vertex 10.99878978729248 53.11829376220703 2.200000047683716
endloop
endfacet
facet normal 0.7249452285189745 0.6888065153928002 0
outer loop
vertex 15.740089416503906 49.13588333129883 2.200000047683716
vertex 12.618644714355469 52.42109680175781 0
vertex 12.618644714355469 52.42109680175781 2.200000047683716
endloop
endfacet
facet normal 0 0 -1
outer loop
vertex -49.22898864746094 -10.884844779968262 0
vertex -49.98245620727539 -2.2864558696746826 0
vertex -48.53165054321289 -10.945853233337402 0
endloop
endfacet
facet normal 0 0 -1
outer loop
vertex -48.53165054321289 -10.945853233337402 0
vertex -49.98245620727539 -2.2864558696746826 0
vertex -48.22224807739258 -7.409362316131592 0
endloop
endfacet
facet normal 0.4125335172075342 0.9109424225385385 0
outer loop
vertex 20.431861877441406 45.30965042114258 2.200000047683716
vertex 16.919740676879883 46.90016555786133 0
vertex 16.919740676879883 46.90016555786133 2.200000047683716
endloop
endfacet
facet normal 0.6973713889769523 0.7167099454007572 0
outer loop
vertex 16.919740676879883 46.90016555786133 2.200000047683716
vertex 16.744150161743164 47.07101821899414 0
vertex 16.744150161743164 47.07101821899414 2.200000047683716
endloop
endfacet
facet normal 0 0 -1
outer loop
vertex -50.67979049682617 -2.2254467010498047 0
vertex -50.37038803100586 1.311044454574585 0
vertex -49.98245620727539 -2.2864558696746826 0
endloop
endfacet
facet normal 0 0 1
outer loop
vertex -31.82757568359375 9.024282455444336 2.200000047683716
vertex -12.743537902832031 3.484370470046997 2.200000047683716
vertex -24.859750747680664 11.874085426330566 2.200000047683716
endloop
endfacet
facet normal 0 0 -1
outer loop
vertex -49.98245620727539 -2.2864558696746826 0
vertex -50.37038803100586 1.311044454574585 0
vertex -48.22224807739258 -7.409362316131592 0
endloop
endfacet
facet normal 0 0 -1
outer loop
vertex -48.22224807739258 -7.409362316131592 0
vertex -50.37038803100586 1.311044454574585 0
vertex -47.96949768066406 -4.520397663116455 0
endloop
endfacet
facet normal 0 0 1
outer loop
vertex -28.422021865844727 2.66269588470459 2.200000047683716
vertex -12.743537902832031 3.484370470046997 2.200000047683716
vertex -31.82757568359375 9.024282455444336 2.200000047683716
endloop
endfacet
facet normal 0 0 1
outer loop
vertex 30.56446075439453 22.349838256835938 2.200000047683716
vertex 26.501001358032227 37.51487350463867 2.200000047683716
vertex 28.729496002197266 22.163297653198242 2.200000047683716
endloop
endfacet
facet normal 0 0 1
outer loop
vertex 28.729496002197266 22.163297653198242 2.200000047683716
vertex 36.584590911865234 19.74215316772461 2.200000047683716
vertex 30.56446075439453 22.349838256835938 2.200000047683716
endloop
endfacet
facet normal 0 0 1
outer loop
vertex 13.564461708068848 18.099838256835938 2.200000047683716
vertex 36.584590911865234 19.74215316772461 2.200000047683716
vertex 28.729496002197266 22.163297653198242 2.200000047683716
endloop
endfacet
facet normal 0 0 1
outer loop
vertex -31.71427345275879 10.3193359375 2.200000047683716
vertex -31.82757568359375 9.024282455444336 2.200000047683716
vertex -24.859750747680664 27.574085235595703 2.200000047683716
endloop
endfacet
facet normal 0 0 1
outer loop
vertex -31.71427345275879 10.3193359375 2.200000047683716
vertex -47.354530334472656 11.687681198120117 2.200000047683716
vertex -31.82757568359375 9.024282455444336 2.200000047683716
endloop
endfacet
facet normal 0 0 1
outer loop
vertex 13.564461708068848 18.099838256835938 2.200000047683716
vertex 21.12310791015625 17.01587677001953 2.200000047683716
vertex 36.584590911865234 19.74215316772461 2.200000047683716
endloop
endfacet
facet normal 0 0 1
outer loop
vertex -31.82757568359375 9.024282455444336 2.200000047683716
vertex -33.195919036865234 -6.615973949432373 2.200000047683716
vertex -28.422021865844727 2.66269588470459 2.200000047683716
endloop
endfacet
facet normal 0 0 1
outer loop
vertex 23.849384307861328 1.5543959140777588 2.200000047683716
vertex 39.5366096496582 3.000422239303589 2.200000047683716
vertex 39.31086730957031 4.280672073364258 2.200000047683716
endloop
endfacet
facet normal 0 0 1
outer loop
vertex 24.07512855529785 0.27414584159851074 2.200000047683716
vertex 39.5366096496582 3.000422239303589 2.200000047683716
vertex 23.849384307861328 1.5543959140777588 2.200000047683716
endloop
endfacet
facet normal 0 0 1
outer loop
vertex 21.12310791015625 17.01587677001953 2.200000047683716
vertex 20.949865341186523 10.511985778808594 2.200000047683716
vertex 23.6761417388916 -4.949496269226074 2.200000047683716
endloop
endfacet
facet normal 0 0 1
outer loop
vertex 23.6761417388916 -4.949496269226074 2.200000047683716
vertex 23.849384307861328 1.5543959140777588 2.200000047683716
vertex 21.12310791015625 17.01587677001953 2.200000047683716
endloop
endfacet
facet normal 0 0 1
outer loop
vertex 7.840249538421631 31.068981170654297 2.200000047683716
vertex 13.564461708068848 18.099838256835938 2.200000047683716
vertex 9.501002311706543 33.26487350463867 2.200000047683716
endloop
endfacet
facet normal 0 0 1
outer loop
vertex -46.224525451660156 52.6276969909668 2.200000047683716
vertex -49.67301940917969 49.414207458496094 2.200000047683716
vertex -46.54041290283203 35.90889358520508 2.200000047683716
endloop
endfacet
facet normal 0 0 1
outer loop
vertex -44.70143127441406 53.22565460205078 2.200000047683716
vertex -46.224525451660156 52.6276969909668 2.200000047683716
vertex -45.986183166503906 27.327938079833984 2.200000047683716
endloop
endfacet
facet normal 0 0 1
outer loop
vertex -41.85974884033203 44.5740852355957 2.200000047683716
vertex -44.70143127441406 53.22565460205078 2.200000047683716
vertex -45.986183166503906 27.327938079833984 2.200000047683716
endloop
endfacet
facet normal 0 0 1
outer loop
vertex 7.840249538421631 31.068981170654297 2.200000047683716
vertex 7.840249538421631 28.87408447265625 2.200000047683716
vertex 13.564461708068848 18.099838256835938 2.200000047683716
endloop
endfacet
facet normal 0 0 1
outer loop
vertex 7.840249538421631 28.87408447265625 2.200000047683716
vertex -11.36907958984375 0.6918601393699646 2.200000047683716
vertex 13.564461708068848 18.099838256835938 2.200000047683716
endloop
endfacet
facet normal 0 0 1
outer loop
vertex 21.12310791015625 17.01587677001953 2.200000047683716
vertex 5.488384246826172 7.785709381103516 2.200000047683716
vertex 20.949865341186523 10.511985778808594 2.200000047683716
endloop
endfacet
facet normal 0 0 1
outer loop
vertex 13.564461708068848 18.099838256835938 2.200000047683716
vertex 5.488384246826172 7.785709381103516 2.200000047683716
vertex 21.12310791015625 17.01587677001953 2.200000047683716
endloop
endfacet
facet normal 0 0 1
outer loop
vertex -46.54041290283203 35.90889358520508 2.200000047683716
vertex -45.986183166503906 27.327938079833984 2.200000047683716
vertex -46.224525451660156 52.6276969909668 2.200000047683716
endloop
endfacet
facet normal 0 0 1
outer loop
vertex -41.85974884033203 28.87408447265625 2.200000047683716
vertex -41.85974884033203 44.5740852355957 2.200000047683716
vertex -45.986183166503906 27.327938079833984 2.200000047683716
endloop
endfacet
facet normal 0 0 1
outer loop
vertex -49.67301940917969 49.414207458496094 2.200000047683716
vertex -50.380863189697266 47.83012771606445 2.200000047683716
vertex -46.54041290283203 35.90889358520508 2.200000047683716
endloop
endfacet
facet normal 0 0 1
outer loop
vertex -50.380863189697266 47.83012771606445 2.200000047683716
vertex -50.51512145996094 47.67449188232422 2.200000047683716
vertex -46.54041290283203 35.90889358520508 2.200000047683716
endloop
endfacet
facet normal 0 0 1
outer loop
vertex -50.51512145996094 47.67449188232422 2.200000047683716
vertex -53.2191162109375 45.95096969604492 2.200000047683716
vertex -46.54041290283203 35.90889358520508 2.200000047683716
endloop
endfacet
facet normal 0 0 1
outer loop
vertex -53.2191162109375 45.95096969604492 2.200000047683716
vertex -53.41688537597656 45.89497756958008 2.200000047683716
vertex -46.54041290283203 35.90889358520508 2.200000047683716
endloop
endfacet
facet normal 0 0 1
outer loop
vertex -53.41688537597656 45.89497756958008 2.200000047683716
vertex -64.58086395263672 46.0695686340332 2.200000047683716
vertex -46.54041290283203 35.90889358520508 2.200000047683716
endloop
endfacet
facet normal 0 0 1
outer loop
vertex -11.36907958984375 0.6918601393699646 2.200000047683716
vertex 5.488384246826172 7.785709381103516 2.200000047683716
vertex 13.564461708068848 18.099838256835938 2.200000047683716
endloop
endfacet
facet normal 0 0 -1
outer loop
vertex -48.35742950439453 -0.9228973388671875 0
vertex -47.66009521484375 -0.9839063882827759 0
vertex -47.96949768066406 -4.520397663116455 0
endloop
endfacet
facet normal 0 0 -1
outer loop
vertex -48.35742950439453 -0.9228973388671875 0
vertex -47.96949768066406 -4.520397663116455 0
vertex -50.37038803100586 1.311044454574585 0
endloop
endfacet
facet normal 0 0 -1
outer loop
vertex -47.96949768066406 -4.520397663116455 0
vertex -33.923152923583984 -5.749293327331543 0
vertex -48.22224807739258 -7.409362316131592 0
endloop
endfacet
facet normal 0 0 -1
outer loop
vertex -48.22224807739258 -7.409362316131592 0
vertex -33.923152923583984 -5.749293327331543 0
vertex -34.1759033203125 -8.63825798034668 0
endloop
endfacet
facet normal 0 0 1
outer loop
vertex -64.58086395263672 46.0695686340332 2.200000047683716
vertex -66.00180053710938 45.582557678222656 2.200000047683716
vertex -46.54041290283203 35.90889358520508 2.200000047683716
endloop
endfacet
facet normal 0 0 1
outer loop
vertex -66.00180053710938 45.582557678222656 2.200000047683716
vertex -62.18067169189453 37.27724075317383 2.200000047683716
vertex -46.54041290283203 35.90889358520508 2.200000047683716
endloop
endfacet
facet normal 0 0 1
outer loop
vertex -66.00180053710938 45.582557678222656 2.200000047683716
vertex -69.58952331542969 42.70481872558594 2.200000047683716
vertex -62.18067169189453 37.27724075317383 2.200000047683716
endloop
endfacet
facet normal -0.5310098088946211 -0.8473656724565244 0
outer loop
vertex -74.3344497680664 -16.877975463867188 0
vertex -37.5110969543457 -39.95368194580078 0
vertex -74.3344497680664 -16.877975463867188 2.200000047683716
endloop
endfacet
facet normal -0.8956468819594857 -0.4447658516975545 0
outer loop
vertex -75.310791015625 -14.911869049072266 1.7000000476837158
vertex -74.3344497680664 -16.877975463867188 0
vertex -74.3344497680664 -16.877975463867188 2.200000047683716
endloop
endfacet
facet normal -0.8956420749167774 -0.4447755317446879 0
outer loop
vertex -75.310791015625 -14.911869049072266 1.7000000476837158
vertex -75.41385650634766 -14.704326629638672 1.7000000476837158
vertex -75.41385650634766 -14.704326629638672 0.20000000298023224
endloop
endfacet
facet normal -0.08906072673138227 -0.9960261979255756 0
outer loop
vertex -76.08413696289062 -14.34072494506836 1.7000000476837158
vertex -75.38691711425781 -14.403067588806152 0.20000000298023224
vertex -75.38691711425781 -14.403067588806152 1.7000000476837158
endloop
endfacet
facet normal 0 0 1
outer loop
vertex -69.58952331542969 42.70481872558594 2.200000047683716
vertex -69.11135864257812 41.18379592895508 2.200000047683716
vertex -62.18067169189453 37.27724075317383 2.200000047683716
endloop
endfacet
facet normal 0 0 1
outer loop
vertex -69.58952331542969 42.70481872558594 2.200000047683716
vertex -70.34554290771484 41.294151306152344 2.200000047683716
vertex -69.11135864257812 41.18379592895508 2.200000047683716
endloop
endfacet
facet normal 0 0 1
outer loop
vertex -69.11135864257812 41.18379592895508 2.200000047683716
vertex -70.77790832519531 22.545717239379883 2.200000047683716
vertex -62.18067169189453 37.27724075317383 2.200000047683716
endloop
endfacet
facet normal -0.3654401567192126 0.9308348359709349 0
outer loop
vertex -44.70143127441406 53.22565460205078 2.200000047683716
vertex -46.224525451660156 52.6276969909668 0
vertex -46.224525451660156 52.6276969909668 2.200000047683716
endloop
endfacet
facet normal -0.6817392439653048 0.7315952454995963 0
outer loop
vertex -46.224525451660156 52.6276969909668 2.200000047683716
vertex -49.67301940917969 49.414207458496094 0
vertex -49.67301940917969 49.414207458496094 2.200000047683716
endloop
endfacet
facet normal -0.9129950852590514 0.40797055566893226 0
outer loop
vertex -49.67301940917969 49.414207458496094 2.200000047683716
vertex -50.380863189697266 47.83012771606445 0
vertex -50.380863189697266 47.83012771606445 2.200000047683716
endloop
endfacet
facet normal -0.7571947052273437 0.6531892362674664 0
outer loop
vertex -50.380863189697266 47.83012771606445 2.200000047683716
vertex -50.51512145996094 47.67449188232422 0
vertex -50.51512145996094 47.67449188232422 2.200000047683716
endloop
endfacet
facet normal -0.5374964763966912 0.8432659947259473 0
outer loop
vertex -50.51512145996094 47.67449188232422 2.200000047683716
vertex -53.2191162109375 45.95096969604492 0
vertex -53.2191162109375 45.95096969604492 2.200000047683716
endloop
endfacet
facet normal -0.2724112965663689 0.9621809006122652 0
outer loop
vertex -53.2191162109375 45.95096969604492 2.200000047683716
vertex -53.41688537597656 45.89497756958008 0
vertex -53.41688537597656 45.89497756958008 2.200000047683716
endloop
endfacet
facet normal -0.8814006583668339 0.47236943109235136 0
outer loop
vertex -69.58952331542969 42.70481872558594 2.200000047683716
vertex -70.34554290771484 41.294151306152344 1.7000000476837158
vertex -70.34554290771484 41.294151306152344 2.200000047683716
endloop
endfacet
facet normal 0 0 -1
outer loop
vertex 20.917388916015625 6.089153289794922 0
vertex 20.30093765258789 9.585221290588379 0
vertex 21.606754302978516 6.210707187652588 0
endloop
endfacet
facet normal 0 0 -1
outer loop
vertex 24.49831199645996 2.4811606407165527 0
vertex 21.606754302978516 6.210707187652588 0
vertex 23.192495346069336 5.8556742668151855 0
endloop
endfacet
facet normal 0 0 -1
outer loop
vertex 21.606754302978516 6.210707187652588 0
vertex 20.30093765258789 9.585221290588379 0
vertex 23.192495346069336 5.8556742668151855 0
endloop
endfacet
facet normal 0.015636873285023358 0.9998777366227672 0
outer loop
vertex -53.41688537597656 45.89497756958008 2.200000047683716
vertex -64.58086395263672 46.0695686340332 0
vertex -64.58086395263672 46.0695686340332 2.200000047683716
endloop
endfacet
facet normal -0.3242246580537254 0.9459801113712406 0
outer loop
vertex -64.58086395263672 46.0695686340332 2.200000047683716
vertex -66.00180053710938 45.582557678222656 0
vertex -66.00180053710938 45.582557678222656 2.200000047683716
endloop
endfacet
facet normal 0 0 -1
outer loop
vertex 25.00189208984375 -0.3747818171977997 0
vertex 22.82229232788086 -0.6829472184181213 0
vertex 24.49831199645996 2.4811606407165527 0
endloop
endfacet
facet normal 0 0 -1
outer loop
vertex 24.49831199645996 2.4811606407165527 0
vertex 23.192495346069336 5.8556742668151855 0
vertex 23.88186264038086 5.977228164672852 0
endloop
endfacet
facet normal 0 0 -1
outer loop
vertex 20.30093765258789 9.585221290588379 0
vertex 21.976959228515625 12.74932861328125 0
vertex 23.192495346069336 5.8556742668151855 0
endloop
endfacet
facet normal -0.6256969131036425 0.7800662618858559 0
outer loop
vertex -66.00180053710938 45.582557678222656 2.200000047683716
vertex -69.58952331542969 42.70481872558594 0
vertex -69.58952331542969 42.70481872558594 2.200000047683716
endloop
endfacet
facet normal -0.9960256115980732 0.08906728378413695 0
outer loop
vertex -75.38691711425781 -14.403067588806152 1.7000000476837158
vertex -75.41385650634766 -14.704326629638672 0.20000000298023224
vertex -75.41385650634766 -14.704326629638672 1.7000000476837158
endloop
endfacet
facet normal -0.9960261458945889 0.08906130862709773 -1.0200584618882419e-8
outer loop
vertex -74.84537506103516 -0.4869060218334198 1.7000000476837158
vertex -75.93840026855469 -12.710864067077637 0.20000000298023224
vertex -76.08413696289062 -14.34072494506836 1.7000000476837158
endloop
endfacet
facet normal 0 0 -1
outer loop
vertex -31.961931228637695 -56.364444732666016 0
vertex -35.16261672973633 -52.929691314697266 0
vertex -25.06389045715332 -46.12841796875 0
endloop
endfacet
facet normal 0 0 -1
outer loop
vertex -31.961931228637695 -56.364444732666016 0
vertex -25.06389045715332 -46.12841796875 0
vertex -30.335723876953125 -57.07783889770508 0
endloop
endfacet
facet normal 0 0 -1
outer loop
vertex -35.16261672973633 -52.929691314697266 0
vertex -35.757957458496094 -51.47896957397461 0
vertex -25.94872283935547 -42.61991882324219 0
endloop
endfacet
facet normal 0 0 -1
outer loop
vertex -30.335723876953125 -57.07783889770508 0
vertex -10.983213424682617 -45.39048385620117 0
vertex -18.372575759887695 -57.151424407958984 0
endloop
endfacet
facet normal 0 0 -1
outer loop
vertex -10.983213424682617 -45.39048385620117 0
vertex -30.335723876953125 -57.07783889770508 0
vertex -25.06389045715332 -46.12841796875 0
endloop
endfacet
facet normal 0 0 -1
outer loop
vertex -25.94872283935547 -42.61991882324219 0
vertex -35.757957458496094 -51.47896957397461 0
vertex -36.01374053955078 -42.56976318359375 0
endloop
endfacet
facet normal 0 0 -1
outer loop
vertex -25.94872283935547 -42.61991882324219 0
vertex -36.01374053955078 -42.56976318359375 0
vertex -26.315074920654297 -35.629512786865234 0
endloop
endfacet
facet normal 0 0 -1
outer loop
vertex -37.5110969543457 -39.95368194580078 0
vertex -35.40480041503906 -22.684602737426758 0
vertex -37.391395568847656 -40.07826614379883 0
endloop
endfacet
facet normal 0 0 -1
outer loop
vertex -36.01374053955078 -42.56976318359375 0
vertex -36.0605354309082 -42.40345001220703 0
vertex -25.95359992980957 -29.151718139648438 0
endloop
endfacet
facet normal 0 0 -1
outer loop
vertex -25.95359992980957 -29.151718139648438 0
vertex -36.0605354309082 -42.40345001220703 0
vertex -37.391395568847656 -40.07826614379883 0
endloop
endfacet
facet normal 0 0 -1
outer loop
vertex -26.315074920654297 -35.629512786865234 0
vertex -36.01374053955078 -42.56976318359375 0
vertex -25.80182647705078 -32.04774475097656 0
endloop
endfacet
facet normal 0 0 -1
outer loop
vertex -25.80182647705078 -32.04774475097656 0
vertex -36.01374053955078 -42.56976318359375 0
vertex -25.95359992980957 -29.151718139648438 0
endloop
endfacet
facet normal 0 0 -1
outer loop
vertex -25.95359992980957 -29.151718139648438 0
vertex -37.391395568847656 -40.07826614379883 0
vertex -26.83843421936035 -25.643217086791992 0
endloop
endfacet
facet normal 0 0 -1
outer loop
vertex -25.06389045715332 -46.12841796875 0
vertex -35.16261672973633 -52.929691314697266 0
vertex -25.94872283935547 -42.61991882324219 0
endloop
endfacet
facet normal 0 0 -1
outer loop
vertex -25.94872283935547 -42.61991882324219 0
vertex -25.24968147277832 -42.58328628540039 0
vertex -25.06389045715332 -46.12841796875 0
endloop
endfacet
facet normal 0 0 1
outer loop
vertex -45.986183166503906 27.327938079833984 2.200000047683716
vertex -30.345928192138672 25.959592819213867 2.200000047683716
vertex -41.85974884033203 28.87408447265625 2.200000047683716
endloop
endfacet
facet normal 0 0 1
outer loop
vertex -47.90876007080078 20.268638610839844 2.200000047683716
vertex -45.986183166503906 27.327938079833984 2.200000047683716
vertex -46.54041290283203 35.90889358520508 2.200000047683716
endloop
endfacet
facet normal 0 0 -1
outer loop
vertex -26.315074920654297 -35.629512786865234 0
vertex -25.80182647705078 -32.04774475097656 0
vertex -25.61603355407715 -35.59287643432617 0
endloop
endfacet
facet normal 0 0 -1
outer loop
vertex -18.372575759887695 -57.151424407958984 0
vertex 6.365503311157227 -48.97091293334961 0
vertex -18.145366668701172 -57.233863830566406 0
endloop
endfacet
facet normal 0 0 1
outer loop
vertex -47.90876007080078 20.268638610839844 2.200000047683716
vertex -47.354530334472656 11.687681198120117 2.200000047683716
vertex -45.986183166503906 27.327938079833984 2.200000047683716
endloop
endfacet
facet normal 0 0 -1
outer loop
vertex -18.372575759887695 -57.151424407958984 0
vertex -10.983213424682617 -45.39048385620117 0
vertex -8.010948181152344 -48.0992546081543 0
endloop
endfacet
facet normal 0 0 -1
outer loop
vertex -18.372575759887695 -57.151424407958984 0
vertex -8.010948181152344 -48.0992546081543 0
vertex 5.91550350189209 -48.52091598510742 0
endloop
endfacet
facet normal 0 0 -1
outer loop
vertex -18.145366668701172 -57.233863830566406 0
vertex 5.9495038986206055 -53.77312088012695 0
vertex 6.047051429748535 -53.91911315917969 0
endloop
endfacet
facet normal 0 0 -1
outer loop
vertex -18.145366668701172 -57.233863830566406 0
vertex 6.047051429748535 -53.91911315917969 0
vertex 6.193041801452637 -54.016658782958984 0
endloop
endfacet
facet normal 0 0 1
outer loop
vertex -48.02206039428711 18.97358512878418 2.200000047683716
vertex -47.467830657958984 10.392627716064453 2.200000047683716
vertex -47.90876007080078 20.268638610839844 2.200000047683716
endloop
endfacet
facet normal 0 0 1
outer loop
vertex -47.90876007080078 20.268638610839844 2.200000047683716
vertex -63.549015045166016 21.63698387145996 2.200000047683716
vertex -48.02206039428711 18.97358512878418 2.200000047683716
endloop
endfacet
facet normal 0 0 -1
outer loop
vertex -18.145366668701172 -57.233863830566406 0
vertex 6.193041801452637 -54.016658782958984 0
vertex 6.3652496337890625 -54.0509147644043 0
endloop
endfacet
facet normal 0 0 -1
outer loop
vertex 5.9495038986206055 -53.77312088012695 0
vertex -18.145366668701172 -57.233863830566406 0
vertex 5.915249347686768 -53.600914001464844 0
endloop
endfacet
facet normal 0 0 -1
outer loop
vertex 5.915249347686768 -53.600914001464844 0
vertex -18.145366668701172 -57.233863830566406 0
vertex 5.9495038986206055 -53.428707122802734 0
endloop
endfacet
facet normal 0 0 -1
outer loop
vertex 5.9495038986206055 -53.428707122802734 0
vertex -18.145366668701172 -57.233863830566406 0
vertex 6.047305583953857 -52.649112701416016 0
endloop
endfacet
facet normal 0 0 -1
outer loop
vertex 6.047305583953857 -52.649112701416016 0
vertex -18.145366668701172 -57.233863830566406 0
vertex 5.9497575759887695 -52.50312042236328 0
endloop
endfacet
facet normal 0 0 -1
outer loop
vertex 5.9497575759887695 -52.50312042236328 0
vertex -18.145366668701172 -57.233863830566406 0
vertex 5.91550350189209 -52.33091354370117 0
endloop
endfacet
facet normal 0 0 -1
outer loop
vertex 5.91550350189209 -52.33091354370117 0
vertex -18.145366668701172 -57.233863830566406 0
vertex 5.9497575759887695 -52.15870666503906 0
endloop
endfacet
facet normal 0 0 -1
outer loop
vertex 5.9497575759887695 -52.15870666503906 0
vertex -18.145366668701172 -57.233863830566406 0
vertex 6.047305583953857 -51.379112243652344 0
endloop
endfacet
facet normal 0.63870272204556 -0.7694535936959369 0
outer loop
vertex 72.7372055053711 47.6861686706543 1.7000000476837158
vertex 73.27582550048828 48.133262634277344 0.20000000298023224
vertex 73.27582550048828 48.133262634277344 1.7000000476837158
endloop
endfacet
facet normal 0.7694543963272086 0.6387017551038442 0
outer loop
vertex 70.66295623779297 51.281028747558594 1.7000000476837158
vertex 73.27582550048828 48.133262634277344 1.7000000476837158
vertex 73.27582550048828 48.133262634277344 0.20000000298023224
endloop
endfacet
facet normal 0.7694511990140508 0.6387056069394096 0
outer loop
vertex 73.05655670166016 47.30144500732422 1.7000000476837158
vertex 72.7372055053711 47.6861686706543 0.20000000298023224
vertex 72.7372055053711 47.6861686706543 1.7000000476837158
endloop
endfacet
facet normal 0.47737410835039223 0.878700154021079 0
outer loop
vertex 60.87976837158203 61.88666534423828 1.7000000476837158
vertex 59.552696228027344 62.607627868652344 0
vertex 59.552696228027344 62.607627868652344 2.200000047683716
endloop
endfacet
facet normal -0.638699495578981 0.769456271887594 0
outer loop
vertex 61.7791862487793 61.98343276977539 1.7000000476837158
vertex 61.24056625366211 61.53634262084961 0.20000000298023224
vertex 61.24056625366211 61.53634262084961 1.7000000476837158
endloop
endfacet
facet normal 0.7694538617664215 0.6387023990966224 -9.795372289019696e-7
outer loop
vertex 70.66295623779297 51.281028747558594 1.7000000476837158
vertex 62.82433319091797 60.724327087402344 0.20000000298023224
vertex 61.7791862487793 61.98343276977539 1.7000000476837158
endloop
endfacet
facet normal 0.769455980207425 0.6386998469727629 0
outer loop
vertex 61.24056625366211 61.53634262084961 1.7000000476837158
vertex 61.00727462768555 61.8173942565918 0.20000000298023224
vertex 61.00727462768555 61.8173942565918 1.7000000476837158
endloop
endfacet
facet normal 0.47737610707096 0.8786990681671258 0
outer loop
vertex 60.87976837158203 61.88666534423828 1.7000000476837158
vertex 61.00727462768555 61.8173942565918 1.7000000476837158
vertex 61.00727462768555 61.8173942565918 0.20000000298023224
endloop
endfacet
facet normal 0 0 -1
outer loop
vertex 6.047305583953857 -51.379112243652344 0
vertex -18.145366668701172 -57.233863830566406 0
vertex 5.9497575759887695 -51.233123779296875 0
endloop
endfacet
facet normal 0 0 -1
outer loop
vertex 5.180017471313477 -30.38461685180664 0
vertex 4.994225025177002 -26.839481353759766 0
vertex 5.693265438079834 -26.802846908569336 0
endloop
endfacet
facet normal 0 0 -1
outer loop
vertex 12.246272087097168 -29.964303970336914 0
vertex 5.331791877746582 -33.280643463134766 0
vertex 5.180017471313477 -30.38461685180664 0
endloop
endfacet
facet normal 0 0 -1
outer loop
vertex 12.246272087097168 -29.964303970336914 0
vertex 5.180017471313477 -30.38461685180664 0
vertex 5.693265438079834 -26.802846908569336 0
endloop
endfacet
facet normal 0 0 -1
outer loop
vertex 5.693265438079834 -26.802846908569336 0
vertex 5.326913833618164 -19.81243896484375 0
vertex 10.509790420532227 -20.116226196289062 0
endloop
endfacet
facet normal 0 0 -1
outer loop
vertex 4.627872943878174 -19.849075317382812 0
vertex 4.442080497741699 -16.303939819335938 0
vertex 5.326913833618164 -19.81243896484375 0
endloop
endfacet
facet normal 0 0 -1
outer loop
vertex 5.326913833618164 -19.81243896484375 0
vertex 4.442080497741699 -16.303939819335938 0
vertex 9.2942533493042 -13.22257137298584 0
endloop
endfacet
facet normal 0 0 -1
outer loop
vertex 10.509790420532227 -20.116226196289062 0
vertex 5.326913833618164 -19.81243896484375 0
vertex 9.2942533493042 -13.22257137298584 0
endloop
endfacet
facet normal 0 0 -1
outer loop
vertex 12.246272087097168 -29.964303970336914 0
vertex 5.693265438079834 -26.802846908569336 0
vertex 12.31918716430664 -26.346681594848633 0
endloop
endfacet
facet normal 0 0 -1
outer loop
vertex 12.246272087097168 -29.964303970336914 0
vertex 12.31918716430664 -26.346681594848633 0
vertex 12.935637474060059 -29.842748641967773 0
endloop
endfacet
facet normal 0 0 -1
outer loop
vertex 12.31918716430664 -26.346681594848633 0
vertex 5.693265438079834 -26.802846908569336 0
vertex 11.815607070922852 -23.490739822387695 0
endloop
endfacet
facet normal 0 0 -1
outer loop
vertex 12.31918716430664 -26.346681594848633 0
vertex 11.815607070922852 -23.490739822387695 0
vertex 26.20497703552246 -23.898242950439453 0
endloop
endfacet
facet normal 0 0 -1
outer loop
vertex 11.815607070922852 -23.490739822387695 0
vertex 5.693265438079834 -26.802846908569336 0
vertex 10.509790420532227 -20.116226196289062 0
endloop
endfacet
facet normal 0 0 -1
outer loop
vertex 11.815607070922852 -23.490739822387695 0
vertex 10.509790420532227 -20.116226196289062 0
vertex 11.199155807495117 -19.994672775268555 0
endloop
endfacet
facet normal 0 0 -1
outer loop
vertex 5.9497575759887695 -51.233123779296875 0
vertex -18.145366668701172 -57.233863830566406 0
vertex 5.91550350189209 -51.0609130859375 0
endloop
endfacet
facet normal 0 0 1
outer loop
vertex -47.354530334472656 11.687681198120117 2.200000047683716
vertex -47.467830657958984 10.392627716064453 2.200000047683716
vertex -31.82757568359375 9.024282455444336 2.200000047683716
endloop
endfacet
facet normal 0 0 -1
outer loop
vertex 5.91550350189209 -51.0609130859375 0
vertex -18.145366668701172 -57.233863830566406 0
vertex 5.9497575759887695 -50.88870620727539 0
endloop
endfacet
facet normal 0.11707784845487061 0.9931227403504455 0
outer loop
vertex 59.552696228027344 62.607627868652344 0
vertex 54.8175163269043 63.16585159301758 0
vertex 59.552696228027344 62.607627868652344 2.200000047683716
endloop
endfacet
facet normal 0 0 1
outer loop
vertex -47.467830657958984 10.392627716064453 2.200000047683716
vertex -47.354530334472656 11.687681198120117 2.200000047683716
vertex -47.90876007080078 20.268638610839844 2.200000047683716
endloop
endfacet
facet normal 0.7694531849912433 0.638703214416334 -0.0000010364562587340632
outer loop
vertex 74.89800262451172 45.08303451538086 2.200000047683716
vertex 72.7372055053711 47.6861686706543 0.20000000298023224
vertex 73.05655670166016 47.30144500732422 1.7000000476837158
endloop
endfacet
facet normal 0 0 -1
outer loop
vertex 5.9497575759887695 -50.88870620727539 0
vertex -18.145366668701172 -57.233863830566406 0
vertex 6.047305583953857 -50.10911178588867 0
endloop
endfacet
facet normal 0 0 -1
outer loop
vertex 4.442080497741699 -16.303939819335938 0
vertex -9.638595581054688 -17.04187774658203 0
vertex 4.290306091308594 -13.407914161682129 0
endloop
endfacet
facet normal 0 0 -1
outer loop
vertex 4.290306091308594 -13.407914161682129 0
vertex 8.863588333129883 -6.749007701873779 0
vertex 4.442080497741699 -16.303939819335938 0
endloop
endfacet
facet normal 0 0 -1
outer loop
vertex 9.2942533493042 -13.22257137298584 0
vertex 4.442080497741699 -16.303939819335938 0
vertex 9.367167472839355 -9.604949951171875 0
endloop
endfacet
facet normal 0 0 -1
outer loop
vertex 4.290306091308594 -13.407914161682129 0
vertex 4.104513645172119 -9.86277961730957 0
vertex 4.803554058074951 -9.826144218444824 0
endloop
endfacet
facet normal 0 0 -1
outer loop
vertex 8.863588333129883 -6.749007701873779 0
vertex 4.290306091308594 -13.407914161682129 0
vertex 4.803554058074951 -9.826144218444824 0
endloop
endfacet
facet normal 0 0 -1
outer loop
vertex 9.367167472839355 -9.604949951171875 0
vertex 4.442080497741699 -16.303939819335938 0
vertex 8.863588333129883 -6.749007701873779 0
endloop
endfacet
facet normal 0 0 -1
outer loop
vertex 4.803554058074951 -9.826144218444824 0
vertex 4.437202453613281 -2.835737466812134 0
vertex 7.557771682739258 -3.3744940757751465 0
endloop
endfacet
facet normal 0 0 -1
outer loop
vertex 8.863588333129883 -6.749007701873779 0
vertex 4.803554058074951 -9.826144218444824 0
vertex 7.557771682739258 -3.3744940757751465 0
endloop
endfacet
facet normal 0 0 -1
outer loop
vertex 7.557771682739258 -3.3744940757751465 0
vertex 8.247137069702148 -3.2529401779174805 0
vertex 8.863588333129883 -6.749007701873779 0
endloop
endfacet
facet normal 0 0 -1
outer loop
vertex 3.73816180229187 -2.872372627258301 0
vertex 6.3422346115112305 3.519160270690918 0
vertex 4.437202453613281 -2.835737466812134 0
endloop
endfacet
facet normal 0 0 -1
outer loop
vertex 7.557771682739258 -3.3744940757751465 0
vertex 4.437202453613281 -2.835737466812134 0
vertex 6.3422346115112305 3.519160270690918 0
endloop
endfacet
facet normal 0 0 -1
outer loop
vertex 9.2942533493042 -13.22257137298584 0
vertex 9.367167472839355 -9.604949951171875 0
vertex 9.98361873626709 -13.101017951965332 0
endloop
endfacet
facet normal 0 0 -1
outer loop
vertex 9.367167472839355 -9.604949951171875 0
vertex 8.863588333129883 -6.749007701873779 0
vertex 22.749378204345703 -4.300568580627441 0
endloop
endfacet
facet normal 0 0 -1
outer loop
vertex 9.367167472839355 -9.604949951171875 0
vertex 22.749378204345703 -4.300568580627441 0
vertex 23.25295639038086 -7.156510829925537 0
endloop
endfacet
facet normal 0 0 -1
outer loop
vertex 6.047305583953857 -50.10911178588867 0
vertex -18.145366668701172 -57.233863830566406 0
vertex 5.9497575759887695 -49.9631233215332 0
endloop
endfacet
facet normal 0.769451199007189 0.6387056069337138 0.000004223219789333812
outer loop
vertex 74.89800262451172 45.08303451538086 2.200000047683716
vertex 73.05655670166016 47.30144500732422 0.20000000298023224
vertex 72.7372055053711 47.6861686706543 0.20000000298023224
endloop
endfacet
facet normal 0 0 1
outer loop
vertex -49.39040756225586 3.3333287239074707 2.200000047683716
vertex -47.467830657958984 10.392627716064453 2.200000047683716
vertex -48.02206039428711 18.97358512878418 2.200000047683716
endloop
endfacet
facet normal 0.7694530701867741 0.6387033527234277 0
outer loop
vertex 74.89800262451172 45.08303451538086 0
vertex 73.05655670166016 47.30144500732422 0.20000000298023224
vertex 74.89800262451172 45.08303451538086 2.200000047683716
endloop
endfacet
facet normal 0.9596227815088662 0.28129009440289005 0
outer loop
vertex 75.39804077148438 43.37715148925781 0
vertex 74.89800262451172 45.08303451538086 0
vertex 75.39804077148438 43.37715148925781 2.200000047683716
endloop
endfacet
facet normal 0 0 -1
outer loop
vertex 26.821426391601562 -27.394309997558594 0
vertex 26.20497703552246 -23.898242950439453 0
vertex 27.510791778564453 -27.272756576538086 0
endloop
endfacet
facet normal 0 0 -1
outer loop
vertex 27.510791778564453 -27.272756576538086 0
vertex 26.20497703552246 -23.898242950439453 0
vertex 29.096534729003906 -27.627788543701172 0
endloop
endfacet
facet normal 0 0 -1
outer loop
vertex 29.096534729003906 -27.627788543701172 0
vertex 26.20497703552246 -23.898242950439453 0
vertex 27.880996704101562 -20.734134674072266 0
endloop
endfacet
facet normal 0 0 -1
outer loop
vertex 26.20497703552246 -23.898242950439453 0
vertex 11.815607070922852 -23.490739822387695 0
vertex 25.701396942138672 -21.042301177978516 0
endloop
endfacet
facet normal 0 0 -1
outer loop
vertex 27.880996704101562 -20.734134674072266 0
vertex 26.20497703552246 -23.898242950439453 0
vertex 25.701396942138672 -21.042301177978516 0
endloop
endfacet
facet normal 0 0 -1
outer loop
vertex 27.880996704101562 -20.734134674072266 0
vertex 25.701396942138672 -21.042301177978516 0
vertex 25.774311065673828 -17.424678802490234 0
endloop
endfacet
facet normal 0 0 -1
outer loop
vertex 25.774311065673828 -17.424678802490234 0
vertex 25.701396942138672 -21.042301177978516 0
vertex 25.084945678710938 -17.546232223510742 0
endloop
endfacet
facet normal 0 0 -1
outer loop
vertex 27.880996704101562 -20.734134674072266 0
vertex 25.774311065673828 -17.424678802490234 0
vertex 27.95391082763672 -17.116514205932617 0
endloop
endfacet
facet normal 0 0 -1
outer loop
vertex 27.95391082763672 -17.116514205932617 0
vertex 25.774311065673828 -17.424678802490234 0
vertex 27.450332641601562 -14.260571479797363 0
endloop
endfacet
facet normal 0 0 -1
outer loop
vertex 28.726329803466797 -34.166412353515625 0
vertex 27.510791778564453 -27.272756576538086 0
vertex 30.40235137939453 -31.002302169799805 0
endloop
endfacet
facet normal 0 0 -1
outer loop
vertex 30.40235137939453 -31.002302169799805 0
vertex 27.510791778564453 -27.272756576538086 0
vertex 29.096534729003906 -27.627788543701172 0
endloop
endfacet
facet normal 0 0 -1
outer loop
vertex 29.096534729003906 -27.627788543701172 0
vertex 29.785900115966797 -27.506235122680664 0
vertex 30.40235137939453 -31.002302169799805 0
endloop
endfacet
facet normal 0 0 -1
outer loop
vertex 44.28813934326172 -28.553863525390625 0
vertex 28.726329803466797 -34.166412353515625 0
vertex 30.40235137939453 -31.002302169799805 0
endloop
endfacet
facet normal 0 0 -1
outer loop
vertex 27.95391082763672 -17.116514205932617 0
vertex 28.570362091064453 -20.612581253051758 0
vertex 27.880996704101562 -20.734134674072266 0
endloop
endfacet
facet normal 0.9925031113825185 -0.12221936792513745 0
outer loop
vertex 74.81949615478516 38.67898178100586 0
vertex 75.39804077148438 43.37715148925781 0
vertex 74.81949615478516 38.67898178100586 2.200000047683716
endloop
endfacet
facet normal 0.8774601158471227 -0.4796496065854261 0
outer loop
vertex 74.03103637695312 37.23659133911133 0
vertex 74.81949615478516 38.67898178100586 0
vertex 74.03103637695312 37.23659133911133 2.200000047683716
endloop
endfacet
facet normal 0 0 -1
outer loop
vertex 5.9497575759887695 -49.9631233215332 0
vertex -18.145366668701172 -57.233863830566406 0
vertex 5.91550350189209 -49.790916442871094 0
endloop
endfacet
facet normal 0 0 1
outer loop
vertex -49.39040756225586 3.3333287239074707 2.200000047683716
vertex -49.50370788574219 2.0382754802703857 2.200000047683716
vertex -47.467830657958984 10.392627716064453 2.200000047683716
endloop
endfacet
facet normal -0.28882999312127083 0.9573804024908629 0
outer loop
vertex 54.8175163269043 63.16585159301758 0
vertex 53.104095458984375 62.64893341064453 0
vertex 54.8175163269043 63.16585159301758 2.200000047683716
endloop
endfacet
facet normal 0 0 1
outer loop
vertex -49.39040756225586 3.3333287239074707 2.200000047683716
vertex -65.0306625366211 4.701673984527588 2.200000047683716
vertex -49.50370788574219 2.0382754802703857 2.200000047683716
endloop
endfacet
facet normal 0 0 -1
outer loop
vertex 27.450332641601562 -14.260571479797363 0
vertex 25.774311065673828 -17.424678802490234 0
vertex 24.558773040771484 -10.531024932861328 0
endloop
endfacet
facet normal 0 0 -1
outer loop
vertex 24.558773040771484 -10.531024932861328 0
vertex 26.144515991210938 -10.886056900024414 0
vertex 27.450332641601562 -14.260571479797363 0
endloop
endfacet
facet normal 0 0 -1
outer loop
vertex 26.144515991210938 -10.886056900024414 0
vertex 26.833881378173828 -10.764503479003906 0
vertex 27.450332641601562 -14.260571479797363 0
endloop
endfacet
facet normal 0 0 -1
outer loop
vertex 23.869407653808594 -10.652578353881836 0
vertex 23.25295639038086 -7.156510829925537 0
vertex 24.558773040771484 -10.531024932861328 0
endloop
endfacet
facet normal 0 0 -1
outer loop
vertex 26.144515991210938 -10.886056900024414 0
vertex 24.558773040771484 -10.531024932861328 0
vertex 23.25295639038086 -7.156510829925537 0
endloop
endfacet
facet normal 0 0 -1
outer loop
vertex 22.749378204345703 -4.300568580627441 0
vertex 22.13292694091797 -0.804500937461853 0
vertex 22.82229232788086 -0.6829472184181213 0
endloop
endfacet
facet normal 0 0 -1
outer loop
vertex 23.25295639038086 -7.156510829925537 0
vertex 24.928977966308594 -3.992403030395508 0
vertex 26.144515991210938 -10.886056900024414 0
endloop
endfacet
facet normal 0 0 -1
outer loop
vertex 24.928977966308594 -3.992403030395508 0
vertex 23.25295639038086 -7.156510829925537 0
vertex 22.749378204345703 -4.300568580627441 0
endloop
endfacet
facet normal 0 0 -1
outer loop
vertex 24.928977966308594 -3.992403030395508 0
vertex 22.749378204345703 -4.300568580627441 0
vertex 22.82229232788086 -0.6829472184181213 0
endloop
endfacet
facet normal 0 0 -1
outer loop
vertex 24.928977966308594 -3.992403030395508 0
vertex 25.00189208984375 -0.3747818171977997 0
vertex 25.618343353271484 -3.870849370956421 0
endloop
endfacet
facet normal 0 0 -1
outer loop
vertex 24.928977966308594 -3.992403030395508 0
vertex 22.82229232788086 -0.6829472184181213 0
vertex 25.00189208984375 -0.3747818171977997 0
endloop
endfacet
facet normal 0 0 -1
outer loop
vertex 27.95391082763672 -17.116514205932617 0
vertex 27.450332641601562 -14.260571479797363 0
vertex 41.33612060546875 -11.812131881713867 0
endloop
endfacet
facet normal 0 0 -1
outer loop
vertex 27.95391082763672 -17.116514205932617 0
vertex 41.33612060546875 -11.812131881713867 0
vertex 41.83970260620117 -14.668074607849121 0
endloop
endfacet
facet normal -0.6467816754542924 0.7626752023610956 0
outer loop
vertex 53.104095458984375 62.64893341064453 0
vertex 38.869327545166016 50.577232360839844 0
vertex 53.104095458984375 62.64893341064453 2.200000047683716
endloop
endfacet
facet normal -0.5600299298538565 0.8284723759232316 0
outer loop
vertex 38.869327545166016 50.577232360839844 0
vertex 38.80610656738281 50.53449630737305 0
vertex 38.869327545166016 50.577232360839844 2.200000047683716
endloop
endfacet
facet normal -0.46669229835431836 0.8844197525252157 0
outer loop
vertex 38.80610656738281 50.53449630737305 0
vertex 37.7716064453125 49.988609313964844 0
vertex 38.80610656738281 50.53449630737305 2.200000047683716
endloop
endfacet
facet normal -0.36777651961556646 0.9299142065908342 0
outer loop
vertex 37.7716064453125 49.988609313964844 0
vertex 37.700645446777344 49.96054458618164 0
vertex 37.7716064453125 49.988609313964844 2.200000047683716
endloop
endfacet
facet normal 0 0 -1
outer loop
vertex 5.91550350189209 -49.790916442871094 0
vertex -18.145366668701172 -57.233863830566406 0
vertex 5.9497575759887695 -49.61870574951172 0
endloop
endfacet
facet normal 0 0 -1
outer loop
vertex -18.372575759887695 -57.151424407958984 0
vertex 5.9497575759887695 -48.69312286376953 0
vertex 6.047305583953857 -48.839111328125 0
endloop
endfacet
facet normal 0 0 -1
outer loop
vertex 5.9497575759887695 -48.69312286376953 0
vertex -18.372575759887695 -57.151424407958984 0
vertex 5.91550350189209 -48.52091598510742 0
endloop
endfacet
facet normal 0 0 -1
outer loop
vertex 5.9497575759887695 -49.61870574951172 0
vertex -18.145366668701172 -57.233863830566406 0
vertex 6.047305583953857 -49.47271728515625 0
endloop
endfacet
facet normal 0 0 1
outer loop
vertex -63.549015045166016 21.63698387145996 2.200000047683716
vertex -62.18067169189453 37.27724075317383 2.200000047683716
vertex -70.77790832519531 22.545717239379883 2.200000047683716
endloop
endfacet
facet normal 0 0 -1
outer loop
vertex 6.047305583953857 -49.47271728515625 0
vertex -18.145366668701172 -57.233863830566406 0
vertex 6.193295955657959 -49.37516784667969 0
endloop
endfacet
facet normal 0 0 -1
outer loop
vertex 6.047305583953857 -48.839111328125 0
vertex 6.193295955657959 -48.93666076660156 0
vertex -18.372575759887695 -57.151424407958984 0
endloop
endfacet
facet normal 0 0 -1
outer loop
vertex 6.365503311157227 -48.97091293334961 0
vertex -18.372575759887695 -57.151424407958984 0
vertex 6.193295955657959 -48.93666076660156 0
endloop
endfacet
facet normal 0 0 -1
outer loop
vertex -18.145366668701172 -57.233863830566406 0
vertex 6.365503311157227 -48.97091293334961 0
vertex 6.537711143493652 -48.93666076660156 0
endloop
endfacet
facet normal 0 0 -1
outer loop
vertex -10.983213424682617 -45.39048385620117 0
vertex -10.469964981079102 -41.808712005615234 0
vertex -8.895781517028809 -44.590755462646484 0
endloop
endfacet
facet normal 0 0 1
outer loop
vertex -63.549015045166016 21.63698387145996 2.200000047683716
vertex -63.66231918334961 20.341930389404297 2.200000047683716
vertex -48.02206039428711 18.97358512878418 2.200000047683716
endloop
endfacet
facet normal 0.63870272204556 -0.7694535936959369 0
outer loop
vertex 73.27582550048828 48.133262634277344 0.20000000298023224
vertex 72.7372055053711 47.6861686706543 1.7000000476837158
vertex 72.7372055053711 47.6861686706543 0.20000000298023224
endloop
endfacet
facet normal 0 0 1
outer loop
vertex -70.77790832519531 22.545717239379883 2.200000047683716
vertex -63.66231918334961 20.341930389404297 2.200000047683716
vertex -63.549015045166016 21.63698387145996 2.200000047683716
endloop
endfacet
facet normal 0.7694539380557314 0.6387023071875486 -0.0000019568224973658693
outer loop
vertex 73.27582550048828 48.133262634277344 0.20000000298023224
vertex 62.82433319091797 60.724327087402344 0.20000000298023224
vertex 70.66295623779297 51.281028747558594 1.7000000476837158
endloop
endfacet
facet normal 0.7694544352639283 0.6387017081961415 0
outer loop
vertex 62.82433319091797 60.724327087402344 0.20000000298023224
vertex 61.7791862487793 61.98343276977539 0.20000000298023224
vertex 61.7791862487793 61.98343276977539 1.7000000476837158
endloop
endfacet
facet normal -0.638699495578981 0.769456271887594 0
outer loop
vertex 61.7791862487793 61.98343276977539 0.20000000298023224
vertex 61.24056625366211 61.53634262084961 0.20000000298023224
vertex 61.7791862487793 61.98343276977539 1.7000000476837158
endloop
endfacet
facet normal 0.47737610707096 0.8786990681671258 0
outer loop
vertex 61.00727462768555 61.8173942565918 0.20000000298023224
vertex 60.87976837158203 61.88666534423828 0.20000000298023224
vertex 60.87976837158203 61.88666534423828 1.7000000476837158
endloop
endfacet
facet normal 0.769455980207425 0.6386998469727629 0
outer loop
vertex 61.24056625366211 61.53634262084961 0.20000000298023224
vertex 61.00727462768555 61.8173942565918 0.20000000298023224
vertex 61.24056625366211 61.53634262084961 1.7000000476837158
endloop
endfacet
facet normal 0.4773741083503922 0.8787001540210789 0
outer loop
vertex 60.87976837158203 61.88666534423828 0.20000000298023224
vertex 59.552696228027344 62.607627868652344 0
vertex 60.87976837158203 61.88666534423828 1.7000000476837158
endloop
endfacet
facet normal 0 0 -1
outer loop
vertex -10.469964981079102 -41.808712005615234 0
vertex -10.983213424682617 -45.39048385620117 0
vertex -11.169005393981934 -41.8453483581543 0
endloop
endfacet
facet normal 0 0 -1
outer loop
vertex -10.469964981079102 -41.808712005615234 0
vertex -10.83631706237793 -34.81830596923828 0
vertex -9.26213264465332 -37.60034942626953 0
endloop
endfacet
facet normal 0 0 1
outer loop
vertex 42.78712844848633 -6.177278518676758 2.200000047683716
vertex 58.32500076293945 -4.7181854248046875 2.200000047683716
vertex 58.24861145019531 -3.4510021209716797 2.200000047683716
endloop
endfacet
facet normal 0 0 1
outer loop
vertex 42.78712844848633 -6.177278518676758 2.200000047683716
vertex 42.86351776123047 -7.444461822509766 2.200000047683716
vertex 58.32500076293945 -4.7181854248046875 2.200000047683716
endloop
endfacet
facet normal 0 0 -1
outer loop
vertex 58.927337646484375 50.67684555053711 0
vertex 72.05626678466797 46.47113037109375 0
vertex 74.89800262451172 45.08303451538086 0
endloop
endfacet
facet normal 0 0 -1
outer loop
vertex 21.976959228515625 12.74932861328125 0
vertex 22.04987335205078 16.3669490814209 0
vertex 22.666324615478516 12.870882034301758 0
endloop
endfacet
facet normal 0 0 -1
outer loop
vertex 25.00189208984375 -0.3747818171977997 0
vertex 24.49831199645996 2.4811606407165527 0
vertex 38.88768005371094 2.073657512664795 0
endloop
endfacet
facet normal 0 0 -1
outer loop
vertex 38.88768005371094 2.073657512664795 0
vertex 24.49831199645996 2.4811606407165527 0
vertex 38.38410186767578 4.929599761962891 0
endloop
endfacet
facet normal 0 0 1
outer loop
vertex -50.31782531738281 -22.182939529418945 2.200000047683716
vertex -37.5110969543457 -39.95368194580078 2.200000047683716
vertex -34.67756652832031 -23.55128288269043 2.200000047683716
endloop
endfacet
facet normal 0 0 1
outer loop
vertex -65.0306625366211 4.701673984527588 2.200000047683716
vertex -65.14396667480469 3.406620740890503 2.200000047683716
vertex -49.50370788574219 2.0382754802703857 2.200000047683716
endloop
endfacet
facet normal 0 0 1
outer loop
vertex -50.87205505371094 -13.601981163024902 2.200000047683716
vertex -66.51231384277344 -12.233635902404785 2.200000047683716
vertex -50.31782531738281 -22.182939529418945 2.200000047683716
endloop
endfacet
facet normal 0 0 1
outer loop
vertex -70.77790832519531 22.545717239379883 2.200000047683716
vertex -72.4444580078125 3.907637596130371 2.200000047683716
vertex -63.66231918334961 20.341930389404297 2.200000047683716
endloop
endfacet
facet normal 0 0 1
outer loop
vertex -65.0306625366211 4.701673984527588 2.200000047683716
vertex -63.66231918334961 20.341930389404297 2.200000047683716
vertex -72.4444580078125 3.907637596130371 2.200000047683716
endloop
endfacet
facet normal 0 0 1
outer loop
vertex -72.4444580078125 3.907637596130371 2.200000047683716
vertex -65.14396667480469 3.406620740890503 2.200000047683716
vertex -65.0306625366211 4.701673984527588 2.200000047683716
endloop
endfacet
facet normal 0 0 1
outer loop
vertex 42.26288604736328 -12.4610595703125 2.200000047683716
vertex 42.78712844848633 -6.177278518676758 2.200000047683716
vertex 39.5366096496582 3.000422239303589 2.200000047683716
endloop
endfacet
facet normal 0 0 -1
outer loop
vertex 22.04987335205078 16.3669490814209 0
vertex 14.130146980285645 19.079633712768555 0
vertex 27.74970054626465 22.72898292541504 0
endloop
endfacet
facet normal 0 0 -1
outer loop
vertex 27.74970054626465 22.72898292541504 0
vertex 26.83089256286621 26.15802001953125 0
vertex 27.507041931152344 26.33919334411621 0
endloop
endfacet
facet normal 0 0 -1
outer loop
vertex 27.507041931152344 26.33919334411621 0
vertex 25.695308685302734 33.10067367553711 0
vertex 29.53519058227539 26.577497482299805 0
endloop
endfacet
facet normal 0 0 1
outer loop
vertex 42.86351776123047 -7.444461822509766 2.200000047683716
vertex 42.78712844848633 -6.177278518676758 2.200000047683716
vertex 42.26288604736328 -12.4610595703125 2.200000047683716
endloop
endfacet
facet normal 0 0 1
outer loop
vertex 42.48862838745117 -13.74130916595459 2.200000047683716
vertex 42.86351776123047 -7.444461822509766 2.200000047683716
vertex 42.26288604736328 -12.4610595703125 2.200000047683716
endloop
endfacet
facet normal 0 0 -1
outer loop
vertex 29.53519058227539 26.577497482299805 0
vertex 25.695308685302734 33.10067367553711 0
vertex 27.72345733642578 33.3389778137207 0
endloop
endfacet
facet normal 0 0 -1
outer loop
vertex 22.04987335205078 16.3669490814209 0
vertex 27.74970054626465 22.72898292541504 0
vertex 35.93566131591797 18.81538963317871 0
endloop
endfacet
facet normal 0 0 -1
outer loop
vertex 35.93566131591797 18.81538963317871 0
vertex 27.74970054626465 22.72898292541504 0
vertex 31.130146026611328 23.329633712768555 0
endloop
endfacet
facet normal 0 0 -1
outer loop
vertex 37.241477966308594 15.440875053405762 0
vertex 36.5521125793457 15.319321632385254 0
vertex 35.93566131591797 18.81538963317871 0
endloop
endfacet
facet normal 0 0 -1
outer loop
vertex 35.93566131591797 18.81538963317871 0
vertex 31.130146026611328 23.329633712768555 0
vertex 44.74970245361328 26.97898292541504 0
endloop
endfacet
facet normal 0 0 -1
outer loop
vertex 27.74970054626465 22.72898292541504 0
vertex 27.507041931152344 26.33919334411621 0
vertex 29.53519058227539 26.577497482299805 0
endloop
endfacet
facet normal 0 0 -1
outer loop
vertex 31.130146026611328 23.329633712768555 0
vertex 27.74970054626465 22.72898292541504 0
vertex 29.53519058227539 26.577497482299805 0
endloop
endfacet
facet normal 0.0019274724294867133 0.9999981424232915 0
outer loop
vertex 10.99878978729248 53.11829376220703 0
vertex -44.70143127441406 53.22565460205078 0
vertex 10.99878978729248 53.11829376220703 2.200000047683716
endloop
endfacet
facet normal 0 0 -1
outer loop
vertex -9.959750175476074 43.774085998535156 0
vertex -44.70143127441406 53.22565460205078 0
vertex 10.99878978729248 53.11829376220703 0
endloop
endfacet
facet normal 0 0 -1
outer loop
vertex -7.059750556945801 43.774085998535156 0
vertex -9.959750175476074 43.774085998535156 0
vertex 10.99878978729248 53.11829376220703 0
endloop
endfacet
facet normal 0 0 -1
outer loop
vertex -7.7597503662109375 40.22408676147461 0
vertex -7.059750556945801 43.774085998535156 0
vertex -7.059750556945801 40.22408676147461 0
endloop
endfacet
facet normal 0 0 -1
outer loop
vertex 44.33627700805664 -63.0609130859375 0
vertex 47.02793502807617 -58.0268669128418 0
vertex 46.80693817138672 -60.78058624267578 0
endloop
endfacet
facet normal 0 0 -1
outer loop
vertex 48.67860794067383 -55.478267669677734 0
vertex 52.454410552978516 -52.15964126586914 0
vertex 51.26462173461914 -54.06083297729492 0
endloop
endfacet
facet normal 0 0 -1
outer loop
vertex 48.67860794067383 -55.478267669677734 0
vertex 23.81521224975586 -43.440914154052734 0
vertex 53.37393569946289 -33.396602630615234 0
endloop
endfacet
facet normal 0 0 -1
outer loop
vertex 53.37393569946289 -33.396602630615234 0
vertex 23.683408737182617 -43.12271499633789 0
vertex 53.45748519897461 -33.18330764770508 0
endloop
endfacet
facet normal 0 0 -1
outer loop
vertex 53.45748519897461 -33.18330764770508 0
vertex 23.683408737182617 -41.852718353271484 0
vertex 55.76497268676758 -30.4310359954834 0
endloop
endfacet
facet normal 0 0 -1
outer loop
vertex 55.76497268676758 -30.4310359954834 0
vertex 28.65341567993164 -37.78403091430664 0
vertex 44.28813934326172 -28.553863525390625 0
endloop
endfacet
facet normal 0 0 -1
outer loop
vertex 52.454410552978516 -52.15964126586914 0
vertex 48.67860794067383 -55.478267669677734 0
vertex 53.37393569946289 -33.396602630615234 0
endloop
endfacet
facet normal 0.6782345796711344 -0.7348454633038973 0
outer loop
vertex 44.33627700805664 -63.0609130859375 0
vertex 46.80693817138672 -60.78058624267578 0
vertex 44.33627700805664 -63.0609130859375 2.200000047683716
endloop
endfacet
facet normal 0.9967951245994029 -0.07999674727675334 0
outer loop
vertex 46.80693817138672 -60.78058624267578 0
vertex 47.02793502807617 -58.0268669128418 0
vertex 46.80693817138672 -60.78058624267578 2.200000047683716
endloop
endfacet
facet normal 0.9468793216744614 -0.32158910147160136 0
outer loop
vertex 47.02793502807617 -58.0268669128418 0
vertex 47.08389663696289 -57.86209487915039 0
vertex 47.02793502807617 -58.0268669128418 2.200000047683716
endloop
endfacet
facet normal 0.8393331557720235 -0.5436173779615365 0
outer loop
vertex 47.08389663696289 -57.86209487915039 0
vertex 48.55112838745117 -55.59672164916992 0
vertex 47.08389663696289 -57.86209487915039 2.200000047683716
endloop
endfacet
facet normal 0.6806982601372712 -0.7325639075507964 0
outer loop
vertex 48.55112838745117 -55.59672164916992 0
vertex 48.67860794067383 -55.478267669677734 0
vertex 48.55112838745117 -55.59672164916992 2.200000047683716
endloop
endfacet
facet normal 0.48064961517717825 -0.8769127364966428 0
outer loop
vertex 48.67860794067383 -55.478267669677734 0
vertex 51.26462173461914 -54.06083297729492 0
vertex 48.67860794067383 -55.478267669677734 2.200000047683716
endloop
endfacet
facet normal 0.8476887544317069 -0.530493897806583 0
outer loop
vertex 51.26462173461914 -54.06083297729492 0
vertex 52.454410552978516 -52.15964126586914 0
vertex 51.26462173461914 -54.06083297729492 2.200000047683716
endloop
endfacet
facet normal 0.9988013029076371 -0.048948516933675294 0
outer loop
vertex 52.454410552978516 -52.15964126586914 0
vertex 53.37393569946289 -33.396602630615234 0
vertex 52.454410552978516 -52.15964126586914 2.200000047683716
endloop
endfacet
facet normal 0.9311149613340629 -0.36472582686158467 0
outer loop
vertex 53.37393569946289 -33.396602630615234 0
vertex 53.45748519897461 -33.18330764770508 0
vertex 53.37393569946289 -33.396602630615234 2.200000047683716
endloop
endfacet
facet normal 0.7663107119053166 -0.6424701493603939 0
outer loop
vertex 53.45748519897461 -33.18330764770508 0
vertex 55.76497268676758 -30.4310359954834 0
vertex 53.45748519897461 -33.18330764770508 2.200000047683716
endloop
endfacet
facet normal 0 0 -1
outer loop
vertex 44.28813934326172 -28.553863525390625 0
vertex 43.671688079833984 -25.057796478271484 0
vertex 44.361053466796875 -24.936243057250977 0
endloop
endfacet
facet normal 0 0 -1
outer loop
vertex 44.361053466796875 -24.936243057250977 0
vertex 43.14551544189453 -18.042587280273438 0
vertex 46.23872375488281 -21.97917938232422 0
endloop
endfacet
facet normal 0 0 -1
outer loop
vertex 44.93290710449219 -18.604665756225586 0
vertex 45.62227249145508 -18.483110427856445 0
vertex 46.23872375488281 -21.97917938232422 0
endloop
endfacet
facet normal 0 0 -1
outer loop
vertex 42.45615005493164 -18.164142608642578 0
vertex 41.83970260620117 -14.668074607849121 0
vertex 43.14551544189453 -18.042587280273438 0
endloop
endfacet
facet normal 0 0 -1
outer loop
vertex 43.14551544189453 -18.042587280273438 0
vertex 43.717369079589844 -11.711010932922363 0
vertex 44.93290710449219 -18.604665756225586 0
endloop
endfacet
facet normal 0 0 -1
outer loop
vertex 44.93290710449219 -18.604665756225586 0
vertex 46.23872375488281 -21.97917938232422 0
vertex 43.14551544189453 -18.042587280273438 0
endloop
endfacet
facet normal 0 0 -1
outer loop
vertex 55.76497268676758 -30.4310359954834 0
vertex 44.28813934326172 -28.553863525390625 0
vertex 44.361053466796875 -24.936243057250977 0
endloop
endfacet
facet normal 0 0 -1
outer loop
vertex 55.76497268676758 -30.4310359954834 0
vertex 44.361053466796875 -24.936243057250977 0
vertex 46.23872375488281 -21.97917938232422 0
endloop
endfacet
facet normal 0 0 -1
outer loop
vertex 55.76497268676758 -30.4310359954834 0
vertex 46.23872375488281 -21.97917938232422 0
vertex 60.12451171875 -19.530738830566406 0
endloop
endfacet
facet normal 0 0 -1
outer loop
vertex -9.259750366210938 40.22408676147461 0
vertex -9.959750175476074 43.774085998535156 0
vertex -7.059750556945801 43.774085998535156 0
endloop
endfacet
facet normal 0 0 -1
outer loop
vertex -7.7597503662109375 40.22408676147461 0
vertex -9.259750366210938 40.22408676147461 0
vertex -7.059750556945801 43.774085998535156 0
endloop
endfacet
facet normal 0 0 -1
outer loop
vertex -9.959750175476074 40.22408676147461 0
vertex -9.959750175476074 43.774085998535156 0
vertex -9.259750366210938 40.22408676147461 0
endloop
endfacet
facet normal 0 0 -1
outer loop
vertex -7.7597503662109375 40.22408676147461 0
vertex -9.259750366210938 33.22408676147461 0
vertex -9.259750366210938 40.22408676147461 0
endloop
endfacet
facet normal 0 0 -1
outer loop
vertex -7.7597503662109375 33.22408676147461 0
vertex -9.259750366210938 33.22408676147461 0
vertex -7.7597503662109375 40.22408676147461 0
endloop
endfacet
facet normal 0 0 -1
outer loop
vertex -7.7597503662109375 33.22408676147461 0
vertex -7.059750556945801 33.22408676147461 0
vertex -7.059750556945801 29.67408561706543 0
endloop
endfacet
facet normal 0 0 -1
outer loop
vertex 41.33612060546875 -11.812131881713867 0
vertex 41.409034729003906 -8.194510459899902 0
vertex 43.717369079589844 -11.711010932922363 0
endloop
endfacet
facet normal 0 0 -1
outer loop
vertex 41.409034729003906 -8.194510459899902 0
vertex 41.33612060546875 -11.812131881713867 0
vertex 40.719669342041016 -8.31606388092041 0
endloop
endfacet
facet normal 0 0 -1
outer loop
vertex 43.717369079589844 -11.711010932922363 0
vertex 43.14551544189453 -18.042587280273438 0
vertex 41.83970260620117 -14.668074607849121 0
endloop
endfacet
facet normal 0 0 -1
outer loop
vertex 43.717369079589844 -11.711010932922363 0
vertex 41.83970260620117 -14.668074607849121 0
vertex 41.33612060546875 -11.812131881713867 0
endloop
endfacet
facet normal 0 0 -1
outer loop
vertex 43.717369079589844 -11.711010932922363 0
vertex 43.790283203125 -8.093389511108398 0
vertex 44.406734466552734 -11.589457511901855 0
endloop
endfacet
facet normal 0 0 -1
outer loop
vertex 43.717369079589844 -11.711010932922363 0
vertex 41.409034729003906 -8.194510459899902 0
vertex 43.790283203125 -8.093389511108398 0
endloop
endfacet
facet normal 0 0 1
outer loop
vertex 58.24861145019531 -3.4510021209716797 2.200000047683716
vertex 61.05127716064453 -20.17966651916504 2.200000047683716
vertex 59.845985412597656 20.034517288208008 2.200000047683716
endloop
endfacet
facet normal 0 0 -1
outer loop
vertex 39.50413131713867 -1.422410011291504 0
vertex 38.88768005371094 2.073657512664795 0
vertex 40.19349670410156 -1.300856351852417 0
endloop
endfacet
facet normal 0 0 -1
outer loop
vertex 43.436058044433594 -5.250514030456543 0
vertex 40.19349670410156 -1.300856351852417 0
vertex 42.13024139404297 -1.8760000467300415 0
endloop
endfacet
facet normal 0 0 -1
outer loop
vertex 43.790283203125 -8.093389511108398 0
vertex 41.409034729003906 -8.194510459899902 0
vertex 43.436058044433594 -5.250514030456543 0
endloop
endfacet
facet normal 0 0 -1
outer loop
vertex 43.436058044433594 -5.250514030456543 0
vertex 42.13024139404297 -1.8760000467300415 0
vertex 42.81960678100586 -1.754446268081665 0
endloop
endfacet
facet normal 0 0 -1
outer loop
vertex 43.436058044433594 -5.250514030456543 0
vertex 57.32184600830078 -2.802074432373047 0
vertex 43.790283203125 -8.093389511108398 0
endloop
endfacet
facet normal 0 0 -1
outer loop
vertex 43.790283203125 -8.093389511108398 0
vertex 57.32184600830078 -2.802074432373047 0
vertex 57.67607116699219 -5.6449503898620605 0
endloop
endfacet
facet normal 0 0 -1
outer loop
vertex -9.259750366210938 33.22408676147461 0
vertex -7.7597503662109375 33.22408676147461 0
vertex -7.059750556945801 29.67408561706543 0
endloop
endfacet
facet normal 0 0 -1
outer loop
vertex -9.259750366210938 33.22408676147461 0
vertex -9.959750175476074 29.67408561706543 0
vertex -9.959750175476074 33.22408676147461 0
endloop
endfacet
facet normal 0 0 -1
outer loop
vertex -24.059749603271484 43.774085998535156 0
vertex -44.70143127441406 53.22565460205078 0
vertex -9.959750175476074 43.774085998535156 0
endloop
endfacet
facet normal 0 0 -1
outer loop
vertex -24.059749603271484 43.774085998535156 0
vertex -26.259750366210938 40.22408676147461 0
vertex -26.95975112915039 43.774085998535156 0
endloop
endfacet
facet normal 0 0 -1
outer loop
vertex -24.759750366210938 40.22408676147461 0
vertex -24.059749603271484 43.774085998535156 0
vertex -24.059749603271484 40.22408676147461 0
endloop
endfacet
facet normal 0 0 -1
outer loop
vertex -24.759750366210938 40.22408676147461 0
vertex -26.259750366210938 40.22408676147461 0
vertex -24.059749603271484 43.774085998535156 0
endloop
endfacet
facet normal 0 0 -1
outer loop
vertex -26.95975112915039 40.22408676147461 0
vertex -26.95975112915039 43.774085998535156 0
vertex -26.259750366210938 40.22408676147461 0
endloop
endfacet
facet normal 0 0 -1
outer loop
vertex -26.259750366210938 40.22408676147461 0
vertex -24.759750366210938 40.22408676147461 0
vertex -24.759750366210938 33.22408676147461 0
endloop
endfacet
facet normal 0 0 -1
outer loop
vertex 55.76497268676758 -30.4310359954834 0
vertex 60.12451171875 -19.530738830566406 0
vertex 55.960418701171875 -30.311553955078125 0
endloop
endfacet
facet normal 0 0 -1
outer loop
vertex 55.960418701171875 -30.311553955078125 0
vertex 68.75359344482422 -22.228225708007812 0
vertex 65.4995346069336 -28.135013580322266 0
endloop
endfacet
facet normal 0 0 -1
outer loop
vertex 68.75359344482422 -22.228225708007812 0
vertex 55.960418701171875 -30.311553955078125 0
vertex 60.12451171875 -19.530738830566406 0
endloop
endfacet
facet normal 0 0 -1
outer loop
vertex 60.12451171875 -19.530738830566406 0
vertex 59.508060455322266 -16.034671783447266 0
vertex 60.197425842285156 -15.913118362426758 0
endloop
endfacet
facet normal 0 0 -1
outer loop
vertex 68.75359344482422 -22.228225708007812 0
vertex 60.12451171875 -19.530738830566406 0
vertex 60.197425842285156 -15.913118362426758 0
endloop
endfacet
facet normal 0 0 -1
outer loop
vertex 65.4995346069336 -28.135013580322266 0
vertex 68.75359344482422 -22.228225708007812 0
vertex 66.77365112304688 -27.31208038330078 0
endloop
endfacet
facet normal 0 0 -1
outer loop
vertex 68.75359344482422 -22.228225708007812 0
vertex 69.58795166015625 -23.595972061157227 0
vertex 66.77365112304688 -27.31208038330078 0
endloop
endfacet
facet normal 0 0 -1
outer loop
vertex 69.58795166015625 -23.595972061157227 0
vertex 68.75359344482422 -22.228225708007812 0
vertex 69.97376251220703 -22.022035598754883 0
endloop
endfacet
facet normal 0 0 -1
outer loop
vertex 29.53519058227539 26.577497482299805 0
vertex 30.211339950561523 26.758670806884766 0
vertex 31.130146026611328 23.329633712768555 0
endloop
endfacet
facet normal 0.9712463879839447 -0.23807657135497554 0
outer loop
vertex 69.58795166015625 -23.595972061157227 0
vertex 69.97376251220703 -22.022035598754883 0
vertex 69.97376251220703 -22.022035598754883 0.20000000298023224
endloop
endfacet
facet normal 0 0 1
outer loop
vertex -37.5110969543457 -39.95368194580078 2.200000047683716
vertex -50.31782531738281 -22.182939529418945 2.200000047683716
vertex -66.51231384277344 -12.233635902404785 2.200000047683716
endloop
endfacet
facet normal 0 0 1
outer loop
vertex 45.58979415893555 -22.905942916870117 2.200000047683716
vertex 55.960418701171875 -30.311553955078125 2.200000047683716
vertex 61.05127716064453 -20.17966651916504 2.200000047683716
endloop
endfacet
facet normal 0 0 1
outer loop
vertex 45.58979415893555 -22.905942916870117 2.200000047683716
vertex 55.76497268676758 -30.4310359954834 2.200000047683716
vertex 55.960418701171875 -30.311553955078125 2.200000047683716
endloop
endfacet
facet normal 0 0 1
outer loop
vertex 45.58979415893555 -22.905942916870117 2.200000047683716
vertex 45.21490478515625 -29.202791213989258 2.200000047683716
vertex 55.76497268676758 -30.4310359954834 2.200000047683716
endloop
endfacet
facet normal 0 0 -1
outer loop
vertex -24.759750366210938 33.22408676147461 0
vertex -26.259750366210938 33.22408676147461 0
vertex -26.259750366210938 40.22408676147461 0
endloop
endfacet
facet normal 0.9712466376651605 -0.2380755527644964 0
outer loop
vertex 69.97376251220703 -22.022035598754883 0.20000000298023224
vertex 70.01129913330078 -21.8689022064209 0.20000000298023224
vertex 70.01129913330078 -21.8689022064209 1.7000000476837158
endloop
endfacet
facet normal 0.9860234681698661 0.16660648312196327 0
outer loop
vertex 70.01129913330078 -21.8689022064209 1.7000000476837158
vertex 70.01129913330078 -21.8689022064209 0.20000000298023224
vertex 69.95211029052734 -21.518606185913086 0.20000000298023224
endloop
endfacet
facet normal 0.16662466218386057 -0.9860203963164831 0
outer loop
vertex 70.64231872558594 -21.40196990966797 0.20000000298023224
vertex 69.95211029052734 -21.518606185913086 1.7000000476837158
vertex 69.95211029052734 -21.518606185913086 0.20000000298023224
endloop
endfacet
facet normal 0 0 -1
outer loop
vertex 68.75359344482422 -22.228225708007812 0
vertex 60.197425842285156 -15.913118362426758 0
vertex 58.98188781738281 -9.019464492797852 0
endloop
endfacet
facet normal 0 0 -1
outer loop
vertex 68.75359344482422 -22.228225708007812 0
vertex 58.98188781738281 -9.019464492797852 0
vertex 65.5877685546875 -3.4938302040100098 0
endloop
endfacet
facet normal 0 0 -1
outer loop
vertex 57.32184600830078 -2.802074432373047 0
vertex 56.70539474487305 0.6939930319786072 0
vertex 57.39476013183594 0.8155467510223389 0
endloop
endfacet
facet normal 0 0 -1
outer loop
vertex 58.29252243041992 -9.14101791381836 0
vertex 63.56424331665039 16.28286361694336 0
vertex 58.98188781738281 -9.019464492797852 0
endloop
endfacet
facet normal 0 0 1
outer loop
vertex 42.48862838745117 -13.74130916595459 2.200000047683716
vertex 45.21490478515625 -29.202791213989258 2.200000047683716
vertex 42.86351776123047 -7.444461822509766 2.200000047683716
endloop
endfacet
facet normal 0 0 1
outer loop
vertex 45.21490478515625 -29.202791213989258 2.200000047683716
vertex 45.58979415893555 -22.905942916870117 2.200000047683716
vertex 42.86351776123047 -7.444461822509766 2.200000047683716
endloop
endfacet
facet normal 0 0 1
outer loop
vertex -50.87205505371094 -13.601981163024902 2.200000047683716
vertex -50.31782531738281 -22.182939529418945 2.200000047683716
vertex -48.94947814941406 -6.542681694030762 2.200000047683716
endloop
endfacet
facet normal 0 0 -1
outer loop
vertex -24.759750366210938 33.22408676147461 0
vertex -24.059749603271484 33.22408676147461 0
vertex -24.059749603271484 29.67408561706543 0
endloop
endfacet
facet normal 0 0 -1
outer loop
vertex -26.259750366210938 33.22408676147461 0
vertex -24.759750366210938 33.22408676147461 0
vertex -24.059749603271484 29.67408561706543 0
endloop
endfacet
facet normal 0 0 -1
outer loop
vertex -26.259750366210938 33.22408676147461 0
vertex -26.95975112915039 29.67408561706543 0
vertex -26.95975112915039 33.22408676147461 0
endloop
endfacet
facet normal 0.986020866196315 0.16662188158894592 -0.0000011081292427471612
outer loop
vertex 70.64231872558594 -21.40196990966797 0.20000000298023224
vertex 67.91577911376953 -5.26708459854126 0.20000000298023224
vertex 69.96068572998047 -17.368249893188477 1.7000000476837158
endloop
endfacet
facet normal 0.9860203283744349 0.16662506423816226 0
outer loop
vertex 67.91577911376953 -5.26708459854126 0.20000000298023224
vertex 67.64311981201172 -3.6535961627960205 0.20000000298023224
vertex 67.64311981201172 -3.6535961627960205 1.7000000476837158
endloop
endfacet
facet normal 0.986022705150028 0.16661099882246994 0
outer loop
vertex 66.9529037475586 -3.7702317237854004 0.20000000298023224
vertex 66.86959838867188 -3.277221202850342 0.20000000298023224
vertex 66.86959838867188 -3.277221202850342 1.7000000476837158
endloop
endfacet
facet normal -0.16662187808719492 0.9860208667886781 0
outer loop
vertex 67.64311981201172 -3.6535961627960205 0.20000000298023224
vertex 66.9529037475586 -3.7702317237854004 0.20000000298023224
vertex 67.64311981201172 -3.6535961627960205 1.7000000476837158
endloop
endfacet
facet normal 0 0 -1
outer loop
vertex -26.95975112915039 43.774085998535156 0
vertex -44.70143127441406 53.22565460205078 0
vertex -24.059749603271484 43.774085998535156 0
endloop
endfacet
facet normal 0 0 -1
outer loop
vertex -41.059749603271484 43.774085998535156 0
vertex -44.70143127441406 53.22565460205078 0
vertex -26.95975112915039 43.774085998535156 0
endloop
endfacet
facet normal 0.5215860680961599 -0.8531986718039287 0
outer loop
vertex 55.76497268676758 -30.4310359954834 0
vertex 55.960418701171875 -30.311553955078125 0
vertex 55.76497268676758 -30.4310359954834 2.200000047683716
endloop
endfacet
facet normal 0 0 -1
outer loop
vertex 7.040249347686768 29.67408561706543 0
vertex -9.259750366210938 23.224084854125977 0
vertex -7.059750556945801 29.67408561706543 0
endloop
endfacet
facet normal 0 0 -1
outer loop
vertex -7.059750556945801 29.67408561706543 0
vertex -9.959750175476074 29.67408561706543 0
vertex -9.259750366210938 33.22408676147461 0
endloop
endfacet
facet normal 0 0 -1
outer loop
vertex -9.259750366210938 23.224084854125977 0
vertex -9.959750175476074 26.774085998535156 0
vertex -7.059750556945801 29.67408561706543 0
endloop
endfacet
facet normal 0 0 -1
outer loop
vertex -9.959750175476074 23.224084854125977 0
vertex -9.959750175476074 26.774085998535156 0
vertex -9.259750366210938 23.224084854125977 0
endloop
endfacet
facet normal 0 0 -1
outer loop
vertex 7.040249347686768 29.67408561706543 0
vertex -9.259750366210938 16.224084854125977 0
vertex -9.259750366210938 23.224084854125977 0
endloop
endfacet
facet normal 0 0 -1
outer loop
vertex 7.040249347686768 29.67408561706543 0
vertex -9.959750175476074 12.67408561706543 0
vertex -9.259750366210938 16.224084854125977 0
endloop
endfacet
facet normal 0 0 -1
outer loop
vertex -7.059750556945801 29.67408561706543 0
vertex -24.059749603271484 26.774085998535156 0
vertex -9.959750175476074 29.67408561706543 0
endloop
endfacet
facet normal 0 0 -1
outer loop
vertex -24.059749603271484 26.774085998535156 0
vertex -7.059750556945801 29.67408561706543 0
vertex -9.959750175476074 26.774085998535156 0
endloop
endfacet
facet normal 0 0 -1
outer loop
vertex 7.040249347686768 29.67408561706543 0
vertex -13.500572204589844 2.6435980796813965 0
vertex -9.959750175476074 12.67408561706543 0
endloop
endfacet
facet normal 0 0 -1
outer loop
vertex -9.959750175476074 12.67408561706543 0
vertex -9.959750175476074 16.224084854125977 0
vertex -9.259750366210938 16.224084854125977 0
endloop
endfacet
facet normal 0 0 -1
outer loop
vertex 7.040249347686768 29.67408561706543 0
vertex -13.314780235290527 -0.9015368223190308 0
vertex -13.500572204589844 2.6435980796813965 0
endloop
endfacet
facet normal 0 0 -1
outer loop
vertex -10.52830696105957 -0.06517471373081207 0
vertex -12.615738868713379 -0.864901602268219 0
vertex 7.040249347686768 29.67408561706543 0
endloop
endfacet
facet normal 0 0 -1
outer loop
vertex -12.615738868713379 -0.864901602268219 0
vertex -13.314780235290527 -0.9015368223190308 0
vertex 7.040249347686768 29.67408561706543 0
endloop
endfacet
facet normal 0 0 -1
outer loop
vertex -27.581249237060547 1.9056611061096191 0
vertex -9.959750175476074 12.67408561706543 0
vertex -13.500572204589844 2.6435980796813965 0
endloop
endfacet
facet normal 0 0 -1
outer loop
vertex -24.059749603271484 29.67408561706543 0
vertex -9.959750175476074 29.67408561706543 0
vertex -24.059749603271484 26.774085998535156 0
endloop
endfacet
facet normal 0 0 -1
outer loop
vertex -24.059749603271484 29.67408561706543 0
vertex -26.95975112915039 29.67408561706543 0
vertex -26.259750366210938 33.22408676147461 0
endloop
endfacet
facet normal 0 0 -1
outer loop
vertex -26.95975112915039 29.67408561706543 0
vertex -24.059749603271484 29.67408561706543 0
vertex -24.059749603271484 26.774085998535156 0
endloop
endfacet
facet normal 0 0 -1
outer loop
vertex -24.759750366210938 23.224084854125977 0
vertex -24.059749603271484 26.774085998535156 0
vertex -24.059749603271484 23.224084854125977 0
endloop
endfacet
facet normal 0 0 -1
outer loop
vertex -24.059749603271484 26.774085998535156 0
vertex -31.212608337402344 25.23236083984375 0
vertex -26.95975112915039 29.67408561706543 0
endloop
endfacet
facet normal 0 0 -1
outer loop
vertex -24.759750366210938 23.224084854125977 0
vertex -31.212608337402344 25.23236083984375 0
vertex -24.059749603271484 26.774085998535156 0
endloop
endfacet
facet normal 0 0 -1
outer loop
vertex -24.759750366210938 16.224084854125977 0
vertex -30.824674606323242 21.63486099243164 0
vertex -24.759750366210938 23.224084854125977 0
endloop
endfacet
facet normal 0.2224528760075166 -0.9749434434653041 0
outer loop
vertex 55.960418701171875 -30.311553955078125 0
vertex 65.4995346069336 -28.135013580322266 0
vertex 55.960418701171875 -30.311553955078125 2.200000047683716
endloop
endfacet
facet normal 0.5425562675607345 -0.8400194619951163 0
outer loop
vertex 65.4995346069336 -28.135013580322266 0
vertex 66.77365112304688 -27.31208038330078 0
vertex 65.4995346069336 -28.135013580322266 2.200000047683716
endloop
endfacet
facet normal 0 0 -1
outer loop
vertex -31.212608337402344 25.23236083984375 0
vertex -41.059749603271484 29.67408561706543 0
vertex -26.95975112915039 29.67408561706543 0
endloop
endfacet
facet normal 0.7971884801227918 -0.6037305087201682 0
outer loop
vertex 66.77365112304688 -27.31208038330078 0
vertex 69.58795166015625 -23.595972061157227 0
vertex 66.77365112304688 -27.31208038330078 2.200000047683716
endloop
endfacet
facet normal 0.9712463879839447 -0.23807657135497556 0
outer loop
vertex 69.97376251220703 -22.022035598754883 0.20000000298023224
vertex 69.58795166015625 -23.595972061157227 2.200000047683716
vertex 69.58795166015625 -23.595972061157227 0
endloop
endfacet
facet normal 0 0 -1
outer loop
vertex -30.824674606323242 21.63486099243164 0
vertex -31.212608337402344 25.23236083984375 0
vertex -24.759750366210938 23.224084854125977 0
endloop
endfacet
facet normal 0 0 -1
outer loop
vertex -31.522010803222656 21.69586944580078 0
vertex -31.212608337402344 25.23236083984375 0
vertex -30.824674606323242 21.63486099243164 0
endloop
endfacet
facet normal 0.9712466376651605 -0.2380755527644964 0
outer loop
vertex 69.97376251220703 -22.022035598754883 0.20000000298023224
vertex 70.01129913330078 -21.8689022064209 1.7000000476837158
vertex 69.97376251220703 -22.022035598754883 1.7000000476837158
endloop
endfacet
facet normal 0.9860234681698661 0.16660648312196327 0
outer loop
vertex 70.01129913330078 -21.8689022064209 1.7000000476837158
vertex 69.95211029052734 -21.518606185913086 0.20000000298023224
vertex 69.95211029052734 -21.518606185913086 1.7000000476837158
endloop
endfacet
facet normal 0.16662466218386057 -0.9860203963164831 0
outer loop
vertex 69.95211029052734 -21.518606185913086 1.7000000476837158
vertex 70.64231872558594 -21.40196990966797 0.20000000298023224
vertex 70.64231872558594 -21.40196990966797 1.7000000476837158
endloop
endfacet
facet normal 0.9860209338976869 0.16662148095468818 0
outer loop
vertex 70.64231872558594 -21.40196990966797 1.7000000476837158
vertex 70.64231872558594 -21.40196990966797 0.20000000298023224
vertex 69.96068572998047 -17.368249893188477 1.7000000476837158
endloop
endfacet
facet normal 0.9712463879839447 -0.23807657135497556 0
outer loop
vertex 69.58795166015625 -23.595972061157227 2.200000047683716
vertex 69.97376251220703 -22.022035598754883 0.20000000298023224
vertex 69.97376251220703 -22.022035598754883 1.7000000476837158
endloop
endfacet
facet normal 0 0 -1
outer loop
vertex -24.759750366210938 16.224084854125977 0
vertex -31.434764862060547 14.661498069763184 0
vertex -30.824674606323242 21.63486099243164 0
endloop
endfacet
facet normal 0 0 -1
outer loop
vertex -24.059749603271484 12.67408561706543 0
vertex -9.959750175476074 12.67408561706543 0
vertex -27.581249237060547 1.9056611061096191 0
endloop
endfacet
facet normal 0 0 -1
outer loop
vertex -24.759750366210938 16.224084854125977 0
vertex -24.059749603271484 16.224084854125977 0
vertex -24.059749603271484 12.67408561706543 0
endloop
endfacet
facet normal 0 0 -1
outer loop
vertex -24.059749603271484 12.67408561706543 0
vertex -31.434764862060547 14.661498069763184 0
vertex -24.759750366210938 16.224084854125977 0
endloop
endfacet
facet normal 0 0 -1
outer loop
vertex -27.581249237060547 1.9056611061096191 0
vertex -32.30632400512695 4.699551582336426 0
vertex -24.059749603271484 12.67408561706543 0
endloop
endfacet
facet normal 0.9860207830077775 0.16662237385138076 0.0000029765785575391556
outer loop
vertex 69.96068572998047 -17.368249893188477 1.7000000476837158
vertex 67.91577911376953 -5.26708459854126 0.20000000298023224
vertex 67.64311981201172 -3.6535961627960205 1.7000000476837158
endloop
endfacet
facet normal 0.986022705150028 0.16661099882246994 0
outer loop
vertex 66.9529037475586 -3.7702317237854004 0.20000000298023224
vertex 66.86959838867188 -3.277221202850342 1.7000000476837158
vertex 66.9529037475586 -3.7702317237854004 1.7000000476837158
endloop
endfacet
facet normal -0.16662187808719492 0.9860208667886781 0
outer loop
vertex 67.64311981201172 -3.6535961627960205 1.7000000476837158
vertex 66.9529037475586 -3.7702317237854004 0.20000000298023224
vertex 66.9529037475586 -3.7702317237854004 1.7000000476837158
endloop
endfacet
facet normal 0 0 -1
outer loop
vertex -24.059749603271484 12.67408561706543 0
vertex -32.441505432128906 11.186016082763672 0
vertex -31.434764862060547 14.661498069763184 0
endloop
endfacet
facet normal 0 0 -1
outer loop
vertex -32.441505432128906 11.186016082763672 0
vertex -32.13209915161133 14.72250747680664 0
vertex -31.434764862060547 14.661498069763184 0
endloop
endfacet
facet normal 0 0 -1
outer loop
vertex -24.059749603271484 12.67408561706543 0
vertex -32.69425582885742 8.297051429748535 0
vertex -32.441505432128906 11.186016082763672 0
endloop
endfacet
facet normal 0 0 -1
outer loop
vertex -32.30632400512695 4.699551582336426 0
vertex -32.69425582885742 8.297051429748535 0
vertex -24.059749603271484 12.67408561706543 0
endloop
endfacet
facet normal 0 0 -1
outer loop
vertex -32.69425582885742 8.297051429748535 0
vertex -46.7406005859375 9.525947570800781 0
vertex -32.441505432128906 11.186016082763672 0
endloop
endfacet
facet normal 0 0 -1
outer loop
vertex -33.003658294677734 4.760560512542725 0
vertex -32.69425582885742 8.297051429748535 0
vertex -32.30632400512695 4.699551582336426 0
endloop
endfacet
facet normal 0 0 -1
outer loop
vertex -27.581249237060547 1.9056611061096191 0
vertex -32.916412353515625 -2.2738113403320312 0
vertex -32.30632400512695 4.699551582336426 0
endloop
endfacet
facet normal -0.3654401567192126 0.9308348359709349 0
outer loop
vertex -44.70143127441406 53.22565460205078 0
vertex -46.224525451660156 52.6276969909668 0
vertex -44.70143127441406 53.22565460205078 2.200000047683716
endloop
endfacet
facet normal -0.6817392439653048 0.7315952454995963 0
outer loop
vertex -46.224525451660156 52.6276969909668 0
vertex -49.67301940917969 49.414207458496094 0
vertex -46.224525451660156 52.6276969909668 2.200000047683716
endloop
endfacet
facet normal -0.9129950852590514 0.40797055566893226 0
outer loop
vertex -49.67301940917969 49.414207458496094 0
vertex -50.380863189697266 47.83012771606445 0
vertex -49.67301940917969 49.414207458496094 2.200000047683716
endloop
endfacet
facet normal -0.7571947052273437 0.6531892362674664 0
outer loop
vertex -50.380863189697266 47.83012771606445 0
vertex -50.51512145996094 47.67449188232422 0
vertex -50.380863189697266 47.83012771606445 2.200000047683716
endloop
endfacet
facet normal -0.5374964763966912 0.8432659947259473 0
outer loop
vertex -50.51512145996094 47.67449188232422 0
vertex -53.2191162109375 45.95096969604492 0
vertex -50.51512145996094 47.67449188232422 2.200000047683716
endloop
endfacet
facet normal -0.2724112965663689 0.9621809006122652 0
outer loop
vertex -53.2191162109375 45.95096969604492 0
vertex -53.41688537597656 45.89497756958008 0
vertex -53.2191162109375 45.95096969604492 2.200000047683716
endloop
endfacet
facet normal 0.015636873285023358 0.9998777366227672 0
outer loop
vertex -53.41688537597656 45.89497756958008 0
vertex -64.58086395263672 46.0695686340332 0
vertex -53.41688537597656 45.89497756958008 2.200000047683716
endloop
endfacet
facet normal -0.8814006583668339 0.47236943109235136 0
outer loop
vertex -69.58952331542969 42.70481872558594 2.200000047683716
vertex -70.34554290771484 41.294151306152344 0.20000000298023224
vertex -70.34554290771484 41.294151306152344 1.7000000476837158
endloop
endfacet
facet normal -0.8814076793515011 0.47235633030605323 0
outer loop
vertex -70.34554290771484 41.294151306152344 0.20000000298023224
vertex -70.4189224243164 41.1572265625 1.7000000476837158
vertex -70.34554290771484 41.294151306152344 1.7000000476837158
endloop
endfacet
facet normal -0.9960268662516747 0.08905325207351274 0
outer loop
vertex -70.4189224243164 41.1572265625 1.7000000476837158
vertex -70.45072174072266 40.80156326293945 0.20000000298023224
vertex -70.45072174072266 40.80156326293945 1.7000000476837158
endloop
endfacet
facet normal 0.08906207831385181 0.9960260770714877 0
outer loop
vertex -70.45072174072266 40.80156326293945 1.7000000476837158
vertex -71.14794158935547 40.86390686035156 0.20000000298023224
vertex -71.14794158935547 40.86390686035156 1.7000000476837158
endloop
endfacet
facet normal -0.9960261478354544 0.0890612869212301 0
outer loop
vertex -71.14794158935547 40.86390686035156 0.20000000298023224
vertex -71.51228332519531 36.78925323486328 1.7000000476837158
vertex -71.14794158935547 40.86390686035156 1.7000000476837158
endloop
endfacet
facet normal -0.3242246580537254 0.9459801113712406 0
outer loop
vertex -64.58086395263672 46.0695686340332 0
vertex -66.00180053710938 45.582557678222656 0
vertex -64.58086395263672 46.0695686340332 2.200000047683716
endloop
endfacet
facet normal -0.6256969131036425 0.7800662618858559 0
outer loop
vertex -66.00180053710938 45.582557678222656 0
vertex -69.58952331542969 42.70481872558594 0
vertex -66.00180053710938 45.582557678222656 2.200000047683716
endloop
endfacet
facet normal -0.8814006583668339 0.47236943109235136 0
outer loop
vertex -70.34554290771484 41.294151306152344 0.20000000298023224
vertex -69.58952331542969 42.70481872558594 2.200000047683716
vertex -69.58952331542969 42.70481872558594 0
endloop
endfacet
facet normal 0 0 -1
outer loop
vertex -41.059749603271484 43.774085998535156 0
vertex -41.75975036621094 40.22408676147461 0
vertex -44.70143127441406 53.22565460205078 0
endloop
endfacet
facet normal 0 0 -1
outer loop
vertex -41.75975036621094 33.22408676147461 0
vertex -44.70143127441406 53.22565460205078 0
vertex -41.75975036621094 40.22408676147461 0
endloop
endfacet
facet normal 0 0 -1
outer loop
vertex -41.75975036621094 40.22408676147461 0
vertex -41.059749603271484 43.774085998535156 0
vertex -41.059749603271484 40.22408676147461 0
endloop
endfacet
facet normal 0 0 -1
outer loop
vertex -44.70143127441406 53.22565460205078 0
vertex -45.25895309448242 26.461257934570312 0
vertex -46.224525451660156 52.6276969909668 0
endloop
endfacet
facet normal 0 0 -1
outer loop
vertex -46.224525451660156 52.6276969909668 0
vertex -47.019161224365234 31.584163665771484 0
vertex -47.4070930480957 35.181663513183594 0
endloop
endfacet
facet normal 0 0 -1
outer loop
vertex -41.75975036621094 33.22408676147461 0
vertex -41.059749603271484 33.22408676147461 0
vertex -41.059749603271484 29.67408561706543 0
endloop
endfacet
facet normal 0 0 -1
outer loop
vertex -41.75975036621094 33.22408676147461 0
vertex -45.25895309448242 26.461257934570312 0
vertex -44.70143127441406 53.22565460205078 0
endloop
endfacet
facet normal 0 0 -1
outer loop
vertex -45.25895309448242 26.461257934570312 0
vertex -47.019161224365234 31.584163665771484 0
vertex -46.224525451660156 52.6276969909668 0
endloop
endfacet
facet normal 0 0 -1
outer loop
vertex -47.019161224365234 31.584163665771484 0
vertex -47.716495513916016 31.645172119140625 0
vertex -47.4070930480957 35.181663513183594 0
endloop
endfacet
facet normal 0 0 -1
outer loop
vertex -47.4070930480957 35.181663513183594 0
vertex -49.67301940917969 49.414207458496094 0
vertex -46.224525451660156 52.6276969909668 0
endloop
endfacet
facet normal 0 0 -1
outer loop
vertex -50.380863189697266 47.83012771606445 0
vertex -49.67301940917969 49.414207458496094 0
vertex -47.4070930480957 35.181663513183594 0
endloop
endfacet
facet normal 0 0 -1
outer loop
vertex -50.51512145996094 47.67449188232422 0
vertex -50.380863189697266 47.83012771606445 0
vertex -47.4070930480957 35.181663513183594 0
endloop
endfacet
facet normal 0 0 -1
outer loop
vertex -47.4070930480957 35.181663513183594 0
vertex -53.2191162109375 45.95096969604492 0
vertex -50.51512145996094 47.67449188232422 0
endloop
endfacet
facet normal 0 0 -1
outer loop
vertex -53.2191162109375 45.95096969604492 0
vertex -61.45343780517578 36.410560607910156 0
vertex -53.41688537597656 45.89497756958008 0
endloop
endfacet
facet normal 0 0 -1
outer loop
vertex -61.45343780517578 36.410560607910156 0
vertex -53.2191162109375 45.95096969604492 0
vertex -47.4070930480957 35.181663513183594 0
endloop
endfacet
facet normal -0.8814076793515011 0.47235633030605323 0
outer loop
vertex -70.34554290771484 41.294151306152344 0.20000000298023224
vertex -70.4189224243164 41.1572265625 0.20000000298023224
vertex -70.4189224243164 41.1572265625 1.7000000476837158
endloop
endfacet
facet normal -0.9960268662516747 0.08905325207351274 0
outer loop
vertex -70.4189224243164 41.1572265625 0.20000000298023224
vertex -70.45072174072266 40.80156326293945 0.20000000298023224
vertex -70.4189224243164 41.1572265625 1.7000000476837158
endloop
endfacet
facet normal 0.08906207831385181 0.9960260770714877 0
outer loop
vertex -70.45072174072266 40.80156326293945 0.20000000298023224
vertex -71.14794158935547 40.86390686035156 0.20000000298023224
vertex -70.45072174072266 40.80156326293945 1.7000000476837158
endloop
endfacet
facet normal -0.9960261873445291 0.08906084505806657 -0.0000012098893947076328
outer loop
vertex -71.14794158935547 40.86390686035156 0.20000000298023224
vertex -72.60530090332031 24.565296173095703 0.20000000298023224
vertex -71.51228332519531 36.78925323486328 1.7000000476837158
endloop
endfacet
facet normal 0 0 -1
outer loop
vertex -61.45343780517578 36.410560607910156 0
vertex -64.58086395263672 46.0695686340332 0
vertex -53.41688537597656 45.89497756958008 0
endloop
endfacet
facet normal 0 0 -1
outer loop
vertex -64.58086395263672 46.0695686340332 0
vertex -61.762840270996094 32.87406921386719 0
vertex -66.00180053710938 45.582557678222656 0
endloop
endfacet
facet normal 0 0 -1
outer loop
vertex -62.46017837524414 32.93507766723633 0
vertex -69.58952331542969 42.70481872558594 0
vertex -66.00180053710938 45.582557678222656 0
endloop
endfacet
facet normal 0 0 -1
outer loop
vertex -61.762840270996094 32.87406921386719 0
vertex -64.58086395263672 46.0695686340332 0
vertex -61.45343780517578 36.410560607910156 0
endloop
endfacet
facet normal 0 0 -1
outer loop
vertex -62.46017837524414 32.93507766723633 0
vertex -66.00180053710938 45.582557678222656 0
vertex -61.762840270996094 32.87406921386719 0
endloop
endfacet
facet normal 0 0 -1
outer loop
vertex -62.46017837524414 32.93507766723633 0
vertex -63.07026672363281 25.961715698242188 0
vertex -69.58952331542969 42.70481872558594 0
endloop
endfacet
facet normal 0 0 1
outer loop
vertex -72.4444580078125 3.907637596130371 2.200000047683716
vertex -74.13661193847656 -15.016860008239746 2.200000047683716
vertex -65.14396667480469 3.406620740890503 2.200000047683716
endloop
endfacet
facet normal 0 0 1
outer loop
vertex -50.87205505371094 -13.601981163024902 2.200000047683716
vertex -48.94947814941406 -6.542681694030762 2.200000047683716
vertex -48.836177825927734 -5.247628688812256 2.200000047683716
endloop
endfacet
facet normal -0.8814006583668339 0.47236943109235136 0
outer loop
vertex -69.58952331542969 42.70481872558594 0
vertex -70.34554290771484 41.294151306152344 0
vertex -70.34554290771484 41.294151306152344 0.20000000298023224
endloop
endfacet
facet normal 0 0 -1
outer loop
vertex -69.58952331542969 42.70481872558594 0
vertex -69.11135864257812 41.18379592895508 0
vertex -70.34554290771484 41.294151306152344 0
endloop
endfacet
facet normal 0 0 1
outer loop
vertex -66.51231384277344 -12.233635902404785 2.200000047683716
vertex -65.14396667480469 3.406620740890503 2.200000047683716
vertex -74.13661193847656 -15.016860008239746 2.200000047683716
endloop
endfacet
facet normal 0.9712463879839447 -0.23807657135497554 0
outer loop
vertex 69.58795166015625 -23.595972061157227 2.200000047683716
vertex 69.97376251220703 -22.022035598754883 1.7000000476837158
vertex 69.97376251220703 -22.022035598754883 2.200000047683716
endloop
endfacet
facet normal 0 0 1
outer loop
vertex -74.13661193847656 -15.016860008239746 2.200000047683716
vertex -37.5110969543457 -39.95368194580078 2.200000047683716
vertex -66.51231384277344 -12.233635902404785 2.200000047683716
endloop
endfacet
facet normal 0.7971884801227918 -0.6037305087201682 0
outer loop
vertex 66.77365112304688 -27.31208038330078 2.200000047683716
vertex 69.58795166015625 -23.595972061157227 0
vertex 69.58795166015625 -23.595972061157227 2.200000047683716
endloop
endfacet
facet normal 0.5425562675607345 -0.8400194619951163 0
outer loop
vertex 65.4995346069336 -28.135013580322266 2.200000047683716
vertex 66.77365112304688 -27.31208038330078 0
vertex 66.77365112304688 -27.31208038330078 2.200000047683716
endloop
endfacet
facet normal 0 0 -1
outer loop
vertex -69.58952331542969 42.70481872558594 0
vertex -62.682334899902344 22.364213943481445 0
vertex -69.11135864257812 41.18379592895508 0
endloop
endfacet
facet normal -0.9960261945349457 0.08906076464938263 -5.493750467369429e-7
outer loop
vertex -72.60530090332031 24.565296173095703 0.20000000298023224
vertex -72.75103759765625 22.935434341430664 1.7000000476837158
vertex -71.51228332519531 36.78925323486328 1.7000000476837158
endloop
endfacet
facet normal -0.08905937514842076 -0.9960263187778589 0
outer loop
vertex -72.75103759765625 22.935434341430664 1.7000000476837158
vertex -72.05381774902344 22.873092651367188 0.20000000298023224
vertex -72.05381774902344 22.873092651367188 1.7000000476837158
endloop
endfacet
facet normal -0.9960257913372372 0.08906527376606861 -7.429214378348726e-8
outer loop
vertex -72.05381774902344 22.873092651367188 1.7000000476837158
vertex -72.11727142333984 22.163482666015625 0.20000000298023224
vertex -72.09835052490234 22.375078201293945 1.7000000476837158
endloop
endfacet
facet normal -0.9960258380575161 0.08906475128704183 0
outer loop
vertex -72.11727142333984 22.163482666015625 0.20000000298023224
vertex -72.11727142333984 22.163482666015625 1.7000000476837158
vertex -72.09835052490234 22.375078201293945 1.7000000476837158
endloop
endfacet
facet normal 0.08906207831385181 0.9960260770714877 0
outer loop
vertex -72.11727142333984 22.163482666015625 1.7000000476837158
vertex -72.81449127197266 22.225826263427734 0.20000000298023224
vertex -72.81449127197266 22.225826263427734 1.7000000476837158
endloop
endfacet
facet normal -0.9960261478354544 0.0890612869212301 0
outer loop
vertex -72.81449127197266 22.225826263427734 0.20000000298023224
vertex -73.1788330078125 18.151172637939453 1.7000000476837158
vertex -72.81449127197266 22.225826263427734 1.7000000476837158
endloop
endfacet
facet normal -0.9960261939910897 0.08906077073155148 -5.710251328836758e-7
outer loop
vertex -73.1788330078125 18.151172637939453 1.7000000476837158
vertex -74.2718505859375 5.927216053009033 0.20000000298023224
vertex -74.41758728027344 4.297354698181152 1.7000000476837158
endloop
endfacet
facet normal -0.08906072673138227 -0.9960261979255756 0
outer loop
vertex -74.41758728027344 4.297354698181152 1.7000000476837158
vertex -73.72036743164062 4.235012054443359 0.20000000298023224
vertex -73.72036743164062 4.235012054443359 1.7000000476837158
endloop
endfacet
facet normal -0.996025820252279 0.08906495040554738 1.7899971056896443e-7
outer loop
vertex -73.72036743164062 4.235012054443359 1.7000000476837158
vertex -73.78382110595703 3.5254037380218506 0.20000000298023224
vertex -73.73928833007812 4.023416996002197 1.7000000476837158
endloop
endfacet
facet normal -0.9960257724243846 0.08906548527015326 0
outer loop
vertex -73.78382110595703 3.5254037380218506 0.20000000298023224
vertex -73.78382110595703 3.5254037380218506 1.7000000476837158
vertex -73.73928833007812 4.023416996002197 1.7000000476837158
endloop
endfacet
facet normal 0.08906106462704579 0.9960261677122229 0
outer loop
vertex -73.78382110595703 3.5254037380218506 1.7000000476837158
vertex -74.48104095458984 3.5877466201782227 0.20000000298023224
vertex -74.48104095458984 3.5877466201782227 1.7000000476837158
endloop
endfacet
facet normal -0.9960263113628921 0.08905945807622613 0
outer loop
vertex -74.48104095458984 3.5877466201782227 0.20000000298023224
vertex -74.84537506103516 -0.4869060218334198 1.7000000476837158
vertex -74.48104095458984 3.5877466201782227 1.7000000476837158
endloop
endfacet
facet normal 0 0 -1
outer loop
vertex -41.059749603271484 29.67408561706543 0
vertex -45.25895309448242 26.461257934570312 0
vertex -41.75975036621094 33.22408676147461 0
endloop
endfacet
facet normal 0 0 -1
outer loop
vertex -41.059749603271484 29.67408561706543 0
vertex -31.212608337402344 25.23236083984375 0
vertex -45.25895309448242 26.461257934570312 0
endloop
endfacet
facet normal 0 0 -1
outer loop
vertex -45.25895309448242 26.461257934570312 0
vertex -46.26569366455078 22.985774993896484 0
vertex -47.019161224365234 31.584163665771484 0
endloop
endfacet
facet normal 0 0 -1
outer loop
vertex -46.26569366455078 22.985774993896484 0
vertex -45.25895309448242 26.461257934570312 0
vertex -45.568355560302734 22.924766540527344 0
endloop
endfacet
facet normal 0 0 -1
outer loop
vertex -47.019161224365234 31.584163665771484 0
vertex -46.87578201293945 16.012413024902344 0
vertex -47.629249572753906 24.610801696777344 0
endloop
endfacet
facet normal 0 0 -1
outer loop
vertex -46.87578201293945 16.012413024902344 0
vertex -47.019161224365234 31.584163665771484 0
vertex -46.26569366455078 22.985774993896484 0
endloop
endfacet
facet normal 0 0 -1
outer loop
vertex -46.87578201293945 16.012413024902344 0
vertex -46.487850189208984 12.414912223815918 0
vertex -48.635990142822266 21.135318756103516 0
endloop
endfacet
facet normal 0 0 -1
outer loop
vertex -47.629249572753906 24.610801696777344 0
vertex -48.635990142822266 21.135318756103516 0
vertex -48.32658767700195 24.671810150146484 0
endloop
endfacet
facet normal 0 0 -1
outer loop
vertex -48.635990142822266 21.135318756103516 0
vertex -47.629249572753906 24.610801696777344 0
vertex -46.87578201293945 16.012413024902344 0
endloop
endfacet
facet normal 0 0 -1
outer loop
vertex -48.635990142822266 21.135318756103516 0
vertex -46.7406005859375 9.525947570800781 0
vertex -48.88874053955078 18.246355056762695 0
endloop
endfacet
facet normal 0 0 -1
outer loop
vertex -48.88874053955078 18.246355056762695 0
vertex -48.50080871582031 14.64885425567627 0
vertex -49.198143005371094 14.70986270904541 0
endloop
endfacet
facet normal 0 0 -1
outer loop
vertex -62.93508529663086 19.475250244140625 0
vertex -48.635990142822266 21.135318756103516 0
vertex -48.88874053955078 18.246355056762695 0
endloop
endfacet
facet normal 0 0 -1
outer loop
vertex -46.487850189208984 12.414912223815918 0
vertex -32.441505432128906 11.186016082763672 0
vertex -46.7406005859375 9.525947570800781 0
endloop
endfacet
facet normal 0 0 -1
outer loop
vertex -46.87578201293945 16.012413024902344 0
vertex -46.17844772338867 15.951403617858887 0
vertex -46.487850189208984 12.414912223815918 0
endloop
endfacet
facet normal 0 0 -1
outer loop
vertex -46.7406005859375 9.525947570800781 0
vertex -48.635990142822266 21.135318756103516 0
vertex -46.487850189208984 12.414912223815918 0
endloop
endfacet
facet normal 0 0 -1
outer loop
vertex -47.74734115600586 6.0504655838012695 0
vertex -46.7406005859375 9.525947570800781 0
vertex -47.05000305175781 5.989456653594971 0
endloop
endfacet
facet normal 0 0 -1
outer loop
vertex -46.7406005859375 9.525947570800781 0
vertex -48.50080871582031 14.64885425567627 0
vertex -48.88874053955078 18.246355056762695 0
endloop
endfacet
facet normal 0 0 -1
outer loop
vertex -46.7406005859375 9.525947570800781 0
vertex -49.110897064208984 7.6754913330078125 0
vertex -48.50080871582031 14.64885425567627 0
endloop
endfacet
facet normal 0 0 -1
outer loop
vertex -47.74734115600586 6.0504655838012695 0
vertex -49.110897064208984 7.6754913330078125 0
vertex -46.7406005859375 9.525947570800781 0
endloop
endfacet
facet normal 0 0 -1
outer loop
vertex -47.74734115600586 6.0504655838012695 0
vertex -50.117637634277344 4.200008869171143 0
vertex -49.110897064208984 7.6754913330078125 0
endloop
endfacet
facet normal 0 0 -1
outer loop
vertex -50.117637634277344 4.200008869171143 0
vertex -49.80823516845703 7.736500263214111 0
vertex -49.110897064208984 7.6754913330078125 0
endloop
endfacet
facet normal 0 0 -1
outer loop
vertex -48.35742950439453 -0.9228973388671875 0
vertex -50.117637634277344 4.200008869171143 0
vertex -47.74734115600586 6.0504655838012695 0
endloop
endfacet
facet normal 0 0 -1
outer loop
vertex -48.35742950439453 -0.9228973388671875 0
vertex -50.37038803100586 1.311044454574585 0
vertex -50.117637634277344 4.200008869171143 0
endloop
endfacet
facet normal 0 0 -1
outer loop
vertex -64.41673278808594 2.539940357208252 0
vertex -50.117637634277344 4.200008869171143 0
vertex -50.37038803100586 1.311044454574585 0
endloop
endfacet
facet normal -0.08905937514842076 -0.9960263187778589 0
outer loop
vertex -72.75103759765625 22.935434341430664 1.7000000476837158
vertex -72.75103759765625 22.935434341430664 0.20000000298023224
vertex -72.05381774902344 22.873092651367188 0.20000000298023224
endloop
endfacet
facet normal -0.99602579133724 0.08906527376606888 0
outer loop
vertex -72.05381774902344 22.873092651367188 0.20000000298023224
vertex -72.09835052490234 22.375078201293945 0.20000000298023224
vertex -72.05381774902344 22.873092651367188 1.7000000476837158
endloop
endfacet
facet normal -0.9960258380575008 0.08906475128704047 1.7485512072790006e-7
outer loop
vertex -72.09835052490234 22.375078201293945 0.20000000298023224
vertex -72.11727142333984 22.163482666015625 0.20000000298023224
vertex -72.05381774902344 22.873092651367188 1.7000000476837158
endloop
endfacet
facet normal 0.08906207831385181 0.9960260770714877 0
outer loop
vertex -72.11727142333984 22.163482666015625 0.20000000298023224
vertex -72.81449127197266 22.225826263427734 0.20000000298023224
vertex -72.11727142333984 22.163482666015625 1.7000000476837158
endloop
endfacet
facet normal -0.9960261496845438 0.08906126624174432 0
outer loop
vertex -72.60530090332031 24.565296173095703 0.20000000298023224
vertex -72.75103759765625 22.935434341430664 0.20000000298023224
vertex -72.75103759765625 22.935434341430664 1.7000000476837158
endloop
endfacet
facet normal 0 0 -1
outer loop
vertex -63.07026672363281 25.961715698242188 0
vertex -62.682334899902344 22.364213943481445 0
vertex -69.58952331542969 42.70481872558594 0
endloop
endfacet
facet normal 0 0 -1
outer loop
vertex -62.682334899902344 22.364213943481445 0
vertex -62.93508529663086 19.475250244140625 0
vertex -69.11135864257812 41.18379592895508 0
endloop
endfacet
facet normal 0 0 -1
outer loop
vertex -63.07026672363281 25.961715698242188 0
vertex -62.37293243408203 25.900705337524414 0
vertex -62.682334899902344 22.364213943481445 0
endloop
endfacet
facet normal 0 0 -1
outer loop
vertex -62.682334899902344 22.364213943481445 0
vertex -48.635990142822266 21.135318756103516 0
vertex -62.93508529663086 19.475250244140625 0
endloop
endfacet
facet normal 0 0 -1
outer loop
vertex -63.94182586669922 15.999768257141113 0
vertex -62.93508529663086 19.475250244140625 0
vertex -63.24449157714844 15.938758850097656 0
endloop
endfacet
facet normal 0 0 -1
outer loop
vertex -63.94182586669922 15.999768257141113 0
vertex -70.77790832519531 22.545717239379883 0
vertex -62.93508529663086 19.475250244140625 0
endloop
endfacet
facet normal 0 0 -1
outer loop
vertex -63.94182586669922 15.999768257141113 0
vertex -64.55191802978516 9.026405334472656 0
vertex -70.77790832519531 22.545717239379883 0
endloop
endfacet
facet normal 0.2224528760075166 -0.9749434434653041 0
outer loop
vertex 55.960418701171875 -30.311553955078125 2.200000047683716
vertex 65.4995346069336 -28.135013580322266 0
vertex 65.4995346069336 -28.135013580322266 2.200000047683716
endloop
endfacet
facet normal 0 0 -1
outer loop
vertex -70.77790832519531 22.545717239379883 0
vertex -69.11135864257812 41.18379592895508 0
vertex -62.93508529663086 19.475250244140625 0
endloop
endfacet
facet normal 0 0 1
outer loop
vertex -74.13661193847656 -15.016860008239746 2.200000047683716
vertex -75.310791015625 -14.911869049072266 2.200000047683716
vertex -37.5110969543457 -39.95368194580078 2.200000047683716
endloop
endfacet
facet normal 0 0 1
outer loop
vertex -75.310791015625 -14.911869049072266 2.200000047683716
vertex -74.3344497680664 -16.877975463867188 2.200000047683716
vertex -37.5110969543457 -39.95368194580078 2.200000047683716
endloop
endfacet
facet normal 0 0 1
outer loop
vertex -50.87205505371094 -13.601981163024902 2.200000047683716
vertex -48.836177825927734 -5.247628688812256 2.200000047683716
vertex -47.467830657958984 10.392627716064453 2.200000047683716
endloop
endfacet
facet normal 0 0 1
outer loop
vertex -49.50370788574219 2.0382754802703857 2.200000047683716
vertex -50.87205505371094 -13.601981163024902 2.200000047683716
vertex -47.467830657958984 10.392627716064453 2.200000047683716
endloop
endfacet
facet normal -0.8956468819594857 -0.44476585169755456 0
outer loop
vertex -75.310791015625 -14.911869049072266 2.200000047683716
vertex -75.310791015625 -14.911869049072266 1.7000000476837158
vertex -74.3344497680664 -16.877975463867188 2.200000047683716
endloop
endfacet
facet normal 0 0 1
outer loop
vertex -48.836177825927734 -5.247628688812256 2.200000047683716
vertex -48.94947814941406 -6.542681694030762 2.200000047683716
vertex -33.30922317504883 -7.911026954650879 2.200000047683716
endloop
endfacet
facet normal 0 0 1
outer loop
vertex -48.836177825927734 -5.247628688812256 2.200000047683716
vertex -33.30922317504883 -7.911026954650879 2.200000047683716
vertex -33.195919036865234 -6.615973949432373 2.200000047683716
endloop
endfacet
facet normal -0.5310098088946211 -0.8473656724565244 0
outer loop
vertex -74.3344497680664 -16.877975463867188 2.200000047683716
vertex -37.5110969543457 -39.95368194580078 0
vertex -37.5110969543457 -39.95368194580078 2.200000047683716
endloop
endfacet
facet normal -0.9960261871134037 0.08906084764299173 -0.0000012028114727316883
outer loop
vertex -74.2718505859375 5.927216053009033 0.20000000298023224
vertex -73.1788330078125 18.151172637939453 1.7000000476837158
vertex -72.81449127197266 22.225826263427734 0.20000000298023224
endloop
endfacet
facet normal -0.996025820252295 0.0890649504055488 0
outer loop
vertex -73.72036743164062 4.235012054443359 0.20000000298023224
vertex -73.73928833007812 4.023416996002197 0.20000000298023224
vertex -73.72036743164062 4.235012054443359 1.7000000476837158
endloop
endfacet
facet normal -0.08906072673138227 -0.9960261979255756 0
outer loop
vertex -74.41758728027344 4.297354698181152 1.7000000476837158
vertex -74.41758728027344 4.297354698181152 0.20000000298023224
vertex -73.72036743164062 4.235012054443359 0.20000000298023224
endloop
endfacet
facet normal -0.9960261473731818 0.08906129209110306 0
outer loop
vertex -74.2718505859375 5.927216053009033 0.20000000298023224
vertex -74.41758728027344 4.297354698181152 0.20000000298023224
vertex -74.41758728027344 4.297354698181152 1.7000000476837158
endloop
endfacet
facet normal -0.9960257724243818 0.08906548527015301 -7.605310058141973e-8
outer loop
vertex -73.73928833007812 4.023416996002197 0.20000000298023224
vertex -73.78382110595703 3.5254037380218506 0.20000000298023224
vertex -73.72036743164062 4.235012054443359 1.7000000476837158
endloop
endfacet
facet normal 0.08906106462704579 0.9960261677122229 0
outer loop
vertex -73.78382110595703 3.5254037380218506 0.20000000298023224
vertex -74.48104095458984 3.5877466201782227 0.20000000298023224
vertex -73.78382110595703 3.5254037380218506 1.7000000476837158
endloop
endfacet
facet normal 0 0 -1
outer loop
vertex -64.55191802978516 9.026405334472656 0
vertex -64.16398620605469 5.428905010223389 0
vertex -70.77790832519531 22.545717239379883 0
endloop
endfacet
facet normal 0 0 -1
outer loop
vertex -64.16398620605469 5.428905010223389 0
vertex -64.41673278808594 2.539940357208252 0
vertex -70.77790832519531 22.545717239379883 0
endloop
endfacet
facet normal 0 0 -1
outer loop
vertex -64.16398620605469 5.428905010223389 0
vertex -50.117637634277344 4.200008869171143 0
vertex -64.41673278808594 2.539940357208252 0
endloop
endfacet
facet normal 0 0 -1
outer loop
vertex -64.55191802978516 9.026405334472656 0
vertex -63.85457992553711 8.9653959274292 0
vertex -64.16398620605469 5.428905010223389 0
endloop
endfacet
facet normal 0 0 -1
outer loop
vertex -64.72613525390625 -0.9965507984161377 0
vertex -65.42347717285156 -0.9355418086051941 0
vertex -64.41673278808594 2.539940357208252 0
endloop
endfacet
facet normal 0.5215860680961599 -0.8531986718039287 0
outer loop
vertex 55.76497268676758 -30.4310359954834 2.200000047683716
vertex 55.960418701171875 -30.311553955078125 0
vertex 55.960418701171875 -30.311553955078125 2.200000047683716
endloop
endfacet
facet normal 0 0 -1
outer loop
vertex -64.41673278808594 2.539940357208252 0
vertex -72.4444580078125 3.907637596130371 0
vertex -70.77790832519531 22.545717239379883 0
endloop
endfacet
facet normal 0.7663107119053166 -0.6424701493603939 0
outer loop
vertex 53.45748519897461 -33.18330764770508 2.200000047683716
vertex 55.76497268676758 -30.4310359954834 0
vertex 55.76497268676758 -30.4310359954834 2.200000047683716
endloop
endfacet
facet normal 0 0 -1
outer loop
vertex -9.790369987487793 -14.145851135253906 0
vertex 4.290306091308594 -13.407914161682129 0
vertex -9.638595581054688 -17.04187774658203 0
endloop
endfacet
facet normal 0 0 -1
outer loop
vertex -10.342514991760254 -3.610309600830078 0
vertex -12.615738868713379 -0.864901602268219 0
vertex -10.52830696105957 -0.06517471373081207 0
endloop
endfacet
facet normal 0 0 -1
outer loop
vertex -11.041555404663086 -3.646944761276245 0
vertex -12.615738868713379 -0.864901602268219 0
vertex -10.342514991760254 -3.610309600830078 0
endloop
endfacet
facet normal 0 0 1
outer loop
vertex 53.37393569946289 -33.396602630615234 2.200000047683716
vertex 48.67860794067383 -55.478267669677734 2.200000047683716
vertex 52.454410552978516 -52.15964126586914 2.200000047683716
endloop
endfacet
facet normal 0 0 -1
outer loop
vertex -65.42347717285156 -0.9355418086051941 0
vertex -72.4444580078125 3.907637596130371 0
vertex -64.41673278808594 2.539940357208252 0
endloop
endfacet
facet normal 0 0 1
outer loop
vertex 29.580181121826172 -38.432960510253906 2.200000047683716
vertex 55.76497268676758 -30.4310359954834 2.200000047683716
vertex 45.21490478515625 -29.202791213989258 2.200000047683716
endloop
endfacet
facet normal 0 0 1
outer loop
vertex 55.76497268676758 -30.4310359954834 2.200000047683716
vertex 6.910501003265381 -48.11835479736328 2.200000047683716
vertex 53.45748519897461 -33.18330764770508 2.200000047683716
endloop
endfacet
facet normal 0.47737410835039223 0.878700154021079 0
outer loop
vertex 60.87976837158203 61.88666534423828 0
vertex 59.552696228027344 62.607627868652344 0
vertex 60.87976837158203 61.88666534423828 0.20000000298023224
endloop
endfacet
facet normal 0 0 1
outer loop
vertex 48.67860794067383 -55.478267669677734 2.200000047683716
vertex 51.26462173461914 -54.06083297729492 2.200000047683716
vertex 52.454410552978516 -52.15964126586914 2.200000047683716
endloop
endfacet
facet normal 0 0 -1
outer loop
vertex 59.552696228027344 62.607627868652344 0
vertex 60.87976837158203 61.88666534423828 0
vertex 59.92092514038086 61.090755462646484 0
endloop
endfacet
facet normal 0 0 -1
outer loop
vertex 72.05626678466797 46.47113037109375 0
vertex 58.927337646484375 50.67684555053711 0
vertex 59.92092514038086 61.090755462646484 0
endloop
endfacet
facet normal 0 0 -1
outer loop
vertex 58.927337646484375 50.67684555053711 0
vertex 56.10921096801758 52.94635009765625 0
vertex 59.92092514038086 61.090755462646484 0
endloop
endfacet
facet normal 0 0 -1
outer loop
vertex 56.10921096801758 52.94635009765625 0
vertex 58.927337646484375 50.67684555053711 0
vertex 58.39110565185547 50.22689437866211 0
endloop
endfacet
facet normal 0 0 -1
outer loop
vertex -11.535357475280762 -34.854942321777344 0
vertex -11.721150398254395 -31.30980682373047 0
vertex -10.83631706237793 -34.81830596923828 0
endloop
endfacet
facet normal 0 0 -1
outer loop
vertex -10.83631706237793 -34.81830596923828 0
vertex -11.721150398254395 -31.30980682373047 0
vertex -8.748885154724121 -34.018577575683594 0
endloop
endfacet
facet normal 0 0 -1
outer loop
vertex -10.983213424682617 -45.39048385620117 0
vertex -8.895781517028809 -44.590755462646484 0
vertex -8.010948181152344 -48.0992546081543 0
endloop
endfacet
facet normal 0 0 1
outer loop
vertex 47.02793502807617 -58.0268669128418 2.200000047683716
vertex 44.33627700805664 -63.0609130859375 2.200000047683716
vertex 46.80693817138672 -60.78058624267578 2.200000047683716
endloop
endfacet
facet normal 0.9311149613340629 -0.36472582686158467 0
outer loop
vertex 53.37393569946289 -33.396602630615234 2.200000047683716
vertex 53.45748519897461 -33.18330764770508 0
vertex 53.45748519897461 -33.18330764770508 2.200000047683716
endloop
endfacet
facet normal 0.769453070186774 0.6387033527234277 0
outer loop
vertex 74.89800262451172 45.08303451538086 0
vertex 73.05655670166016 47.30144500732422 0
vertex 73.05655670166016 47.30144500732422 0.20000000298023224
endloop
endfacet
facet normal 0 0 -1
outer loop
vertex 72.05626678466797 46.47113037109375 0
vertex 73.05655670166016 47.30144500732422 0
vertex 74.89800262451172 45.08303451538086 0
endloop
endfacet
facet normal 0.9988013029076371 -0.048948516933675294 0
outer loop
vertex 52.454410552978516 -52.15964126586914 2.200000047683716
vertex 53.37393569946289 -33.396602630615234 0
vertex 53.37393569946289 -33.396602630615234 2.200000047683716
endloop
endfacet
facet normal 0 0 -1
outer loop
vertex 74.81949615478516 38.67898178100586 0
vertex 65.17251586914062 42.14512634277344 0
vertex 75.39804077148438 43.37715148925781 0
endloop
endfacet
facet normal 0 0 -1
outer loop
vertex 75.39804077148438 43.37715148925781 0
vertex 58.927337646484375 50.67684555053711 0
vertex 74.89800262451172 45.08303451538086 0
endloop
endfacet
facet normal 0 0 -1
outer loop
vertex 65.17251586914062 42.14512634277344 0
vertex 63.426849365234375 45.31453323364258 0
vertex 75.39804077148438 43.37715148925781 0
endloop
endfacet
facet normal 0 0 -1
outer loop
vertex 74.03103637695312 37.23659133911133 0
vertex 65.17251586914062 42.14512634277344 0
vertex 74.81949615478516 38.67898178100586 0
endloop
endfacet
facet normal 0 0 -1
outer loop
vertex 74.03103637695312 37.23659133911133 0
vertex 59.86442565917969 25.477262496948242 0
vertex 65.17251586914062 42.14512634277344 0
endloop
endfacet
facet normal 0 -1 0
outer loop
vertex -12.462516784667969 -63.0609130859375 2.200000047683716
vertex 44.33627700805664 -63.0609130859375 0
vertex 44.33627700805664 -63.0609130859375 2.200000047683716
endloop
endfacet
facet normal 0 0 1
outer loop
vertex -10.547405242919922 -14.986623764038086 2.200000047683716
vertex -10.479368209838867 -16.284841537475586 2.200000047683716
vertex 5.19911527633667 -15.463167190551758 2.200000047683716
endloop
endfacet
facet normal 0 0 -1
outer loop
vertex 63.426849365234375 45.31453323364258 0
vertex 58.927337646484375 50.67684555053711 0
vertex 75.39804077148438 43.37715148925781 0
endloop
endfacet
facet normal 0 0 -1
outer loop
vertex 65.17251586914062 42.14512634277344 0
vertex 62.890621185302734 44.86458206176758 0
vertex 63.426849365234375 45.31453323364258 0
endloop
endfacet
facet normal 0 0 -1
outer loop
vertex 59.86442565917969 25.477262496948242 0
vertex 54.37128829956055 33.081817626953125 0
vertex 65.17251586914062 42.14512634277344 0
endloop
endfacet
facet normal 0 0 -1
outer loop
vertex 59.92092514038086 61.090755462646484 0
vertex 38.869327545166016 50.577232360839844 0
vertex 59.552696228027344 62.607627868652344 0
endloop
endfacet
facet normal 0 0 1
outer loop
vertex -11.921863555908203 -12.194112777709961 2.200000047683716
vertex -11.36907958984375 0.6918601393699646 2.200000047683716
vertex -12.743537902832031 3.484370470046997 2.200000047683716
endloop
endfacet
facet normal 0 0 -1
outer loop
vertex 38.869327545166016 50.577232360839844 0
vertex 54.8175163269043 63.16585159301758 0
vertex 59.552696228027344 62.607627868652344 0
endloop
endfacet
facet normal 0 0 -1
outer loop
vertex 38.869327545166016 50.577232360839844 0
vertex 53.104095458984375 62.64893341064453 0
vertex 54.8175163269043 63.16585159301758 0
endloop
endfacet
facet normal 0 0 -1
outer loop
vertex 56.10921096801758 52.94635009765625 0
vertex 38.869327545166016 50.577232360839844 0
vertex 59.92092514038086 61.090755462646484 0
endloop
endfacet
facet normal 0 0 1
outer loop
vertex -11.921863555908203 -12.194112777709961 2.200000047683716
vertex -10.547405242919922 -14.986623764038086 2.200000047683716
vertex -11.36907958984375 0.6918601393699646 2.200000047683716
endloop
endfacet
facet normal 0 0 -1
outer loop
vertex 45.3079833984375 43.8830451965332 0
vertex 38.869327545166016 50.577232360839844 0
vertex 56.10921096801758 52.94635009765625 0
endloop
endfacet
facet normal 0 0 1
outer loop
vertex -11.853826522827148 -13.492331504821777 2.200000047683716
vertex -10.547405242919922 -14.986623764038086 2.200000047683716
vertex -11.921863555908203 -12.194112777709961 2.200000047683716
endloop
endfacet
facet normal 0 0 -1
outer loop
vertex -8.895781517028809 -44.590755462646484 0
vertex -8.19674015045166 -44.55411911010742 0
vertex -8.010948181152344 -48.0992546081543 0
endloop
endfacet
facet normal 0 0 1
outer loop
vertex -11.921863555908203 -12.194112777709961 2.200000047683716
vertex -27.6003475189209 -13.015788078308105 2.200000047683716
vertex -11.853826522827148 -13.492331504821777 2.200000047683716
endloop
endfacet
facet normal 0.8476887544317069 -0.530493897806583 0
outer loop
vertex 51.26462173461914 -54.06083297729492 2.200000047683716
vertex 52.454410552978516 -52.15964126586914 0
vertex 52.454410552978516 -52.15964126586914 2.200000047683716
endloop
endfacet
facet normal 0.48064961517717825 -0.8769127364966428 0
outer loop
vertex 48.67860794067383 -55.478267669677734 2.200000047683716
vertex 51.26462173461914 -54.06083297729492 0
vertex 51.26462173461914 -54.06083297729492 2.200000047683716
endloop
endfacet
facet normal 0.6806982601372712 -0.7325639075507964 0
outer loop
vertex 48.55112838745117 -55.59672164916992 2.200000047683716
vertex 48.67860794067383 -55.478267669677734 0
vertex 48.67860794067383 -55.478267669677734 2.200000047683716
endloop
endfacet
facet normal 0.8393331557720235 -0.5436173779615365 0
outer loop
vertex 47.08389663696289 -57.86209487915039 2.200000047683716
vertex 48.55112838745117 -55.59672164916992 0
vertex 48.55112838745117 -55.59672164916992 2.200000047683716
endloop
endfacet
facet normal 0.9468793216744614 -0.32158910147160136 0
outer loop
vertex 47.02793502807617 -58.0268669128418 2.200000047683716
vertex 47.08389663696289 -57.86209487915039 0
vertex 47.08389663696289 -57.86209487915039 2.200000047683716
endloop
endfacet
facet normal 0.9967951245994029 -0.07999674727675334 0
outer loop
vertex 46.80693817138672 -60.78058624267578 2.200000047683716
vertex 47.02793502807617 -58.0268669128418 0
vertex 47.02793502807617 -58.0268669128418 2.200000047683716
endloop
endfacet
facet normal 0 0 -1
outer loop
vertex -8.895781517028809 -44.590755462646484 0
vertex -10.469964981079102 -41.808712005615234 0
vertex -9.26213264465332 -37.60034942626953 0
endloop
endfacet
facet normal 0.6782345796711344 -0.7348454633038973 0
outer loop
vertex 44.33627700805664 -63.0609130859375 2.200000047683716
vertex 46.80693817138672 -60.78058624267578 0
vertex 46.80693817138672 -60.78058624267578 2.200000047683716
endloop
endfacet
facet normal 0 0 -1
outer loop
vertex -9.26213264465332 -37.60034942626953 0
vertex -10.83631706237793 -34.81830596923828 0
vertex -8.748885154724121 -34.018577575683594 0
endloop
endfacet
facet normal 0 0 -1
outer loop
vertex -9.26213264465332 -37.60034942626953 0
vertex -8.748885154724121 -34.018577575683594 0
vertex -8.563092231750488 -37.56371307373047 0
endloop
endfacet
facet normal 0 0 -1
outer loop
vertex -11.721150398254395 -31.30980682373047 0
vertex -8.90065860748291 -31.1225528717041 0
vertex -8.748885154724121 -34.018577575683594 0
endloop
endfacet
facet normal 0 0 -1
outer loop
vertex -8.90065860748291 -31.1225528717041 0
vertex 5.180017471313477 -30.38461685180664 0
vertex -8.748885154724121 -34.018577575683594 0
endloop
endfacet
facet normal 0 0 -1
outer loop
vertex -10.675203323364258 -10.637351036071777 0
vertex -12.615738868713379 -0.864901602268219 0
vertex -11.041555404663086 -3.646944761276245 0
endloop
endfacet
facet normal 0 0 -1
outer loop
vertex -10.675203323364258 -10.637351036071777 0
vertex -12.249387741088867 -7.855308532714844 0
vertex -12.615738868713379 -0.864901602268219 0
endloop
endfacet
facet normal -0.4017301280662415 -0.9157581035425683 0
outer loop
vertex -31.961931228637695 -56.364444732666016 0
vertex -30.335723876953125 -57.07783889770508 0
vertex -31.961931228637695 -56.364444732666016 2.200000047683716
endloop
endfacet
facet normal -0.7315952314767623 -0.6817392590136366 0
outer loop
vertex -35.16261672973633 -52.929691314697266 0
vertex -31.961931228637695 -56.364444732666016 0
vertex -35.16261672973633 -52.929691314697266 2.200000047683716
endloop
endfacet
facet normal 0 0 -1
outer loop
vertex -10.675203323364258 -10.637351036071777 0
vertex -12.762635231018066 -11.437078475952148 0
vertex -12.249387741088867 -7.855308532714844 0
endloop
endfacet
facet normal 0 0 -1
outer loop
vertex -9.976162910461426 -10.600716590881348 0
vertex -12.762635231018066 -11.437078475952148 0
vertex -10.675203323364258 -10.637351036071777 0
endloop
endfacet
facet normal 0 0 -1
outer loop
vertex -12.762635231018066 -11.437078475952148 0
vertex -12.9484281539917 -7.891943454742432 0
vertex -12.249387741088867 -7.855308532714844 0
endloop
endfacet
facet normal 0 0 -1
outer loop
vertex -9.790369987487793 -14.145851135253906 0
vertex -12.610861778259277 -14.333104133605957 0
vertex -9.976162910461426 -10.600716590881348 0
endloop
endfacet
facet normal 0 0 -1
outer loop
vertex -12.610861778259277 -14.333104133605957 0
vertex -12.762635231018066 -11.437078475952148 0
vertex -9.976162910461426 -10.600716590881348 0
endloop
endfacet
facet normal 0 0 -1
outer loop
vertex 7.040249347686768 29.67408561706543 0
vertex 7.040249347686768 33.22408676147461 0
vertex 7.7402496337890625 33.22408676147461 0
endloop
endfacet
facet normal 0 0 -1
outer loop
vertex 52.089393615722656 35.80127716064453 0
vertex 59.86442565917969 25.477262496948242 0
vertex 51.55316162109375 35.35132598876953 0
endloop
endfacet
facet normal 0 0 -1
outer loop
vertex 7.040249347686768 43.774085998535156 0
vertex -7.059750556945801 43.774085998535156 0
vertex 10.99878978729248 53.11829376220703 0
endloop
endfacet
facet normal 0 0 -1
outer loop
vertex 51.55316162109375 35.35132598876953 0
vertex 59.73143768310547 25.185649871826172 0
vertex 47.05364990234375 40.71363830566406 0
endloop
endfacet
facet normal 0 0 1
outer loop
vertex -11.853826522827148 -13.492331504821777 2.200000047683716
vertex -11.03215217590332 -29.170814514160156 2.200000047683716
vertex -10.547405242919922 -14.986623764038086 2.200000047683716
endloop
endfacet
facet normal 0 0 -1
outer loop
vertex 59.73143768310547 25.185649871826172 0
vertex 59.845985412597656 20.034517288208008 0
vertex 38.869327545166016 50.577232360839844 0
endloop
endfacet
facet normal 0 0 1
outer loop
vertex -11.03215217590332 -29.170814514160156 2.200000047683716
vertex -10.479368209838867 -16.284841537475586 2.200000047683716
vertex -10.547405242919922 -14.986623764038086 2.200000047683716
endloop
endfacet
facet normal 0 0 -1
outer loop
vertex 38.869327545166016 50.577232360839844 0
vertex 47.05364990234375 40.71363830566406 0
vertex 59.73143768310547 25.185649871826172 0
endloop
endfacet
facet normal 0 0 -1
outer loop
vertex 41.1003532409668 40.59853744506836 0
vertex 59.845985412597656 20.034517288208008 0
vertex 42.695308685302734 37.35067367553711 0
endloop
endfacet
facet normal 0 0 -1
outer loop
vertex 45.3079833984375 43.8830451965332 0
vertex 47.05364990234375 40.71363830566406 0
vertex 38.869327545166016 50.577232360839844 0
endloop
endfacet
facet normal 0 0 -1
outer loop
vertex 7.040249347686768 40.22408676147461 0
vertex 7.040249347686768 43.774085998535156 0
vertex 7.7402496337890625 40.22408676147461 0
endloop
endfacet
facet normal 0 0 -1
outer loop
vertex 10.48079776763916 32.699188232421875 0
vertex 7.040249347686768 29.67408561706543 0
vertex 16.919740676879883 46.90016555786133 0
endloop
endfacet
facet normal 0 0 1
outer loop
vertex -11.03215217590332 -29.170814514160156 2.200000047683716
vertex -9.657693862915039 -31.96332550048828 2.200000047683716
vertex -10.479368209838867 -16.284841537475586 2.200000047683716
endloop
endfacet
facet normal 0 0 1
outer loop
vertex -10.964115142822266 -30.46903419494629 2.200000047683716
vertex -9.657693862915039 -31.96332550048828 2.200000047683716
vertex -11.03215217590332 -29.170814514160156 2.200000047683716
endloop
endfacet
facet normal 0 0 1
outer loop
vertex -11.03215217590332 -29.170814514160156 2.200000047683716
vertex -26.710636138916016 -29.992490768432617 2.200000047683716
vertex -10.964115142822266 -30.46903419494629 2.200000047683716
endloop
endfacet
facet normal 0 0 -1
outer loop
vertex 45.3079833984375 43.8830451965332 0
vertex 47.58987808227539 41.16358947753906 0
vertex 47.05364990234375 40.71363830566406 0
endloop
endfacet
facet normal 0 0 -1
outer loop
vertex 38.80610656738281 50.53449630737305 0
vertex 38.869327545166016 50.577232360839844 0
vertex 41.1003532409668 40.59853744506836 0
endloop
endfacet
facet normal 0 0 -1
outer loop
vertex 41.1003532409668 40.59853744506836 0
vertex 38.869327545166016 50.577232360839844 0
vertex 59.845985412597656 20.034517288208008 0
endloop
endfacet
facet normal 0 0 -1
outer loop
vertex 42.019161224365234 37.169498443603516 0
vertex 41.1003532409668 40.59853744506836 0
vertex 42.695308685302734 37.35067367553711 0
endloop
endfacet
facet normal 0.638702931403319 -0.7694534199136469 0
outer loop
vertex 59.86442565917969 25.477262496948242 0
vertex 74.03103637695312 37.23659133911133 0
vertex 59.86442565917969 25.477262496948242 2.200000047683716
endloop
endfacet
facet normal 0.9098523955791421 -0.41493206463094207 0
outer loop
vertex 59.73143768310547 25.185649871826172 0
vertex 59.86442565917969 25.477262496948242 0
vertex 59.73143768310547 25.185649871826172 2.200000047683716
endloop
endfacet
facet normal 0.6038668216322904 0.7970852286498072 0
outer loop
vertex 62.71262741088867 17.687828063964844 0
vertex 59.99180603027344 19.74910545349121 0
vertex 62.71262741088867 17.687828063964844 2.200000047683716
endloop
endfacet
facet normal 0.8551648334982865 0.5183561589755133 0
outer loop
vertex 63.56424331665039 16.28286361694336 0
vertex 62.71262741088867 17.687828063964844 0
vertex 63.56424331665039 16.28286361694336 2.200000047683716
endloop
endfacet
facet normal 0.9997528409680897 0.022231890972959592 0
outer loop
vertex 59.845985412597656 20.034517288208008 0
vertex 59.73143768310547 25.185649871826172 0
vertex 59.845985412597656 20.034517288208008 2.200000047683716
endloop
endfacet
facet normal 0.8905061632691067 0.45497117840555035 0
outer loop
vertex 59.99180603027344 19.74910545349121 0
vertex 59.845985412597656 20.034517288208008 0
vertex 59.99180603027344 19.74910545349121 2.200000047683716
endloop
endfacet
facet normal 0.9860207743538253 0.16662242508942976 0
outer loop
vertex 66.86959838867188 -3.277221202850342 1.7000000476837158
vertex 63.56424331665039 16.28286361694336 0
vertex 63.56424331665039 16.28286361694336 2.200000047683716
endloop
endfacet
facet normal -0.9251299102836801 -0.3796506935309219 0
outer loop
vertex -35.757957458496094 -51.47896957397461 0
vertex -35.16261672973633 -52.929691314697266 0
vertex -35.757957458496094 -51.47896957397461 2.200000047683716
endloop
endfacet
facet normal -0.006150899204769163 -0.9999810830405608 0
outer loop
vertex -30.335723876953125 -57.07783889770508 0
vertex -18.372575759887695 -57.151424407958984 0
vertex -30.335723876953125 -57.07783889770508 2.200000047683716
endloop
endfacet
facet normal -0.9995881233088267 -0.028698148719694734 0
outer loop
vertex -36.01374053955078 -42.56976318359375 0
vertex -35.757957458496094 -51.47896957397461 0
vertex -36.01374053955078 -42.56976318359375 2.200000047683716
endloop
endfacet
facet normal -0.9626218016370657 -0.2708491591513804 0
outer loop
vertex -36.0605354309082 -42.40345001220703 0
vertex -36.01374053955078 -42.56976318359375 0
vertex -36.0605354309082 -42.40345001220703 2.200000047683716
endloop
endfacet
facet normal -0.7210964910945934 -0.6928346487662588 0
outer loop
vertex -37.5110969543457 -39.95368194580078 0
vertex -37.391395568847656 -40.07826614379883 0
vertex -37.5110969543457 -39.95368194580078 2.200000047683716
endloop
endfacet
facet normal -0.8678918218713741 -0.4967532441049449 0
outer loop
vertex -37.391395568847656 -40.07826614379883 0
vertex -36.0605354309082 -42.40345001220703 0
vertex -37.391395568847656 -40.07826614379883 2.200000047683716
endloop
endfacet
facet normal -0.9806646470159095 -0.19569581010630108 0
outer loop
vertex -14.840615272521973 -61.1104850769043 0
vertex -15.090042114257812 -59.860565185546875 2.200000047683716
vertex -15.090042114257812 -59.860565185546875 0
endloop
endfacet
facet normal -0.8582835883036143 -0.513175683415214 0
outer loop
vertex -15.214078903198242 -59.653114318847656 0
vertex -15.090042114257812 -59.860565185546875 0
vertex -15.214078903198242 -59.653114318847656 2.200000047683716
endloop
endfacet
facet normal 0 0 1
outer loop
vertex -27.6003475189209 -13.015788078308105 2.200000047683716
vertex -27.532310485839844 -14.314005851745605 2.200000047683716
vertex -11.853826522827148 -13.492331504821777 2.200000047683716
endloop
endfacet
facet normal -0.34107768918120224 -0.9400351110159723 0
outer loop
vertex -18.372575759887695 -57.151424407958984 0
vertex -18.145366668701172 -57.233863830566406 0
vertex -18.372575759887695 -57.151424407958984 2.200000047683716
endloop
endfacet
facet normal -0.6365298046975035 -0.7712521038750936 0
outer loop
vertex -15.214078903198242 -59.653114318847656 0
vertex -18.145366668701172 -57.233863830566406 2.200000047683716
vertex -18.145366668701172 -57.233863830566406 0
endloop
endfacet
facet normal -0.6341548714310636 -0.7732060521233982 0
outer loop
vertex -14.840615272521973 -61.1104850769043 0
vertex -12.462516784667969 -63.0609130859375 0
vertex -14.840615272521973 -61.1104850769043 2.200000047683716
endloop
endfacet
facet normal 0 0 -1
outer loop
vertex -26.83843421936035 -25.643217086791992 0
vertex -37.391395568847656 -40.07826614379883 0
vertex -35.40480041503906 -22.684602737426758 0
endloop
endfacet
facet normal 0 0 1
outer loop
vertex -28.422021865844727 2.66269588470459 2.200000047683716
vertex -33.30922317504883 -7.911026954650879 2.200000047683716
vertex -27.6003475189209 -13.015788078308105 2.200000047683716
endloop
endfacet
facet normal 0 0 1
outer loop
vertex -33.195919036865234 -6.615973949432373 2.200000047683716
vertex -33.30922317504883 -7.911026954650879 2.200000047683716
vertex -28.422021865844727 2.66269588470459 2.200000047683716
endloop
endfacet
facet normal 0 0 -1
outer loop
vertex -35.40480041503906 -22.684602737426758 0
vertex -35.09539794921875 -19.14811134338379 0
vertex -34.3980598449707 -19.209121704101562 0
endloop
endfacet
facet normal 0 0 -1
outer loop
vertex -26.83843421936035 -25.643217086791992 0
vertex -35.40480041503906 -22.684602737426758 0
vertex -34.3980598449707 -19.209121704101562 0
endloop
endfacet
facet normal 0 0 -1
outer loop
vertex -26.83843421936035 -25.643217086791992 0
vertex -34.3980598449707 -19.209121704101562 0
vertex -27.20478630065918 -18.65281105041504 0
endloop
endfacet
facet normal 0 0 1
outer loop
vertex -33.30922317504883 -7.911026954650879 2.200000047683716
vertex -34.67756652832031 -23.55128288269043 2.200000047683716
vertex -27.6003475189209 -13.015788078308105 2.200000047683716
endloop
endfacet
facet normal 0 0 -1
outer loop
vertex -27.20478630065918 -18.65281105041504 0
vertex -34.3980598449707 -19.209121704101562 0
vertex -26.691537857055664 -15.071041107177734 0
endloop
endfacet
facet normal 0 0 -1
outer loop
vertex 7.040249347686768 29.67408561706543 0
vertex 7.7402496337890625 33.22408676147461 0
vertex 16.744150161743164 47.07101821899414 0
endloop
endfacet
facet normal 0 0 -1
outer loop
vertex 23.365211486816406 -53.15091323852539 0
vertex 23.365211486816406 -52.780914306640625 0
vertex 23.537418365478516 -53.1851692199707 0
endloop
endfacet
facet normal 0 0 -1
outer loop
vertex -26.83843421936035 -25.643217086791992 0
vertex -26.139392852783203 -25.606582641601562 0
vertex -25.95359992980957 -29.151718139648438 0
endloop
endfacet
facet normal 0 0 -1
outer loop
vertex -25.95359992980957 -29.151718139648438 0
vertex -11.8729248046875 -28.413780212402344 0
vertex -25.80182647705078 -32.04774475097656 0
endloop
endfacet
facet normal 0 0 -1
outer loop
vertex 10.48079776763916 32.699188232421875 0
vertex 20.676097869873047 45.29037857055664 0
vertex 24.100351333618164 36.34853744506836 0
endloop
endfacet
facet normal 0 0 -1
outer loop
vertex 59.73143768310547 25.185649871826172 0
vertex 51.55316162109375 35.35132598876953 0
vertex 59.86442565917969 25.477262496948242 0
endloop
endfacet
facet normal 0.9860207743538253 0.16662242508942976 0
outer loop
vertex 66.86959838867188 -3.277221202850342 1.7000000476837158
vertex 66.86959838867188 -3.277221202850342 0.20000000298023224
vertex 63.56424331665039 16.28286361694336 0
endloop
endfacet
facet normal 0 0 -1
outer loop
vertex -27.20478630065918 -18.65281105041504 0
vertex -26.691537857055664 -15.071041107177734 0
vertex -26.50574493408203 -18.61617660522461 0
endloop
endfacet
facet normal 0 0 -1
outer loop
vertex -34.48530578613281 -12.174749374389648 0
vertex -34.1759033203125 -8.63825798034668 0
vertex -33.78797149658203 -12.235758781433105 0
endloop
endfacet
facet normal 0 0 -1
outer loop
vertex 63.56424331665039 16.28286361694336 0
vertex 58.29252243041992 -9.14101791381836 0
vertex 62.71262741088867 17.687828063964844 0
endloop
endfacet
facet normal 0 0 -1
outer loop
vertex 59.845985412597656 20.034517288208008 0
vertex 56.179222106933594 7.709200859069824 0
vertex 54.87340545654297 11.083714485168457 0
endloop
endfacet
facet normal 0 0 -1
outer loop
vertex 62.71262741088867 17.687828063964844 0
vertex 57.67607116699219 -5.6449503898620605 0
vertex 59.99180603027344 19.74910545349121 0
endloop
endfacet
facet normal 0 0 -1
outer loop
vertex 57.67607116699219 -5.6449503898620605 0
vertex 59.845985412597656 20.034517288208008 0
vertex 59.99180603027344 19.74910545349121 0
endloop
endfacet
facet normal 0 0 -1
outer loop
vertex 59.845985412597656 20.034517288208008 0
vertex 57.39476013183594 0.8155467510223389 0
vertex 56.179222106933594 7.709200859069824 0
endloop
endfacet
facet normal 0 0 1
outer loop
vertex -26.710636138916016 -29.992490768432617 2.200000047683716
vertex -26.64259910583496 -31.290708541870117 2.200000047683716
vertex -10.964115142822266 -30.46903419494629 2.200000047683716
endloop
endfacet
facet normal 0.9860207743538253 0.16662242508942976 0
outer loop
vertex 66.86959838867188 -3.277221202850342 0.20000000298023224
vertex 66.86959838867188 -3.277221202850342 0
vertex 63.56424331665039 16.28286361694336 0
endloop
endfacet
facet normal 0 0 -1
outer loop
vertex 66.86959838867188 -3.277221202850342 0
vertex 65.5877685546875 -3.4938302040100098 0
vertex 63.56424331665039 16.28286361694336 0
endloop
endfacet
facet normal 0 0 -1
outer loop
vertex 65.5877685546875 -3.4938302040100098 0
vertex 58.98188781738281 -9.019464492797852 0
vertex 63.56424331665039 16.28286361694336 0
endloop
endfacet
facet normal 0 0 -1
outer loop
vertex 59.845985412597656 20.034517288208008 0
vertex 57.32184600830078 -2.802074432373047 0
vertex 57.39476013183594 0.8155467510223389 0
endloop
endfacet
facet normal 0 0 1
outer loop
vertex -34.67756652832031 -23.55128288269043 2.200000047683716
vertex -27.532310485839844 -14.314005851745605 2.200000047683716
vertex -27.6003475189209 -13.015788078308105 2.200000047683716
endloop
endfacet
facet normal 0 0 1
outer loop
vertex -34.67756652832031 -23.55128288269043 2.200000047683716
vertex -37.391395568847656 -40.07826614379883 2.200000047683716
vertex -27.532310485839844 -14.314005851745605 2.200000047683716
endloop
endfacet
facet normal 0 0 1
outer loop
vertex -27.532310485839844 -14.314005851745605 2.200000047683716
vertex -36.01374053955078 -42.56976318359375 2.200000047683716
vertex -26.710636138916016 -29.992490768432617 2.200000047683716
endloop
endfacet
facet normal 0 0 -1
outer loop
vertex 16.744150161743164 47.07101821899414 0
vertex 7.7402496337890625 33.22408676147461 0
vertex 7.7402496337890625 40.22408676147461 0
endloop
endfacet
facet normal 0 0 -1
outer loop
vertex 16.919740676879883 46.90016555786133 0
vertex 7.040249347686768 29.67408561706543 0
vertex 16.744150161743164 47.07101821899414 0
endloop
endfacet
facet normal 0 0 1
outer loop
vertex 42.26288604736328 -12.4610595703125 2.200000047683716
vertex 26.80140495300293 -15.187335968017578 2.200000047683716
vertex 42.48862838745117 -13.74130916595459 2.200000047683716
endloop
endfacet
facet normal 0 0 1
outer loop
vertex 42.48862838745117 -13.74130916595459 2.200000047683716
vertex 26.80140495300293 -15.187335968017578 2.200000047683716
vertex 27.02714729309082 -16.467586517333984 2.200000047683716
endloop
endfacet
facet normal 0 0 -1
outer loop
vertex 7.040249347686768 43.774085998535156 0
vertex 15.740089416503906 49.13588333129883 0
vertex 7.7402496337890625 40.22408676147461 0
endloop
endfacet
facet normal 0 0 -1
outer loop
vertex 16.744150161743164 47.07101821899414 0
vertex 7.7402496337890625 40.22408676147461 0
vertex 15.740089416503906 49.13588333129883 0
endloop
endfacet
facet normal 0 0 -1
outer loop
vertex 16.919740676879883 46.90016555786133 0
vertex 20.431861877441406 45.30965042114258 0
vertex 10.48079776763916 32.699188232421875 0
endloop
endfacet
facet normal 0 0 -1
outer loop
vertex 20.676097869873047 45.29037857055664 0
vertex 10.48079776763916 32.699188232421875 0
vertex 20.431861877441406 45.30965042114258 0
endloop
endfacet
facet normal 0 0 -1
outer loop
vertex -9.790369987487793 -14.145851135253906 0
vertex -11.726028442382812 -17.841604232788086 0
vertex -12.610861778259277 -14.333104133605957 0
endloop
endfacet
facet normal 0 0 -1
outer loop
vertex -26.691537857055664 -15.071041107177734 0
vertex -12.762635231018066 -11.437078475952148 0
vertex -12.610861778259277 -14.333104133605957 0
endloop
endfacet
facet normal 0 0 -1
outer loop
vertex -10.151844024658203 -20.623647689819336 0
vertex -9.638595581054688 -17.04187774658203 0
vertex -9.452803611755371 -20.587011337280273 0
endloop
endfacet
facet normal 0 0 -1
outer loop
vertex -9.785491943359375 -27.61405372619629 0
vertex -9.086451530456543 -27.57741928100586 0
vertex -8.90065860748291 -31.1225528717041 0
endloop
endfacet
facet normal 0 0 -1
outer loop
vertex 7.040249347686768 43.774085998535156 0
vertex 10.99878978729248 53.11829376220703 0
vertex 12.618644714355469 52.42109680175781 0
endloop
endfacet
facet normal 0 0 1
outer loop
vertex 23.849384307861328 1.5543959140777588 2.200000047683716
vertex 23.6761417388916 -4.949496269226074 2.200000047683716
vertex 24.07512855529785 0.27414584159851074 2.200000047683716
endloop
endfacet
facet normal 0 0 1
outer loop
vertex 23.6761417388916 -4.949496269226074 2.200000047683716
vertex 23.901884078979492 -6.229746341705322 2.200000047683716
vertex 24.07512855529785 0.27414584159851074 2.200000047683716
endloop
endfacet
facet normal 0 0 1
outer loop
vertex 24.07512855529785 0.27414584159851074 2.200000047683716
vertex 23.901884078979492 -6.229746341705322 2.200000047683716
vertex 26.80140495300293 -15.187335968017578 2.200000047683716
endloop
endfacet
facet normal 0 0 1
outer loop
vertex -9.657693862915039 -31.96332550048828 2.200000047683716
vertex -9.589656829833984 -33.26154327392578 2.200000047683716
vertex 6.088826656341553 -32.43986892700195 2.200000047683716
endloop
endfacet
facet normal 0 0 -1
outer loop
vertex 15.740089416503906 49.13588333129883 0
vertex 7.040249347686768 43.774085998535156 0
vertex 12.618644714355469 52.42109680175781 0
endloop
endfacet
facet normal 0 0 1
outer loop
vertex -9.657693862915039 -31.96332550048828 2.200000047683716
vertex -10.142440795898438 -46.147518157958984 2.200000047683716
vertex -9.589656829833984 -33.26154327392578 2.200000047683716
endloop
endfacet
facet normal 0 0 -1
outer loop
vertex 25.0191593170166 32.919498443603516 0
vertex 24.100351333618164 36.34853744506836 0
vertex 27.480798721313477 36.949188232421875 0
endloop
endfacet
facet normal 0 0 1
outer loop
vertex -10.142440795898438 -46.147518157958984 2.200000047683716
vertex -8.767982482910156 -48.94002914428711 2.200000047683716
vertex -9.589656829833984 -33.26154327392578 2.200000047683716
endloop
endfacet
facet normal 0 0 1
outer loop
vertex 23.6761417388916 -4.949496269226074 2.200000047683716
vertex 8.21466064453125 -7.675772666931152 2.200000047683716
vertex 23.901884078979492 -6.229746341705322 2.200000047683716
endloop
endfacet
facet normal 0 0 1
outer loop
vertex -10.964115142822266 -30.46903419494629 2.200000047683716
vertex -10.142440795898438 -46.147518157958984 2.200000047683716
vertex -9.657693862915039 -31.96332550048828 2.200000047683716
endloop
endfacet
facet normal 0 0 -1
outer loop
vertex 25.0191593170166 32.919498443603516 0
vertex 27.480798721313477 36.949188232421875 0
vertex 25.695308685302734 33.10067367553711 0
endloop
endfacet
facet normal 0 0 -1
outer loop
vertex 27.72345733642578 33.3389778137207 0
vertex 25.695308685302734 33.10067367553711 0
vertex 27.480798721313477 36.949188232421875 0
endloop
endfacet
facet normal 0 0 -1
outer loop
vertex 27.480798721313477 36.949188232421875 0
vertex 28.39960479736328 33.5201530456543 0
vertex 27.72345733642578 33.3389778137207 0
endloop
endfacet
facet normal 0 0 1
outer loop
vertex 23.901884078979492 -6.229746341705322 2.200000047683716
vertex 27.02714729309082 -16.467586517333984 2.200000047683716
vertex 26.80140495300293 -15.187335968017578 2.200000047683716
endloop
endfacet
facet normal 0 0 1
outer loop
vertex 23.901884078979492 -6.229746341705322 2.200000047683716
vertex 26.62816047668457 -21.69122886657715 2.200000047683716
vertex 27.02714729309082 -16.467586517333984 2.200000047683716
endloop
endfacet
facet normal 0 0 -1
outer loop
vertex 20.676097869873047 45.29037857055664 0
vertex 37.700645446777344 49.96054458618164 0
vertex 24.100351333618164 36.34853744506836 0
endloop
endfacet
facet normal 0 0 -1
outer loop
vertex 27.480798721313477 36.949188232421875 0
vertex 24.100351333618164 36.34853744506836 0
vertex 37.700645446777344 49.96054458618164 0
endloop
endfacet
facet normal 0 0 -1
outer loop
vertex 41.1003532409668 40.59853744506836 0
vertex 27.480798721313477 36.949188232421875 0
vertex 38.80610656738281 50.53449630737305 0
endloop
endfacet
facet normal 0 0 -1
outer loop
vertex 37.700645446777344 49.96054458618164 0
vertex 37.7716064453125 49.988609313964844 0
vertex 27.480798721313477 36.949188232421875 0
endloop
endfacet
facet normal 0 0 1
outer loop
vertex -8.767982482910156 -48.94002914428711 2.200000047683716
vertex -18.372575759887695 -57.151424407958984 2.200000047683716
vertex 6.910501003265381 -48.11835479736328 2.200000047683716
endloop
endfacet
facet normal 0 0 1
outer loop
vertex -10.142440795898438 -46.147518157958984 2.200000047683716
vertex -25.820924758911133 -46.96919250488281 2.200000047683716
vertex -8.767982482910156 -48.94002914428711 2.200000047683716
endloop
endfacet
facet normal 0 0 1
outer loop
vertex -25.820924758911133 -46.96919250488281 2.200000047683716
vertex -18.372575759887695 -57.151424407958984 2.200000047683716
vertex -8.767982482910156 -48.94002914428711 2.200000047683716
endloop
endfacet
facet normal 0 0 1
outer loop
vertex -14.840615272521973 -61.1104850769043 2.200000047683716
vertex -12.462516784667969 -63.0609130859375 2.200000047683716
vertex 48.55112838745117 -55.59672164916992 2.200000047683716
endloop
endfacet
facet normal 0 0 1
outer loop
vertex -18.145366668701172 -57.233863830566406 2.200000047683716
vertex -15.214078903198242 -59.653114318847656 2.200000047683716
vertex 48.55112838745117 -55.59672164916992 2.200000047683716
endloop
endfacet
facet normal 0 0 1
outer loop
vertex 48.55112838745117 -55.59672164916992 2.200000047683716
vertex -15.214078903198242 -59.653114318847656 2.200000047683716
vertex -15.090042114257812 -59.860565185546875 2.200000047683716
endloop
endfacet
facet normal 0 0 1
outer loop
vertex -15.090042114257812 -59.860565185546875 2.200000047683716
vertex -14.840615272521973 -61.1104850769043 2.200000047683716
vertex 48.55112838745117 -55.59672164916992 2.200000047683716
endloop
endfacet
facet normal 0 0 1
outer loop
vertex 29.580181121826172 -38.432960510253906 2.200000047683716
vertex 29.7534236907959 -31.929067611694336 2.200000047683716
vertex 26.853904724121094 -22.971477508544922 2.200000047683716
endloop
endfacet
facet normal 0 0 1
outer loop
vertex -18.372575759887695 -57.151424407958984 2.200000047683716
vertex -18.145366668701172 -57.233863830566406 2.200000047683716
vertex 53.45748519897461 -33.18330764770508 2.200000047683716
endloop
endfacet
facet normal 0 0 -1
outer loop
vertex 37.7716064453125 49.988609313964844 0
vertex 38.80610656738281 50.53449630737305 0
vertex 27.480798721313477 36.949188232421875 0
endloop
endfacet
facet normal 0 0 -1
outer loop
vertex -9.638595581054688 -17.04187774658203 0
vertex -11.726028442382812 -17.841604232788086 0
vertex -9.790369987487793 -14.145851135253906 0
endloop
endfacet
facet normal 0 0 -1
outer loop
vertex -11.726028442382812 -17.841604232788086 0
vertex -9.638595581054688 -17.04187774658203 0
vertex -10.151844024658203 -20.623647689819336 0
endloop
endfacet
facet normal 0 0 1
outer loop
vertex 26.62816047668457 -21.69122886657715 2.200000047683716
vertex 29.7534236907959 -31.929067611694336 2.200000047683716
vertex 27.02714729309082 -16.467586517333984 2.200000047683716
endloop
endfacet
facet normal 0 0 1
outer loop
vertex 11.166679382324219 -24.417505264282227 2.200000047683716
vertex 26.853904724121094 -22.971477508544922 2.200000047683716
vertex 26.62816047668457 -21.69122886657715 2.200000047683716
endloop
endfacet
facet normal 0 0 1
outer loop
vertex 29.7534236907959 -31.929067611694336 2.200000047683716
vertex 26.62816047668457 -21.69122886657715 2.200000047683716
vertex 26.853904724121094 -22.971477508544922 2.200000047683716
endloop
endfacet
facet normal 0 0 1
outer loop
vertex 6.020789623260498 -31.141651153564453 2.200000047683716
vertex -9.657693862915039 -31.96332550048828 2.200000047683716
vertex 6.088826656341553 -32.43986892700195 2.200000047683716
endloop
endfacet
facet normal 0 0 -1
outer loop
vertex -12.425068855285645 -17.878238677978516 0
vertex -12.610861778259277 -14.333104133605957 0
vertex -11.726028442382812 -17.841604232788086 0
endloop
endfacet
facet normal 0 0 1
outer loop
vertex 6.910501003265381 -48.11835479736328 2.200000047683716
vertex 11.39242172241211 -25.69775390625 2.200000047683716
vertex 6.088826656341553 -32.43986892700195 2.200000047683716
endloop
endfacet
facet normal 0 0 -1
outer loop
vertex -9.785491943359375 -27.61405372619629 0
vertex -11.726028442382812 -17.841604232788086 0
vertex -10.151844024658203 -20.623647689819336 0
endloop
endfacet
facet normal 0.6973713889769523 0.7167099454007572 0
outer loop
vertex 16.919740676879883 46.90016555786133 0
vertex 16.744150161743164 47.07101821899414 0
vertex 16.919740676879883 46.90016555786133 2.200000047683716
endloop
endfacet
facet normal 0 0 1
outer loop
vertex 6.910501003265381 -48.11835479736328 2.200000047683716
vertex -18.372575759887695 -57.151424407958984 2.200000047683716
vertex 53.45748519897461 -33.18330764770508 2.200000047683716
endloop
endfacet
facet normal 0 0 1
outer loop
vertex 14.118698120117188 -41.159236907958984 2.200000047683716
vertex 6.910501003265381 -48.11835479736328 2.200000047683716
vertex 29.580181121826172 -38.432960510253906 2.200000047683716
endloop
endfacet
facet normal 0 0 -1
outer loop
vertex -9.785491943359375 -27.61405372619629 0
vertex -11.359676361083984 -24.83201026916504 0
vertex -11.726028442382812 -17.841604232788086 0
endloop
endfacet
facet normal 0 0 -1
outer loop
vertex -11.359676361083984 -24.83201026916504 0
vertex -11.8729248046875 -28.413780212402344 0
vertex -12.058716773986816 -24.86864471435547 0
endloop
endfacet
facet normal 0 0 1
outer loop
vertex 14.118698120117188 -41.159236907958984 2.200000047683716
vertex 11.39242172241211 -25.69775390625 2.200000047683716
vertex 6.910501003265381 -48.11835479736328 2.200000047683716
endloop
endfacet
facet normal 0 0 -1
outer loop
vertex -9.785491943359375 -27.61405372619629 0
vertex -11.8729248046875 -28.413780212402344 0
vertex -11.359676361083984 -24.83201026916504 0
endloop
endfacet
facet normal 0 0 -1
outer loop
vertex -8.90065860748291 -31.1225528717041 0
vertex -11.8729248046875 -28.413780212402344 0
vertex -9.785491943359375 -27.61405372619629 0
endloop
endfacet
facet normal 0 0 -1
outer loop
vertex -8.90065860748291 -31.1225528717041 0
vertex -11.721150398254395 -31.30980682373047 0
vertex -11.8729248046875 -28.413780212402344 0
endloop
endfacet
facet normal 0.3953432625294181 0.9185334532680863 0
outer loop
vertex 12.618644714355469 52.42109680175781 0
vertex 10.99878978729248 53.11829376220703 0
vertex 12.618644714355469 52.42109680175781 2.200000047683716
endloop
endfacet
facet normal 0.7249452285189745 0.6888065153928002 0
outer loop
vertex 15.740089416503906 49.13588333129883 0
vertex 12.618644714355469 52.42109680175781 0
vertex 15.740089416503906 49.13588333129883 2.200000047683716
endloop
endfacet
facet normal 0.8993152959496479 0.4373008100506988 0
outer loop
vertex 16.744150161743164 47.07101821899414 0
vertex 15.740089416503906 49.13588333129883 0
vertex 16.744150161743164 47.07101821899414 2.200000047683716
endloop
endfacet
facet normal 0 0 -1
outer loop
vertex -11.721150398254395 -31.30980682373047 0
vertex -25.80182647705078 -32.04774475097656 0
vertex -11.8729248046875 -28.413780212402344 0
endloop
endfacet
facet normal 0.07866217136735983 0.9969013305216178 0
outer loop
vertex 20.676097869873047 45.29037857055664 0
vertex 20.431861877441406 45.30965042114258 0
vertex 20.676097869873047 45.29037857055664 2.200000047683716
endloop
endfacet
facet normal 0.4125335172075342 0.9109424225385385 0
outer loop
vertex 20.431861877441406 45.30965042114258 0
vertex 16.919740676879883 46.90016555786133 0
vertex 20.431861877441406 45.30965042114258 2.200000047683716
endloop
endfacet
facet normal 0 0 -1
outer loop
vertex -28.094497680664062 -1.676108956336975 0
vertex -27.581249237060547 1.9056611061096191 0
vertex -27.395456314086914 -1.639473795890808 0
endloop
endfacet
facet normal 0 0 1
outer loop
vertex -12.462516784667969 -63.0609130859375 2.200000047683716
vertex 44.33627700805664 -63.0609130859375 2.200000047683716
vertex 47.02793502807617 -58.0268669128418 2.200000047683716
endloop
endfacet
facet normal 0 0 1
outer loop
vertex -12.462516784667969 -63.0609130859375 2.200000047683716
vertex 47.02793502807617 -58.0268669128418 2.200000047683716
vertex 47.08389663696289 -57.86209487915039 2.200000047683716
endloop
endfacet
facet normal 0 0 1
outer loop
vertex 48.55112838745117 -55.59672164916992 2.200000047683716
vertex -12.462516784667969 -63.0609130859375 2.200000047683716
vertex 47.08389663696289 -57.86209487915039 2.200000047683716
endloop
endfacet
facet normal 0 0 1
outer loop
vertex -18.145366668701172 -57.233863830566406 2.200000047683716
vertex 48.55112838745117 -55.59672164916992 2.200000047683716
vertex 48.67860794067383 -55.478267669677734 2.200000047683716
endloop
endfacet
facet normal 0 0 1
outer loop
vertex -18.145366668701172 -57.233863830566406 2.200000047683716
vertex 48.67860794067383 -55.478267669677734 2.200000047683716
vertex 53.37393569946289 -33.396602630615234 2.200000047683716
endloop
endfacet
facet normal 0 0 -1
outer loop
vertex -26.843311309814453 -12.175015449523926 0
vertex -12.762635231018066 -11.437078475952148 0
vertex -26.691537857055664 -15.071041107177734 0
endloop
endfacet
facet normal 0 0 -1
outer loop
vertex -27.728145599365234 -8.666515350341797 0
vertex -27.029104232788086 -8.629880905151367 0
vertex -26.843311309814453 -12.175015449523926 0
endloop
endfacet
facet normal 0 0 -1
outer loop
vertex -28.094497680664062 -1.676108956336975 0
vertex -32.916412353515625 -2.2738113403320312 0
vertex -27.581249237060547 1.9056611061096191 0
endloop
endfacet
facet normal 0 0 1
outer loop
vertex 53.45748519897461 -33.18330764770508 2.200000047683716
vertex -18.145366668701172 -57.233863830566406 2.200000047683716
vertex 53.37393569946289 -33.396602630615234 2.200000047683716
endloop
endfacet
facet normal 0 0 1
outer loop
vertex 6.910501003265381 -48.11835479736328 2.200000047683716
vertex 55.76497268676758 -30.4310359954834 2.200000047683716
vertex 29.580181121826172 -38.432960510253906 2.200000047683716
endloop
endfacet
facet normal 0 0 1
outer loop
vertex 29.7534236907959 -31.929067611694336 2.200000047683716
vertex 29.580181121826172 -38.432960510253906 2.200000047683716
vertex 45.21490478515625 -29.202791213989258 2.200000047683716
endloop
endfacet
facet normal 0 0 -1
outer loop
vertex -27.728145599365234 -8.666515350341797 0
vertex -32.916412353515625 -2.2738113403320312 0
vertex -28.094497680664062 -1.676108956336975 0
endloop
endfacet
facet normal 0 0 1
outer loop
vertex 8.21466064453125 -7.675772666931152 2.200000047683716
vertex 8.44040298461914 -8.956022262573242 2.200000047683716
vertex 23.901884078979492 -6.229746341705322 2.200000047683716
endloop
endfacet
facet normal -0.2645463476688878 0.9643729724204488 0
outer loop
vertex 37.700645446777344 49.96054458618164 0
vertex 20.676097869873047 45.29037857055664 0
vertex 37.700645446777344 49.96054458618164 2.200000047683716
endloop
endfacet
facet normal 0 0 -1
outer loop
vertex 40.19349670410156 -1.300856351852417 0
vertex 38.88768005371094 2.073657512664795 0
vertex 40.914703369140625 5.0176544189453125 0
endloop
endfacet
facet normal 0 0 -1
outer loop
vertex 42.13024139404297 -1.8760000467300415 0
vertex 40.19349670410156 -1.300856351852417 0
vertex 40.914703369140625 5.0176544189453125 0
endloop
endfacet
facet normal 0 0 1
outer loop
vertex 5.488384246826172 7.785709381103516 2.200000047683716
vertex 4.309403896331787 1.513534665107727 2.200000047683716
vertex 5.131078720092773 -14.164949417114258 2.200000047683716
endloop
endfacet
facet normal 0 0 1
outer loop
vertex 8.21466064453125 -7.675772666931152 2.200000047683716
vertex 5.488384246826172 7.785709381103516 2.200000047683716
vertex 5.131078720092773 -14.164949417114258 2.200000047683716
endloop
endfacet
facet normal 0 0 -1
outer loop
vertex 40.914703369140625 5.0176544189453125 0
vertex 38.88768005371094 2.073657512664795 0
vertex 38.38410186767578 4.929599761962891 0
endloop
endfacet
facet normal 0 0 -1
outer loop
vertex 38.38410186767578 4.929599761962891 0
vertex 37.76765060424805 8.425667762756348 0
vertex 38.45701599121094 8.547221183776855 0
endloop
endfacet
facet normal 0 0 1
outer loop
vertex 8.21466064453125 -7.675772666931152 2.200000047683716
vertex 5.19911527633667 -15.463167190551758 2.200000047683716
vertex 8.44040298461914 -8.956022262573242 2.200000047683716
endloop
endfacet
facet normal 0 0 1
outer loop
vertex 5.131078720092773 -14.164949417114258 2.200000047683716
vertex 5.19911527633667 -15.463167190551758 2.200000047683716
vertex 8.21466064453125 -7.675772666931152 2.200000047683716
endloop
endfacet
facet normal 0 0 1
outer loop
vertex 5.131078720092773 -14.164949417114258 2.200000047683716
vertex -10.547405242919922 -14.986623764038086 2.200000047683716
vertex 5.19911527633667 -15.463167190551758 2.200000047683716
endloop
endfacet
facet normal 0 0 -1
outer loop
vertex 40.914703369140625 5.0176544189453125 0
vertex 38.38410186767578 4.929599761962891 0
vertex 38.45701599121094 8.547221183776855 0
endloop
endfacet
facet normal 0 0 -1
outer loop
vertex 38.45701599121094 8.547221183776855 0
vertex 40.98761749267578 8.635275840759277 0
vertex 40.914703369140625 5.0176544189453125 0
endloop
endfacet
facet normal 0 0 1
outer loop
vertex -26.64259910583496 -31.290708541870117 2.200000047683716
vertex -31.961931228637695 -56.364444732666016 2.200000047683716
vertex -25.820924758911133 -46.96919250488281 2.200000047683716
endloop
endfacet
facet normal 0 0 1
outer loop
vertex -26.64259910583496 -31.290708541870117 2.200000047683716
vertex -26.710636138916016 -29.992490768432617 2.200000047683716
vertex -36.01374053955078 -42.56976318359375 2.200000047683716
endloop
endfacet
facet normal 0 0 1
outer loop
vertex -36.0605354309082 -42.40345001220703 2.200000047683716
vertex -36.01374053955078 -42.56976318359375 2.200000047683716
vertex -27.532310485839844 -14.314005851745605 2.200000047683716
endloop
endfacet
facet normal 0 0 1
outer loop
vertex -37.391395568847656 -40.07826614379883 2.200000047683716
vertex -36.0605354309082 -42.40345001220703 2.200000047683716
vertex -27.532310485839844 -14.314005851745605 2.200000047683716
endloop
endfacet
facet normal 0 0 1
outer loop
vertex -37.5110969543457 -39.95368194580078 2.200000047683716
vertex -37.391395568847656 -40.07826614379883 2.200000047683716
vertex -34.67756652832031 -23.55128288269043 2.200000047683716
endloop
endfacet
facet normal 0 0 1
outer loop
vertex -36.01374053955078 -42.56976318359375 2.200000047683716
vertex -35.757957458496094 -51.47896957397461 2.200000047683716
vertex -26.64259910583496 -31.290708541870117 2.200000047683716
endloop
endfacet
facet normal 0 0 1
outer loop
vertex -35.757957458496094 -51.47896957397461 2.200000047683716
vertex -35.16261672973633 -52.929691314697266 2.200000047683716
vertex -26.64259910583496 -31.290708541870117 2.200000047683716
endloop
endfacet
facet normal 0 0 1
outer loop
vertex -35.16261672973633 -52.929691314697266 2.200000047683716
vertex -31.961931228637695 -56.364444732666016 2.200000047683716
vertex -26.64259910583496 -31.290708541870117 2.200000047683716
endloop
endfacet
facet normal 0 0 1
outer loop
vertex -25.820924758911133 -46.96919250488281 2.200000047683716
vertex -30.335723876953125 -57.07783889770508 2.200000047683716
vertex -18.372575759887695 -57.151424407958984 2.200000047683716
endloop
endfacet
facet normal 0 0 1
outer loop
vertex -31.961931228637695 -56.364444732666016 2.200000047683716
vertex -30.335723876953125 -57.07783889770508 2.200000047683716
vertex -25.820924758911133 -46.96919250488281 2.200000047683716
endloop
endfacet
facet normal -0.6341548714310636 -0.7732060521233982 0
outer loop
vertex -14.840615272521973 -61.1104850769043 2.200000047683716
vertex -12.462516784667969 -63.0609130859375 0
vertex -12.462516784667969 -63.0609130859375 2.200000047683716
endloop
endfacet
facet normal -0.6365298046975035 -0.7712521038750936 0
outer loop
vertex -18.145366668701172 -57.233863830566406 2.200000047683716
vertex -15.214078903198242 -59.653114318847656 0
vertex -15.214078903198242 -59.653114318847656 2.200000047683716
endloop
endfacet
facet normal -0.34107768918120224 -0.9400351110159723 0
outer loop
vertex -18.372575759887695 -57.151424407958984 2.200000047683716
vertex -18.145366668701172 -57.233863830566406 0
vertex -18.145366668701172 -57.233863830566406 2.200000047683716
endloop
endfacet
facet normal -0.8582835883036143 -0.513175683415214 0
outer loop
vertex -15.214078903198242 -59.653114318847656 2.200000047683716
vertex -15.090042114257812 -59.860565185546875 0
vertex -15.090042114257812 -59.860565185546875 2.200000047683716
endloop
endfacet
facet normal -0.9806646470159095 -0.19569581010630108 0
outer loop
vertex -15.090042114257812 -59.860565185546875 2.200000047683716
vertex -14.840615272521973 -61.1104850769043 0
vertex -14.840615272521973 -61.1104850769043 2.200000047683716
endloop
endfacet
facet normal -0.7210964910945934 -0.6928346487662588 0
outer loop
vertex -37.5110969543457 -39.95368194580078 2.200000047683716
vertex -37.391395568847656 -40.07826614379883 0
vertex -37.391395568847656 -40.07826614379883 2.200000047683716
endloop
endfacet
facet normal -0.8678918218713741 -0.4967532441049449 0
outer loop
vertex -37.391395568847656 -40.07826614379883 2.200000047683716
vertex -36.0605354309082 -42.40345001220703 0
vertex -36.0605354309082 -42.40345001220703 2.200000047683716
endloop
endfacet
facet normal -0.9626218016370657 -0.2708491591513804 0
outer loop
vertex -36.0605354309082 -42.40345001220703 2.200000047683716
vertex -36.01374053955078 -42.56976318359375 0
vertex -36.01374053955078 -42.56976318359375 2.200000047683716
endloop
endfacet
facet normal -0.006150899204769163 -0.9999810830405608 0
outer loop
vertex -30.335723876953125 -57.07783889770508 2.200000047683716
vertex -18.372575759887695 -57.151424407958984 0
vertex -18.372575759887695 -57.151424407958984 2.200000047683716
endloop
endfacet
facet normal -0.9995881233088267 -0.028698148719694734 0
outer loop
vertex -36.01374053955078 -42.56976318359375 2.200000047683716
vertex -35.757957458496094 -51.47896957397461 0
vertex -35.757957458496094 -51.47896957397461 2.200000047683716
endloop
endfacet
facet normal -0.9251299102836801 -0.3796506935309219 0
outer loop
vertex -35.757957458496094 -51.47896957397461 2.200000047683716
vertex -35.16261672973633 -52.929691314697266 0
vertex -35.16261672973633 -52.929691314697266 2.200000047683716
endloop
endfacet
facet normal -0.4017301280662415 -0.9157581035425683 0
outer loop
vertex -31.961931228637695 -56.364444732666016 2.200000047683716
vertex -30.335723876953125 -57.07783889770508 0
vertex -30.335723876953125 -57.07783889770508 2.200000047683716
endloop
endfacet
facet normal -0.7315952314767623 -0.6817392590136366 0
outer loop
vertex -35.16261672973633 -52.929691314697266 2.200000047683716
vertex -31.961931228637695 -56.364444732666016 0
vertex -31.961931228637695 -56.364444732666016 2.200000047683716
endloop
endfacet
facet normal 0 0 -1
outer loop
vertex 58.29252243041992 -9.14101791381836 0
vertex 57.67607116699219 -5.6449503898620605 0
vertex 62.71262741088867 17.687828063964844 0
endloop
endfacet
facet normal 0 0 -1
outer loop
vertex 57.67607116699219 -5.6449503898620605 0
vertex 57.32184600830078 -2.802074432373047 0
vertex 59.845985412597656 20.034517288208008 0
endloop
endfacet
facet normal 0 0 -1
outer loop
vertex -26.691537857055664 -15.071041107177734 0
vertex -34.3980598449707 -19.209121704101562 0
vertex -33.78797149658203 -12.235758781433105 0
endloop
endfacet
facet normal 0 0 -1
outer loop
vertex 59.86442565917969 25.477262496948242 0
vertex 52.089393615722656 35.80127716064453 0
vertex 54.37128829956055 33.081817626953125 0
endloop
endfacet
facet normal 0 0 -1
outer loop
vertex 59.845985412597656 20.034517288208008 0
vertex 44.507041931152344 30.58919334411621 0
vertex 42.695308685302734 37.35067367553711 0
endloop
endfacet
facet normal 0 0 -1
outer loop
vertex 59.845985412597656 20.034517288208008 0
vertex 44.74970245361328 26.97898292541504 0
vertex 44.507041931152344 30.58919334411621 0
endloop
endfacet
facet normal 0 0 -1
outer loop
vertex 54.87340545654297 11.083714485168457 0
vertex 44.74970245361328 26.97898292541504 0
vertex 59.845985412597656 20.034517288208008 0
endloop
endfacet
facet normal 0 0 -1
outer loop
vertex 44.74970245361328 26.97898292541504 0
vertex 43.830894470214844 30.40802001953125 0
vertex 44.507041931152344 30.58919334411621 0
endloop
endfacet
facet normal 0 0 -1
outer loop
vertex 44.74970245361328 26.97898292541504 0
vertex 37.241477966308594 15.440875053405762 0
vertex 35.93566131591797 18.81538963317871 0
endloop
endfacet
facet normal 0 0 -1
outer loop
vertex 40.98761749267578 8.635275840759277 0
vertex 37.241477966308594 15.440875053405762 0
vertex 44.74970245361328 26.97898292541504 0
endloop
endfacet
facet normal 0 0 -1
outer loop
vertex -26.691537857055664 -15.071041107177734 0
vertex -33.78797149658203 -12.235758781433105 0
vertex -26.843311309814453 -12.175015449523926 0
endloop
endfacet
facet normal 0 0 -1
outer loop
vertex -33.78797149658203 -12.235758781433105 0
vertex -34.1759033203125 -8.63825798034668 0
vertex -27.728145599365234 -8.666515350341797 0
endloop
endfacet
facet normal 0 0 -1
outer loop
vertex -26.843311309814453 -12.175015449523926 0
vertex -33.78797149658203 -12.235758781433105 0
vertex -27.728145599365234 -8.666515350341797 0
endloop
endfacet
facet normal 0 0 -1
outer loop
vertex -33.923152923583984 -5.749293327331543 0
vertex -33.61375045776367 -2.2128024101257324 0
vertex -32.916412353515625 -2.2738113403320312 0
endloop
endfacet
facet normal 0 0 -1
outer loop
vertex 40.914703369140625 5.0176544189453125 0
vertex 40.98761749267578 8.635275840759277 0
vertex 41.604068756103516 5.13920783996582 0
endloop
endfacet
facet normal 0 0 1
outer loop
vertex 6.088826656341553 -32.43986892700195 2.200000047683716
vertex 11.39242172241211 -25.69775390625 2.200000047683716
vertex 6.020789623260498 -31.141651153564453 2.200000047683716
endloop
endfacet
facet normal 0 0 -1
outer loop
vertex 40.98761749267578 8.635275840759277 0
vertex 38.45701599121094 8.547221183776855 0
vertex 37.241477966308594 15.440875053405762 0
endloop
endfacet
facet normal 0 0 -1
outer loop
vertex 40.98761749267578 8.635275840759277 0
vertex 44.74970245361328 26.97898292541504 0
vertex 54.87340545654297 11.083714485168457 0
endloop
endfacet
facet normal 0 0 -1
outer loop
vertex 55.4898567199707 7.587647438049316 0
vertex 54.87340545654297 11.083714485168457 0
vertex 56.179222106933594 7.709200859069824 0
endloop
endfacet
facet normal 0 0 -1
outer loop
vertex -27.728145599365234 -8.666515350341797 0
vertex -33.923152923583984 -5.749293327331543 0
vertex -32.916412353515625 -2.2738113403320312 0
endloop
endfacet
facet normal 0 0 1
outer loop
vertex 11.166679382324219 -24.417505264282227 2.200000047683716
vertex 8.44040298461914 -8.956022262573242 2.200000047683716
vertex 6.020789623260498 -31.141651153564453 2.200000047683716
endloop
endfacet
facet normal 0 0 1
outer loop
vertex 5.19911527633667 -15.463167190551758 2.200000047683716
vertex 6.020789623260498 -31.141651153564453 2.200000047683716
vertex 8.44040298461914 -8.956022262573242 2.200000047683716
endloop
endfacet
facet normal 0 0 -1
outer loop
vertex -27.728145599365234 -8.666515350341797 0
vertex -34.1759033203125 -8.63825798034668 0
vertex -33.923152923583984 -5.749293327331543 0
endloop
endfacet
facet normal 0 0 1
outer loop
vertex 11.39242172241211 -25.69775390625 2.200000047683716
vertex 11.166679382324219 -24.417505264282227 2.200000047683716
vertex 6.020789623260498 -31.141651153564453 2.200000047683716
endloop
endfacet
facet normal 0 0 -1
outer loop
vertex 41.409034729003906 -8.194510459899902 0
vertex 40.19349670410156 -1.300856351852417 0
vertex 43.436058044433594 -5.250514030456543 0
endloop
endfacet
facet normal 0 0 1
outer loop
vertex 68.75359344482422 -22.228225708007812 1.7000000476837158
vertex 69.97376251220703 -22.022035598754883 1.7000000476837158
vertex 70.01129913330078 -21.8689022064209 1.7000000476837158
endloop
endfacet
facet normal 0 0 1
outer loop
vertex 68.75359344482422 -22.228225708007812 1.7000000476837158
vertex 70.01129913330078 -21.8689022064209 1.7000000476837158
vertex 69.95211029052734 -21.518606185913086 1.7000000476837158
endloop
endfacet
facet normal 0 0 1
outer loop
vertex 69.95211029052734 -21.518606185913086 1.7000000476837158
vertex 69.96068572998047 -17.368249893188477 1.7000000476837158
vertex 68.75359344482422 -22.228225708007812 1.7000000476837158
endloop
endfacet
facet normal 0 0 1
outer loop
vertex 69.96068572998047 -17.368249893188477 1.7000000476837158
vertex 69.95211029052734 -21.518606185913086 1.7000000476837158
vertex 70.64231872558594 -21.40196990966797 1.7000000476837158
endloop
endfacet
facet normal -0.16662258617413023 0.9860207471329621 0
outer loop
vertex 69.97376251220703 -22.022035598754883 1.7000000476837158
vertex 68.75359344482422 -22.228225708007812 1.7000000476837158
vertex 68.75359344482422 -22.228225708007812 2.200000047683716
endloop
endfacet
facet normal 0.9860207857702598 0.16662235753043275 0
outer loop
vertex 68.75359344482422 -22.228225708007812 2.200000047683716
vertex 68.75359344482422 -22.228225708007812 1.7000000476837158
vertex 65.5877685546875 -3.4938302040100098 1.7000000476837158
endloop
endfacet
facet normal -0.16662258617413023 0.9860207471329621 0
outer loop
vertex 69.97376251220703 -22.022035598754883 2.200000047683716
vertex 69.97376251220703 -22.022035598754883 1.7000000476837158
vertex 68.75359344482422 -22.228225708007812 2.200000047683716
endloop
endfacet
facet normal 0 0 1
outer loop
vertex 65.5877685546875 -3.4938302040100098 1.7000000476837158
vertex 68.75359344482422 -22.228225708007812 1.7000000476837158
vertex 69.96068572998047 -17.368249893188477 1.7000000476837158
endloop
endfacet
facet normal 0 0 1
outer loop
vertex 65.5877685546875 -3.4938302040100098 1.7000000476837158
vertex 69.96068572998047 -17.368249893188477 1.7000000476837158
vertex 66.9529037475586 -3.7702317237854004 1.7000000476837158
endloop
endfacet
facet normal 0 0 1
outer loop
vertex 67.64311981201172 -3.6535961627960205 1.7000000476837158
vertex 66.9529037475586 -3.7702317237854004 1.7000000476837158
vertex 69.96068572998047 -17.368249893188477 1.7000000476837158
endloop
endfacet
facet normal 0 0 1
outer loop
vertex 66.9529037475586 -3.7702317237854004 1.7000000476837158
vertex 66.86959838867188 -3.277221202850342 1.7000000476837158
vertex 65.5877685546875 -3.4938302040100098 1.7000000476837158
endloop
endfacet
facet normal 0.9860207857702598 0.16662235753043275 0
outer loop
vertex 68.75359344482422 -22.228225708007812 2.200000047683716
vertex 65.5877685546875 -3.4938302040100098 1.7000000476837158
vertex 65.5877685546875 -3.4938302040100098 2.200000047683716
endloop
endfacet
facet normal 0.16662195450441658 -0.9860208538753772 0
outer loop
vertex 65.5877685546875 -3.4938302040100098 1.7000000476837158
vertex 66.86959838867188 -3.277221202850342 1.7000000476837158
vertex 66.86959838867188 -3.277221202850342 2.200000047683716
endloop
endfacet
facet normal 0.16662195450441658 -0.9860208538753772 0
outer loop
vertex 65.5877685546875 -3.4938302040100098 2.200000047683716
vertex 65.5877685546875 -3.4938302040100098 1.7000000476837158
vertex 66.86959838867188 -3.277221202850342 2.200000047683716
endloop
endfacet
facet normal 0 0 1
outer loop
vertex 72.05626678466797 46.47113037109375 1.7000000476837158
vertex 73.05655670166016 47.30144500732422 1.7000000476837158
vertex 72.7372055053711 47.6861686706543 1.7000000476837158
endloop
endfacet
facet normal -0.6387031292212303 0.7694532557101883 0
outer loop
vertex 73.05655670166016 47.30144500732422 1.7000000476837158
vertex 72.05626678466797 46.47113037109375 1.7000000476837158
vertex 73.05655670166016 47.30144500732422 2.200000047683716
endloop
endfacet
facet normal -0.6387031292212303 0.7694532557101883 0
outer loop
vertex 73.05655670166016 47.30144500732422 2.200000047683716
vertex 72.05626678466797 46.47113037109375 1.7000000476837158
vertex 72.05626678466797 46.47113037109375 2.200000047683716
endloop
endfacet
facet normal 0 0 1
outer loop
vertex 61.00727462768555 61.8173942565918 1.7000000476837158
vertex 60.87976837158203 61.88666534423828 1.7000000476837158
vertex 59.92092514038086 61.090755462646484 1.7000000476837158
endloop
endfacet
facet normal 0 0 1
outer loop
vertex 61.24056625366211 61.53634262084961 1.7000000476837158
vertex 61.00727462768555 61.8173942565918 1.7000000476837158
vertex 59.92092514038086 61.090755462646484 1.7000000476837158
endloop
endfacet
facet normal 0 0 1
outer loop
vertex 61.24056625366211 61.53634262084961 1.7000000476837158
vertex 59.92092514038086 61.090755462646484 1.7000000476837158
vertex 70.66295623779297 51.281028747558594 1.7000000476837158
endloop
endfacet
facet normal 0 0 1
outer loop
vertex 70.66295623779297 51.281028747558594 1.7000000476837158
vertex 61.7791862487793 61.98343276977539 1.7000000476837158
vertex 61.24056625366211 61.53634262084961 1.7000000476837158
endloop
endfacet
facet normal 0 0 1
outer loop
vertex 70.66295623779297 51.281028747558594 1.7000000476837158
vertex 59.92092514038086 61.090755462646484 1.7000000476837158
vertex 72.05626678466797 46.47113037109375 1.7000000476837158
endloop
endfacet
facet normal 0 0 1
outer loop
vertex 70.66295623779297 51.281028747558594 1.7000000476837158
vertex 72.05626678466797 46.47113037109375 1.7000000476837158
vertex 72.7372055053711 47.6861686706543 1.7000000476837158
endloop
endfacet
facet normal 0 0 1
outer loop
vertex 73.27582550048828 48.133262634277344 1.7000000476837158
vertex 70.66295623779297 51.281028747558594 1.7000000476837158
vertex 72.7372055053711 47.6861686706543 1.7000000476837158
endloop
endfacet
facet normal 0.6387026830619376 -0.7694536260551914 0
outer loop
vertex 60.87976837158203 61.88666534423828 1.7000000476837158
vertex 60.87976837158203 61.88666534423828 2.200000047683716
vertex 59.92092514038086 61.090755462646484 1.7000000476837158
endloop
endfacet
facet normal 0.7694540005271068 0.6387022319303661 0
outer loop
vertex 72.05626678466797 46.47113037109375 1.7000000476837158
vertex 59.92092514038086 61.090755462646484 1.7000000476837158
vertex 59.92092514038086 61.090755462646484 2.200000047683716
endloop
endfacet
facet normal 0.6387026830619376 -0.7694536260551914 0
outer loop
vertex 59.92092514038086 61.090755462646484 2.200000047683716
vertex 59.92092514038086 61.090755462646484 1.7000000476837158
vertex 60.87976837158203 61.88666534423828 2.200000047683716
endloop
endfacet
facet normal 0.7694540005271068 0.6387022319303661 0
outer loop
vertex 72.05626678466797 46.47113037109375 2.200000047683716
vertex 72.05626678466797 46.47113037109375 1.7000000476837158
vertex 59.92092514038086 61.090755462646484 2.200000047683716
endloop
endfacet
facet normal -0.08906032417331823 -0.996026233920645 0
outer loop
vertex -70.34554290771484 41.294151306152344 1.7000000476837158
vertex -69.11135864257812 41.18379592895508 1.7000000476837158
vertex -70.34554290771484 41.294151306152344 2.200000047683716
endloop
endfacet
facet normal 0 0 1
outer loop
vertex -72.05381774902344 22.873092651367188 1.7000000476837158
vertex -72.09835052490234 22.375078201293945 1.7000000476837158
vertex -70.80352020263672 22.259300231933594 1.7000000476837158
endloop
endfacet
facet normal -0.9960261678884037 0.08906106265670381 0
outer loop
vertex -69.11135864257812 41.18379592895508 1.7000000476837158
vertex -70.77790832519531 22.545717239379883 2.200000047683716
vertex -69.11135864257812 41.18379592895508 2.200000047683716
endloop
endfacet
facet normal -0.08906032417331823 -0.996026233920645 0
outer loop
vertex -70.34554290771484 41.294151306152344 2.200000047683716
vertex -69.11135864257812 41.18379592895508 1.7000000476837158
vertex -69.11135864257812 41.18379592895508 2.200000047683716
endloop
endfacet
facet normal 0 0 1
outer loop
vertex -70.34554290771484 41.294151306152344 1.7000000476837158
vertex -70.4189224243164 41.1572265625 1.7000000476837158
vertex -69.11135864257812 41.18379592895508 1.7000000476837158
endloop
endfacet
facet normal 0 0 1
outer loop
vertex -70.4189224243164 41.1572265625 1.7000000476837158
vertex -70.45072174072266 40.80156326293945 1.7000000476837158
vertex -69.11135864257812 41.18379592895508 1.7000000476837158
endloop
endfacet
facet normal 0 0 1
outer loop
vertex -70.45072174072266 40.80156326293945 1.7000000476837158
vertex -71.51228332519531 36.78925323486328 1.7000000476837158
vertex -69.11135864257812 41.18379592895508 1.7000000476837158
endloop
endfacet
facet normal 0 0 1
outer loop
vertex -71.14794158935547 40.86390686035156 1.7000000476837158
vertex -71.51228332519531 36.78925323486328 1.7000000476837158
vertex -70.45072174072266 40.80156326293945 1.7000000476837158
endloop
endfacet
facet normal 0 0 1
outer loop
vertex -71.51228332519531 36.78925323486328 1.7000000476837158
vertex -70.77790832519531 22.545717239379883 1.7000000476837158
vertex -69.11135864257812 41.18379592895508 1.7000000476837158
endloop
endfacet
facet normal -0.9960261678884037 0.08906106265670381 0
outer loop
vertex -70.77790832519531 22.545717239379883 1.7000000476837158
vertex -70.77790832519531 22.545717239379883 2.200000047683716
vertex -69.11135864257812 41.18379592895508 1.7000000476837158
endloop
endfacet
facet normal 0 0 1
outer loop
vertex -71.51228332519531 36.78925323486328 1.7000000476837158
vertex -72.05381774902344 22.873092651367188 1.7000000476837158
vertex -70.77790832519531 22.545717239379883 1.7000000476837158
endloop
endfacet
facet normal 0 0 1
outer loop
vertex -71.51228332519531 36.78925323486328 1.7000000476837158
vertex -72.75103759765625 22.935434341430664 1.7000000476837158
vertex -72.05381774902344 22.873092651367188 1.7000000476837158
endloop
endfacet
facet normal 0 0 1
outer loop
vertex -72.05381774902344 22.873092651367188 1.7000000476837158
vertex -70.80352020263672 22.259300231933594 1.7000000476837158
vertex -70.77790832519531 22.545717239379883 1.7000000476837158
endloop
endfacet
facet normal 0.08906115252268208 0.9960261598529084 0
outer loop
vertex -74.13661193847656 -15.016860008239746 1.7000000476837158
vertex -75.310791015625 -14.911869049072266 1.7000000476837158
vertex -75.310791015625 -14.911869049072266 2.200000047683716
endloop
endfacet
facet normal 0.08906115252268208 0.9960261598529084 0
outer loop
vertex -74.13661193847656 -15.016860008239746 2.200000047683716
vertex -74.13661193847656 -15.016860008239746 1.7000000476837158
vertex -75.310791015625 -14.911869049072266 2.200000047683716
endloop
endfacet
facet normal 0 0 1
outer loop
vertex -73.73928833007812 4.023416996002197 1.7000000476837158
vertex -73.78382110595703 3.5254037380218506 1.7000000476837158
vertex -72.4444580078125 3.907637596130371 1.7000000476837158
endloop
endfacet
facet normal 0 0 1
outer loop
vertex -73.78382110595703 3.5254037380218506 1.7000000476837158
vertex -74.84537506103516 -0.4869060218334198 1.7000000476837158
vertex -72.4444580078125 3.907637596130371 1.7000000476837158
endloop
endfacet
facet normal -0.9960261972871854 0.08906073387093161 0
outer loop
vertex -72.4444580078125 3.907637596130371 1.7000000476837158
vertex -74.13661193847656 -15.016860008239746 2.200000047683716
vertex -72.4444580078125 3.907637596130371 2.200000047683716
endloop
endfacet
facet normal 0 0 1
outer loop
vertex -74.48104095458984 3.5877466201782227 1.7000000476837158
vertex -74.84537506103516 -0.4869060218334198 1.7000000476837158
vertex -73.78382110595703 3.5254037380218506 1.7000000476837158
endloop
endfacet
facet normal 0 0 1
outer loop
vertex -75.41385650634766 -14.704326629638672 1.7000000476837158
vertex -75.310791015625 -14.911869049072266 1.7000000476837158
vertex -75.38691711425781 -14.403067588806152 1.7000000476837158
endloop
endfacet
facet normal 0 0 1
outer loop
vertex -75.38691711425781 -14.403067588806152 1.7000000476837158
vertex -75.310791015625 -14.911869049072266 1.7000000476837158
vertex -74.84537506103516 -0.4869060218334198 1.7000000476837158
endloop
endfacet
facet normal 0 0 1
outer loop
vertex -74.84537506103516 -0.4869060218334198 1.7000000476837158
vertex -75.310791015625 -14.911869049072266 1.7000000476837158
vertex -74.13661193847656 -15.016860008239746 1.7000000476837158
endloop
endfacet
facet normal 0 0 1
outer loop
vertex -74.84537506103516 -0.4869060218334198 1.7000000476837158
vertex -76.08413696289062 -14.34072494506836 1.7000000476837158
vertex -75.38691711425781 -14.403067588806152 1.7000000476837158
endloop
endfacet
facet normal 0 0 1
outer loop
vertex -74.84537506103516 -0.4869060218334198 1.7000000476837158
vertex -74.13661193847656 -15.016860008239746 1.7000000476837158
vertex -72.4444580078125 3.907637596130371 1.7000000476837158
endloop
endfacet
facet normal -0.9960261972871854 0.08906073387093161 0
outer loop
vertex -72.4444580078125 3.907637596130371 1.7000000476837158
vertex -74.13661193847656 -15.016860008239746 1.7000000476837158
vertex -74.13661193847656 -15.016860008239746 2.200000047683716
endloop
endfacet
facet normal 0 0 1
outer loop
vertex -73.1788330078125 18.151172637939453 1.7000000476837158
vertex -74.41758728027344 4.297354698181152 1.7000000476837158
vertex -73.72036743164062 4.235012054443359 1.7000000476837158
endloop
endfacet
facet normal 0 0 1
outer loop
vertex -73.72036743164062 4.235012054443359 1.7000000476837158
vertex -72.4444580078125 3.907637596130371 1.7000000476837158
vertex -73.1788330078125 18.151172637939453 1.7000000476837158
endloop
endfacet
facet normal 0 0 1
outer loop
vertex -73.1788330078125 18.151172637939453 1.7000000476837158
vertex -72.4444580078125 3.907637596130371 1.7000000476837158
vertex -70.80352020263672 22.259300231933594 1.7000000476837158
endloop
endfacet
facet normal -0.9960261755355182 0.08906097713414864 0
outer loop
vertex -70.80352020263672 22.259300231933594 1.7000000476837158
vertex -72.4444580078125 3.907637596130371 1.7000000476837158
vertex -72.4444580078125 3.907637596130371 2.200000047683716
endloop
endfacet
facet normal 0 0 1
outer loop
vertex -72.11727142333984 22.163482666015625 1.7000000476837158
vertex -73.1788330078125 18.151172637939453 1.7000000476837158
vertex -70.80352020263672 22.259300231933594 1.7000000476837158
endloop
endfacet
facet normal 0 0 1
outer loop
vertex -72.09835052490234 22.375078201293945 1.7000000476837158
vertex -72.11727142333984 22.163482666015625 1.7000000476837158
vertex -70.80352020263672 22.259300231933594 1.7000000476837158
endloop
endfacet
facet normal 0 0 1
outer loop
vertex -73.72036743164062 4.235012054443359 1.7000000476837158
vertex -73.73928833007812 4.023416996002197 1.7000000476837158
vertex -72.4444580078125 3.907637596130371 1.7000000476837158
endloop
endfacet
facet normal -0.9960257042051537 0.08906624816746114 0
outer loop
vertex -70.77790832519531 22.545717239379883 1.7000000476837158
vertex -70.80352020263672 22.259300231933594 1.7000000476837158
vertex -70.77790832519531 22.545717239379883 2.200000047683716
endloop
endfacet
facet normal -0.9960261682881768 0.08906105813536858 0.000002996798996030356
outer loop
vertex -70.80352020263672 22.259300231933594 1.7000000476837158
vertex -72.4444580078125 3.907637596130371 2.200000047683716
vertex -70.77790832519531 22.545717239379883 2.200000047683716
endloop
endfacet
facet normal 0 0 1
outer loop
vertex -72.81449127197266 22.225826263427734 1.7000000476837158
vertex -73.1788330078125 18.151172637939453 1.7000000476837158
vertex -72.11727142333984 22.163482666015625 1.7000000476837158
endloop
endfacet
facet normal 0 0 -1
outer loop
vertex 67.91577911376953 -5.26708459854126 0.20000000298023224
vertex 68.75359344482422 -22.228225708007812 0.20000000298023224
vertex 65.5877685546875 -3.4938302040100098 0.20000000298023224
endloop
endfacet
facet normal 0 0 -1
outer loop
vertex 66.9529037475586 -3.7702317237854004 0.20000000298023224
vertex 67.64311981201172 -3.6535961627960205 0.20000000298023224
vertex 67.91577911376953 -5.26708459854126 0.20000000298023224
endloop
endfacet
facet normal 0.9860207857702599 0.16662235753043275 0
outer loop
vertex 68.75359344482422 -22.228225708007812 0.20000000298023224
vertex 68.75359344482422 -22.228225708007812 0
vertex 65.5877685546875 -3.4938302040100098 0.20000000298023224
endloop
endfacet
facet normal -0.16662258617413023 0.9860207471329621 0
outer loop
vertex 69.97376251220703 -22.022035598754883 0.20000000298023224
vertex 69.97376251220703 -22.022035598754883 0
vertex 68.75359344482422 -22.228225708007812 0.20000000298023224
endloop
endfacet
facet normal 0 0 -1
outer loop
vertex 69.95211029052734 -21.518606185913086 0.20000000298023224
vertex 67.91577911376953 -5.26708459854126 0.20000000298023224
vertex 70.64231872558594 -21.40196990966797 0.20000000298023224
endloop
endfacet
facet normal -0.16662258617413023 0.9860207471329621 0
outer loop
vertex 69.97376251220703 -22.022035598754883 0
vertex 68.75359344482422 -22.228225708007812 0
vertex 68.75359344482422 -22.228225708007812 0.20000000298023224
endloop
endfacet
facet normal 0 0 -1
outer loop
vertex 69.95211029052734 -21.518606185913086 0.20000000298023224
vertex 69.97376251220703 -22.022035598754883 0.20000000298023224
vertex 67.91577911376953 -5.26708459854126 0.20000000298023224
endloop
endfacet
facet normal 0.16662195450441658 -0.9860208538753773 0
outer loop
vertex 65.5877685546875 -3.4938302040100098 0.20000000298023224
vertex 65.5877685546875 -3.4938302040100098 0
vertex 66.86959838867188 -3.277221202850342 0.20000000298023224
endloop
endfacet
facet normal 0.9860207857702599 0.16662235753043275 0
outer loop
vertex 65.5877685546875 -3.4938302040100098 0.20000000298023224
vertex 68.75359344482422 -22.228225708007812 0
vertex 65.5877685546875 -3.4938302040100098 0
endloop
endfacet
facet normal 0 0 -1
outer loop
vertex 69.97376251220703 -22.022035598754883 0.20000000298023224
vertex 68.75359344482422 -22.228225708007812 0.20000000298023224
vertex 67.91577911376953 -5.26708459854126 0.20000000298023224
endloop
endfacet
facet normal 0 0 -1
outer loop
vertex 67.91577911376953 -5.26708459854126 0.20000000298023224
vertex 65.5877685546875 -3.4938302040100098 0.20000000298023224
vertex 66.9529037475586 -3.7702317237854004 0.20000000298023224
endloop
endfacet
facet normal 0.16662195450441658 -0.9860208538753773 0
outer loop
vertex 66.86959838867188 -3.277221202850342 0
vertex 66.86959838867188 -3.277221202850342 0.20000000298023224
vertex 65.5877685546875 -3.4938302040100098 0
endloop
endfacet
facet normal 0 0 -1
outer loop
vertex 66.9529037475586 -3.7702317237854004 0.20000000298023224
vertex 65.5877685546875 -3.4938302040100098 0.20000000298023224
vertex 66.86959838867188 -3.277221202850342 0.20000000298023224
endloop
endfacet
facet normal 0 0 -1
outer loop
vertex 69.97376251220703 -22.022035598754883 0.20000000298023224
vertex 69.95211029052734 -21.518606185913086 0.20000000298023224
vertex 70.01129913330078 -21.8689022064209 0.20000000298023224
endloop
endfacet
facet normal 0 0 -1
outer loop
vertex 59.92092514038086 61.090755462646484 0.20000000298023224
vertex 61.00727462768555 61.8173942565918 0.20000000298023224
vertex 61.24056625366211 61.53634262084961 0.20000000298023224
endloop
endfacet
facet normal -0.6387031292212303 0.7694532557101883 0
outer loop
vertex 72.05626678466797 46.47113037109375 0
vertex 72.05626678466797 46.47113037109375 0.20000000298023224
vertex 73.05655670166016 47.30144500732422 0
endloop
endfacet
facet normal 0 0 -1
outer loop
vertex 72.7372055053711 47.6861686706543 0.20000000298023224
vertex 62.82433319091797 60.724327087402344 0.20000000298023224
vertex 73.27582550048828 48.133262634277344 0.20000000298023224
endloop
endfacet
facet normal 0 0 -1
outer loop
vertex 72.7372055053711 47.6861686706543 0.20000000298023224
vertex 72.05626678466797 46.47113037109375 0.20000000298023224
vertex 62.82433319091797 60.724327087402344 0.20000000298023224
endloop
endfacet
facet normal -0.6387031292212303 0.7694532557101883 0
outer loop
vertex 73.05655670166016 47.30144500732422 0.20000000298023224
vertex 73.05655670166016 47.30144500732422 0
vertex 72.05626678466797 46.47113037109375 0.20000000298023224
endloop
endfacet
facet normal 0.7694540005271068 0.6387022319303661 0
outer loop
vertex 72.05626678466797 46.47113037109375 0.20000000298023224
vertex 72.05626678466797 46.47113037109375 0
vertex 59.92092514038086 61.090755462646484 0.20000000298023224
endloop
endfacet
facet normal 0 0 -1
outer loop
vertex 61.24056625366211 61.53634262084961 0.20000000298023224
vertex 61.7791862487793 61.98343276977539 0.20000000298023224
vertex 62.82433319091797 60.724327087402344 0.20000000298023224
endloop
endfacet
facet normal 0 0 -1
outer loop
vertex 62.82433319091797 60.724327087402344 0.20000000298023224
vertex 59.92092514038086 61.090755462646484 0.20000000298023224
vertex 61.24056625366211 61.53634262084961 0.20000000298023224
endloop
endfacet
facet normal 0 0 -1
outer loop
vertex 72.05626678466797 46.47113037109375 0.20000000298023224
vertex 59.92092514038086 61.090755462646484 0.20000000298023224
vertex 62.82433319091797 60.724327087402344 0.20000000298023224
endloop
endfacet
facet normal 0 0 -1
outer loop
vertex 73.05655670166016 47.30144500732422 0.20000000298023224
vertex 72.05626678466797 46.47113037109375 0.20000000298023224
vertex 72.7372055053711 47.6861686706543 0.20000000298023224
endloop
endfacet
facet normal 0.6387026830619374 -0.7694536260551913 0
outer loop
vertex 59.92092514038086 61.090755462646484 0
vertex 60.87976837158203 61.88666534423828 0
vertex 60.87976837158203 61.88666534423828 0.20000000298023224
endloop
endfacet
facet normal 0.6387026830619374 -0.7694536260551913 0
outer loop
vertex 59.92092514038086 61.090755462646484 0
vertex 60.87976837158203 61.88666534423828 0.20000000298023224
vertex 59.92092514038086 61.090755462646484 0.20000000298023224
endloop
endfacet
facet normal 0.7694540005271068 0.6387022319303661 0
outer loop
vertex 72.05626678466797 46.47113037109375 0
vertex 59.92092514038086 61.090755462646484 0
vertex 59.92092514038086 61.090755462646484 0.20000000298023224
endloop
endfacet
facet normal 0 0 -1
outer loop
vertex 59.92092514038086 61.090755462646484 0.20000000298023224
vertex 60.87976837158203 61.88666534423828 0.20000000298023224
vertex 61.00727462768555 61.8173942565918 0.20000000298023224
endloop
endfacet
facet normal -0.9960261678884037 0.08906106265670383 0
outer loop
vertex -69.11135864257812 41.18379592895508 0
vertex -70.77790832519531 22.545717239379883 0.20000000298023224
vertex -69.11135864257812 41.18379592895508 0.20000000298023224
endloop
endfacet
facet normal 0 0 -1
outer loop
vertex -72.75103759765625 22.935434341430664 0.20000000298023224
vertex -72.60530090332031 24.565296173095703 0.20000000298023224
vertex -72.05381774902344 22.873092651367188 0.20000000298023224
endloop
endfacet
facet normal 0 0 -1
outer loop
vertex -70.34554290771484 41.294151306152344 0.20000000298023224
vertex -70.45072174072266 40.80156326293945 0.20000000298023224
vertex -70.4189224243164 41.1572265625 0.20000000298023224
endloop
endfacet
facet normal 0 0 -1
outer loop
vertex -72.09835052490234 22.375078201293945 0.20000000298023224
vertex -72.05381774902344 22.873092651367188 0.20000000298023224
vertex -70.77790832519531 22.545717239379883 0.20000000298023224
endloop
endfacet
facet normal 0 0 -1
outer loop
vertex -70.77790832519531 22.545717239379883 0.20000000298023224
vertex -72.05381774902344 22.873092651367188 0.20000000298023224
vertex -72.60530090332031 24.565296173095703 0.20000000298023224
endloop
endfacet
facet normal -0.08906032417331823 -0.996026233920645 0
outer loop
vertex -69.11135864257812 41.18379592895508 0.20000000298023224
vertex -70.34554290771484 41.294151306152344 0.20000000298023224
vertex -70.34554290771484 41.294151306152344 0
endloop
endfacet
facet normal 0 0 -1
outer loop
vertex -70.77790832519531 22.545717239379883 0.20000000298023224
vertex -70.80352020263672 22.259300231933594 0.20000000298023224
vertex -72.09835052490234 22.375078201293945 0.20000000298023224
endloop
endfacet
facet normal -0.9960261678884037 0.08906106265670383 0
outer loop
vertex -70.77790832519531 22.545717239379883 0
vertex -70.77790832519531 22.545717239379883 0.20000000298023224
vertex -69.11135864257812 41.18379592895508 0
endloop
endfacet
facet normal -0.08906032417331823 -0.996026233920645 0
outer loop
vertex -69.11135864257812 41.18379592895508 0
vertex -69.11135864257812 41.18379592895508 0.20000000298023224
vertex -70.34554290771484 41.294151306152344 0
endloop
endfacet
facet normal 0 0 -1
outer loop
vertex -70.77790832519531 22.545717239379883 0.20000000298023224
vertex -72.60530090332031 24.565296173095703 0.20000000298023224
vertex -69.11135864257812 41.18379592895508 0.20000000298023224
endloop
endfacet
facet normal 0 0 -1
outer loop
vertex -69.11135864257812 41.18379592895508 0.20000000298023224
vertex -72.60530090332031 24.565296173095703 0.20000000298023224
vertex -70.34554290771484 41.294151306152344 0.20000000298023224
endloop
endfacet
facet normal 0 0 -1
outer loop
vertex -72.60530090332031 24.565296173095703 0.20000000298023224
vertex -70.45072174072266 40.80156326293945 0.20000000298023224
vertex -70.34554290771484 41.294151306152344 0.20000000298023224
endloop
endfacet
facet normal 0 0 -1
outer loop
vertex -72.60530090332031 24.565296173095703 0.20000000298023224
vertex -71.14794158935547 40.86390686035156 0.20000000298023224
vertex -70.45072174072266 40.80156326293945 0.20000000298023224
endloop
endfacet
facet normal 0 0 -1
outer loop
vertex -74.13661193847656 -15.016860008239746 0.20000000298023224
vertex -75.93840026855469 -12.710864067077637 0.20000000298023224
vertex -72.4444580078125 3.907637596130371 0.20000000298023224
endloop
endfacet
facet normal 0.08906115252268208 0.9960261598529084 0
outer loop
vertex -75.310791015625 -14.911869049072266 0.20000000298023224
vertex -74.13661193847656 -15.016860008239746 0.20000000298023224
vertex -74.13661193847656 -15.016860008239746 0
endloop
endfacet
facet normal 0 0 -1
outer loop
vertex -74.13661193847656 -15.016860008239746 0.20000000298023224
vertex -75.41385650634766 -14.704326629638672 0.20000000298023224
vertex -75.38691711425781 -14.403067588806152 0.20000000298023224
endloop
endfacet
facet normal 0.08906115252268208 0.9960261598529084 0
outer loop
vertex -74.13661193847656 -15.016860008239746 0
vertex -75.310791015625 -14.911869049072266 0
vertex -75.310791015625 -14.911869049072266 0.20000000298023224
endloop
endfacet
facet normal -0.9960261972871853 0.0890607338709316 0
outer loop
vertex -74.13661193847656 -15.016860008239746 0
vertex -74.13661193847656 -15.016860008239746 0.20000000298023224
vertex -72.4444580078125 3.907637596130371 0
endloop
endfacet
facet normal 0 0 -1
outer loop
vertex -74.13661193847656 -15.016860008239746 0.20000000298023224
vertex -75.310791015625 -14.911869049072266 0.20000000298023224
vertex -75.41385650634766 -14.704326629638672 0.20000000298023224
endloop
endfacet
facet normal 0 0 -1
outer loop
vertex -74.13661193847656 -15.016860008239746 0.20000000298023224
vertex -75.38691711425781 -14.403067588806152 0.20000000298023224
vertex -75.93840026855469 -12.710864067077637 0.20000000298023224
endloop
endfacet
facet normal 0 0 -1
outer loop
vertex -76.08413696289062 -14.34072494506836 0.20000000298023224
vertex -75.93840026855469 -12.710864067077637 0.20000000298023224
vertex -75.38691711425781 -14.403067588806152 0.20000000298023224
endloop
endfacet
facet normal 0 0 -1
outer loop
vertex -72.4444580078125 3.907637596130371 0.20000000298023224
vertex -73.78382110595703 3.5254037380218506 0.20000000298023224
vertex -73.73928833007812 4.023416996002197 0.20000000298023224
endloop
endfacet
facet normal 0 0 -1
outer loop
vertex -75.93840026855469 -12.710864067077637 0.20000000298023224
vertex -74.48104095458984 3.5877466201782227 0.20000000298023224
vertex -73.78382110595703 3.5254037380218506 0.20000000298023224
endloop
endfacet
facet normal 0 0 -1
outer loop
vertex -72.4444580078125 3.907637596130371 0.20000000298023224
vertex -75.93840026855469 -12.710864067077637 0.20000000298023224
vertex -73.78382110595703 3.5254037380218506 0.20000000298023224
endloop
endfacet
facet normal -0.9960261972871853 0.0890607338709316 0
outer loop
vertex -72.4444580078125 3.907637596130371 0
vertex -74.13661193847656 -15.016860008239746 0.20000000298023224
vertex -72.4444580078125 3.907637596130371 0.20000000298023224
endloop
endfacet
facet normal -0.9960257042051537 0.08906624816746114 0
outer loop
vertex -70.77790832519531 22.545717239379883 0
vertex -70.80352020263672 22.259300231933594 0.20000000298023224
vertex -70.77790832519531 22.545717239379883 0.20000000298023224
endloop
endfacet
facet normal 0 0 -1
outer loop
vertex -74.41758728027344 4.297354698181152 0.20000000298023224
vertex -74.2718505859375 5.927216053009033 0.20000000298023224
vertex -73.72036743164062 4.235012054443359 0.20000000298023224
endloop
endfacet
facet normal 0 0 -1
outer loop
vertex -72.4444580078125 3.907637596130371 0.20000000298023224
vertex -73.73928833007812 4.023416996002197 0.20000000298023224
vertex -73.72036743164062 4.235012054443359 0.20000000298023224
endloop
endfacet
facet normal 0 0 -1
outer loop
vertex -70.80352020263672 22.259300231933594 0.20000000298023224
vertex -72.11727142333984 22.163482666015625 0.20000000298023224
vertex -72.09835052490234 22.375078201293945 0.20000000298023224
endloop
endfacet
facet normal 0 0 -1
outer loop
vertex -70.80352020263672 22.259300231933594 0.20000000298023224
vertex -74.2718505859375 5.927216053009033 0.20000000298023224
vertex -72.11727142333984 22.163482666015625 0.20000000298023224
endloop
endfacet
facet normal 0 0 -1
outer loop
vertex -72.4444580078125 3.907637596130371 0.20000000298023224
vertex -73.72036743164062 4.235012054443359 0.20000000298023224
vertex -74.2718505859375 5.927216053009033 0.20000000298023224
endloop
endfacet
facet normal 0 0 -1
outer loop
vertex -74.2718505859375 5.927216053009033 0.20000000298023224
vertex -72.81449127197266 22.225826263427734 0.20000000298023224
vertex -72.11727142333984 22.163482666015625 0.20000000298023224
endloop
endfacet
facet normal -0.9960261682926496 0.08906105813576852 0
outer loop
vertex -72.4444580078125 3.907637596130371 0
vertex -72.4444580078125 3.907637596130371 0.20000000298023224
vertex -70.77790832519531 22.545717239379883 0
endloop
endfacet
facet normal 0 0 -1
outer loop
vertex -72.4444580078125 3.907637596130371 0.20000000298023224
vertex -74.2718505859375 5.927216053009033 0.20000000298023224
vertex -70.80352020263672 22.259300231933594 0.20000000298023224
endloop
endfacet
facet normal -0.9960261755066853 0.0890609771315705 -0.000007608926101653534
outer loop
vertex -70.77790832519531 22.545717239379883 0
vertex -72.4444580078125 3.907637596130371 0.20000000298023224
vertex -70.80352020263672 22.259300231933594 0.20000000298023224
endloop
endfacet
facet normal 0.05233594639023002 -0.9986295352709327 0
outer loop
vertex -8.767982482910156 -48.94002914428711 2.9000000953674316
vertex 6.910501003265381 -48.11835479736328 2.200000047683716
vertex 6.910501003265381 -48.11835479736328 2.9000000953674316
endloop
endfacet
facet normal 0 0 1
outer loop
vertex 6.088826656341553 -32.43986892700195 2.9000000953674316
vertex -8.748885154724121 -34.018577575683594 2.9000000953674316
vertex 5.331791877746582 -33.280643463134766 2.9000000953674316
endloop
endfacet
facet normal 0 0 1
outer loop
vertex 6.088826656341553 -32.43986892700195 2.9000000953674316
vertex -9.589656829833984 -33.26154327392578 2.9000000953674316
vertex -8.748885154724121 -34.018577575683594 2.9000000953674316
endloop
endfacet
facet normal 0 0 1
outer loop
vertex -9.589656829833984 -33.26154327392578 2.9000000953674316
vertex -8.767982482910156 -48.94002914428711 2.9000000953674316
vertex -8.748885154724121 -34.018577575683594 2.9000000953674316
endloop
endfacet
facet normal -0.05233594639023002 0.9986295352709327 0
outer loop
vertex -9.589656829833984 -33.26154327392578 2.200000047683716
vertex -9.589656829833984 -33.26154327392578 2.9000000953674316
vertex 6.088826656341553 -32.43986892700195 2.9000000953674316
endloop
endfacet
facet normal 0 0 1
outer loop
vertex 5.331791877746582 -33.280643463134766 2.9000000953674316
vertex 6.069728851318359 -47.3613166809082 2.9000000953674316
vertex 6.088826656341553 -32.43986892700195 2.9000000953674316
endloop
endfacet
facet normal 0 0 1
outer loop
vertex -8.010948181152344 -48.0992546081543 2.9000000953674316
vertex -8.748885154724121 -34.018577575683594 2.9000000953674316
vertex -8.767982482910156 -48.94002914428711 2.9000000953674316
endloop
endfacet
facet normal -0.9986295356868822 -0.052335938453440346 0
outer loop
vertex -9.589656829833984 -33.26154327392578 2.9000000953674316
vertex -8.767982482910156 -48.94002914428711 2.200000047683716
vertex -8.767982482910156 -48.94002914428711 2.9000000953674316
endloop
endfacet
facet normal 0.05233594639023002 -0.9986295352709327 0
outer loop
vertex -8.767982482910156 -48.94002914428711 2.200000047683716
vertex 6.910501003265381 -48.11835479736328 2.200000047683716
vertex -8.767982482910156 -48.94002914428711 2.9000000953674316
endloop
endfacet
facet normal 0 0 1
outer loop
vertex -8.767982482910156 -48.94002914428711 2.9000000953674316
vertex 6.069728851318359 -47.3613166809082 2.9000000953674316
vertex -8.010948181152344 -48.0992546081543 2.9000000953674316
endloop
endfacet
facet normal 0 0 1
outer loop
vertex 6.069728851318359 -47.3613166809082 2.9000000953674316
vertex 6.910501003265381 -48.11835479736328 2.9000000953674316
vertex 6.088826656341553 -32.43986892700195 2.9000000953674316
endloop
endfacet
facet normal 0.9986295356868822 0.052335938453440346 0
outer loop
vertex 6.088826656341553 -32.43986892700195 2.9000000953674316
vertex 6.910501003265381 -48.11835479736328 2.9000000953674316
vertex 6.088826656341553 -32.43986892700195 2.200000047683716
endloop
endfacet
facet normal -0.9986295356868822 -0.052335938453440346 0
outer loop
vertex -9.589656829833984 -33.26154327392578 2.200000047683716
vertex -8.767982482910156 -48.94002914428711 2.200000047683716
vertex -9.589656829833984 -33.26154327392578 2.9000000953674316
endloop
endfacet
facet normal 0 0 1
outer loop
vertex 6.069728851318359 -47.3613166809082 2.9000000953674316
vertex -8.767982482910156 -48.94002914428711 2.9000000953674316
vertex 6.910501003265381 -48.11835479736328 2.9000000953674316
endloop
endfacet
facet normal 0.9986295356868822 0.052335938453440346 0
outer loop
vertex 6.910501003265381 -48.11835479736328 2.9000000953674316
vertex 6.910501003265381 -48.11835479736328 2.200000047683716
vertex 6.088826656341553 -32.43986892700195 2.200000047683716
endloop
endfacet
facet normal -0.05233594639023002 0.9986295352709327 0
outer loop
vertex 6.088826656341553 -32.43986892700195 2.200000047683716
vertex -9.589656829833984 -33.26154327392578 2.200000047683716
vertex 6.088826656341553 -32.43986892700195 2.9000000953674316
endloop
endfacet
facet normal 0.9986295371415592 0.05233591068944817 8.610560502992036e-7
outer loop
vertex -8.389758110046387 -40.871124267578125 2.200000047683716
vertex -8.748885154724121 -34.018577575683594 2.9000000953674316
vertex -8.010948181152344 -48.0992546081543 2.200000047683716
endloop
endfacet
facet normal -0.05233602082956164 0.9986295313697305 0
outer loop
vertex -8.010948181152344 -48.0992546081543 2.9000000953674316
vertex 6.069728851318359 -47.3613166809082 2.200000047683716
vertex -8.010948181152344 -48.0992546081543 2.200000047683716
endloop
endfacet
facet normal 0.9986295325448497 0.05233599840697868 0
outer loop
vertex -8.748885154724121 -34.018577575683594 2.9000000953674316
vertex -8.389758110046387 -40.871124267578125 2.200000047683716
vertex -8.748885154724121 -34.018577575683594 2.200000047683716
endloop
endfacet
facet normal -0.9986295341636613 -0.05233596751822463 0
outer loop
vertex 5.331791877746582 -33.280643463134766 2.200000047683716
vertex 6.069728851318359 -47.3613166809082 2.9000000953674316
vertex 5.331791877746582 -33.280643463134766 2.9000000953674316
endloop
endfacet
facet normal -0.9986295328653705 -0.05233599229107698 0
outer loop
vertex 5.725882530212402 -40.80034255981445 2.200000047683716
vertex 6.069728851318359 -47.3613166809082 2.200000047683716
vertex 6.069728851318359 -47.3613166809082 2.9000000953674316
endloop
endfacet
facet normal -0.05233602082956164 0.9986295313697305 0
outer loop
vertex 6.069728851318359 -47.3613166809082 2.200000047683716
vertex -8.010948181152344 -48.0992546081543 2.9000000953674316
vertex 6.069728851318359 -47.3613166809082 2.9000000953674316
endloop
endfacet
facet normal 0.998629534904701 0.052335953378348316 0
outer loop
vertex -8.010948181152344 -48.0992546081543 2.9000000953674316
vertex -8.010948181152344 -48.0992546081543 2.200000047683716
vertex -8.748885154724121 -34.018577575683594 2.9000000953674316
endloop
endfacet
facet normal -0.9986295352963311 -0.05233594590378513 4.3597382487806776e-7
outer loop
vertex 5.725882530212402 -40.80034255981445 2.200000047683716
vertex 6.069728851318359 -47.3613166809082 2.9000000953674316
vertex 5.331791877746582 -33.280643463134766 2.200000047683716
endloop
endfacet
facet normal 0.05233575102470403 -0.9986295455095849 0
outer loop
vertex 5.331791877746582 -33.280643463134766 2.9000000953674316
vertex -8.748885154724121 -34.018577575683594 2.200000047683716
vertex 5.331791877746582 -33.280643463134766 2.200000047683716
endloop
endfacet
facet normal 0.05233575102470403 -0.9986295455095849 0
outer loop
vertex -8.748885154724121 -34.018577575683594 2.9000000953674316
vertex -8.748885154724121 -34.018577575683594 2.200000047683716
vertex 5.331791877746582 -33.280643463134766 2.9000000953674316
endloop
endfacet
facet normal 0.052335944802871896 -0.9986295353541226 0
outer loop
vertex -25.820924758911133 -46.96919250488281 2.9000000953674316
vertex -10.142440795898438 -46.147518157958984 2.200000047683716
vertex -10.142440795898438 -46.147518157958984 2.9000000953674316
endloop
endfacet
facet normal -0.052335944802871896 0.9986295353541226 0
outer loop
vertex -10.964115142822266 -30.46903419494629 2.9000000953674316
vertex -10.964115142822266 -30.46903419494629 2.200000047683716
vertex -26.64259910583496 -31.290708541870117 2.200000047683716
endloop
endfacet
facet normal 0 0 1
outer loop
vertex -26.64259910583496 -31.290708541870117 2.9000000953674316
vertex -25.820924758911133 -46.96919250488281 2.9000000953674316
vertex -25.80182647705078 -32.04774475097656 2.9000000953674316
endloop
endfacet
facet normal 0 0 1
outer loop
vertex -25.06389045715332 -46.12841796875 2.9000000953674316
vertex -25.820924758911133 -46.96919250488281 2.9000000953674316
vertex -10.983213424682617 -45.39048385620117 2.9000000953674316
endloop
endfacet
facet normal -0.052335944802871896 0.9986295353541226 0
outer loop
vertex -26.64259910583496 -31.290708541870117 2.200000047683716
vertex -26.64259910583496 -31.290708541870117 2.9000000953674316
vertex -10.964115142822266 -30.46903419494629 2.9000000953674316
endloop
endfacet
facet normal 0.052335944802871896 -0.9986295353541226 0
outer loop
vertex -25.820924758911133 -46.96919250488281 2.200000047683716
vertex -10.142440795898438 -46.147518157958984 2.200000047683716
vertex -25.820924758911133 -46.96919250488281 2.9000000953674316
endloop
endfacet
facet normal 0 0 1
outer loop
vertex -25.820924758911133 -46.96919250488281 2.9000000953674316
vertex -25.06389045715332 -46.12841796875 2.9000000953674316
vertex -25.80182647705078 -32.04774475097656 2.9000000953674316
endloop
endfacet
facet normal 0 0 1
outer loop
vertex -10.964115142822266 -30.46903419494629 2.9000000953674316
vertex -25.80182647705078 -32.04774475097656 2.9000000953674316
vertex -11.721150398254395 -31.30980682373047 2.9000000953674316
endloop
endfacet
facet normal -0.9986295353541226 -0.052335944802871896 0
outer loop
vertex -26.64259910583496 -31.290708541870117 2.9000000953674316
vertex -25.820924758911133 -46.96919250488281 2.200000047683716
vertex -25.820924758911133 -46.96919250488281 2.9000000953674316
endloop
endfacet
facet normal 0 0 1
outer loop
vertex -11.721150398254395 -31.30980682373047 2.9000000953674316
vertex -10.983213424682617 -45.39048385620117 2.9000000953674316
vertex -10.964115142822266 -30.46903419494629 2.9000000953674316
endloop
endfacet
facet normal 0.9986295353541226 0.052335944802871896 0
outer loop
vertex -10.964115142822266 -30.46903419494629 2.9000000953674316
vertex -10.142440795898438 -46.147518157958984 2.9000000953674316
vertex -10.964115142822266 -30.46903419494629 2.200000047683716
endloop
endfacet
facet normal -0.9986295353541226 -0.052335944802871896 0
outer loop
vertex -26.64259910583496 -31.290708541870117 2.200000047683716
vertex -25.820924758911133 -46.96919250488281 2.200000047683716
vertex -26.64259910583496 -31.290708541870117 2.9000000953674316
endloop
endfacet
facet normal 0.9986295353541226 0.052335944802871896 0
outer loop
vertex -10.142440795898438 -46.147518157958984 2.200000047683716
vertex -10.964115142822266 -30.46903419494629 2.200000047683716
vertex -10.142440795898438 -46.147518157958984 2.9000000953674316
endloop
endfacet
facet normal 0 0 1
outer loop
vertex -10.983213424682617 -45.39048385620117 2.9000000953674316
vertex -10.142440795898438 -46.147518157958984 2.9000000953674316
vertex -10.964115142822266 -30.46903419494629 2.9000000953674316
endloop
endfacet
facet normal 0 0 1
outer loop
vertex -10.983213424682617 -45.39048385620117 2.9000000953674316
vertex -25.820924758911133 -46.96919250488281 2.9000000953674316
vertex -10.142440795898438 -46.147518157958984 2.9000000953674316
endloop
endfacet
facet normal 0 0 1
outer loop
vertex -26.64259910583496 -31.290708541870117 2.9000000953674316
vertex -25.80182647705078 -32.04774475097656 2.9000000953674316
vertex -10.964115142822266 -30.46903419494629 2.9000000953674316
endloop
endfacet
facet normal -0.05233575102470403 0.9986295455095849 0
outer loop
vertex -10.983213424682617 -45.39048385620117 2.200000047683716
vertex -25.06389045715332 -46.12841796875 2.9000000953674316
vertex -10.983213424682617 -45.39048385620117 2.9000000953674316
endloop
endfacet
facet normal 0.9986295376986292 0.052335900066992465 0
outer loop
vertex -25.06389045715332 -46.12841796875 2.200000047683716
vertex -25.80182647705078 -32.04774475097656 2.200000047683716
vertex -25.80182647705078 -32.04774475097656 2.9000000953674316
endloop
endfacet
facet normal -0.998629534904701 -0.052335953378348316 0
outer loop
vertex -11.721150398254395 -31.30980682373047 2.200000047683716
vertex -10.983213424682617 -45.39048385620117 2.9000000953674316
vertex -11.721150398254395 -31.30980682373047 2.9000000953674316
endloop
endfacet
facet normal 0.052336024364534536 -0.9986295311844703 0
outer loop
vertex -11.721150398254395 -31.30980682373047 2.9000000953674316
vertex -25.80182647705078 -32.04774475097656 2.200000047683716
vertex -11.721150398254395 -31.30980682373047 2.200000047683716
endloop
endfacet
facet normal -0.05233575102470403 0.9986295455095849 0
outer loop
vertex -25.06389045715332 -46.12841796875 2.200000047683716
vertex -25.06389045715332 -46.12841796875 2.9000000953674316
vertex -10.983213424682617 -45.39048385620117 2.200000047683716
endloop
endfacet
facet normal -0.998629534904701 -0.052335953378348316 0
outer loop
vertex -10.983213424682617 -45.39048385620117 2.200000047683716
vertex -10.983213424682617 -45.39048385620117 2.9000000953674316
vertex -11.721150398254395 -31.30980682373047 2.200000047683716
endloop
endfacet
facet normal 0.052336024364534536 -0.9986295311844703 0
outer loop
vertex -25.80182647705078 -32.04774475097656 2.9000000953674316
vertex -25.80182647705078 -32.04774475097656 2.200000047683716
vertex -11.721150398254395 -31.30980682373047 2.9000000953674316
endloop
endfacet
facet normal 0.9986295376986292 0.052335900066992465 0
outer loop
vertex -25.06389045715332 -46.12841796875 2.9000000953674316
vertex -25.06389045715332 -46.12841796875 2.200000047683716
vertex -25.80182647705078 -32.04774475097656 2.9000000953674316
endloop
endfacet
facet normal 0 0 1
outer loop
vertex 28.65341567993164 -37.78403091430664 2.9000000953674316
vertex 14.118698120117188 -41.159236907958984 2.9000000953674316
vertex 29.580181121826172 -38.432960510253906 2.9000000953674316
endloop
endfacet
facet normal 0 0 1
outer loop
vertex 28.65341567993164 -37.78403091430664 2.9000000953674316
vertex 29.580181121826172 -38.432960510253906 2.9000000953674316
vertex 26.853904724121094 -22.971477508544922 2.9000000953674316
endloop
endfacet
facet normal -0.9848077553786987 -0.17364816424589416 0
outer loop
vertex 11.39242172241211 -25.69775390625 2.9000000953674316
vertex 14.118698120117188 -41.159236907958984 2.200000047683716
vertex 14.118698120117188 -41.159236907958984 2.9000000953674316
endloop
endfacet
facet normal 0 0 1
outer loop
vertex 11.39242172241211 -25.69775390625 2.9000000953674316
vertex 12.31918716430664 -26.346681594848633 2.9000000953674316
vertex 26.853904724121094 -22.971477508544922 2.9000000953674316
endloop
endfacet
facet normal 0 0 1
outer loop
vertex 11.39242172241211 -25.69775390625 2.9000000953674316
vertex 14.118698120117188 -41.159236907958984 2.9000000953674316
vertex 12.31918716430664 -26.346681594848633 2.9000000953674316
endloop
endfacet
facet normal 0 0 1
outer loop
vertex 26.853904724121094 -22.971477508544922 2.9000000953674316
vertex 26.20497703552246 -23.898242950439453 2.9000000953674316
vertex 28.65341567993164 -37.78403091430664 2.9000000953674316
endloop
endfacet
facet normal 0 0 1
outer loop
vertex 26.853904724121094 -22.971477508544922 2.9000000953674316
vertex 12.31918716430664 -26.346681594848633 2.9000000953674316
vertex 26.20497703552246 -23.898242950439453 2.9000000953674316
endloop
endfacet
facet normal 0.9848077553786987 0.17364816424589416 0
outer loop
vertex 29.580181121826172 -38.432960510253906 2.9000000953674316
vertex 26.853904724121094 -22.971477508544922 2.200000047683716
vertex 26.853904724121094 -22.971477508544922 2.9000000953674316
endloop
endfacet
facet normal -0.17364816424589416 0.9848077553786987 0
outer loop
vertex 26.853904724121094 -22.971477508544922 2.9000000953674316
vertex 11.39242172241211 -25.69775390625 2.200000047683716
vertex 11.39242172241211 -25.69775390625 2.9000000953674316
endloop
endfacet
facet normal 0 0 1
outer loop
vertex 14.76762580871582 -40.23247146606445 2.9000000953674316
vertex 12.31918716430664 -26.346681594848633 2.9000000953674316
vertex 14.118698120117188 -41.159236907958984 2.9000000953674316
endloop
endfacet
facet normal 0.17364816424589416 -0.9848077553786987 0
outer loop
vertex 14.118698120117188 -41.159236907958984 2.200000047683716
vertex 29.580181121826172 -38.432960510253906 2.200000047683716
vertex 14.118698120117188 -41.159236907958984 2.9000000953674316
endloop
endfacet
facet normal 0 0 1
outer loop
vertex 14.76762580871582 -40.23247146606445 2.9000000953674316
vertex 14.118698120117188 -41.159236907958984 2.9000000953674316
vertex 28.65341567993164 -37.78403091430664 2.9000000953674316
endloop
endfacet
facet normal 0.17364816424589416 -0.9848077553786987 0
outer loop
vertex 14.118698120117188 -41.159236907958984 2.9000000953674316
vertex 29.580181121826172 -38.432960510253906 2.200000047683716
vertex 29.580181121826172 -38.432960510253906 2.9000000953674316
endloop
endfacet
facet normal 0.9848077553786987 0.17364816424589416 0
outer loop
vertex 29.580181121826172 -38.432960510253906 2.200000047683716
vertex 26.853904724121094 -22.971477508544922 2.200000047683716
vertex 29.580181121826172 -38.432960510253906 2.9000000953674316
endloop
endfacet
facet normal -0.9848077553786987 -0.17364816424589416 0
outer loop
vertex 11.39242172241211 -25.69775390625 2.200000047683716
vertex 14.118698120117188 -41.159236907958984 2.200000047683716
vertex 11.39242172241211 -25.69775390625 2.9000000953674316
endloop
endfacet
facet normal -0.17364816424589416 0.9848077553786987 0
outer loop
vertex 26.853904724121094 -22.971477508544922 2.200000047683716
vertex 11.39242172241211 -25.69775390625 2.200000047683716
vertex 26.853904724121094 -22.971477508544922 2.9000000953674316
endloop
endfacet
facet normal 0.9848077744066265 0.17364805633311056 0
outer loop
vertex 12.31918716430664 -26.346681594848633 2.200000047683716
vertex 12.31918716430664 -26.346681594848633 2.9000000953674316
vertex 13.047911643981934 -30.4794864654541 2.200000047683716
endloop
endfacet
facet normal -0.1736481285690347 0.9848077616694905 0
outer loop
vertex 23.421836853027344 -38.70650100708008 2.200000047683716
vertex 14.76762580871582 -40.23247146606445 2.200000047683716
vertex 14.76762580871582 -40.23247146606445 2.9000000953674316
endloop
endfacet
facet normal 0.984807757040918 0.1736481548179443 -5.995334124775797e-7
outer loop
vertex 12.31918716430664 -26.346681594848633 2.9000000953674316
vertex 14.76762580871582 -40.23247146606445 2.200000047683716
vertex 13.047911643981934 -30.4794864654541 2.200000047683716
endloop
endfacet
facet normal 0.9848077622095707 0.1736481255060872 0
outer loop
vertex 14.76762580871582 -40.23247146606445 2.9000000953674316
vertex 14.76762580871582 -40.23247146606445 2.200000047683716
vertex 12.31918716430664 -26.346681594848633 2.9000000953674316
endloop
endfacet
facet normal -0.1736484686560037 0.9848077016933966 -0.000004335294205580841
outer loop
vertex 23.421836853027344 -38.70650100708008 2.200000047683716
vertex 14.76762580871582 -40.23247146606445 2.9000000953674316
vertex 28.65341567993164 -37.78403091430664 2.200000047683716
endloop
endfacet
facet normal -0.9848077581305938 -0.17364814863912012 0
outer loop
vertex 26.20497703552246 -23.898242950439453 2.200000047683716
vertex 28.65341567993164 -37.78403091430664 2.9000000953674316
vertex 26.20497703552246 -23.898242950439453 2.9000000953674316
endloop
endfacet
facet normal -0.9848077581305938 -0.17364814863912012 0
outer loop
vertex 28.65341567993164 -37.78403091430664 2.200000047683716
vertex 28.65341567993164 -37.78403091430664 2.9000000953674316
vertex 26.20497703552246 -23.898242950439453 2.200000047683716
endloop
endfacet
facet normal -0.17364825670005504 0.9848077390765325 0
outer loop
vertex 28.65341567993164 -37.78403091430664 2.200000047683716
vertex 14.76762580871582 -40.23247146606445 2.9000000953674316
vertex 28.65341567993164 -37.78403091430664 2.9000000953674316
endloop
endfacet
facet normal 0.1736481255060872 -0.9848077622095707 0
outer loop
vertex 12.31918716430664 -26.346681594848633 2.200000047683716
vertex 26.20497703552246 -23.898242950439453 2.9000000953674316
vertex 12.31918716430664 -26.346681594848633 2.9000000953674316
endloop
endfacet
facet normal 0.1736481255060872 -0.9848077622095707 0
outer loop
vertex 26.20497703552246 -23.898242950439453 2.9000000953674316
vertex 12.31918716430664 -26.346681594848633 2.200000047683716
vertex 26.20497703552246 -23.898242950439453 2.200000047683716
endloop
endfacet
facet normal 0 0 1
outer loop
vertex 4.442080497741699 -16.303939819335938 2.9000000953674316
vertex 5.180017471313477 -30.38461685180664 2.9000000953674316
vertex 5.19911527633667 -15.463167190551758 2.9000000953674316
endloop
endfacet
facet normal 0.05233594639023002 -0.9986295352709327 0
outer loop
vertex -9.657693862915039 -31.96332550048828 2.9000000953674316
vertex 6.020789623260498 -31.141651153564453 2.200000047683716
vertex 6.020789623260498 -31.141651153564453 2.9000000953674316
endloop
endfacet
facet normal 0.9986295353541226 0.052335944802871896 0
outer loop
vertex 6.020789623260498 -31.141651153564453 2.200000047683716
vertex 5.19911527633667 -15.463167190551758 2.200000047683716
vertex 6.020789623260498 -31.141651153564453 2.9000000953674316
endloop
endfacet
facet normal 0 0 1
outer loop
vertex -10.479368209838867 -16.284841537475586 2.9000000953674316
vertex -9.657693862915039 -31.96332550048828 2.9000000953674316
vertex -9.638595581054688 -17.04187774658203 2.9000000953674316
endloop
endfacet
facet normal 0 0 1
outer loop
vertex 5.180017471313477 -30.38461685180664 2.9000000953674316
vertex -9.657693862915039 -31.96332550048828 2.9000000953674316
vertex 6.020789623260498 -31.141651153564453 2.9000000953674316
endloop
endfacet
facet normal -0.9986295353541226 -0.052335944802871896 0
outer loop
vertex -10.479368209838867 -16.284841537475586 2.9000000953674316
vertex -9.657693862915039 -31.96332550048828 2.200000047683716
vertex -9.657693862915039 -31.96332550048828 2.9000000953674316
endloop
endfacet
facet normal 0 0 1
outer loop
vertex -9.638595581054688 -17.04187774658203 2.9000000953674316
vertex -9.657693862915039 -31.96332550048828 2.9000000953674316
vertex -8.90065860748291 -31.1225528717041 2.9000000953674316
endloop
endfacet
facet normal 0 0 1
outer loop
vertex 5.19911527633667 -15.463167190551758 2.9000000953674316
vertex -10.479368209838867 -16.284841537475586 2.9000000953674316
vertex -9.638595581054688 -17.04187774658203 2.9000000953674316
endloop
endfacet
facet normal 0 0 1
outer loop
vertex 5.180017471313477 -30.38461685180664 2.9000000953674316
vertex 6.020789623260498 -31.141651153564453 2.9000000953674316
vertex 5.19911527633667 -15.463167190551758 2.9000000953674316
endloop
endfacet
facet normal -0.05233594639023002 0.9986295352709327 0
outer loop
vertex -10.479368209838867 -16.284841537475586 2.200000047683716
vertex -10.479368209838867 -16.284841537475586 2.9000000953674316
vertex 5.19911527633667 -15.463167190551758 2.9000000953674316
endloop
endfacet
facet normal 0 0 1
outer loop
vertex -8.90065860748291 -31.1225528717041 2.9000000953674316
vertex -9.657693862915039 -31.96332550048828 2.9000000953674316
vertex 5.180017471313477 -30.38461685180664 2.9000000953674316
endloop
endfacet
facet normal -0.05233594639023002 0.9986295352709327 0
outer loop
vertex 5.19911527633667 -15.463167190551758 2.200000047683716
vertex -10.479368209838867 -16.284841537475586 2.200000047683716
vertex 5.19911527633667 -15.463167190551758 2.9000000953674316
endloop
endfacet
facet normal -0.9986295353541226 -0.052335944802871896 0
outer loop
vertex -10.479368209838867 -16.284841537475586 2.200000047683716
vertex -9.657693862915039 -31.96332550048828 2.200000047683716
vertex -10.479368209838867 -16.284841537475586 2.9000000953674316
endloop
endfacet
facet normal 0.9986295353541226 0.052335944802871896 0
outer loop
vertex 5.19911527633667 -15.463167190551758 2.9000000953674316
vertex 6.020789623260498 -31.141651153564453 2.9000000953674316
vertex 5.19911527633667 -15.463167190551758 2.200000047683716
endloop
endfacet
facet normal 0.05233594639023002 -0.9986295352709327 0
outer loop
vertex -9.657693862915039 -31.96332550048828 2.200000047683716
vertex 6.020789623260498 -31.141651153564453 2.200000047683716
vertex -9.657693862915039 -31.96332550048828 2.9000000953674316
endloop
endfacet
facet normal 0 0 1
outer loop
vertex 5.19911527633667 -15.463167190551758 2.9000000953674316
vertex -9.638595581054688 -17.04187774658203 2.9000000953674316
vertex 4.442080497741699 -16.303939819335938 2.9000000953674316
endloop
endfacet
facet normal -0.9986295361798928 -0.05233592904623116 0
outer loop
vertex 4.927574157714844 -25.56770896911621 2.200000047683716
vertex 5.180017471313477 -30.38461685180664 2.200000047683716
vertex 5.180017471313477 -30.38461685180664 2.9000000953674316
endloop
endfacet
facet normal 0.052336024364534536 -0.9986295311844703 0
outer loop
vertex 4.442080497741699 -16.303939819335938 2.9000000953674316
vertex -9.638595581054688 -17.04187774658203 2.200000047683716
vertex 4.442080497741699 -16.303939819335938 2.200000047683716
endloop
endfacet
facet normal -0.998629534904701 -0.052335953378348316 0
outer loop
vertex 4.442080497741699 -16.303939819335938 2.9000000953674316
vertex 4.442080497741699 -16.303939819335938 2.200000047683716
vertex 5.180017471313477 -30.38461685180664 2.9000000953674316
endloop
endfacet
facet normal -0.9986295342416031 -0.05233596603038539 -2.5519794306175194e-7
outer loop
vertex 4.927574157714844 -25.56770896911621 2.200000047683716
vertex 5.180017471313477 -30.38461685180664 2.9000000953674316
vertex 4.442080497741699 -16.303939819335938 2.200000047683716
endloop
endfacet
facet normal 0.9986295330824893 0.05233598814522608 -5.586612180291494e-7
outer loop
vertex -9.638595581054688 -17.04187774658203 2.9000000953674316
vertex -8.90065860748291 -31.1225528717041 2.200000047683716
vertex -9.633844375610352 -17.132543563842773 2.200000047683716
endloop
endfacet
facet normal 0.052336024364534536 -0.9986295311844703 0
outer loop
vertex -9.638595581054688 -17.04187774658203 2.9000000953674316
vertex -9.638595581054688 -17.04187774658203 2.200000047683716
vertex 4.442080497741699 -16.303939819335938 2.9000000953674316
endloop
endfacet
facet normal 0.9986295345341812 0.05233596044828552 0
outer loop
vertex -8.90065860748291 -31.1225528717041 2.9000000953674316
vertex -8.90065860748291 -31.1225528717041 2.200000047683716
vertex -9.638595581054688 -17.04187774658203 2.9000000953674316
endloop
endfacet
facet normal 0.9986297585014264 0.05233168672403604 0
outer loop
vertex -9.638595581054688 -17.04187774658203 2.9000000953674316
vertex -9.633844375610352 -17.132543563842773 2.200000047683716
vertex -9.638595581054688 -17.04187774658203 2.200000047683716
endloop
endfacet
facet normal -0.052335889462098106 0.9986295382544075 0
outer loop
vertex 5.180017471313477 -30.38461685180664 2.200000047683716
vertex -8.90065860748291 -31.1225528717041 2.9000000953674316
vertex 5.180017471313477 -30.38461685180664 2.9000000953674316
endloop
endfacet
facet normal -0.052335889462098106 0.9986295382544075 0
outer loop
vertex -8.90065860748291 -31.1225528717041 2.200000047683716
vertex -8.90065860748291 -31.1225528717041 2.9000000953674316
vertex 5.180017471313477 -30.38461685180664 2.200000047683716
endloop
endfacet
facet normal 0.9848077535470559 0.17364817463365836 0
outer loop
vertex 45.21490478515625 -29.202791213989258 2.200000047683716
vertex 42.48862838745117 -13.74130916595459 2.200000047683716
vertex 45.21490478515625 -29.202791213989258 2.9000000953674316
endloop
endfacet
facet normal -0.17364824393336872 0.9848077413276448 0
outer loop
vertex 42.48862838745117 -13.74130916595459 2.200000047683716
vertex 27.02714729309082 -16.467586517333984 2.200000047683716
vertex 42.48862838745117 -13.74130916595459 2.9000000953674316
endloop
endfacet
facet normal 0.17364818502142373 -0.9848077517154125 0
outer loop
vertex 29.7534236907959 -31.929067611694336 2.9000000953674316
vertex 45.21490478515625 -29.202791213989258 2.200000047683716
vertex 45.21490478515625 -29.202791213989258 2.9000000953674316
endloop
endfacet
facet normal -0.9848077517154125 -0.17364818502142373 0
outer loop
vertex 27.02714729309082 -16.467586517333984 2.200000047683716
vertex 29.7534236907959 -31.929067611694336 2.200000047683716
vertex 27.02714729309082 -16.467586517333984 2.9000000953674316
endloop
endfacet
facet normal 0 0 1
outer loop
vertex 44.28813934326172 -28.553863525390625 2.9000000953674316
vertex 29.7534236907959 -31.929067611694336 2.9000000953674316
vertex 45.21490478515625 -29.202791213989258 2.9000000953674316
endloop
endfacet
facet normal 0 0 1
outer loop
vertex 44.28813934326172 -28.553863525390625 2.9000000953674316
vertex 45.21490478515625 -29.202791213989258 2.9000000953674316
vertex 42.48862838745117 -13.74130916595459 2.9000000953674316
endloop
endfacet
facet normal 0.17364818502142373 -0.9848077517154125 0
outer loop
vertex 29.7534236907959 -31.929067611694336 2.200000047683716
vertex 45.21490478515625 -29.202791213989258 2.200000047683716
vertex 29.7534236907959 -31.929067611694336 2.9000000953674316
endloop
endfacet
facet normal 0.9848077535470559 0.17364817463365836 0
outer loop
vertex 42.48862838745117 -13.74130916595459 2.9000000953674316
vertex 45.21490478515625 -29.202791213989258 2.9000000953674316
vertex 42.48862838745117 -13.74130916595459 2.200000047683716
endloop
endfacet
facet normal 0 0 1
outer loop
vertex 42.48862838745117 -13.74130916595459 2.9000000953674316
vertex 27.95391082763672 -17.116514205932617 2.9000000953674316
vertex 41.83970260620117 -14.668074607849121 2.9000000953674316
endloop
endfacet
facet normal -0.9848077517154125 -0.17364818502142373 0
outer loop
vertex 27.02714729309082 -16.467586517333984 2.9000000953674316
vertex 29.7534236907959 -31.929067611694336 2.200000047683716
vertex 29.7534236907959 -31.929067611694336 2.9000000953674316
endloop
endfacet
facet normal 0 0 1
outer loop
vertex 42.48862838745117 -13.74130916595459 2.9000000953674316
vertex 41.83970260620117 -14.668074607849121 2.9000000953674316
vertex 44.28813934326172 -28.553863525390625 2.9000000953674316
endloop
endfacet
facet normal 0 0 1
outer loop
vertex 30.40235137939453 -31.002302169799805 2.9000000953674316
vertex 27.95391082763672 -17.116514205932617 2.9000000953674316
vertex 29.7534236907959 -31.929067611694336 2.9000000953674316
endloop
endfacet
facet normal 0 0 1
outer loop
vertex 30.40235137939453 -31.002302169799805 2.9000000953674316
vertex 29.7534236907959 -31.929067611694336 2.9000000953674316
vertex 44.28813934326172 -28.553863525390625 2.9000000953674316
endloop
endfacet
facet normal -0.17364824393336872 0.9848077413276448 0
outer loop
vertex 42.48862838745117 -13.74130916595459 2.9000000953674316
vertex 27.02714729309082 -16.467586517333984 2.200000047683716
vertex 27.02714729309082 -16.467586517333984 2.9000000953674316
endloop
endfacet
facet normal 0 0 1
outer loop
vertex 27.02714729309082 -16.467586517333984 2.9000000953674316
vertex 29.7534236907959 -31.929067611694336 2.9000000953674316
vertex 27.95391082763672 -17.116514205932617 2.9000000953674316
endloop
endfacet
facet normal 0 0 1
outer loop
vertex 27.02714729309082 -16.467586517333984 2.9000000953674316
vertex 27.95391082763672 -17.116514205932617 2.9000000953674316
vertex 42.48862838745117 -13.74130916595459 2.9000000953674316
endloop
endfacet
facet normal 0.1736481175147753 -0.9848077636186541 0
outer loop
vertex 41.83970260620117 -14.668074607849121 2.9000000953674316
vertex 32.23696517944336 -16.361295700073242 2.200000047683716
vertex 41.83970260620117 -14.668074607849121 2.200000047683716
endloop
endfacet
facet normal 0.17364816797003724 -0.984807754722032 0
outer loop
vertex 27.95391082763672 -17.116514205932617 2.9000000953674316
vertex 27.95391082763672 -17.116514205932617 2.200000047683716
vertex 41.83970260620117 -14.668074607849121 2.9000000953674316
endloop
endfacet
facet normal 0.9848077349975497 0.17364827983310438 0
outer loop
vertex 30.40235137939453 -31.002302169799805 2.9000000953674316
vertex 30.40235137939453 -31.002302169799805 2.200000047683716
vertex 27.95391082763672 -17.116514205932617 2.9000000953674316
endloop
endfacet
facet normal 0.17364828109179103 -0.984807734772891 -0.0000023137561077341077
outer loop
vertex 27.95391082763672 -17.116514205932617 2.200000047683716
vertex 32.23696517944336 -16.361295700073242 2.200000047683716
vertex 41.83970260620117 -14.668074607849121 2.9000000953674316
endloop
endfacet
facet normal -0.1736481503054287 0.9848077578367782 -3.408199412989308e-8
outer loop
vertex 30.40235137939453 -31.002302169799805 2.9000000953674316
vertex 44.28813934326172 -28.553863525390625 2.200000047683716
vertex 32.015193939208984 -30.717914581298828 2.200000047683716
endloop
endfacet
facet normal -0.984807783303107 -0.17364800587861756 0
outer loop
vertex 41.83970260620117 -14.668074607849121 2.200000047683716
vertex 44.28813934326172 -28.553863525390625 2.9000000953674316
vertex 41.83970260620117 -14.668074607849121 2.9000000953674316
endloop
endfacet
facet normal 0.9848077299134792 0.1736483086652791 -5.897221155430015e-7
outer loop
vertex 30.40235137939453 -31.002302169799805 2.200000047683716
vertex 29.028812408447266 -23.212581634521484 2.200000047683716
vertex 27.95391082763672 -17.116514205932617 2.9000000953674316
endloop
endfacet
facet normal -0.17364813595932344 0.9848077603663835 0
outer loop
vertex 32.015193939208984 -30.717914581298828 2.200000047683716
vertex 30.40235137939453 -31.002302169799805 2.200000047683716
vertex 30.40235137939453 -31.002302169799805 2.9000000953674316
endloop
endfacet
facet normal -0.17364814863912012 0.9848077581305938 0
outer loop
vertex 44.28813934326172 -28.553863525390625 2.200000047683716
vertex 30.40235137939453 -31.002302169799805 2.9000000953674316
vertex 44.28813934326172 -28.553863525390625 2.9000000953674316
endloop
endfacet
facet normal -0.984807783303107 -0.17364800587861756 0
outer loop
vertex 44.28813934326172 -28.553863525390625 2.9000000953674316
vertex 41.83970260620117 -14.668074607849121 2.200000047683716
vertex 44.28813934326172 -28.553863525390625 2.200000047683716
endloop
endfacet
facet normal 0.9848077414938928 0.17364824299052914 0
outer loop
vertex 27.95391082763672 -17.116514205932617 2.9000000953674316
vertex 29.028812408447266 -23.212581634521484 2.200000047683716
vertex 27.95391082763672 -17.116514205932617 2.200000047683716
endloop
endfacet
facet normal 0 0 1
outer loop
vertex -27.532310485839844 -14.314005851745605 2.9000000953674316
vertex -26.710636138916016 -29.992490768432617 2.9000000953674316
vertex -26.691537857055664 -15.071041107177734 2.9000000953674316
endloop
endfacet
facet normal -0.9986295355205024 -0.05233594162815593 0
outer loop
vertex -27.532310485839844 -14.314005851745605 2.9000000953674316
vertex -26.710636138916016 -29.992490768432617 2.200000047683716
vertex -26.710636138916016 -29.992490768432617 2.9000000953674316
endloop
endfacet
facet normal -0.052335944802871896 0.9986295353541226 0
outer loop
vertex -27.532310485839844 -14.314005851745605 2.200000047683716
vertex -27.532310485839844 -14.314005851745605 2.9000000953674316
vertex -11.853826522827148 -13.492331504821777 2.9000000953674316
endloop
endfacet
facet normal 0 0 1
outer loop
vertex -12.610861778259277 -14.333104133605957 2.9000000953674316
vertex -11.8729248046875 -28.413780212402344 2.9000000953674316
vertex -11.853826522827148 -13.492331504821777 2.9000000953674316
endloop
endfacet
facet normal 0 0 1
outer loop
vertex -27.532310485839844 -14.314005851745605 2.9000000953674316
vertex -26.691537857055664 -15.071041107177734 2.9000000953674316
vertex -11.853826522827148 -13.492331504821777 2.9000000953674316
endloop
endfacet
facet normal 0.9986295351877428 0.05233594797758824 0
outer loop
vertex -11.853826522827148 -13.492331504821777 2.9000000953674316
vertex -11.03215217590332 -29.170814514160156 2.9000000953674316
vertex -11.853826522827148 -13.492331504821777 2.200000047683716
endloop
endfacet
facet normal 0 0 1
outer loop
vertex -11.8729248046875 -28.413780212402344 2.9000000953674316
vertex -11.03215217590332 -29.170814514160156 2.9000000953674316
vertex -11.853826522827148 -13.492331504821777 2.9000000953674316
endloop
endfacet
facet normal 0 0 1
outer loop
vertex -11.8729248046875 -28.413780212402344 2.9000000953674316
vertex -26.710636138916016 -29.992490768432617 2.9000000953674316
vertex -11.03215217590332 -29.170814514160156 2.9000000953674316
endloop
endfacet
facet normal 0.9986295351877428 0.05233594797758824 0
outer loop
vertex -11.03215217590332 -29.170814514160156 2.200000047683716
vertex -11.853826522827148 -13.492331504821777 2.200000047683716
vertex -11.03215217590332 -29.170814514160156 2.9000000953674316
endloop
endfacet
facet normal 0.05233606595728323 -0.9986295290046829 0
outer loop
vertex -26.710636138916016 -29.992490768432617 2.200000047683716
vertex -11.03215217590332 -29.170814514160156 2.200000047683716
vertex -26.710636138916016 -29.992490768432617 2.9000000953674316
endloop
endfacet
facet normal -0.9986295355205024 -0.05233594162815593 0
outer loop
vertex -27.532310485839844 -14.314005851745605 2.200000047683716
vertex -26.710636138916016 -29.992490768432617 2.200000047683716
vertex -27.532310485839844 -14.314005851745605 2.9000000953674316
endloop
endfacet
facet normal 0.05233606595728323 -0.9986295290046829 0
outer loop
vertex -26.710636138916016 -29.992490768432617 2.9000000953674316
vertex -11.03215217590332 -29.170814514160156 2.200000047683716
vertex -11.03215217590332 -29.170814514160156 2.9000000953674316
endloop
endfacet
facet normal 0 0 1
outer loop
vertex -25.95359992980957 -29.151718139648438 2.9000000953674316
vertex -26.710636138916016 -29.992490768432617 2.9000000953674316
vertex -11.8729248046875 -28.413780212402344 2.9000000953674316
endloop
endfacet
facet normal 0 0 1
outer loop
vertex -25.95359992980957 -29.151718139648438 2.9000000953674316
vertex -26.691537857055664 -15.071041107177734 2.9000000953674316
vertex -26.710636138916016 -29.992490768432617 2.9000000953674316
endloop
endfacet
facet normal 0 0 1
outer loop
vertex -11.853826522827148 -13.492331504821777 2.9000000953674316
vertex -26.691537857055664 -15.071041107177734 2.9000000953674316
vertex -12.610861778259277 -14.333104133605957 2.9000000953674316
endloop
endfacet
facet normal -0.052335944802871896 0.9986295353541226 0
outer loop
vertex -11.853826522827148 -13.492331504821777 2.200000047683716
vertex -27.532310485839844 -14.314005851745605 2.200000047683716
vertex -11.853826522827148 -13.492331504821777 2.9000000953674316
endloop
endfacet
facet normal 0.9986295249771677 0.052336142806634525 0
outer loop
vertex -26.691537857055664 -15.071041107177734 2.9000000953674316
vertex -26.43376922607422 -19.98954200744629 2.200000047683716
vertex -26.691537857055664 -15.071041107177734 2.200000047683716
endloop
endfacet
facet normal -0.052336027899507906 0.9986295309992098 0
outer loop
vertex -11.8729248046875 -28.413780212402344 2.200000047683716
vertex -25.95359992980957 -29.151718139648438 2.9000000953674316
vertex -11.8729248046875 -28.413780212402344 2.9000000953674316
endloop
endfacet
facet normal 0.9986295348005518 0.05233595534896388 0.0000013207754559195065
outer loop
vertex -25.95359992980957 -29.151718139648438 2.200000047683716
vertex -26.43376922607422 -19.98954200744629 2.200000047683716
vertex -26.691537857055664 -15.071041107177734 2.9000000953674316
endloop
endfacet
facet normal -0.052336027899507906 0.9986295309992098 0
outer loop
vertex -11.8729248046875 -28.413780212402344 2.200000047683716
vertex -25.95359992980957 -29.151718139648438 2.200000047683716
vertex -25.95359992980957 -29.151718139648438 2.9000000953674316
endloop
endfacet
facet normal -0.9986295335940771 -0.05233597838474231 -4.3308945185528124e-7
outer loop
vertex -12.610861778259277 -14.333104133605957 2.200000047683716
vertex -11.894224166870117 -28.00735855102539 2.200000047683716
vertex -11.8729248046875 -28.413780212402344 2.9000000953674316
endloop
endfacet
facet normal -0.998629572579438 -0.05233523449655336 0
outer loop
vertex -11.894224166870117 -28.00735855102539 2.200000047683716
vertex -11.8729248046875 -28.413780212402344 2.200000047683716
vertex -11.8729248046875 -28.413780212402344 2.9000000953674316
endloop
endfacet
facet normal -0.9986295347194412 -0.052335956913316675 0
outer loop
vertex -12.610861778259277 -14.333104133605957 2.200000047683716
vertex -11.8729248046875 -28.413780212402344 2.9000000953674316
vertex -12.610861778259277 -14.333104133605957 2.9000000953674316
endloop
endfacet
facet normal 0.052335956913316675 -0.9986295347194412 0
outer loop
vertex -26.691537857055664 -15.071041107177734 2.9000000953674316
vertex -26.691537857055664 -15.071041107177734 2.200000047683716
vertex -12.610861778259277 -14.333104133605957 2.9000000953674316
endloop
endfacet
facet normal 0.052335956913316675 -0.9986295347194412 0
outer loop
vertex -12.610861778259277 -14.333104133605957 2.9000000953674316
vertex -26.691537857055664 -15.071041107177734 2.200000047683716
vertex -12.610861778259277 -14.333104133605957 2.200000047683716
endloop
endfacet
facet normal 0.9986295313697305 0.05233602082956164 0
outer loop
vertex -25.95359992980957 -29.151718139648438 2.9000000953674316
vertex -25.95359992980957 -29.151718139648438 2.200000047683716
vertex -26.691537857055664 -15.071041107177734 2.9000000953674316
endloop
endfacet
facet normal 0 0 1
outer loop
vertex 23.901884078979492 -6.229746341705322 2.9000000953674316
vertex 9.367167472839355 -9.604949951171875 2.9000000953674316
vertex 23.25295639038086 -7.156510829925537 2.9000000953674316
endloop
endfacet
facet normal 0 0 1
outer loop
vertex 25.701396942138672 -21.042301177978516 2.9000000953674316
vertex 11.166679382324219 -24.417505264282227 2.9000000953674316
vertex 26.62816047668457 -21.69122886657715 2.9000000953674316
endloop
endfacet
facet normal 0.17364818502142373 -0.9848077517154125 0
outer loop
vertex 11.166679382324219 -24.417505264282227 2.200000047683716
vertex 26.62816047668457 -21.69122886657715 2.200000047683716
vertex 11.166679382324219 -24.417505264282227 2.9000000953674316
endloop
endfacet
facet normal 0.9848077544628773 0.17364816943977612 0
outer loop
vertex 23.901884078979492 -6.229746341705322 2.9000000953674316
vertex 26.62816047668457 -21.69122886657715 2.9000000953674316
vertex 23.901884078979492 -6.229746341705322 2.200000047683716
endloop
endfacet
facet normal -0.9848077553786987 -0.17364816424589416 0
outer loop
vertex 11.166679382324219 -24.417505264282227 2.200000047683716
vertex 11.166679382324219 -24.417505264282227 2.9000000953674316
vertex 8.44040298461914 -8.956022262573242 2.9000000953674316
endloop
endfacet
facet normal -0.17364815556545055 0.984807756909295 0
outer loop
vertex 23.901884078979492 -6.229746341705322 2.200000047683716
vertex 8.44040298461914 -8.956022262573242 2.200000047683716
vertex 23.901884078979492 -6.229746341705322 2.9000000953674316
endloop
endfacet
facet normal 0 0 1
outer loop
vertex 11.166679382324219 -24.417505264282227 2.9000000953674316
vertex 11.815607070922852 -23.490739822387695 2.9000000953674316
vertex 9.367167472839355 -9.604949951171875 2.9000000953674316
endloop
endfacet
facet normal 0 0 1
outer loop
vertex 11.815607070922852 -23.490739822387695 2.9000000953674316
vertex 11.166679382324219 -24.417505264282227 2.9000000953674316
vertex 25.701396942138672 -21.042301177978516 2.9000000953674316
endloop
endfacet
facet normal -0.9848077553786987 -0.17364816424589416 0
outer loop
vertex 8.44040298461914 -8.956022262573242 2.200000047683716
vertex 11.166679382324219 -24.417505264282227 2.200000047683716
vertex 8.44040298461914 -8.956022262573242 2.9000000953674316
endloop
endfacet
facet normal -0.17364815556545055 0.984807756909295 0
outer loop
vertex 8.44040298461914 -8.956022262573242 2.200000047683716
vertex 8.44040298461914 -8.956022262573242 2.9000000953674316
vertex 23.901884078979492 -6.229746341705322 2.9000000953674316
endloop
endfacet
facet normal 0 0 1
outer loop
vertex 8.44040298461914 -8.956022262573242 2.9000000953674316
vertex 11.166679382324219 -24.417505264282227 2.9000000953674316
vertex 9.367167472839355 -9.604949951171875 2.9000000953674316
endloop
endfacet
facet normal 0 0 1
outer loop
vertex 23.901884078979492 -6.229746341705322 2.9000000953674316
vertex 8.44040298461914 -8.956022262573242 2.9000000953674316
vertex 9.367167472839355 -9.604949951171875 2.9000000953674316
endloop
endfacet
facet normal 0 0 1
outer loop
vertex 25.701396942138672 -21.042301177978516 2.9000000953674316
vertex 26.62816047668457 -21.69122886657715 2.9000000953674316
vertex 23.901884078979492 -6.229746341705322 2.9000000953674316
endloop
endfacet
facet normal 0 0 1
outer loop
vertex 23.25295639038086 -7.156510829925537 2.9000000953674316
vertex 25.701396942138672 -21.042301177978516 2.9000000953674316
vertex 23.901884078979492 -6.229746341705322 2.9000000953674316
endloop
endfacet
facet normal 0.9848077544628773 0.17364816943977612 0
outer loop
vertex 26.62816047668457 -21.69122886657715 2.200000047683716
vertex 23.901884078979492 -6.229746341705322 2.200000047683716
vertex 26.62816047668457 -21.69122886657715 2.9000000953674316
endloop
endfacet
facet normal 0.17364818502142373 -0.9848077517154125 0
outer loop
vertex 11.166679382324219 -24.417505264282227 2.9000000953674316
vertex 26.62816047668457 -21.69122886657715 2.200000047683716
vertex 26.62816047668457 -21.69122886657715 2.9000000953674316
endloop
endfacet
facet normal -0.9848077669954173 -0.17364809836419146 0
outer loop
vertex 24.904090881347656 -16.520551681518555 2.200000047683716
vertex 25.701396942138672 -21.042301177978516 2.200000047683716
vertex 25.701396942138672 -21.042301177978516 2.9000000953674316
endloop
endfacet
facet normal -0.1736481255060872 0.9848077622095707 0
outer loop
vertex 25.701396942138672 -21.042301177978516 2.200000047683716
vertex 11.815607070922852 -23.490739822387695 2.9000000953674316
vertex 25.701396942138672 -21.042301177978516 2.9000000953674316
endloop
endfacet
facet normal 0.17364816987109777 -0.9848077543868238 0
outer loop
vertex 9.367167472839355 -9.604949951171875 2.9000000953674316
vertex 9.367167472839355 -9.604949951171875 2.200000047683716
vertex 23.25295639038086 -7.156510829925537 2.9000000953674316
endloop
endfacet
facet normal -0.9848077271059767 -0.1736483245818679 -0.000001506719550595634
outer loop
vertex 23.25295639038086 -7.156510829925537 2.200000047683716
vertex 24.904090881347656 -16.520551681518555 2.200000047683716
vertex 25.701396942138672 -21.042301177978516 2.9000000953674316
endloop
endfacet
facet normal 0.17364802756305606 -0.9848077794752578 0.0000029106954192281423
outer loop
vertex 14.20928955078125 -8.751153945922852 2.200000047683716
vertex 23.25295639038086 -7.156510829925537 2.9000000953674316
vertex 9.367167472839355 -9.604949951171875 2.200000047683716
endloop
endfacet
facet normal 0.9848077506430537 0.17364819110307228 0
outer loop
vertex 9.367167472839355 -9.604949951171875 2.9000000953674316
vertex 11.815607070922852 -23.490739822387695 2.200000047683716
vertex 9.367167472839355 -9.604949951171875 2.200000047683716
endloop
endfacet
facet normal 0.9848077506430537 0.17364819110307228 0
outer loop
vertex 11.815607070922852 -23.490739822387695 2.9000000953674316
vertex 11.815607070922852 -23.490739822387695 2.200000047683716
vertex 9.367167472839355 -9.604949951171875 2.9000000953674316
endloop
endfacet
facet normal 0.17364824606467286 -0.9848077409518381 0
outer loop
vertex 23.25295639038086 -7.156510829925537 2.9000000953674316
vertex 14.20928955078125 -8.751153945922852 2.200000047683716
vertex 23.25295639038086 -7.156510829925537 2.200000047683716
endloop
endfacet
facet normal -0.1736481255060872 0.9848077622095707 0
outer loop
vertex 25.701396942138672 -21.042301177978516 2.200000047683716
vertex 11.815607070922852 -23.490739822387695 2.200000047683716
vertex 11.815607070922852 -23.490739822387695 2.9000000953674316
endloop
endfacet
facet normal -0.9848077400962779 -0.17364825091679367 0
outer loop
vertex 23.25295639038086 -7.156510829925537 2.200000047683716
vertex 25.701396942138672 -21.042301177978516 2.9000000953674316
vertex 23.25295639038086 -7.156510829925537 2.9000000953674316
endloop
endfacet
facet normal 0 0 1
outer loop
vertex -33.30922317504883 -7.911026954650879 2.9000000953674316
vertex -34.1759033203125 -8.63825798034668 2.9000000953674316
vertex -35.40480041503906 -22.684602737426758 2.9000000953674316
endloop
endfacet
facet normal -0.08715561725073197 -0.9961947090712959 0
outer loop
vertex -50.31782531738281 -22.182939529418945 2.200000047683716
vertex -34.67756652832031 -23.55128288269043 2.200000047683716
vertex -50.31782531738281 -22.182939529418945 2.9000000953674316
endloop
endfacet
facet normal -0.9961946875138565 0.0871558636533991 0
outer loop
vertex -50.31782531738281 -22.182939529418945 2.200000047683716
vertex -50.31782531738281 -22.182939529418945 2.9000000953674316
vertex -48.94947814941406 -6.542681694030762 2.9000000953674316
endloop
endfacet
facet normal 0 0 1
outer loop
vertex -35.40480041503906 -22.684602737426758 2.9000000953674316
vertex -34.67756652832031 -23.55128288269043 2.9000000953674316
vertex -33.30922317504883 -7.911026954650879 2.9000000953674316
endloop
endfacet
facet normal 0 0 1
outer loop
vertex -35.40480041503906 -22.684602737426758 2.9000000953674316
vertex -50.31782531738281 -22.182939529418945 2.9000000953674316
vertex -34.67756652832031 -23.55128288269043 2.9000000953674316
endloop
endfacet
facet normal 0.9961947076870523 -0.08715563307273014 0
outer loop
vertex -34.67756652832031 -23.55128288269043 2.9000000953674316
vertex -34.67756652832031 -23.55128288269043 2.200000047683716
vertex -33.30922317504883 -7.911026954650879 2.200000047683716
endloop
endfacet
facet normal 0 0 1
outer loop
vertex -33.30922317504883 -7.911026954650879 2.9000000953674316
vertex -48.94947814941406 -6.542681694030762 2.9000000953674316
vertex -48.22224807739258 -7.409362316131592 2.9000000953674316
endloop
endfacet
facet normal 0.08715575891108844 0.9961946966776284 0
outer loop
vertex -33.30922317504883 -7.911026954650879 2.9000000953674316
vertex -48.94947814941406 -6.542681694030762 2.200000047683716
vertex -48.94947814941406 -6.542681694030762 2.9000000953674316
endloop
endfacet
facet normal 0 0 1
outer loop
vertex -48.22224807739258 -7.409362316131592 2.9000000953674316
vertex -34.1759033203125 -8.63825798034668 2.9000000953674316
vertex -33.30922317504883 -7.911026954650879 2.9000000953674316
endloop
endfacet
facet normal 0 0 1
outer loop
vertex -49.45114517211914 -21.455707550048828 2.9000000953674316
vertex -50.31782531738281 -22.182939529418945 2.9000000953674316
vertex -35.40480041503906 -22.684602737426758 2.9000000953674316
endloop
endfacet
facet normal -0.08715561725073197 -0.9961947090712959 0
outer loop
vertex -50.31782531738281 -22.182939529418945 2.9000000953674316
vertex -34.67756652832031 -23.55128288269043 2.200000047683716
vertex -34.67756652832031 -23.55128288269043 2.9000000953674316
endloop
endfacet
facet normal 0 0 1
outer loop
vertex -49.45114517211914 -21.455707550048828 2.9000000953674316
vertex -48.22224807739258 -7.409362316131592 2.9000000953674316
vertex -50.31782531738281 -22.182939529418945 2.9000000953674316
endloop
endfacet
facet normal 0.9961947076870523 -0.08715563307273014 0
outer loop
vertex -33.30922317504883 -7.911026954650879 2.9000000953674316
vertex -34.67756652832031 -23.55128288269043 2.9000000953674316
vertex -33.30922317504883 -7.911026954650879 2.200000047683716
endloop
endfacet
facet normal -0.9961946875138565 0.0871558636533991 0
outer loop
vertex -48.94947814941406 -6.542681694030762 2.200000047683716
vertex -50.31782531738281 -22.182939529418945 2.200000047683716
vertex -48.94947814941406 -6.542681694030762 2.9000000953674316
endloop
endfacet
facet normal 0 0 1
outer loop
vertex -48.94947814941406 -6.542681694030762 2.9000000953674316
vertex -50.31782531738281 -22.182939529418945 2.9000000953674316
vertex -48.22224807739258 -7.409362316131592 2.9000000953674316
endloop
endfacet
facet normal 0.08715575891108844 0.9961946966776284 0
outer loop
vertex -33.30922317504883 -7.911026954650879 2.200000047683716
vertex -48.94947814941406 -6.542681694030762 2.200000047683716
vertex -33.30922317504883 -7.911026954650879 2.9000000953674316
endloop
endfacet
facet normal 0.9961946831119577 -0.08715591394731989 0.0000018637474502379155
outer loop
vertex -49.36631393432617 -20.486083984375 2.200000047683716
vertex -48.22224807739258 -7.409362316131592 2.9000000953674316
vertex -49.45114517211914 -21.455707550048828 2.200000047683716
endloop
endfacet
facet normal -0.08715570824134039 -0.9961947011106054 -3.191478579067822e-7
outer loop
vertex -48.22224807739258 -7.409362316131592 2.200000047683716
vertex -39.37436294555664 -8.183451652526855 2.200000047683716
vertex -34.1759033203125 -8.63825798034668 2.9000000953674316
endloop
endfacet
facet normal -0.9961946993394932 0.08715572846410814 -0.0000019460555593688817
outer loop
vertex -35.40480041503906 -22.684602737426758 2.9000000953674316
vertex -34.1759033203125 -8.63825798034668 2.200000047683716
vertex -34.93264389038086 -17.287843704223633 2.200000047683716
endloop
endfacet
facet normal -0.9961946774253916 0.08715597896484199 0
outer loop
vertex -34.93264389038086 -17.287843704223633 2.200000047683716
vertex -35.40480041503906 -22.684602737426758 2.200000047683716
vertex -35.40480041503906 -22.684602737426758 2.9000000953674316
endloop
endfacet
facet normal -0.08715575088984673 -0.9961946973793964 0
outer loop
vertex -34.1759033203125 -8.63825798034668 2.9000000953674316
vertex -39.37436294555664 -8.183451652526855 2.200000047683716
vertex -34.1759033203125 -8.63825798034668 2.200000047683716
endloop
endfacet
facet normal -0.08715572402527438 -0.9961946997297417 0
outer loop
vertex -48.22224807739258 -7.409362316131592 2.9000000953674316
vertex -48.22224807739258 -7.409362316131592 2.200000047683716
vertex -34.1759033203125 -8.63825798034668 2.9000000953674316
endloop
endfacet
facet normal 0.08715569046392224 0.9961947026659783 0
outer loop
vertex -35.40480041503906 -22.684602737426758 2.200000047683716
vertex -49.45114517211914 -21.455707550048828 2.9000000953674316
vertex -35.40480041503906 -22.684602737426758 2.9000000953674316
endloop
endfacet
facet normal 0.996194691177913 -0.08715582177308856 0
outer loop
vertex -49.45114517211914 -21.455707550048828 2.9000000953674316
vertex -49.45114517211914 -21.455707550048828 2.200000047683716
vertex -48.22224807739258 -7.409362316131592 2.9000000953674316
endloop
endfacet
facet normal 0.08715569046392224 0.9961947026659783 0
outer loop
vertex -35.40480041503906 -22.684602737426758 2.200000047683716
vertex -49.45114517211914 -21.455707550048828 2.200000047683716
vertex -49.45114517211914 -21.455707550048828 2.9000000953674316
endloop
endfacet
facet normal 0.9961946917758655 -0.08715581493846616 0
outer loop
vertex -48.22224807739258 -7.409362316131592 2.9000000953674316
vertex -49.36631393432617 -20.486083984375 2.200000047683716
vertex -48.22224807739258 -7.409362316131592 2.200000047683716
endloop
endfacet
facet normal -0.9961946909210251 0.08715582470932899 0
outer loop
vertex -34.1759033203125 -8.63825798034668 2.200000047683716
vertex -35.40480041503906 -22.684602737426758 2.9000000953674316
vertex -34.1759033203125 -8.63825798034668 2.9000000953674316
endloop
endfacet
facet normal 0 0 1
outer loop
vertex 42.86351776123047 -7.444461822509766 2.9000000953674316
vertex 43.790283203125 -8.093389511108398 2.9000000953674316
vertex 58.32500076293945 -4.7181854248046875 2.9000000953674316
endloop
endfacet
facet normal -0.17364816424589416 0.9848077553786987 0
outer loop
vertex 58.32500076293945 -4.7181854248046875 2.200000047683716
vertex 42.86351776123047 -7.444461822509766 2.200000047683716
vertex 58.32500076293945 -4.7181854248046875 2.9000000953674316
endloop
endfacet
facet normal -0.9848077517154125 -0.17364818502142373 0
outer loop
vertex 42.86351776123047 -7.444461822509766 2.200000047683716
vertex 45.58979415893555 -22.905942916870117 2.200000047683716
vertex 42.86351776123047 -7.444461822509766 2.9000000953674316
endloop
endfacet
facet normal -0.17364816424589416 0.9848077553786987 0
outer loop
vertex 58.32500076293945 -4.7181854248046875 2.9000000953674316
vertex 42.86351776123047 -7.444461822509766 2.200000047683716
vertex 42.86351776123047 -7.444461822509766 2.9000000953674316
endloop
endfacet
facet normal 0 0 1
outer loop
vertex 58.32500076293945 -4.7181854248046875 2.9000000953674316
vertex 43.790283203125 -8.093389511108398 2.9000000953674316
vertex 57.67607116699219 -5.6449503898620605 2.9000000953674316
endloop
endfacet
facet normal 0.17364816424589416 -0.9848077553786987 0
outer loop
vertex 45.58979415893555 -22.905942916870117 2.200000047683716
vertex 61.05127716064453 -20.17966651916504 2.200000047683716
vertex 45.58979415893555 -22.905942916870117 2.9000000953674316
endloop
endfacet
facet normal 0.9848077517154125 0.17364818502142373 0
outer loop
vertex 61.05127716064453 -20.17966651916504 2.9000000953674316
vertex 61.05127716064453 -20.17966651916504 2.200000047683716
vertex 58.32500076293945 -4.7181854248046875 2.200000047683716
endloop
endfacet
facet normal 0 0 1
outer loop
vertex 60.12451171875 -19.530738830566406 2.9000000953674316
vertex 45.58979415893555 -22.905942916870117 2.9000000953674316
vertex 61.05127716064453 -20.17966651916504 2.9000000953674316
endloop
endfacet
facet normal -0.9848077517154125 -0.17364818502142373 0
outer loop
vertex 45.58979415893555 -22.905942916870117 2.200000047683716
vertex 45.58979415893555 -22.905942916870117 2.9000000953674316
vertex 42.86351776123047 -7.444461822509766 2.9000000953674316
endloop
endfacet
facet normal 0 0 1
outer loop
vertex 46.23872375488281 -21.97917938232422 2.9000000953674316
vertex 45.58979415893555 -22.905942916870117 2.9000000953674316
vertex 60.12451171875 -19.530738830566406 2.9000000953674316
endloop
endfacet
facet normal 0.17364816424589416 -0.9848077553786987 0
outer loop
vertex 45.58979415893555 -22.905942916870117 2.9000000953674316
vertex 61.05127716064453 -20.17966651916504 2.200000047683716
vertex 61.05127716064453 -20.17966651916504 2.9000000953674316
endloop
endfacet
facet normal 0 0 1
outer loop
vertex 58.32500076293945 -4.7181854248046875 2.9000000953674316
vertex 57.67607116699219 -5.6449503898620605 2.9000000953674316
vertex 60.12451171875 -19.530738830566406 2.9000000953674316
endloop
endfacet
facet normal 0 0 1
outer loop
vertex 60.12451171875 -19.530738830566406 2.9000000953674316
vertex 61.05127716064453 -20.17966651916504 2.9000000953674316
vertex 58.32500076293945 -4.7181854248046875 2.9000000953674316
endloop
endfacet
facet normal 0.9848077517154125 0.17364818502142373 0
outer loop
vertex 61.05127716064453 -20.17966651916504 2.9000000953674316
vertex 58.32500076293945 -4.7181854248046875 2.200000047683716
vertex 58.32500076293945 -4.7181854248046875 2.9000000953674316
endloop
endfacet
facet normal 0 0 1
outer loop
vertex 42.86351776123047 -7.444461822509766 2.9000000953674316
vertex 45.58979415893555 -22.905942916870117 2.9000000953674316
vertex 43.790283203125 -8.093389511108398 2.9000000953674316
endloop
endfacet
facet normal 0 0 1
outer loop
vertex 46.23872375488281 -21.97917938232422 2.9000000953674316
vertex 43.790283203125 -8.093389511108398 2.9000000953674316
vertex 45.58979415893555 -22.905942916870117 2.9000000953674316
endloop
endfacet
facet normal 0.17364816161923297 -0.9848077558417667 4.053568069454843e-7
outer loop
vertex 43.790283203125 -8.093389511108398 2.200000047683716
vertex 52.80982971191406 -6.503000259399414 2.200000047683716
vertex 57.67607116699219 -5.6449503898620605 2.9000000953674316
endloop
endfacet
facet normal -0.9848077072592967 -0.1736484371123554 -0.0000033352338033211993
outer loop
vertex 59.16569900512695 -14.093036651611328 2.200000047683716
vertex 60.12451171875 -19.530738830566406 2.9000000953674316
vertex 57.67607116699219 -5.6449503898620605 2.200000047683716
endloop
endfacet
facet normal 0.9848077390765325 0.17364825670005504 0
outer loop
vertex 46.23872375488281 -21.97917938232422 2.9000000953674316
vertex 46.23872375488281 -21.97917938232422 2.200000047683716
vertex 43.790283203125 -8.093389511108398 2.9000000953674316
endloop
endfacet
facet normal 0.17364821817083453 -0.9848077458702761 0
outer loop
vertex 57.67607116699219 -5.6449503898620605 2.9000000953674316
vertex 52.80982971191406 -6.503000259399414 2.200000047683716
vertex 57.67607116699219 -5.6449503898620605 2.200000047683716
endloop
endfacet
facet normal -0.17364827983310438 0.9848077349975497 0
outer loop
vertex 60.12451171875 -19.530738830566406 2.200000047683716
vertex 46.23872375488281 -21.97917938232422 2.9000000953674316
vertex 60.12451171875 -19.530738830566406 2.9000000953674316
endloop
endfacet
facet normal -0.9848077806875442 -0.17364802071222724 0
outer loop
vertex 59.16569900512695 -14.093036651611328 2.200000047683716
vertex 60.12451171875 -19.530738830566406 2.200000047683716
vertex 60.12451171875 -19.530738830566406 2.9000000953674316
endloop
endfacet
facet normal -0.9848077360172955 -0.17364827404984148 0
outer loop
vertex 57.67607116699219 -5.6449503898620605 2.200000047683716
vertex 60.12451171875 -19.530738830566406 2.9000000953674316
vertex 57.67607116699219 -5.6449503898620605 2.9000000953674316
endloop
endfacet
facet normal -0.17364827983310438 0.9848077349975497 0
outer loop
vertex 60.12451171875 -19.530738830566406 2.200000047683716
vertex 46.23872375488281 -21.97917938232422 2.200000047683716
vertex 46.23872375488281 -21.97917938232422 2.9000000953674316
endloop
endfacet
facet normal 0.17364818143761707 -0.9848077523473343 0
outer loop
vertex 43.790283203125 -8.093389511108398 2.9000000953674316
vertex 43.790283203125 -8.093389511108398 2.200000047683716
vertex 57.67607116699219 -5.6449503898620605 2.9000000953674316
endloop
endfacet
facet normal 0.9848077390765325 0.17364825670005504 0
outer loop
vertex 43.790283203125 -8.093389511108398 2.9000000953674316
vertex 46.23872375488281 -21.97917938232422 2.200000047683716
vertex 43.790283203125 -8.093389511108398 2.200000047683716
endloop
endfacet
facet normal 0 0 1
outer loop
vertex -11.36907958984375 0.6918601393699646 2.9000000953674316
vertex -10.52830696105957 -0.06517471373081207 2.9000000953674316
vertex 4.309403896331787 1.513534665107727 2.9000000953674316
endloop
endfacet
facet normal 0 0 1
outer loop
vertex 4.290306091308594 -13.407914161682129 2.9000000953674316
vertex 5.131078720092773 -14.164949417114258 2.9000000953674316
vertex 4.309403896331787 1.513534665107727 2.9000000953674316
endloop
endfacet
facet normal 0 0 1
outer loop
vertex -11.36907958984375 0.6918601393699646 2.9000000953674316
vertex -10.547405242919922 -14.986623764038086 2.9000000953674316
vertex -10.52830696105957 -0.06517471373081207 2.9000000953674316
endloop
endfacet
facet normal 0 0 1
outer loop
vertex 4.309403896331787 1.513534665107727 2.9000000953674316
vertex -10.52830696105957 -0.06517471373081207 2.9000000953674316
vertex 3.5523691177368164 0.6727622747421265 2.9000000953674316
endloop
endfacet
facet normal 0 0 1
outer loop
vertex -9.790369987487793 -14.145851135253906 2.9000000953674316
vertex -10.52830696105957 -0.06517471373081207 2.9000000953674316
vertex -10.547405242919922 -14.986623764038086 2.9000000953674316
endloop
endfacet
facet normal -0.9986295353437238 -0.05233594500129165 0
outer loop
vertex -11.36907958984375 0.6918601393699646 2.9000000953674316
vertex -10.547405242919922 -14.986623764038086 2.200000047683716
vertex -10.547405242919922 -14.986623764038086 2.9000000953674316
endloop
endfacet
facet normal 0.9986295337875615 0.0523359746946352 0
outer loop
vertex 5.131078720092773 -14.164949417114258 2.200000047683716
vertex 4.309403896331787 1.513534665107727 2.200000047683716
vertex 5.131078720092773 -14.164949417114258 2.9000000953674316
endloop
endfacet
facet normal -0.05233595774845652 0.9986295346756733 0
outer loop
vertex 4.309403896331787 1.513534665107727 2.9000000953674316
vertex -11.36907958984375 0.6918601393699646 2.200000047683716
vertex -11.36907958984375 0.6918601393699646 2.9000000953674316
endloop
endfacet
facet normal 0 0 1
outer loop
vertex -9.790369987487793 -14.145851135253906 2.9000000953674316
vertex -10.547405242919922 -14.986623764038086 2.9000000953674316
vertex 4.290306091308594 -13.407914161682129 2.9000000953674316
endloop
endfacet
facet normal -0.05233595774845652 0.9986295346756733 0
outer loop
vertex 4.309403896331787 1.513534665107727 2.200000047683716
vertex -11.36907958984375 0.6918601393699646 2.200000047683716
vertex 4.309403896331787 1.513534665107727 2.9000000953674316
endloop
endfacet
facet normal 0 0 1
outer loop
vertex 4.290306091308594 -13.407914161682129 2.9000000953674316
vertex -10.547405242919922 -14.986623764038086 2.9000000953674316
vertex 5.131078720092773 -14.164949417114258 2.9000000953674316
endloop
endfacet
facet normal -0.9986295353437238 -0.05233594500129165 0
outer loop
vertex -11.36907958984375 0.6918601393699646 2.200000047683716
vertex -10.547405242919922 -14.986623764038086 2.200000047683716
vertex -11.36907958984375 0.6918601393699646 2.9000000953674316
endloop
endfacet
facet normal 0.052335944802871896 -0.9986295353541226 0
outer loop
vertex -10.547405242919922 -14.986623764038086 2.200000047683716
vertex 5.131078720092773 -14.164949417114258 2.200000047683716
vertex -10.547405242919922 -14.986623764038086 2.9000000953674316
endloop
endfacet
facet normal 0 0 1
outer loop
vertex 4.309403896331787 1.513534665107727 2.9000000953674316
vertex 3.5523691177368164 0.6727622747421265 2.9000000953674316
vertex 4.290306091308594 -13.407914161682129 2.9000000953674316
endloop
endfacet
facet normal 0.9986295337875615 0.0523359746946352 0
outer loop
vertex 4.309403896331787 1.513534665107727 2.9000000953674316
vertex 5.131078720092773 -14.164949417114258 2.9000000953674316
vertex 4.309403896331787 1.513534665107727 2.200000047683716
endloop
endfacet
facet normal 0.052335944802871896 -0.9986295353541226 0
outer loop
vertex 5.131078720092773 -14.164949417114258 2.9000000953674316
vertex -10.547405242919922 -14.986623764038086 2.9000000953674316
vertex 5.131078720092773 -14.164949417114258 2.200000047683716
endloop
endfacet
facet normal -0.9986295347889136 -0.05233595558770349 0
outer loop
vertex 3.5523691177368164 0.6727622747421265 2.200000047683716
vertex 4.290306091308594 -13.407914161682129 2.9000000953674316
vertex 3.5523691177368164 0.6727622747421265 2.9000000953674316
endloop
endfacet
facet normal 0.9986295347860188 0.052335955642937367 0
outer loop
vertex -9.790369987487793 -14.145851135253906 2.200000047683716
vertex -10.52830696105957 -0.06517471373081207 2.200000047683716
vertex -10.52830696105957 -0.06517471373081207 2.9000000953674316
endloop
endfacet
facet normal -0.052335956913316675 0.9986295347194412 0
outer loop
vertex 4.290306091308594 -13.407914161682129 2.200000047683716
vertex -9.790369987487793 -14.145851135253906 2.9000000953674316
vertex 4.290306091308594 -13.407914161682129 2.9000000953674316
endloop
endfacet
facet normal 0.05233595796724196 -0.9986295346642072 0
outer loop
vertex -10.52830696105957 -0.06517471373081207 2.9000000953674316
vertex -10.52830696105957 -0.06517471373081207 2.200000047683716
vertex 3.5523691177368164 0.6727622747421265 2.9000000953674316
endloop
endfacet
facet normal -0.052335956913316675 0.9986295347194412 0
outer loop
vertex 4.290306091308594 -13.407914161682129 2.200000047683716
vertex -9.790369987487793 -14.145851135253906 2.200000047683716
vertex -9.790369987487793 -14.145851135253906 2.9000000953674316
endloop
endfacet
facet normal -0.9986295347889136 -0.05233595558770349 0
outer loop
vertex 4.290306091308594 -13.407914161682129 2.200000047683716
vertex 4.290306091308594 -13.407914161682129 2.9000000953674316
vertex 3.5523691177368164 0.6727622747421265 2.200000047683716
endloop
endfacet
facet normal 0.9986295347860188 0.052335955642937367 0
outer loop
vertex -9.790369987487793 -14.145851135253906 2.9000000953674316
vertex -9.790369987487793 -14.145851135253906 2.200000047683716
vertex -10.52830696105957 -0.06517471373081207 2.9000000953674316
endloop
endfacet
facet normal 0.05233595796724196 -0.9986295346642072 0
outer loop
vertex 3.5523691177368164 0.6727622747421265 2.9000000953674316
vertex -10.52830696105957 -0.06517471373081207 2.200000047683716
vertex 3.5523691177368164 0.6727622747421265 2.200000047683716
endloop
endfacet
facet normal 0 0 1
outer loop
vertex 39.5366096496582 3.000422239303589 2.9000000953674316
vertex 24.07512855529785 0.27414584159851074 2.9000000953674316
vertex 25.00189208984375 -0.3747818171977997 2.9000000953674316
endloop
endfacet
facet normal 0 0 1
outer loop
vertex 27.450332641601562 -14.260571479797363 2.9000000953674316
vertex 26.80140495300293 -15.187335968017578 2.9000000953674316
vertex 41.33612060546875 -11.812131881713867 2.9000000953674316
endloop
endfacet
facet normal 0.17364818502142373 -0.9848077517154125 0
outer loop
vertex 26.80140495300293 -15.187335968017578 2.9000000953674316
vertex 42.26288604736328 -12.4610595703125 2.200000047683716
vertex 42.26288604736328 -12.4610595703125 2.9000000953674316
endloop
endfacet
facet normal -0.9848077530891449 -0.17364817723059958 0
outer loop
vertex 24.07512855529785 0.27414584159851074 2.200000047683716
vertex 26.80140495300293 -15.187335968017578 2.200000047683716
vertex 24.07512855529785 0.27414584159851074 2.9000000953674316
endloop
endfacet
facet normal 0 0 1
outer loop
vertex 24.07512855529785 0.27414584159851074 2.9000000953674316
vertex 26.80140495300293 -15.187335968017578 2.9000000953674316
vertex 25.00189208984375 -0.3747818171977997 2.9000000953674316
endloop
endfacet
facet normal 0.17364818502142373 -0.9848077517154125 0
outer loop
vertex 26.80140495300293 -15.187335968017578 2.200000047683716
vertex 42.26288604736328 -12.4610595703125 2.200000047683716
vertex 26.80140495300293 -15.187335968017578 2.9000000953674316
endloop
endfacet
facet normal 0 0 1
outer loop
vertex 39.5366096496582 3.000422239303589 2.9000000953674316
vertex 25.00189208984375 -0.3747818171977997 2.9000000953674316
vertex 38.88768005371094 2.073657512664795 2.9000000953674316
endloop
endfacet
facet normal -0.17364818502142373 0.9848077517154125 0
outer loop
vertex 39.5366096496582 3.000422239303589 2.200000047683716
vertex 24.07512855529785 0.27414584159851074 2.200000047683716
vertex 39.5366096496582 3.000422239303589 2.9000000953674316
endloop
endfacet
facet normal -0.17364818502142373 0.9848077517154125 0
outer loop
vertex 39.5366096496582 3.000422239303589 2.9000000953674316
vertex 24.07512855529785 0.27414584159851074 2.200000047683716
vertex 24.07512855529785 0.27414584159851074 2.9000000953674316
endloop
endfacet
facet normal 0 0 1
outer loop
vertex 39.5366096496582 3.000422239303589 2.9000000953674316
vertex 38.88768005371094 2.073657512664795 2.9000000953674316
vertex 41.33612060546875 -11.812131881713867 2.9000000953674316
endloop
endfacet
facet normal 0.9848077530891449 0.17364817723059958 0
outer loop
vertex 42.26288604736328 -12.4610595703125 2.200000047683716
vertex 39.5366096496582 3.000422239303589 2.200000047683716
vertex 42.26288604736328 -12.4610595703125 2.9000000953674316
endloop
endfacet
facet normal 0.9848077530891449 0.17364817723059958 0
outer loop
vertex 42.26288604736328 -12.4610595703125 2.9000000953674316
vertex 39.5366096496582 3.000422239303589 2.200000047683716
vertex 39.5366096496582 3.000422239303589 2.9000000953674316
endloop
endfacet
facet normal -0.9848077530891449 -0.17364817723059958 0
outer loop
vertex 24.07512855529785 0.27414584159851074 2.9000000953674316
vertex 26.80140495300293 -15.187335968017578 2.200000047683716
vertex 26.80140495300293 -15.187335968017578 2.9000000953674316
endloop
endfacet
facet normal 0 0 1
outer loop
vertex 41.33612060546875 -11.812131881713867 2.9000000953674316
vertex 26.80140495300293 -15.187335968017578 2.9000000953674316
vertex 42.26288604736328 -12.4610595703125 2.9000000953674316
endloop
endfacet
facet normal 0 0 1
outer loop
vertex 27.450332641601562 -14.260571479797363 2.9000000953674316
vertex 25.00189208984375 -0.3747818171977997 2.9000000953674316
vertex 26.80140495300293 -15.187335968017578 2.9000000953674316
endloop
endfacet
facet normal 0 0 1
outer loop
vertex 41.33612060546875 -11.812131881713867 2.9000000953674316
vertex 42.26288604736328 -12.4610595703125 2.9000000953674316
vertex 39.5366096496582 3.000422239303589 2.9000000953674316
endloop
endfacet
facet normal 0.9848077394627035 0.17364825450994475 9.654681772568234e-8
outer loop
vertex 25.00189208984375 -0.3747818171977997 2.9000000953674316
vertex 27.450332641601562 -14.260571479797363 2.200000047683716
vertex 25.7338809967041 -4.526094913482666 2.200000047683716
endloop
endfacet
facet normal -0.984807738056787 -0.17364826248331683 0
outer loop
vertex 38.88768005371094 2.073657512664795 2.200000047683716
vertex 41.33612060546875 -11.812131881713867 2.200000047683716
vertex 41.33612060546875 -11.812131881713867 2.9000000953674316
endloop
endfacet
facet normal 0.9848077386303938 0.17364825923023203 0
outer loop
vertex 27.450332641601562 -14.260571479797363 2.200000047683716
vertex 25.00189208984375 -0.3747818171977997 2.9000000953674316
vertex 27.450332641601562 -14.260571479797363 2.9000000953674316
endloop
endfacet
facet normal 0.17364819578695925 -0.9848077498171579 0
outer loop
vertex 38.88768005371094 2.073657512664795 2.9000000953674316
vertex 25.00189208984375 -0.3747818171977997 2.200000047683716
vertex 38.88768005371094 2.073657512664795 2.200000047683716
endloop
endfacet
facet normal -0.1736481517138841 0.9848077575875996 0.000001278801136507465
outer loop
vertex 27.450332641601562 -14.260571479797363 2.9000000953674316
vertex 41.33612060546875 -11.812131881713867 2.200000047683716
vertex 35.830345153808594 -12.78294849395752 2.200000047683716
endloop
endfacet
facet normal -0.17364825531392364 0.984807739320945 0
outer loop
vertex 27.450332641601562 -14.260571479797363 2.9000000953674316
vertex 35.830345153808594 -12.78294849395752 2.200000047683716
vertex 27.450332641601562 -14.260571479797363 2.200000047683716
endloop
endfacet
facet normal -0.984807738056787 -0.17364826248331683 0
outer loop
vertex 38.88768005371094 2.073657512664795 2.200000047683716
vertex 41.33612060546875 -11.812131881713867 2.9000000953674316
vertex 38.88768005371094 2.073657512664795 2.9000000953674316
endloop
endfacet
facet normal 0.17364819578695925 -0.9848077498171579 0
outer loop
vertex 25.00189208984375 -0.3747818171977997 2.200000047683716
vertex 38.88768005371094 2.073657512664795 2.9000000953674316
vertex 25.00189208984375 -0.3747818171977997 2.9000000953674316
endloop
endfacet
facet normal 0.9848077366786876 0.17364827029890278 0
outer loop
vertex 25.7338809967041 -4.526094913482666 2.200000047683716
vertex 25.00189208984375 -0.3747818171977997 2.200000047683716
vertex 25.00189208984375 -0.3747818171977997 2.9000000953674316
endloop
endfacet
facet normal -0.1736482142361134 0.9848077465640738 0
outer loop
vertex 41.33612060546875 -11.812131881713867 2.200000047683716
vertex 27.450332641601562 -14.260571479797363 2.9000000953674316
vertex 41.33612060546875 -11.812131881713867 2.9000000953674316
endloop
endfacet
facet normal 0.08715573781506088 0.9961946985232919 0
outer loop
vertex -65.14396667480469 3.406620740890503 2.200000047683716
vertex -65.14396667480469 3.406620740890503 2.9000000953674316
vertex -49.50370788574219 2.0382754802703857 2.9000000953674316
endloop
endfacet
facet normal -0.9961946869370851 0.08715587024591638 0
outer loop
vertex -65.14396667480469 3.406620740890503 2.200000047683716
vertex -66.51231384277344 -12.233635902404785 2.200000047683716
vertex -65.14396667480469 3.406620740890503 2.9000000953674316
endloop
endfacet
facet normal 0 0 1
outer loop
vertex -49.50370788574219 2.0382754802703857 2.9000000953674316
vertex -64.41673278808594 2.539940357208252 2.9000000953674316
vertex -50.37038803100586 1.311044454574585 2.9000000953674316
endloop
endfacet
facet normal -0.08715573781506088 -0.9961946985232919 0
outer loop
vertex -66.51231384277344 -12.233635902404785 2.200000047683716
vertex -50.87205505371094 -13.601981163024902 2.200000047683716
vertex -66.51231384277344 -12.233635902404785 2.9000000953674316
endloop
endfacet
facet normal 0.08715573781506088 0.9961946985232919 0
outer loop
vertex -49.50370788574219 2.0382754802703857 2.9000000953674316
vertex -49.50370788574219 2.0382754802703857 2.200000047683716
vertex -65.14396667480469 3.406620740890503 2.200000047683716
endloop
endfacet
facet normal 0 0 1
outer loop
vertex -50.37038803100586 1.311044454574585 2.9000000953674316
vertex -51.59928512573242 -12.73530101776123 2.9000000953674316
vertex -49.50370788574219 2.0382754802703857 2.9000000953674316
endloop
endfacet
facet normal 0.9961946869370851 -0.08715587024591638 0
outer loop
vertex -49.50370788574219 2.0382754802703857 2.9000000953674316
vertex -50.87205505371094 -13.601981163024902 2.9000000953674316
vertex -49.50370788574219 2.0382754802703857 2.200000047683716
endloop
endfacet
facet normal 0 0 1
outer loop
vertex -51.59928512573242 -12.73530101776123 2.9000000953674316
vertex -50.87205505371094 -13.601981163024902 2.9000000953674316
vertex -49.50370788574219 2.0382754802703857 2.9000000953674316
endloop
endfacet
facet normal 0.9961946869370851 -0.08715587024591638 0
outer loop
vertex -50.87205505371094 -13.601981163024902 2.200000047683716
vertex -49.50370788574219 2.0382754802703857 2.200000047683716
vertex -50.87205505371094 -13.601981163024902 2.9000000953674316
endloop
endfacet
facet normal 0 0 1
outer loop
vertex -65.14396667480469 3.406620740890503 2.9000000953674316
vertex -66.51231384277344 -12.233635902404785 2.9000000953674316
vertex -64.41673278808594 2.539940357208252 2.9000000953674316
endloop
endfacet
facet normal 0 0 1
outer loop
vertex -51.59928512573242 -12.73530101776123 2.9000000953674316
vertex -66.51231384277344 -12.233635902404785 2.9000000953674316
vertex -50.87205505371094 -13.601981163024902 2.9000000953674316
endloop
endfacet
facet normal -0.08715573781506088 -0.9961946985232919 0
outer loop
vertex -66.51231384277344 -12.233635902404785 2.9000000953674316
vertex -50.87205505371094 -13.601981163024902 2.200000047683716
vertex -50.87205505371094 -13.601981163024902 2.9000000953674316
endloop
endfacet
facet normal 0 0 1
outer loop
vertex -66.51231384277344 -12.233635902404785 2.9000000953674316
vertex -51.59928512573242 -12.73530101776123 2.9000000953674316
vertex -65.6456298828125 -11.506404876708984 2.9000000953674316
endloop
endfacet
facet normal -0.9961946869370851 0.08715587024591638 0
outer loop
vertex -65.14396667480469 3.406620740890503 2.9000000953674316
vertex -66.51231384277344 -12.233635902404785 2.200000047683716
vertex -66.51231384277344 -12.233635902404785 2.9000000953674316
endloop
endfacet
facet normal 0 0 1
outer loop
vertex -65.14396667480469 3.406620740890503 2.9000000953674316
vertex -64.41673278808594 2.539940357208252 2.9000000953674316
vertex -49.50370788574219 2.0382754802703857 2.9000000953674316
endloop
endfacet
facet normal 0 0 1
outer loop
vertex -65.6456298828125 -11.506404876708984 2.9000000953674316
vertex -64.41673278808594 2.539940357208252 2.9000000953674316
vertex -66.51231384277344 -12.233635902404785 2.9000000953674316
endloop
endfacet
facet normal 0.996194691177913 -0.08715582177308856 0
outer loop
vertex -65.6456298828125 -11.506404876708984 2.9000000953674316
vertex -65.6456298828125 -11.506404876708984 2.200000047683716
vertex -64.41673278808594 2.539940357208252 2.9000000953674316
endloop
endfacet
facet normal 0.08715575758662622 0.9961946967935039 0
outer loop
vertex -51.59928512573242 -12.73530101776123 2.200000047683716
vertex -65.6456298828125 -11.506404876708984 2.9000000953674316
vertex -51.59928512573242 -12.73530101776123 2.9000000953674316
endloop
endfacet
facet normal 0.9961945118593856 -0.08715787136707936 0
outer loop
vertex -64.41673278808594 2.539940357208252 2.9000000953674316
vertex -64.56304168701172 0.8676631450653076 2.200000047683716
vertex -64.41673278808594 2.539940357208252 2.200000047683716
endloop
endfacet
facet normal -0.08715574080595033 -0.996194698261623 0
outer loop
vertex -64.41673278808594 2.539940357208252 2.9000000953674316
vertex -64.41673278808594 2.539940357208252 2.200000047683716
vertex -50.37038803100586 1.311044454574585 2.9000000953674316
endloop
endfacet
facet normal -0.9961946864377972 0.08715587594553383 0.000001125042156476924
outer loop
vertex -50.37038803100586 1.311044454574585 2.200000047683716
vertex -51.360591888427734 -10.007019996643066 2.200000047683716
vertex -51.59928512573242 -12.73530101776123 2.9000000953674316
endloop
endfacet
facet normal -0.9961947115005562 0.08715558948411506 0
outer loop
vertex -51.360591888427734 -10.007019996643066 2.200000047683716
vertex -51.59928512573242 -12.73530101776123 2.200000047683716
vertex -51.59928512573242 -12.73530101776123 2.9000000953674316
endloop
endfacet
facet normal -0.9961946913063571 0.0871558203049684 0
outer loop
vertex -50.37038803100586 1.311044454574585 2.200000047683716
vertex -51.59928512573242 -12.73530101776123 2.9000000953674316
vertex -50.37038803100586 1.311044454574585 2.9000000953674316
endloop
endfacet
facet normal -0.08715574080595033 -0.996194698261623 0
outer loop
vertex -50.37038803100586 1.311044454574585 2.9000000953674316
vertex -64.41673278808594 2.539940357208252 2.200000047683716
vertex -50.37038803100586 1.311044454574585 2.200000047683716
endloop
endfacet
facet normal 0.08715571925598888 0.996194700147 0
outer loop
vertex -57.41028594970703 -12.226903915405273 2.200000047683716
vertex -65.6456298828125 -11.506404876708984 2.200000047683716
vertex -65.6456298828125 -11.506404876708984 2.9000000953674316
endloop
endfacet
facet normal 0.08715581190870977 0.9961946920403296 0.0000010983825982639705
outer loop
vertex -65.6456298828125 -11.506404876708984 2.9000000953674316
vertex -51.59928512573242 -12.73530101776123 2.200000047683716
vertex -57.41028594970703 -12.226903915405273 2.200000047683716
endloop
endfacet
facet normal 0.9961947153957379 -0.0871555447819419 -0.000005600677457166144
outer loop
vertex -64.56304168701172 0.8676631450653076 2.200000047683716
vertex -64.41673278808594 2.539940357208252 2.9000000953674316
vertex -65.6456298828125 -11.506404876708984 2.200000047683716
endloop
endfacet
facet normal 0 0 1
outer loop
vertex -12.762635231018066 -11.437078475952148 2.9000000953674316
vertex -11.921863555908203 -12.194112777709961 2.9000000953674316
vertex -12.743537902832031 3.484370470046997 2.9000000953674316
endloop
endfacet
facet normal -0.05233595994717344 0.9986295345604435 0
outer loop
vertex -12.743537902832031 3.484370470046997 2.9000000953674316
vertex -12.743537902832031 3.484370470046997 2.200000047683716
vertex -28.422021865844727 2.66269588470459 2.200000047683716
endloop
endfacet
facet normal 0 0 1
outer loop
vertex -12.743537902832031 3.484370470046997 2.9000000953674316
vertex -27.581249237060547 1.9056611061096191 2.9000000953674316
vertex -13.500572204589844 2.6435980796813965 2.9000000953674316
endloop
endfacet
facet normal 0 0 1
outer loop
vertex -13.500572204589844 2.6435980796813965 2.9000000953674316
vertex -12.762635231018066 -11.437078475952148 2.9000000953674316
vertex -12.743537902832031 3.484370470046997 2.9000000953674316
endloop
endfacet
facet normal 0.05233600538007784 -0.9986295321794044 0
outer loop
vertex -27.6003475189209 -13.015788078308105 2.200000047683716
vertex -11.921863555908203 -12.194112777709961 2.200000047683716
vertex -27.6003475189209 -13.015788078308105 2.9000000953674316
endloop
endfacet
facet normal 0 0 1
outer loop
vertex -28.422021865844727 2.66269588470459 2.9000000953674316
vertex -27.6003475189209 -13.015788078308105 2.9000000953674316
vertex -27.581249237060547 1.9056611061096191 2.9000000953674316
endloop
endfacet
facet normal 0 0 1
outer loop
vertex -12.762635231018066 -11.437078475952148 2.9000000953674316
vertex -27.6003475189209 -13.015788078308105 2.9000000953674316
vertex -11.921863555908203 -12.194112777709961 2.9000000953674316
endloop
endfacet
facet normal -0.05233595994717344 0.9986295345604435 0
outer loop
vertex -28.422021865844727 2.66269588470459 2.200000047683716
vertex -28.422021865844727 2.66269588470459 2.9000000953674316
vertex -12.743537902832031 3.484370470046997 2.9000000953674316
endloop
endfacet
facet normal 0 0 1
outer loop
vertex -28.422021865844727 2.66269588470459 2.9000000953674316
vertex -27.581249237060547 1.9056611061096191 2.9000000953674316
vertex -12.743537902832031 3.484370470046997 2.9000000953674316
endloop
endfacet
facet normal 0 0 1
outer loop
vertex -26.843311309814453 -12.175015449523926 2.9000000953674316
vertex -27.581249237060547 1.9056611061096191 2.9000000953674316
vertex -27.6003475189209 -13.015788078308105 2.9000000953674316
endloop
endfacet
facet normal -0.9986295353541226 -0.052335944802871896 0
outer loop
vertex -28.422021865844727 2.66269588470459 2.200000047683716
vertex -27.6003475189209 -13.015788078308105 2.200000047683716
vertex -28.422021865844727 2.66269588470459 2.9000000953674316
endloop
endfacet
facet normal 0.9986295352293378 0.052335947183909125 0
outer loop
vertex -11.921863555908203 -12.194112777709961 2.200000047683716
vertex -12.743537902832031 3.484370470046997 2.200000047683716
vertex -11.921863555908203 -12.194112777709961 2.9000000953674316
endloop
endfacet
facet normal -0.9986295353541226 -0.052335944802871896 0
outer loop
vertex -28.422021865844727 2.66269588470459 2.9000000953674316
vertex -27.6003475189209 -13.015788078308105 2.200000047683716
vertex -27.6003475189209 -13.015788078308105 2.9000000953674316
endloop
endfacet
facet normal 0 0 1
outer loop
vertex -27.6003475189209 -13.015788078308105 2.9000000953674316
vertex -12.762635231018066 -11.437078475952148 2.9000000953674316
vertex -26.843311309814453 -12.175015449523926 2.9000000953674316
endloop
endfacet
facet normal 0.05233600538007784 -0.9986295321794044 0
outer loop
vertex -27.6003475189209 -13.015788078308105 2.9000000953674316
vertex -11.921863555908203 -12.194112777709961 2.200000047683716
vertex -11.921863555908203 -12.194112777709961 2.9000000953674316
endloop
endfacet
facet normal 0.9986295352293378 0.052335947183909125 0
outer loop
vertex -11.921863555908203 -12.194112777709961 2.9000000953674316
vertex -12.743537902832031 3.484370470046997 2.200000047683716
vertex -12.743537902832031 3.484370470046997 2.9000000953674316
endloop
endfacet
facet normal 0.998629535518073 0.05233594164904193 0.0000016327602692012957
outer loop
vertex -27.251028060913086 -4.3953142166137695 2.200000047683716
vertex -27.581249237060547 1.9056611061096191 2.9000000953674316
vertex -26.843311309814453 -12.175015449523926 2.200000047683716
endloop
endfacet
facet normal 0.052335953378348316 -0.998629534904701 0
outer loop
vertex -13.500572204589844 2.6435980796813965 2.9000000953674316
vertex -27.581249237060547 1.9056611061096191 2.200000047683716
vertex -13.500572204589844 2.6435980796813965 2.200000047683716
endloop
endfacet
facet normal -0.052335956913316675 0.9986295347194412 0
outer loop
vertex -26.843311309814453 -12.175015449523926 2.200000047683716
vertex -26.843311309814453 -12.175015449523926 2.9000000953674316
vertex -12.762635231018066 -11.437078475952148 2.200000047683716
endloop
endfacet
facet normal -0.052335956913316675 0.9986295347194412 0
outer loop
vertex -12.762635231018066 -11.437078475952148 2.200000047683716
vertex -26.843311309814453 -12.175015449523926 2.9000000953674316
vertex -12.762635231018066 -11.437078475952148 2.9000000953674316
endloop
endfacet
facet normal -0.9986295347729167 -0.052335955892941176 -1.5069556134952197e-8
outer loop
vertex -13.116037368774414 -4.693763732910156 2.200000047683716
vertex -12.762635231018066 -11.437078475952148 2.9000000953674316
vertex -13.500572204589844 2.6435980796813965 2.200000047683716
endloop
endfacet
facet normal -0.9986295348546746 -0.05233595433290773 0
outer loop
vertex -13.116037368774414 -4.693763732910156 2.200000047683716
vertex -12.762635231018066 -11.437078475952148 2.200000047683716
vertex -12.762635231018066 -11.437078475952148 2.9000000953674316
endloop
endfacet
facet normal 0.052335953378348316 -0.998629534904701 0
outer loop
vertex -27.581249237060547 1.9056611061096191 2.9000000953674316
vertex -27.581249237060547 1.9056611061096191 2.200000047683716
vertex -13.500572204589844 2.6435980796813965 2.9000000953674316
endloop
endfacet
facet normal 0.9986295260391953 0.05233612254201194 0
outer loop
vertex -27.581249237060547 1.9056611061096191 2.9000000953674316
vertex -27.251028060913086 -4.3953142166137695 2.200000047683716
vertex -27.581249237060547 1.9056611061096191 2.200000047683716
endloop
endfacet
facet normal -0.9986295348120711 -0.05233595514583243 0
outer loop
vertex -13.500572204589844 2.6435980796813965 2.200000047683716
vertex -12.762635231018066 -11.437078475952148 2.9000000953674316
vertex -13.500572204589844 2.6435980796813965 2.9000000953674316
endloop
endfacet
facet normal 0.9986295312771005 0.05233602259704803 0
outer loop
vertex -26.843311309814453 -12.175015449523926 2.9000000953674316
vertex -26.843311309814453 -12.175015449523926 2.200000047683716
vertex -27.581249237060547 1.9056611061096191 2.9000000953674316
endloop
endfacet
facet normal 0.9848077535470559 0.17364817463365836 0
outer loop
vertex 23.6761417388916 -4.949496269226074 2.9000000953674316
vertex 23.6761417388916 -4.949496269226074 2.200000047683716
vertex 20.949865341186523 10.511985778808594 2.200000047683716
endloop
endfacet
facet normal 0.17364818502142373 -0.9848077517154125 0
outer loop
vertex 8.21466064453125 -7.675772666931152 2.200000047683716
vertex 23.6761417388916 -4.949496269226074 2.200000047683716
vertex 8.21466064453125 -7.675772666931152 2.9000000953674316
endloop
endfacet
facet normal 0 0 1
outer loop
vertex 20.949865341186523 10.511985778808594 2.9000000953674316
vertex 6.415148735046387 7.136781692504883 2.9000000953674316
vertex 20.30093765258789 9.585221290588379 2.9000000953674316
endloop
endfacet
facet normal 0 0 1
outer loop
vertex 20.949865341186523 10.511985778808594 2.9000000953674316
vertex 5.488384246826172 7.785709381103516 2.9000000953674316
vertex 6.415148735046387 7.136781692504883 2.9000000953674316
endloop
endfacet
facet normal -0.17364818502142373 0.9848077517154125 0
outer loop
vertex 20.949865341186523 10.511985778808594 2.9000000953674316
vertex 5.488384246826172 7.785709381103516 2.200000047683716
vertex 5.488384246826172 7.785709381103516 2.9000000953674316
endloop
endfacet
facet normal 0 0 1
outer loop
vertex 22.749378204345703 -4.300568580627441 2.9000000953674316
vertex 8.21466064453125 -7.675772666931152 2.9000000953674316
vertex 23.6761417388916 -4.949496269226074 2.9000000953674316
endloop
endfacet
facet normal 0 0 1
outer loop
vertex 5.488384246826172 7.785709381103516 2.9000000953674316
vertex 8.21466064453125 -7.675772666931152 2.9000000953674316
vertex 6.415148735046387 7.136781692504883 2.9000000953674316
endloop
endfacet
facet normal 0 0 1
outer loop
vertex 8.863588333129883 -6.749007701873779 2.9000000953674316
vertex 8.21466064453125 -7.675772666931152 2.9000000953674316
vertex 22.749378204345703 -4.300568580627441 2.9000000953674316
endloop
endfacet
facet normal -0.17364818502142373 0.9848077517154125 0
outer loop
vertex 20.949865341186523 10.511985778808594 2.200000047683716
vertex 5.488384246826172 7.785709381103516 2.200000047683716
vertex 20.949865341186523 10.511985778808594 2.9000000953674316
endloop
endfacet
facet normal 0.17364818502142373 -0.9848077517154125 0
outer loop
vertex 8.21466064453125 -7.675772666931152 2.9000000953674316
vertex 23.6761417388916 -4.949496269226074 2.200000047683716
vertex 23.6761417388916 -4.949496269226074 2.9000000953674316
endloop
endfacet
facet normal 0 0 1
outer loop
vertex 8.863588333129883 -6.749007701873779 2.9000000953674316
vertex 6.415148735046387 7.136781692504883 2.9000000953674316
vertex 8.21466064453125 -7.675772666931152 2.9000000953674316
endloop
endfacet
facet normal -0.9848077535470559 -0.17364817463365836 0
outer loop
vertex 5.488384246826172 7.785709381103516 2.200000047683716
vertex 8.21466064453125 -7.675772666931152 2.200000047683716
vertex 5.488384246826172 7.785709381103516 2.9000000953674316
endloop
endfacet
facet normal 0.9848077535470559 0.17364817463365836 0
outer loop
vertex 23.6761417388916 -4.949496269226074 2.9000000953674316
vertex 20.949865341186523 10.511985778808594 2.200000047683716
vertex 20.949865341186523 10.511985778808594 2.9000000953674316
endloop
endfacet
facet normal -0.9848077535470559 -0.17364817463365836 0
outer loop
vertex 8.21466064453125 -7.675772666931152 2.200000047683716
vertex 8.21466064453125 -7.675772666931152 2.9000000953674316
vertex 5.488384246826172 7.785709381103516 2.9000000953674316
endloop
endfacet
facet normal 0 0 1
outer loop
vertex 22.749378204345703 -4.300568580627441 2.9000000953674316
vertex 23.6761417388916 -4.949496269226074 2.9000000953674316
vertex 20.949865341186523 10.511985778808594 2.9000000953674316
endloop
endfacet
facet normal 0 0 1
outer loop
vertex 20.949865341186523 10.511985778808594 2.9000000953674316
vertex 20.30093765258789 9.585221290588379 2.9000000953674316
vertex 22.749378204345703 -4.300568580627441 2.9000000953674316
endloop
endfacet
facet normal -0.9848077518479377 -0.17364818426983608 0
outer loop
vertex 21.60917091369629 2.165868043899536 2.200000047683716
vertex 22.749378204345703 -4.300568580627441 2.200000047683716
vertex 22.749378204345703 -4.300568580627441 2.9000000953674316
endloop
endfacet
facet normal -0.9848077279446186 -0.17364831982743478 -0.0000012911847114733886
outer loop
vertex 21.60917091369629 2.165868043899536 2.200000047683716
vertex 22.749378204345703 -4.300568580627441 2.9000000953674316
vertex 20.30093765258789 9.585221290588379 2.200000047683716
endloop
endfacet
facet normal -0.9848077390765325 -0.17364825670005504 0
outer loop
vertex 20.30093765258789 9.585221290588379 2.200000047683716
vertex 22.749378204345703 -4.300568580627441 2.9000000953674316
vertex 20.30093765258789 9.585221290588379 2.9000000953674316
endloop
endfacet
facet normal 0.9848077496233089 0.17364819688633198 0
outer loop
vertex 8.863588333129883 -6.749007701873779 2.9000000953674316
vertex 8.863588333129883 -6.749007701873779 2.200000047683716
vertex 6.415148735046387 7.136781692504883 2.9000000953674316
endloop
endfacet
facet normal -0.17364812938851032 0.9848077615248172 5.914368823725423e-7
outer loop
vertex 18.78326416015625 -4.999901294708252 2.200000047683716
vertex 8.863588333129883 -6.749007701873779 2.9000000953674316
vertex 22.749378204345703 -4.300568580627441 2.200000047683716
endloop
endfacet
facet normal 0.17364818905905255 -0.9848077510034695 0
outer loop
vertex 20.30093765258789 9.585221290588379 2.9000000953674316
vertex 18.024503707885742 9.18382453918457 2.200000047683716
vertex 20.30093765258789 9.585221290588379 2.200000047683716
endloop
endfacet
facet normal 0.9848077496233089 0.17364819688633198 0
outer loop
vertex 6.415148735046387 7.136781692504883 2.9000000953674316
vertex 8.863588333129883 -6.749007701873779 2.200000047683716
vertex 6.415148735046387 7.136781692504883 2.200000047683716
endloop
endfacet
facet normal -0.173648169865876 0.9848077543877444 0
outer loop
vertex 18.78326416015625 -4.999901294708252 2.200000047683716
vertex 8.863588333129883 -6.749007701873779 2.200000047683716
vertex 8.863588333129883 -6.749007701873779 2.9000000953674316
endloop
endfacet
facet normal 0.17364820266959208 -0.9848077486035638 0
outer loop
vertex 6.415148735046387 7.136781692504883 2.9000000953674316
vertex 6.415148735046387 7.136781692504883 2.200000047683716
vertex 20.30093765258789 9.585221290588379 2.9000000953674316
endloop
endfacet
facet normal 0.17364820533843037 -0.9848077481329741 -5.458733305566804e-8
outer loop
vertex 6.415148735046387 7.136781692504883 2.200000047683716
vertex 18.024503707885742 9.18382453918457 2.200000047683716
vertex 20.30093765258789 9.585221290588379 2.9000000953674316
endloop
endfacet
facet normal -0.17364815830458002 0.9848077564263127 0
outer loop
vertex 22.749378204345703 -4.300568580627441 2.200000047683716
vertex 8.863588333129883 -6.749007701873779 2.9000000953674316
vertex 22.749378204345703 -4.300568580627441 2.9000000953674316
endloop
endfacet
facet normal 0.08715575891108844 0.9961946966776284 0
outer loop
vertex -31.82757568359375 9.024282455444336 2.200000047683716
vertex -47.467830657958984 10.392627716064453 2.200000047683716
vertex -31.82757568359375 9.024282455444336 2.9000000953674316
endloop
endfacet
facet normal 0 0 1
outer loop
vertex -33.923152923583984 -5.749293327331543 2.9000000953674316
vertex -33.195919036865234 -6.615973949432373 2.9000000953674316
vertex -31.82757568359375 9.024282455444336 2.9000000953674316
endloop
endfacet
facet normal 0 0 1
outer loop
vertex -31.82757568359375 9.024282455444336 2.9000000953674316
vertex -46.7406005859375 9.525947570800781 2.9000000953674316
vertex -32.69425582885742 8.297051429748535 2.9000000953674316
endloop
endfacet
facet normal 0 0 1
outer loop
vertex -32.69425582885742 8.297051429748535 2.9000000953674316
vertex -33.923152923583984 -5.749293327331543 2.9000000953674316
vertex -31.82757568359375 9.024282455444336 2.9000000953674316
endloop
endfacet
facet normal 0.9961947079177597 -0.08715563043573005 0
outer loop
vertex -31.82757568359375 9.024282455444336 2.9000000953674316
vertex -33.195919036865234 -6.615973949432373 2.9000000953674316
vertex -31.82757568359375 9.024282455444336 2.200000047683716
endloop
endfacet
facet normal 0.08715575891108844 0.9961946966776284 0
outer loop
vertex -47.467830657958984 10.392627716064453 2.200000047683716
vertex -47.467830657958984 10.392627716064453 2.9000000953674316
vertex -31.82757568359375 9.024282455444336 2.9000000953674316
endloop
endfacet
facet normal 0 0 1
outer loop
vertex -47.96949768066406 -4.520397663116455 2.9000000953674316
vertex -48.836177825927734 -5.247628688812256 2.9000000953674316
vertex -33.923152923583984 -5.749293327331543 2.9000000953674316
endloop
endfacet
facet normal 0 0 1
outer loop
vertex -33.923152923583984 -5.749293327331543 2.9000000953674316
vertex -48.836177825927734 -5.247628688812256 2.9000000953674316
vertex -33.195919036865234 -6.615973949432373 2.9000000953674316
endloop
endfacet
facet normal 0 0 1
outer loop
vertex -47.96949768066406 -4.520397663116455 2.9000000953674316
vertex -46.7406005859375 9.525947570800781 2.9000000953674316
vertex -48.836177825927734 -5.247628688812256 2.9000000953674316
endloop
endfacet
facet normal -0.9961946868217307 0.08715587156441995 0
outer loop
vertex -48.836177825927734 -5.247628688812256 2.200000047683716
vertex -48.836177825927734 -5.247628688812256 2.9000000953674316
vertex -47.467830657958984 10.392627716064453 2.9000000953674316
endloop
endfacet
facet normal 0 0 1
outer loop
vertex -47.467830657958984 10.392627716064453 2.9000000953674316
vertex -46.7406005859375 9.525947570800781 2.9000000953674316
vertex -31.82757568359375 9.024282455444336 2.9000000953674316
endloop
endfacet
facet normal 0 0 1
outer loop
vertex -47.467830657958984 10.392627716064453 2.9000000953674316
vertex -48.836177825927734 -5.247628688812256 2.9000000953674316
vertex -46.7406005859375 9.525947570800781 2.9000000953674316
endloop
endfacet
facet normal -0.08715573781506088 -0.9961946985232919 0
outer loop
vertex -48.836177825927734 -5.247628688812256 2.200000047683716
vertex -33.195919036865234 -6.615973949432373 2.200000047683716
vertex -48.836177825927734 -5.247628688812256 2.9000000953674316
endloop
endfacet
facet normal 0.9961947079177597 -0.08715563043573005 0
outer loop
vertex -33.195919036865234 -6.615973949432373 2.9000000953674316
vertex -33.195919036865234 -6.615973949432373 2.200000047683716
vertex -31.82757568359375 9.024282455444336 2.200000047683716
endloop
endfacet
facet normal -0.9961946868217307 0.08715587156441995 0
outer loop
vertex -47.467830657958984 10.392627716064453 2.200000047683716
vertex -48.836177825927734 -5.247628688812256 2.200000047683716
vertex -47.467830657958984 10.392627716064453 2.9000000953674316
endloop
endfacet
facet normal -0.08715573781506088 -0.9961946985232919 0
outer loop
vertex -48.836177825927734 -5.247628688812256 2.9000000953674316
vertex -33.195919036865234 -6.615973949432373 2.200000047683716
vertex -33.195919036865234 -6.615973949432373 2.9000000953674316
endloop
endfacet
facet normal 0.08715573739846086 0.996194698559703 2.704031861705227e-7
outer loop
vertex -47.96949768066406 -4.520397663116455 2.9000000953674316
vertex -33.923152923583984 -5.749293327331543 2.200000047683716
vertex -43.744197845458984 -4.890063285827637 2.200000047683716
endloop
endfacet
facet normal -0.9961946892467863 0.08715584384594546 0
outer loop
vertex -33.09321594238281 3.7369186878204346 2.200000047683716
vertex -33.923152923583984 -5.749293327331543 2.200000047683716
vertex -33.923152923583984 -5.749293327331543 2.9000000953674316
endloop
endfacet
facet normal 0.9961947015531034 -0.08715570318414621 0
outer loop
vertex -46.7406005859375 9.525947570800781 2.9000000953674316
vertex -47.62082290649414 -0.5350441932678223 2.200000047683716
vertex -46.7406005859375 9.525947570800781 2.200000047683716
endloop
endfacet
facet normal 0.9961946649675174 -0.08715612114827613 0.000006053338328144737
outer loop
vertex -47.96949768066406 -4.520397663116455 2.200000047683716
vertex -47.62082290649414 -0.5350441932678223 2.200000047683716
vertex -46.7406005859375 9.525947570800781 2.9000000953674316
endloop
endfacet
facet normal 0.08715569294139815 0.9961947024492275 0
outer loop
vertex -43.744197845458984 -4.890063285827637 2.200000047683716
vertex -47.96949768066406 -4.520397663116455 2.200000047683716
vertex -47.96949768066406 -4.520397663116455 2.9000000953674316
endloop
endfacet
facet normal -0.9961946944035349 0.08715578490037135 -8.049285020293282e-7
outer loop
vertex -33.09321594238281 3.7369186878204346 2.200000047683716
vertex -33.923152923583984 -5.749293327331543 2.9000000953674316
vertex -32.69425582885742 8.297051429748535 2.200000047683716
endloop
endfacet
facet normal 0.08715572402527438 0.9961946997297417 0
outer loop
vertex -33.923152923583984 -5.749293327331543 2.200000047683716
vertex -47.96949768066406 -4.520397663116455 2.9000000953674316
vertex -33.923152923583984 -5.749293327331543 2.9000000953674316
endloop
endfacet
facet normal 0.996194691177913 -0.08715582177308856 0
outer loop
vertex -47.96949768066406 -4.520397663116455 2.9000000953674316
vertex -47.96949768066406 -4.520397663116455 2.200000047683716
vertex -46.7406005859375 9.525947570800781 2.9000000953674316
endloop
endfacet
facet normal -0.08715575758662622 -0.9961946967935039 0
outer loop
vertex -46.7406005859375 9.525947570800781 2.9000000953674316
vertex -46.7406005859375 9.525947570800781 2.200000047683716
vertex -32.69425582885742 8.297051429748535 2.9000000953674316
endloop
endfacet
facet normal -0.9961946909210251 0.08715582470932899 0
outer loop
vertex -32.69425582885742 8.297051429748535 2.200000047683716
vertex -33.923152923583984 -5.749293327331543 2.9000000953674316
vertex -32.69425582885742 8.297051429748535 2.9000000953674316
endloop
endfacet
facet normal -0.08715575758662622 -0.9961946967935039 0
outer loop
vertex -32.69425582885742 8.297051429748535 2.9000000953674316
vertex -46.7406005859375 9.525947570800781 2.200000047683716
vertex -32.69425582885742 8.297051429748535 2.200000047683716
endloop
endfacet
facet normal -0.9848077535470559 -0.17364817463365836 0
outer loop
vertex 40.06085205078125 9.28420352935791 2.200000047683716
vertex 42.78712844848633 -6.177278518676758 2.200000047683716
vertex 40.06085205078125 9.28420352935791 2.9000000953674316
endloop
endfacet
facet normal -0.17364816424589416 0.9848077553786987 0
outer loop
vertex 55.522335052490234 12.010479927062988 2.200000047683716
vertex 40.06085205078125 9.28420352935791 2.200000047683716
vertex 55.522335052490234 12.010479927062988 2.9000000953674316
endloop
endfacet
facet normal -0.9848077535470559 -0.17364817463365836 0
outer loop
vertex 42.78712844848633 -6.177278518676758 2.200000047683716
vertex 42.78712844848633 -6.177278518676758 2.9000000953674316
vertex 40.06085205078125 9.28420352935791 2.9000000953674316
endloop
endfacet
facet normal -0.17364816424589416 0.9848077553786987 0
outer loop
vertex 55.522335052490234 12.010479927062988 2.9000000953674316
vertex 40.06085205078125 9.28420352935791 2.200000047683716
vertex 40.06085205078125 9.28420352935791 2.9000000953674316
endloop
endfacet
facet normal 0 0 1
outer loop
vertex 54.87340545654297 11.083714485168457 2.9000000953674316
vertex 57.32184600830078 -2.802074432373047 2.9000000953674316
vertex 55.522335052490234 12.010479927062988 2.9000000953674316
endloop
endfacet
facet normal 0.17364816424589416 -0.9848077553786987 0
outer loop
vertex 42.78712844848633 -6.177278518676758 2.200000047683716
vertex 58.24861145019531 -3.4510021209716797 2.200000047683716
vertex 42.78712844848633 -6.177278518676758 2.9000000953674316
endloop
endfacet
facet normal 0 0 1
outer loop
vertex 55.522335052490234 12.010479927062988 2.9000000953674316
vertex 40.98761749267578 8.635275840759277 2.9000000953674316
vertex 54.87340545654297 11.083714485168457 2.9000000953674316
endloop
endfacet
facet normal 0.9848077535470559 0.17364817463365836 0
outer loop
vertex 58.24861145019531 -3.4510021209716797 2.9000000953674316
vertex 55.522335052490234 12.010479927062988 2.200000047683716
vertex 55.522335052490234 12.010479927062988 2.9000000953674316
endloop
endfacet
facet normal 0 0 1
outer loop
vertex 57.32184600830078 -2.802074432373047 2.9000000953674316
vertex 42.78712844848633 -6.177278518676758 2.9000000953674316
vertex 58.24861145019531 -3.4510021209716797 2.9000000953674316
endloop
endfacet
facet normal 0 0 1
outer loop
vertex 43.436058044433594 -5.250514030456543 2.9000000953674316
vertex 42.78712844848633 -6.177278518676758 2.9000000953674316
vertex 57.32184600830078 -2.802074432373047 2.9000000953674316
endloop
endfacet
facet normal 0.9848077535470559 0.17364817463365836 0
outer loop
vertex 58.24861145019531 -3.4510021209716797 2.9000000953674316
vertex 58.24861145019531 -3.4510021209716797 2.200000047683716
vertex 55.522335052490234 12.010479927062988 2.200000047683716
endloop
endfacet
facet normal 0 0 1
outer loop
vertex 40.06085205078125 9.28420352935791 2.9000000953674316
vertex 42.78712844848633 -6.177278518676758 2.9000000953674316
vertex 40.98761749267578 8.635275840759277 2.9000000953674316
endloop
endfacet
facet normal 0 0 1
outer loop
vertex 40.06085205078125 9.28420352935791 2.9000000953674316
vertex 40.98761749267578 8.635275840759277 2.9000000953674316
vertex 55.522335052490234 12.010479927062988 2.9000000953674316
endloop
endfacet
facet normal 0.17364816424589416 -0.9848077553786987 0
outer loop
vertex 42.78712844848633 -6.177278518676758 2.9000000953674316
vertex 58.24861145019531 -3.4510021209716797 2.200000047683716
vertex 58.24861145019531 -3.4510021209716797 2.9000000953674316
endloop
endfacet
facet normal 0 0 1
outer loop
vertex 43.436058044433594 -5.250514030456543 2.9000000953674316
vertex 40.98761749267578 8.635275840759277 2.9000000953674316
vertex 42.78712844848633 -6.177278518676758 2.9000000953674316
endloop
endfacet
facet normal 0 0 1
outer loop
vertex 55.522335052490234 12.010479927062988 2.9000000953674316
vertex 57.32184600830078 -2.802074432373047 2.9000000953674316
vertex 58.24861145019531 -3.4510021209716797 2.9000000953674316
endloop
endfacet
facet normal 0.17364805022206806 -0.9848077754841673 0
outer loop
vertex 54.87340545654297 11.083714485168457 2.9000000953674316
vertex 50.91523742675781 10.385783195495605 2.200000047683716
vertex 54.87340545654297 11.083714485168457 2.200000047683716
endloop
endfacet
facet normal 0.17364818787819875 -0.9848077512113589 -8.025811570393598e-7
outer loop
vertex 40.98761749267578 8.635275840759277 2.200000047683716
vertex 50.91523742675781 10.385783195495605 2.200000047683716
vertex 54.87340545654297 11.083714485168457 2.9000000953674316
endloop
endfacet
facet normal -0.1736482142361134 0.9848077465640738 0
outer loop
vertex 57.32184600830078 -2.802074432373047 2.200000047683716
vertex 43.436058044433594 -5.250514030456543 2.9000000953674316
vertex 57.32184600830078 -2.802074432373047 2.9000000953674316
endloop
endfacet
facet normal 0.17364814863912012 -0.9848077581305938 0
outer loop
vertex 40.98761749267578 8.635275840759277 2.9000000953674316
vertex 40.98761749267578 8.635275840759277 2.200000047683716
vertex 54.87340545654297 11.083714485168457 2.9000000953674316
endloop
endfacet
facet normal -0.9848077370370412 -0.17364826826657895 0
outer loop
vertex 54.87340545654297 11.083714485168457 2.200000047683716
vertex 57.32184600830078 -2.802074432373047 2.9000000953674316
vertex 54.87340545654297 11.083714485168457 2.9000000953674316
endloop
endfacet
facet normal -0.9848077442617337 -0.17364822729332904 0
outer loop
vertex 55.86943435668945 5.4349589347839355 2.200000047683716
vertex 57.32184600830078 -2.802074432373047 2.200000047683716
vertex 57.32184600830078 -2.802074432373047 2.9000000953674316
endloop
endfacet
facet normal -0.9848077265012335 -0.17364832801377145 -0.0000012220473485228856
outer loop
vertex 55.86943435668945 5.4349589347839355 2.200000047683716
vertex 57.32184600830078 -2.802074432373047 2.9000000953674316
vertex 54.87340545654297 11.083714485168457 2.200000047683716
endloop
endfacet
facet normal -0.1736482142361134 0.9848077465640738 0
outer loop
vertex 57.32184600830078 -2.802074432373047 2.200000047683716
vertex 43.436058044433594 -5.250514030456543 2.200000047683716
vertex 43.436058044433594 -5.250514030456543 2.9000000953674316
endloop
endfacet
facet normal 0.9848077390765325 0.17364825670005504 0
outer loop
vertex 40.98761749267578 8.635275840759277 2.9000000953674316
vertex 43.436058044433594 -5.250514030456543 2.200000047683716
vertex 40.98761749267578 8.635275840759277 2.200000047683716
endloop
endfacet
facet normal 0.9848077390765325 0.17364825670005504 0
outer loop
vertex 43.436058044433594 -5.250514030456543 2.9000000953674316
vertex 43.436058044433594 -5.250514030456543 2.200000047683716
vertex 40.98761749267578 8.635275840759277 2.9000000953674316
endloop
endfacet
facet normal 0 0 1
outer loop
vertex 39.31086730957031 4.280672073364258 2.9000000953674316
vertex 36.584590911865234 19.74215316772461 2.9000000953674316
vertex 38.38410186767578 4.929599761962891 2.9000000953674316
endloop
endfacet
facet normal 0.9848077517154125 0.17364818502142373 0
outer loop
vertex 39.31086730957031 4.280672073364258 2.9000000953674316
vertex 39.31086730957031 4.280672073364258 2.200000047683716
vertex 36.584590911865234 19.74215316772461 2.200000047683716
endloop
endfacet
facet normal 0.1736481495179093 -0.9848077579756396 0
outer loop
vertex 23.849384307861328 1.5543959140777588 2.200000047683716
vertex 39.31086730957031 4.280672073364258 2.200000047683716
vertex 23.849384307861328 1.5543959140777588 2.9000000953674316
endloop
endfacet
facet normal -0.17364816424589416 0.9848077553786987 0
outer loop
vertex 36.584590911865234 19.74215316772461 2.9000000953674316
vertex 36.584590911865234 19.74215316772461 2.200000047683716
vertex 21.12310791015625 17.01587677001953 2.200000047683716
endloop
endfacet
facet normal 0 0 1
outer loop
vertex 21.12310791015625 17.01587677001953 2.9000000953674316
vertex 22.04987335205078 16.3669490814209 2.9000000953674316
vertex 36.584590911865234 19.74215316772461 2.9000000953674316
endloop
endfacet
facet normal -0.17364816424589416 0.9848077553786987 0
outer loop
vertex 36.584590911865234 19.74215316772461 2.9000000953674316
vertex 21.12310791015625 17.01587677001953 2.200000047683716
vertex 21.12310791015625 17.01587677001953 2.9000000953674316
endloop
endfacet
facet normal -0.9848077512575016 -0.17364818761836529 0
outer loop
vertex 21.12310791015625 17.01587677001953 2.9000000953674316
vertex 23.849384307861328 1.5543959140777588 2.200000047683716
vertex 23.849384307861328 1.5543959140777588 2.9000000953674316
endloop
endfacet
facet normal -0.9848077512575016 -0.17364818761836529 0
outer loop
vertex 21.12310791015625 17.01587677001953 2.200000047683716
vertex 23.849384307861328 1.5543959140777588 2.200000047683716
vertex 21.12310791015625 17.01587677001953 2.9000000953674316
endloop
endfacet
facet normal 0 0 1
outer loop
vertex 35.93566131591797 18.81538963317871 2.9000000953674316
vertex 38.38410186767578 4.929599761962891 2.9000000953674316
vertex 36.584590911865234 19.74215316772461 2.9000000953674316
endloop
endfacet
facet normal 0 0 1
outer loop
vertex 24.49831199645996 2.4811606407165527 2.9000000953674316
vertex 22.04987335205078 16.3669490814209 2.9000000953674316
vertex 23.849384307861328 1.5543959140777588 2.9000000953674316
endloop
endfacet
facet normal 0 0 1
outer loop
vertex 21.12310791015625 17.01587677001953 2.9000000953674316
vertex 23.849384307861328 1.5543959140777588 2.9000000953674316
vertex 22.04987335205078 16.3669490814209 2.9000000953674316
endloop
endfacet
facet normal 0 0 1
outer loop
vertex 38.38410186767578 4.929599761962891 2.9000000953674316
vertex 23.849384307861328 1.5543959140777588 2.9000000953674316
vertex 39.31086730957031 4.280672073364258 2.9000000953674316
endloop
endfacet
facet normal 0.1736481495179093 -0.9848077579756396 0
outer loop
vertex 23.849384307861328 1.5543959140777588 2.9000000953674316
vertex 39.31086730957031 4.280672073364258 2.200000047683716
vertex 39.31086730957031 4.280672073364258 2.9000000953674316
endloop
endfacet
facet normal 0 0 1
outer loop
vertex 36.584590911865234 19.74215316772461 2.9000000953674316
vertex 22.04987335205078 16.3669490814209 2.9000000953674316
vertex 35.93566131591797 18.81538963317871 2.9000000953674316
endloop
endfacet
facet normal 0 0 1
outer loop
vertex 24.49831199645996 2.4811606407165527 2.9000000953674316
vertex 23.849384307861328 1.5543959140777588 2.9000000953674316
vertex 38.38410186767578 4.929599761962891 2.9000000953674316
endloop
endfacet
facet normal 0.9848077517154125 0.17364818502142373 0
outer loop
vertex 36.584590911865234 19.74215316772461 2.200000047683716
vertex 36.584590911865234 19.74215316772461 2.9000000953674316
vertex 39.31086730957031 4.280672073364258 2.9000000953674316
endloop
endfacet
facet normal -0.9848077518321939 -0.17364818435912235 0
outer loop
vertex 38.38410186767578 4.929599761962891 2.9000000953674316
vertex 37.590084075927734 9.432698249816895 2.200000047683716
vertex 38.38410186767578 4.929599761962891 2.200000047683716
endloop
endfacet
facet normal 0.984807759150338 0.1736481428558613 0
outer loop
vertex 24.49831199645996 2.4811606407165527 2.200000047683716
vertex 22.04987335205078 16.3669490814209 2.200000047683716
vertex 22.04987335205078 16.3669490814209 2.9000000953674316
endloop
endfacet
facet normal -0.9848077390765325 -0.17364825670005504 0
outer loop
vertex 35.93566131591797 18.81538963317871 2.200000047683716
vertex 38.38410186767578 4.929599761962891 2.9000000953674316
vertex 35.93566131591797 18.81538963317871 2.9000000953674316
endloop
endfacet
facet normal 0.17364827983310438 -0.9848077349975497 0
outer loop
vertex 22.04987335205078 16.3669490814209 2.9000000953674316
vertex 22.04987335205078 16.3669490814209 2.200000047683716
vertex 35.93566131591797 18.81538963317871 2.9000000953674316
endloop
endfacet
facet normal 0.984807759150338 0.1736481428558613 0
outer loop
vertex 24.49831199645996 2.4811606407165527 2.9000000953674316
vertex 24.49831199645996 2.4811606407165527 2.200000047683716
vertex 22.04987335205078 16.3669490814209 2.9000000953674316
endloop
endfacet
facet normal 0.17364830734077985 -0.9848077301472008 0
outer loop
vertex 35.93566131591797 18.81538963317871 2.9000000953674316
vertex 26.61795997619629 17.172426223754883 2.200000047683716
vertex 35.93566131591797 18.81538963317871 2.200000047683716
endloop
endfacet
facet normal -0.9848077329543716 -0.173648291419083 -7.101297711372319e-7
outer loop
vertex 35.93566131591797 18.81538963317871 2.200000047683716
vertex 37.590084075927734 9.432698249816895 2.200000047683716
vertex 38.38410186767578 4.929599761962891 2.9000000953674316
endloop
endfacet
facet normal -0.17364815830458002 0.9848077564263127 0
outer loop
vertex 38.38410186767578 4.929599761962891 2.200000047683716
vertex 24.49831199645996 2.4811606407165527 2.200000047683716
vertex 24.49831199645996 2.4811606407165527 2.9000000953674316
endloop
endfacet
facet normal 0.17364822372452896 -0.984807744890341 0.0000011476194829057008
outer loop
vertex 26.61795997619629 17.172426223754883 2.200000047683716
vertex 35.93566131591797 18.81538963317871 2.9000000953674316
vertex 22.04987335205078 16.3669490814209 2.200000047683716
endloop
endfacet
facet normal -0.17364815830458002 0.9848077564263127 0
outer loop
vertex 38.38410186767578 4.929599761962891 2.200000047683716
vertex 24.49831199645996 2.4811606407165527 2.9000000953674316
vertex 38.38410186767578 4.929599761962891 2.9000000953674316
endloop
endfacet
facet normal -0.08715575891108844 -0.9961946966776284 0
outer loop
vertex -65.0306625366211 4.701673984527588 2.200000047683716
vertex -49.39040756225586 3.3333287239074707 2.200000047683716
vertex -65.0306625366211 4.701673984527588 2.9000000953674316
endloop
endfacet
facet normal 0.08715573781506088 0.9961946985232919 0
outer loop
vertex -48.02206039428711 18.97358512878418 2.200000047683716
vertex -63.66231918334961 20.341930389404297 2.200000047683716
vertex -48.02206039428711 18.97358512878418 2.9000000953674316
endloop
endfacet
facet normal 0.9961946868217307 -0.08715587156441995 0
outer loop
vertex -49.39040756225586 3.3333287239074707 2.200000047683716
vertex -48.02206039428711 18.97358512878418 2.200000047683716
vertex -49.39040756225586 3.3333287239074707 2.9000000953674316
endloop
endfacet
facet normal 0 0 1
outer loop
vertex -48.88874053955078 18.246355056762695 2.9000000953674316
vertex -50.117637634277344 4.200008869171143 2.9000000953674316
vertex -48.02206039428711 18.97358512878418 2.9000000953674316
endloop
endfacet
facet normal -0.9961947079177597 0.08715563043573005 0
outer loop
vertex -63.66231918334961 20.341930389404297 2.200000047683716
vertex -65.0306625366211 4.701673984527588 2.200000047683716
vertex -63.66231918334961 20.341930389404297 2.9000000953674316
endloop
endfacet
facet normal 0 0 1
outer loop
vertex -65.0306625366211 4.701673984527588 2.9000000953674316
vertex -50.117637634277344 4.200008869171143 2.9000000953674316
vertex -64.16398620605469 5.428905010223389 2.9000000953674316
endloop
endfacet
facet normal -0.9961947079177597 0.08715563043573005 0
outer loop
vertex -63.66231918334961 20.341930389404297 2.9000000953674316
vertex -65.0306625366211 4.701673984527588 2.200000047683716
vertex -65.0306625366211 4.701673984527588 2.9000000953674316
endloop
endfacet
facet normal 0 0 1
outer loop
vertex -50.117637634277344 4.200008869171143 2.9000000953674316
vertex -49.39040756225586 3.3333287239074707 2.9000000953674316
vertex -48.02206039428711 18.97358512878418 2.9000000953674316
endloop
endfacet
facet normal 0 0 1
outer loop
vertex -64.16398620605469 5.428905010223389 2.9000000953674316
vertex -62.93508529663086 19.475250244140625 2.9000000953674316
vertex -65.0306625366211 4.701673984527588 2.9000000953674316
endloop
endfacet
facet normal 0 0 1
outer loop
vertex -63.66231918334961 20.341930389404297 2.9000000953674316
vertex -65.0306625366211 4.701673984527588 2.9000000953674316
vertex -62.93508529663086 19.475250244140625 2.9000000953674316
endloop
endfacet
facet normal 0.9961946868217307 -0.08715587156441995 0
outer loop
vertex -49.39040756225586 3.3333287239074707 2.9000000953674316
vertex -48.02206039428711 18.97358512878418 2.200000047683716
vertex -48.02206039428711 18.97358512878418 2.9000000953674316
endloop
endfacet
facet normal 0 0 1
outer loop
vertex -50.117637634277344 4.200008869171143 2.9000000953674316
vertex -65.0306625366211 4.701673984527588 2.9000000953674316
vertex -49.39040756225586 3.3333287239074707 2.9000000953674316
endloop
endfacet
facet normal -0.08715575891108844 -0.9961946966776284 0
outer loop
vertex -65.0306625366211 4.701673984527588 2.9000000953674316
vertex -49.39040756225586 3.3333287239074707 2.200000047683716
vertex -49.39040756225586 3.3333287239074707 2.9000000953674316
endloop
endfacet
facet normal 0.08715573781506088 0.9961946985232919 0
outer loop
vertex -63.66231918334961 20.341930389404297 2.200000047683716
vertex -63.66231918334961 20.341930389404297 2.9000000953674316
vertex -48.02206039428711 18.97358512878418 2.9000000953674316
endloop
endfacet
facet normal 0 0 1
outer loop
vertex -63.66231918334961 20.341930389404297 2.9000000953674316
vertex -62.93508529663086 19.475250244140625 2.9000000953674316
vertex -48.02206039428711 18.97358512878418 2.9000000953674316
endloop
endfacet
facet normal 0 0 1
outer loop
vertex -48.02206039428711 18.97358512878418 2.9000000953674316
vertex -62.93508529663086 19.475250244140625 2.9000000953674316
vertex -48.88874053955078 18.246355056762695 2.9000000953674316
endloop
endfacet
facet normal 0.0871557608161836 0.9961946965108076 5.402624253646514e-7
outer loop
vertex -55.9189567565918 4.707558631896973 2.200000047683716
vertex -64.16398620605469 5.428905010223389 2.9000000953674316
vertex -50.117637634277344 4.200008869171143 2.200000047683716
endloop
endfacet
facet normal -0.9961946916916891 0.08715581590060828 0
outer loop
vertex -48.88874053955078 18.246355056762695 2.200000047683716
vertex -50.117637634277344 4.200008869171143 2.200000047683716
vertex -50.117637634277344 4.200008869171143 2.9000000953674316
endloop
endfacet
facet normal -0.08715569046392224 -0.9961947026659783 0
outer loop
vertex -62.93508529663086 19.475250244140625 2.9000000953674316
vertex -62.93508529663086 19.475250244140625 2.200000047683716
vertex -48.88874053955078 18.246355056762695 2.9000000953674316
endloop
endfacet
facet normal 0.08715573409672604 0.996194698848604 0
outer loop
vertex -50.117637634277344 4.200008869171143 2.200000047683716
vertex -64.16398620605469 5.428905010223389 2.9000000953674316
vertex -50.117637634277344 4.200008869171143 2.9000000953674316
endloop
endfacet
facet normal -0.08715560825441278 -0.996194709856984 -0.0000016622571789684918
outer loop
vertex -62.93508529663086 19.475250244140625 2.200000047683716
vertex -60.844444274902344 19.292343139648438 2.200000047683716
vertex -48.88874053955078 18.246355056762695 2.9000000953674316
endloop
endfacet
facet normal -0.9961946916916891 0.08715581590060828 0
outer loop
vertex -48.88874053955078 18.246355056762695 2.200000047683716
vertex -50.117637634277344 4.200008869171143 2.9000000953674316
vertex -48.88874053955078 18.246355056762695 2.9000000953674316
endloop
endfacet
facet normal 0.9961946918054276 -0.08715581460057112 0
outer loop
vertex -62.93508529663086 19.475250244140625 2.9000000953674316
vertex -63.731754302978516 10.36928939819336 2.200000047683716
vertex -62.93508529663086 19.475250244140625 2.200000047683716
endloop
endfacet
facet normal 0.9961946676879547 -0.0871560902638789 0
outer loop
vertex -64.16398620605469 5.428905010223389 2.9000000953674316
vertex -64.16398620605469 5.428905010223389 2.200000047683716
vertex -62.93508529663086 19.475250244140625 2.9000000953674316
endloop
endfacet
facet normal 0.9961946231826196 -0.08715659835315043 0.000010273556391975698
outer loop
vertex -63.731754302978516 10.36928939819336 2.200000047683716
vertex -62.93508529663086 19.475250244140625 2.9000000953674316
vertex -64.16398620605469 5.428905010223389 2.200000047683716
endloop
endfacet
facet normal -0.08715570483951425 -0.9961947014082777 0
outer loop
vertex -48.88874053955078 18.246355056762695 2.9000000953674316
vertex -60.844444274902344 19.292343139648438 2.200000047683716
vertex -48.88874053955078 18.246355056762695 2.200000047683716
endloop
endfacet
facet normal 0.08715571529652942 0.9961947004934077 0
outer loop
vertex -55.9189567565918 4.707558631896973 2.200000047683716
vertex -64.16398620605469 5.428905010223389 2.200000047683716
vertex -64.16398620605469 5.428905010223389 2.9000000953674316
endloop
endfacet
facet normal 0 0 1
outer loop
vertex -30.345928192138672 25.959592819213867 2.9000000953674316
vertex -45.25895309448242 26.461257934570312 2.9000000953674316
vertex -31.212608337402344 25.23236083984375 2.9000000953674316
endloop
endfacet
facet normal 0 0 1
outer loop
vertex -46.487850189208984 12.414912223815918 2.9000000953674316
vertex -45.25895309448242 26.461257934570312 2.9000000953674316
vertex -47.354530334472656 11.687681198120117 2.9000000953674316
endloop
endfacet
facet normal 0.9961946976004604 -0.0871557483630734 0
outer loop
vertex -31.71427345275879 10.3193359375 2.200000047683716
vertex -30.345928192138672 25.959592819213867 2.200000047683716
vertex -31.71427345275879 10.3193359375 2.9000000953674316
endloop
endfacet
facet normal -0.9961946870524393 0.08715586892741284 0
outer loop
vertex -45.986183166503906 27.327938079833984 2.9000000953674316
vertex -47.354530334472656 11.687681198120117 2.200000047683716
vertex -47.354530334472656 11.687681198120117 2.9000000953674316
endloop
endfacet
facet normal 0 0 1
outer loop
vertex -45.986183166503906 27.327938079833984 2.9000000953674316
vertex -47.354530334472656 11.687681198120117 2.9000000953674316
vertex -45.25895309448242 26.461257934570312 2.9000000953674316
endloop
endfacet
facet normal 0 0 1
outer loop
vertex -32.441505432128906 11.186016082763672 2.9000000953674316
vertex -31.71427345275879 10.3193359375 2.9000000953674316
vertex -30.345928192138672 25.959592819213867 2.9000000953674316
endloop
endfacet
facet normal 0 0 1
outer loop
vertex -32.441505432128906 11.186016082763672 2.9000000953674316
vertex -47.354530334472656 11.687681198120117 2.9000000953674316
vertex -31.71427345275879 10.3193359375 2.9000000953674316
endloop
endfacet
facet normal -0.0871557483630734 -0.9961946976004604 0
outer loop
vertex -47.354530334472656 11.687681198120117 2.9000000953674316
vertex -31.71427345275879 10.3193359375 2.200000047683716
vertex -31.71427345275879 10.3193359375 2.9000000953674316
endloop
endfacet
facet normal -0.0871557483630734 -0.9961946976004604 0
outer loop
vertex -47.354530334472656 11.687681198120117 2.200000047683716
vertex -31.71427345275879 10.3193359375 2.200000047683716
vertex -47.354530334472656 11.687681198120117 2.9000000953674316
endloop
endfacet
facet normal 0 0 1
outer loop
vertex -30.345928192138672 25.959592819213867 2.9000000953674316
vertex -45.986183166503906 27.327938079833984 2.9000000953674316
vertex -45.25895309448242 26.461257934570312 2.9000000953674316
endloop
endfacet
facet normal -0.9961946870524393 0.08715586892741284 0
outer loop
vertex -45.986183166503906 27.327938079833984 2.200000047683716
vertex -47.354530334472656 11.687681198120117 2.200000047683716
vertex -45.986183166503906 27.327938079833984 2.9000000953674316
endloop
endfacet
facet normal 0.9961946976004604 -0.0871557483630734 0
outer loop
vertex -30.345928192138672 25.959592819213867 2.9000000953674316
vertex -31.71427345275879 10.3193359375 2.9000000953674316
vertex -30.345928192138672 25.959592819213867 2.200000047683716
endloop
endfacet
facet normal 0 0 1
outer loop
vertex -47.354530334472656 11.687681198120117 2.9000000953674316
vertex -32.441505432128906 11.186016082763672 2.9000000953674316
vertex -46.487850189208984 12.414912223815918 2.9000000953674316
endloop
endfacet
facet normal 0.08715575891108844 0.9961946966776284 0
outer loop
vertex -30.345928192138672 25.959592819213867 2.200000047683716
vertex -45.986183166503906 27.327938079833984 2.200000047683716
vertex -30.345928192138672 25.959592819213867 2.9000000953674316
endloop
endfacet
facet normal 0 0 1
outer loop
vertex -31.212608337402344 25.23236083984375 2.9000000953674316
vertex -32.441505432128906 11.186016082763672 2.9000000953674316
vertex -30.345928192138672 25.959592819213867 2.9000000953674316
endloop
endfacet
facet normal 0.08715575891108844 0.9961946966776284 0
outer loop
vertex -45.986183166503906 27.327938079833984 2.200000047683716
vertex -45.986183166503906 27.327938079833984 2.9000000953674316
vertex -30.345928192138672 25.959592819213867 2.9000000953674316
endloop
endfacet
facet normal -0.9961946909210251 0.08715582470932899 0
outer loop
vertex -31.212608337402344 25.23236083984375 2.200000047683716
vertex -32.441505432128906 11.186016082763672 2.9000000953674316
vertex -31.212608337402344 25.23236083984375 2.9000000953674316
endloop
endfacet
facet normal 0.0871557684446727 0.9961946958435477 0
outer loop
vertex -39.72556686401367 11.823288917541504 2.200000047683716
vertex -46.487850189208984 12.414912223815918 2.200000047683716
vertex -46.487850189208984 12.414912223815918 2.9000000953674316
endloop
endfacet
facet normal -0.08715582470932899 -0.9961946909210251 0
outer loop
vertex -45.25895309448242 26.461257934570312 2.9000000953674316
vertex -45.25895309448242 26.461257934570312 2.200000047683716
vertex -31.212608337402344 25.23236083984375 2.9000000953674316
endloop
endfacet
facet normal -0.9961946909210251 0.08715582470932899 0
outer loop
vertex -31.212608337402344 25.23236083984375 2.200000047683716
vertex -32.441505432128906 11.186016082763672 2.200000047683716
vertex -32.441505432128906 11.186016082763672 2.9000000953674316
endloop
endfacet
facet normal 0.9961946902451998 -0.0871558324336061 2.749237781080852e-7
outer loop
vertex -46.487850189208984 12.414912223815918 2.200000047683716
vertex -45.900333404541016 19.130252838134766 2.200000047683716
vertex -45.25895309448242 26.461257934570312 2.9000000953674316
endloop
endfacet
facet normal 0.08715575758662622 0.9961946967935039 0
outer loop
vertex -32.441505432128906 11.186016082763672 2.200000047683716
vertex -46.487850189208984 12.414912223815918 2.9000000953674316
vertex -32.441505432128906 11.186016082763672 2.9000000953674316
endloop
endfacet
facet normal 0.9961946925244638 -0.08715580638195557 0
outer loop
vertex -45.25895309448242 26.461257934570312 2.9000000953674316
vertex -45.900333404541016 19.130252838134766 2.200000047683716
vertex -45.25895309448242 26.461257934570312 2.200000047683716
endloop
endfacet
facet normal -0.08715582470932899 -0.9961946909210251 0
outer loop
vertex -31.212608337402344 25.23236083984375 2.9000000953674316
vertex -45.25895309448242 26.461257934570312 2.200000047683716
vertex -31.212608337402344 25.23236083984375 2.200000047683716
endloop
endfacet
facet normal 0.996194691434801 -0.08715581883684831 0
outer loop
vertex -46.487850189208984 12.414912223815918 2.9000000953674316
vertex -46.487850189208984 12.414912223815918 2.200000047683716
vertex -45.25895309448242 26.461257934570312 2.9000000953674316
endloop
endfacet
facet normal 0.08715574750637073 0.9961946976753913 -2.0382068830276543e-7
outer loop
vertex -46.487850189208984 12.414912223815918 2.9000000953674316
vertex -32.441505432128906 11.186016082763672 2.200000047683716
vertex -39.72556686401367 11.823288917541504 2.200000047683716
endloop
endfacet
facet normal 0 0 1
outer loop
vertex -9.959750175476074 26.774085998535156 2.9000000953674316
vertex -9.959750175476074 12.67408561706543 2.9000000953674316
vertex -9.159750938415527 27.574085235595703 2.9000000953674316
endloop
endfacet
facet normal 0 1 0
outer loop
vertex -9.159750938415527 27.574085235595703 2.200000047683716
vertex -24.859750747680664 27.574085235595703 2.200000047683716
vertex -9.159750938415527 27.574085235595703 2.9000000953674316
endloop
endfacet
facet normal -1 0 0
outer loop
vertex -24.859750747680664 27.574085235595703 2.200000047683716
vertex -24.859750747680664 11.874085426330566 2.200000047683716
vertex -24.859750747680664 27.574085235595703 2.9000000953674316
endloop
endfacet
facet normal 0 0 1
outer loop
vertex -9.959750175476074 12.67408561706543 2.9000000953674316
vertex -9.159750938415527 11.874085426330566 2.9000000953674316
vertex -9.159750938415527 27.574085235595703 2.9000000953674316
endloop
endfacet
facet normal 1 0 0
outer loop
vertex -9.159750938415527 11.874085426330566 2.9000000953674316
vertex -9.159750938415527 27.574085235595703 2.200000047683716
vertex -9.159750938415527 27.574085235595703 2.9000000953674316
endloop
endfacet
facet normal 0 -1 0
outer loop
vertex -24.859750747680664 11.874085426330566 2.9000000953674316
vertex -9.159750938415527 11.874085426330566 2.200000047683716
vertex -9.159750938415527 11.874085426330566 2.9000000953674316
endloop
endfacet
facet normal 0 0 1
outer loop
vertex -9.159750938415527 27.574085235595703 2.9000000953674316
vertex -24.859750747680664 27.574085235595703 2.9000000953674316
vertex -24.059749603271484 26.774085998535156 2.9000000953674316
endloop
endfacet
facet normal 0 1 0
outer loop
vertex -24.859750747680664 27.574085235595703 2.200000047683716
vertex -24.859750747680664 27.574085235595703 2.9000000953674316
vertex -9.159750938415527 27.574085235595703 2.9000000953674316
endloop
endfacet
facet normal 0 0 1
outer loop
vertex -24.859750747680664 11.874085426330566 2.9000000953674316
vertex -9.959750175476074 12.67408561706543 2.9000000953674316
vertex -24.059749603271484 12.67408561706543 2.9000000953674316
endloop
endfacet
facet normal -1 0 0
outer loop
vertex -24.859750747680664 27.574085235595703 2.9000000953674316
vertex -24.859750747680664 11.874085426330566 2.200000047683716
vertex -24.859750747680664 11.874085426330566 2.9000000953674316
endloop
endfacet
facet normal 0 0 1
outer loop
vertex -9.959750175476074 12.67408561706543 2.9000000953674316
vertex -24.859750747680664 11.874085426330566 2.9000000953674316
vertex -9.159750938415527 11.874085426330566 2.9000000953674316
endloop
endfacet
facet normal 0 -1 0
outer loop
vertex -24.859750747680664 11.874085426330566 2.200000047683716
vertex -9.159750938415527 11.874085426330566 2.200000047683716
vertex -24.859750747680664 11.874085426330566 2.9000000953674316
endloop
endfacet
facet normal 1 0 0
outer loop
vertex -9.159750938415527 11.874085426330566 2.9000000953674316
vertex -9.159750938415527 11.874085426330566 2.200000047683716
vertex -9.159750938415527 27.574085235595703 2.200000047683716
endloop
endfacet
facet normal 0 0 1
outer loop
vertex -9.159750938415527 27.574085235595703 2.9000000953674316
vertex -24.059749603271484 26.774085998535156 2.9000000953674316
vertex -9.959750175476074 26.774085998535156 2.9000000953674316
endloop
endfacet
facet normal 0 0 1
outer loop
vertex -24.059749603271484 12.67408561706543 2.9000000953674316
vertex -24.059749603271484 26.774085998535156 2.9000000953674316
vertex -24.859750747680664 11.874085426330566 2.9000000953674316
endloop
endfacet
facet normal 0 0 1
outer loop
vertex -24.859750747680664 27.574085235595703 2.9000000953674316
vertex -24.859750747680664 11.874085426330566 2.9000000953674316
vertex -24.059749603271484 26.774085998535156 2.9000000953674316
endloop
endfacet
facet normal 0 -1 0
outer loop
vertex -24.059749603271484 26.774085998535156 2.9000000953674316
vertex -24.059749603271484 26.774085998535156 2.200000047683716
vertex -9.959750175476074 26.774085998535156 2.9000000953674316
endloop
endfacet
facet normal 1 0 0
outer loop
vertex -24.059749603271484 12.67408561706543 2.9000000953674316
vertex -24.059749603271484 12.67408561706543 2.200000047683716
vertex -24.059749603271484 26.774085998535156 2.9000000953674316
endloop
endfacet
facet normal 0 -1 0
outer loop
vertex -9.959750175476074 26.774085998535156 2.9000000953674316
vertex -24.059749603271484 26.774085998535156 2.200000047683716
vertex -9.959750175476074 26.774085998535156 2.200000047683716
endloop
endfacet
facet normal 0 1 0
outer loop
vertex -24.059749603271484 12.67408561706543 2.200000047683716
vertex -24.059749603271484 12.67408561706543 2.9000000953674316
vertex -9.959750175476074 12.67408561706543 2.200000047683716
endloop
endfacet
facet normal -1 0 0
outer loop
vertex -9.959750175476074 26.774085998535156 2.200000047683716
vertex -9.959750175476074 12.67408561706543 2.200000047683716
vertex -9.959750175476074 12.67408561706543 2.9000000953674316
endloop
endfacet
facet normal -1 0 0
outer loop
vertex -9.959750175476074 26.774085998535156 2.200000047683716
vertex -9.959750175476074 12.67408561706543 2.9000000953674316
vertex -9.959750175476074 26.774085998535156 2.9000000953674316
endloop
endfacet
facet normal 0 1 0
outer loop
vertex -9.959750175476074 12.67408561706543 2.200000047683716
vertex -24.059749603271484 12.67408561706543 2.9000000953674316
vertex -9.959750175476074 12.67408561706543 2.9000000953674316
endloop
endfacet
facet normal 1 0 0
outer loop
vertex -24.059749603271484 12.67408561706543 2.200000047683716
vertex -24.059749603271484 26.774085998535156 2.200000047683716
vertex -24.059749603271484 26.774085998535156 2.9000000953674316
endloop
endfacet
facet normal 0 0 1
outer loop
vertex 14.130146980285645 19.079633712768555 2.9000000953674316
vertex 13.564461708068848 18.099838256835938 2.9000000953674316
vertex 27.74970054626465 22.72898292541504 2.9000000953674316
endloop
endfacet
facet normal -0.2588189432222383 0.965925853587802 0
outer loop
vertex 9.501002311706543 33.26487350463867 2.200000047683716
vertex 9.501002311706543 33.26487350463867 2.9000000953674316
vertex 24.666038513183594 37.328330993652344 2.9000000953674316
endloop
endfacet
facet normal 0 0 1
outer loop
vertex 9.501002311706543 33.26487350463867 2.9000000953674316
vertex 13.564461708068848 18.099838256835938 2.9000000953674316
vertex 10.48079776763916 32.699188232421875 2.9000000953674316
endloop
endfacet
facet normal 0 0 1
outer loop
vertex 13.564461708068848 18.099838256835938 2.9000000953674316
vertex 14.130146980285645 19.079633712768555 2.9000000953674316
vertex 10.48079776763916 32.699188232421875 2.9000000953674316
endloop
endfacet
facet normal 0 0 1
outer loop
vertex 24.100353240966797 36.34853744506836 2.9000000953674316
vertex 27.74970054626465 22.72898292541504 2.9000000953674316
vertex 24.666038513183594 37.328330993652344 2.9000000953674316
endloop
endfacet
facet normal 0 0 1
outer loop
vertex 24.666038513183594 37.328330993652344 2.9000000953674316
vertex 10.48079776763916 32.699188232421875 2.9000000953674316
vertex 24.100353240966797 36.34853744506836 2.9000000953674316
endloop
endfacet
facet normal 0.9659258413806623 0.25881898877991877 0
outer loop
vertex 24.666038513183594 37.328330993652344 2.9000000953674316
vertex 28.729496002197266 22.163297653198242 2.9000000953674316
vertex 24.666038513183594 37.328330993652344 2.200000047683716
endloop
endfacet
facet normal 0.2588190869431103 -0.9659258150779152 0
outer loop
vertex 13.564461708068848 18.099838256835938 2.9000000953674316
vertex 13.564461708068848 18.099838256835938 2.200000047683716
vertex 28.729496002197266 22.163297653198242 2.200000047683716
endloop
endfacet
facet normal 0.9659258413806623 0.25881898877991877 0
outer loop
vertex 28.729496002197266 22.163297653198242 2.200000047683716
vertex 24.666038513183594 37.328330993652344 2.200000047683716
vertex 28.729496002197266 22.163297653198242 2.9000000953674316
endloop
endfacet
facet normal -0.9659258191469652 -0.2588190717572111 0
outer loop
vertex 9.501002311706543 33.26487350463867 2.200000047683716
vertex 13.564461708068848 18.099838256835938 2.200000047683716
vertex 9.501002311706543 33.26487350463867 2.9000000953674316
endloop
endfacet
facet normal -0.2588189432222383 0.965925853587802 0
outer loop
vertex 24.666038513183594 37.328330993652344 2.200000047683716
vertex 9.501002311706543 33.26487350463867 2.200000047683716
vertex 24.666038513183594 37.328330993652344 2.9000000953674316
endloop
endfacet
facet normal -0.9659258191469652 -0.2588190717572111 0
outer loop
vertex 9.501002311706543 33.26487350463867 2.9000000953674316
vertex 13.564461708068848 18.099838256835938 2.200000047683716
vertex 13.564461708068848 18.099838256835938 2.9000000953674316
endloop
endfacet
facet normal 0.2588190869431103 -0.9659258150779152 0
outer loop
vertex 13.564461708068848 18.099838256835938 2.9000000953674316
vertex 28.729496002197266 22.163297653198242 2.200000047683716
vertex 28.729496002197266 22.163297653198242 2.9000000953674316
endloop
endfacet
facet normal 0 0 1
outer loop
vertex 27.74970054626465 22.72898292541504 2.9000000953674316
vertex 28.729496002197266 22.163297653198242 2.9000000953674316
vertex 24.666038513183594 37.328330993652344 2.9000000953674316
endloop
endfacet
facet normal 0 0 1
outer loop
vertex 27.74970054626465 22.72898292541504 2.9000000953674316
vertex 13.564461708068848 18.099838256835938 2.9000000953674316
vertex 28.729496002197266 22.163297653198242 2.9000000953674316
endloop
endfacet
facet normal 0 0 1
outer loop
vertex 24.666038513183594 37.328330993652344 2.9000000953674316
vertex 9.501002311706543 33.26487350463867 2.9000000953674316
vertex 10.48079776763916 32.699188232421875 2.9000000953674316
endloop
endfacet
facet normal -0.2588192007735374 0.9659257845771319 0
outer loop
vertex 19.852249145507812 20.61286735534668 2.200000047683716
vertex 14.130146980285645 19.079633712768555 2.200000047683716
vertex 14.130146980285645 19.079633712768555 2.9000000953674316
endloop
endfacet
facet normal 0.2588190664293008 -0.9659258205745744 0
outer loop
vertex 10.48079776763916 32.699188232421875 2.9000000953674316
vertex 10.48079776763916 32.699188232421875 2.200000047683716
vertex 24.100353240966797 36.34853744506836 2.9000000953674316
endloop
endfacet
facet normal 0.9659252179511427 0.25882131543989456 0
outer loop
vertex 14.130146980285645 19.079633712768555 2.200000047683716
vertex 14.096659660339355 19.204608917236328 2.200000047683716
vertex 14.130146980285645 19.079633712768555 2.9000000953674316
endloop
endfacet
facet normal 0.965925821582789 0.2588190626665942 0
outer loop
vertex 10.48079776763916 32.699188232421875 2.9000000953674316
vertex 14.096659660339355 19.204608917236328 2.200000047683716
vertex 10.48079776763916 32.699188232421875 2.200000047683716
endloop
endfacet
facet normal 0.9659258160437008 0.25881908333839687 -4.2712262507566336e-7
outer loop
vertex 14.130146980285645 19.079633712768555 2.9000000953674316
vertex 14.096659660339355 19.204608917236328 2.200000047683716
vertex 10.48079776763916 32.699188232421875 2.9000000953674316
endloop
endfacet
facet normal 0.25881910024747795 -0.9659258115127624 -7.052260333928439e-7
outer loop
vertex 24.100353240966797 36.34853744506836 2.9000000953674316
vertex 10.48079776763916 32.699188232421875 2.200000047683716
vertex 24.100351333618164 36.34853744506836 2.200000047683716
endloop
endfacet
facet normal -0.9659258498586779 -0.2588189571261418 0.000002631938890893679
outer loop
vertex 24.100351333618164 36.34853744506836 2.200000047683716
vertex 27.74970054626465 22.72898292541504 2.9000000953674316
vertex 24.100353240966797 36.34853744506836 2.9000000953674316
endloop
endfacet
facet normal -0.2588190274110811 0.9659258310282809 0.0000015188829690382377
outer loop
vertex 19.852249145507812 20.61286735534668 2.200000047683716
vertex 14.130146980285645 19.079633712768555 2.9000000953674316
vertex 27.74970054626465 22.72898292541504 2.200000047683716
endloop
endfacet
facet normal -0.9659258160437889 -0.25881908333842046 0
outer loop
vertex 24.100351333618164 36.34853744506836 2.200000047683716
vertex 27.74970054626465 22.72898292541504 2.200000047683716
vertex 27.74970054626465 22.72898292541504 2.9000000953674316
endloop
endfacet
facet normal -0.25881910024754234 0.9659258115130026 0
outer loop
vertex 27.74970054626465 22.72898292541504 2.200000047683716
vertex 14.130146980285645 19.079633712768555 2.9000000953674316
vertex 27.74970054626465 22.72898292541504 2.9000000953674316
endloop
endfacet
facet normal -0.996194708148467 0.08715562779873011 0
outer loop
vertex -62.18067169189453 37.27724075317383 2.200000047683716
vertex -63.549015045166016 21.63698387145996 2.200000047683716
vertex -62.18067169189453 37.27724075317383 2.9000000953674316
endloop
endfacet
facet normal 0 0 1
outer loop
vertex -47.4070930480957 35.181663513183594 2.9000000953674316
vertex -48.635990142822266 21.135318756103516 2.9000000953674316
vertex -46.54041290283203 35.90889358520508 2.9000000953674316
endloop
endfacet
facet normal 0 0 1
outer loop
vertex -62.18067169189453 37.27724075317383 2.9000000953674316
vertex -63.549015045166016 21.63698387145996 2.9000000953674316
vertex -61.45343780517578 36.410560607910156 2.9000000953674316
endloop
endfacet
facet normal 0 0 1
outer loop
vertex -46.54041290283203 35.90889358520508 2.9000000953674316
vertex -62.18067169189453 37.27724075317383 2.9000000953674316
vertex -61.45343780517578 36.410560607910156 2.9000000953674316
endloop
endfacet
facet normal 0 0 1
outer loop
vertex -46.54041290283203 35.90889358520508 2.9000000953674316
vertex -61.45343780517578 36.410560607910156 2.9000000953674316
vertex -47.4070930480957 35.181663513183594 2.9000000953674316
endloop
endfacet
facet normal 0 0 1
outer loop
vertex -62.682334899902344 22.364213943481445 2.9000000953674316
vertex -61.45343780517578 36.410560607910156 2.9000000953674316
vertex -63.549015045166016 21.63698387145996 2.9000000953674316
endloop
endfacet
facet normal 0.9961946861296049 -0.08715587947544226 0
outer loop
vertex -47.90876007080078 20.268638610839844 2.200000047683716
vertex -46.54041290283203 35.90889358520508 2.200000047683716
vertex -47.90876007080078 20.268638610839844 2.9000000953674316
endloop
endfacet
facet normal -0.996194708148467 0.08715562779873011 0
outer loop
vertex -63.549015045166016 21.63698387145996 2.200000047683716
vertex -63.549015045166016 21.63698387145996 2.9000000953674316
vertex -62.18067169189453 37.27724075317383 2.9000000953674316
endloop
endfacet
facet normal 0.08715585837938597 0.9961946879752734 0
outer loop
vertex -46.54041290283203 35.90889358520508 2.9000000953674316
vertex -46.54041290283203 35.90889358520508 2.200000047683716
vertex -62.18067169189453 37.27724075317383 2.200000047683716
endloop
endfacet
facet normal -0.08715575891108844 -0.9961946966776284 0
outer loop
vertex -63.549015045166016 21.63698387145996 2.9000000953674316
vertex -47.90876007080078 20.268638610839844 2.200000047683716
vertex -47.90876007080078 20.268638610839844 2.9000000953674316
endloop
endfacet
facet normal 0.9961946861296049 -0.08715587947544226 0
outer loop
vertex -46.54041290283203 35.90889358520508 2.9000000953674316
vertex -47.90876007080078 20.268638610839844 2.9000000953674316
vertex -46.54041290283203 35.90889358520508 2.200000047683716
endloop
endfacet
facet normal 0 0 1
outer loop
vertex -48.635990142822266 21.135318756103516 2.9000000953674316
vertex -63.549015045166016 21.63698387145996 2.9000000953674316
vertex -47.90876007080078 20.268638610839844 2.9000000953674316
endloop
endfacet
facet normal 0 0 1
outer loop
vertex -48.635990142822266 21.135318756103516 2.9000000953674316
vertex -47.90876007080078 20.268638610839844 2.9000000953674316
vertex -46.54041290283203 35.90889358520508 2.9000000953674316
endloop
endfacet
facet normal 0.08715585837938597 0.9961946879752734 0
outer loop
vertex -46.54041290283203 35.90889358520508 2.9000000953674316
vertex -62.18067169189453 37.27724075317383 2.200000047683716
vertex -62.18067169189453 37.27724075317383 2.9000000953674316
endloop
endfacet
facet normal -0.08715575891108844 -0.9961946966776284 0
outer loop
vertex -63.549015045166016 21.63698387145996 2.200000047683716
vertex -47.90876007080078 20.268638610839844 2.200000047683716
vertex -63.549015045166016 21.63698387145996 2.9000000953674316
endloop
endfacet
facet normal 0 0 1
outer loop
vertex -63.549015045166016 21.63698387145996 2.9000000953674316
vertex -48.635990142822266 21.135318756103516 2.9000000953674316
vertex -62.682334899902344 22.364213943481445 2.9000000953674316
endloop
endfacet
facet normal 0.9961946906607805 -0.08715582768393541 0
outer loop
vertex -61.45343780517578 36.410560607910156 2.9000000953674316
vertex -62.624446868896484 23.02587890625 2.200000047683716
vertex -61.45343780517578 36.410560607910156 2.200000047683716
endloop
endfacet
facet normal 0.9961946919485769 -0.08715581296436843 0
outer loop
vertex -62.682334899902344 22.364213943481445 2.9000000953674316
vertex -62.682334899902344 22.364213943481445 2.200000047683716
vertex -61.45343780517578 36.410560607910156 2.9000000953674316
endloop
endfacet
facet normal -0.08715582470932899 -0.9961946909210251 0
outer loop
vertex -61.45343780517578 36.410560607910156 2.9000000953674316
vertex -61.45343780517578 36.410560607910156 2.200000047683716
vertex -47.4070930480957 35.181663513183594 2.9000000953674316
endloop
endfacet
facet normal -0.087155889915467 -0.9961946852162196 0
outer loop
vertex -47.4070930480957 35.181663513183594 2.9000000953674316
vertex -51.959110260009766 35.57991409301758 2.200000047683716
vertex -47.4070930480957 35.181663513183594 2.200000047683716
endloop
endfacet
facet normal -0.08715579344649019 -0.9961946936559706 -6.321279262935788e-7
outer loop
vertex -61.45343780517578 36.410560607910156 2.200000047683716
vertex -51.959110260009766 35.57991409301758 2.200000047683716
vertex -47.4070930480957 35.181663513183594 2.9000000953674316
endloop
endfacet
facet normal 0.08715510010838443 0.9961947543151879 0
outer loop
vertex -60.70123291015625 22.19089126586914 2.200000047683716
vertex -62.682334899902344 22.364213943481445 2.200000047683716
vertex -62.682334899902344 22.364213943481445 2.9000000953674316
endloop
endfacet
facet normal 0.08715578739959336 0.9961946941832781 0.000001960023016700005
outer loop
vertex -60.70123291015625 22.19089126586914 2.200000047683716
vertex -62.682334899902344 22.364213943481445 2.9000000953674316
vertex -48.635990142822266 21.135318756103516 2.200000047683716
endloop
endfacet
facet normal -0.9961946909210251 0.08715582470932899 0
outer loop
vertex -47.4070930480957 35.181663513183594 2.200000047683716
vertex -48.635990142822266 21.135318756103516 2.9000000953674316
vertex -47.4070930480957 35.181663513183594 2.9000000953674316
endloop
endfacet
facet normal 0.08715569046392224 0.9961947026659783 0
outer loop
vertex -48.635990142822266 21.135318756103516 2.200000047683716
vertex -62.682334899902344 22.364213943481445 2.9000000953674316
vertex -48.635990142822266 21.135318756103516 2.9000000953674316
endloop
endfacet
facet normal 0.9961947179810391 -0.08715551520374439 -0.000006020628397799683
outer loop
vertex -62.682334899902344 22.364213943481445 2.200000047683716
vertex -62.624446868896484 23.02587890625 2.200000047683716
vertex -61.45343780517578 36.410560607910156 2.9000000953674316
endloop
endfacet
facet normal -0.9961946868656656 0.08715587105720429 9.371454426931319e-7
outer loop
vertex -48.13448715209961 26.867523193359375 2.200000047683716
vertex -48.635990142822266 21.135318756103516 2.9000000953674316
vertex -47.4070930480957 35.181663513183594 2.200000047683716
endloop
endfacet
facet normal -0.9961946968023868 0.08715575748509319 0
outer loop
vertex -48.13448715209961 26.867523193359375 2.200000047683716
vertex -48.635990142822266 21.135318756103516 2.200000047683716
vertex -48.635990142822266 21.135318756103516 2.9000000953674316
endloop
endfacet
facet normal 0 0 1
outer loop
vertex 31.130146026611328 23.329633712768555 2.9000000953674316
vertex 30.56446075439453 22.349838256835938 2.9000000953674316
vertex 44.74970245361328 26.97898292541504 2.9000000953674316
endloop
endfacet
facet normal -0.25881892803634826 0.965925857656847 0
outer loop
vertex 41.666038513183594 41.578330993652344 2.200000047683716
vertex 26.501001358032227 37.51487350463867 2.200000047683716
vertex 41.666038513183594 41.578330993652344 2.9000000953674316
endloop
endfacet
facet normal -0.25881892803634826 0.965925857656847 0
outer loop
vertex 41.666038513183594 41.578330993652344 2.9000000953674316
vertex 26.501001358032227 37.51487350463867 2.200000047683716
vertex 26.501001358032227 37.51487350463867 2.9000000953674316
endloop
endfacet
facet normal 0 0 1
outer loop
vertex 26.501001358032227 37.51487350463867 2.9000000953674316
vertex 30.56446075439453 22.349838256835938 2.9000000953674316
vertex 27.480798721313477 36.949188232421875 2.9000000953674316
endloop
endfacet
facet normal 0 0 1
outer loop
vertex 41.666038513183594 41.578330993652344 2.9000000953674316
vertex 26.501001358032227 37.51487350463867 2.9000000953674316
vertex 27.480798721313477 36.949188232421875 2.9000000953674316
endloop
endfacet
facet normal -0.9659258191469652 -0.2588190717572111 0
outer loop
vertex 26.501001358032227 37.51487350463867 2.200000047683716
vertex 30.56446075439453 22.349838256835938 2.200000047683716
vertex 26.501001358032227 37.51487350463867 2.9000000953674316
endloop
endfacet
facet normal 0 0 1
outer loop
vertex 41.666038513183594 41.578330993652344 2.9000000953674316
vertex 27.480798721313477 36.949188232421875 2.9000000953674316
vertex 41.1003532409668 40.59853744506836 2.9000000953674316
endloop
endfacet
facet normal 0 0 1
outer loop
vertex 41.666038513183594 41.578330993652344 2.9000000953674316
vertex 41.1003532409668 40.59853744506836 2.9000000953674316
vertex 44.74970245361328 26.97898292541504 2.9000000953674316
endloop
endfacet
facet normal 0 0 1
outer loop
vertex 44.74970245361328 26.97898292541504 2.9000000953674316
vertex 45.729496002197266 26.413297653198242 2.9000000953674316
vertex 41.666038513183594 41.578330993652344 2.9000000953674316
endloop
endfacet
facet normal 0 0 1
outer loop
vertex 44.74970245361328 26.97898292541504 2.9000000953674316
vertex 30.56446075439453 22.349838256835938 2.9000000953674316
vertex 45.729496002197266 26.413297653198242 2.9000000953674316
endloop
endfacet
facet normal 0.2588190717572111 -0.9659258191469652 0
outer loop
vertex 30.56446075439453 22.349838256835938 2.9000000953674316
vertex 45.729496002197266 26.413297653198242 2.200000047683716
vertex 45.729496002197266 26.413297653198242 2.9000000953674316
endloop
endfacet
facet normal 0.9659258413806623 0.25881898877991877 0
outer loop
vertex 45.729496002197266 26.413297653198242 2.9000000953674316
vertex 41.666038513183594 41.578330993652344 2.200000047683716
vertex 41.666038513183594 41.578330993652344 2.9000000953674316
endloop
endfacet
facet normal 0.9659258413806623 0.25881898877991877 0
outer loop
vertex 45.729496002197266 26.413297653198242 2.200000047683716
vertex 41.666038513183594 41.578330993652344 2.200000047683716
vertex 45.729496002197266 26.413297653198242 2.9000000953674316
endloop
endfacet
facet normal 0.2588190717572111 -0.9659258191469652 0
outer loop
vertex 30.56446075439453 22.349838256835938 2.200000047683716
vertex 45.729496002197266 26.413297653198242 2.200000047683716
vertex 30.56446075439453 22.349838256835938 2.9000000953674316
endloop
endfacet
facet normal -0.9659258191469652 -0.2588190717572111 0
outer loop
vertex 30.56446075439453 22.349838256835938 2.200000047683716
vertex 30.56446075439453 22.349838256835938 2.9000000953674316
vertex 26.501001358032227 37.51487350463867 2.9000000953674316
endloop
endfacet
facet normal 0 0 1
outer loop
vertex 31.130146026611328 23.329633712768555 2.9000000953674316
vertex 27.480798721313477 36.949188232421875 2.9000000953674316
vertex 30.56446075439453 22.349838256835938 2.9000000953674316
endloop
endfacet
facet normal 0.9659252179511427 0.25882131543989456 0
outer loop
vertex 31.130146026611328 23.329633712768555 2.200000047683716
vertex 31.09665870666504 23.454608917236328 2.200000047683716
vertex 31.130146026611328 23.329633712768555 2.9000000953674316
endloop
endfacet
facet normal -0.9659258160437889 -0.25881908333842046 0
outer loop
vertex 41.1003532409668 40.59853744506836 2.200000047683716
vertex 44.74970245361328 26.97898292541504 2.9000000953674316
vertex 41.1003532409668 40.59853744506836 2.9000000953674316
endloop
endfacet
facet normal 0.9659258557142164 0.25881893528634825 0
outer loop
vertex 27.480798721313477 36.949188232421875 2.9000000953674316
vertex 31.09665870666504 23.454608917236328 2.200000047683716
vertex 27.480798721313477 36.949188232421875 2.200000047683716
endloop
endfacet
facet normal -0.2588190495201832 0.9659258251053591 0
outer loop
vertex 44.74970245361328 26.97898292541504 2.200000047683716
vertex 31.130146026611328 23.329633712768555 2.9000000953674316
vertex 44.74970245361328 26.97898292541504 2.9000000953674316
endloop
endfacet
facet normal 0.25881908333842046 -0.9659258160437889 0
outer loop
vertex 27.480798721313477 36.949188232421875 2.9000000953674316
vertex 27.480798721313477 36.949188232421875 2.200000047683716
vertex 41.1003532409668 40.59853744506836 2.9000000953674316
endloop
endfacet
facet normal 0.9659258498619252 0.2588189571270119 -4.512737310630466e-7
outer loop
vertex 31.130146026611328 23.329633712768555 2.9000000953674316
vertex 31.09665870666504 23.454608917236328 2.200000047683716
vertex 27.480798721313477 36.949188232421875 2.9000000953674316
endloop
endfacet
facet normal -0.9659258160437889 -0.25881908333842046 0
outer loop
vertex 41.1003532409668 40.59853744506836 2.200000047683716
vertex 44.74970245361328 26.97898292541504 2.200000047683716
vertex 44.74970245361328 26.97898292541504 2.9000000953674316
endloop
endfacet
facet normal -0.25881916052700893 0.9659257953611624 0
outer loop
vertex 36.85224914550781 24.86286735534668 2.200000047683716
vertex 31.130146026611328 23.329633712768555 2.200000047683716
vertex 31.130146026611328 23.329633712768555 2.9000000953674316
endloop
endfacet
facet normal -0.2588189690897705 0.965925846655164 0.0000016772417542778663
outer loop
vertex 44.74970245361328 26.97898292541504 2.200000047683716
vertex 36.85224914550781 24.86286735534668 2.200000047683716
vertex 31.130146026611328 23.329633712768555 2.9000000953674316
endloop
endfacet
facet normal 0.25881908333842046 -0.9659258160437889 0
outer loop
vertex 41.1003532409668 40.59853744506836 2.200000047683716
vertex 41.1003532409668 40.59853744506836 2.9000000953674316
vertex 27.480798721313477 36.949188232421875 2.200000047683716
endloop
endfacet
facet normal 0 0 1
outer loop
vertex -41.059749603271484 29.67408561706543 2.9000000953674316
vertex -41.059749603271484 43.774085998535156 2.9000000953674316
vertex -41.85974884033203 28.87408447265625 2.9000000953674316
endloop
endfacet
facet normal -1 0 0
outer loop
vertex -41.85974884033203 44.5740852355957 2.9000000953674316
vertex -41.85974884033203 28.87408447265625 2.200000047683716
vertex -41.85974884033203 28.87408447265625 2.9000000953674316
endloop
endfacet
facet normal 0 -1 0
outer loop
vertex -41.85974884033203 28.87408447265625 2.9000000953674316
vertex -26.15974998474121 28.87408447265625 2.200000047683716
vertex -26.15974998474121 28.87408447265625 2.9000000953674316
endloop
endfacet
facet normal 0 0 1
outer loop
vertex -26.15974998474121 44.5740852355957 2.9000000953674316
vertex -41.059749603271484 43.774085998535156 2.9000000953674316
vertex -26.95975112915039 43.774085998535156 2.9000000953674316
endloop
endfacet
facet normal 0 0 1
outer loop
vertex -26.15974998474121 44.5740852355957 2.9000000953674316
vertex -41.85974884033203 44.5740852355957 2.9000000953674316
vertex -41.059749603271484 43.774085998535156 2.9000000953674316
endloop
endfacet
facet normal 1 0 0
outer loop
vertex -26.15974998474121 28.87408447265625 2.9000000953674316
vertex -26.15974998474121 28.87408447265625 2.200000047683716
vertex -26.15974998474121 44.5740852355957 2.200000047683716
endloop
endfacet
facet normal 1 0 0
outer loop
vertex -26.15974998474121 28.87408447265625 2.9000000953674316
vertex -26.15974998474121 44.5740852355957 2.200000047683716
vertex -26.15974998474121 44.5740852355957 2.9000000953674316
endloop
endfacet
facet normal 0 0 1
outer loop
vertex -26.95975112915039 29.67408561706543 2.9000000953674316
vertex -41.85974884033203 28.87408447265625 2.9000000953674316
vertex -26.15974998474121 28.87408447265625 2.9000000953674316
endloop
endfacet
facet normal 0 0 1
outer loop
vertex -41.059749603271484 29.67408561706543 2.9000000953674316
vertex -41.85974884033203 28.87408447265625 2.9000000953674316
vertex -26.95975112915039 29.67408561706543 2.9000000953674316
endloop
endfacet
facet normal 0 0 1
outer loop
vertex -26.15974998474121 44.5740852355957 2.9000000953674316
vertex -26.95975112915039 43.774085998535156 2.9000000953674316
vertex -26.95975112915039 29.67408561706543 2.9000000953674316
endloop
endfacet
facet normal 0 0 1
outer loop
vertex -26.95975112915039 29.67408561706543 2.9000000953674316
vertex -26.15974998474121 28.87408447265625 2.9000000953674316
vertex -26.15974998474121 44.5740852355957 2.9000000953674316
endloop
endfacet
facet normal 0 0 1
outer loop
vertex -41.85974884033203 44.5740852355957 2.9000000953674316
vertex -41.85974884033203 28.87408447265625 2.9000000953674316
vertex -41.059749603271484 43.774085998535156 2.9000000953674316
endloop
endfacet
facet normal -1 0 0
outer loop
vertex -41.85974884033203 44.5740852355957 2.200000047683716
vertex -41.85974884033203 28.87408447265625 2.200000047683716
vertex -41.85974884033203 44.5740852355957 2.9000000953674316
endloop
endfacet
facet normal 0 1 0
outer loop
vertex -41.85974884033203 44.5740852355957 2.200000047683716
vertex -26.15974998474121 44.5740852355957 2.9000000953674316
vertex -26.15974998474121 44.5740852355957 2.200000047683716
endloop
endfacet
facet normal 0 -1 0
outer loop
vertex -41.85974884033203 28.87408447265625 2.9000000953674316
vertex -41.85974884033203 28.87408447265625 2.200000047683716
vertex -26.15974998474121 28.87408447265625 2.200000047683716
endloop
endfacet
facet normal 0 1 0
outer loop
vertex -26.15974998474121 44.5740852355957 2.9000000953674316
vertex -41.85974884033203 44.5740852355957 2.200000047683716
vertex -41.85974884033203 44.5740852355957 2.9000000953674316
endloop
endfacet
facet normal 0 1 0
outer loop
vertex -26.95975112915039 29.67408561706543 2.200000047683716
vertex -41.059749603271484 29.67408561706543 2.200000047683716
vertex -41.059749603271484 29.67408561706543 2.9000000953674316
endloop
endfacet
facet normal -1 0 0
outer loop
vertex -26.95975112915039 43.774085998535156 2.200000047683716
vertex -26.95975112915039 29.67408561706543 2.200000047683716
vertex -26.95975112915039 29.67408561706543 2.9000000953674316
endloop
endfacet
facet normal 0 -1 0
outer loop
vertex -41.059749603271484 43.774085998535156 2.9000000953674316
vertex -41.059749603271484 43.774085998535156 2.200000047683716
vertex -26.95975112915039 43.774085998535156 2.9000000953674316
endloop
endfacet
facet normal -1 0 0
outer loop
vertex -26.95975112915039 43.774085998535156 2.9000000953674316
vertex -26.95975112915039 43.774085998535156 2.200000047683716
vertex -26.95975112915039 29.67408561706543 2.9000000953674316
endloop
endfacet
facet normal 0 -1 0
outer loop
vertex -41.059749603271484 43.774085998535156 2.200000047683716
vertex -26.95975112915039 43.774085998535156 2.200000047683716
vertex -26.95975112915039 43.774085998535156 2.9000000953674316
endloop
endfacet
facet normal 0 1 0
outer loop
vertex -26.95975112915039 29.67408561706543 2.200000047683716
vertex -41.059749603271484 29.67408561706543 2.9000000953674316
vertex -26.95975112915039 29.67408561706543 2.9000000953674316
endloop
endfacet
facet normal 1 0 0
outer loop
vertex -41.059749603271484 29.67408561706543 2.200000047683716
vertex -41.059749603271484 43.774085998535156 2.9000000953674316
vertex -41.059749603271484 29.67408561706543 2.9000000953674316
endloop
endfacet
facet normal 1 0 0
outer loop
vertex -41.059749603271484 29.67408561706543 2.200000047683716
vertex -41.059749603271484 43.774085998535156 2.200000047683716
vertex -41.059749603271484 43.774085998535156 2.9000000953674316
endloop
endfacet
facet normal 0 1 0
outer loop
vertex -7.859750747680664 44.5740852355957 2.200000047683716
vertex -7.859750747680664 44.5740852355957 2.9000000953674316
vertex 7.840249538421631 44.5740852355957 2.9000000953674316
endloop
endfacet
facet normal 0 0 1
outer loop
vertex 7.040249347686768 29.67408561706543 2.9000000953674316
vertex -7.859750747680664 28.87408447265625 2.9000000953674316
vertex 7.840249538421631 28.87408447265625 2.9000000953674316
endloop
endfacet
facet normal 1 0 0
outer loop
vertex 7.840249538421631 28.87408447265625 2.9000000953674316
vertex 7.840249538421631 31.068981170654297 2.200000047683716
vertex 7.840249538421631 44.5740852355957 2.200000047683716
endloop
endfacet
facet normal 0 0 1
outer loop
vertex 7.840249538421631 44.5740852355957 2.9000000953674316
vertex -7.859750747680664 44.5740852355957 2.9000000953674316
vertex -7.059750556945801 43.774085998535156 2.9000000953674316
endloop
endfacet
facet normal 0 0 1
outer loop
vertex -7.859750747680664 44.5740852355957 2.9000000953674316
vertex -7.859750747680664 28.87408447265625 2.9000000953674316
vertex -7.059750556945801 43.774085998535156 2.9000000953674316
endloop
endfacet
facet normal 0 -1 0
outer loop
vertex -7.859750747680664 28.87408447265625 2.200000047683716
vertex 7.840249538421631 28.87408447265625 2.200000047683716
vertex -7.859750747680664 28.87408447265625 2.9000000953674316
endloop
endfacet
facet normal 0 0 1
outer loop
vertex -7.859750747680664 28.87408447265625 2.9000000953674316
vertex 7.040249347686768 29.67408561706543 2.9000000953674316
vertex -7.059750556945801 29.67408561706543 2.9000000953674316
endloop
endfacet
facet normal -1 0 0
outer loop
vertex -7.859750747680664 44.5740852355957 2.9000000953674316
vertex -7.859750747680664 28.87408447265625 2.200000047683716
vertex -7.859750747680664 28.87408447265625 2.9000000953674316
endloop
endfacet
facet normal 0 0 1
outer loop
vertex 7.840249538421631 44.5740852355957 2.9000000953674316
vertex -7.059750556945801 43.774085998535156 2.9000000953674316
vertex 7.040249347686768 43.774085998535156 2.9000000953674316
endloop
endfacet
facet normal 1 0 0
outer loop
vertex 7.840249538421631 28.87408447265625 2.200000047683716
vertex 7.840249538421631 31.068981170654297 2.200000047683716
vertex 7.840249538421631 28.87408447265625 2.9000000953674316
endloop
endfacet
facet normal 0 0 1
outer loop
vertex 7.040249347686768 43.774085998535156 2.9000000953674316
vertex 7.040249347686768 29.67408561706543 2.9000000953674316
vertex 7.840249538421631 44.5740852355957 2.9000000953674316
endloop
endfacet
facet normal 0 0 1
outer loop
vertex 7.040249347686768 29.67408561706543 2.9000000953674316
vertex 7.840249538421631 28.87408447265625 2.9000000953674316
vertex 7.840249538421631 44.5740852355957 2.9000000953674316
endloop
endfacet
facet normal -1 0 0
outer loop
vertex -7.859750747680664 44.5740852355957 2.200000047683716
vertex -7.859750747680664 28.87408447265625 2.200000047683716
vertex -7.859750747680664 44.5740852355957 2.9000000953674316
endloop
endfacet
facet normal 1 0 0
outer loop
vertex 7.840249538421631 28.87408447265625 2.9000000953674316
vertex 7.840249538421631 44.5740852355957 2.200000047683716
vertex 7.840249538421631 44.5740852355957 2.9000000953674316
endloop
endfacet
facet normal 0 -1 0
outer loop
vertex -7.859750747680664 28.87408447265625 2.9000000953674316
vertex 7.840249538421631 28.87408447265625 2.200000047683716
vertex 7.840249538421631 28.87408447265625 2.9000000953674316
endloop
endfacet
facet normal 0 1 0
outer loop
vertex -7.859750747680664 44.5740852355957 2.200000047683716
vertex 7.840249538421631 44.5740852355957 2.9000000953674316
vertex 7.840249538421631 44.5740852355957 2.200000047683716
endloop
endfacet
facet normal 0 0 1
outer loop
vertex -7.059750556945801 29.67408561706543 2.9000000953674316
vertex -7.059750556945801 43.774085998535156 2.9000000953674316
vertex -7.859750747680664 28.87408447265625 2.9000000953674316
endloop
endfacet
facet normal -1 0 0
outer loop
vertex 7.040249347686768 43.774085998535156 2.200000047683716
vertex 7.040249347686768 29.67408561706543 2.9000000953674316
vertex 7.040249347686768 43.774085998535156 2.9000000953674316
endloop
endfacet
facet normal 0 1 0
outer loop
vertex 7.040249347686768 29.67408561706543 2.200000047683716
vertex -7.059750556945801 29.67408561706543 2.9000000953674316
vertex 7.040249347686768 29.67408561706543 2.9000000953674316
endloop
endfacet
facet normal 0 -1 0
outer loop
vertex 7.040249347686768 43.774085998535156 2.9000000953674316
vertex -7.059750556945801 43.774085998535156 2.200000047683716
vertex 7.040249347686768 43.774085998535156 2.200000047683716
endloop
endfacet
facet normal 1 0 0
outer loop
vertex -7.059750556945801 29.67408561706543 2.200000047683716
vertex -7.059750556945801 43.774085998535156 2.200000047683716
vertex -7.059750556945801 43.774085998535156 2.9000000953674316
endloop
endfacet
facet normal 0 -1 0
outer loop
vertex -7.059750556945801 43.774085998535156 2.9000000953674316
vertex -7.059750556945801 43.774085998535156 2.200000047683716
vertex 7.040249347686768 43.774085998535156 2.9000000953674316
endloop
endfacet
facet normal 0 1 0
outer loop
vertex -7.059750556945801 29.67408561706543 2.200000047683716
vertex -7.059750556945801 29.67408561706543 2.9000000953674316
vertex 7.040249347686768 29.67408561706543 2.200000047683716
endloop
endfacet
facet normal -1 0 0
outer loop
vertex 7.040249347686768 43.774085998535156 2.200000047683716
vertex 7.040249347686768 29.67408561706543 2.200000047683716
vertex 7.040249347686768 29.67408561706543 2.9000000953674316
endloop
endfacet
facet normal 1 0 0
outer loop
vertex -7.059750556945801 29.67408561706543 2.9000000953674316
vertex -7.059750556945801 29.67408561706543 2.200000047683716
vertex -7.059750556945801 43.774085998535156 2.9000000953674316
endloop
endfacet
facet normal 0 -1 0
outer loop
vertex -24.859750747680664 28.87408447265625 2.200000047683716
vertex -9.159750938415527 28.87408447265625 2.200000047683716
vertex -24.859750747680664 28.87408447265625 2.9000000953674316
endloop
endfacet
facet normal 0 0 1
outer loop
vertex -9.159750938415527 44.5740852355957 2.9000000953674316
vertex -24.059749603271484 43.774085998535156 2.9000000953674316
vertex -9.959750175476074 43.774085998535156 2.9000000953674316
endloop
endfacet
facet normal 0 0 1
outer loop
vertex -24.859750747680664 44.5740852355957 2.9000000953674316
vertex -24.059749603271484 43.774085998535156 2.9000000953674316
vertex -9.159750938415527 44.5740852355957 2.9000000953674316
endloop
endfacet
facet normal 0 1 0
outer loop
vertex -24.859750747680664 44.5740852355957 2.200000047683716
vertex -24.859750747680664 44.5740852355957 2.9000000953674316
vertex -9.159750938415527 44.5740852355957 2.9000000953674316
endloop
endfacet
facet normal 0 0 1
outer loop
vertex -24.859750747680664 28.87408447265625 2.9000000953674316
vertex -9.959750175476074 29.67408561706543 2.9000000953674316
vertex -24.059749603271484 29.67408561706543 2.9000000953674316
endloop
endfacet
facet normal 1 0 0
outer loop
vertex -9.159750938415527 28.87408447265625 2.9000000953674316
vertex -9.159750938415527 28.87408447265625 2.200000047683716
vertex -9.159750938415527 44.5740852355957 2.200000047683716
endloop
endfacet
facet normal 0 0 1
outer loop
vertex -9.959750175476074 43.774085998535156 2.9000000953674316
vertex -9.959750175476074 29.67408561706543 2.9000000953674316
vertex -9.159750938415527 44.5740852355957 2.9000000953674316
endloop
endfacet
facet normal 0 0 1
outer loop
vertex -24.859750747680664 44.5740852355957 2.9000000953674316
vertex -24.859750747680664 28.87408447265625 2.9000000953674316
vertex -24.059749603271484 43.774085998535156 2.9000000953674316
endloop
endfacet
facet normal 0 0 1
outer loop
vertex -24.059749603271484 29.67408561706543 2.9000000953674316
vertex -24.059749603271484 43.774085998535156 2.9000000953674316
vertex -24.859750747680664 28.87408447265625 2.9000000953674316
endloop
endfacet
facet normal -1 0 0
outer loop
vertex -24.859750747680664 44.5740852355957 2.9000000953674316
vertex -24.859750747680664 28.87408447265625 2.200000047683716
vertex -24.859750747680664 28.87408447265625 2.9000000953674316
endloop
endfacet
facet normal 0 -1 0
outer loop
vertex -24.859750747680664 28.87408447265625 2.9000000953674316
vertex -9.159750938415527 28.87408447265625 2.200000047683716
vertex -9.159750938415527 28.87408447265625 2.9000000953674316
endloop
endfacet
facet normal 0 0 1
outer loop
vertex -9.959750175476074 29.67408561706543 2.9000000953674316
vertex -9.159750938415527 28.87408447265625 2.9000000953674316
vertex -9.159750938415527 44.5740852355957 2.9000000953674316
endloop
endfacet
facet normal 1 0 0
outer loop
vertex -9.159750938415527 28.87408447265625 2.9000000953674316
vertex -9.159750938415527 44.5740852355957 2.200000047683716
vertex -9.159750938415527 44.5740852355957 2.9000000953674316
endloop
endfacet
facet normal 0 0 1
outer loop
vertex -9.959750175476074 29.67408561706543 2.9000000953674316
vertex -24.859750747680664 28.87408447265625 2.9000000953674316
vertex -9.159750938415527 28.87408447265625 2.9000000953674316
endloop
endfacet
facet normal 0 1 0
outer loop
vertex -24.859750747680664 44.5740852355957 2.200000047683716
vertex -9.159750938415527 44.5740852355957 2.9000000953674316
vertex -9.159750938415527 44.5740852355957 2.200000047683716
endloop
endfacet
facet normal -1 0 0
outer loop
vertex -24.859750747680664 44.5740852355957 2.200000047683716
vertex -24.859750747680664 28.87408447265625 2.200000047683716
vertex -24.859750747680664 44.5740852355957 2.9000000953674316
endloop
endfacet
facet normal -1 0 0
outer loop
vertex -9.959750175476074 43.774085998535156 2.200000047683716
vertex -9.959750175476074 29.67408561706543 2.9000000953674316
vertex -9.959750175476074 43.774085998535156 2.9000000953674316
endloop
endfacet
facet normal 0 1 0
outer loop
vertex -24.059749603271484 29.67408561706543 2.200000047683716
vertex -24.059749603271484 29.67408561706543 2.9000000953674316
vertex -9.959750175476074 29.67408561706543 2.200000047683716
endloop
endfacet
facet normal 0 -1 0
outer loop
vertex -9.959750175476074 43.774085998535156 2.9000000953674316
vertex -24.059749603271484 43.774085998535156 2.200000047683716
vertex -9.959750175476074 43.774085998535156 2.200000047683716
endloop
endfacet
facet normal 1 0 0
outer loop
vertex -24.059749603271484 29.67408561706543 2.200000047683716
vertex -24.059749603271484 43.774085998535156 2.200000047683716
vertex -24.059749603271484 43.774085998535156 2.9000000953674316
endloop
endfacet
facet normal 0 1 0
outer loop
vertex -9.959750175476074 29.67408561706543 2.200000047683716
vertex -24.059749603271484 29.67408561706543 2.9000000953674316
vertex -9.959750175476074 29.67408561706543 2.9000000953674316
endloop
endfacet
facet normal -1 0 0
outer loop
vertex -9.959750175476074 43.774085998535156 2.200000047683716
vertex -9.959750175476074 29.67408561706543 2.200000047683716
vertex -9.959750175476074 29.67408561706543 2.9000000953674316
endloop
endfacet
facet normal 0 -1 0
outer loop
vertex -24.059749603271484 43.774085998535156 2.9000000953674316
vertex -24.059749603271484 43.774085998535156 2.200000047683716
vertex -9.959750175476074 43.774085998535156 2.9000000953674316
endloop
endfacet
facet normal 1 0 0
outer loop
vertex -24.059749603271484 29.67408561706543 2.9000000953674316
vertex -24.059749603271484 29.67408561706543 2.200000047683716
vertex -24.059749603271484 43.774085998535156 2.9000000953674316
endloop
endfacet
facet normal -0.6427876530199284 0.7660444067579452 0
outer loop
vertex 56.20781707763672 54.07341766357422 2.200000047683716
vertex 44.1809196472168 43.981651306152344 2.200000047683716
vertex 56.20781707763672 54.07341766357422 2.9000000953674316
endloop
endfacet
facet normal 0.642787533378432 -0.7660445071490762 0
outer loop
vertex 54.272682189941406 31.954753875732422 2.9000000953674316
vertex 66.2995834350586 42.0465202331543 2.200000047683716
vertex 66.2995834350586 42.0465202331543 2.9000000953674316
endloop
endfacet
facet normal 0 0 1
outer loop
vertex 56.20781707763672 54.07341766357422 2.9000000953674316
vertex 44.1809196472168 43.981651306152344 2.9000000953674316
vertex 45.3079833984375 43.8830451965332 2.9000000953674316
endloop
endfacet
facet normal 0 0 1
outer loop
vertex 56.20781707763672 54.07341766357422 2.9000000953674316
vertex 45.3079833984375 43.8830451965332 2.9000000953674316
vertex 56.10921096801758 52.94635009765625 2.9000000953674316
endloop
endfacet
facet normal 0 0 1
outer loop
vertex 54.272682189941406 31.954753875732422 2.9000000953674316
vertex 45.3079833984375 43.8830451965332 2.9000000953674316
vertex 44.1809196472168 43.981651306152344 2.9000000953674316
endloop
endfacet
facet normal 0.7660444067579452 0.6427876530199284 0
outer loop
vertex 66.2995834350586 42.0465202331543 2.9000000953674316
vertex 56.20781707763672 54.07341766357422 2.200000047683716
vertex 56.20781707763672 54.07341766357422 2.9000000953674316
endloop
endfacet
facet normal 0.642787533378432 -0.7660445071490762 0
outer loop
vertex 54.272682189941406 31.954753875732422 2.9000000953674316
vertex 54.272682189941406 31.954753875732422 2.200000047683716
vertex 66.2995834350586 42.0465202331543 2.200000047683716
endloop
endfacet
facet normal 0 0 1
outer loop
vertex 56.20781707763672 54.07341766357422 2.9000000953674316
vertex 65.17251586914062 42.14512634277344 2.9000000953674316
vertex 66.2995834350586 42.0465202331543 2.9000000953674316
endloop
endfacet
facet normal -0.6427876530199284 0.7660444067579452 0
outer loop
vertex 44.1809196472168 43.981651306152344 2.200000047683716
vertex 44.1809196472168 43.981651306152344 2.9000000953674316
vertex 56.20781707763672 54.07341766357422 2.9000000953674316
endloop
endfacet
facet normal 0 0 1
outer loop
vertex 65.17251586914062 42.14512634277344 2.9000000953674316
vertex 54.272682189941406 31.954753875732422 2.9000000953674316
vertex 66.2995834350586 42.0465202331543 2.9000000953674316
endloop
endfacet
facet normal 0.7660444067579452 0.6427876530199284 0
outer loop
vertex 56.20781707763672 54.07341766357422 2.200000047683716
vertex 66.2995834350586 42.0465202331543 2.9000000953674316
vertex 66.2995834350586 42.0465202331543 2.200000047683716
endloop
endfacet
facet normal 0 0 1
outer loop
vertex 54.37128829956055 33.081817626953125 2.9000000953674316
vertex 45.3079833984375 43.8830451965332 2.9000000953674316
vertex 54.272682189941406 31.954753875732422 2.9000000953674316
endloop
endfacet
facet normal 0 0 1
outer loop
vertex 54.37128829956055 33.081817626953125 2.9000000953674316
vertex 54.272682189941406 31.954753875732422 2.9000000953674316
vertex 65.17251586914062 42.14512634277344 2.9000000953674316
endloop
endfacet
facet normal -0.7660445263994615 -0.642787510436711 0
outer loop
vertex 44.1809196472168 43.981651306152344 2.9000000953674316
vertex 54.272682189941406 31.954753875732422 2.200000047683716
vertex 54.272682189941406 31.954753875732422 2.9000000953674316
endloop
endfacet
facet normal -0.7660445263994615 -0.642787510436711 0
outer loop
vertex 54.272682189941406 31.954753875732422 2.200000047683716
vertex 44.1809196472168 43.981651306152344 2.9000000953674316
vertex 44.1809196472168 43.981651306152344 2.200000047683716
endloop
endfacet
facet normal 0 0 1
outer loop
vertex 56.20781707763672 54.07341766357422 2.9000000953674316
vertex 56.10921096801758 52.94635009765625 2.9000000953674316
vertex 65.17251586914062 42.14512634277344 2.9000000953674316
endloop
endfacet
facet normal -0.6427877198064974 0.7660443507173482 0
outer loop
vertex 65.17251586914062 42.14512634277344 2.200000047683716
vertex 54.37128829956055 33.081817626953125 2.9000000953674316
vertex 65.17251586914062 42.14512634277344 2.9000000953674316
endloop
endfacet
facet normal 0.7660444839351869 0.6427875610436726 0
outer loop
vertex 54.37128829956055 33.081817626953125 2.9000000953674316
vertex 54.37128829956055 33.081817626953125 2.200000047683716
vertex 45.3079833984375 43.8830451965332 2.9000000953674316
endloop
endfacet
facet normal -0.7660443721521217 -0.6427876942615359 0
outer loop
vertex 65.17251586914062 42.14512634277344 2.200000047683716
vertex 65.17251586914062 42.14512634277344 2.9000000953674316
vertex 56.10921096801758 52.94635009765625 2.200000047683716
endloop
endfacet
facet normal -0.6427877198064974 0.7660443507173482 0
outer loop
vertex 65.17251586914062 42.14512634277344 2.200000047683716
vertex 54.37128829956055 33.081817626953125 2.200000047683716
vertex 54.37128829956055 33.081817626953125 2.9000000953674316
endloop
endfacet
facet normal 0.7660444592949285 0.6427875904083281 -7.721378066879702e-7
outer loop
vertex 54.37128829956055 33.081817626953125 2.200000047683716
vertex 47.435455322265625 41.34762191772461 2.200000047683716
vertex 45.3079833984375 43.8830451965332 2.9000000953674316
endloop
endfacet
facet normal 0.766044564264841 0.6427874653104945 0
outer loop
vertex 47.435455322265625 41.34762191772461 2.200000047683716
vertex 45.3079833984375 43.8830451965332 2.200000047683716
vertex 45.3079833984375 43.8830451965332 2.9000000953674316
endloop
endfacet
facet normal -0.7660443721521217 -0.6427876942615359 0
outer loop
vertex 56.10921096801758 52.94635009765625 2.9000000953674316
vertex 56.10921096801758 52.94635009765625 2.200000047683716
vertex 65.17251586914062 42.14512634277344 2.9000000953674316
endloop
endfacet
facet normal 0.6427875610436726 -0.7660444839351869 0
outer loop
vertex 45.3079833984375 43.8830451965332 2.9000000953674316
vertex 45.3079833984375 43.8830451965332 2.200000047683716
vertex 56.10921096801758 52.94635009765625 2.9000000953674316
endloop
endfacet
facet normal 0.6427875610436726 -0.7660444839351869 0
outer loop
vertex 56.10921096801758 52.94635009765625 2.9000000953674316
vertex 45.3079833984375 43.8830451965332 2.200000047683716
vertex 56.10921096801758 52.94635009765625 2.200000047683716
endloop
endfacet
endsolid auto-kdk-case
