solid auto-kdk-case
facet normal 0 0 1
outer loop
vertex 65.68577575683594 43.896400451660156 7.199999809265137
vertex 64.73561096191406 44.284488677978516 7.199999809265137
vertex 63.247596740722656 39.15055465698242 7.199999809265137
endloop
endfacet
facet normal 0 0 1
outer loop
vertex 68.59063720703125 41.107601165771484 7.199999809265137
vertex 63.91167449951172 38.51579666137695 7.199999809265137
vertex 69.00170135498047 40.166419982910156 7.199999809265137
endloop
endfacet
facet normal -0.763291248442702 -0.6460545410805355 0
outer loop
vertex -41.999820709228516 43.4265022277832 6.199999809265137
vertex -41.6535530090332 43.017398834228516 2.5
vertex -41.6535530090332 43.017398834228516 6.199999809265137
endloop
endfacet
facet normal -0.5318632248645734 -0.8468302722722282 0
outer loop
vertex -41.6535530090332 43.017398834228516 6.199999809265137
vertex -41.57479476928711 42.967933654785156 2.5
vertex -41.57479476928711 42.967933654785156 6.199999809265137
endloop
endfacet
facet normal 0 0 -1
outer loop
vertex -50.167564392089844 -57.65869903564453 -5.699999809265137
vertex -49.431007385253906 -57.143306732177734 -5.699999809265137
vertex -49.38227081298828 -57.1782112121582 -5.699999809265137
endloop
endfacet
facet normal 0 0 -1
outer loop
vertex -52.859642028808594 -53.463932037353516 -5.699999809265137
vertex -53.764373779296875 -53.60279083251953 -5.699999809265137
vertex -52.889530181884766 -53.41673278808594 -5.699999809265137
endloop
endfacet
facet normal 0 0 -1
outer loop
vertex -53.764373779296875 -53.60279083251953 -5.699999809265137
vertex -54.516563415527344 -51.42739486694336 -5.699999809265137
vertex -53.60480880737305 -51.61943435668945 -5.699999809265137
endloop
endfacet
facet normal 0 0 1
outer loop
vertex -73.03205108642578 38.876007080078125 7.199999809265137
vertex -68.27222442626953 41.308650970458984 7.199999809265137
vertex -68.32221221923828 41.380043029785156 7.199999809265137
endloop
endfacet
facet normal 0 0 -1
outer loop
vertex -46.248016357421875 -61.95236587524414 -5.699999809265137
vertex -45.494388580322266 -61.589195251464844 -5.699999809265137
vertex -45.44084930419922 -61.67842483520508 -5.699999809265137
endloop
endfacet
facet normal 0 0 -1
outer loop
vertex -46.248016357421875 -61.95236587524414 -5.699999809265137
vertex -45.44084930419922 -61.67842483520508 -5.699999809265137
vertex -42.595157623291016 -64.01235961914062 -5.699999809265137
endloop
endfacet
facet normal 0 0 -1
outer loop
vertex -47.20922088623047 -59.79234313964844 -5.699999809265137
vertex -45.82746505737305 -59.920101165771484 -5.699999809265137
vertex -47.00925827026367 -60.077919006347656 -5.699999809265137
endloop
endfacet
facet normal 0.9986259783749232 -0.05240375458620649 -0.00004266141259571031
outer loop
vertex -8.309768676757812 -48.97291946411133 6.200316905975342
vertex -8.082958221435547 -44.64772033691406 2.5
vertex -8.215356826782227 -47.173770904541016 6.199999809265137
endloop
endfacet
facet normal 0.9795219192574813 -0.20133755162448055 0
outer loop
vertex -39.583351135253906 11.970097541809082 6.199999809265137
vertex -37.91124725341797 20.105005264282227 2.5
vertex -37.91124725341797 20.105005264282227 6.199999809265137
endloop
endfacet
facet normal 0.6535058260260721 0.756921485591459 0
outer loop
vertex -49.7324333190918 65.09947204589844 1.7000000476837158
vertex -50.36726379394531 65.64756774902344 -3.700000047683716
vertex -50.36726379394531 65.64756774902344 1.7000000476837158
endloop
endfacet
facet normal -0.6429462902408227 -0.7659112553205407 0.00012976469823778675
outer loop
vertex -42.710323333740234 44.52203369140625 2.5
vertex -42.59489440917969 44.42513656616211 2.5
vertex -42.70988082885742 44.52228927612305 6.201022624969482
endloop
endfacet
facet normal 0 0 -1
outer loop
vertex -76.28376007080078 44.007144927978516 -5.699999809265137
vertex -77.06156158447266 44.490028381347656 -5.699999809265137
vertex -76.2760009765625 44.063453674316406 -5.699999809265137
endloop
endfacet
facet normal 0 0 1
outer loop
vertex -56.065425872802734 -28.229650497436523 7.199999809265137
vertex -55.196537017822266 -28.63482093811035 7.199999809265137
vertex -46.560482025146484 -25.64156150817871 7.199999809265137
endloop
endfacet
facet normal 0 0 1
outer loop
vertex 33.4369010925293 -52.551727294921875 7.199999809265137
vertex 33.90964889526367 -51.61216354370117 7.199999809265137
vertex 27.551145553588867 -48.214988708496094 7.199999809265137
endloop
endfacet
facet normal 0.7660454215984279 -0.6427864435783373 0
outer loop
vertex -64.60948944091797 46.17658233642578 6.199999809265137
vertex -56.639591217041016 55.674766540527344 2.5
vertex -56.639591217041016 55.674766540527344 6.199999809265137
endloop
endfacet
facet normal -0.46174444611611937 0.8870130024305833 0
outer loop
vertex 52.33839797973633 -14.860984802246094 2.5
vertex 52.33839797973633 -14.860984802246094 6.199999809265137
vertex 52.39210891723633 -14.833024978637695 6.199999809265137
endloop
endfacet
facet normal -0.7660479701654643 0.642783406292798 0
outer loop
vertex 51.74287414550781 -22.98813247680664 2.5
vertex 51.370121002197266 -23.4323673248291 2.5
vertex 51.74287414550781 -22.98813247680664 6.199999809265137
endloop
endfacet
facet normal 0.99619487768554 0.08715368995683373 0
outer loop
vertex 33.333770751953125 -23.688413619995117 6.199999809265137
vertex 32.93613052368164 -19.14325714111328 2.5
vertex 32.93613052368164 -19.14325714111328 6.199999809265137
endloop
endfacet
facet normal 0 0 1
outer loop
vertex 44.673500061035156 37.79896545410156 7.199999809265137
vertex 45.9324836730957 37.72645950317383 7.199999809265137
vertex 50.5718879699707 38.13233947753906 7.199999809265137
endloop
endfacet
facet normal 0 0 1
outer loop
vertex -51.46966552734375 -33.10485076904297 7.199999809265137
vertex -46.75980758666992 -30.67694091796875 7.199999809265137
vertex -46.7848014831543 -30.64124298095703 7.199999809265137
endloop
endfacet
facet normal -0.7071067811865475 -0.7071067811865475 0
outer loop
vertex 42.797916412353516 45.937599182128906 6.199999809265137
vertex 43.20796585083008 45.527549743652344 2.5
vertex 42.94305419921875 45.79246139526367 6.199999809265137
endloop
endfacet
facet normal 0.25882539112374603 0.9659241258554627 0
outer loop
vertex -39.49295425415039 23.35759925842285 2.5
vertex -44.38549041748047 24.6685848236084 2.5
vertex -39.49295425415039 23.35759925842285 6.199999809265137
endloop
endfacet
facet normal -0.08715772918272216 0.9961945242992009 0
outer loop
vertex -53.84447479248047 30.380435943603516 6.199999809265137
vertex -54.42216873168945 30.329893112182617 2.5
vertex -54.42216873168945 30.329893112182617 6.199999809265137
endloop
endfacet
facet normal 0 0 -1
outer loop
vertex 77.07481384277344 -15.217148780822754 -5.699999809265137
vertex 76.29947662353516 -14.770255088806152 -5.699999809265137
vertex 76.30622863769531 -14.710901260375977 -5.699999809265137
endloop
endfacet
facet normal 0 0 1
outer loop
vertex 68.37032318115234 -13.288833618164062 7.199999809265137
vertex 68.3203353881836 -13.360227584838867 7.199999809265137
vertex 73.1692886352539 -15.63085651397705 7.199999809265137
endloop
endfacet
facet normal 0.9144156232201944 0.4047765655405749 0
outer loop
vertex -8.043961524963379 -43.11397171020508 6.199999809265137
vertex -8.064981460571289 -43.06648635864258 2.5
vertex -8.064981460571289 -43.06648635864258 6.199999809265137
endloop
endfacet
facet normal 0.34826971227404185 -0.9373943713894147 0
outer loop
vertex 30.64271354675293 -61.01469802856445 1.7000000476837158
vertex 30.64271354675293 -61.01469802856445 -3.700000047683716
vertex 33.32426834106445 -60.0184211730957 -3.700000047683716
endloop
endfacet
facet normal 0 0 -1
outer loop
vertex -64.34998321533203 16.973552703857422 -5.699999809265137
vertex -64.95064544677734 17.67670440673828 -5.699999809265137
vertex -64.32719421386719 17.030906677246094 -5.699999809265137
endloop
endfacet
facet normal 0 0 1
outer loop
vertex -10.10743236541748 51.634918212890625 7.199999809265137
vertex 42.797916412353516 46.437599182128906 7.199999809265137
vertex 44.98297882080078 51.34465026855469 7.199999809265137
endloop
endfacet
facet normal 0 0 -1
outer loop
vertex -67.90118408203125 -27.730438232421875 -5.699999809265137
vertex -71.57498168945312 -23.475704193115234 -5.699999809265137
vertex -70.65982818603516 -23.499757766723633 -5.699999809265137
endloop
endfacet
facet normal -0.05048472586751269 0.9987248332017223 -5.233752179177841e-7
outer loop
vertex 65.68130493164062 49.839317321777344 1.7000000476837158
vertex 62.54473114013672 49.680763244628906 -3.700000047683716
vertex 55.0926513671875 49.30406951904297 1.7000000476837158
endloop
endfacet
facet normal 0 0 -1
outer loop
vertex -66.72767639160156 -29.579822540283203 -5.699999809265137
vertex -68.72425842285156 -28.09666633605957 -5.699999809265137
vertex -66.09626770019531 -28.947072982788086 -5.699999809265137
endloop
endfacet
facet normal -0.7571402573080631 0.6532523484561537 0
outer loop
vertex -62.67771911621094 65.41219329833984 -3.700000047683716
vertex -77.94830322265625 47.71310043334961 -3.700000047683716
vertex -62.67771911621094 65.41219329833984 1.7000000476837158
endloop
endfacet
facet normal 0 0 -1
outer loop
vertex 51.515968322753906 47.7962646484375 -5.699999809265137
vertex 52.55744552612305 48.49192810058594 -5.699999809265137
vertex 54.067970275878906 47.589298248291016 -5.699999809265137
endloop
endfacet
facet normal 0.9961942946473877 0.08716033561438455 0.00005663551438676454
outer loop
vertex 33.412841796875 -24.5918025970459 2.5
vertex 32.93613052368164 -19.14325714111328 2.5
vertex 33.41264343261719 -24.59193992614746 6.20048713684082
endloop
endfacet
facet normal 0.9034531921218822 0.428686750022416 0
outer loop
vertex 53.582122802734375 50.20669937133789 -3.700000047683716
vertex 53.408050537109375 50.57355499267578 -3.700000047683716
vertex 53.582122802734375 50.20669937133789 1.7000000476837158
endloop
endfacet
facet normal 0.4487244122848699 0.8936701862653794 0
outer loop
vertex -35.52882385253906 53.068809509277344 -3.700000047683716
vertex -35.75888442993164 53.184326171875 -3.700000047683716
vertex -35.52882385253906 53.068809509277344 1.7000000476837158
endloop
endfacet
facet normal 0 0 1
outer loop
vertex 16.272533416748047 -48.307899475097656 7.199999809265137
vertex 20.23908805847168 -56.36738586425781 7.199999809265137
vertex 20.504491806030273 -56.24362564086914 7.199999809265137
endloop
endfacet
facet normal 0 0 1
outer loop
vertex -55.975074768066406 56.21771240234375 7.199999809265137
vertex -55.89088821411133 56.195152282714844 7.199999809265137
vertex -58.406795501708984 61.246856689453125 7.199999809265137
endloop
endfacet
facet normal 0 0 1
outer loop
vertex -54.74356460571289 29.946868896484375 7.199999809265137
vertex -60.92790603637695 28.3859920501709 7.199999809265137
vertex -60.310516357421875 27.76860237121582 7.199999809265137
endloop
endfacet
facet normal 0 0 -1
outer loop
vertex 54.012718200683594 46.332176208496094 -5.699999809265137
vertex 54.74535369873047 47.33445358276367 -5.699999809265137
vertex 55.0926513671875 47.30406951904297 -5.699999809265137
endloop
endfacet
facet normal 0.737178286262233 -0.6756982864144894 0
outer loop
vertex 72.6833724975586 -24.30071449279785 1.7000000476837158
vertex 77.93193054199219 -18.574604034423828 -3.700000047683716
vertex 77.93193054199219 -18.574604034423828 1.7000000476837158
endloop
endfacet
facet normal -0.6453865765432746 -0.7638561165676113 0
outer loop
vertex -42.59489440917969 44.42513656616211 2.5
vertex -42.59489440917969 44.42513656616211 6.199999809265137
vertex -42.70988082885742 44.52228927612305 6.201022624969482
endloop
endfacet
facet normal 0 0 1
outer loop
vertex 67.7355728149414 -13.952908515930176 7.199999809265137
vertex 69.18499755859375 -19.977670669555664 7.199999809265137
vertex 67.81455993652344 -13.916074752807617 7.199999809265137
endloop
endfacet
facet normal 0 0 1
outer loop
vertex -73.43505096435547 39.80839920043945 7.199999809265137
vertex -68.43214416503906 42.294559478759766 7.199999809265137
vertex -68.40958404541016 42.378746032714844 7.199999809265137
endloop
endfacet
facet normal -0.9961947016312779 -0.08715570229060898 0
outer loop
vertex 66.40512084960938 4.474168300628662 6.199999809265137
vertex 67.93730926513672 -13.038833618164062 2.5
vertex 67.93730926513672 -13.038833618164062 6.199999809265137
endloop
endfacet
facet normal 0 0 1
outer loop
vertex -13.342413902282715 -43.130836486816406 7.199999809265137
vertex -31.598867416381836 -61.4473991394043 7.199999809265137
vertex -13.258228302001953 -43.108280181884766 7.199999809265137
endloop
endfacet
facet normal 0.9724555872213513 0.23308824698379113 0
outer loop
vertex -46.07242202758789 -25.464130401611328 2.5
vertex -46.04501724243164 -25.57846450805664 6.199999809265137
vertex -46.04501724243164 -25.57846450805664 2.5
endloop
endfacet
facet normal 0 0 1
outer loop
vertex 51.54113006591797 -23.902212142944336 7.199999809265137
vertex 51.456947326660156 -23.92477035522461 7.199999809265137
vertex 62.93635940551758 -23.654090881347656 7.199999809265137
endloop
endfacet
facet normal 0 0 -1
outer loop
vertex -60.809776306152344 24.87196159362793 -5.699999809265137
vertex -62.55414581298828 24.580568313598633 -5.699999809265137
vertex -62.64437484741211 24.91731071472168 -5.699999809265137
endloop
endfacet
facet normal 0 0 1
outer loop
vertex -42.12504959106445 44.59614944458008 7.199999809265137
vertex -42.10249328613281 44.511962890625 7.199999809265137
vertex -39.70720672607422 49.17845153808594 7.199999809265137
endloop
endfacet
facet normal 0 0 1
outer loop
vertex -66.09806823730469 -25.687498092651367 7.199999809265137
vertex -62.977909088134766 -21.109682083129883 7.199999809265137
vertex -63.01561737060547 -21.028406143188477 7.199999809265137
endloop
endfacet
facet normal -0.9937626355617841 -0.11151602647734729 0
outer loop
vertex -64.4006118774414 23.135873794555664 1.7000000476837158
vertex -64.27088165283203 21.97979736328125 -3.700000047683716
vertex -64.27088165283203 21.97979736328125 1.7000000476837158
endloop
endfacet
facet normal 0 0 1
outer loop
vertex 33.53567886352539 -25.347576141357422 7.199999809265137
vertex 33.09144973754883 -24.974824905395508 7.199999809265137
vertex 27.6158504486084 -47.99106979370117 7.199999809265137
endloop
endfacet
facet normal 0.9340088638306427 -0.35724983174987895 -6.89218520308667e-7
outer loop
vertex 77.93193054199219 -18.574604034423828 1.7000000476837158
vertex 78.54423522949219 -16.973758697509766 -3.700000047683716
vertex 79.10542297363281 -15.506566047668457 -3.700000047683716
endloop
endfacet
facet normal -0.931277874647392 0.364309648777296 0
outer loop
vertex -77.94830322265625 47.71310043334961 -3.700000047683716
vertex -79.0716781616211 44.84143829345703 -3.700000047683716
vertex -77.94830322265625 47.71310043334961 1.7000000476837158
endloop
endfacet
facet normal 0 -1 0
outer loop
vertex -42.831241607666016 -66.94740295410156 1.7000000476837158
vertex -19.867033004760742 -66.94740295410156 -3.450000047683716
vertex -7.867033958435059 -66.94740295410156 -3.450000047683716
endloop
endfacet
facet normal 0.8125689375822174 0.5828650973222762 0
outer loop
vertex -47.09115982055664 -24.04391860961914 2.5
vertex -47.09115982055664 -24.04391860961914 6.199999809265137
vertex -46.973663330078125 -24.207719802856445 6.199999809265137
endloop
endfacet
facet normal 0.9153115660600377 0.4027464922711571 0
outer loop
vertex -44.66435623168945 35.6246337890625 6.199999809265137
vertex -44.66435623168945 35.6246337890625 2.5
vertex -44.74931716918945 35.81772232055664 2.5
endloop
endfacet
facet normal 0.08715642138867855 -0.9961946387162928 0.000001906313300244982
outer loop
vertex 50.61546325683594 37.63424301147461 6.199999809265137
vertex 62.997596740722656 38.7175407409668 2.5
vertex 54.10330581665039 37.93939208984375 6.199999809265137
endloop
endfacet
facet normal 0.08715188157825844 -0.9961950358927558 0
outer loop
vertex 48.976165771484375 37.49082946777344 6.199999809265137
vertex 50.61546325683594 37.63424301147461 2.5
vertex 50.61546325683594 37.63424301147461 6.199999809265137
endloop
endfacet
facet normal 0 0 -1
outer loop
vertex -20.269235610961914 48.04458236694336 -5.699999809265137
vertex -18.51382064819336 48.833274841308594 -5.699999809265137
vertex -20.282785415649414 46.71323013305664 -5.699999809265137
endloop
endfacet
facet normal 0.0052688070733653645 0.9999861197396809 0
outer loop
vertex 46.29237747192383 56.83782958984375 -3.700000047683716
vertex -10.990922927856445 57.1396484375 -3.700000047683716
vertex -10.990922927856445 57.1396484375 1.7000000476837158
endloop
endfacet
facet normal 0 0 1
outer loop
vertex -51.46966552734375 -33.10485076904297 7.199999809265137
vertex -46.947662353515625 -30.411970138549805 7.199999809265137
vertex -47.11110305786133 -30.184120178222656 7.199999809265137
endloop
endfacet
facet normal 0.999825757311241 -0.01866694985805945 0
outer loop
vertex -9.355031967163086 36.51374053955078 6.199999809265137
vertex -9.192033767700195 45.24413299560547 2.5
vertex -9.192033767700195 45.24413299560547 6.199999809265137
endloop
endfacet
facet normal 0 0 -1
outer loop
vertex -55.923301696777344 -30.831212997436523 -5.699999809265137
vertex -56.40419387817383 -32.12702560424805 -5.699999809265137
vertex -56.66096115112305 -31.86587142944336 -5.699999809265137
endloop
endfacet
facet normal 0.20955799806558975 -0.9777962187729825 0
outer loop
vertex -41.08850860595703 10.894207954406738 2.5
vertex -41.20305633544922 10.869658470153809 6.199999809265137
vertex -41.20305633544922 10.869658470153809 2.5
endloop
endfacet
facet normal -0.7071067811865476 -0.7071067811865476 0
outer loop
vertex 43.20796585083008 45.527549743652344 2.5
vertex 43.20796585083008 45.527549743652344 6.199999809265137
vertex 42.94305419921875 45.79246139526367 6.199999809265137
endloop
endfacet
facet normal 0.1967758647644167 -0.9804484989259844 0
outer loop
vertex -11.071296691894531 35.1351203918457 2.5
vertex -11.15414810180664 35.118492126464844 6.199999809265137
vertex -11.15414810180664 35.118492126464844 2.5
endloop
endfacet
facet normal 0.9762971111841728 0.21643463376603786 0
outer loop
vertex -30.30988311767578 -34.51026916503906 2.5
vertex -30.2840518951416 -34.62678909301758 6.199999809265137
vertex -30.2840518951416 -34.62678909301758 2.5
endloop
endfacet
facet normal 0.6738556112080271 0.7388630558117358 0
outer loop
vertex -38.65711212158203 22.618345260620117 6.199999809265137
vertex -39.42980194091797 23.32305145263672 2.5
vertex -39.42980194091797 23.32305145263672 6.199999809265137
endloop
endfacet
facet normal 0 0 1
outer loop
vertex 9.608160972595215 -50.82157897949219 7.199999809265137
vertex -7.9476847648620605 -49.901512145996094 7.199999809265137
vertex 13.810667037963867 -61.4473991394043 7.199999809265137
endloop
endfacet
facet normal 0 0 1
outer loop
vertex -58.406795501708984 61.246856689453125 7.199999809265137
vertex -56.06189727783203 56.22530746459961 7.199999809265137
vertex -55.975074768066406 56.21771240234375 7.199999809265137
endloop
endfacet
facet normal 0 0 1
outer loop
vertex -45.353233337402344 -56.63719940185547 7.199999809265137
vertex -44.65620803833008 -57.41444396972656 7.199999809265137
vertex -31.0645751953125 -39.96761703491211 7.199999809265137
endloop
endfacet
facet normal 0 0 1
outer loop
vertex -59.3524169921875 60.8469123840332 7.199999809265137
vertex -56.889591217041016 56.1077766418457 7.199999809265137
vertex -56.81060028076172 56.14461135864258 7.199999809265137
endloop
endfacet
facet normal 0 0 1
outer loop
vertex -58.85444259643555 21.02473258972168 7.199999809265137
vertex -59.10257339477539 20.09868621826172 7.199999809265137
vertex -56.129364013671875 14.009270668029785 7.199999809265137
endloop
endfacet
facet normal 0 0 1
outer loop
vertex -53.801063537597656 29.884233474731445 7.199999809265137
vertex -47.77855682373047 25.868295669555664 7.199999809265137
vertex -53.757652282714844 29.888031005859375 7.199999809265137
endloop
endfacet
facet normal -0.19840634643300253 -0.9801198506790418 0
outer loop
vertex -67.5619888305664 -31.45149803161621 1.7000000476837158
vertex -67.5619888305664 -31.45149803161621 -3.700000047683716
vertex -57.946537017822266 -33.3979606628418 -3.700000047683716
endloop
endfacet
facet normal 0 0 1
outer loop
vertex -39.70720672607422 49.17845153808594 7.199999809265137
vertex -42.273502349853516 44.80815887451172 7.199999809265137
vertex -42.21187210083008 44.74653244018555 7.199999809265137
endloop
endfacet
facet normal -0.7660465395343425 0.6427851112636167 -0.000002297591977513056
outer loop
vertex -48.971492767333984 36.18788146972656 6.199999809265137
vertex -53.84447479248047 30.380435943603516 2.5
vertex -49.722808837890625 35.2924919128418 6.199999809265137
endloop
endfacet
facet normal 0 0 -1
outer loop
vertex 50.62870407104492 49.64968490600586 -5.699999809265137
vertex 51.52865982055664 49.86893844604492 -5.699999809265137
vertex 50.654632568359375 49.61150360107422 -5.699999809265137
endloop
endfacet
facet normal 0 0 -1
outer loop
vertex -50.167564392089844 -57.65869903564453 -5.699999809265137
vertex -53.764373779296875 -53.60279083251953 -5.699999809265137
vertex -52.859642028808594 -53.463932037353516 -5.699999809265137
endloop
endfacet
facet normal 0 0 1
outer loop
vertex -31.598867416381836 -61.4473991394043 7.199999809265137
vertex -8.74264144897461 -49.22284698486328 7.199999809265137
vertex -8.779497146606445 -49.14382553100586 7.199999809265137
endloop
endfacet
facet normal 0 0 1
outer loop
vertex 48.630126953125 47.85696792602539 7.199999809265137
vertex 43.70796585083008 45.527549743652344 7.199999809265137
vertex 48.81898498535156 47.45669937133789 7.199999809265137
endloop
endfacet
facet normal 0.7429666727655821 0.66932841076514 0.00004125836087855037
outer loop
vertex -7.921600341796875 -49.40379333496094 6.199999809265137
vertex -8.3096284866333 -48.97284698486328 2.5
vertex -8.309768676757812 -48.97291946411133 6.200316905975342
endloop
endfacet
facet normal 0.0523362046619975 0.998629521735452 0
outer loop
vertex -7.921600341796875 -49.40379333496094 2.5
vertex -7.921600341796875 -49.40379333496094 6.199999809265137
vertex -0.03883352503180504 -49.81691360473633 6.199999809265137
endloop
endfacet
facet normal 0 0 1
outer loop
vertex -31.598867416381836 -61.4473991394043 7.199999809265137
vertex -13.544981956481934 -43.125736236572266 7.199999809265137
vertex -13.660637855529785 -43.14235305786133 7.199999809265137
endloop
endfacet
facet normal -0.08715294619273611 0.9961949427546428 0
outer loop
vertex 67.26155853271484 -13.509571075439453 2.5
vertex 67.26155853271484 -13.509571075439453 6.199999809265137
vertex 67.5039291381836 -13.488367080688477 6.199999809265137
endloop
endfacet
facet normal 0.507097346042946 -0.8618887872783824 0
outer loop
vertex 40.38471221923828 -43.3038215637207 1.7000000476837158
vertex 40.38471221923828 -43.3038215637207 -3.700000047683716
vertex 72.6833724975586 -24.30071449279785 -3.700000047683716
endloop
endfacet
facet normal 0.25881919655609964 0.9659257857071913 0
outer loop
vertex -46.988609313964844 25.3660888671875 2.5
vertex -44.38549041748047 24.6685848236084 6.199999809265137
vertex -44.38549041748047 24.6685848236084 2.5
endloop
endfacet
facet normal 0.8932959798296818 -0.4494689003925955 0
outer loop
vertex 37.878665924072266 -55.960609436035156 1.7000000476837158
vertex 39.37054443359375 -52.99557876586914 -3.700000047683716
vertex 39.37054443359375 -52.99557876586914 1.7000000476837158
endloop
endfacet
facet normal 0.17364829709569385 0.9848077319536874 0
outer loop
vertex -57.03425979614258 -22.245601654052734 2.5
vertex -62.21315383911133 -21.332422256469727 2.5
vertex -57.03425979614258 -22.245601654052734 6.199999809265137
endloop
endfacet
facet normal 0 0 1
outer loop
vertex 43.67781066894531 45.69855880737305 7.199999809265137
vertex 43.70037078857422 45.61437225341797 7.199999809265137
vertex 48.58618927001953 47.905696868896484 7.199999809265137
endloop
endfacet
facet normal 0.6864071317432645 -0.7272174705629567 0
outer loop
vertex 21.430334091186523 -61.81841278076172 -3.700000047683716
vertex 21.430334091186523 -61.81841278076172 1.7000000476837158
vertex 17.56900405883789 -65.46305084228516 -3.700000047683716
endloop
endfacet
facet normal 0 0 1
outer loop
vertex 50.046791076660156 45.99345397949219 7.199999809265137
vertex 49.36887741088867 46.67136764526367 7.199999809265137
vertex 43.70796585083008 38.83179473876953 7.199999809265137
endloop
endfacet
facet normal 0.17364835711429827 0.9848077213707787 0
outer loop
vertex -62.21315383911133 -21.332422256469727 2.5
vertex -62.21315383911133 -21.332422256469727 6.199999809265137
vertex -59.726226806640625 -21.77093505859375 6.199999809265137
endloop
endfacet
facet normal 0 0 -1
outer loop
vertex 37.384765625 -52.49251937866211 -5.699999809265137
vertex 36.664085388183594 -51.92268371582031 -5.699999809265137
vertex 36.740257263183594 -43.49782180786133 -5.699999809265137
endloop
endfacet
facet normal 0 0 1
outer loop
vertex -31.656496047973633 -33.45884323120117 7.199999809265137
vertex -46.46360778808594 -30.847949981689453 7.199999809265137
vertex -30.80120277404785 -34.68031692504883 7.199999809265137
endloop
endfacet
facet normal 0 0 -1
outer loop
vertex -62.39149856567383 21.295757293701172 -5.699999809265137
vertex -62.30126953125 21.63250160217285 -5.699999809265137
vertex -61.10630798339844 20.16395378112793 -5.699999809265137
endloop
endfacet
facet normal 0 0 -1
outer loop
vertex 21.701562881469727 -59.53254699707031 -5.699999809265137
vertex 20.600982666015625 -58.59443283081055 -5.699999809265137
vertex 22.038307189941406 -59.442317962646484 -5.699999809265137
endloop
endfacet
facet normal 0 0 -1
outer loop
vertex -60.809776306152344 24.87196159362793 -5.699999809265137
vertex -63.2161750793457 25.743350982666016 -5.699999809265137
vertex -75.02252197265625 36.927337646484375 -5.699999809265137
endloop
endfacet
facet normal 0 0 1
outer loop
vertex 44.98297882080078 51.34465026855469 7.199999809265137
vertex 42.88473892211914 46.43000411987305 7.199999809265137
vertex 42.96892547607422 46.407447814941406 7.199999809265137
endloop
endfacet
facet normal 0 0 1
outer loop
vertex -66.09806823730469 -25.687498092651367 7.199999809265137
vertex -62.79442596435547 -21.374006271362305 7.199999809265137
vertex -62.95230484008789 -21.14624786376953 7.199999809265137
endloop
endfacet
facet normal 0 0 1
outer loop
vertex 43.15147018432617 46.29115295410156 7.199999809265137
vertex 43.56017303466797 45.879756927490234 7.199999809265137
vertex 45.8963623046875 50.88900375366211 7.199999809265137
endloop
endfacet
facet normal 0 0 1
outer loop
vertex -63.045772552490234 -20.857397079467773 7.199999809265137
vertex -66.09806823730469 -25.687498092651367 7.199999809265137
vertex -63.038177490234375 -20.94422149658203 7.199999809265137
endloop
endfacet
facet normal 0 0 -1
outer loop
vertex -75.02252197265625 36.927337646484375 -5.699999809265137
vertex -75.92758178710938 36.75347137451172 -5.699999809265137
vertex -75.06031799316406 36.97568130493164 -5.699999809265137
endloop
endfacet
facet normal 0 0 1
outer loop
vertex -46.46360778808594 -30.847949981689453 7.199999809265137
vertex -51.02090072631836 -50.82682800292969 7.199999809265137
vertex -30.80120277404785 -34.68031692504883 7.199999809265137
endloop
endfacet
facet normal 0.8191577000652674 0.5735683589806722 0
outer loop
vertex -59.68302917480469 -4.21453332901001 6.199999809265137
vertex -59.743106842041016 -4.128731727600098 2.5
vertex -59.743106842041016 -4.128731727600098 6.199999809265137
endloop
endfacet
facet normal 0 0 1
outer loop
vertex 52.2747802734375 44.58845138549805 7.199999809265137
vertex 50.5718879699707 38.13233947753906 7.199999809265137
vertex 52.3426513671875 44.54092788696289 7.199999809265137
endloop
endfacet
facet normal 0 0 -1
outer loop
vertex -59.31133270263672 63.82835388183594 -5.699999809265137
vertex -59.13825607299805 64.73766326904297 -5.699999809265137
vertex -59.25080108642578 63.84351348876953 -5.699999809265137
endloop
endfacet
facet normal 0 0 -1
outer loop
vertex -37.4774055480957 51.87956237792969 -5.699999809265137
vertex -52.1340217590332 63.33958053588867 -5.699999809265137
vertex -51.4263801574707 63.919700622558594 -5.699999809265137
endloop
endfacet
facet normal 0.8125667554512921 0.582867428665008 0.0009102399694367559
outer loop
vertex -46.53971862792969 -30.12285041809082 6.199999809265137
vertex -46.70940017700195 -29.880521774291992 2.5
vertex -46.70481872558594 -29.89268684387207 6.199999809265137
endloop
endfacet
facet normal 0.8191699649277522 0.5735508421725786 -0.0000018415394952513105
outer loop
vertex -46.37678527832031 -30.355546951293945 6.199999809265137
vertex -46.53971862792969 -30.12285041809082 2.5
vertex -46.424072265625 -30.288009643554688 6.199999809265137
endloop
endfacet
facet normal -0.9996422819890547 -0.026745243683979326 0
outer loop
vertex -79.0716781616211 44.84143829345703 1.7000000476837158
vertex -78.90470123291016 38.600433349609375 -3.700000047683716
vertex -78.90470123291016 38.600433349609375 1.7000000476837158
endloop
endfacet
facet normal 0 0 -1
outer loop
vertex -66.72767639160156 -29.579822540283203 -5.699999809265137
vertex -55.923301696777344 -30.831212997436523 -5.699999809265137
vertex -57.55046844482422 -31.4414119720459 -5.699999809265137
endloop
endfacet
facet normal -0.6567474822088782 -0.7541105652437838 0
outer loop
vertex -47.93015670776367 -63.1395378112793 1.7000000476837158
vertex -47.93015670776367 -63.1395378112793 -3.700000047683716
vertex -44.06401443481445 -66.50652313232422 -3.700000047683716
endloop
endfacet
facet normal 0 0 -1
outer loop
vertex -20.738557815551758 47.89252853393555 -5.699999809265137
vertex -20.401813507080078 47.982757568359375 -5.699999809265137
vertex -20.282785415649414 46.71323013305664 -5.699999809265137
endloop
endfacet
facet normal -0.6427867172252993 -0.7660451919819826 -1.018651377189928e-7
outer loop
vertex -56.06189727783203 55.72530746459961 6.199999809265137
vertex -42.710323333740234 44.52203369140625 2.5
vertex -45.81072998046875 47.12357711791992 6.199999809265137
endloop
endfacet
facet normal 0 0 -1
outer loop
vertex -36.9958610534668 50.42390823364258 -5.699999809265137
vertex -37.06629180908203 51.61041259765625 -5.699999809265137
vertex -36.4262809753418 51.281471252441406 -5.699999809265137
endloop
endfacet
facet normal 0 0 1
outer loop
vertex -14.165451049804688 48.621578216552734 7.199999809265137
vertex -9.535490989685059 45.892242431640625 7.199999809265137
vertex -9.336602210998535 46.090087890625 7.199999809265137
endloop
endfacet
facet normal 0 0 1
outer loop
vertex 33.900482177734375 -25.460756301879883 7.199999809265137
vertex 35.6561164855957 -40.504486083984375 7.199999809265137
vertex 36.17146682739258 -39.768489837646484 7.199999809265137
endloop
endfacet
facet normal 0 0 1
outer loop
vertex -14.530452728271484 47.979854583740234 7.199999809265137
vertex -9.692033767700195 45.527549743652344 7.199999809265137
vertex -14.165451049804688 48.621578216552734 7.199999809265137
endloop
endfacet
facet normal -0.6426957709213281 -0.7661214846256229 0.00012974926341598157
outer loop
vertex -45.81072998046875 47.12357711791992 6.199999809265137
vertex -42.710323333740234 44.52203369140625 2.5
vertex -42.70988082885742 44.52228927612305 6.201022624969482
endloop
endfacet
facet normal 0 0 1
outer loop
vertex -19.204742431640625 44.6938362121582 7.199999809265137
vertex -11.216339111328125 35.652793884277344 7.199999809265137
vertex -18.84015464782715 44.86384582519531 7.199999809265137
endloop
endfacet
facet normal 0.7426928306912962 0.6696322567198728 0
outer loop
vertex 53.2100715637207 50.99079132080078 -3.700000047683716
vertex 49.28364944458008 55.34560775756836 -3.700000047683716
vertex 53.2100715637207 50.99079132080078 1.7000000476837158
endloop
endfacet
facet normal 0 0 1
outer loop
vertex -46.947662353515625 -30.411970138549805 7.199999809265137
vertex -51.46966552734375 -33.10485076904297 7.199999809265137
vertex -46.7848014831543 -30.64124298095703 7.199999809265137
endloop
endfacet
facet normal 0 -1 0
outer loop
vertex -42.831241607666016 -66.94740295410156 1.7000000476837158
vertex -39.644325256347656 -66.94740295410156 -3.700000047683716
vertex -39.44105911254883 -66.94740295410156 -3.564180612564087
endloop
endfacet
facet normal -0.40982858200203726 0.9121625586342598 0
outer loop
vertex -19.3304386138916 50.650840759277344 1.7000000476837158
vertex -19.3304386138916 50.650840759277344 -3.700000047683716
vertex -21.085853576660156 49.862144470214844 1.7000000476837158
endloop
endfacet
facet normal 0 0 1
outer loop
vertex -73.43505096435547 39.80839920043945 7.199999809265137
vertex -68.3853988647461 41.586631774902344 7.199999809265137
vertex -68.43594360351562 42.16432189941406 7.199999809265137
endloop
endfacet
facet normal 0 0 1
outer loop
vertex 10.610419273376465 -49.085227966308594 7.199999809265137
vertex 10.580402374267578 -49.657981872558594 7.199999809265137
vertex 11.710502624511719 -48.068817138671875 7.199999809265137
endloop
endfacet
facet normal -0.25881931437530054 -0.9659257541374218 -5.936702733673551e-7
outer loop
vertex -25.226337432861328 38.88912582397461 6.199999809265137
vertex -11.15414810180664 35.118492126464844 2.5
vertex -22.092485427856445 38.04941177368164 6.199999809265137
endloop
endfacet
facet normal 0 0 1
outer loop
vertex -36.717498779296875 47.714962005615234 7.199999809265137
vertex -41.34299087524414 43.42441177368164 7.199999809265137
vertex -25.48149299621582 39.31916046142578 7.199999809265137
endloop
endfacet
facet normal -0.9961949211457002 -0.08715319319171569 0
outer loop
vertex 63.441837310791016 38.34476089477539 6.200014591217041
vertex 63.67597198486328 35.66851043701172 2.5
vertex 63.67597198486328 35.66851043701172 6.199999809265137
endloop
endfacet
facet normal 0.7071034545723309 -0.707110107785114 0
outer loop
vertex -8.781983375549316 45.937599182128906 2.5
vertex -8.984698295593262 45.734886169433594 6.199999809265137
vertex -8.984698295593262 45.734886169433594 2.5
endloop
endfacet
facet normal 0 0 1
outer loop
vertex 10.49959945678711 -50.18275833129883 7.199999809265137
vertex 17.895002365112305 -57.605167388916016 7.199999809265137
vertex 10.571981430053711 -49.93669509887695 7.199999809265137
endloop
endfacet
facet normal 0 0 -1
outer loop
vertex 72.44210815429688 41.033836364746094 -5.699999809265137
vertex 71.53448486328125 41.0989875793457 -5.699999809265137
vertex 71.51944732666016 41.15299606323242 -5.699999809265137
endloop
endfacet
facet normal 0 0 1
outer loop
vertex 13.810667037963867 -61.4473991394043 7.199999809265137
vertex 9.977742195129395 -50.690223693847656 7.199999809265137
vertex 9.608160972595215 -50.82157897949219 7.199999809265137
endloop
endfacet
facet normal 0.9795219192574813 -0.20133755162448055 0
outer loop
vertex -39.583351135253906 11.970097541809082 6.199999809265137
vertex -39.583351135253906 11.970097541809082 2.5
vertex -37.91124725341797 20.105005264282227 2.5
endloop
endfacet
facet normal 0.17364533973746216 0.9848082534115264 0
outer loop
vertex -13.429238319396973 -42.638431549072266 2.5
vertex -13.565103530883789 -42.61447525024414 2.5
vertex -13.429238319396973 -42.638431549072266 6.199999809265137
endloop
endfacet
facet normal 0.8191485236830467 0.5735814642645675 0
outer loop
vertex -62.54475402832031 -20.858854293823242 2.5
vertex -62.21315383911133 -21.332422256469727 6.199999809265137
vertex -62.21315383911133 -21.332422256469727 2.5
endloop
endfacet
facet normal 0 0 1
outer loop
vertex -56.129364013671875 14.009270668029785 7.199999809265137
vertex -41.253883361816406 11.386333465576172 7.199999809265137
vertex -58.85444259643555 21.02473258972168 7.199999809265137
endloop
endfacet
facet normal 0 0 1
outer loop
vertex -43.30427169799805 -59.87481689453125 7.199999809265137
vertex -41.49855041503906 -61.4473991394043 7.199999809265137
vertex -30.9920597076416 -40.01872634887695 7.199999809265137
endloop
endfacet
facet normal 0.9848093273878115 -0.17363924870249348 0
outer loop
vertex -30.468481063842773 -35.672794342041016 6.199999809265137
vertex -30.2840518951416 -34.62678909301758 2.5
vertex -30.2840518951416 -34.62678909301758 6.199999809265137
endloop
endfacet
facet normal 0 0 1
outer loop
vertex -58.80519104003906 22.593135833740234 7.199999809265137
vertex -47.310001373291016 24.98306655883789 7.199999809265137
vertex -47.37163162231445 25.044694900512695 7.199999809265137
endloop
endfacet
facet normal 0 0 1
outer loop
vertex 62.954185485839844 39.213741302490234 7.199999809265137
vertex 62.997596740722656 39.2175407409668 7.199999809265137
vertex 64.73561096191406 44.284488677978516 7.199999809265137
endloop
endfacet
facet normal 0 0 1
outer loop
vertex -31.48269271850586 -39.396385192871094 7.199999809265137
vertex -45.353233337402344 -56.63719940185547 7.199999809265137
vertex -31.313596725463867 -39.641197204589844 7.199999809265137
endloop
endfacet
facet normal -0.9986295461644854 0.05233573852840869 0
outer loop
vertex 10.11964225769043 -48.89614486694336 2.5
vertex 10.080751419067383 -49.63822937011719 2.5
vertex 10.11964225769043 -48.89614486694336 6.199999809265137
endloop
endfacet
facet normal 0 0 1
outer loop
vertex -42.21187210083008 44.74653244018555 7.199999809265137
vertex -42.16188430786133 44.67513656616211 7.199999809265137
vertex -39.70720672607422 49.17845153808594 7.199999809265137
endloop
endfacet
facet normal 0 0 -1
outer loop
vertex 54.067970275878906 47.589298248291016 -5.699999809265137
vertex 54.40861129760742 47.4246826171875 -5.699999809265137
vertex 54.012718200683594 46.332176208496094 -5.699999809265137
endloop
endfacet
facet normal 0.9340096395839113 -0.3572478035822366 0
outer loop
vertex 78.54423522949219 -16.973758697509766 -3.700000047683716
vertex 77.93193054199219 -18.574604034423828 1.7000000476837158
vertex 77.93193054199219 -18.574604034423828 -3.700000047683716
endloop
endfacet
facet normal -0.5963323305182934 -0.8027376604960185 0
outer loop
vertex -70.22493743896484 -29.473331451416016 1.7000000476837158
vertex -70.22493743896484 -29.473331451416016 -3.700000047683716
vertex -70.06248474121094 -29.594013214111328 1.7000000476837158
endloop
endfacet
facet normal 0 0 1
outer loop
vertex -55.74050521850586 56.10832977294922 7.199999809265137
vertex -42.38867950439453 44.90480422973633 7.199999809265137
vertex -39.76614761352539 49.22862243652344 7.199999809265137
endloop
endfacet
facet normal 0 0 -1
outer loop
vertex 70.62749481201172 42.939056396484375 -5.699999809265137
vertex 67.62773132324219 46.8839111328125 -5.699999809265137
vertex 71.51847076416016 43.148616790771484 -5.699999809265137
endloop
endfacet
facet normal 0 0 1
outer loop
vertex -73.03205108642578 38.876007080078125 7.199999809265137
vertex -60.92790603637695 28.3859920501709 7.199999809265137
vertex -68.2105941772461 41.24702072143555 7.199999809265137
endloop
endfacet
facet normal 0 0 -1
outer loop
vertex 76.20006561279297 -17.504150390625 -5.699999809265137
vertex 75.6353530883789 -16.79349708557129 -5.699999809265137
vertex 75.66452026367188 -16.741365432739258 -5.699999809265137
endloop
endfacet
facet normal -0.996190533402934 -0.08720333226647861 0
outer loop
vertex -42.58517074584961 44.313961029052734 6.199999809265137
vertex -42.58176803588867 44.275089263916016 2.5
vertex -42.58176803588867 44.275089263916016 6.199999809265137
endloop
endfacet
facet normal 0.9971488587065801 0.07545961555393801 7.85208558083091e-7
outer loop
vertex -37.90858840942383 20.146726608276367 6.199999809265137
vertex -37.95400619506836 20.746931076049805 2.5
vertex -37.934688568115234 20.491622924804688 6.199999809265137
endloop
endfacet
facet normal -0.19509752304458397 0.9807838480021314 0
outer loop
vertex -47.895660400390625 37.37532424926758 6.199999809265137
vertex -47.99102783203125 37.356353759765625 2.5
vertex -47.99102783203125 37.356353759765625 6.199999809265137
endloop
endfacet
facet normal 0 0 1
outer loop
vertex -8.292266845703125 -49.737545013427734 7.199999809265137
vertex -31.598867416381836 -61.4473991394043 7.199999809265137
vertex -8.24299430847168 -49.78681564331055 7.199999809265137
endloop
endfacet
facet normal 0 0 1
outer loop
vertex -68.32276153564453 42.52912902832031 7.199999809265137
vertex -57.022613525390625 55.996158599853516 7.199999809265137
vertex -73.16917419433594 44.83285140991211 7.199999809265137
endloop
endfacet
facet normal -0.2505626459847233 -0.9681003875819614 -8.890994468139553e-7
outer loop
vertex -41.57479476928711 42.967933654785156 6.199999809265137
vertex -25.408689498901367 38.783843994140625 2.5
vertex -34.80716323852539 41.21634292602539 6.199999809265137
endloop
endfacet
facet normal -0.9842245196902482 0.17692398039977625 0
outer loop
vertex -68.65386962890625 8.380023002624512 1.7000000476837158
vertex -73.96347045898438 -21.15717887878418 -3.700000047683716
vertex -73.96347045898438 -21.15717887878418 1.7000000476837158
endloop
endfacet
facet normal 0.9855379329040012 -0.16945462088798696 0.0003380340474786312
outer loop
vertex -62.49478530883789 -20.568239212036133 2.5
vertex -62.545772552490234 -20.857397079467773 6.199999809265137
vertex -62.54475402832031 -20.858854293823242 2.5
endloop
endfacet
facet normal 0.6427863389309676 0.7660455094057205 0.0000017474135878430886
outer loop
vertex -54.42216873168945 30.329893112182617 6.199999809265137
vertex -67.88919830322266 41.630043029785156 2.5
vertex -60.362937927246094 35.31477355957031 6.199999809265137
endloop
endfacet
facet normal 0 0 1
outer loop
vertex 67.6079330444336 -13.979268074035645 7.199999809265137
vertex 69.18499755859375 -19.977670669555664 7.199999809265137
vertex 67.65135192871094 -13.975468635559082 7.199999809265137
endloop
endfacet
facet normal 0.632659161157073 0.7744303621376157 -0.0000018520424145531518
outer loop
vertex -8.064981460571289 -43.06648635864258 6.199999809265137
vertex -9.746011734008789 -41.69320297241211 2.5
vertex -8.614248275756836 -42.61777114868164 6.199999809265137
endloop
endfacet
facet normal 0 0 1
outer loop
vertex 45.8963623046875 50.88900375366211 7.199999809265137
vertex 43.67781066894531 45.69855880737305 7.199999809265137
vertex 48.58618927001953 47.905696868896484 7.199999809265137
endloop
endfacet
facet normal 0 0 -1
outer loop
vertex 71.4112319946289 -22.72869873046875 -5.699999809265137
vertex 39.371212005615234 -41.58122253417969 -5.699999809265137
vertex 71.08235168457031 -21.877981185913086 -5.699999809265137
endloop
endfacet
facet normal 0 0 1
outer loop
vertex -31.598867416381836 -61.4473991394043 7.199999809265137
vertex -13.429238319396973 -43.138431549072266 7.199999809265137
vertex -13.544981956481934 -43.125736236572266 7.199999809265137
endloop
endfacet
facet normal 0 0 1
outer loop
vertex 44.98297882080078 51.34465026855469 7.199999809265137
vertex 43.047916412353516 46.37061309814453 7.199999809265137
vertex 45.8963623046875 50.88900375366211 7.199999809265137
endloop
endfacet
facet normal 0 0 1
outer loop
vertex -9.928326606750488 -42.18989944458008 7.199999809265137
vertex -31.598867416381836 -61.4473991394043 7.199999809265137
vertex -8.51533031463623 -43.344215393066406 7.199999809265137
endloop
endfacet
facet normal 0.8605140046532189 -0.5094267835476262 0
outer loop
vertex 40.38471221923828 -43.3038215637207 -3.700000047683716
vertex 40.38471221923828 -43.3038215637207 1.7000000476837158
vertex 40.17890548706055 -43.651466369628906 -3.700000047683716
endloop
endfacet
facet normal 0 0 -1
outer loop
vertex -55.923301696777344 -30.831212997436523 -5.699999809265137
vertex -56.946537017822266 -31.665908813476562 -5.699999809265137
vertex -57.26249694824219 -31.51857566833496 -5.699999809265137
endloop
endfacet
facet normal 0.9995484436202494 -0.030048441828775085 0
outer loop
vertex 39.37054443359375 -52.99557876586914 1.7000000476837158
vertex 39.37054443359375 -52.99557876586914 -3.700000047683716
vertex 39.62322998046875 -44.59010314941406 -3.700000047683716
endloop
endfacet
facet normal -0.9537271071379652 0.30067358565153013 0.0000013040138362814277
outer loop
vertex 51.19667434692383 -16.221647262573242 6.199999809265137
vertex 51.160789489746094 -16.33545684814453 2.5
vertex 51.17688751220703 -16.28441047668457 6.199999809265137
endloop
endfacet
facet normal 0.34826971227404185 -0.9373943713894147 0
outer loop
vertex 30.64271354675293 -61.01469802856445 1.7000000476837158
vertex 33.32426834106445 -60.0184211730957 -3.700000047683716
vertex 33.32426834106445 -60.0184211730957 1.7000000476837158
endloop
endfacet
facet normal 0 0 1
outer loop
vertex 51.72465133666992 -17.043548583984375 7.199999809265137
vertex 69.18499755859375 -19.977670669555664 7.199999809265137
vertex 51.67131042480469 -16.433860778808594 7.199999809265137
endloop
endfacet
facet normal 0.8191562074483991 0.5735704906973118 0
outer loop
vertex -46.37678527832031 -30.355546951293945 2.5
vertex -46.53971862792969 -30.12285041809082 2.5
vertex -46.37678527832031 -30.355546951293945 6.199999809265137
endloop
endfacet
facet normal 0.9848071663538578 -0.17364227544164706 -0.0017903288894765082
outer loop
vertex -46.70940017700195 -29.880521774291992 2.5
vertex -46.66083526611328 -29.605087280273438 2.5
vertex -46.70481872558594 -29.89268684387207 6.199999809265137
endloop
endfacet
facet normal 0 0 1
outer loop
vertex 52.24287414550781 -22.98813247680664 7.199999809265137
vertex 52.23527908325195 -23.0749568939209 7.199999809265137
vertex 62.93635940551758 -23.654090881347656 7.199999809265137
endloop
endfacet
facet normal 0.6864070828357454 -0.727217516725857 0
outer loop
vertex 16.386194229125977 -66.57948303222656 -3.700000047683716
vertex 17.56900405883789 -65.46305084228516 -3.700000047683716
vertex 16.386194229125977 -66.57948303222656 1.7000000476837158
endloop
endfacet
facet normal -0.05749704896614189 -0.9983456762866182 0
outer loop
vertex 45.92906188964844 37.225826263427734 2.5
vertex 44.507102966308594 37.30772018432617 6.199999809265137
vertex 44.507102966308594 37.30772018432617 2.5
endloop
endfacet
facet normal 0 0 -1
outer loop
vertex 39.09913635253906 -41.771732330322266 -5.699999809265137
vertex 38.852622985839844 -42.018245697021484 -5.699999809265137
vertex 37.978797912597656 -41.354652404785156 -5.699999809265137
endloop
endfacet
facet normal 0 0 -1
outer loop
vertex 37.65361404418945 -44.24280548095703 -5.699999809265137
vertex 36.740257263183594 -43.49782180786133 -5.699999809265137
vertex 37.74384307861328 -43.906063079833984 -5.699999809265137
endloop
endfacet
facet normal 0 0 1
outer loop
vertex 65.68577575683594 43.896400451660156 7.199999809265137
vertex 63.763221740722656 38.72780990600586 7.199999809265137
vertex 68.59063720703125 41.107601165771484 7.199999809265137
endloop
endfacet
facet normal 0.819151274228162 0.5735775361101704 -4.054183912913591e-7
outer loop
vertex -62.385154724121094 -21.086782455444336 6.199999809265137
vertex -62.54475402832031 -20.858854293823242 2.5
vertex -62.545772552490234 -20.857397079467773 6.199999809265137
endloop
endfacet
facet normal 0 0 -1
outer loop
vertex -54.63926696777344 -34.97120666503906 -5.699999809265137
vertex -53.74943923950195 -33.4220085144043 -5.699999809265137
vertex -53.61552810668945 -51.564605712890625 -5.699999809265137
endloop
endfacet
facet normal 0 0 1
outer loop
vertex 52.17588806152344 -23.23813247680664 7.199999809265137
vertex 52.12589645385742 -23.309526443481445 7.199999809265137
vertex 62.93635940551758 -23.654090881347656 7.199999809265137
endloop
endfacet
facet normal 0 0 1
outer loop
vertex 51.6915168762207 -23.815387725830078 7.199999809265137
vertex 51.620121002197266 -23.865379333496094 7.199999809265137
vertex 62.93635940551758 -23.654090881347656 7.199999809265137
endloop
endfacet
facet normal 0 0 -1
outer loop
vertex -54.63926696777344 -34.97120666503906 -5.699999809265137
vertex -54.66836166381836 -34.63866424560547 -5.699999809265137
vertex -53.74943923950195 -33.4220085144043 -5.699999809265137
endloop
endfacet
facet normal 0 0 -1
outer loop
vertex -62.664852142333984 20.79982566833496 -5.699999809265137
vertex -61.10630798339844 20.16395378112793 -5.699999809265137
vertex -63.10454177856445 18.861469268798828 -5.699999809265137
endloop
endfacet
facet normal 0 0 1
outer loop
vertex -66.09806823730469 -25.687498092651367 7.199999809265137
vertex -65.26763153076172 -26.30438804626465 7.199999809265137
vertex -62.46315383911133 -21.76543426513672 7.199999809265137
endloop
endfacet
facet normal 0 0 -1
outer loop
vertex -60.809776306152344 24.87196159362793 -5.699999809265137
vertex -62.28335952758789 22.202829360961914 -5.699999809265137
vertex -62.53623580932617 24.456302642822266 -5.699999809265137
endloop
endfacet
facet normal -0.9961950817615964 -0.0871513572700165 0
outer loop
vertex 66.40512084960938 4.474168300628662 2.5
vertex 66.40512084960938 4.474168300628662 6.199999809265137
vertex 66.33222198486328 5.307448387145996 6.199999809265137
endloop
endfacet
facet normal 0 0 -1
outer loop
vertex 30.236862182617188 -59.03190994262695 -5.699999809265137
vertex 30.329051971435547 -58.126434326171875 -5.699999809265137
vertex 30.380529403686523 -58.11473083496094 -5.699999809265137
endloop
endfacet
facet normal -0.9961943851786462 -0.0871593192868038 0
outer loop
vertex 51.22655487060547 -17.087129592895508 2.5
vertex 51.22655487060547 -17.087129592895508 6.199999809265137
vertex 51.17818069458008 -16.53423309326172 6.199999809265137
endloop
endfacet
facet normal 0 0 -1
outer loop
vertex 20.649782180786133 -59.984031677246094 -5.699999809265137
vertex 20.430334091186523 -60.086360931396484 -5.699999809265137
vertex 20.600982666015625 -58.59443283081055 -5.699999809265137
endloop
endfacet
facet normal 0 0 1
outer loop
vertex -53.59447479248047 29.94742202758789 7.199999809265137
vertex -47.759681701660156 25.99721336364746 7.199999809265137
vertex -53.5230827331543 29.997413635253906 7.199999809265137
endloop
endfacet
facet normal -0.7660520469619181 0.6427785476697765 9.940563626753142e-7
outer loop
vertex 51.74287414550781 -22.98813247680664 6.199999809265137
vertex 51.370121002197266 -23.4323673248291 2.5
vertex 51.6683235168457 -23.076980590820312 6.199999809265137
endloop
endfacet
facet normal -0.9996444248722813 0.026665029941210772 0
outer loop
vertex 10.080751419067383 -49.63822937011719 2.5
vertex 10.073144912719727 -49.92338943481445 2.5
vertex 10.080751419067383 -49.63822937011719 6.199999809265137
endloop
endfacet
facet normal -0.08715296835815868 0.9961949408154822 0
outer loop
vertex 49.55368423461914 -23.591278076171875 2.5
vertex 49.55368423461914 -23.591278076171875 6.199999809265137
vertex 50.67305374145508 -23.493349075317383 6.199999809265137
endloop
endfacet
facet normal 0 0 -1
outer loop
vertex -71.57498168945312 -23.475704193115234 -5.699999809265137
vertex -67.90118408203125 -27.730438232421875 -5.699999809265137
vertex -68.72425842285156 -28.09666633605957 -5.699999809265137
endloop
endfacet
facet normal -0.8058744248766083 0.5920864897375472 -2.5544690238075117e-7
outer loop
vertex -64.27088165283203 21.97979736328125 -3.700000047683716
vertex -66.83702850341797 18.487077713012695 -3.700000047683716
vertex -66.5750961303711 18.843589782714844 1.7000000476837158
endloop
endfacet
facet normal 0 0 -1
outer loop
vertex 45.28658676147461 54.116268157958984 -5.699999809265137
vertex 45.81623077392578 54.840309143066406 -5.699999809265137
vertex 47.2457160949707 53.26170349121094 -5.699999809265137
endloop
endfacet
facet normal 0.6925490995189955 0.721370740157534 0
outer loop
vertex 73.19152069091797 44.314910888671875 1.7000000476837158
vertex 68.73741149902344 48.591060638427734 -3.700000047683716
vertex 68.73741149902344 48.591060638427734 1.7000000476837158
endloop
endfacet
facet normal 0 -1 0
outer loop
vertex -26.867033004760742 -66.94740295410156 -3.450000047683716
vertex -26.29300880432129 -66.94740295410156 -3.564180612564087
vertex -19.867033004760742 -66.94740295410156 -3.450000047683716
endloop
endfacet
facet normal -0.7660465876428285 0.6427850539338781 0
outer loop
vertex 52.33839797973633 -14.860984802246094 2.5
vertex 51.19667434692383 -16.221647262573242 2.5
vertex 52.33839797973633 -14.860984802246094 6.199999809265137
endloop
endfacet
facet normal 0 0 -1
outer loop
vertex -76.02012634277344 38.94252014160156 -5.699999809265137
vertex -76.91573333740234 39.039695739746094 -5.699999809265137
vertex -76.28376007080078 44.007144927978516 -5.699999809265137
endloop
endfacet
facet normal 0 0 1
outer loop
vertex -58.7708854675293 21.97979736328125 7.199999809265137
vertex -58.85444259643555 21.02473258972168 7.199999809265137
vertex -38.41085433959961 20.15776824951172 7.199999809265137
endloop
endfacet
facet normal 0 0 -1
outer loop
vertex -75.64586639404297 45.92860412597656 -5.699999809265137
vertex -76.21044158935547 46.66573715209961 -5.699999809265137
vertex -75.61788177490234 45.97808074951172 -5.699999809265137
endloop
endfacet
facet normal -0.08715574503434709 0.9961946978916862 0
outer loop
vertex 49.55368423461914 -23.591278076171875 2.5
vertex 33.85707092285156 -24.964553833007812 2.5
vertex 49.55368423461914 -23.591278076171875 6.199999809265137
endloop
endfacet
facet normal 0 0 1
outer loop
vertex -31.0645751953125 -39.96761703491211 7.199999809265137
vertex -43.97816848754883 -58.327919006347656 7.199999809265137
vertex -30.9920597076416 -40.01872634887695 7.199999809265137
endloop
endfacet
facet normal 0 0 1
outer loop
vertex -68.38640594482422 -21.218915939331055 7.199999809265137
vertex -60.2071533203125 -4.3121795654296875 7.199999809265137
vertex -60.235511779785156 -4.041907787322998 7.199999809265137
endloop
endfacet
facet normal 0 0 -1
outer loop
vertex -71.07443237304688 -21.531084060668945 -5.699999809265137
vertex -71.9354476928711 -21.179630279541016 -5.699999809265137
vertex -71.07525634765625 -21.474599838256836 -5.699999809265137
endloop
endfacet
facet normal 0 0 -1
outer loop
vertex -61.25849533081055 62.88140106201172 -5.699999809265137
vertex -61.4685173034668 63.75209426879883 -5.699999809265137
vertex -59.31133270263672 63.82835388183594 -5.699999809265137
endloop
endfacet
facet normal 0 0 1
outer loop
vertex 27.6158504486084 -47.99106979370117 7.199999809265137
vertex 33.900482177734375 -25.460756301879883 7.199999809265137
vertex 33.85707092285156 -25.464553833007812 7.199999809265137
endloop
endfacet
facet normal 0 0 1
outer loop
vertex 33.53567886352539 -25.347576141357422 7.199999809265137
vertex 27.6158504486084 -47.99106979370117 7.199999809265137
vertex 33.60707092285156 -25.397565841674805 7.199999809265137
endloop
endfacet
facet normal 0 0 -1
outer loop
vertex -54.10398483276367 64.03982543945312 -5.699999809265137
vertex -53.605857849121094 64.80944061279297 -5.699999809265137
vertex -54.04751968383789 64.03118896484375 -5.699999809265137
endloop
endfacet
facet normal 0 0 -1
outer loop
vertex -42.48436737060547 -64.94740295410156 -5.699999809265137
vertex -43.03514099121094 -64.75042724609375 -5.699999809265137
vertex -42.49717330932617 -64.04740142822266 -5.699999809265137
endloop
endfacet
facet normal 0.6925490995189955 0.721370740157534 0
outer loop
vertex 73.19152069091797 44.314910888671875 -3.700000047683716
vertex 68.73741149902344 48.591060638427734 -3.700000047683716
vertex 73.19152069091797 44.314910888671875 1.7000000476837158
endloop
endfacet
facet normal 0.9164071542489841 0.4002473330814454 0.000001571392108306145
outer loop
vertex 73.70257568359375 43.144798278808594 -3.700000047683716
vertex 73.19152069091797 44.314910888671875 -3.700000047683716
vertex 74.4080581665039 41.529502868652344 1.7000000476837158
endloop
endfacet
facet normal 0.6691408068096018 0.7431356408234093 -4.193749634710213e-7
outer loop
vertex 32.93613052368164 -19.14325714111328 6.199999809265137
vertex 32.760494232177734 -18.985111236572266 2.5
vertex 32.83295822143555 -19.050357818603516 6.199999809265137
endloop
endfacet
facet normal -0.9179278278452602 -0.39674740436111516 0
outer loop
vertex -78.90470123291016 38.600433349609375 -3.700000047683716
vertex -77.5821762084961 35.54059600830078 -3.700000047683716
vertex -78.90470123291016 38.600433349609375 1.7000000476837158
endloop
endfacet
facet normal 0 0 -1
outer loop
vertex -66.72767639160156 -29.579822540283203 -5.699999809265137
vertex -66.09626770019531 -28.947072982788086 -5.699999809265137
vertex -66.03968811035156 -28.96997833251953 -5.699999809265137
endloop
endfacet
facet normal 0.9848104576238538 -0.17363283835350826 0
outer loop
vertex -46.69118881225586 -29.777246475219727 6.199999809265137
vertex -46.66083526611328 -29.605087280273438 2.5
vertex -46.66083526611328 -29.605087280273438 6.199999809265137
endloop
endfacet
facet normal 0 0 -1
outer loop
vertex 48.051910400390625 53.72502517700195 -5.699999809265137
vertex 47.2457160949707 53.26170349121094 -5.699999809265137
vertex 45.81623077392578 54.840309143066406 -5.699999809265137
endloop
endfacet
facet normal 0.17364804256416072 0.984807776834462 0
outer loop
vertex -46.37678527832031 -30.355546951293945 2.5
vertex -46.37678527832031 -30.355546951293945 6.199999809265137
vertex -31.429309844970703 -32.991188049316406 6.199999809265137
endloop
endfacet
facet normal -0.9305620374917128 -0.3661342573145431 0
outer loop
vertex -48.14938735961914 -62.58234405517578 -3.700000047683716
vertex -47.93015670776367 -63.1395378112793 -3.700000047683716
vertex -47.93015670776367 -63.1395378112793 1.7000000476837158
endloop
endfacet
facet normal 0.5324832976037173 0.8464405104749364 0
outer loop
vertex -47.13733673095703 -24.014867782592773 6.199999809265137
vertex -47.190677642822266 -23.981311798095703 2.5
vertex -47.190677642822266 -23.981311798095703 6.199999809265137
endloop
endfacet
facet normal 0 0 1
outer loop
vertex 55.0926513671875 43.80406951904297 7.199999809265137
vertex 54.1375846862793 43.88762664794922 7.199999809265137
vertex 50.5718879699707 38.13233947753906 7.199999809265137
endloop
endfacet
facet normal 0 0 1
outer loop
vertex -51.221534729003906 -34.0308952331543 7.199999809265137
vertex -51.138126373291016 -34.94536590576172 7.199999809265137
vertex -46.62678527832031 -30.788558959960938 7.199999809265137
endloop
endfacet
facet normal 0.6535043192937162 0.7569227864613147 3.091705121640775e-7
outer loop
vertex -36.171875 53.39169692993164 -3.700000047683716
vertex -50.36726379394531 65.64756774902344 -3.700000047683716
vertex -49.7324333190918 65.09947204589844 1.7000000476837158
endloop
endfacet
facet normal 0 0 1
outer loop
vertex -53.705101013183594 -29.902889251708984 7.199999809265137
vertex -52.396541595458984 -31.490888595581055 7.199999809265137
vertex -46.560482025146484 -25.64156150817871 7.199999809265137
endloop
endfacet
facet normal 0.996211475948867 0.0869634390494495 -0.00023549198012034927
outer loop
vertex 33.41264343261719 -24.59193992614746 6.20048713684082
vertex 32.93613052368164 -19.14325714111328 2.5
vertex 33.333770751953125 -23.688413619995117 6.199999809265137
endloop
endfacet
facet normal 0 0 -1
outer loop
vertex 51.78205490112305 49.352561950683594 -5.699999809265137
vertex 50.654632568359375 49.61150360107422 -5.699999809265137
vertex 51.52865982055664 49.86893844604492 -5.699999809265137
endloop
endfacet
facet normal 0 0 -1
outer loop
vertex -37.06629180908203 51.61041259765625 -5.699999809265137
vertex -36.9958610534668 50.42390823364258 -5.699999809265137
vertex -38.0547981262207 50.961585998535156 -5.699999809265137
endloop
endfacet
facet normal 0 0 1
outer loop
vertex -46.560482025146484 -25.64156150817871 7.199999809265137
vertex -47.41566848754883 -24.449352264404297 7.199999809265137
vertex -57.1210823059082 -22.738004684448242 7.199999809265137
endloop
endfacet
facet normal 0 0 1
outer loop
vertex -14.165451049804688 48.621578216552734 7.199999809265137
vertex -9.031983375549316 46.37061309814453 7.199999809265137
vertex -8.952993392944336 46.407447814941406 7.199999809265137
endloop
endfacet
facet normal -0.6946598961944911 0.7193383269498844 0
outer loop
vertex 28.624671936035156 -19.218509674072266 2.5
vertex 28.79468536376953 -19.05432891845703 6.199999809265137
vertex 28.79468536376953 -19.05432891845703 2.5
endloop
endfacet
facet normal 0 0 1
outer loop
vertex -9.621530532836914 45.782569885253906 7.199999809265137
vertex -14.165451049804688 48.621578216552734 7.199999809265137
vertex -9.661880493164062 45.69855880737305 7.199999809265137
endloop
endfacet
facet normal 0 0 -1
outer loop
vertex -17.308618545532227 48.18891525268555 -5.699999809265137
vertex -18.044862747192383 49.118751525878906 -5.699999809265137
vertex -17.798349380493164 49.365264892578125 -5.699999809265137
endloop
endfacet
facet normal 0 0 1
outer loop
vertex 33.900482177734375 -25.460756301879883 7.199999809265137
vertex 34.206787109375 -43.635040283203125 7.199999809265137
vertex 34.45492172241211 -42.70899200439453 7.199999809265137
endloop
endfacet
facet normal 0 0 1
outer loop
vertex -15.117194175720215 47.115509033203125 7.199999809265137
vertex -15.795105934143066 46.43759536743164 7.199999809265137
vertex -11.216339111328125 35.652793884277344 7.199999809265137
endloop
endfacet
facet normal 0.9961942387147973 0.087160993290837 0
outer loop
vertex -67.88919830322266 41.630043029785156 6.199999809265137
vertex -67.93974304199219 42.20773696899414 2.5
vertex -67.93974304199219 42.20773696899414 6.199999809265137
endloop
endfacet
facet normal 0 0 1
outer loop
vertex -17.084739685058594 45.65253829956055 7.199999809265137
vertex -18.84015464782715 44.86384582519531 7.199999809265137
vertex -11.216339111328125 35.652793884277344 7.199999809265137
endloop
endfacet
facet normal 0 0 1
outer loop
vertex 27.610536575317383 -48.05181121826172 7.199999809265137
vertex 27.58797836303711 -48.1359977722168 7.199999809265137
vertex 33.90964889526367 -51.61216354370117 7.199999809265137
endloop
endfacet
facet normal 0 0 1
outer loop
vertex 27.551145553588867 -48.214988708496094 7.199999809265137
vertex 27.50115394592285 -48.286380767822266 7.199999809265137
vertex 33.4369010925293 -52.551727294921875 7.199999809265137
endloop
endfacet
facet normal 0 0 -1
outer loop
vertex 51.515968322753906 47.7962646484375 -5.699999809265137
vertex 50.654632568359375 49.61150360107422 -5.699999809265137
vertex 51.85007095336914 49.20669937133789 -5.699999809265137
endloop
endfacet
facet normal 0 0 1
outer loop
vertex -21.085853576660156 44.362144470214844 7.199999809265137
vertex -22.040918350219727 44.445701599121094 7.199999809265137
vertex -11.216339111328125 35.652793884277344 7.199999809265137
endloop
endfacet
facet normal 0 0 1
outer loop
vertex -61.649471282958984 16.25855255126953 7.199999809265137
vertex -56.4661865234375 13.949878692626953 7.199999809265137
vertex -56.3871955871582 13.986712455749512 7.199999809265137
endloop
endfacet
facet normal 0 0 1
outer loop
vertex -47.201805114746094 -29.793697357177734 7.199999809265137
vertex -47.15422821044922 -29.52387046813965 7.199999809265137
vertex -52.396541595458984 -31.490888595581055 7.199999809265137
endloop
endfacet
facet normal 0 0 1
outer loop
vertex -61.649471282958984 16.25855255126953 7.199999809265137
vertex -57.074954986572266 13.503625869750977 7.199999809265137
vertex -56.977474212646484 13.591134071350098 7.199999809265137
endloop
endfacet
facet normal 0 0 -1
outer loop
vertex -71.07525634765625 -21.474599838256836 -5.699999809265137
vertex -71.9354476928711 -21.179630279541016 -5.699999809265137
vertex -64.95064544677734 17.67670440673828 -5.699999809265137
endloop
endfacet
facet normal -0.2505111320297301 0.9681137189035094 0
outer loop
vertex -13.565103530883789 -42.61447525024414 2.5
vertex -13.679059982299805 -42.64396286010742 2.5
vertex -13.565103530883789 -42.61447525024414 6.199999809265137
endloop
endfacet
facet normal -0.31793135638313896 0.9481137340152698 0
outer loop
vertex -10.990922927856445 57.1396484375 -3.700000047683716
vertex -13.86426830291748 56.17612838745117 -3.700000047683716
vertex -10.990922927856445 57.1396484375 1.7000000476837158
endloop
endfacet
facet normal 0 0 1
outer loop
vertex -46.560482025146484 -25.64156150817871 7.199999809265137
vertex -52.396541595458984 -31.490888595581055 7.199999809265137
vertex -47.15422821044922 -29.52387046813965 7.199999809265137
endloop
endfacet
facet normal 0.9966257523754491 0.08207989828252685 0
outer loop
vertex 74.4080581665039 41.529502868652344 1.7000000476837158
vertex 79.10542297363281 -15.506566047668457 -3.700000047683716
vertex 74.4080581665039 41.529502868652344 -3.700000047683716
endloop
endfacet
facet normal 0.707102081943954 -0.7071114803979115 0
outer loop
vertex -8.853734970092773 45.865848541259766 6.199999809265137
vertex -8.781983375549316 45.937599182128906 2.5
vertex -8.781983375549316 45.937599182128906 6.199999809265137
endloop
endfacet
facet normal 0 0 1
outer loop
vertex 26.660980224609375 -48.852333068847656 7.199999809265137
vertex 29.52662467956543 -55.56203079223633 7.199999809265137
vertex 26.773983001708984 -48.845420837402344 7.199999809265137
endloop
endfacet
facet normal -0.3398468433466932 0.9404807935664015 0
outer loop
vertex 11.591841697692871 -47.561912536621094 6.199999809265137
vertex 11.477713584899902 -47.603153228759766 2.5
vertex 11.477713584899902 -47.603153228759766 6.199999809265137
endloop
endfacet
facet normal 0 0 1
outer loop
vertex -25.226337432861328 39.38912582397461 7.199999809265137
vertex -25.13951301574707 39.381526947021484 7.199999809265137
vertex -36.717498779296875 47.714962005615234 7.199999809265137
endloop
endfacet
facet normal -0.9986295461644854 0.05233573852840869 0
outer loop
vertex 10.11964225769043 -48.89614486694336 6.199999809265137
vertex 10.080751419067383 -49.63822937011719 2.5
vertex 10.080751419067383 -49.63822937011719 6.199999809265137
endloop
endfacet
facet normal -0.9996443844550411 0.02666654509846051 -1.1685670152555518e-7
outer loop
vertex 10.080751419067383 -49.63822937011719 6.199999809265137
vertex 10.073144912719727 -49.92338943481445 2.5
vertex 10.077056884765625 -49.77672576904297 6.199999809265137
endloop
endfacet
facet normal -0.1736474331256785 -0.9848078842946288 0
outer loop
vertex -56.2161865234375 13.516866683959961 2.5
vertex -41.20305633544922 10.869658470153809 2.5
vertex -56.2161865234375 13.516866683959961 6.199999809265137
endloop
endfacet
facet normal 0 0 -1
outer loop
vertex -53.60480880737305 -51.61943435668945 -5.699999809265137
vertex -54.516563415527344 -51.42739486694336 -5.699999809265137
vertex -53.61552810668945 -51.564605712890625 -5.699999809265137
endloop
endfacet
facet normal -0.6691162248857591 0.7431577743608226 -0.0000013033799511321324
outer loop
vertex 10.065155029296875 -49.935829162597656 6.199999809265137
vertex 9.850398063659668 -50.12919616699219 2.5
vertex 10.018376350402832 -49.97794723510742 6.199999809265137
endloop
endfacet
facet normal 0.052331995601295436 0.9986297422746486 0.000008991933772838544
outer loop
vertex 9.639457702636719 -50.324092864990234 6.199999809265137
vertex -7.921600341796875 -49.40379333496094 2.5
vertex -0.03883352503180504 -49.81691360473633 6.199999809265137
endloop
endfacet
facet normal 0 0 1
outer loop
vertex -61.649471282958984 16.25855255126953 7.199999809265137
vertex -68.38640594482422 -21.218915939331055 7.199999809265137
vertex -57.18452072143555 13.266924858093262 7.199999809265137
endloop
endfacet
facet normal 0 0 1
outer loop
vertex 10.580402374267578 -49.657981872558594 7.199999809265137
vertex 17.895002365112305 -57.605167388916016 7.199999809265137
vertex 18.680334091186523 -57.05527114868164 7.199999809265137
endloop
endfacet
facet normal 1 0 0
outer loop
vertex -9.192033767700195 45.527549743652344 2.5
vertex -9.192033767700195 45.24413299560547 6.199999809265137
vertex -9.192033767700195 45.24413299560547 2.5
endloop
endfacet
facet normal 0.8205196578127115 0.5716183089640419 0
outer loop
vertex -30.744115829467773 -39.58393859863281 2.5
vertex -30.90367889404297 -39.354896545410156 2.5
vertex -30.744115829467773 -39.58393859863281 6.199999809265137
endloop
endfacet
facet normal 0.5753181780153814 -0.8179296999406868 0
outer loop
vertex -56.691932678222656 13.182231903076172 6.199999809265137
vertex -56.44789123535156 13.353886604309082 2.5
vertex -56.44789123535156 13.353886604309082 6.199999809265137
endloop
endfacet
facet normal 0.08715331605435193 -0.9961949103967155 6.404137856450488e-7
outer loop
vertex 45.95078659057617 37.22615051269531 6.199999809265137
vertex 50.61546325683594 37.63424301147461 2.5
vertex 48.976165771484375 37.49082946777344 6.199999809265137
endloop
endfacet
facet normal 0.5753248619902273 -0.8179249985028737 0
outer loop
vertex -56.44789123535156 13.353886604309082 6.199999809265137
vertex -56.2161865234375 13.516866683959961 2.5
vertex -56.2161865234375 13.516866683959961 6.199999809265137
endloop
endfacet
facet normal 0 0 1
outer loop
vertex 10.399720191955566 -50.30739974975586 7.199999809265137
vertex 10.187350273132324 -50.498619079589844 7.199999809265137
vertex 17.667892456054688 -57.832275390625 7.199999809265137
endloop
endfacet
facet normal 0 0 -1
outer loop
vertex 64.88224792480469 47.049747467041016 -5.699999809265137
vertex 65.33741760253906 47.81937789916992 -5.699999809265137
vertex 66.87065887451172 46.35404586791992 -5.699999809265137
endloop
endfacet
facet normal 0.9380716349967764 0.34644134801501103 1.2921350585204628e-7
outer loop
vertex -37.96290969848633 20.78777503967285 6.199999809265137
vertex -38.61690902709961 22.55863380432129 2.5
vertex -38.26055908203125 21.593730926513672 6.199999809265137
endloop
endfacet
facet normal 0.9971497148856321 0.07544830086557605 0
outer loop
vertex -37.934688568115234 20.491622924804688 6.199999809265137
vertex -37.95400619506836 20.746931076049805 2.5
vertex -37.95400619506836 20.746931076049805 6.199999809265137
endloop
endfacet
facet normal 0 0 1
outer loop
vertex 10.49959945678711 -50.18275833129883 7.199999809265137
vertex 17.667892456054688 -57.832275390625 7.199999809265137
vertex 17.895002365112305 -57.605167388916016 7.199999809265137
endloop
endfacet
facet normal 0.6738556112080271 0.7388630558117358 0
outer loop
vertex -39.42980194091797 23.32305145263672 2.5
vertex -38.65711212158203 22.618345260620117 6.199999809265137
vertex -38.65711212158203 22.618345260620117 2.5
endloop
endfacet
facet normal 0.052335790041681964 0.9986295434636083 -0.0000015421889289330492
outer loop
vertex 26.68714714050293 -48.35301971435547 2.5
vertex 16.298702239990234 -47.80858612060547 2.5
vertex 26.687183380126953 -48.3530158996582 6.199999809265137
endloop
endfacet
facet normal 0 0 1
outer loop
vertex -55.74050521850586 56.10832977294922 7.199999809265137
vertex -39.76614761352539 49.22862243652344 7.199999809265137
vertex -53.27983474731445 60.895931243896484 7.199999809265137
endloop
endfacet
facet normal 0 0 1
outer loop
vertex -61.649471282958984 16.25855255126953 7.199999809265137
vertex -56.3871955871582 13.986712455749512 7.199999809265137
vertex -56.303009033203125 14.009270668029785 7.199999809265137
endloop
endfacet
facet normal 0 0 -1
outer loop
vertex -47.25234603881836 -59.74263381958008 -5.699999809265137
vertex -47.949371337890625 -58.965389251708984 -5.699999809265137
vertex -47.24760818481445 -58.13750457763672 -5.699999809265137
endloop
endfacet
facet normal 0.9986295342897038 -0.05233595216895816 0.00003680893603306896
outer loop
vertex -8.3096284866333 -48.97284698486328 2.5
vertex -8.082958221435547 -44.64772033691406 2.5
vertex -8.309768676757812 -48.97291946411133 6.200316905975342
endloop
endfacet
facet normal 0 0 1
outer loop
vertex -44.65620803833008 -57.41444396972656 7.199999809265137
vertex -44.5280647277832 -57.54258728027344 7.199999809265137
vertex -31.0645751953125 -39.96761703491211 7.199999809265137
endloop
endfacet
facet normal 0 0 1
outer loop
vertex -58.406795501708984 61.246856689453125 7.199999809265137
vertex -56.105308532714844 56.22150802612305 7.199999809265137
vertex -56.06189727783203 56.22530746459961 7.199999809265137
endloop
endfacet
facet normal 0 0 -1
outer loop
vertex 45.81623077392578 54.840309143066406 -5.699999809265137
vertex 45.28658676147461 54.116268157958984 -5.699999809265137
vertex 45.226280212402344 54.12891387939453 -5.699999809265137
endloop
endfacet
facet normal -0.6427867006598386 -0.7660452058820282 0
outer loop
vertex -56.06189727783203 55.72530746459961 2.5
vertex -42.710323333740234 44.52203369140625 2.5
vertex -56.06189727783203 55.72530746459961 6.199999809265137
endloop
endfacet
facet normal 0 0 1
outer loop
vertex 54.1375846862793 43.88762664794922 7.199999809265137
vertex 53.21154022216797 44.13575744628906 7.199999809265137
vertex 50.5718879699707 38.13233947753906 7.199999809265137
endloop
endfacet
facet normal 0.25881979112810893 0.9659256263917015 -4.4834186932853666e-7
outer loop
vertex -44.38549041748047 24.6685848236084 6.199999809265137
vertex -46.988609313964844 25.3660888671875 2.5
vertex -46.507320404052734 25.23712921142578 6.199999809265137
endloop
endfacet
facet normal 0 0 1
outer loop
vertex -46.88114929199219 -55.43130111694336 7.199999809265137
vertex -46.688331604003906 -55.53753662109375 7.199999809265137
vertex -31.48269271850586 -39.396385192871094 7.199999809265137
endloop
endfacet
facet normal 0 0 1
outer loop
vertex -58.80519104003906 22.593135833740234 7.199999809265137
vertex -58.7708854675293 21.97979736328125 7.199999809265137
vertex -38.41085433959961 20.15776824951172 7.199999809265137
endloop
endfacet
facet normal 0.17835130978499183 0.98396687459384 9.050570245224781e-8
outer loop
vertex -13.83092975616455 -42.64957809448242 6.199999809265137
vertex -30.457422256469727 -39.635902404785156 2.5
vertex -26.445600509643555 -40.363075256347656 6.199999809265137
endloop
endfacet
facet normal 0 0 1
outer loop
vertex -47.11752700805664 24.884963989257812 7.199999809265137
vertex -58.80519104003906 22.593135833740234 7.199999809265137
vertex -44.51490020751953 24.185623168945312 7.199999809265137
endloop
endfacet
facet normal -0.9999727603525437 -0.007380958788952866 -5.196012761811811e-7
outer loop
vertex -56.63797378540039 -34.985958099365234 -3.700000047683716
vertex -56.51408386230469 -51.770572662353516 -3.700000047683716
vertex -56.597476959228516 -40.47285079956055 1.7000000476837158
endloop
endfacet
facet normal 0 0 1
outer loop
vertex 48.81898498535156 47.45669937133789 7.199999809265137
vertex 43.70796585083008 45.527549743652344 7.199999809265137
vertex 49.36887741088867 46.67136764526367 7.199999809265137
endloop
endfacet
facet normal 0 0 1
outer loop
vertex -54.508995056152344 29.837488174438477 7.199999809265137
vertex -59.058067321777344 24.846609115600586 7.199999809265137
vertex -47.77855682373047 25.868295669555664 7.199999809265137
endloop
endfacet
facet normal 0 0 1
outer loop
vertex -53.5230827331543 29.997413635253906 7.199999809265137
vertex -47.759681701660156 25.99721336364746 7.199999809265137
vertex -53.46145248413086 30.05904197692871 7.199999809265137
endloop
endfacet
facet normal -0.6786255357126832 0.7344837468249166 0.00100395652569298
outer loop
vertex 10.073144912719727 -49.92338943481445 2.5
vertex 9.850398063659668 -50.12919616699219 2.5
vertex 10.065155029296875 -49.935829162597656 6.199999809265137
endloop
endfacet
facet normal 0.08715446507180016 -0.9961948098730731 0
outer loop
vertex -56.639591217041016 55.674766540527344 6.199999809265137
vertex -56.06189727783203 55.72530746459961 2.5
vertex -56.06189727783203 55.72530746459961 6.199999809265137
endloop
endfacet
facet normal 0.9855413978281403 -0.16943480506364417 0
outer loop
vertex -56.70667266845703 13.096494674682617 6.199999809265137
vertex -56.691932678222656 13.182231903076172 2.5
vertex -56.691932678222656 13.182231903076172 6.199999809265137
endloop
endfacet
facet normal 0 0 1
outer loop
vertex -39.76614761352539 49.22862243652344 7.199999809265137
vertex -42.38867950439453 44.90480422973633 7.199999809265137
vertex -39.70720672607422 49.17845153808594 7.199999809265137
endloop
endfacet
facet normal 0.9340092686048097 -0.35724877349027856 0
outer loop
vertex 77.93193054199219 -18.574604034423828 1.7000000476837158
vertex 79.10542297363281 -15.506566047668457 -3.700000047683716
vertex 79.10542297363281 -15.506566047668457 1.7000000476837158
endloop
endfacet
facet normal 0 0 1
outer loop
vertex -39.70416259765625 22.896554946899414 7.199999809265137
vertex -58.80519104003906 22.593135833740234 7.199999809265137
vertex -39.05660629272461 22.30597686767578 7.199999809265137
endloop
endfacet
facet normal 0.8318523609697629 -0.5549969815674958 0
outer loop
vertex -39.64836883544922 11.87264633178711 6.199999809265137
vertex -39.583351135253906 11.970097541809082 2.5
vertex -39.583351135253906 11.970097541809082 6.199999809265137
endloop
endfacet
facet normal 0 0 1
outer loop
vertex -42.096797943115234 44.46871566772461 7.199999809265137
vertex -42.08176803588867 44.297245025634766 7.199999809265137
vertex -36.717498779296875 47.714962005615234 7.199999809265137
endloop
endfacet
facet normal 0.56197378937796 -0.8271550399122138 0
outer loop
vertex -40.493045806884766 11.298768043518066 6.199999809265137
vertex -39.64836883544922 11.87264633178711 2.5
vertex -39.64836883544922 11.87264633178711 6.199999809265137
endloop
endfacet
facet normal 0 0 1
outer loop
vertex 68.43730926513672 -13.038833618164062 7.199999809265137
vertex 68.42971801757812 -13.12565803527832 7.199999809265137
vertex 73.52125549316406 -14.710668563842773 7.199999809265137
endloop
endfacet
facet normal 0.507097346042946 -0.8618887872783824 0
outer loop
vertex 40.38471221923828 -43.3038215637207 1.7000000476837158
vertex 72.6833724975586 -24.30071449279785 -3.700000047683716
vertex 72.6833724975586 -24.30071449279785 1.7000000476837158
endloop
endfacet
facet normal -0.19510354755360737 0.9807826495875481 1.6142607959946735e-7
outer loop
vertex -47.78409194946289 37.397518157958984 6.199999809265137
vertex -47.99102783203125 37.356353759765625 2.5
vertex -47.895660400390625 37.37532424926758 6.199999809265137
endloop
endfacet
facet normal 0.737178286262233 -0.6756982864144894 0
outer loop
vertex 77.93193054199219 -18.574604034423828 -3.700000047683716
vertex 72.6833724975586 -24.30071449279785 1.7000000476837158
vertex 72.6833724975586 -24.30071449279785 -3.700000047683716
endloop
endfacet
facet normal -0.5963185335468939 -0.8027479097129321 0
outer loop
vertex -70.06248474121094 -29.594013214111328 1.7000000476837158
vertex -67.5619888305664 -31.45149803161621 -3.700000047683716
vertex -67.5619888305664 -31.45149803161621 1.7000000476837158
endloop
endfacet
facet normal 0 0 1
outer loop
vertex 73.52125549316406 -14.710668563842773 7.199999809265137
vertex 68.37032318115234 -13.288833618164062 7.199999809265137
vertex 73.1692886352539 -15.63085651397705 7.199999809265137
endloop
endfacet
facet normal -0.2588191687379677 -0.9659257931610417 0
outer loop
vertex -25.226337432861328 38.88912582397461 2.5
vertex -11.15414810180664 35.118492126464844 2.5
vertex -25.226337432861328 38.88912582397461 6.199999809265137
endloop
endfacet
facet normal 0 0 -1
outer loop
vertex 75.66452026367188 -16.741365432739258 -5.699999809265137
vertex 76.29947662353516 -14.770255088806152 -5.699999809265137
vertex 76.20006561279297 -17.504150390625 -5.699999809265137
endloop
endfacet
facet normal 0 0 1
outer loop
vertex -31.598867416381836 -61.4473991394043 7.199999809265137
vertex 13.810667037963867 -61.4473991394043 7.199999809265137
vertex -7.9476847648620605 -49.901512145996094 7.199999809265137
endloop
endfacet
facet normal 0 0 -1
outer loop
vertex 77.07481384277344 -15.217148780822754 -5.699999809265137
vertex 76.30622863769531 -14.710901260375977 -5.699999809265137
vertex 71.53448486328125 41.0989875793457 -5.699999809265137
endloop
endfacet
facet normal 0 0 1
outer loop
vertex 64.73561096191406 44.284488677978516 7.199999809265137
vertex 55.36944580078125 43.828285217285156 7.199999809265137
vertex 62.954185485839844 39.213741302490234 7.199999809265137
endloop
endfacet
facet normal 0 0 -1
outer loop
vertex 71.4112319946289 -22.72869873046875 -5.699999809265137
vertex 71.75643920898438 -21.316295623779297 -5.699999809265137
vertex 75.6353530883789 -16.79349708557129 -5.699999809265137
endloop
endfacet
facet normal -0.9230635741404131 -0.3846474204971692 0
outer loop
vertex -42.570274353027344 44.14405059814453 6.199999809265137
vertex -42.53450012207031 44.05820083618164 2.5
vertex -42.53450012207031 44.05820083618164 6.199999809265137
endloop
endfacet
facet normal 0.6047361698239999 -0.796425869059135 0
outer loop
vertex -9.41741943359375 36.39093017578125 2.5
vertex -11.071296691894531 35.1351203918457 6.199999809265137
vertex -11.071296691894531 35.1351203918457 2.5
endloop
endfacet
facet normal 0.9153115660600377 0.4027464922711571 0
outer loop
vertex -44.66435623168945 35.6246337890625 6.199999809265137
vertex -44.74931716918945 35.81772232055664 2.5
vertex -44.74931716918945 35.81772232055664 6.199999809265137
endloop
endfacet
facet normal 0 0 1
outer loop
vertex -8.807371139526367 -48.946754455566406 7.199999809265137
vertex -31.598867416381836 -61.4473991394043 7.199999809265137
vertex -8.802054405212402 -49.05963897705078 7.199999809265137
endloop
endfacet
facet normal 0.6427866206628846 0.766045273007274 0
outer loop
vertex -54.42216873168945 30.329893112182617 6.199999809265137
vertex -54.42216873168945 30.329893112182617 2.5
vertex -67.88919830322266 41.630043029785156 2.5
endloop
endfacet
facet normal 0 0 1
outer loop
vertex 68.43350982666016 -12.995421409606934 7.199999809265137
vertex 68.43730926513672 -13.038833618164062 7.199999809265137
vertex 73.52125549316406 -14.710668563842773 7.199999809265137
endloop
endfacet
facet normal 0.4617467921330201 0.8870117811815497 0
outer loop
vertex -44.74931716918945 35.81772232055664 2.5
vertex -47.78409194946289 37.397518157958984 2.5
vertex -44.74931716918945 35.81772232055664 6.199999809265137
endloop
endfacet
facet normal 0 0 1
outer loop
vertex 68.42971801757812 -13.12565803527832 7.199999809265137
vertex 68.40715789794922 -13.209843635559082 7.199999809265137
vertex 73.52125549316406 -14.710668563842773 7.199999809265137
endloop
endfacet
facet normal 0.9770551373711908 0.21298652195987292 0
outer loop
vertex -37.95400619506836 20.746931076049805 6.199999809265137
vertex -37.95400619506836 20.746931076049805 2.5
vertex -37.96290969848633 20.78777503967285 6.199999809265137
endloop
endfacet
facet normal -0.9961953117762664 -0.08714872801703699 0
outer loop
vertex -42.59489440917969 44.42513656616211 2.5
vertex -42.58176803588867 44.275089263916016 2.5
vertex -42.59489440917969 44.42513656616211 6.199999809265137
endloop
endfacet
facet normal 0 0 1
outer loop
vertex 67.81455993652344 -13.916074752807617 7.199999809265137
vertex 69.18499755859375 -19.977670669555664 7.199999809265137
vertex 67.88595581054688 -13.866084098815918 7.199999809265137
endloop
endfacet
facet normal 0 0 -1
outer loop
vertex -46.248016357421875 -61.95236587524414 -5.699999809265137
vertex -42.595157623291016 -64.01235961914062 -5.699999809265137
vertex -43.03514099121094 -64.75042724609375 -5.699999809265137
endloop
endfacet
facet normal -0.5735856217131501 0.8191456125522882 5.250624470166022e-7
outer loop
vertex -13.295332908630371 -42.54467010498047 6.199999809265137
vertex -13.429238319396973 -42.638431549072266 2.5
vertex -13.382939338684082 -42.606014251708984 6.199999809265137
endloop
endfacet
facet normal 0 0 1
outer loop
vertex -73.16917419433594 44.83285140991211 7.199999809265137
vertex -68.37275695800781 42.45773696899414 7.199999809265137
vertex -68.32276153564453 42.52912902832031 7.199999809265137
endloop
endfacet
facet normal -0.4243856978144729 -0.9054815180281279 0
outer loop
vertex 44.402400970458984 37.35679244995117 6.199999809265137
vertex 44.507102966308594 37.30772018432617 2.5
vertex 44.507102966308594 37.30772018432617 6.199999809265137
endloop
endfacet
facet normal 0 0 1
outer loop
vertex -73.43505096435547 39.80839920043945 7.199999809265137
vertex -68.38159942626953 41.54322052001953 7.199999809265137
vertex -68.3853988647461 41.586631774902344 7.199999809265137
endloop
endfacet
facet normal 0 0 -1
outer loop
vertex -45.494388580322266 -61.589195251464844 -5.699999809265137
vertex -46.248016357421875 -61.95236587524414 -5.699999809265137
vertex -46.88375473022461 -60.3470573425293 -5.699999809265137
endloop
endfacet
facet normal 0 0 1
outer loop
vertex -73.43505096435547 39.80839920043945 7.199999809265137
vertex -73.03205108642578 38.876007080078125 7.199999809265137
vertex -68.35904693603516 41.45903396606445 7.199999809265137
endloop
endfacet
facet normal 0 0 1
outer loop
vertex 67.30513000488281 -14.007668495178223 7.199999809265137
vertex 69.18499755859375 -19.977670669555664 7.199999809265137
vertex 67.6079330444336 -13.979268074035645 7.199999809265137
endloop
endfacet
facet normal 0.9144230905298147 0.4047596959997811 -2.589239167731631e-7
outer loop
vertex -8.006958961486816 -43.197566986083984 6.199999809265137
vertex -8.064981460571289 -43.06648635864258 2.5
vertex -8.043961524963379 -43.11397171020508 6.199999809265137
endloop
endfacet
facet normal 0 0 1
outer loop
vertex -68.38640594482422 -21.218915939331055 7.199999809265137
vertex -57.23210144042969 12.991273880004883 7.199999809265137
vertex -57.18452072143555 13.266924858093262 7.199999809265137
endloop
endfacet
facet normal 0.9855392013755577 -0.1694475805434468 0
outer loop
vertex -62.49478530883789 -20.568239212036133 2.5
vertex -59.68302917480469 -4.21453332901001 2.5
vertex -62.49478530883789 -20.568239212036133 6.199999809265137
endloop
endfacet
facet normal 0.8191577000652674 0.5735683589806722 0
outer loop
vertex -59.743106842041016 -4.128731727600098 2.5
vertex -59.68302917480469 -4.21453332901001 6.199999809265137
vertex -59.68302917480469 -4.21453332901001 2.5
endloop
endfacet
facet normal 0 0 1
outer loop
vertex -31.598867416381836 -61.4473991394043 7.199999809265137
vertex -13.14354133605957 -43.046451568603516 7.199999809265137
vertex -13.179238319396973 -43.07144546508789 7.199999809265137
endloop
endfacet
facet normal 0 0 1
outer loop
vertex -13.082579612731934 -43.00608825683594 7.199999809265137
vertex -31.598867416381836 -61.4473991394043 7.199999809265137
vertex -9.928326606750488 -42.18989944458008 7.199999809265137
endloop
endfacet
facet normal 0 0 1
outer loop
vertex 69.18499755859375 -19.977670669555664 7.199999809265137
vertex 51.72465133666992 -17.043548583984375 7.199999809265137
vertex 62.93635940551758 -23.654090881347656 7.199999809265137
endloop
endfacet
facet normal 0.0871556343918055 -0.9961947075716483 0
outer loop
vertex 54.10330581665039 37.93939208984375 6.199999809265137
vertex 62.997596740722656 38.7175407409668 2.5
vertex 62.997596740722656 38.7175407409668 6.199999809265137
endloop
endfacet
facet normal 0.9995484436202494 -0.030048441828775085 0
outer loop
vertex 39.37054443359375 -52.99557876586914 1.7000000476837158
vertex 39.62322998046875 -44.59010314941406 -3.700000047683716
vertex 39.62322998046875 -44.59010314941406 1.7000000476837158
endloop
endfacet
facet normal -0.6428165270429221 -0.7660201776457826 0
outer loop
vertex 62.997596740722656 38.7175407409668 2.5
vertex 63.44183349609375 38.34475326538086 2.5
vertex 62.997596740722656 38.7175407409668 6.199999809265137
endloop
endfacet
facet normal 0.665229748002354 -0.7466387227921711 0
outer loop
vertex 35.6962890625 -57.905033111572266 1.7000000476837158
vertex 37.878665924072266 -55.960609436035156 -3.700000047683716
vertex 37.878665924072266 -55.960609436035156 1.7000000476837158
endloop
endfacet
facet normal -0.9961944645064453 -0.08715841259854311 -1.365249212308841e-7
outer loop
vertex 51.160789489746094 -16.33545684814453 6.199999809265137
vertex 51.22655487060547 -17.087129592895508 2.5
vertex 51.17818069458008 -16.53423309326172 6.199999809265137
endloop
endfacet
facet normal 0 0 1
outer loop
vertex 43.70037078857422 45.61437225341797 7.199999809265137
vertex 43.70796585083008 45.527549743652344 7.199999809265137
vertex 48.58618927001953 47.905696868896484 7.199999809265137
endloop
endfacet
facet normal 0 0 1
outer loop
vertex 51.72465133666992 -17.043548583984375 7.199999809265137
vertex 52.239078521728516 -22.944717407226562 7.199999809265137
vertex 62.93635940551758 -23.654090881347656 7.199999809265137
endloop
endfacet
facet normal 0.829506070335794 0.5584976985414255 0
outer loop
vertex -38.61690902709961 22.55863380432129 2.5
vertex -38.65711212158203 22.618345260620117 2.5
vertex -38.61690902709961 22.55863380432129 6.199999809265137
endloop
endfacet
facet normal 0.8191501289370766 0.5735791717473452 0
outer loop
vertex -46.53971862792969 -30.12285041809082 2.5
vertex -46.70940017700195 -29.880521774291992 2.5
vertex -46.53971862792969 -30.12285041809082 6.199999809265137
endloop
endfacet
facet normal 0 0 -1
outer loop
vertex -45.82746505737305 -59.920101165771484 -5.699999809265137
vertex -47.25234603881836 -59.74263381958008 -5.699999809265137
vertex -47.24760818481445 -58.13750457763672 -5.699999809265137
endloop
endfacet
facet normal 0.6652294227933379 -0.7466390125422341 0
outer loop
vertex 33.32426834106445 -60.0184211730957 1.7000000476837158
vertex 33.32426834106445 -60.0184211730957 -3.700000047683716
vertex 35.6962890625 -57.905033111572266 -3.700000047683716
endloop
endfacet
facet normal 0 0 1
outer loop
vertex 52.2747802734375 44.58845138549805 7.199999809265137
vertex 50.76425552368164 45.49108123779297 7.199999809265137
vertex 50.5718879699707 38.13233947753906 7.199999809265137
endloop
endfacet
facet normal 0.5324931125917541 0.8464343359306411 0
outer loop
vertex -47.09115982055664 -24.04391860961914 2.5
vertex -47.190677642822266 -23.981311798095703 2.5
vertex -47.09115982055664 -24.04391860961914 6.199999809265137
endloop
endfacet
facet normal 0.8125680032432281 0.5828663998767756 0
outer loop
vertex -46.07242202758789 -25.464130401611328 2.5
vertex -47.09115982055664 -24.04391860961914 2.5
vertex -46.07242202758789 -25.464130401611328 6.199999809265137
endloop
endfacet
facet normal 0.3915360989899667 -0.920162748206924 0
outer loop
vertex 21.430334091186523 -61.81841278076172 1.7000000476837158
vertex 21.430334091186523 -61.81841278076172 -3.700000047683716
vertex 21.609437942504883 -61.74220275878906 -3.700000047683716
endloop
endfacet
facet normal 0.5619735190689008 -0.8271552235616455 0
outer loop
vertex -39.64836883544922 11.87264633178711 2.5
vertex -41.08850860595703 10.894207954406738 6.199999809265137
vertex -41.08850860595703 10.894207954406738 2.5
endloop
endfacet
facet normal -1 0 0
outer loop
vertex 43.20796585083008 45.527549743652344 2.5
vertex 43.20796585083008 38.69581604003906 2.5
vertex 43.20796585083008 45.527549743652344 6.199999809265137
endloop
endfacet
facet normal 0.9855385854920191 -0.16945116259969956 0
outer loop
vertex -56.691932678222656 13.182231903076172 2.5
vertex -56.7395133972168 12.905499458312988 6.199999809265137
vertex -56.7395133972168 12.905499458312988 2.5
endloop
endfacet
facet normal 0.3292747580659836 -0.9442341519456856 0
outer loop
vertex 15.331140518188477 -66.94740295410156 1.7000000476837158
vertex 15.331140518188477 -66.94740295410156 -3.700000047683716
vertex 16.386194229125977 -66.57948303222656 -3.700000047683716
endloop
endfacet
facet normal 0 0 1
outer loop
vertex -47.77899932861328 36.8311767578125 7.199999809265137
vertex -48.588470458984375 35.866485595703125 7.199999809265137
vertex -45.2161750793457 35.49706268310547 7.199999809265137
endloop
endfacet
facet normal 0 0 -1
outer loop
vertex 39.09913635253906 -41.771732330322266 -5.699999809265137
vertex 37.978797912597656 -41.354652404785156 -5.699999809265137
vertex 39.371212005615234 -41.58122253417969 -5.699999809265137
endloop
endfacet
facet normal 0 0 -1
outer loop
vertex 37.6241340637207 -44.530006408691406 -5.699999809265137
vertex 36.740257263183594 -43.49782180786133 -5.699999809265137
vertex 37.65361404418945 -44.24280548095703 -5.699999809265137
endloop
endfacet
facet normal 0 0 1
outer loop
vertex -39.70720672607422 49.17845153808594 7.199999809265137
vertex -42.10249328613281 44.511962890625 7.199999809265137
vertex -38.921875 48.62855911254883 7.199999809265137
endloop
endfacet
facet normal 0.17364804256416072 0.984807776834462 0
outer loop
vertex -31.429309844970703 -32.991188049316406 2.5
vertex -46.37678527832031 -30.355546951293945 2.5
vertex -31.429309844970703 -32.991188049316406 6.199999809265137
endloop
endfacet
facet normal 0 0 1
outer loop
vertex -38.921875 48.62855911254883 7.199999809265137
vertex -42.10249328613281 44.511962890625 7.199999809265137
vertex -38.63152313232422 48.4931640625 7.199999809265137
endloop
endfacet
facet normal 0 0 -1
outer loop
vertex 37.384765625 -52.49251937866211 -5.699999809265137
vertex 36.65123748779297 -51.982398986816406 -5.699999809265137
vertex 36.664085388183594 -51.92268371582031 -5.699999809265137
endloop
endfacet
facet normal 0.766045219583574 -0.6427866843309324 0
outer loop
vertex -67.93974304199219 42.20773696899414 2.5
vertex -56.639591217041016 55.674766540527344 2.5
vertex -67.93974304199219 42.20773696899414 6.199999809265137
endloop
endfacet
facet normal 0 0 -1
outer loop
vertex -71.07525634765625 -21.474599838256836 -5.699999809265137
vertex -64.95064544677734 17.67670440673828 -5.699999809265137
vertex -64.34998321533203 16.973552703857422 -5.699999809265137
endloop
endfacet
facet normal -0.9961947153741535 -0.08715554520860566 0
outer loop
vertex 63.67597198486328 35.66851043701172 6.199999809265137
vertex 64.97401428222656 20.831785202026367 2.5
vertex 64.97401428222656 20.831785202026367 6.199999809265137
endloop
endfacet
facet normal 0 0 -1
outer loop
vertex 32.274864196777344 -58.27473449707031 -5.699999809265137
vertex 35.76201629638672 -53.9709358215332 -5.699999809265137
vertex 36.26347732543945 -54.72101593017578 -5.699999809265137
endloop
endfacet
facet normal 0 0 -1
outer loop
vertex -63.14830017089844 18.817951202392578 -5.699999809265137
vertex -64.95064544677734 17.67670440673828 -5.699999809265137
vertex -62.664852142333984 20.79982566833496 -5.699999809265137
endloop
endfacet
facet normal 0 0 1
outer loop
vertex 51.4136962890625 -23.930463790893555 7.199999809265137
vertex 49.59726333618164 -24.089374542236328 7.199999809265137
vertex 62.93635940551758 -23.654090881347656 7.199999809265137
endloop
endfacet
facet normal 0 0 -1
outer loop
vertex -62.53883361816406 20.97979736328125 -5.699999809265137
vertex -62.39149856567383 21.295757293701172 -5.699999809265137
vertex -61.10630798339844 20.16395378112793 -5.699999809265137
endloop
endfacet
facet normal 0 0 1
outer loop
vertex 66.9032211303711 4.517746448516846 7.199999809265137
vertex 68.43350982666016 -12.995421409606934 7.199999809265137
vertex 69.00170135498047 40.166419982910156 7.199999809265137
endloop
endfacet
facet normal 0 0 -1
outer loop
vertex -62.30126953125 21.63250160217285 -5.699999809265137
vertex -62.2708854675293 21.97979736328125 -5.699999809265137
vertex -60.809776306152344 24.87196159362793 -5.699999809265137
endloop
endfacet
facet normal 0 0 1
outer loop
vertex -68.38640594482422 -21.218915939331055 7.199999809265137
vertex -63.045772552490234 -20.857397079467773 7.199999809265137
vertex -63.038177490234375 -20.770572662353516 7.199999809265137
endloop
endfacet
facet normal 0 0 -1
outer loop
vertex -62.64437484741211 24.91731071472168 -5.699999809265137
vertex -62.791709899902344 25.2332706451416 -5.699999809265137
vertex -60.809776306152344 24.87196159362793 -5.699999809265137
endloop
endfacet
facet normal 0 0 -1
outer loop
vertex 32.274864196777344 -58.27473449707031 -5.699999809265137
vertex 30.236862182617188 -59.03190994262695 -5.699999809265137
vertex 32.063209533691406 -57.40507888793945 -5.699999809265137
endloop
endfacet
facet normal 0 0 1
outer loop
vertex 49.59726333618164 -24.089374542236328 7.199999809265137
vertex 33.900482177734375 -25.460756301879883 7.199999809265137
vertex 62.93635940551758 -23.654090881347656 7.199999809265137
endloop
endfacet
facet normal 0 0 -1
outer loop
vertex 22.2897891998291 -59.42031478881836 -5.699999809265137
vertex 20.600982666015625 -58.59443283081055 -5.699999809265137
vertex 30.329051971435547 -58.126434326171875 -5.699999809265137
endloop
endfacet
facet normal -0.9961947153741535 -0.08715554520860566 0
outer loop
vertex 63.67597198486328 35.66851043701172 2.5
vertex 64.97401428222656 20.831785202026367 2.5
vertex 63.67597198486328 35.66851043701172 6.199999809265137
endloop
endfacet
facet normal 0 0 -1
outer loop
vertex 21.602523803710938 -59.57160949707031 -5.699999809265137
vertex 20.600982666015625 -58.59443283081055 -5.699999809265137
vertex 21.701562881469727 -59.53254699707031 -5.699999809265137
endloop
endfacet
facet normal -0.9961939883579539 -0.08716385466162375 0
outer loop
vertex 51.22655487060547 -17.087129592895508 6.199999809265137
vertex 51.74287414550781 -22.98813247680664 2.5
vertex 51.74287414550781 -22.98813247680664 6.199999809265137
endloop
endfacet
facet normal 0 0 -1
outer loop
vertex 20.144758224487305 -60.28632354736328 -5.699999809265137
vertex 20.600982666015625 -58.59443283081055 -5.699999809265137
vertex 20.430334091186523 -60.086360931396484 -5.699999809265137
endloop
endfacet
facet normal -0.9301961425571825 -0.3670628507105258 0
outer loop
vertex 43.24985122680664 38.58967590332031 2.5
vertex 43.24985122680664 38.58967590332031 6.199999809265137
vertex 43.22801971435547 38.64500045776367 6.199999809265137
endloop
endfacet
facet normal 0 0 1
outer loop
vertex -62.3841667175293 -21.802268981933594 7.199999809265137
vertex -65.26763153076172 -26.30438804626465 7.199999809265137
vertex -62.29998016357422 -21.824827194213867 7.199999809265137
endloop
endfacet
facet normal 0 0 1
outer loop
vertex -58.80519104003906 22.593135833740234 7.199999809265137
vertex -38.41085433959961 20.15776824951172 7.199999809265137
vertex -38.448890686035156 20.66043472290039 7.199999809265137
endloop
endfacet
facet normal -0.7660469509518113 0.6427846209559103 0
outer loop
vertex 51.370121002197266 -23.4323673248291 2.5
vertex 51.370121002197266 -23.4323673248291 6.199999809265137
vertex 51.6683235168457 -23.076980590820312 6.199999809265137
endloop
endfacet
facet normal -0.9999727641268656 -0.007380447444145125 0
outer loop
vertex -56.63797378540039 -34.985958099365234 1.7000000476837158
vertex -56.63797378540039 -34.985958099365234 -3.700000047683716
vertex -56.597476959228516 -40.47285079956055 1.7000000476837158
endloop
endfacet
facet normal 0 0 -1
outer loop
vertex -60.809776306152344 24.87196159362793 -5.699999809265137
vertex -62.791709899902344 25.2332706451416 -5.699999809265137
vertex -62.99167251586914 25.51884651184082 -5.699999809265137
endloop
endfacet
facet normal 0 -1 0
outer loop
vertex -8.781983375549316 45.937599182128906 6.199999809265137
vertex 42.797916412353516 45.937599182128906 2.5
vertex 42.797916412353516 45.937599182128906 6.199999809265137
endloop
endfacet
facet normal 0 -1 0
outer loop
vertex -7.293008804321289 -66.94740295410156 -3.564180612564087
vertex -7.089740753173828 -66.94740295410156 -3.700000047683716
vertex 15.331140518188477 -66.94740295410156 -3.700000047683716
endloop
endfacet
facet normal 0 0 1
outer loop
vertex -30.82888412475586 -40.07811737060547 7.199999809265137
vertex -31.598867416381836 -61.4473991394043 7.199999809265137
vertex -30.54542350769043 -40.12810134887695 7.199999809265137
endloop
endfacet
facet normal 0 0 -1
outer loop
vertex 20.057519912719727 -60.363975524902344 -5.699999809265137
vertex 18.054290771484375 -61.060882568359375 -5.699999809265137
vertex 20.600982666015625 -58.59443283081055 -5.699999809265137
endloop
endfacet
facet normal 0 0 1
outer loop
vertex -53.757652282714844 29.888031005859375 7.199999809265137
vertex -47.759681701660156 25.99721336364746 7.199999809265137
vertex -53.673465728759766 29.91058921813965 7.199999809265137
endloop
endfacet
facet normal -0.9961947016312779 -0.08715570229060898 0
outer loop
vertex 67.93730926513672 -13.038833618164062 2.5
vertex 66.40512084960938 4.474168300628662 6.199999809265137
vertex 66.40512084960938 4.474168300628662 2.5
endloop
endfacet
facet normal 0 0 1
outer loop
vertex -30.913068771362305 -40.05556106567383 7.199999809265137
vertex -31.598867416381836 -61.4473991394043 7.199999809265137
vertex -30.82888412475586 -40.07811737060547 7.199999809265137
endloop
endfacet
facet normal 0 0 1
outer loop
vertex -66.09806823730469 -25.687498092651367 7.199999809265137
vertex -62.95230484008789 -21.14624786376953 7.199999809265137
vertex -62.977909088134766 -21.109682083129883 7.199999809265137
endloop
endfacet
facet normal -0.9937626559509438 -0.11151584478131221 -1.9049045225433576e-7
outer loop
vertex -64.4006118774414 23.135875701904297 -3.700000047683716
vertex -64.27088165283203 21.97979736328125 -3.700000047683716
vertex -64.52375793457031 24.2332706451416 1.7000000476837158
endloop
endfacet
facet normal 0 0 1
outer loop
vertex -73.43505096435547 39.80839920043945 7.199999809265137
vertex -68.40958404541016 42.378746032714844 7.199999809265137
vertex -68.37275695800781 42.45773696899414 7.199999809265137
endloop
endfacet
facet normal 0 -1 0
outer loop
vertex -8.781983375549316 45.937599182128906 6.199999809265137
vertex -8.781983375549316 45.937599182128906 2.5
vertex 42.797916412353516 45.937599182128906 2.5
endloop
endfacet
facet normal 0 0 1
outer loop
vertex -62.62117385864258 -21.618120193481445 7.199999809265137
vertex -66.09806823730469 -25.687498092651367 7.199999809265137
vertex -62.46315383911133 -21.76543426513672 7.199999809265137
endloop
endfacet
facet normal 0 0 1
outer loop
vertex 69.18499755859375 -19.977670669555664 7.199999809265137
vertex 67.94757843017578 -13.804455757141113 7.199999809265137
vertex 67.88595581054688 -13.866084098815918 7.199999809265137
endloop
endfacet
facet normal -0.7660174595600572 0.6428197660691183 0
outer loop
vertex 67.56452178955078 -13.48306655883789 2.5
vertex 67.93730926513672 -13.038833618164062 6.199999809265137
vertex 67.93730926513672 -13.038833618164062 2.5
endloop
endfacet
facet normal -0.8058742150106156 0.5920867753809607 0
outer loop
vertex -64.27088165283203 21.97979736328125 1.7000000476837158
vertex -64.27088165283203 21.97979736328125 -3.700000047683716
vertex -66.5750961303711 18.843589782714844 1.7000000476837158
endloop
endfacet
facet normal 0 0 1
outer loop
vertex 43.11930847167969 46.320621490478516 7.199999809265137
vertex 43.15147018432617 46.29115295410156 7.199999809265137
vertex 45.8963623046875 50.88900375366211 7.199999809265137
endloop
endfacet
facet normal -0.08715571962529835 0.9961947001146897 0
outer loop
vertex 67.26155853271484 -13.509571075439453 2.5
vertex 52.44416809082031 -14.805924415588379 2.5
vertex 67.26155853271484 -13.509571075439453 6.199999809265137
endloop
endfacet
facet normal 0 0 -1
outer loop
vertex -71.57498168945312 -23.475704193115234 -5.699999809265137
vertex -70.68131256103516 -23.447511672973633 -5.699999809265137
vertex -70.65982818603516 -23.499757766723633 -5.699999809265137
endloop
endfacet
facet normal 0 0 -1
outer loop
vertex -76.00460052490234 38.883155822753906 -5.699999809265137
vertex -75.92758178710938 36.75347137451172 -5.699999809265137
vertex -76.91573333740234 39.039695739746094 -5.699999809265137
endloop
endfacet
facet normal -0.996194406156583 -0.08715907951747172 0
outer loop
vertex 51.160789489746094 -16.33545684814453 2.5
vertex 51.22655487060547 -17.087129592895508 2.5
vertex 51.160789489746094 -16.33545684814453 6.199999809265137
endloop
endfacet
facet normal 0 0 -1
outer loop
vertex 15.32414436340332 -64.83172607421875 -5.699999809265137
vertex 17.99555206298828 -61.277950286865234 -5.699999809265137
vertex 20.057519912719727 -60.363975524902344 -5.699999809265137
endloop
endfacet
facet normal 0 0 -1
outer loop
vertex -75.64586639404297 45.92860412597656 -5.699999809265137
vertex -77.06156158447266 44.490028381347656 -5.699999809265137
vertex -76.21044158935547 46.66573715209961 -5.699999809265137
endloop
endfacet
facet normal 0.9855392179131868 -0.16944748435743778 0
outer loop
vertex -61.825496673583984 -16.675537109375 6.199999809265137
vertex -59.68302917480469 -4.21453332901001 2.5
vertex -59.68302917480469 -4.21453332901001 6.199999809265137
endloop
endfacet
facet normal 0 0 -1
outer loop
vertex 14.992423057556152 -64.94740295410156 -5.699999809265137
vertex 14.934213638305664 -64.04740142822266 -5.699999809265137
vertex 15.32414436340332 -64.83172607421875 -5.699999809265137
endloop
endfacet
facet normal 0 0 1
outer loop
vertex -44.51490020751953 24.185623168945312 7.199999809265137
vertex -58.80519104003906 22.593135833740234 7.199999809265137
vertex -39.70416259765625 22.896554946899414 7.199999809265137
endloop
endfacet
facet normal -0.08715200154253291 0.9961950253977031 0
outer loop
vertex 51.370121002197266 -23.4323673248291 2.5
vertex 49.55368423461914 -23.591278076171875 2.5
vertex 51.370121002197266 -23.4323673248291 6.199999809265137
endloop
endfacet
facet normal 0.9164082716421544 0.4002447746889884 0
outer loop
vertex 74.4080581665039 41.529502868652344 1.7000000476837158
vertex 73.19152069091797 44.314910888671875 -3.700000047683716
vertex 73.19152069091797 44.314910888671875 1.7000000476837158
endloop
endfacet
facet normal 0 0 1
outer loop
vertex -11.078145980834961 51.30940628051758 7.199999809265137
vertex -14.165451049804688 48.621578216552734 7.199999809265137
vertex -10.10743236541748 51.634918212890625 7.199999809265137
endloop
endfacet
facet normal 0.1783513906009204 0.9839668599453529 0
outer loop
vertex -30.457422256469727 -39.635902404785156 2.5
vertex -30.457422256469727 -39.635902404785156 6.199999809265137
vertex -26.445600509643555 -40.363075256347656 6.199999809265137
endloop
endfacet
facet normal 0 0 1
outer loop
vertex 29.108041763305664 -19.548934936523438 7.199999809265137
vertex 32.91659927368164 -24.635164260864258 7.199999809265137
vertex 32.4645881652832 -19.4903507232666 7.199999809265137
endloop
endfacet
facet normal 0 0 1
outer loop
vertex -47.238609313964844 24.933076858520508 7.199999809265137
vertex -58.80519104003906 22.593135833740234 7.199999809265137
vertex -47.15961837768555 24.896242141723633 7.199999809265137
endloop
endfacet
facet normal 0 0 -1
outer loop
vertex -75.61788177490234 45.97808074951172 -5.699999809265137
vertex -76.21044158935547 46.66573715209961 -5.699999809265137
vertex -61.4685173034668 63.75209426879883 -5.699999809265137
endloop
endfacet
facet normal -0.7660472603293395 0.6427842522510281 0
outer loop
vertex -53.84447479248047 30.380435943603516 2.5
vertex -48.971492767333984 36.18788146972656 6.199999809265137
vertex -48.971492767333984 36.18788146972656 2.5
endloop
endfacet
facet normal 0 0 1
outer loop
vertex 29.108041763305664 -19.548934936523438 7.199999809265137
vertex 27.6158504486084 -47.99106979370117 7.199999809265137
vertex 32.91659927368164 -24.635164260864258 7.199999809265137
endloop
endfacet
facet normal 0 0 1
outer loop
vertex 27.6158504486084 -47.99106979370117 7.199999809265137
vertex 32.92039489746094 -24.678577423095703 7.199999809265137
vertex 32.91659927368164 -24.635164260864258 7.199999809265137
endloop
endfacet
facet normal 0 0 1
outer loop
vertex 43.11930847167969 46.320621490478516 7.199999809265137
vertex 45.8963623046875 50.88900375366211 7.199999809265137
vertex 43.047916412353516 46.37061309814453 7.199999809265137
endloop
endfacet
facet normal 0 0 1
outer loop
vertex 33.60707092285156 -25.397565841674805 7.199999809265137
vertex 27.6158504486084 -47.99106979370117 7.199999809265137
vertex 33.68606185913086 -25.43440055847168 7.199999809265137
endloop
endfacet
facet normal 0 0 1
outer loop
vertex 63.93423080444336 38.43161392211914 7.199999809265137
vertex 63.9399299621582 38.38833236694336 7.199999809265137
vertex 69.00170135498047 40.166419982910156 7.199999809265137
endloop
endfacet
facet normal 0 0 -1
outer loop
vertex -54.10398483276367 64.03982543945312 -5.699999809265137
vertex -59.13825607299805 64.73766326904297 -5.699999809265137
vertex -53.605857849121094 64.80944061279297 -5.699999809265137
endloop
endfacet
facet normal 0 0 1
outer loop
vertex 27.6158504486084 -47.99106979370117 7.199999809265137
vertex 33.09144973754883 -24.974824905395508 7.199999809265137
vertex 33.02977752685547 -24.91314697265625 7.199999809265137
endloop
endfacet
facet normal 0 0 -1
outer loop
vertex -52.18326950073242 63.368526458740234 -5.699999809265137
vertex -51.4263801574707 63.919700622558594 -5.699999809265137
vertex -52.1340217590332 63.33958053588867 -5.699999809265137
endloop
endfacet
facet normal -0.19510077113137794 0.9807832018871151 0
outer loop
vertex -47.78409194946289 37.397518157958984 2.5
vertex -47.99102783203125 37.356353759765625 2.5
vertex -47.78409194946289 37.397518157958984 6.199999809265137
endloop
endfacet
facet normal 0 0 -1
outer loop
vertex -52.1340217590332 63.33958053588867 -5.699999809265137
vertex -37.4774055480957 51.87956237792969 -5.699999809265137
vertex -38.0547981262207 50.961585998535156 -5.699999809265137
endloop
endfacet
facet normal 0 0 -1
outer loop
vertex 51.515968322753906 47.7962646484375 -5.699999809265137
vertex 54.067970275878906 47.589298248291016 -5.699999809265137
vertex 54.012718200683594 46.332176208496094 -5.699999809265137
endloop
endfacet
facet normal 0.6691289810927686 0.7431462888703363 0
outer loop
vertex 32.83295822143555 -19.050357818603516 6.199999809265137
vertex 32.760494232177734 -18.985111236572266 2.5
vertex 32.760494232177734 -18.985111236572266 6.199999809265137
endloop
endfacet
facet normal 0 0 1
outer loop
vertex -59.10257339477539 20.09868621826172 7.199999809265137
vertex -59.50774383544922 19.22979736328125 7.199999809265137
vertex -56.129364013671875 14.009270668029785 7.199999809265137
endloop
endfacet
facet normal 0.8191491756066557 0.5735805332322014 0
outer loop
vertex -30.30988311767578 -34.51026916503906 6.199999809265137
vertex -31.328670501708984 -33.05530548095703 2.5
vertex -31.328670501708984 -33.05530548095703 6.199999809265137
endloop
endfacet
facet normal 0 0 -1
outer loop
vertex -46.88375473022461 -60.3470573425293 -5.699999809265137
vertex -45.82746505737305 -59.920101165771484 -5.699999809265137
vertex -45.494388580322266 -61.589195251464844 -5.699999809265137
endloop
endfacet
facet normal -0.6546005382348062 -0.7559749568224479 0
outer loop
vertex -77.5821762084961 35.54059600830078 -3.700000047683716
vertex -74.05159759521484 32.48345947265625 -3.700000047683716
vertex -77.5821762084961 35.54059600830078 1.7000000476837158
endloop
endfacet
facet normal 0.25882539112374603 0.9659241258554627 0
outer loop
vertex -39.49295425415039 23.35759925842285 6.199999809265137
vertex -44.38549041748047 24.6685848236084 2.5
vertex -44.38549041748047 24.6685848236084 6.199999809265137
endloop
endfacet
facet normal 0 0 1
outer loop
vertex -50.683963775634766 -51.801273345947266 7.199999809265137
vertex -47.97359848022461 -54.85759353637695 7.199999809265137
vertex -31.48269271850586 -39.396385192871094 7.199999809265137
endloop
endfacet
facet normal 0.8191505817036399 0.5735785251337332 0
outer loop
vertex -46.53971862792969 -30.12285041809082 6.199999809265137
vertex -46.424072265625 -30.288009643554688 6.199999809265137
vertex -46.53971862792969 -30.12285041809082 2.5
endloop
endfacet
facet normal 0.8191471502933442 0.5735834256377126 0
outer loop
vertex -30.90367889404297 -39.354896545410156 6.199999809265137
vertex -31.074676513671875 -39.11069107055664 2.5
vertex -31.074676513671875 -39.11069107055664 6.199999809265137
endloop
endfacet
facet normal 0.993098312700168 -0.11725399085578285 0.002691271162705177
outer loop
vertex -46.70481872558594 -29.89268684387207 6.199999809265137
vertex -46.66083526611328 -29.605087280273438 2.5
vertex -46.69118881225586 -29.777246475219727 6.199999809265137
endloop
endfacet
facet normal 0 -1 0
outer loop
vertex -42.831241607666016 -66.94740295410156 1.7000000476837158
vertex -26.867033004760742 -66.94740295410156 -3.450000047683716
vertex -19.867033004760742 -66.94740295410156 -3.450000047683716
endloop
endfacet
facet normal -0.931277874647392 0.364309648777296 0
outer loop
vertex -77.94830322265625 47.71310043334961 1.7000000476837158
vertex -79.0716781616211 44.84143829345703 -3.700000047683716
vertex -79.0716781616211 44.84143829345703 1.7000000476837158
endloop
endfacet
facet normal 0.0052688070733653645 0.9999861197396809 0
outer loop
vertex 46.29237747192383 56.83782958984375 -3.700000047683716
vertex -10.990922927856445 57.1396484375 1.7000000476837158
vertex 46.29237747192383 56.83782958984375 1.7000000476837158
endloop
endfacet
facet normal 0 0 1
outer loop
vertex -30.9920597076416 -40.01872634887695 7.199999809265137
vertex -41.49855041503906 -61.4473991394043 7.199999809265137
vertex -31.598867416381836 -61.4473991394043 7.199999809265137
endloop
endfacet
facet normal 0 0 -1
outer loop
vertex -48.51095199584961 -58.53476333618164 -5.699999809265137
vertex -50.167564392089844 -57.65869903564453 -5.699999809265137
vertex -47.24760818481445 -58.13750457763672 -5.699999809265137
endloop
endfacet
facet normal 0 0 1
outer loop
vertex -73.43505096435547 39.80839920043945 7.199999809265137
vertex -68.43974304199219 42.20773696899414 7.199999809265137
vertex -68.43214416503906 42.294559478759766 7.199999809265137
endloop
endfacet
facet normal -0.012973305278931363 0.9999158431338807 0
outer loop
vertex -53.701171875 66.8083724975586 -3.700000047683716
vertex -59.55623245239258 66.73240661621094 -3.700000047683716
vertex -59.55623245239258 66.73240661621094 1.7000000476837158
endloop
endfacet
facet normal 0 0 1
outer loop
vertex -43.63304138183594 -59.06805419921875 7.199999809265137
vertex -43.30427169799805 -59.87481689453125 7.199999809265137
vertex -30.9920597076416 -40.01872634887695 7.199999809265137
endloop
endfacet
facet normal -0.012983729768518682 0.9999157078280639 0
outer loop
vertex -53.225833892822266 66.81454467773438 -3.700000047683716
vertex -53.701171875 66.8083724975586 -3.700000047683716
vertex -53.225833892822266 66.81454467773438 1.7000000476837158
endloop
endfacet
facet normal 0 0 1
outer loop
vertex -56.72641372680664 56.16716766357422 7.199999809265137
vertex -58.406795501708984 61.246856689453125 7.199999809265137
vertex -56.81060028076172 56.14461135864258 7.199999809265137
endloop
endfacet
facet normal 0 0 1
outer loop
vertex -51.87483596801758 -32.235958099365234 7.199999809265137
vertex -51.46966552734375 -33.10485076904297 7.199999809265137
vertex -47.17924499511719 -30.051530838012695 7.199999809265137
endloop
endfacet
facet normal 0.3779563037227437 0.9258234348277437 0
outer loop
vertex -50.36726379394531 65.64756774902344 1.7000000476837158
vertex -53.225833892822266 66.81454467773438 -3.700000047683716
vertex -53.225833892822266 66.81454467773438 1.7000000476837158
endloop
endfacet
facet normal 0.9979754955771443 -0.06359960870597692 0
outer loop
vertex -37.90858840942383 20.146726608276367 2.5
vertex -37.90858840942383 20.146726608276367 6.199999809265137
vertex -37.91124725341797 20.105005264282227 2.5
endloop
endfacet
facet normal 0 0 -1
outer loop
vertex -21.518098831176758 47.91529083251953 -5.699999809265137
vertex -36.9958610534668 50.42390823364258 -5.699999809265137
vertex -35.9610710144043 51.12195587158203 -5.699999809265137
endloop
endfacet
facet normal 0 0 1
outer loop
vertex -57.1210823059082 -22.738004684448242 7.199999809265137
vertex -56.065425872802734 -28.229650497436523 7.199999809265137
vertex -46.560482025146484 -25.64156150817871 7.199999809265137
endloop
endfacet
facet normal 0 0 -1
outer loop
vertex -20.282785415649414 46.71323013305664 -5.699999809265137
vertex -21.433149337768555 47.89252853393555 -5.699999809265137
vertex -21.085853576660156 47.862144470214844 -5.699999809265137
endloop
endfacet
facet normal 0 0 1
outer loop
vertex -31.598867416381836 -61.4473991394043 7.199999809265137
vertex -8.008424758911133 -49.89619827270508 7.199999809265137
vertex -8.092610359191895 -49.87364196777344 7.199999809265137
endloop
endfacet
facet normal -0.050485624626164405 0.9987247877699371 0
outer loop
vertex 65.68130493164062 49.839317321777344 -3.700000047683716
vertex 62.54473114013672 49.680763244628906 -3.700000047683716
vertex 65.68130493164062 49.839317321777344 1.7000000476837158
endloop
endfacet
facet normal 0 0 1
outer loop
vertex -59.3524169921875 60.8469123840332 7.199999809265137
vertex -73.16917419433594 44.83285140991211 7.199999809265137
vertex -57.022613525390625 55.996158599853516 7.199999809265137
endloop
endfacet
facet normal 0 0 1
outer loop
vertex -58.85444259643555 21.02473258972168 7.199999809265137
vertex -40.04497146606445 12.207674980163574 7.199999809265137
vertex -38.41085433959961 20.15776824951172 7.199999809265137
endloop
endfacet
facet normal -0.25050774716231716 0.9681145947725717 0
outer loop
vertex -13.295332908630371 -42.54467010498047 2.5
vertex -13.295332908630371 -42.54467010498047 6.199999809265137
vertex -11.716548919677734 -42.136146545410156 6.199999809265137
endloop
endfacet
facet normal 0.6424789517296389 0.7663033293877135 0.00006287837237770108
outer loop
vertex 33.85707092285156 -24.964553833007812 6.199999809265137
vertex 33.412841796875 -24.5918025970459 2.5
vertex 33.41264343261719 -24.59193992614746 6.20048713684082
endloop
endfacet
facet normal 0 0 -1
outer loop
vertex -37.06629180908203 51.61041259765625 -5.699999809265137
vertex -38.0547981262207 50.961585998535156 -5.699999809265137
vertex -37.171875 51.659645080566406 -5.699999809265137
endloop
endfacet
facet normal 0 0 -1
outer loop
vertex -35.9610710144043 51.12195587158203 -5.699999809265137
vertex -36.9958610534668 50.42390823364258 -5.699999809265137
vertex -36.21286392211914 51.189422607421875 -5.699999809265137
endloop
endfacet
facet normal 0 0 1
outer loop
vertex -44.5280647277832 -57.54258728027344 7.199999809265137
vertex -43.97816848754883 -58.327919006347656 7.199999809265137
vertex -31.0645751953125 -39.96761703491211 7.199999809265137
endloop
endfacet
facet normal 0 0 1
outer loop
vertex -8.868807792663574 46.43000411987305 7.199999809265137
vertex -10.10743236541748 51.634918212890625 7.199999809265137
vertex -14.165451049804688 48.621578216552734 7.199999809265137
endloop
endfacet
facet normal 0 0 1
outer loop
vertex -14.165451049804688 48.621578216552734 7.199999809265137
vertex -9.336602210998535 46.090087890625 7.199999809265137
vertex -9.134191513061523 46.2898063659668 7.199999809265137
endloop
endfacet
facet normal 0 0 1
outer loop
vertex 33.900482177734375 -25.460756301879883 7.199999809265137
vertex 36.84938049316406 -39.090576171875 7.199999809265137
vertex 37.59758377075195 -38.56667709350586 7.199999809265137
endloop
endfacet
facet normal 0 0 1
outer loop
vertex -14.165451049804688 48.621578216552734 7.199999809265137
vertex -9.692033767700195 45.527549743652344 7.199999809265137
vertex -9.68443775177002 45.61437225341797 7.199999809265137
endloop
endfacet
facet normal -0.33674538761572603 -0.9415957433631136 0
outer loop
vertex -42.831241607666016 -66.94740295410156 -3.700000047683716
vertex -44.06401443481445 -66.50652313232422 1.7000000476837158
vertex -44.06401443481445 -66.50652313232422 -3.700000047683716
endloop
endfacet
facet normal 0 0 -1
outer loop
vertex -17.308618545532227 48.18891525268555 -5.699999809265137
vertex -18.51382064819336 48.833274841308594 -5.699999809265137
vertex -18.3304386138916 48.91878890991211 -5.699999809265137
endloop
endfacet
facet normal 0 0 1
outer loop
vertex 33.900482177734375 -25.460756301879883 7.199999809265137
vertex 34.86009216308594 -41.84010314941406 7.199999809265137
vertex 34.89463424682617 -41.790767669677734 7.199999809265137
endloop
endfacet
facet normal 0 0 -1
outer loop
vertex -17.598386764526367 49.650840759277344 -5.699999809265137
vertex -17.308618545532227 48.18891525268555 -5.699999809265137
vertex -17.798349380493164 49.365264892578125 -5.699999809265137
endloop
endfacet
facet normal 0 0 1
outer loop
vertex -14.567298889160156 47.900840759277344 7.199999809265137
vertex -15.117194175720215 47.115509033203125 7.199999809265137
vertex -9.692033767700195 45.248802185058594 7.199999809265137
endloop
endfacet
facet normal 0 0 1
outer loop
vertex 27.6158504486084 -47.99106979370117 7.199999809265137
vertex 34.137657165527344 -44.42519760131836 7.199999809265137
vertex 34.206787109375 -43.635040283203125 7.199999809265137
endloop
endfacet
facet normal 0 0 1
outer loop
vertex -16.5804386138916 45.887699127197266 7.199999809265137
vertex -17.084739685058594 45.65253829956055 7.199999809265137
vertex -11.216339111328125 35.652793884277344 7.199999809265137
endloop
endfacet
facet normal 0.17835132928514283 0.9839668710592966 0
outer loop
vertex -13.83092975616455 -42.64957809448242 2.5
vertex -30.457422256469727 -39.635902404785156 2.5
vertex -13.83092975616455 -42.64957809448242 6.199999809265137
endloop
endfacet
facet normal 0 0 -1
outer loop
vertex -16.437620162963867 50.082279205322266 -5.699999809265137
vertex -16.925846099853516 50.85893630981445 -5.699999809265137
vertex -16.402271270751953 50.13071823120117 -5.699999809265137
endloop
endfacet
facet normal 0 0 1
outer loop
vertex -46.698177337646484 -30.738569259643555 7.199999809265137
vertex -51.46966552734375 -33.10485076904297 7.199999809265137
vertex -46.62678527832031 -30.788558959960938 7.199999809265137
endloop
endfacet
facet normal 0 0 -1
outer loop
vertex -12.720311164855957 53.50063705444336 -5.699999809265137
vertex -12.851133346557617 54.406410217285156 -5.699999809265137
vertex -12.672816276550293 53.530113220214844 -5.699999809265137
endloop
endfacet
facet normal 0 0 -1
outer loop
vertex -10.868063926696777 54.22928237915039 -5.699999809265137
vertex -10.66965389251709 55.1379280090332 -5.699999809265137
vertex -10.813108444213867 54.239498138427734 -5.699999809265137
endloop
endfacet
facet normal -0.9961969818060873 -0.08712963582980086 -7.801764249727787e-7
outer loop
vertex -42.59489440917969 44.42513656616211 6.199999809265137
vertex -42.58176803588867 44.275089263916016 2.5
vertex -42.58517074584961 44.313961029052734 6.199999809265137
endloop
endfacet
facet normal 0 0 1
outer loop
vertex 27.50115394592285 -48.286380767822266 7.199999809265137
vertex 27.45269775390625 -48.3365592956543 7.199999809265137
vertex 33.4369010925293 -52.551727294921875 7.199999809265137
endloop
endfacet
facet normal 0 0 1
outer loop
vertex -45.90299987792969 -56.08742904663086 7.199999809265137
vertex -45.353233337402344 -56.63719940185547 7.199999809265137
vertex -31.48269271850586 -39.396385192871094 7.199999809265137
endloop
endfacet
facet normal 0 0 1
outer loop
vertex -20.130788803100586 44.445701599121094 7.199999809265137
vertex -21.085853576660156 44.362144470214844 7.199999809265137
vertex -11.216339111328125 35.652793884277344 7.199999809265137
endloop
endfacet
facet normal 0 0 1
outer loop
vertex -47.17924499511719 -30.051530838012695 7.199999809265137
vertex -51.46966552734375 -33.10485076904297 7.199999809265137
vertex -47.11110305786133 -30.184120178222656 7.199999809265137
endloop
endfacet
facet normal 0.05233542211456658 0.9986295627469127 0
outer loop
vertex 11.591841697692871 -47.561912536621094 2.5
vertex 16.298702239990234 -47.80858612060547 6.199999809265137
vertex 16.298702239990234 -47.80858612060547 2.5
endloop
endfacet
facet normal 0.4463963368893151 0.8948353538007989 0
outer loop
vertex 49.28364944458008 55.34560775756836 -3.700000047683716
vertex 46.29237747192383 56.83782958984375 -3.700000047683716
vertex 46.29237747192383 56.83782958984375 1.7000000476837158
endloop
endfacet
facet normal 0.4487284986980783 0.8936681344079405 0
outer loop
vertex -35.75888442993164 53.184326171875 -3.700000047683716
vertex -36.171875 53.39169692993164 -3.700000047683716
vertex -36.171875 53.39169692993164 1.7000000476837158
endloop
endfacet
facet normal -0.036948761647997104 0.9993171613720438 0
outer loop
vertex -13.679059982299805 -42.64396286010742 2.5
vertex -13.83092975616455 -42.64957809448242 2.5
vertex -13.679059982299805 -42.64396286010742 6.199999809265137
endloop
endfacet
facet normal 0.21674480758704529 0.9762282972666049 0
outer loop
vertex -21.085853576660156 49.862144470214844 1.7000000476837158
vertex -21.085853576660156 49.862144470214844 -3.700000047683716
vertex -30.99205780029297 52.061546325683594 -3.700000047683716
endloop
endfacet
facet normal 0 0 1
outer loop
vertex -57.124942779541016 13.432231903076172 7.199999809265137
vertex -57.074954986572266 13.503625869750977 7.199999809265137
vertex -61.649471282958984 16.25855255126953 7.199999809265137
endloop
endfacet
facet normal -0.5735758865738472 0.8191524292468558 0
outer loop
vertex -13.295332908630371 -42.54467010498047 2.5
vertex -13.429238319396973 -42.638431549072266 2.5
vertex -13.295332908630371 -42.54467010498047 6.199999809265137
endloop
endfacet
facet normal -0.9961753439585217 -0.08737667932074833 0
outer loop
vertex -42.58176803588867 44.275089263916016 2.5
vertex -42.570274353027344 44.14405059814453 2.5
vertex -42.58176803588867 44.275089263916016 6.199999809265137
endloop
endfacet
facet normal 0 0 -1
outer loop
vertex -48.438331604003906 -58.568626403808594 -5.699999809265137
vertex -48.51095199584961 -58.53476333618164 -5.699999809265137
vertex -47.24760818481445 -58.13750457763672 -5.699999809265137
endloop
endfacet
facet normal 0 0 1
outer loop
vertex -22.040918350219727 44.445701599121094 7.199999809265137
vertex -25.097421646118164 39.3702507019043 7.199999809265137
vertex -11.216339111328125 35.652793884277344 7.199999809265137
endloop
endfacet
facet normal 0.05233489248007371 0.99862959050297 9.84814300988384e-7
outer loop
vertex 26.687183380126953 -48.3530158996582 6.199999809265137
vertex 16.298702239990234 -47.80858612060547 2.5
vertex 22.073373794555664 -48.11122131347656 6.199999809265137
endloop
endfacet
facet normal 0 0 1
outer loop
vertex 27.020933151245117 -48.72368240356445 7.199999809265137
vertex 29.52662467956543 -55.56203079223633 7.199999809265137
vertex 33.4369010925293 -52.551727294921875 7.199999809265137
endloop
endfacet
facet normal 0 0 1
outer loop
vertex 29.52662467956543 -55.56203079223633 7.199999809265137
vertex 30.438411712646484 -55.22327423095703 7.199999809265137
vertex 33.4369010925293 -52.551727294921875 7.199999809265137
endloop
endfacet
facet normal 0 0 -1
outer loop
vertex -57.26249694824219 -31.51857566833496 -5.699999809265137
vertex -57.55046844482422 -31.4414119720459 -5.699999809265137
vertex -55.923301696777344 -30.831212997436523 -5.699999809265137
endloop
endfacet
facet normal 0 0 1
outer loop
vertex 22.122116088867188 -55.93498611450195 7.199999809265137
vertex 26.660980224609375 -48.852333068847656 7.199999809265137
vertex 16.272533416748047 -48.307899475097656 7.199999809265137
endloop
endfacet
facet normal 0.9998247358187529 -0.018666899101557374 -0.001429868138434656
outer loop
vertex -9.192033767700195 45.24413299560547 6.199999809265137
vertex -9.192033767700195 45.527549743652344 2.5
vertex -9.186641693115234 45.53293991088867 6.199999809265137
endloop
endfacet
facet normal 0.8915565926090034 -0.45290930899620885 0
outer loop
vertex -9.41741943359375 36.39093017578125 6.199999809265137
vertex -9.355031967163086 36.51374053955078 2.5
vertex -9.355031967163086 36.51374053955078 6.199999809265137
endloop
endfacet
facet normal 0 0 1
outer loop
vertex -36.717498779296875 47.714962005615234 7.199999809265137
vertex -25.13951301574707 39.381526947021484 7.199999809265137
vertex -22.27452850341797 44.508296966552734 7.199999809265137
endloop
endfacet
facet normal -0.6786218069776571 0.7344878781126205 0
outer loop
vertex 11.477713584899902 -47.603153228759766 6.199999809265137
vertex 10.14947509765625 -48.83036422729492 2.5
vertex 10.14947509765625 -48.83036422729492 6.199999809265137
endloop
endfacet
facet normal 0 0 1
outer loop
vertex -36.717498779296875 47.714962005615234 7.199999809265137
vertex -25.48149299621582 39.31916046142578 7.199999809265137
vertex -25.397348403930664 39.358970642089844 7.199999809265137
endloop
endfacet
facet normal 0.9770551373711908 0.21298652195987292 0
outer loop
vertex -37.96290969848633 20.78777503967285 2.5
vertex -37.96290969848633 20.78777503967285 6.199999809265137
vertex -37.95400619506836 20.746931076049805 2.5
endloop
endfacet
facet normal 0 0 1
outer loop
vertex -22.27452850341797 44.508296966552734 7.199999809265137
vertex -25.13951301574707 39.381526947021484 7.199999809265137
vertex -25.097421646118164 39.3702507019043 7.199999809265137
endloop
endfacet
facet normal 0 0 1
outer loop
vertex -31.598867416381836 -61.4473991394043 7.199999809265137
vertex -8.292266845703125 -49.737545013427734 7.199999809265137
vertex -8.68029499053955 -49.30659484863281 7.199999809265137
endloop
endfacet
facet normal 0.5753181780153814 -0.8179296999406868 0
outer loop
vertex -56.44789123535156 13.353886604309082 2.5
vertex -56.691932678222656 13.182231903076172 6.199999809265137
vertex -56.691932678222656 13.182231903076172 2.5
endloop
endfacet
facet normal 0 0 -1
outer loop
vertex -55.09563446044922 -33.715023040771484 -5.699999809265137
vertex -56.40419387817383 -32.12702560424805 -5.699999809265137
vertex -55.923301696777344 -30.831212997436523 -5.699999809265137
endloop
endfacet
facet normal 0 0 1
outer loop
vertex 55.0926513671875 43.80406951904297 7.199999809265137
vertex 50.5718879699707 38.13233947753906 7.199999809265137
vertex 55.36944580078125 43.828285217285156 7.199999809265137
endloop
endfacet
facet normal 0.8318523609697629 -0.5549969815674958 0
outer loop
vertex -39.583351135253906 11.970097541809082 2.5
vertex -39.64836883544922 11.87264633178711 6.199999809265137
vertex -39.64836883544922 11.87264633178711 2.5
endloop
endfacet
facet normal 0 0 -1
outer loop
vertex -52.889530181884766 -53.41673278808594 -5.699999809265137
vertex -53.764373779296875 -53.60279083251953 -5.699999809265137
vertex -53.60480880737305 -51.61943435668945 -5.699999809265137
endloop
endfacet
facet normal 0 0 -1
outer loop
vertex -53.74943923950195 -33.4220085144043 -5.699999809265137
vertex -55.09563446044922 -33.715023040771484 -5.699999809265137
vertex -55.923301696777344 -30.831212997436523 -5.699999809265137
endloop
endfacet
facet normal 0 0 1
outer loop
vertex -37.409934997558594 47.9005012512207 7.199999809265137
vertex -42.10249328613281 44.511962890625 7.199999809265137
vertex -36.717498779296875 47.714962005615234 7.199999809265137
endloop
endfacet
facet normal 0 0 -1
outer loop
vertex -47.24760818481445 -58.13750457763672 -5.699999809265137
vertex -48.15275955200195 -58.768585205078125 -5.699999809265137
vertex -48.438331604003906 -58.568626403808594 -5.699999809265137
endloop
endfacet
facet normal 0 0 1
outer loop
vertex 16.272533416748047 -48.307899475097656 7.199999809265137
vertex 20.504491806030273 -56.24362564086914 7.199999809265137
vertex 21.430538177490234 -55.99549102783203 7.199999809265137
endloop
endfacet
facet normal 0 0 -1
outer loop
vertex 54.012718200683594 46.332176208496094 -5.699999809265137
vertex 65.33741760253906 47.81937789916992 -5.699999809265137
vertex 64.82205200195312 47.05790710449219 -5.699999809265137
endloop
endfacet
facet normal 0.9659258839140363 -0.2588188300431161 0
outer loop
vertex -47.27855682373047 25.868295669555664 2.5
vertex -44.66435623168945 35.6246337890625 2.5
vertex -47.27855682373047 25.868295669555664 6.199999809265137
endloop
endfacet
facet normal 0 0 1
outer loop
vertex 16.272533416748047 -48.307899475097656 7.199999809265137
vertex 18.680334091186523 -57.05527114868164 7.199999809265137
vertex 19.2838191986084 -56.773860931396484 7.199999809265137
endloop
endfacet
facet normal -0.250562317938212 -0.9681004724869369 0
outer loop
vertex -34.80716323852539 41.21634292602539 6.199999809265137
vertex -25.408689498901367 38.783843994140625 2.5
vertex -25.408689498901367 38.783843994140625 6.199999809265137
endloop
endfacet
facet normal 0 0 1
outer loop
vertex 18.680334091186523 -57.05527114868164 7.199999809265137
vertex 11.710502624511719 -48.068817138671875 7.199999809265137
vertex 10.580402374267578 -49.657981872558594 7.199999809265137
endloop
endfacet
facet normal 0.8915565926090034 -0.45290930899620885 0
outer loop
vertex -9.355031967163086 36.51374053955078 2.5
vertex -9.41741943359375 36.39093017578125 6.199999809265137
vertex -9.41741943359375 36.39093017578125 2.5
endloop
endfacet
facet normal -0.6567474822088782 -0.7541105652437838 0
outer loop
vertex -47.93015670776367 -63.1395378112793 1.7000000476837158
vertex -44.06401443481445 -66.50652313232422 -3.700000047683716
vertex -44.06401443481445 -66.50652313232422 1.7000000476837158
endloop
endfacet
facet normal 0.5000029044272118 -0.8660237269061123 0
outer loop
vertex -25.226337432861328 38.88912582397461 2.5
vertex -25.408689498901367 38.783843994140625 6.199999809265137
vertex -25.408689498901367 38.783843994140625 2.5
endloop
endfacet
facet normal 0.9848077639753298 -0.1736481154919667 0
outer loop
vertex -59.743106842041016 -4.128731727600098 6.199999809265137
vertex -56.7395133972168 12.905499458312988 2.5
vertex -56.7395133972168 12.905499458312988 6.199999809265137
endloop
endfacet
facet normal 0 0 -1
outer loop
vertex 71.51847076416016 43.148616790771484 -5.699999809265137
vertex 70.66117095947266 42.894229888916016 -5.699999809265137
vertex 70.62749481201172 42.939056396484375 -5.699999809265137
endloop
endfacet
facet normal 0.9848076795462907 -0.17364859431233615 0
outer loop
vertex -31.074676513671875 -39.11069107055664 2.5
vertex -30.468481063842773 -35.672794342041016 2.5
vertex -31.074676513671875 -39.11069107055664 6.199999809265137
endloop
endfacet
facet normal -0.9305621529028328 -0.3661339639870133 3.4952207372554185e-8
outer loop
vertex -48.741310119628906 -61.077919006347656 1.7000000476837158
vertex -48.14938735961914 -62.58234405517578 -3.700000047683716
vertex -47.93015670776367 -63.1395378112793 1.7000000476837158
endloop
endfacet
facet normal 0 0 1
outer loop
vertex 10.399720191955566 -50.30739974975586 7.199999809265137
vertex 17.667892456054688 -57.832275390625 7.199999809265137
vertex 10.49959945678711 -50.18275833129883 7.199999809265137
endloop
endfacet
facet normal -0.1736474219667864 -0.9848078862622339 0
outer loop
vertex -48.87587356567383 12.222577095031738 6.199999809265137
vertex -41.20305633544922 10.869658470153809 2.5
vertex -41.20305633544922 10.869658470153809 6.199999809265137
endloop
endfacet
facet normal 0 0 -1
outer loop
vertex 67.62773132324219 46.8839111328125 -5.699999809265137
vertex 66.92281341552734 46.322898864746094 -5.699999809265137
vertex 66.87065887451172 46.35404586791992 -5.699999809265137
endloop
endfacet
facet normal 0.5619731356292808 -0.8271554840723396 -2.1813522941498897e-7
outer loop
vertex -41.08850860595703 10.894207954406738 6.199999809265137
vertex -39.64836883544922 11.87264633178711 2.5
vertex -40.493045806884766 11.298768043518066 6.199999809265137
endloop
endfacet
facet normal 0 0 1
outer loop
vertex 9.977742195129395 -50.690223693847656 7.199999809265137
vertex 13.810667037963867 -61.4473991394043 7.199999809265137
vertex 17.667892456054688 -57.832275390625 7.199999809265137
endloop
endfacet
facet normal 0 0 -1
outer loop
vertex 66.92281341552734 46.322898864746094 -5.699999809265137
vertex 67.62773132324219 46.8839111328125 -5.699999809265137
vertex 70.62749481201172 42.939056396484375 -5.699999809265137
endloop
endfacet
facet normal 0.47993407956145884 0.8773045533197097 0
outer loop
vertex -39.42980194091797 23.32305145263672 2.5
vertex -39.49295425415039 23.35759925842285 2.5
vertex -39.42980194091797 23.32305145263672 6.199999809265137
endloop
endfacet
facet normal 0.9380717227355058 0.34644111044164533 0
outer loop
vertex -37.96290969848633 20.78777503967285 2.5
vertex -38.61690902709961 22.55863380432129 2.5
vertex -37.96290969848633 20.78777503967285 6.199999809265137
endloop
endfacet
facet normal 0.9971492229139771 0.07545480264404354 0
outer loop
vertex -37.95400619506836 20.746931076049805 2.5
vertex -37.90858840942383 20.146726608276367 6.199999809265137
vertex -37.90858840942383 20.146726608276367 2.5
endloop
endfacet
facet normal 0 0 1
outer loop
vertex -58.406795501708984 61.246856689453125 7.199999809265137
vertex -55.81189727783203 56.158321380615234 7.199999809265137
vertex -53.27983474731445 60.895931243896484 7.199999809265137
endloop
endfacet
facet normal -1 0 0
outer loop
vertex 43.20796585083008 45.527549743652344 6.199999809265137
vertex 43.20796585083008 38.69581604003906 2.5
vertex 43.20796585083008 38.69581604003906 6.199999809265137
endloop
endfacet
facet normal 0 0 1
outer loop
vertex -55.74050521850586 56.10832977294922 7.199999809265137
vertex -53.27983474731445 60.895931243896484 7.199999809265137
vertex -55.81189727783203 56.158321380615234 7.199999809265137
endloop
endfacet
facet normal -0.7305057356924286 -0.6829065603144134 0
outer loop
vertex 43.24985122680664 38.58967590332031 6.199999809265137
vertex 44.402400970458984 37.35679244995117 2.5
vertex 44.402400970458984 37.35679244995117 6.199999809265137
endloop
endfacet
facet normal 0 0 1
outer loop
vertex -61.649471282958984 16.25855255126953 7.199999809265137
vertex -57.16177749633789 13.353241920471191 7.199999809265137
vertex -57.124942779541016 13.432231903076172 7.199999809265137
endloop
endfacet
facet normal -0.2505074426630215 0.9681146735642596 0
outer loop
vertex -9.8860502243042 -41.66249084472656 2.5
vertex -13.295332908630371 -42.54467010498047 2.5
vertex -9.8860502243042 -41.66249084472656 6.199999809265137
endloop
endfacet
facet normal 0 0 1
outer loop
vertex -45.90299987792969 -56.08742904663086 7.199999809265137
vertex -31.48269271850586 -39.396385192871094 7.199999809265137
vertex -46.688331604003906 -55.53753662109375 7.199999809265137
endloop
endfacet
facet normal 0 0 1
outer loop
vertex -61.649471282958984 16.25855255126953 7.199999809265137
vertex -56.503849029541016 13.925829887390137 7.199999809265137
vertex -56.4661865234375 13.949878692626953 7.199999809265137
endloop
endfacet
facet normal -0.3398468433466932 0.9404807935664015 0
outer loop
vertex 11.591841697692871 -47.561912536621094 2.5
vertex 11.477713584899902 -47.603153228759766 2.5
vertex 11.591841697692871 -47.561912536621094 6.199999809265137
endloop
endfacet
facet normal 0 0 1
outer loop
vertex -61.649471282958984 16.25855255126953 7.199999809265137
vertex -56.303009033203125 14.009270668029785 7.199999809265137
vertex -56.2161865234375 14.016866683959961 7.199999809265137
endloop
endfacet
facet normal 0 0 1
outer loop
vertex 67.94757843017578 -13.804455757141113 7.199999809265137
vertex 69.18499755859375 -19.977670669555664 7.199999809265137
vertex 73.1692886352539 -15.63085651397705 7.199999809265137
endloop
endfacet
facet normal 0.9986295367984402 -0.05233591724363638 0
outer loop
vertex -8.006958961486816 -43.197566986083984 2.5
vertex -8.082958221435547 -44.64772033691406 6.199999809265137
vertex -8.082958221435547 -44.64772033691406 2.5
endloop
endfacet
facet normal 0 0 1
outer loop
vertex 63.247596740722656 39.15055465698242 7.199999809265137
vertex 63.318992614746094 39.100563049316406 7.199999809265137
vertex 65.68577575683594 43.896400451660156 7.199999809265137
endloop
endfacet
facet normal 0.6326567163571356 0.7744323593756957 0
outer loop
vertex -8.064981460571289 -43.06648635864258 2.5
vertex -9.746011734008789 -41.69320297241211 2.5
vertex -8.064981460571289 -43.06648635864258 6.199999809265137
endloop
endfacet
facet normal 0.2142207746440228 0.9767852679636987 0
outer loop
vertex -9.746011734008789 -41.69320297241211 2.5
vertex -9.8860502243042 -41.66249084472656 2.5
vertex -9.746011734008789 -41.69320297241211 6.199999809265137
endloop
endfacet
facet normal 0 0 1
outer loop
vertex -58.406795501708984 61.246856689453125 7.199999809265137
vertex -56.72641372680664 56.16716766357422 7.199999809265137
vertex -56.68300247192383 56.17096710205078 7.199999809265137
endloop
endfacet
facet normal 0 0 1
outer loop
vertex -58.85444259643555 21.02473258972168 7.199999809265137
vertex -41.253883361816406 11.386333465576172 7.199999809265137
vertex -40.04497146606445 12.207674980163574 7.199999809265137
endloop
endfacet
facet normal -0.5963189281324827 -0.8027476165961794 -2.835406559199392e-7
outer loop
vertex -70.06248474121094 -29.594013214111328 1.7000000476837158
vertex -70.06248474121094 -29.594011306762695 -3.700000047683716
vertex -67.5619888305664 -31.45149803161621 -3.700000047683716
endloop
endfacet
facet normal 0 0 -1
outer loop
vertex 51.52865982055664 49.86893844604492 -5.699999809265137
vertex 47.29600524902344 53.226104736328125 -5.699999809265137
vertex 48.051910400390625 53.72502517700195 -5.699999809265137
endloop
endfacet
facet normal 0.6427868430438538 0.766045086407919 0
outer loop
vertex -67.88919830322266 41.630043029785156 6.199999809265137
vertex -60.362937927246094 35.31477355957031 6.199999809265137
vertex -67.88919830322266 41.630043029785156 2.5
endloop
endfacet
facet normal 0.820521287272784 0.5716159699764932 -2.1506167416050026e-7
outer loop
vertex -30.744115829467773 -39.58393859863281 6.199999809265137
vertex -30.90367889404297 -39.354896545410156 2.5
vertex -30.800752639770508 -39.50263977050781 6.199999809265137
endloop
endfacet
facet normal 0 0 1
outer loop
vertex -31.48269271850586 -39.396385192871094 7.199999809265137
vertex -47.97359848022461 -54.85759353637695 7.199999809265137
vertex -46.88114929199219 -55.43130111694336 7.199999809265137
endloop
endfacet
facet normal 0.8660276405668909 0.4999961257591342 0
outer loop
vertex -47.16373062133789 25.669408798217773 6.199999809265137
vertex -47.27855682373047 25.868295669555664 2.5
vertex -47.27855682373047 25.868295669555664 6.199999809265137
endloop
endfacet
facet normal 0 0 1
outer loop
vertex -59.50774383544922 19.22979736328125 7.199999809265137
vertex -59.83857345581055 18.723325729370117 7.199999809265137
vertex -56.129364013671875 14.009270668029785 7.199999809265137
endloop
endfacet
facet normal -0.9878997728140031 -0.155093645498587 0
outer loop
vertex -73.96347045898438 -21.15717887878418 -3.700000047683716
vertex -73.4883804321289 -24.183359146118164 -3.700000047683716
vertex -73.96347045898438 -21.15717887878418 1.7000000476837158
endloop
endfacet
facet normal 0 0 1
outer loop
vertex -59.058067321777344 24.846609115600586 7.199999809265137
vertex -58.80519104003906 22.593135833740234 7.199999809265137
vertex -47.77855682373047 25.868295669555664 7.199999809265137
endloop
endfacet
facet normal 0.9762971111841728 0.21643463376603786 0
outer loop
vertex -30.2840518951416 -34.62678909301758 6.199999809265137
vertex -30.30988311767578 -34.51026916503906 2.5
vertex -30.30988311767578 -34.51026916503906 6.199999809265137
endloop
endfacet
facet normal 0 0 1
outer loop
vertex -47.77855682373047 25.868295669555664 7.199999809265137
vertex -58.80519104003906 22.593135833740234 7.199999809265137
vertex -47.711570739746094 25.618295669555664 7.199999809265137
endloop
endfacet
facet normal 0 0 1
outer loop
vertex -46.547794342041016 -30.825393676757812 7.199999809265137
vertex -51.02090072631836 -50.82682800292969 7.199999809265137
vertex -46.46360778808594 -30.847949981689453 7.199999809265137
endloop
endfacet
facet normal 0 0 1
outer loop
vertex -47.15961837768555 24.896242141723633 7.199999809265137
vertex -58.80519104003906 22.593135833740234 7.199999809265137
vertex -47.11752700805664 24.884963989257812 7.199999809265137
endloop
endfacet
facet normal 0 0 1
outer loop
vertex -31.507688522338867 -39.36069107055664 7.199999809265137
vertex -50.683963775634766 -51.801273345947266 7.199999809265137
vertex -31.48269271850586 -39.396385192871094 7.199999809265137
endloop
endfacet
facet normal 0 0 1
outer loop
vertex -59.35544967651367 26.114381790161133 7.199999809265137
vertex -59.058067321777344 24.846609115600586 7.199999809265137
vertex -54.508995056152344 29.837488174438477 7.199999809265137
endloop
endfacet
facet normal -0.7444830124633185 -0.6676414038640371 0
outer loop
vertex -48.741310119628906 -61.077919006347656 -3.700000047683716
vertex -48.741310119628906 -61.077919006347656 1.7000000476837158
vertex -49.438331604003906 -60.30067443847656 1.7000000476837158
endloop
endfacet
facet normal 0 0 1
outer loop
vertex -54.74356460571289 29.946868896484375 7.199999809265137
vertex -59.35544967651367 26.114381790161133 7.199999809265137
vertex -54.508995056152344 29.837488174438477 7.199999809265137
endloop
endfacet
facet normal 0 0 1
outer loop
vertex 53.21154022216797 44.13575744628906 7.199999809265137
vertex 52.3426513671875 44.54092788696289 7.199999809265137
vertex 50.5718879699707 38.13233947753906 7.199999809265137
endloop
endfacet
facet normal 0 0 1
outer loop
vertex -45.353233337402344 -56.63719940185547 7.199999809265137
vertex -31.152814865112305 -39.8686637878418 7.199999809265137
vertex -31.313596725463867 -39.641197204589844 7.199999809265137
endloop
endfacet
facet normal 0 0 -1
outer loop
vertex 64.82205200195312 47.05790710449219 -5.699999809265137
vertex 65.33741760253906 47.81937789916992 -5.699999809265137
vertex 64.88224792480469 47.049747467041016 -5.699999809265137
endloop
endfacet
facet normal 0 0 1
outer loop
vertex -30.9920597076416 -40.01872634887695 7.199999809265137
vertex -31.598867416381836 -61.4473991394043 7.199999809265137
vertex -30.913068771362305 -40.05556106567383 7.199999809265137
endloop
endfacet
facet normal 0.829506070335794 0.5584976985414255 0
outer loop
vertex -38.61690902709961 22.55863380432129 6.199999809265137
vertex -38.65711212158203 22.618345260620117 2.5
vertex -38.65711212158203 22.618345260620117 6.199999809265137
endloop
endfacet
facet normal 0 0 1
outer loop
vertex -54.37875747680664 29.833690643310547 7.199999809265137
vertex -54.42216873168945 29.829893112182617 7.199999809265137
vertex -47.77855682373047 25.868295669555664 7.199999809265137
endloop
endfacet
facet normal 0.47993407956145884 0.8773045533197097 0
outer loop
vertex -39.42980194091797 23.32305145263672 6.199999809265137
vertex -39.49295425415039 23.35759925842285 2.5
vertex -39.49295425415039 23.35759925842285 6.199999809265137
endloop
endfacet
facet normal 0 0 1
outer loop
vertex -53.673465728759766 29.91058921813965 7.199999809265137
vertex -47.759681701660156 25.99721336364746 7.199999809265137
vertex -53.59447479248047 29.94742202758789 7.199999809265137
endloop
endfacet
facet normal 0 0 1
outer loop
vertex -47.759681701660156 25.99721336364746 7.199999809265137
vertex -53.757652282714844 29.888031005859375 7.199999809265137
vertex -47.77855682373047 25.868295669555664 7.199999809265137
endloop
endfacet
facet normal 0.05233608129160233 0.9986295281463363 -0.00001045296096367574
outer loop
vertex 9.63420581817627 -50.323856353759766 2.5
vertex -7.921600341796875 -49.40379333496094 2.5
vertex 9.639457702636719 -50.324092864990234 6.199999809265137
endloop
endfacet
facet normal 0 0 1
outer loop
vertex -42.10249328613281 44.511962890625 7.199999809265137
vertex -37.98847579956055 48.1702766418457 7.199999809265137
vertex -38.63152313232422 48.4931640625 7.199999809265137
endloop
endfacet
facet normal 0 0 1
outer loop
vertex -47.759681701660156 25.99721336364746 7.199999809265137
vertex -48.588470458984375 35.866485595703125 7.199999809265137
vertex -53.46145248413086 30.05904197692871 7.199999809265137
endloop
endfacet
facet normal 0 0 -1
outer loop
vertex 52.05003356933594 48.92112350463867 -5.699999809265137
vertex 52.296546936035156 48.67461013793945 -5.699999809265137
vertex 51.515968322753906 47.7962646484375 -5.699999809265137
endloop
endfacet
facet normal 0 0 1
outer loop
vertex -42.16188430786133 44.67513656616211 7.199999809265137
vertex -42.12504959106445 44.59614944458008 7.199999809265137
vertex -39.70720672607422 49.17845153808594 7.199999809265137
endloop
endfacet
facet normal 0 0 1
outer loop
vertex -51.02090072631836 -50.82682800292969 7.199999809265137
vertex -31.567079544067383 -39.02386474609375 7.199999809265137
vertex -30.960886001586914 -35.58597183227539 7.199999809265137
endloop
endfacet
facet normal 0 0 1
outer loop
vertex -39.05660629272461 22.30597686767578 7.199999809265137
vertex -58.80519104003906 22.593135833740234 7.199999809265137
vertex -38.448890686035156 20.66043472290039 7.199999809265137
endloop
endfacet
facet normal 0 0 1
outer loop
vertex -36.717498779296875 47.714962005615234 7.199999809265137
vertex -42.08176803588867 44.297245025634766 7.199999809265137
vertex -41.34299087524414 43.42441177368164 7.199999809265137
endloop
endfacet
facet normal 0 0 -1
outer loop
vertex 66.87065887451172 46.35404586791992 -5.699999809265137
vertex 65.33741760253906 47.81937789916992 -5.699999809265137
vertex 67.62773132324219 46.8839111328125 -5.699999809265137
endloop
endfacet
facet normal 0.20955799806558975 -0.9777962187729825 0
outer loop
vertex -41.20305633544922 10.869658470153809 6.199999809265137
vertex -41.08850860595703 10.894207954406738 2.5
vertex -41.08850860595703 10.894207954406738 6.199999809265137
endloop
endfacet
facet normal 0 0 1
outer loop
vertex 10.187350273132324 -50.498619079589844 7.199999809265137
vertex 9.977742195129395 -50.690223693847656 7.199999809265137
vertex 17.667892456054688 -57.832275390625 7.199999809265137
endloop
endfacet
facet normal 0.17834620928892064 0.983967799083015 0
outer loop
vertex -30.744115829467773 -39.58393859863281 2.5
vertex -30.457422256469727 -39.635902404785156 6.199999809265137
vertex -30.457422256469727 -39.635902404785156 2.5
endloop
endfacet
facet normal 0 0 -1
outer loop
vertex -10.813108444213867 54.239498138427734 -5.699999809265137
vertex 45.81623077392578 54.840309143066406 -5.699999809265137
vertex 45.226280212402344 54.12891387939453 -5.699999809265137
endloop
endfacet
facet normal 0 0 1
outer loop
vertex -48.588470458984375 35.866485595703125 7.199999809265137
vertex -47.759681701660156 25.99721336364746 7.199999809265137
vertex -45.2161750793457 35.49706268310547 7.199999809265137
endloop
endfacet
facet normal 0 0 -1
outer loop
vertex 71.51944732666016 41.15299606323242 -5.699999809265137
vertex 70.66117095947266 42.894229888916016 -5.699999809265137
vertex 72.44210815429688 41.033836364746094 -5.699999809265137
endloop
endfacet
facet normal -0.17364744479005007 -0.9848078822378932 -4.880090416957074e-8
outer loop
vertex -56.2161865234375 13.516866683959961 6.199999809265137
vertex -41.20305633544922 10.869658470153809 2.5
vertex -48.87587356567383 12.222577095031738 6.199999809265137
endloop
endfacet
facet normal 0 0 1
outer loop
vertex -31.598867416381836 -61.4473991394043 7.199999809265137
vertex -8.807371139526367 -48.946754455566406 7.199999809265137
vertex -8.582273483276367 -44.621551513671875 7.199999809265137
endloop
endfacet
facet normal 0.8191491756066557 0.5735805332322014 0
outer loop
vertex -30.30988311767578 -34.51026916503906 2.5
vertex -31.328670501708984 -33.05530548095703 2.5
vertex -30.30988311767578 -34.51026916503906 6.199999809265137
endloop
endfacet
facet normal 0 0 1
outer loop
vertex -8.802054405212402 -49.05963897705078 7.199999809265137
vertex -31.598867416381836 -61.4473991394043 7.199999809265137
vertex -8.779497146606445 -49.14382553100586 7.199999809265137
endloop
endfacet
facet normal 0 0 -1
outer loop
vertex 70.66117095947266 42.894229888916016 -5.699999809265137
vertex 71.51847076416016 43.148616790771484 -5.699999809265137
vertex 72.44210815429688 41.033836364746094 -5.699999809265137
endloop
endfacet
facet normal 0.9848093273878115 -0.17363924870249348 0
outer loop
vertex -30.2840518951416 -34.62678909301758 2.5
vertex -30.468481063842773 -35.672794342041016 6.199999809265137
vertex -30.468481063842773 -35.672794342041016 2.5
endloop
endfacet
facet normal 0 0 1
outer loop
vertex 63.82484817504883 38.66618347167969 7.199999809265137
vertex 63.874839782714844 38.59478759765625 7.199999809265137
vertex 68.59063720703125 41.107601165771484 7.199999809265137
endloop
endfacet
facet normal 0 0 -1
outer loop
vertex 76.29947662353516 -14.770255088806152 -5.699999809265137
vertex 77.07481384277344 -15.217148780822754 -5.699999809265137
vertex 76.20006561279297 -17.504150390625 -5.699999809265137
endloop
endfacet
facet normal 0 0 1
outer loop
vertex 50.5718879699707 38.13233947753906 7.199999809265137
vertex 62.954185485839844 39.213741302490234 7.199999809265137
vertex 55.36944580078125 43.828285217285156 7.199999809265137
endloop
endfacet
facet normal 0 0 1
outer loop
vertex -60.92790603637695 28.3859920501709 7.199999809265137
vertex -54.74356460571289 29.946868896484375 7.199999809265137
vertex -68.2105941772461 41.24702072143555 7.199999809265137
endloop
endfacet
facet normal 0 0 -1
outer loop
vertex 77.07481384277344 -15.217148780822754 -5.699999809265137
vertex 71.53448486328125 41.0989875793457 -5.699999809265137
vertex 72.44210815429688 41.033836364746094 -5.699999809265137
endloop
endfacet
facet normal 0.9855373229588257 -0.1694585054071698 -5.654230831393563e-7
outer loop
vertex -56.7395133972168 12.905499458312988 6.199999809265137
vertex -56.691932678222656 13.182231903076172 2.5
vertex -56.70667266845703 13.096494674682617 6.199999809265137
endloop
endfacet
facet normal 0.8191471502933442 0.5735834256377126 0
outer loop
vertex -31.074676513671875 -39.11069107055664 2.5
vertex -30.90367889404297 -39.354896545410156 6.199999809265137
vertex -30.90367889404297 -39.354896545410156 2.5
endloop
endfacet
facet normal 0.9961942387147973 0.087160993290837 0
outer loop
vertex -67.93974304199219 42.20773696899414 2.5
vertex -67.88919830322266 41.630043029785156 6.199999809265137
vertex -67.88919830322266 41.630043029785156 2.5
endloop
endfacet
facet normal 0 0 1
outer loop
vertex -30.54542350769043 -40.12810134887695 7.199999809265137
vertex -31.598867416381836 -61.4473991394043 7.199999809265137
vertex -13.92010498046875 -43.14155960083008 7.199999809265137
endloop
endfacet
facet normal -0.25056245526867693 -0.9681004369432608 0
outer loop
vertex -41.57479476928711 42.967933654785156 6.199999809265137
vertex -41.57479476928711 42.967933654785156 2.5
vertex -25.408689498901367 38.783843994140625 2.5
endloop
endfacet
facet normal 0 0 -1
outer loop
vertex 71.08235168457031 -21.877981185913086 -5.699999809265137
vertex 71.75643920898438 -21.316295623779297 -5.699999809265137
vertex 71.4112319946289 -22.72869873046875 -5.699999809265137
endloop
endfacet
facet normal 0.999825757311241 -0.01866694985805945 0
outer loop
vertex -9.192033767700195 45.24413299560547 2.5
vertex -9.355031967163086 36.51374053955078 6.199999809265137
vertex -9.355031967163086 36.51374053955078 2.5
endloop
endfacet
facet normal -0.7632878433094705 -0.6460585641065323 7.634922665389824e-7
outer loop
vertex -42.53450012207031 44.05820083618164 6.199999809265137
vertex -41.6535530090332 43.017398834228516 2.5
vertex -41.999820709228516 43.4265022277832 6.199999809265137
endloop
endfacet
facet normal 0.4617467921330201 0.8870117811815497 0
outer loop
vertex -44.74931716918945 35.81772232055664 6.199999809265137
vertex -47.78409194946289 37.397518157958984 2.5
vertex -47.78409194946289 37.397518157958984 6.199999809265137
endloop
endfacet
facet normal 0 0 -1
outer loop
vertex -10.813108444213867 54.239498138427734 -5.699999809265137
vertex -10.66965389251709 55.1379280090332 -5.699999809265137
vertex 45.81623077392578 54.840309143066406 -5.699999809265137
endloop
endfacet
facet normal -0.7660440373939004 0.6427880932105157 -2.0478949101608275e-7
outer loop
vertex -47.99102783203125 37.356353759765625 6.199999809265137
vertex -48.971492767333984 36.18788146972656 2.5
vertex -48.574337005615234 36.66119384765625 6.199999809265137
endloop
endfacet
facet normal 0 0 1
outer loop
vertex -8.74264144897461 -49.22284698486328 7.199999809265137
vertex -31.598867416381836 -61.4473991394043 7.199999809265137
vertex -8.68029499053955 -49.30659484863281 7.199999809265137
endloop
endfacet
facet normal 0 0 1
outer loop
vertex 17.895002365112305 -57.605167388916016 7.199999809265137
vertex 10.580402374267578 -49.657981872558594 7.199999809265137
vertex 10.571981430053711 -49.93669509887695 7.199999809265137
endloop
endfacet
facet normal -0.7660443567039482 0.6427877126719475 0
outer loop
vertex -47.99102783203125 37.356353759765625 2.5
vertex -48.971492767333984 36.18788146972656 2.5
vertex -47.99102783203125 37.356353759765625 6.199999809265137
endloop
endfacet
facet normal 0 0 1
outer loop
vertex -31.598867416381836 -61.4473991394043 7.199999809265137
vertex -8.092610359191895 -49.87364196777344 7.199999809265137
vertex -8.171600341796875 -49.83680725097656 7.199999809265137
endloop
endfacet
facet normal 0 0 1
outer loop
vertex -8.24299430847168 -49.78681564331055 7.199999809265137
vertex -31.598867416381836 -61.4473991394043 7.199999809265137
vertex -8.171600341796875 -49.83680725097656 7.199999809265137
endloop
endfacet
facet normal 0 0 -1
outer loop
vertex -40.367034912109375 -64.94740295410156 -5.699999809265137
vertex -42.48436737060547 -64.94740295410156 -5.699999809265137
vertex -42.49717330932617 -64.04740142822266 -5.699999809265137
endloop
endfacet
facet normal -0.9301859694027833 -0.3670886300690963 4.4549377260929523e-7
outer loop
vertex 43.20796585083008 38.69581604003906 6.199999809265137
vertex 43.24985122680664 38.58967590332031 2.5
vertex 43.22801971435547 38.64500045776367 6.199999809265137
endloop
endfacet
facet normal -0.7632891817490192 -0.6460569828002116 0
outer loop
vertex -41.6535530090332 43.017398834228516 2.5
vertex -42.53450012207031 44.05820083618164 6.199999809265137
vertex -42.53450012207031 44.05820083618164 2.5
endloop
endfacet
facet normal 0.9848077639753298 -0.1736481154919667 0
outer loop
vertex -59.743106842041016 -4.128731727600098 6.199999809265137
vertex -59.743106842041016 -4.128731727600098 2.5
vertex -56.7395133972168 12.905499458312988 2.5
endloop
endfacet
facet normal -0.036948761647997104 0.9993171613720438 0
outer loop
vertex -13.679059982299805 -42.64396286010742 6.199999809265137
vertex -13.83092975616455 -42.64957809448242 2.5
vertex -13.83092975616455 -42.64957809448242 6.199999809265137
endloop
endfacet
facet normal 0 0 1
outer loop
vertex 68.3203353881836 -13.360227584838867 7.199999809265137
vertex 67.94757843017578 -13.804455757141113 7.199999809265137
vertex 73.1692886352539 -15.63085651397705 7.199999809265137
endloop
endfacet
facet normal 0 0 1
outer loop
vertex -73.43505096435547 39.80839920043945 7.199999809265137
vertex -68.35904693603516 41.45903396606445 7.199999809265137
vertex -68.38159942626953 41.54322052001953 7.199999809265137
endloop
endfacet
facet normal -0.2505111320297301 0.9681137189035094 0
outer loop
vertex -13.565103530883789 -42.61447525024414 6.199999809265137
vertex -13.679059982299805 -42.64396286010742 2.5
vertex -13.679059982299805 -42.64396286010742 6.199999809265137
endloop
endfacet
facet normal 0.7660447361197371 -0.6427872604917366 -0.0000035736189267007417
outer loop
vertex -67.93974304199219 42.20773696899414 6.199999809265137
vertex -56.639591217041016 55.674766540527344 2.5
vertex -64.60948944091797 46.17658233642578 6.199999809265137
endloop
endfacet
facet normal 0.17364533973746216 0.9848082534115264 0
outer loop
vertex -13.429238319396973 -42.638431549072266 6.199999809265137
vertex -13.565103530883789 -42.61447525024414 2.5
vertex -13.565103530883789 -42.61447525024414 6.199999809265137
endloop
endfacet
facet normal 0 0 -1
outer loop
vertex -53.74943923950195 -33.4220085144043 -5.699999809265137
vertex -54.75859069824219 -34.301918029785156 -5.699999809265137
vertex -54.90592575073242 -33.985958099365234 -5.699999809265137
endloop
endfacet
facet normal 0.08715446507180016 -0.9961948098730731 0
outer loop
vertex -56.06189727783203 55.72530746459961 2.5
vertex -56.639591217041016 55.674766540527344 6.199999809265137
vertex -56.639591217041016 55.674766540527344 2.5
endloop
endfacet
facet normal -0.25050718003582684 0.9681147415210819 -2.581947285507493e-7
outer loop
vertex -13.295332908630371 -42.54467010498047 2.5
vertex -11.716548919677734 -42.136146545410156 6.199999809265137
vertex -9.8860502243042 -41.66249084472656 6.199999809265137
endloop
endfacet
facet normal 0 0 1
outer loop
vertex -73.54385375976562 43.87506103515625 7.199999809265137
vertex -73.43505096435547 39.80839920043945 7.199999809265137
vertex -73.16917419433594 44.83285140991211 7.199999809265137
endloop
endfacet
facet normal 0.9979754955771443 -0.06359960870597692 0
outer loop
vertex -37.91124725341797 20.105005264282227 6.199999809265137
vertex -37.91124725341797 20.105005264282227 2.5
vertex -37.90858840942383 20.146726608276367 6.199999809265137
endloop
endfacet
facet normal 0 0 1
outer loop
vertex -73.43505096435547 39.80839920043945 7.199999809265137
vertex -68.43594360351562 42.16432189941406 7.199999809265137
vertex -68.43974304199219 42.20773696899414 7.199999809265137
endloop
endfacet
facet normal 0 0 -1
outer loop
vertex -47.949371337890625 -58.965389251708984 -5.699999809265137
vertex -48.15275955200195 -58.768585205078125 -5.699999809265137
vertex -47.24760818481445 -58.13750457763672 -5.699999809265137
endloop
endfacet
facet normal 0 0 1
outer loop
vertex -68.35904693603516 41.45903396606445 7.199999809265137
vertex -73.03205108642578 38.876007080078125 7.199999809265137
vertex -68.32221221923828 41.380043029785156 7.199999809265137
endloop
endfacet
facet normal 0 0 1
outer loop
vertex 67.65135192871094 -13.975468635559082 7.199999809265137
vertex 69.18499755859375 -19.977670669555664 7.199999809265137
vertex 67.7355728149414 -13.952908515930176 7.199999809265137
endloop
endfacet
facet normal 0 0 -1
outer loop
vertex -47.20922088623047 -59.79234313964844 -5.699999809265137
vertex -47.25234603881836 -59.74263381958008 -5.699999809265137
vertex -45.82746505737305 -59.920101165771484 -5.699999809265137
endloop
endfacet
facet normal 0 0 -1
outer loop
vertex -45.82746505737305 -59.920101165771484 -5.699999809265137
vertex -46.88375473022461 -60.3470573425293 -5.699999809265137
vertex -47.00925827026367 -60.077919006347656 -5.699999809265137
endloop
endfacet
facet normal 0.7071084074090722 -0.7071051549601862 -3.6925231566875584e-7
outer loop
vertex -8.984698295593262 45.734886169433594 2.5
vertex -9.186641693115234 45.53293991088867 6.199999809265137
vertex -9.192033767700195 45.527549743652344 2.5
endloop
endfacet
facet normal 0.9986292474434443 -0.05234143817798747 0
outer loop
vertex -8.215356826782227 -47.173770904541016 6.199999809265137
vertex -8.082958221435547 -44.64772033691406 2.5
vertex -8.082958221435547 -44.64772033691406 6.199999809265137
endloop
endfacet
facet normal 0.6326555298408391 0.7744333286744619 0
outer loop
vertex -9.746011734008789 -41.69320297241211 2.5
vertex -9.746011734008789 -41.69320297241211 6.199999809265137
vertex -8.614248275756836 -42.61777114868164 6.199999809265137
endloop
endfacet
facet normal 0.9986295367984402 -0.05233591724363638 0
outer loop
vertex -8.082958221435547 -44.64772033691406 6.199999809265137
vertex -8.006958961486816 -43.197566986083984 2.5
vertex -8.006958961486816 -43.197566986083984 6.199999809265137
endloop
endfacet
facet normal 0 0 1
outer loop
vertex 52.62977981567383 -15.291596412658691 7.199999809265137
vertex 69.18499755859375 -19.977670669555664 7.199999809265137
vertex 67.30513000488281 -14.007668495178223 7.199999809265137
endloop
endfacet
facet normal 0.8660266901836929 0.4999977718845134 0
outer loop
vertex -47.27855682373047 25.868295669555664 2.5
vertex -46.988609313964844 25.3660888671875 6.199999809265137
vertex -46.988609313964844 25.3660888671875 2.5
endloop
endfacet
facet normal 0.2142207746440228 0.9767852679636987 0
outer loop
vertex -9.746011734008789 -41.69320297241211 6.199999809265137
vertex -9.8860502243042 -41.66249084472656 2.5
vertex -9.8860502243042 -41.66249084472656 6.199999809265137
endloop
endfacet
facet normal -0.7660464529051605 0.6427852144701549 0.0000070695447812891274
outer loop
vertex 67.93730926513672 -13.038833618164062 6.199999809265137
vertex 67.56452178955078 -13.48306655883789 2.5
vertex 67.56455993652344 -13.483061790466309 6.199999809265137
endloop
endfacet
facet normal 0 0 1
outer loop
vertex 11.710502624511719 -48.068817138671875 7.199999809265137
vertex 18.680334091186523 -57.05527114868164 7.199999809265137
vertex 16.272533416748047 -48.307899475097656 7.199999809265137
endloop
endfacet
facet normal 0 0 1
outer loop
vertex -13.812506675720215 -43.14796447753906 7.199999809265137
vertex -31.598867416381836 -61.4473991394043 7.199999809265137
vertex -13.660637855529785 -43.14235305786133 7.199999809265137
endloop
endfacet
facet normal -0.0871685053084815 0.9961935814294481 0.0000010270102789015595
outer loop
vertex 67.56455993652344 -13.483061790466309 6.199999809265137
vertex 67.26155853271484 -13.509571075439453 2.5
vertex 67.5039291381836 -13.488367080688477 6.199999809265137
endloop
endfacet
facet normal 0 0 1
outer loop
vertex -31.598867416381836 -61.4473991394043 7.199999809265137
vertex -13.342413902282715 -43.130836486816406 7.199999809265137
vertex -13.429238319396973 -43.138431549072266 7.199999809265137
endloop
endfacet
facet normal 0 0 1
outer loop
vertex 63.763221740722656 38.72780990600586 7.199999809265137
vertex 65.68577575683594 43.896400451660156 7.199999809265137
vertex 63.318992614746094 39.100563049316406 7.199999809265137
endloop
endfacet
facet normal 0 0 1
outer loop
vertex -31.598867416381836 -61.4473991394043 7.199999809265137
vertex -13.179238319396973 -43.07144546508789 7.199999809265137
vertex -13.258228302001953 -43.108280181884766 7.199999809265137
endloop
endfacet
facet normal 0 0 1
outer loop
vertex 16.272533416748047 -48.307899475097656 7.199999809265137
vertex 19.2838191986084 -56.773860931396484 7.199999809265137
vertex 20.23908805847168 -56.36738586425781 7.199999809265137
endloop
endfacet
facet normal 0 0 1
outer loop
vertex -13.14354133605957 -43.046451568603516 7.199999809265137
vertex -31.598867416381836 -61.4473991394043 7.199999809265137
vertex -13.082579612731934 -43.00608825683594 7.199999809265137
endloop
endfacet
facet normal -0.08715580309989705 0.9961946928115499 3.3684952292577463e-7
outer loop
vertex 67.26155853271484 -13.509571075439453 6.199999809265137
vertex 52.44416809082031 -14.805924415588379 2.5
vertex 60.380985260009766 -14.111543655395508 6.199999809265137
endloop
endfacet
facet normal 0 0 1
outer loop
vertex -31.598867416381836 -61.4473991394043 7.199999809265137
vertex -8.582273483276367 -44.621551513671875 7.199999809265137
vertex -8.51533031463623 -43.344215393066406 7.199999809265137
endloop
endfacet
facet normal -0.08715564725962248 0.9961947064458615 0
outer loop
vertex 52.44416809082031 -14.805924415588379 2.5
vertex 52.44416809082031 -14.805924415588379 6.199999809265137
vertex 60.380985260009766 -14.111543655395508 6.199999809265137
endloop
endfacet
facet normal 0.8605140592432242 -0.5094266913352193 -8.01706557707021e-9
outer loop
vertex 39.62322998046875 -44.59010314941406 1.7000000476837158
vertex 40.17890548706055 -43.651466369628906 -3.700000047683716
vertex 40.38471221923828 -43.3038215637207 1.7000000476837158
endloop
endfacet
facet normal 0.5000029044272118 -0.8660237269061123 0
outer loop
vertex -25.408689498901367 38.783843994140625 6.199999809265137
vertex -25.226337432861328 38.88912582397461 2.5
vertex -25.226337432861328 38.88912582397461 6.199999809265137
endloop
endfacet
facet normal 0.8605140794618343 -0.5094266571823189 0
outer loop
vertex 40.17890548706055 -43.651466369628906 -3.700000047683716
vertex 39.62322998046875 -44.59010314941406 1.7000000476837158
vertex 39.62322998046875 -44.59010314941406 -3.700000047683716
endloop
endfacet
facet normal -0.4617522676511972 0.8870089307999983 1.4430921140539084e-7
outer loop
vertex 52.44416809082031 -14.805924415588379 6.199999809265137
vertex 52.33839797973633 -14.860984802246094 2.5
vertex 52.39210891723633 -14.833024978637695 6.199999809265137
endloop
endfacet
facet normal 0 0 -1
outer loop
vertex 39.371212005615234 -41.58122253417969 -5.699999809265137
vertex 37.978797912597656 -41.354652404785156 -5.699999809265137
vertex 71.08235168457031 -21.877981185913086 -5.699999809265137
endloop
endfacet
facet normal 0 0 1
outer loop
vertex 48.58618927001953 47.905696868896484 7.199999809265137
vertex 43.70796585083008 45.527549743652344 7.199999809265137
vertex 48.630126953125 47.85696792602539 7.199999809265137
endloop
endfacet
facet normal 0 0 -1
outer loop
vertex -54.90592575073242 -33.985958099365234 -5.699999809265137
vertex -55.09563446044922 -33.715023040771484 -5.699999809265137
vertex -53.74943923950195 -33.4220085144043 -5.699999809265137
endloop
endfacet
facet normal -0.7660465876428285 0.6427850539338781 0
outer loop
vertex 52.33839797973633 -14.860984802246094 6.199999809265137
vertex 51.19667434692383 -16.221647262573242 2.5
vertex 51.19667434692383 -16.221647262573242 6.199999809265137
endloop
endfacet
facet normal 0 0 1
outer loop
vertex 63.874839782714844 38.59478759765625 7.199999809265137
vertex 63.91167449951172 38.51579666137695 7.199999809265137
vertex 68.59063720703125 41.107601165771484 7.199999809265137
endloop
endfacet
facet normal -0.9536999997197935 0.3007595560152097 0
outer loop
vertex 51.160789489746094 -16.33545684814453 2.5
vertex 51.160789489746094 -16.33545684814453 6.199999809265137
vertex 51.17688751220703 -16.28441047668457 6.199999809265137
endloop
endfacet
facet normal 0.6652294227933194 -0.7466390125422134 -2.3576397996724733e-7
outer loop
vertex 33.32426834106445 -60.0184211730957 1.7000000476837158
vertex 37.878665924072266 -55.960609436035156 -3.700000047683716
vertex 35.6962890625 -57.905033111572266 1.7000000476837158
endloop
endfacet
facet normal -0.9961947762884191 -0.08715484894261595 0.0000012067844888047722
outer loop
vertex 63.44183349609375 38.34475326538086 2.5
vertex 63.67597198486328 35.66851043701172 2.5
vertex 63.441837310791016 38.34476089477539 6.200014591217041
endloop
endfacet
facet normal 0.04805276353924171 -0.9988447987131142 0
outer loop
vertex 22.385602951049805 -61.41193389892578 1.7000000476837158
vertex 30.64271354675293 -61.01469802856445 -3.700000047683716
vertex 30.64271354675293 -61.01469802856445 1.7000000476837158
endloop
endfacet
facet normal 0 0 1
outer loop
vertex 51.67131042480469 -16.433860778808594 7.199999809265137
vertex 69.18499755859375 -19.977670669555664 7.199999809265137
vertex 52.62977981567383 -15.291596412658691 7.199999809265137
endloop
endfacet
facet normal 0.39154007169235244 -0.9201610577823447 1.5562103276292866e-7
outer loop
vertex 21.430334091186523 -61.81841278076172 1.7000000476837158
vertex 21.609437942504883 -61.74220275878906 -3.700000047683716
vertex 22.385602951049805 -61.41193389892578 1.7000000476837158
endloop
endfacet
facet normal 0.1736502175623087 0.9848073933214366 0
outer loop
vertex -47.190677642822266 -23.981311798095703 2.5
vertex -57.03425979614258 -22.245601654052734 2.5
vertex -47.190677642822266 -23.981311798095703 6.199999809265137
endloop
endfacet
facet normal 0 0 1
outer loop
vertex -37.98847579956055 48.1702766418457 7.199999809265137
vertex -42.10249328613281 44.511962890625 7.199999809265137
vertex -37.409934997558594 47.9005012512207 7.199999809265137
endloop
endfacet
facet normal 0 0 -1
outer loop
vertex -21.367033004760742 -64.94740295410156 -5.699999809265137
vertex -25.367033004760742 -64.94740295410156 -5.699999809265137
vertex -25.367033004760742 -64.04740142822266 -5.699999809265137
endloop
endfacet
facet normal 0 0 -1
outer loop
vertex -42.49717330932617 -64.04740142822266 -5.699999809265137
vertex -43.03514099121094 -64.75042724609375 -5.699999809265137
vertex -42.595157623291016 -64.01235961914062 -5.699999809265137
endloop
endfacet
facet normal 0.8932959798296818 -0.4494689003925955 0
outer loop
vertex 37.878665924072266 -55.960609436035156 1.7000000476837158
vertex 37.878665924072266 -55.960609436035156 -3.700000047683716
vertex 39.37054443359375 -52.99557876586914 -3.700000047683716
endloop
endfacet
facet normal 0.6652297480023321 -0.7466387227921466 2.5625126378173445e-7
outer loop
vertex 33.32426834106445 -60.0184211730957 1.7000000476837158
vertex 35.6962890625 -57.905033111572266 -3.700000047683716
vertex 37.878665924072266 -55.960609436035156 -3.700000047683716
endloop
endfacet
facet normal -0.08715772918272216 0.9961945242992009 0
outer loop
vertex -53.84447479248047 30.380435943603516 2.5
vertex -54.42216873168945 30.329893112182617 2.5
vertex -53.84447479248047 30.380435943603516 6.199999809265137
endloop
endfacet
facet normal 0 0 -1
outer loop
vertex -21.367033004760742 -64.94740295410156 -5.699999809265137
vertex -25.367033004760742 -64.04740142822266 -5.699999809265137
vertex -21.367033004760742 -64.04740142822266 -5.699999809265137
endloop
endfacet
facet normal -0.7481824489992327 -0.6634930466926616 0
outer loop
vertex -55.52460479736328 -54.63222885131836 1.7000000476837158
vertex -51.421260833740234 -59.25933074951172 -3.700000047683716
vertex -51.421260833740234 -59.25933074951172 1.7000000476837158
endloop
endfacet
facet normal -0.6691320799915066 0.7431434986099522 0
outer loop
vertex 10.018376350402832 -49.97794723510742 6.199999809265137
vertex 9.850398063659668 -50.12919616699219 2.5
vertex 9.850398063659668 -50.12919616699219 6.199999809265137
endloop
endfacet
facet normal 0.988506431220841 -0.15117881939953298 0
outer loop
vertex -46.04501724243164 -25.57846450805664 2.5
vertex -46.66083526611328 -29.605087280273438 6.199999809265137
vertex -46.66083526611328 -29.605087280273438 2.5
endloop
endfacet
facet normal 0.08715585607589157 -0.9961946881768033 0
outer loop
vertex 50.61546325683594 37.63424301147461 2.5
vertex 62.997596740722656 38.7175407409668 2.5
vertex 50.61546325683594 37.63424301147461 6.199999809265137
endloop
endfacet
facet normal 0.04805276353924171 -0.9988447987131142 0
outer loop
vertex 22.385602951049805 -61.41193389892578 1.7000000476837158
vertex 22.385602951049805 -61.41193389892578 -3.700000047683716
vertex 30.64271354675293 -61.01469802856445 -3.700000047683716
endloop
endfacet
facet normal -0.7071067811865476 -0.7071067811865476 0
outer loop
vertex 42.797916412353516 45.937599182128906 2.5
vertex 43.20796585083008 45.527549743652344 2.5
vertex 42.797916412353516 45.937599182128906 6.199999809265137
endloop
endfacet
facet normal 0.39154098840964957 -0.92016066770711 0
outer loop
vertex 22.385602951049805 -61.41193389892578 -3.700000047683716
vertex 22.385602951049805 -61.41193389892578 1.7000000476837158
vertex 21.609437942504883 -61.74220275878906 -3.700000047683716
endloop
endfacet
facet normal 0 0 1
outer loop
vertex 52.239078521728516 -22.944717407226562 7.199999809265137
vertex 52.24287414550781 -22.98813247680664 7.199999809265137
vertex 62.93635940551758 -23.654090881347656 7.199999809265137
endloop
endfacet
facet normal 0.6864071202748493 -0.7272174813877815 1.5506648798458666e-8
outer loop
vertex 16.386194229125977 -66.57948303222656 1.7000000476837158
vertex 17.56900405883789 -65.46305084228516 -3.700000047683716
vertex 21.430334091186523 -61.81841278076172 1.7000000476837158
endloop
endfacet
facet normal 0 0 1
outer loop
vertex 52.23527908325195 -23.0749568939209 7.199999809265137
vertex 52.21272277832031 -23.159143447875977 7.199999809265137
vertex 62.93635940551758 -23.654090881347656 7.199999809265137
endloop
endfacet
facet normal 0.3292747580659836 -0.9442341519456856 0
outer loop
vertex 15.331140518188477 -66.94740295410156 1.7000000476837158
vertex 16.386194229125977 -66.57948303222656 -3.700000047683716
vertex 16.386194229125977 -66.57948303222656 1.7000000476837158
endloop
endfacet
facet normal -0.9961753439585217 -0.08737667932074833 0
outer loop
vertex -42.58176803588867 44.275089263916016 6.199999809265137
vertex -42.570274353027344 44.14405059814453 2.5
vertex -42.570274353027344 44.14405059814453 6.199999809265137
endloop
endfacet
facet normal 0 0 1
outer loop
vertex 52.21272277832031 -23.159143447875977 7.199999809265137
vertex 52.17588806152344 -23.23813247680664 7.199999809265137
vertex 62.93635940551758 -23.654090881347656 7.199999809265137
endloop
endfacet
facet normal -0.9450977273844042 -0.32678782978078325 0
outer loop
vertex -56.51408386230469 -51.770572662353516 1.7000000476837158
vertex -55.52460479736328 -54.63222885131836 -3.700000047683716
vertex -55.52460479736328 -54.63222885131836 1.7000000476837158
endloop
endfacet
facet normal -0.6691028193931784 0.7431698440330445 0
outer loop
vertex 26.68714714050293 -48.35301971435547 2.5
vertex 27.118131637573242 -47.964988708496094 6.199999809265137
vertex 27.118131637573242 -47.964988708496094 2.5
endloop
endfacet
facet normal 0.9966257523754491 0.08207989828252685 0
outer loop
vertex 79.10542297363281 -15.506566047668457 1.7000000476837158
vertex 79.10542297363281 -15.506566047668457 -3.700000047683716
vertex 74.4080581665039 41.529502868652344 1.7000000476837158
endloop
endfacet
facet normal 0.08682024759747298 -0.9962239036134155 -0.0004224646278419491
outer loop
vertex 45.92906188964844 37.225826263427734 2.5
vertex 50.61546325683594 37.63424301147461 2.5
vertex 45.95078659057617 37.22615051269531 6.199999809265137
endloop
endfacet
facet normal -0.9972119301024618 0.07459722887502832 -0.0019026049220815969
outer loop
vertex 10.073144912719727 -49.92338943481445 2.5
vertex 10.065155029296875 -49.935829162597656 6.199999809265137
vertex 10.077056884765625 -49.77672576904297 6.199999809265137
endloop
endfacet
facet normal 0.5753248619902273 -0.8179249985028737 0
outer loop
vertex -56.2161865234375 13.516866683959961 2.5
vertex -56.44789123535156 13.353886604309082 6.199999809265137
vertex -56.44789123535156 13.353886604309082 2.5
endloop
endfacet
facet normal 0.8191488406757997 0.5735810115576403 -8.635199203155934e-8
outer loop
vertex -62.21315383911133 -21.332422256469727 6.199999809265137
vertex -62.54475402832031 -20.858854293823242 2.5
vertex -62.385154724121094 -21.086782455444336 6.199999809265137
endloop
endfacet
facet normal 0 0 -1
outer loop
vertex -49.431007385253906 -57.143306732177734 -5.699999809265137
vertex -50.167564392089844 -57.65869903564453 -5.699999809265137
vertex -52.859642028808594 -53.463932037353516 -5.699999809265137
endloop
endfacet
facet normal 0.1736482416485448 0.9848077417305178 8.00224121745499e-8
outer loop
vertex -57.03425979614258 -22.245601654052734 6.199999809265137
vertex -62.21315383911133 -21.332422256469727 2.5
vertex -59.726226806640625 -21.77093505859375 6.199999809265137
endloop
endfacet
facet normal -0.7305057356924286 -0.6829065603144134 0
outer loop
vertex 43.24985122680664 38.58967590332031 2.5
vertex 44.402400970458984 37.35679244995117 2.5
vertex 43.24985122680664 38.58967590332031 6.199999809265137
endloop
endfacet
facet normal 0 0 -1
outer loop
vertex 38.6636848449707 -42.284969329833984 -5.699999809265137
vertex 37.978797912597656 -41.354652404785156 -5.699999809265137
vertex 38.852622985839844 -42.018245697021484 -5.699999809265137
endloop
endfacet
facet normal 0 0 -1
outer loop
vertex 37.90373992919922 -43.57216262817383 -5.699999809265137
vertex 37.978797912597656 -41.354652404785156 -5.699999809265137
vertex 38.6636848449707 -42.284969329833984 -5.699999809265137
endloop
endfacet
facet normal 0 0 -1
outer loop
vertex 37.74384307861328 -43.906063079833984 -5.699999809265137
vertex 36.740257263183594 -43.49782180786133 -5.699999809265137
vertex 37.90373992919922 -43.57216262817383 -5.699999809265137
endloop
endfacet
facet normal 0 0 1
outer loop
vertex 43.70796585083008 38.83179473876953 7.199999809265137
vertex 50.76425552368164 45.49108123779297 7.199999809265137
vertex 50.046791076660156 45.99345397949219 7.199999809265137
endloop
endfacet
facet normal 0 0 -1
outer loop
vertex 37.384765625 -52.49251937866211 -5.699999809265137
vertex 36.740257263183594 -43.49782180786133 -5.699999809265137
vertex 37.6241340637207 -44.530006408691406 -5.699999809265137
endloop
endfacet
facet normal 0 0 -1
outer loop
vertex 54.40861129760742 47.4246826171875 -5.699999809265137
vertex 54.74535369873047 47.33445358276367 -5.699999809265137
vertex 54.012718200683594 46.332176208496094 -5.699999809265137
endloop
endfacet
facet normal -0.4243856978144729 -0.9054815180281279 0
outer loop
vertex 44.507102966308594 37.30772018432617 2.5
vertex 44.402400970458984 37.35679244995117 6.199999809265137
vertex 44.402400970458984 37.35679244995117 2.5
endloop
endfacet
facet normal 0.9848072230383746 -0.1736511832710771 0
outer loop
vertex -62.545772552490234 -20.857397079467773 6.199999809265137
vertex -62.49478530883789 -20.568239212036133 2.5
vertex -62.49478530883789 -20.568239212036133 6.199999809265137
endloop
endfacet
facet normal 0.5373180810162728 0.8433796771401301 0
outer loop
vertex -31.328670501708984 -33.05530548095703 2.5
vertex -31.429309844970703 -32.991188049316406 2.5
vertex -31.328670501708984 -33.05530548095703 6.199999809265137
endloop
endfacet
facet normal 0.5373180810162728 0.8433796771401301 0
outer loop
vertex -31.328670501708984 -33.05530548095703 6.199999809265137
vertex -31.429309844970703 -32.991188049316406 2.5
vertex -31.429309844970703 -32.991188049316406 6.199999809265137
endloop
endfacet
facet normal 0 0 1
outer loop
vertex 64.17406463623047 35.71208572387695 7.199999809265137
vertex 65.47211456298828 20.875364303588867 7.199999809265137
vertex 69.00170135498047 40.166419982910156 7.199999809265137
endloop
endfacet
facet normal 0 0 1
outer loop
vertex -65.26763153076172 -26.30438804626465 7.199999809265137
vertex -56.85530090332031 -28.007301330566406 7.199999809265137
vertex -62.29998016357422 -21.824827194213867 7.199999809265137
endloop
endfacet
facet normal 0 0 1
outer loop
vertex 65.47211456298828 20.875364303588867 7.199999809265137
vertex 66.9032211303711 4.517746448516846 7.199999809265137
vertex 69.00170135498047 40.166419982910156 7.199999809265137
endloop
endfacet
facet normal 0 0 1
outer loop
vertex 52.12589645385742 -23.309526443481445 7.199999809265137
vertex 51.753143310546875 -23.753759384155273 7.199999809265137
vertex 62.93635940551758 -23.654090881347656 7.199999809265137
endloop
endfacet
facet normal 0 0 -1
outer loop
vertex 36.65123748779297 -51.982398986816406 -5.699999809265137
vertex 37.384765625 -52.49251937866211 -5.699999809265137
vertex 36.26347732543945 -54.72101593017578 -5.699999809265137
endloop
endfacet
facet normal 0 0 -1
outer loop
vertex 35.797393798828125 -53.921146392822266 -5.699999809265137
vertex 36.65123748779297 -51.982398986816406 -5.699999809265137
vertex 36.26347732543945 -54.72101593017578 -5.699999809265137
endloop
endfacet
facet normal 0 0 1
outer loop
vertex 51.753143310546875 -23.753759384155273 7.199999809265137
vertex 51.6915168762207 -23.815387725830078 7.199999809265137
vertex 62.93635940551758 -23.654090881347656 7.199999809265137
endloop
endfacet
facet normal 0 0 -1
outer loop
vertex 36.26347732543945 -54.72101593017578 -5.699999809265137
vertex 35.76201629638672 -53.9709358215332 -5.699999809265137
vertex 35.797393798828125 -53.921146392822266 -5.699999809265137
endloop
endfacet
facet normal 0 0 -1
outer loop
vertex -63.2161750793457 25.743350982666016 -5.699999809265137
vertex -75.92758178710938 36.75347137451172 -5.699999809265137
vertex -75.02252197265625 36.927337646484375 -5.699999809265137
endloop
endfacet
facet normal 0 0 1
outer loop
vertex 51.620121002197266 -23.865379333496094 7.199999809265137
vertex 51.54113006591797 -23.902212142944336 7.199999809265137
vertex 62.93635940551758 -23.654090881347656 7.199999809265137
endloop
endfacet
facet normal 0 0 -1
outer loop
vertex 32.274864196777344 -58.27473449707031 -5.699999809265137
vertex 32.107521057128906 -57.37638473510742 -5.699999809265137
vertex 35.76201629638672 -53.9709358215332 -5.699999809265137
endloop
endfacet
facet normal -0.6691302543794801 0.7431451424008989 0
outer loop
vertex 9.850398063659668 -50.12919616699219 2.5
vertex 9.63420581817627 -50.323856353759766 2.5
vertex 9.850398063659668 -50.12919616699219 6.199999809265137
endloop
endfacet
facet normal 0 0 -1
outer loop
vertex -64.32719421386719 17.030906677246094 -5.699999809265137
vertex -64.95064544677734 17.67670440673828 -5.699999809265137
vertex -63.14830017089844 18.817951202392578 -5.699999809265137
endloop
endfacet
facet normal 0 0 1
outer loop
vertex 51.456947326660156 -23.92477035522461 7.199999809265137
vertex 51.4136962890625 -23.930463790893555 7.199999809265137
vertex 62.93635940551758 -23.654090881347656 7.199999809265137
endloop
endfacet
facet normal 0 0 -1
outer loop
vertex -63.14830017089844 18.817951202392578 -5.699999809265137
vertex -62.664852142333984 20.79982566833496 -5.699999809265137
vertex -63.10454177856445 18.861469268798828 -5.699999809265137
endloop
endfacet
facet normal 0 0 1
outer loop
vertex 69.00170135498047 40.166419982910156 7.199999809265137
vertex 68.43350982666016 -12.995421409606934 7.199999809265137
vertex 73.52125549316406 -14.710668563842773 7.199999809265137
endloop
endfacet
facet normal 0 0 -1
outer loop
vertex -61.10630798339844 20.16395378112793 -5.699999809265137
vertex -62.664852142333984 20.79982566833496 -5.699999809265137
vertex -62.53883361816406 20.97979736328125 -5.699999809265137
endloop
endfacet
facet normal 0 0 1
outer loop
vertex -68.22653198242188 -22.2373046875 7.199999809265137
vertex -66.09806823730469 -25.687498092651367 7.199999809265137
vertex -68.38640594482422 -21.218915939331055 7.199999809265137
endloop
endfacet
facet normal 0 0 -1
outer loop
vertex 32.274864196777344 -58.27473449707031 -5.699999809265137
vertex 32.063209533691406 -57.40507888793945 -5.699999809265137
vertex 32.107521057128906 -57.37638473510742 -5.699999809265137
endloop
endfacet
facet normal 0 0 1
outer loop
vertex -68.38640594482422 -21.218915939331055 7.199999809265137
vertex -66.09806823730469 -25.687498092651367 7.199999809265137
vertex -63.045772552490234 -20.857397079467773 7.199999809265137
endloop
endfacet
facet normal 0 0 -1
outer loop
vertex -60.809776306152344 24.87196159362793 -5.699999809265137
vertex -62.2708854675293 21.97979736328125 -5.699999809265137
vertex -62.28335952758789 22.202829360961914 -5.699999809265137
endloop
endfacet
facet normal -0.9961946745651086 -0.08715601165153129 0.000001056239944458159
outer loop
vertex 64.97401428222656 20.831785202026367 6.199999809265137
vertex 66.40512084960938 4.474168300628662 2.5
vertex 66.33222198486328 5.307448387145996 6.199999809265137
endloop
endfacet
facet normal 0 0 1
outer loop
vertex -68.38640594482422 -21.218915939331055 7.199999809265137
vertex -63.038177490234375 -20.770572662353516 7.199999809265137
vertex -62.98737335205078 -20.482465744018555 7.199999809265137
endloop
endfacet
facet normal 0 0 -1
outer loop
vertex -60.809776306152344 24.87196159362793 -5.699999809265137
vertex -62.53623580932617 24.456302642822266 -5.699999809265137
vertex -62.55414581298828 24.580568313598633 -5.699999809265137
endloop
endfacet
facet normal 0 0 1
outer loop
vertex 43.70796585083008 45.527549743652344 7.199999809265137
vertex 43.70796585083008 38.83179473876953 7.199999809265137
vertex 49.36887741088867 46.67136764526367 7.199999809265137
endloop
endfacet
facet normal 0 0 -1
outer loop
vertex -61.10630798339844 20.16395378112793 -5.699999809265137
vertex -62.30126953125 21.63250160217285 -5.699999809265137
vertex -60.809776306152344 24.87196159362793 -5.699999809265137
endloop
endfacet
facet normal 0 0 -1
outer loop
vertex 30.380529403686523 -58.11473083496094 -5.699999809265137
vertex 32.063209533691406 -57.40507888793945 -5.699999809265137
vertex 30.236862182617188 -59.03190994262695 -5.699999809265137
endloop
endfacet
facet normal 0 0 -1
outer loop
vertex 22.2897891998291 -59.42031478881836 -5.699999809265137
vertex 30.329051971435547 -58.126434326171875 -5.699999809265137
vertex 30.236862182617188 -59.03190994262695 -5.699999809265137
endloop
endfacet
facet normal 0 0 1
outer loop
vertex 33.900482177734375 -25.460756301879883 7.199999809265137
vertex 37.59758377075195 -38.56667709350586 7.199999809265137
vertex 62.93635940551758 -23.654090881347656 7.199999809265137
endloop
endfacet
facet normal 0 0 -1
outer loop
vertex 22.038307189941406 -59.442317962646484 -5.699999809265137
vertex 20.600982666015625 -58.59443283081055 -5.699999809265137
vertex 22.2897891998291 -59.42031478881836 -5.699999809265137
endloop
endfacet
facet normal -0.999972758519599 -0.00738120713053182 0
outer loop
vertex -56.597476959228516 -40.47285079956055 1.7000000476837158
vertex -56.51408386230469 -51.770572662353516 -3.700000047683716
vertex -56.51408386230469 -51.770572662353516 1.7000000476837158
endloop
endfacet
facet normal 0 0 -1
outer loop
vertex 20.649782180786133 -59.984031677246094 -5.699999809265137
vertex 20.600982666015625 -58.59443283081055 -5.699999809265137
vertex 21.602523803710938 -59.57160949707031 -5.699999809265137
endloop
endfacet
facet normal -0.9961946953093171 -0.08715577455095343 0
outer loop
vertex 64.97401428222656 20.831785202026367 2.5
vertex 66.40512084960938 4.474168300628662 2.5
vertex 64.97401428222656 20.831785202026367 6.199999809265137
endloop
endfacet
facet normal 0 0 -1
outer loop
vertex 20.144758224487305 -60.28632354736328 -5.699999809265137
vertex 20.057519912719727 -60.363975524902344 -5.699999809265137
vertex 20.600982666015625 -58.59443283081055 -5.699999809265137
endloop
endfacet
facet normal 0 0 1
outer loop
vertex -62.46315383911133 -21.76543426513672 7.199999809265137
vertex -65.26763153076172 -26.30438804626465 7.199999809265137
vertex -62.3841667175293 -21.802268981933594 7.199999809265137
endloop
endfacet
facet normal 0 0 1
outer loop
vertex 63.91167449951172 38.51579666137695 7.199999809265137
vertex 63.93423080444336 38.43161392211914 7.199999809265137
vertex 69.00170135498047 40.166419982910156 7.199999809265137
endloop
endfacet
facet normal 0 0 1
outer loop
vertex 44.98297882080078 51.34465026855469 7.199999809265137
vertex 42.96892547607422 46.407447814941406 7.199999809265137
vertex 43.047916412353516 46.37061309814453 7.199999809265137
endloop
endfacet
facet normal -0.7717392629515593 -0.6359390772856974 0
outer loop
vertex -57.946537017822266 -33.3979606628418 1.7000000476837158
vertex -56.63797378540039 -34.985958099365234 -3.700000047683716
vertex -56.63797378540039 -34.985958099365234 1.7000000476837158
endloop
endfacet
facet normal 0 0 -1
outer loop
vertex 55.193302154541016 47.31287384033203 -5.699999809265137
vertex 65.33741760253906 47.81937789916992 -5.699999809265137
vertex 54.012718200683594 46.332176208496094 -5.699999809265137
endloop
endfacet
facet normal 0 0 -1
outer loop
vertex -63.2161750793457 25.743350982666016 -5.699999809265137
vertex -60.809776306152344 24.87196159362793 -5.699999809265137
vertex -62.99167251586914 25.51884651184082 -5.699999809265137
endloop
endfacet
facet normal 0 -1 0
outer loop
vertex 15.331140518188477 -66.94740295410156 -3.700000047683716
vertex -7.867033958435059 -66.94740295410156 -3.450000047683716
vertex -7.293008804321289 -66.94740295410156 -3.564180612564087
endloop
endfacet
facet normal 0 0 -1
outer loop
vertex -40.367034912109375 -64.94740295410156 -5.699999809265137
vertex -42.49717330932617 -64.04740142822266 -5.699999809265137
vertex -40.367034912109375 -64.04740142822266 -5.699999809265137
endloop
endfacet
facet normal 0 0 1
outer loop
vertex -10.10743236541748 51.634918212890625 7.199999809265137
vertex -8.781983375549316 46.437599182128906 7.199999809265137
vertex 42.797916412353516 46.437599182128906 7.199999809265137
endloop
endfacet
facet normal 0 0 -1
outer loop
vertex -50.167564392089844 -57.65869903564453 -5.699999809265137
vertex -49.38227081298828 -57.1782112121582 -5.699999809265137
vertex -47.24760818481445 -58.13750457763672 -5.699999809265137
endloop
endfacet
facet normal -0.08715044900324695 0.9961951612199 -7.680197827027278e-7
outer loop
vertex 51.370121002197266 -23.4323673248291 6.199999809265137
vertex 49.55368423461914 -23.591278076171875 2.5
vertex 50.67305374145508 -23.493349075317383 6.199999809265137
endloop
endfacet
facet normal 0 0 1
outer loop
vertex -54.37875747680664 29.833690643310547 7.199999809265137
vertex -47.77855682373047 25.868295669555664 7.199999809265137
vertex -53.801063537597656 29.884233474731445 7.199999809265137
endloop
endfacet
facet normal -0.7717392629515593 -0.6359390772856974 0
outer loop
vertex -57.946537017822266 -33.3979606628418 1.7000000476837158
vertex -57.946537017822266 -33.3979606628418 -3.700000047683716
vertex -56.63797378540039 -34.985958099365234 -3.700000047683716
endloop
endfacet
facet normal -0.9842245230521448 0.1769239616975809 1.0560385892288149e-7
outer loop
vertex -66.83702850341797 18.487077713012695 -3.700000047683716
vertex -73.96347045898438 -21.15717887878418 -3.700000047683716
vertex -68.65386962890625 8.380023002624512 1.7000000476837158
endloop
endfacet
facet normal 0 0 1
outer loop
vertex 64.73561096191406 44.284488677978516 7.199999809265137
vertex 63.168609619140625 39.18738555908203 7.199999809265137
vertex 63.247596740722656 39.15055465698242 7.199999809265137
endloop
endfacet
facet normal -0.9842245328770858 0.17692390704164926 0
outer loop
vertex -66.83702850341797 18.487077713012695 1.7000000476837158
vertex -66.83702850341797 18.487077713012695 -3.700000047683716
vertex -68.65386962890625 8.380023002624512 1.7000000476837158
endloop
endfacet
facet normal 0 0 1
outer loop
vertex -54.42216873168945 29.829893112182617 7.199999809265137
vertex -54.508995056152344 29.837488174438477 7.199999809265137
vertex -47.77855682373047 25.868295669555664 7.199999809265137
endloop
endfacet
facet normal 0 0 1
outer loop
vertex -66.09806823730469 -25.687498092651367 7.199999809265137
vertex -63.01561737060547 -21.028406143188477 7.199999809265137
vertex -63.038177490234375 -20.94422149658203 7.199999809265137
endloop
endfacet
facet normal -0.9937625520726139 -0.11151677047926613 0
outer loop
vertex -64.52375793457031 24.2332706451416 -3.700000047683716
vertex -64.4006118774414 23.135875701904297 -3.700000047683716
vertex -64.52375793457031 24.2332706451416 1.7000000476837158
endloop
endfacet
facet normal 0 0 1
outer loop
vertex -59.7606201171875 26.9832706451416 7.199999809265137
vertex -59.35544967651367 26.114381790161133 7.199999809265137
vertex -54.74356460571289 29.946868896484375 7.199999809265137
endloop
endfacet
facet normal 0 0 1
outer loop
vertex -30.80120277404785 -34.68031692504883 7.199999809265137
vertex -51.02090072631836 -50.82682800292969 7.199999809265137
vertex -30.960886001586914 -35.58597183227539 7.199999809265137
endloop
endfacet
facet normal 0 0 1
outer loop
vertex -62.79442596435547 -21.374006271362305 7.199999809265137
vertex -66.09806823730469 -25.687498092651367 7.199999809265137
vertex -62.62117385864258 -21.618120193481445 7.199999809265137
endloop
endfacet
facet normal 0 0 1
outer loop
vertex 42.88473892211914 46.43000411987305 7.199999809265137
vertex 44.98297882080078 51.34465026855469 7.199999809265137
vertex 42.797916412353516 46.437599182128906 7.199999809265137
endloop
endfacet
facet normal -0.6546009684598972 -0.7559745842892898 0
outer loop
vertex -64.52375793457031 24.2332706451416 -3.700000047683716
vertex -64.52375793457031 24.2332706451416 1.7000000476837158
vertex -74.05159759521484 32.48345947265625 -3.700000047683716
endloop
endfacet
facet normal 0 0 1
outer loop
vertex 43.56017303466797 45.879756927490234 7.199999809265137
vertex 43.59098815917969 45.848941802978516 7.199999809265137
vertex 45.8963623046875 50.88900375366211 7.199999809265137
endloop
endfacet
facet normal -0.6546008521408144 -0.755974685010279 -3.591179105238322e-7
outer loop
vertex -77.5821762084961 35.54059600830078 1.7000000476837158
vertex -74.05159759521484 32.48345947265625 -3.700000047683716
vertex -64.52375793457031 24.2332706451416 1.7000000476837158
endloop
endfacet
facet normal 0 -1 0
outer loop
vertex -26.29300880432129 -66.94740295410156 -3.564180612564087
vertex -26.089740753173828 -66.94740295410156 -3.700000047683716
vertex -20.441059112548828 -66.94740295410156 -3.564180612564087
endloop
endfacet
facet normal -0.8058762710512227 0.5920839769463249 0
outer loop
vertex -66.5750961303711 18.843589782714844 1.7000000476837158
vertex -66.83702850341797 18.487077713012695 -3.700000047683716
vertex -66.83702850341797 18.487077713012695 1.7000000476837158
endloop
endfacet
facet normal 0 0 -1
outer loop
vertex 47.2457160949707 53.26170349121094 -5.699999809265137
vertex 48.051910400390625 53.72502517700195 -5.699999809265137
vertex 47.29600524902344 53.226104736328125 -5.699999809265137
endloop
endfacet
facet normal -0.993762573552346 -0.11151657906609114 1.1979246478814603e-7
outer loop
vertex -64.52375793457031 24.2332706451416 1.7000000476837158
vertex -64.27088165283203 21.97979736328125 -3.700000047683716
vertex -64.4006118774414 23.135873794555664 1.7000000476837158
endloop
endfacet
facet normal -0.087151390179743 0.9961950788824394 -3.853153188255776e-7
outer loop
vertex 67.56452178955078 -13.48306655883789 2.5
vertex 67.26155853271484 -13.509571075439453 2.5
vertex 67.56455993652344 -13.483061790466309 6.199999809265137
endloop
endfacet
facet normal 0 -1 0
outer loop
vertex -20.441059112548828 -66.94740295410156 -3.564180612564087
vertex -26.089740753173828 -66.94740295410156 -3.700000047683716
vertex -20.64432716369629 -66.94740295410156 -3.700000047683716
endloop
endfacet
facet normal -0.4617482958244358 0.8870109984116484 0
outer loop
vertex 52.44416809082031 -14.805924415588379 2.5
vertex 52.33839797973633 -14.860984802246094 2.5
vertex 52.44416809082031 -14.805924415588379 6.199999809265137
endloop
endfacet
facet normal 0 0 -1
outer loop
vertex -75.92758178710938 36.75347137451172 -5.699999809265137
vertex -76.00460052490234 38.883155822753906 -5.699999809265137
vertex -75.06031799316406 36.97568130493164 -5.699999809265137
endloop
endfacet
facet normal 0 0 1
outer loop
vertex -31.152814865112305 -39.8686637878418 7.199999809265137
vertex -45.353233337402344 -56.63719940185547 7.199999809265137
vertex -31.0645751953125 -39.96761703491211 7.199999809265137
endloop
endfacet
facet normal 0 0 -1
outer loop
vertex 20.057519912719727 -60.363975524902344 -5.699999809265137
vertex 18.045034408569336 -61.176231384277344 -5.699999809265137
vertex 18.054290771484375 -61.060882568359375 -5.699999809265137
endloop
endfacet
facet normal -0.9537149495689026 0.3007121463605781 0
outer loop
vertex 51.19667434692383 -16.221647262573242 2.5
vertex 51.160789489746094 -16.33545684814453 2.5
vertex 51.19667434692383 -16.221647262573242 6.199999809265137
endloop
endfacet
facet normal 0 0 -1
outer loop
vertex -76.00460052490234 38.883155822753906 -5.699999809265137
vertex -76.91573333740234 39.039695739746094 -5.699999809265137
vertex -76.02012634277344 38.94252014160156 -5.699999809265137
endloop
endfacet
facet normal 0 0 1
outer loop
vertex 43.59098815917969 45.848941802978516 7.199999809265137
vertex 43.6409797668457 45.777549743652344 7.199999809265137
vertex 45.8963623046875 50.88900375366211 7.199999809265137
endloop
endfacet
facet normal 0 0 -1
outer loop
vertex 20.057519912719727 -60.363975524902344 -5.699999809265137
vertex 17.99555206298828 -61.277950286865234 -5.699999809265137
vertex 18.045034408569336 -61.176231384277344 -5.699999809265137
endloop
endfacet
facet normal -0.9961939883579539 -0.08716385466162375 0
outer loop
vertex 51.22655487060547 -17.087129592895508 2.5
vertex 51.74287414550781 -22.98813247680664 2.5
vertex 51.22655487060547 -17.087129592895508 6.199999809265137
endloop
endfacet
facet normal 0 0 -1
outer loop
vertex -76.28376007080078 44.007144927978516 -5.699999809265137
vertex -76.91573333740234 39.039695739746094 -5.699999809265137
vertex -77.06156158447266 44.490028381347656 -5.699999809265137
endloop
endfacet
facet normal 0 0 -1
outer loop
vertex -76.2760009765625 44.063453674316406 -5.699999809265137
vertex -77.06156158447266 44.490028381347656 -5.699999809265137
vertex -75.64586639404297 45.92860412597656 -5.699999809265137
endloop
endfacet
facet normal 0.9855391484356076 -0.16944788844613654 -0.0000014011363581882452
outer loop
vertex -62.49478530883789 -20.568239212036133 6.199999809265137
vertex -59.68302917480469 -4.21453332901001 2.5
vertex -61.825496673583984 -16.675537109375 6.199999809265137
endloop
endfacet
facet normal 0 0 -1
outer loop
vertex 15.32414436340332 -64.83172607421875 -5.699999809265137
vertex 15.03956413269043 -64.00621032714844 -5.699999809265137
vertex 17.99555206298828 -61.277950286865234 -5.699999809265137
endloop
endfacet
facet normal -0.464940943880976 -0.8853416960151285 3.507061024886915e-7
outer loop
vertex -49.438331604003906 -60.30067443847656 -3.700000047683716
vertex -51.041969299316406 -59.45851516723633 1.7000000476837158
vertex -51.421260833740234 -59.25933074951172 -3.700000047683716
endloop
endfacet
facet normal 0 0 -1
outer loop
vertex 15.32414436340332 -64.83172607421875 -5.699999809265137
vertex 14.934213638305664 -64.04740142822266 -5.699999809265137
vertex 15.03956413269043 -64.00621032714844 -5.699999809265137
endloop
endfacet
facet normal 0 -1 0
outer loop
vertex -19.867033004760742 -66.94740295410156 -3.450000047683716
vertex -26.29300880432129 -66.94740295410156 -3.564180612564087
vertex -20.441059112548828 -66.94740295410156 -3.564180612564087
endloop
endfacet
facet normal 0 0 -1
outer loop
vertex 14.992423057556152 -64.94740295410156 -5.699999809265137
vertex -6.367033958435059 -64.94740295410156 -5.699999809265137
vertex 14.934213638305664 -64.04740142822266 -5.699999809265137
endloop
endfacet
facet normal 0 0 1
outer loop
vertex -42.38867950439453 44.90480422973633 7.199999809265137
vertex -42.273502349853516 44.80815887451172 7.199999809265137
vertex -39.70720672607422 49.17845153808594 7.199999809265137
endloop
endfacet
facet normal 0 0 -1
outer loop
vertex -70.68131256103516 -23.447511672973633 -5.699999809265137
vertex -71.57498168945312 -23.475704193115234 -5.699999809265137
vertex -71.07443237304688 -21.531084060668945 -5.699999809265137
endloop
endfacet
facet normal 0 0 1
outer loop
vertex -51.02090072631836 -50.82682800292969 7.199999809265137
vertex -31.507688522338867 -39.36069107055664 7.199999809265137
vertex -31.567079544067383 -39.02386474609375 7.199999809265137
endloop
endfacet
facet normal 0 0 -1
outer loop
vertex -6.367033958435059 -64.94740295410156 -5.699999809265137
vertex -6.367033958435059 -64.04740142822266 -5.699999809265137
vertex 14.934213638305664 -64.04740142822266 -5.699999809265137
endloop
endfacet
facet normal 0 0 1
outer loop
vertex -68.38640594482422 -21.218915939331055 7.199999809265137
vertex -62.98737335205078 -20.482465744018555 7.199999809265137
vertex -60.2071533203125 -4.3121795654296875 7.199999809265137
endloop
endfacet
facet normal 0 0 1
outer loop
vertex -10.10743236541748 51.634918212890625 7.199999809265137
vertex -8.868807792663574 46.43000411987305 7.199999809265137
vertex -8.781983375549316 46.437599182128906 7.199999809265137
endloop
endfacet
facet normal 0 0 1
outer loop
vertex -46.62678527832031 -30.788558959960938 7.199999809265137
vertex -51.02090072631836 -50.82682800292969 7.199999809265137
vertex -46.547794342041016 -30.825393676757812 7.199999809265137
endloop
endfacet
facet normal 0 0 1
outer loop
vertex -47.4216194152832 25.1160888671875 7.199999809265137
vertex -58.80519104003906 22.593135833740234 7.199999809265137
vertex -47.37163162231445 25.044694900512695 7.199999809265137
endloop
endfacet
facet normal 0 0 1
outer loop
vertex -42.10249328613281 44.511962890625 7.199999809265137
vertex -42.096797943115234 44.46871566772461 7.199999809265137
vertex -36.717498779296875 47.714962005615234 7.199999809265137
endloop
endfacet
facet normal 0 0 1
outer loop
vertex -58.80519104003906 22.593135833740234 7.199999809265137
vertex -47.238609313964844 24.933076858520508 7.199999809265137
vertex -47.310001373291016 24.98306655883789 7.199999809265137
endloop
endfacet
facet normal 0 0 -1
outer loop
vertex -71.07443237304688 -21.531084060668945 -5.699999809265137
vertex -71.57498168945312 -23.475704193115234 -5.699999809265137
vertex -71.9354476928711 -21.179630279541016 -5.699999809265137
endloop
endfacet
facet normal 0 0 1
outer loop
vertex -58.80519104003906 22.593135833740234 7.199999809265137
vertex -47.4216194152832 25.1160888671875 7.199999809265137
vertex -47.711570739746094 25.618295669555664 7.199999809265137
endloop
endfacet
facet normal 0 0 -1
outer loop
vertex -61.307796478271484 62.84314727783203 -5.699999809265137
vertex -75.61788177490234 45.97808074951172 -5.699999809265137
vertex -61.4685173034668 63.75209426879883 -5.699999809265137
endloop
endfacet
facet normal 0.37812191715753624 0.9257558078484354 0
outer loop
vertex 68.73741149902344 48.591060638427734 1.7000000476837158
vertex 65.68130493164062 49.839317321777344 -3.700000047683716
vertex 65.68130493164062 49.839317321777344 1.7000000476837158
endloop
endfacet
facet normal 0 0 -1
outer loop
vertex -61.307796478271484 62.84314727783203 -5.699999809265137
vertex -61.4685173034668 63.75209426879883 -5.699999809265137
vertex -61.25849533081055 62.88140106201172 -5.699999809265137
endloop
endfacet
facet normal 0 0 -1
outer loop
vertex -59.31133270263672 63.82835388183594 -5.699999809265137
vertex -61.4685173034668 63.75209426879883 -5.699999809265137
vertex -59.13825607299805 64.73766326904297 -5.699999809265137
endloop
endfacet
facet normal 0.8660260670168707 0.49999885124593285 1.9533739259456937e-7
outer loop
vertex -46.988609313964844 25.3660888671875 6.199999809265137
vertex -47.27855682373047 25.868295669555664 2.5
vertex -47.16373062133789 25.669408798217773 6.199999809265137
endloop
endfacet
facet normal 0 0 1
outer loop
vertex 33.68606185913086 -25.43440055847168 7.199999809265137
vertex 27.6158504486084 -47.99106979370117 7.199999809265137
vertex 33.77024841308594 -25.45695686340332 7.199999809265137
endloop
endfacet
facet normal 0 0 1
outer loop
vertex -8.008424758911133 -49.89619827270508 7.199999809265137
vertex -31.598867416381836 -61.4473991394043 7.199999809265137
vertex -7.9476847648620605 -49.901512145996094 7.199999809265137
endloop
endfacet
facet normal 0 0 1
outer loop
vertex 27.6158504486084 -47.99106979370117 7.199999809265137
vertex 33.85707092285156 -25.464553833007812 7.199999809265137
vertex 33.77024841308594 -25.45695686340332 7.199999809265137
endloop
endfacet
facet normal 0.9164090810730798 0.40024292139498685 0
outer loop
vertex 74.4080581665039 41.529502868652344 1.7000000476837158
vertex 74.4080581665039 41.529502868652344 -3.700000047683716
vertex 73.70257568359375 43.144798278808594 -3.700000047683716
endloop
endfacet
facet normal -0.9450977273844042 -0.32678782978078325 0
outer loop
vertex -56.51408386230469 -51.770572662353516 -3.700000047683716
vertex -55.52460479736328 -54.63222885131836 -3.700000047683716
vertex -56.51408386230469 -51.770572662353516 1.7000000476837158
endloop
endfacet
facet normal 0 0 -1
outer loop
vertex -59.25080108642578 63.84351348876953 -5.699999809265137
vertex -59.13825607299805 64.73766326904297 -5.699999809265137
vertex -54.10398483276367 64.03982543945312 -5.699999809265137
endloop
endfacet
facet normal 0 0 1
outer loop
vertex 43.6409797668457 45.777549743652344 7.199999809265137
vertex 43.67781066894531 45.69855880737305 7.199999809265137
vertex 45.8963623046875 50.88900375366211 7.199999809265137
endloop
endfacet
facet normal 0 0 -1
outer loop
vertex -54.04751968383789 64.03118896484375 -5.699999809265137
vertex -53.605857849121094 64.80944061279297 -5.699999809265137
vertex -52.18326950073242 63.368526458740234 -5.699999809265137
endloop
endfacet
facet normal 0 0 1
outer loop
vertex -60.235511779785156 -4.041907787322998 7.199999809265137
vertex -57.23210144042969 12.991273880004883 7.199999809265137
vertex -68.38640594482422 -21.218915939331055 7.199999809265137
endloop
endfacet
facet normal 0 0 -1
outer loop
vertex -51.4263801574707 63.919700622558594 -5.699999809265137
vertex -52.18326950073242 63.368526458740234 -5.699999809265137
vertex -53.605857849121094 64.80944061279297 -5.699999809265137
endloop
endfacet
facet normal 0.9848076795462907 -0.17364859431233615 0
outer loop
vertex -31.074676513671875 -39.11069107055664 6.199999809265137
vertex -30.468481063842773 -35.672794342041016 2.5
vertex -30.468481063842773 -35.672794342041016 6.199999809265137
endloop
endfacet
facet normal 0 0 1
outer loop
vertex 27.6158504486084 -47.99106979370117 7.199999809265137
vertex 32.942955017089844 -24.76276397705078 7.199999809265137
vertex 32.92039489746094 -24.678577423095703 7.199999809265137
endloop
endfacet
facet normal 0 0 1
outer loop
vertex 27.6158504486084 -47.99106979370117 7.199999809265137
vertex 32.97978591918945 -24.841753005981445 7.199999809265137
vertex 32.942955017089844 -24.76276397705078 7.199999809265137
endloop
endfacet
facet normal 0 0 -1
outer loop
vertex 51.85007095336914 49.20669937133789 -5.699999809265137
vertex 50.654632568359375 49.61150360107422 -5.699999809265137
vertex 51.78205490112305 49.352561950683594 -5.699999809265137
endloop
endfacet
facet normal 0 0 1
outer loop
vertex 27.6158504486084 -47.99106979370117 7.199999809265137
vertex 33.02977752685547 -24.91314697265625 7.199999809265137
vertex 32.97978591918945 -24.841753005981445 7.199999809265137
endloop
endfacet
facet normal 0.25881657529798263 0.9659264880678156 0
outer loop
vertex -46.988609313964844 25.3660888671875 2.5
vertex -46.988609313964844 25.3660888671875 6.199999809265137
vertex -46.507320404052734 25.23712921142578 6.199999809265137
endloop
endfacet
facet normal -0.08715574503434709 0.9961946978916862 0
outer loop
vertex 33.85707092285156 -24.964553833007812 2.5
vertex 33.85707092285156 -24.964553833007812 6.199999809265137
vertex 49.55368423461914 -23.591278076171875 6.199999809265137
endloop
endfacet
facet normal 0 0 -1
outer loop
vertex -68.72425842285156 -28.09666633605957 -5.699999809265137
vertex -67.90118408203125 -27.730438232421875 -5.699999809265137
vertex -67.85823059082031 -27.773805618286133 -5.699999809265137
endloop
endfacet
facet normal 0 0 1
outer loop
vertex -51.02090072631836 -50.82682800292969 7.199999809265137
vertex -50.683963775634766 -51.801273345947266 7.199999809265137
vertex -31.507688522338867 -39.36069107055664 7.199999809265137
endloop
endfacet
facet normal 0 0 1
outer loop
vertex 64.73561096191406 44.284488677978516 7.199999809265137
vertex 62.997596740722656 39.2175407409668 7.199999809265137
vertex 63.08442306518555 39.20994567871094 7.199999809265137
endloop
endfacet
facet normal 0.9659258839140363 -0.2588188300431161 0
outer loop
vertex -47.27855682373047 25.868295669555664 6.199999809265137
vertex -44.66435623168945 35.6246337890625 2.5
vertex -44.66435623168945 35.6246337890625 6.199999809265137
endloop
endfacet
facet normal -0.7481824489992327 -0.6634930466926616 0
outer loop
vertex -55.52460479736328 -54.63222885131836 -3.700000047683716
vertex -51.421260833740234 -59.25933074951172 -3.700000047683716
vertex -55.52460479736328 -54.63222885131836 1.7000000476837158
endloop
endfacet
facet normal -0.017450952315088634 0.9998477205371309 0
outer loop
vertex 32.760494232177734 -18.985111236572266 6.199999809265137
vertex 28.79468536376953 -19.05432891845703 2.5
vertex 28.79468536376953 -19.05432891845703 6.199999809265137
endloop
endfacet
facet normal 0.1736502175623087 0.9848073933214366 0
outer loop
vertex -47.190677642822266 -23.981311798095703 6.199999809265137
vertex -57.03425979614258 -22.245601654052734 2.5
vertex -57.03425979614258 -22.245601654052734 6.199999809265137
endloop
endfacet
facet normal -0.5318632248645734 -0.8468302722722282 0
outer loop
vertex -41.57479476928711 42.967933654785156 2.5
vertex -41.6535530090332 43.017398834228516 6.199999809265137
vertex -41.6535530090332 43.017398834228516 2.5
endloop
endfacet
facet normal 0 0 -1
outer loop
vertex -66.09626770019531 -28.947072982788086 -5.699999809265137
vertex -68.72425842285156 -28.09666633605957 -5.699999809265137
vertex -67.85823059082031 -27.773805618286133 -5.699999809265137
endloop
endfacet
facet normal 0.8205187611678186 0.5716195960353602 0
outer loop
vertex -30.800752639770508 -39.50263977050781 6.199999809265137
vertex -30.90367889404297 -39.354896545410156 2.5
vertex -30.90367889404297 -39.354896545410156 6.199999809265137
endloop
endfacet
facet normal -0.9996422819890547 -0.026745243683979326 0
outer loop
vertex -79.0716781616211 44.84143829345703 -3.700000047683716
vertex -78.90470123291016 38.600433349609375 -3.700000047683716
vertex -79.0716781616211 44.84143829345703 1.7000000476837158
endloop
endfacet
facet normal 0.17834620928892064 0.983967799083015 0
outer loop
vertex -30.457422256469727 -39.635902404785156 6.199999809265137
vertex -30.744115829467773 -39.58393859863281 2.5
vertex -30.744115829467773 -39.58393859863281 6.199999809265137
endloop
endfacet
facet normal -0.7660473917184594 0.6427840956661462 0
outer loop
vertex -53.84447479248047 30.380435943603516 2.5
vertex -53.84447479248047 30.380435943603516 6.199999809265137
vertex -49.722808837890625 35.2924919128418 6.199999809265137
endloop
endfacet
facet normal -0.8510778881802427 -0.5250394539943242 0
outer loop
vertex -73.4883804321289 -24.183359146118164 -3.700000047683716
vertex -70.22493743896484 -29.473331451416016 -3.700000047683716
vertex -73.4883804321289 -24.183359146118164 1.7000000476837158
endloop
endfacet
facet normal 0 -1 0
outer loop
vertex -42.831241607666016 -66.94740295410156 1.7000000476837158
vertex -38.867034912109375 -66.94740295410156 -3.450000047683716
vertex -26.867033004760742 -66.94740295410156 -3.450000047683716
endloop
endfacet
facet normal -0.9179278278452602 -0.39674740436111516 0
outer loop
vertex -78.90470123291016 38.600433349609375 1.7000000476837158
vertex -77.5821762084961 35.54059600830078 -3.700000047683716
vertex -77.5821762084961 35.54059600830078 1.7000000476837158
endloop
endfacet
facet normal 0 0 1
outer loop
vertex -51.138126373291016 -34.94536590576172 7.199999809265137
vertex -51.02090072631836 -50.82682800292969 7.199999809265137
vertex -46.62678527832031 -30.788558959960938 7.199999809265137
endloop
endfacet
facet normal 0.9885065753516242 -0.15117787697114263 0.0000010496113924235191
outer loop
vertex -46.66083526611328 -29.605087280273438 6.199999809265137
vertex -46.04501724243164 -25.57846450805664 2.5
vertex -46.19792938232422 -26.578285217285156 6.199999809265137
endloop
endfacet
facet normal 0.9885059948803891 -0.15118167245249048 0
outer loop
vertex -46.19792938232422 -26.578285217285156 6.199999809265137
vertex -46.04501724243164 -25.57846450805664 2.5
vertex -46.04501724243164 -25.57846450805664 6.199999809265137
endloop
endfacet
facet normal 0 0 -1
outer loop
vertex -66.03968811035156 -28.96997833251953 -5.699999809265137
vertex -55.923301696777344 -30.831212997436523 -5.699999809265137
vertex -66.72767639160156 -29.579822540283203 -5.699999809265137
endloop
endfacet
facet normal 0 0 -1
outer loop
vertex 51.52865982055664 49.86893844604492 -5.699999809265137
vertex 50.62870407104492 49.64968490600586 -5.699999809265137
vertex 47.29600524902344 53.226104736328125 -5.699999809265137
endloop
endfacet
facet normal 0.9724555872213513 0.23308824698379113 0
outer loop
vertex -46.04501724243164 -25.57846450805664 6.199999809265137
vertex -46.07242202758789 -25.464130401611328 2.5
vertex -46.07242202758789 -25.464130401611328 6.199999809265137
endloop
endfacet
facet normal -0.3895352424654878 0.9210115606643348 0
outer loop
vertex -60.59542465209961 66.29288482666016 -3.700000047683716
vertex -62.67771911621094 65.41219329833984 -3.700000047683716
vertex -62.67771911621094 65.41219329833984 1.7000000476837158
endloop
endfacet
facet normal 0 0 1
outer loop
vertex -73.16917419433594 44.83285140991211 7.199999809265137
vertex -73.43505096435547 39.80839920043945 7.199999809265137
vertex -68.37275695800781 42.45773696899414 7.199999809265137
endloop
endfacet
facet normal -0.3895374168926874 0.9210106410028999 0
outer loop
vertex -59.55623245239258 66.73240661621094 -3.700000047683716
vertex -60.59542465209961 66.29288482666016 -3.700000047683716
vertex -59.55623245239258 66.73240661621094 1.7000000476837158
endloop
endfacet
facet normal -0.7571402573080631 0.6532523484561537 0
outer loop
vertex -62.67771911621094 65.41219329833984 1.7000000476837158
vertex -77.94830322265625 47.71310043334961 -3.700000047683716
vertex -77.94830322265625 47.71310043334961 1.7000000476837158
endloop
endfacet
facet normal -0.33674538761572603 -0.9415957433631136 0
outer loop
vertex -44.06401443481445 -66.50652313232422 1.7000000476837158
vertex -42.831241607666016 -66.94740295410156 -3.700000047683716
vertex -42.831241607666016 -66.94740295410156 1.7000000476837158
endloop
endfacet
facet normal 0.37812191715753624 0.9257558078484354 0
outer loop
vertex 68.73741149902344 48.591060638427734 -3.700000047683716
vertex 65.68130493164062 49.839317321777344 -3.700000047683716
vertex 68.73741149902344 48.591060638427734 1.7000000476837158
endloop
endfacet
facet normal -0.6428055683410571 -0.7660293736565869 0.0000022422746595987453
outer loop
vertex 62.997596740722656 38.7175407409668 6.199999809265137
vertex 63.44183349609375 38.34475326538086 2.5
vertex 63.441837310791016 38.34476089477539 6.200014591217041
endloop
endfacet
facet normal 0.5325044500341924 0.8464272034224805 -4.256273667056298e-7
outer loop
vertex -47.09115982055664 -24.04391860961914 6.199999809265137
vertex -47.190677642822266 -23.981311798095703 2.5
vertex -47.13733673095703 -24.014867782592773 6.199999809265137
endloop
endfacet
facet normal -0.9107179377903519 0.4130288582979266 0
outer loop
vertex 10.14947509765625 -48.83036422729492 2.5
vertex 10.11964225769043 -48.89614486694336 2.5
vertex 10.14947509765625 -48.83036422729492 6.199999809265137
endloop
endfacet
facet normal -0.3895359663673397 0.9210112544948376 -3.2907734625370176e-7
outer loop
vertex -59.55623245239258 66.73240661621094 1.7000000476837158
vertex -60.59542465209961 66.29288482666016 -3.700000047683716
vertex -62.67771911621094 65.41219329833984 1.7000000476837158
endloop
endfacet
facet normal 0 0 1
outer loop
vertex -73.03205108642578 38.876007080078125 7.199999809265137
vertex -68.2105941772461 41.24702072143555 7.199999809265137
vertex -68.27222442626953 41.308650970458984 7.199999809265137
endloop
endfacet
facet normal 0 0 1
outer loop
vertex -58.406795501708984 61.246856689453125 7.199999809265137
vertex -56.68300247192383 56.17096710205078 7.199999809265137
vertex -56.105308532714844 56.22150802612305 7.199999809265137
endloop
endfacet
facet normal 0 -1 0
outer loop
vertex -42.831241607666016 -66.94740295410156 1.7000000476837158
vertex -7.867033958435059 -66.94740295410156 -3.450000047683716
vertex 15.331140518188477 -66.94740295410156 -3.700000047683716
endloop
endfacet
facet normal 0.8125678814312657 0.5828665696935234 9.872168006342406e-8
outer loop
vertex -46.07242202758789 -25.464130401611328 6.199999809265137
vertex -47.09115982055664 -24.04391860961914 2.5
vertex -46.973663330078125 -24.207719802856445 6.199999809265137
endloop
endfacet
facet normal 0 0 1
outer loop
vertex -59.3524169921875 60.8469123840332 7.199999809265137
vertex -56.96098327636719 56.05778884887695 7.199999809265137
vertex -56.889591217041016 56.1077766418457 7.199999809265137
endloop
endfacet
facet normal 0 0 1
outer loop
vertex -59.3524169921875 60.8469123840332 7.199999809265137
vertex -57.022613525390625 55.996158599853516 7.199999809265137
vertex -56.96098327636719 56.05778884887695 7.199999809265137
endloop
endfacet
facet normal 0 0 1
outer loop
vertex -56.85530090332031 -28.007301330566406 7.199999809265137
vertex -56.065425872802734 -28.229650497436523 7.199999809265137
vertex -57.1210823059082 -22.738004684448242 7.199999809265137
endloop
endfacet
facet normal -0.6786218069776571 0.7344878781126205 0
outer loop
vertex 11.477713584899902 -47.603153228759766 2.5
vertex 10.14947509765625 -48.83036422729492 2.5
vertex 11.477713584899902 -47.603153228759766 6.199999809265137
endloop
endfacet
facet normal 0.3779563037227437 0.9258234348277437 0
outer loop
vertex -50.36726379394531 65.64756774902344 -3.700000047683716
vertex -53.225833892822266 66.81454467773438 -3.700000047683716
vertex -50.36726379394531 65.64756774902344 1.7000000476837158
endloop
endfacet
facet normal 0 0 1
outer loop
vertex 50.76425552368164 45.49108123779297 7.199999809265137
vertex 44.673500061035156 37.79896545410156 7.199999809265137
vertex 50.5718879699707 38.13233947753906 7.199999809265137
endloop
endfacet
facet normal 0 0 1
outer loop
vertex -51.46966552734375 -33.10485076904297 7.199999809265137
vertex -51.221534729003906 -34.0308952331543 7.199999809265137
vertex -46.62678527832031 -30.788558959960938 7.199999809265137
endloop
endfacet
facet normal 0 -1 0
outer loop
vertex -42.831241607666016 -66.94740295410156 1.7000000476837158
vertex 15.331140518188477 -66.94740295410156 -3.700000047683716
vertex 15.331140518188477 -66.94740295410156 1.7000000476837158
endloop
endfacet
facet normal -0.012974088034819416 0.9999158329774284 -8.488619638474062e-7
outer loop
vertex -53.225833892822266 66.81454467773438 1.7000000476837158
vertex -53.701171875 66.8083724975586 -3.700000047683716
vertex -59.55623245239258 66.73240661621094 1.7000000476837158
endloop
endfacet
facet normal 0 0 1
outer loop
vertex -51.87483596801758 -32.235958099365234 7.199999809265137
vertex -47.201805114746094 -29.793697357177734 7.199999809265137
vertex -52.396541595458984 -31.490888595581055 7.199999809265137
endloop
endfacet
facet normal 0.9380717960211271 0.34644091200332716 0
outer loop
vertex -38.61690902709961 22.55863380432129 2.5
vertex -38.61690902709961 22.55863380432129 6.199999809265137
vertex -38.26055908203125 21.593730926513672 6.199999809265137
endloop
endfacet
facet normal 0.653504248756668 0.7569228473609334 0
outer loop
vertex -36.171875 53.39169692993164 1.7000000476837158
vertex -36.171875 53.39169692993164 -3.700000047683716
vertex -49.7324333190918 65.09947204589844 1.7000000476837158
endloop
endfacet
facet normal 0 0 1
outer loop
vertex -46.560482025146484 -25.64156150817871 7.199999809265137
vertex -55.196537017822266 -28.63482093811035 7.199999809265137
vertex -54.41120529174805 -29.184715270996094 7.199999809265137
endloop
endfacet
facet normal 0 0 -1
outer loop
vertex -36.9958610534668 50.42390823364258 -5.699999809265137
vertex -21.518098831176758 47.91529083251953 -5.699999809265137
vertex -20.282785415649414 46.71323013305664 -5.699999809265137
endloop
endfacet
facet normal 0 0 -1
outer loop
vertex -20.282785415649414 46.71323013305664 -5.699999809265137
vertex -21.518098831176758 47.91529083251953 -5.699999809265137
vertex -21.433149337768555 47.89252853393555 -5.699999809265137
endloop
endfacet
facet normal 0 0 1
outer loop
vertex -53.73329162597656 -29.862628936767578 7.199999809265137
vertex -53.705101013183594 -29.902889251708984 7.199999809265137
vertex -46.560482025146484 -25.64156150817871 7.199999809265137
endloop
endfacet
facet normal 0 0 -1
outer loop
vertex -20.282785415649414 46.71323013305664 -5.699999809265137
vertex -21.085853576660156 47.862144470214844 -5.699999809265137
vertex -20.738557815551758 47.89252853393555 -5.699999809265137
endloop
endfacet
facet normal -0.19840634643300253 -0.9801198506790418 0
outer loop
vertex -67.5619888305664 -31.45149803161621 1.7000000476837158
vertex -57.946537017822266 -33.3979606628418 -3.700000047683716
vertex -57.946537017822266 -33.3979606628418 1.7000000476837158
endloop
endfacet
facet normal 0 0 -1
outer loop
vertex -20.282785415649414 46.71323013305664 -5.699999809265137
vertex -20.401813507080078 47.982757568359375 -5.699999809265137
vertex -20.269235610961914 48.04458236694336 -5.699999809265137
endloop
endfacet
facet normal 0 0 1
outer loop
vertex -46.560482025146484 -25.64156150817871 7.199999809265137
vertex -54.41120529174805 -29.184715270996094 7.199999809265137
vertex -53.73329162597656 -29.862628936767578 7.199999809265137
endloop
endfacet
facet normal 0 0 1
outer loop
vertex -13.92010498046875 -43.14155960083008 7.199999809265137
vertex -31.598867416381836 -61.4473991394043 7.199999809265137
vertex -13.812506675720215 -43.14796447753906 7.199999809265137
endloop
endfacet
facet normal 0 0 1
outer loop
vertex 64.73561096191406 44.284488677978516 7.199999809265137
vertex 63.08442306518555 39.20994567871094 7.199999809265137
vertex 63.168609619140625 39.18738555908203 7.199999809265137
endloop
endfacet
facet normal -0.9305621956476224 -0.3661338553472978 0
outer loop
vertex -48.14938735961914 -62.58234405517578 -3.700000047683716
vertex -48.741310119628906 -61.077919006347656 1.7000000476837158
vertex -48.741310119628906 -61.077919006347656 -3.700000047683716
endloop
endfacet
facet normal 0 0 1
outer loop
vertex 43.70796585083008 38.83179473876953 7.199999809265137
vertex 44.673500061035156 37.79896545410156 7.199999809265137
vertex 50.76425552368164 45.49108123779297 7.199999809265137
endloop
endfacet
facet normal 0 0 -1
outer loop
vertex -53.61552810668945 -51.564605712890625 -5.699999809265137
vertex -54.516563415527344 -51.42739486694336 -5.699999809265137
vertex -54.63926696777344 -34.97120666503906 -5.699999809265137
endloop
endfacet
facet normal 0 0 1
outer loop
vertex -62.29998016357422 -21.824827194213867 7.199999809265137
vertex -56.85530090332031 -28.007301330566406 7.199999809265137
vertex -57.1210823059082 -22.738004684448242 7.199999809265137
endloop
endfacet
facet normal -0.9230635741404131 -0.3846474204971692 0
outer loop
vertex -42.570274353027344 44.14405059814453 2.5
vertex -42.53450012207031 44.05820083618164 2.5
vertex -42.570274353027344 44.14405059814453 6.199999809265137
endloop
endfacet
facet normal 0 0 -1
outer loop
vertex 71.4112319946289 -22.72869873046875 -5.699999809265137
vertex 75.6353530883789 -16.79349708557129 -5.699999809265137
vertex 76.20006561279297 -17.504150390625 -5.699999809265137
endloop
endfacet
facet normal 0 0 -1
outer loop
vertex -38.0547981262207 50.961585998535156 -5.699999809265137
vertex -37.4774055480957 51.87956237792969 -5.699999809265137
vertex -37.171875 51.659645080566406 -5.699999809265137
endloop
endfacet
facet normal -0.6946598961944911 0.7193383269498844 0
outer loop
vertex 28.79468536376953 -19.05432891845703 6.199999809265137
vertex 28.624671936035156 -19.218509674072266 2.5
vertex 28.624671936035156 -19.218509674072266 6.199999809265137
endloop
endfacet
facet normal 0 0 1
outer loop
vertex 63.9399299621582 38.38833236694336 7.199999809265137
vertex 64.17406463623047 35.71208572387695 7.199999809265137
vertex 69.00170135498047 40.166419982910156 7.199999809265137
endloop
endfacet
facet normal 0 0 -1
outer loop
vertex -36.9958610534668 50.42390823364258 -5.699999809265137
vertex -36.4262809753418 51.281471252441406 -5.699999809265137
vertex -36.21286392211914 51.189422607421875 -5.699999809265137
endloop
endfacet
facet normal 0.6691359278191316 0.7431400339785429 0
outer loop
vertex 32.93613052368164 -19.14325714111328 2.5
vertex 32.760494232177734 -18.985111236572266 2.5
vertex 32.93613052368164 -19.14325714111328 6.199999809265137
endloop
endfacet
facet normal -0.7444830124633185 -0.6676414038640371 0
outer loop
vertex -49.438331604003906 -60.30067443847656 1.7000000476837158
vertex -49.438331604003906 -60.30067443847656 -3.700000047683716
vertex -48.741310119628906 -61.077919006347656 -3.700000047683716
endloop
endfacet
facet normal -0.017450952315088634 0.9998477205371309 0
outer loop
vertex 32.760494232177734 -18.985111236572266 2.5
vertex 28.79468536376953 -19.05432891845703 2.5
vertex 32.760494232177734 -18.985111236572266 6.199999809265137
endloop
endfacet
facet normal -0.5735574651834753 0.8191653277161496 0
outer loop
vertex -13.382939338684082 -42.606014251708984 6.199999809265137
vertex -13.429238319396973 -42.638431549072266 2.5
vertex -13.429238319396973 -42.638431549072266 6.199999809265137
endloop
endfacet
facet normal 0 0 1
outer loop
vertex -14.165451049804688 48.621578216552734 7.199999809265137
vertex -8.952993392944336 46.407447814941406 7.199999809265137
vertex -8.868807792663574 46.43000411987305 7.199999809265137
endloop
endfacet
facet normal 0.9034526734861211 0.42868784304057445 0
outer loop
vertex 53.582122802734375 50.20669937133789 1.7000000476837158
vertex 53.2100715637207 50.99079132080078 -3.700000047683716
vertex 53.2100715637207 50.99079132080078 1.7000000476837158
endloop
endfacet
facet normal 0 0 1
outer loop
vertex -14.165451049804688 48.621578216552734 7.199999809265137
vertex -9.103377342224121 46.320621490478516 7.199999809265137
vertex -9.031983375549316 46.37061309814453 7.199999809265137
endloop
endfacet
facet normal 0.6427863348382798 0.7660455128418747 0
outer loop
vertex 33.412841796875 -24.5918025970459 2.5
vertex 33.85707092285156 -24.964553833007812 6.199999809265137
vertex 33.85707092285156 -24.964553833007812 2.5
endloop
endfacet
facet normal 0 0 1
outer loop
vertex -14.165451049804688 48.621578216552734 7.199999809265137
vertex -9.134191513061523 46.2898063659668 7.199999809265137
vertex -9.103377342224121 46.320621490478516 7.199999809265137
endloop
endfacet
facet normal 0 0 -1
outer loop
vertex 51.85007095336914 49.20669937133789 -5.699999809265137
vertex 52.05003356933594 48.92112350463867 -5.699999809265137
vertex 51.515968322753906 47.7962646484375 -5.699999809265137
endloop
endfacet
facet normal 0 0 1
outer loop
vertex -14.165451049804688 48.621578216552734 7.199999809265137
vertex -9.621530532836914 45.782569885253906 7.199999809265137
vertex -9.535490989685059 45.892242431640625 7.199999809265137
endloop
endfacet
facet normal -0.9986295326301895 0.05233599677859546 0
outer loop
vertex 28.624671936035156 -19.218509674072266 2.5
vertex 27.118131637573242 -47.964988708496094 2.5
vertex 28.624671936035156 -19.218509674072266 6.199999809265137
endloop
endfacet
facet normal 0.7426928306912962 0.6696322567198728 0
outer loop
vertex 53.2100715637207 50.99079132080078 1.7000000476837158
vertex 49.28364944458008 55.34560775756836 -3.700000047683716
vertex 49.28364944458008 55.34560775756836 1.7000000476837158
endloop
endfacet
facet normal 0 0 1
outer loop
vertex -14.165451049804688 48.621578216552734 7.199999809265137
vertex -9.68443775177002 45.61437225341797 7.199999809265137
vertex -9.661880493164062 45.69855880737305 7.199999809265137
endloop
endfacet
facet normal 0 0 1
outer loop
vertex 33.900482177734375 -25.460756301879883 7.199999809265137
vertex 36.17146682739258 -39.768489837646484 7.199999809265137
vertex 36.84938049316406 -39.090576171875 7.199999809265137
endloop
endfacet
facet normal 0 0 1
outer loop
vertex -9.692033767700195 45.527549743652344 7.199999809265137
vertex -14.567298889160156 47.900840759277344 7.199999809265137
vertex -9.692033767700195 45.248802185058594 7.199999809265137
endloop
endfacet
facet normal 0 0 -1
outer loop
vertex -20.282785415649414 46.71323013305664 -5.699999809265137
vertex -18.51382064819336 48.833274841308594 -5.699999809265137
vertex -17.308618545532227 48.18891525268555 -5.699999809265137
endloop
endfacet
facet normal 0 0 1
outer loop
vertex 33.900482177734375 -25.460756301879883 7.199999809265137
vertex 34.89463424682617 -41.790767669677734 7.199999809265137
vertex 35.6561164855957 -40.504486083984375 7.199999809265137
endloop
endfacet
facet normal 0 0 -1
outer loop
vertex -17.308618545532227 48.18891525268555 -5.699999809265137
vertex -18.3304386138916 48.91878890991211 -5.699999809265137
vertex -18.044862747192383 49.118751525878906 -5.699999809265137
endloop
endfacet
facet normal 0.4463963368893151 0.8948353538007989 0
outer loop
vertex 49.28364944458008 55.34560775756836 1.7000000476837158
vertex 49.28364944458008 55.34560775756836 -3.700000047683716
vertex 46.29237747192383 56.83782958984375 1.7000000476837158
endloop
endfacet
facet normal 0 0 1
outer loop
vertex 33.900482177734375 -25.460756301879883 7.199999809265137
vertex 34.45492172241211 -42.70899200439453 7.199999809265137
vertex 34.86009216308594 -41.84010314941406 7.199999809265137
endloop
endfacet
facet normal 0 0 -1
outer loop
vertex -17.598386764526367 49.650840759277344 -5.699999809265137
vertex -16.437620162963867 50.082279205322266 -5.699999809265137
vertex -17.308618545532227 48.18891525268555 -5.699999809265137
endloop
endfacet
facet normal 0 0 1
outer loop
vertex -14.530452728271484 47.979854583740234 7.199999809265137
vertex -14.567298889160156 47.900840759277344 7.199999809265137
vertex -9.692033767700195 45.527549743652344 7.199999809265137
endloop
endfacet
facet normal 0 0 1
outer loop
vertex 27.6158504486084 -47.99106979370117 7.199999809265137
vertex 34.206787109375 -43.635040283203125 7.199999809265137
vertex 33.900482177734375 -25.460756301879883 7.199999809265137
endloop
endfacet
facet normal 0 0 1
outer loop
vertex -15.117194175720215 47.115509033203125 7.199999809265137
vertex -11.216339111328125 35.652793884277344 7.199999809265137
vertex -9.692033767700195 45.248802185058594 7.199999809265137
endloop
endfacet
facet normal -0.5963262571763602 -0.802742172183543 -2.835387328842327e-7
outer loop
vertex -70.22493743896484 -29.473331451416016 -3.700000047683716
vertex -70.06248474121094 -29.594011306762695 -3.700000047683716
vertex -70.06248474121094 -29.594013214111328 1.7000000476837158
endloop
endfacet
facet normal 0 0 1
outer loop
vertex -15.795105934143066 46.43759536743164 7.199999809265137
vertex -16.5804386138916 45.887699127197266 7.199999809265137
vertex -11.216339111328125 35.652793884277344 7.199999809265137
endloop
endfacet
facet normal 0 0 1
outer loop
vertex 27.6158504486084 -47.99106979370117 7.199999809265137
vertex 33.90964889526367 -51.61216354370117 7.199999809265137
vertex 34.137657165527344 -44.42519760131836 7.199999809265137
endloop
endfacet
facet normal 0 0 -1
outer loop
vertex -16.437620162963867 50.082279205322266 -5.699999809265137
vertex -17.598386764526367 49.650840759277344 -5.699999809265137
vertex -16.925846099853516 50.85893630981445 -5.699999809265137
endloop
endfacet
facet normal 0 0 1
outer loop
vertex -46.75980758666992 -30.67694091796875 7.199999809265137
vertex -51.46966552734375 -33.10485076904297 7.199999809265137
vertex -46.698177337646484 -30.738569259643555 7.199999809265137
endloop
endfacet
facet normal 0 0 -1
outer loop
vertex -16.402271270751953 50.13071823120117 -5.699999809265137
vertex -16.925846099853516 50.85893630981445 -5.699999809265137
vertex -12.720311164855957 53.50063705444336 -5.699999809265137
endloop
endfacet
facet normal 0 0 -1
outer loop
vertex -12.720311164855957 53.50063705444336 -5.699999809265137
vertex -16.925846099853516 50.85893630981445 -5.699999809265137
vertex -12.851133346557617 54.406410217285156 -5.699999809265137
endloop
endfacet
facet normal 0 0 1
outer loop
vertex 27.6158504486084 -47.99106979370117 7.199999809265137
vertex 27.610536575317383 -48.05181121826172 7.199999809265137
vertex 33.90964889526367 -51.61216354370117 7.199999809265137
endloop
endfacet
facet normal 0 0 -1
outer loop
vertex -12.672816276550293 53.530113220214844 -5.699999809265137
vertex -12.851133346557617 54.406410217285156 -5.699999809265137
vertex -10.868063926696777 54.22928237915039 -5.699999809265137
endloop
endfacet
facet normal 0 0 -1
outer loop
vertex -54.66836166381836 -34.63866424560547 -5.699999809265137
vertex -54.75859069824219 -34.301918029785156 -5.699999809265137
vertex -53.74943923950195 -33.4220085144043 -5.699999809265137
endloop
endfacet
facet normal 0 0 -1
outer loop
vertex -12.851133346557617 54.406410217285156 -5.699999809265137
vertex -10.66965389251709 55.1379280090332 -5.699999809265137
vertex -10.868063926696777 54.22928237915039 -5.699999809265137
endloop
endfacet
facet normal 0 0 1
outer loop
vertex 27.551145553588867 -48.214988708496094 7.199999809265137
vertex 33.90964889526367 -51.61216354370117 7.199999809265137
vertex 27.58797836303711 -48.1359977722168 7.199999809265137
endloop
endfacet
facet normal 0 0 1
outer loop
vertex -9.851849555969238 36.688865661621094 7.199999809265137
vertex -9.692033767700195 45.248802185058594 7.199999809265137
vertex -11.216339111328125 35.652793884277344 7.199999809265137
endloop
endfacet
facet normal -0.8510778881802427 -0.5250394539943242 0
outer loop
vertex -73.4883804321289 -24.183359146118164 1.7000000476837158
vertex -70.22493743896484 -29.473331451416016 -3.700000047683716
vertex -70.22493743896484 -29.473331451416016 1.7000000476837158
endloop
endfacet
facet normal 0.9034522174742936 0.4286888040767478 1.709630510656444e-7
outer loop
vertex 53.408050537109375 50.57355499267578 -3.700000047683716
vertex 53.2100715637207 50.99079132080078 -3.700000047683716
vertex 53.582122802734375 50.20669937133789 1.7000000476837158
endloop
endfacet
facet normal 0 0 1
outer loop
vertex -61.649471282958984 16.25855255126953 7.199999809265137
vertex -56.977474212646484 13.591134071350098 7.199999809265137
vertex -56.7351188659668 13.76315689086914 7.199999809265137
endloop
endfacet
facet normal 0 0 1
outer loop
vertex -19.204742431640625 44.6938362121582 7.199999809265137
vertex -20.130788803100586 44.445701599121094 7.199999809265137
vertex -11.216339111328125 35.652793884277344 7.199999809265137
endloop
endfacet
facet normal 0 -1 0
outer loop
vertex -42.831241607666016 -66.94740295410156 -3.700000047683716
vertex -39.644325256347656 -66.94740295410156 -3.700000047683716
vertex -42.831241607666016 -66.94740295410156 1.7000000476837158
endloop
endfacet
facet normal 0 0 1
outer loop
vertex -59.83857345581055 18.723325729370117 7.199999809265137
vertex -61.649471282958984 16.25855255126953 7.199999809265137
vertex -56.129364013671875 14.009270668029785 7.199999809265137
endloop
endfacet
facet normal 0.7431428460816095 0.6691328046940495 0
outer loop
vertex -8.3096284866333 -48.97284698486328 2.5
vertex -7.921600341796875 -49.40379333496094 6.199999809265137
vertex -7.921600341796875 -49.40379333496094 2.5
endloop
endfacet
facet normal 0 0 1
outer loop
vertex -56.129364013671875 14.009270668029785 7.199999809265137
vertex -61.649471282958984 16.25855255126953 7.199999809265137
vertex -56.2161865234375 14.016866683959961 7.199999809265137
endloop
endfacet
facet normal 0 0 1
outer loop
vertex -47.201805114746094 -29.793697357177734 7.199999809265137
vertex -51.87483596801758 -32.235958099365234 7.199999809265137
vertex -47.17924499511719 -30.051530838012695 7.199999809265137
endloop
endfacet
facet normal 0 0 1
outer loop
vertex -61.649471282958984 16.25855255126953 7.199999809265137
vertex -56.7351188659668 13.76315689086914 7.199999809265137
vertex -56.503849029541016 13.925829887390137 7.199999809265137
endloop
endfacet
facet normal 0 0 1
outer loop
vertex 27.45269775390625 -48.3365592956543 7.199999809265137
vertex 27.020933151245117 -48.72368240356445 7.199999809265137
vertex 33.4369010925293 -52.551727294921875 7.199999809265137
endloop
endfacet
facet normal 0 0 1
outer loop
vertex -54.270896911621094 61.30052185058594 7.199999809265137
vertex -58.406795501708984 61.246856689453125 7.199999809265137
vertex -53.27983474731445 60.895931243896484 7.199999809265137
endloop
endfacet
facet normal 0.21674445836380885 0.9762283748017814 6.72223638274459e-7
outer loop
vertex -30.99205780029297 52.061546325683594 -3.700000047683716
vertex -35.52882385253906 53.068809509277344 -3.700000047683716
vertex -21.085853576660156 49.862144470214844 1.7000000476837158
endloop
endfacet
facet normal -0.40982858200203726 0.9121625586342598 0
outer loop
vertex -19.3304386138916 50.650840759277344 -3.700000047683716
vertex -21.085853576660156 49.862144470214844 -3.700000047683716
vertex -21.085853576660156 49.862144470214844 1.7000000476837158
endloop
endfacet
facet normal -0.766044825678795 0.6427871537692277 0
outer loop
vertex -48.971492767333984 36.18788146972656 2.5
vertex -48.971492767333984 36.18788146972656 6.199999809265137
vertex -48.574337005615234 36.66119384765625 6.199999809265137
endloop
endfacet
facet normal 0.448727036729603 0.8936688684898059 -1.4000116547932192e-7
outer loop
vertex -35.52882385253906 53.068809509277344 1.7000000476837158
vertex -35.75888442993164 53.184326171875 -3.700000047683716
vertex -36.171875 53.39169692993164 1.7000000476837158
endloop
endfacet
facet normal 0.21674469789051184 0.9762283216217151 0
outer loop
vertex -21.085853576660156 49.862144470214844 1.7000000476837158
vertex -35.52882385253906 53.068809509277344 -3.700000047683716
vertex -35.52882385253906 53.068809509277344 1.7000000476837158
endloop
endfacet
facet normal 0 0 1
outer loop
vertex -58.406795501708984 61.246856689453125 7.199999809265137
vertex -55.89088821411133 56.195152282714844 7.199999809265137
vertex -55.81189727783203 56.158321380615234 7.199999809265137
endloop
endfacet
facet normal -0.9986295326301895 0.05233599677859546 0
outer loop
vertex 27.118131637573242 -47.964988708496094 2.5
vertex 27.118131637573242 -47.964988708496094 6.199999809265137
vertex 28.624671936035156 -19.218509674072266 6.199999809265137
endloop
endfacet
facet normal 0 0 1
outer loop
vertex -43.97816848754883 -58.327919006347656 7.199999809265137
vertex -43.63304138183594 -59.06805419921875 7.199999809265137
vertex -30.9920597076416 -40.01872634887695 7.199999809265137
endloop
endfacet
facet normal -0.8738224695331681 0.48624509430837004 0
outer loop
vertex -18.503215789794922 52.137428283691406 -3.700000047683716
vertex -19.3304386138916 50.650840759277344 -3.700000047683716
vertex -18.503215789794922 52.137428283691406 1.7000000476837158
endloop
endfacet
facet normal -0.9878997728140031 -0.155093645498587 0
outer loop
vertex -73.96347045898438 -21.15717887878418 1.7000000476837158
vertex -73.4883804321289 -24.183359146118164 -3.700000047683716
vertex -73.4883804321289 -24.183359146118164 1.7000000476837158
endloop
endfacet
facet normal 0 0 1
outer loop
vertex -61.649471282958984 16.25855255126953 7.199999809265137
vertex -57.18452072143555 13.266924858093262 7.199999809265137
vertex -57.16177749633789 13.353241920471191 7.199999809265137
endloop
endfacet
facet normal -0.6566260124003113 0.7542163349061504 0
outer loop
vertex -13.86426830291748 56.17612838745117 -3.700000047683716
vertex -18.503215789794922 52.137428283691406 -3.700000047683716
vertex -13.86426830291748 56.17612838745117 1.7000000476837158
endloop
endfacet
facet normal 0 0 1
outer loop
vertex 68.40715789794922 -13.209843635559082 7.199999809265137
vertex 68.37032318115234 -13.288833618164062 7.199999809265137
vertex 73.52125549316406 -14.710668563842773 7.199999809265137
endloop
endfacet
facet normal -0.8738224695331681 0.48624509430837004 0
outer loop
vertex -18.503215789794922 52.137428283691406 1.7000000476837158
vertex -19.3304386138916 50.650840759277344 -3.700000047683716
vertex -19.3304386138916 50.650840759277344 1.7000000476837158
endloop
endfacet
facet normal -0.669126923937358 0.7431481411106967 0.000005083808813167854
outer loop
vertex 27.118131637573242 -47.964988708496094 6.199999809265137
vertex 26.68714714050293 -48.35301971435547 2.5
vertex 26.849220275878906 -48.207115173339844 6.199999809265137
endloop
endfacet
facet normal -0.6566260124003113 0.7542163349061504 0
outer loop
vertex -13.86426830291748 56.17612838745117 1.7000000476837158
vertex -18.503215789794922 52.137428283691406 -3.700000047683716
vertex -18.503215789794922 52.137428283691406 1.7000000476837158
endloop
endfacet
facet normal 0 0 1
outer loop
vertex -58.406795501708984 61.246856689453125 7.199999809265137
vertex -59.3524169921875 60.8469123840332 7.199999809265137
vertex -56.81060028076172 56.14461135864258 7.199999809265137
endloop
endfacet
facet normal -0.31793135638313896 0.9481137340152698 0
outer loop
vertex -10.990922927856445 57.1396484375 1.7000000476837158
vertex -13.86426830291748 56.17612838745117 -3.700000047683716
vertex -13.86426830291748 56.17612838745117 1.7000000476837158
endloop
endfacet
facet normal -0.669135798751635 0.7431401501705546 0.000005787669235800089
outer loop
vertex 26.68714714050293 -48.35301971435547 2.5
vertex 26.687183380126953 -48.3530158996582 6.199999809265137
vertex 26.849220275878906 -48.207115173339844 6.199999809265137
endloop
endfacet
facet normal 0 0 1
outer loop
vertex 63.763221740722656 38.72780990600586 7.199999809265137
vertex 63.82484817504883 38.66618347167969 7.199999809265137
vertex 68.59063720703125 41.107601165771484 7.199999809265137
endloop
endfacet
facet normal 0 -1 0
outer loop
vertex -42.831241607666016 -66.94740295410156 1.7000000476837158
vertex -39.44105911254883 -66.94740295410156 -3.564180612564087
vertex -38.867034912109375 -66.94740295410156 -3.450000047683716
endloop
endfacet
facet normal -0.6786228243455775 0.7344862434113898 0.0010102062442053639
outer loop
vertex 9.850398063659668 -50.12919616699219 6.199999809265137
vertex 9.63420581817627 -50.323856353759766 2.5
vertex 9.639457702636719 -50.324092864990234 6.199999809265137
endloop
endfacet
facet normal 0.5129541583957621 0.8584160013562745 0
outer loop
vertex 55.0926513671875 49.30406951904297 1.7000000476837158
vertex 53.582122802734375 50.20669937133789 -3.700000047683716
vertex 53.582122802734375 50.20669937133789 1.7000000476837158
endloop
endfacet
facet normal -0.4649370301831921 -0.8853437512991402 0
outer loop
vertex -51.421260833740234 -59.25933074951172 1.7000000476837158
vertex -51.421260833740234 -59.25933074951172 -3.700000047683716
vertex -51.041969299316406 -59.45851516723633 1.7000000476837158
endloop
endfacet
facet normal -0.05048434758076349 0.9987248523238743 0
outer loop
vertex 62.54473114013672 49.680763244628906 -3.700000047683716
vertex 55.0926513671875 49.30406951904297 -3.700000047683716
vertex 55.0926513671875 49.30406951904297 1.7000000476837158
endloop
endfacet
facet normal 0.7071042065983673 -0.707109355765349 8.240300153833481e-8
outer loop
vertex -8.984698295593262 45.734886169433594 6.199999809265137
vertex -8.781983375549316 45.937599182128906 2.5
vertex -8.853734970092773 45.865848541259766 6.199999809265137
endloop
endfacet
facet normal 0 0 1
outer loop
vertex 26.773983001708984 -48.845420837402344 7.199999809265137
vertex 29.52662467956543 -55.56203079223633 7.199999809265137
vertex 27.020933151245117 -48.72368240356445 7.199999809265137
endloop
endfacet
facet normal 0.7071117900832419 -0.7071017722543715 0
outer loop
vertex -9.186641693115234 45.53293991088867 6.199999809265137
vertex -8.984698295593262 45.734886169433594 2.5
vertex -8.984698295593262 45.734886169433594 6.199999809265137
endloop
endfacet
facet normal 0 0 1
outer loop
vertex 26.660980224609375 -48.852333068847656 7.199999809265137
vertex 22.122116088867188 -55.93498611450195 7.199999809265137
vertex 29.52662467956543 -55.56203079223633 7.199999809265137
endloop
endfacet
facet normal 0 0 1
outer loop
vertex 16.272533416748047 -48.307899475097656 7.199999809265137
vertex 21.430538177490234 -55.99549102783203 7.199999809265137
vertex 22.122116088867188 -55.93498611450195 7.199999809265137
endloop
endfacet
facet normal -0.46494186954274314 -0.8853412098993805 0
outer loop
vertex -51.041969299316406 -59.45851516723633 1.7000000476837158
vertex -49.438331604003906 -60.30067443847656 -3.700000047683716
vertex -49.438331604003906 -60.30067443847656 1.7000000476837158
endloop
endfacet
facet normal 0.05233552175092835 0.9986295575252407 0
outer loop
vertex 16.298702239990234 -47.80858612060547 2.5
vertex 16.298702239990234 -47.80858612060547 6.199999809265137
vertex 22.073373794555664 -48.11122131347656 6.199999809265137
endloop
endfacet
facet normal 0.6047361698239999 -0.796425869059135 0
outer loop
vertex -11.071296691894531 35.1351203918457 6.199999809265137
vertex -9.41741943359375 36.39093017578125 2.5
vertex -9.41741943359375 36.39093017578125 6.199999809265137
endloop
endfacet
facet normal 0.1967758647644167 -0.9804484989259844 0
outer loop
vertex -11.15414810180664 35.118492126464844 6.199999809265137
vertex -11.071296691894531 35.1351203918457 2.5
vertex -11.071296691894531 35.1351203918457 6.199999809265137
endloop
endfacet
facet normal 0.05233542211456658 0.9986295627469127 0
outer loop
vertex 16.298702239990234 -47.80858612060547 6.199999809265137
vertex 11.591841697692871 -47.561912536621094 2.5
vertex 11.591841697692871 -47.561912536621094 6.199999809265137
endloop
endfacet
facet normal -0.258819127012611 -0.9659258043413221 0
outer loop
vertex -22.092485427856445 38.04941177368164 6.199999809265137
vertex -11.15414810180664 35.118492126464844 2.5
vertex -11.15414810180664 35.118492126464844 6.199999809265137
endloop
endfacet
facet normal 0 0 -1
outer loop
vertex -56.946537017822266 -31.665908813476562 -5.699999809265137
vertex -55.923301696777344 -30.831212997436523 -5.699999809265137
vertex -56.66096115112305 -31.86587142944336 -5.699999809265137
endloop
endfacet
facet normal 0 0 1
outer loop
vertex -22.27452850341797 44.508296966552734 7.199999809265137
vertex -25.097421646118164 39.3702507019043 7.199999809265137
vertex -22.040918350219727 44.445701599121094 7.199999809265137
endloop
endfacet
facet normal 0 0 1
outer loop
vertex -25.226337432861328 39.38912582397461 7.199999809265137
vertex -36.717498779296875 47.714962005615234 7.199999809265137
vertex -25.313161849975586 39.381526947021484 7.199999809265137
endloop
endfacet
facet normal 0.5129541583957621 0.8584160013562745 0
outer loop
vertex 53.582122802734375 50.20669937133789 -3.700000047683716
vertex 55.0926513671875 49.30406951904297 1.7000000476837158
vertex 55.0926513671875 49.30406951904297 -3.700000047683716
endloop
endfacet
facet normal 0 0 1
outer loop
vertex -36.717498779296875 47.714962005615234 7.199999809265137
vertex -25.397348403930664 39.358970642089844 7.199999809265137
vertex -25.313161849975586 39.381526947021484 7.199999809265137
endloop
endfacet
facet normal -0.9107179377903519 0.4130288582979266 0
outer loop
vertex 10.14947509765625 -48.83036422729492 6.199999809265137
vertex 10.11964225769043 -48.89614486694336 2.5
vertex 10.11964225769043 -48.89614486694336 6.199999809265137
endloop
endfacet
facet normal -0.05641109568701012 -0.9984075385135874 0.00041871545291276903
outer loop
vertex 44.507102966308594 37.30772018432617 6.199999809265137
vertex 45.92906188964844 37.225826263427734 2.5
vertex 45.95078659057617 37.22615051269531 6.199999809265137
endloop
endfacet
facet normal 0.9144203854393583 0.40476580721811883 0
outer loop
vertex -8.006958961486816 -43.197566986083984 2.5
vertex -8.064981460571289 -43.06648635864258 2.5
vertex -8.006958961486816 -43.197566986083984 6.199999809265137
endloop
endfacet
facet normal 0 0 1
outer loop
vertex -60.310516357421875 27.76860237121582 7.199999809265137
vertex -59.7606201171875 26.9832706451416 7.199999809265137
vertex -54.74356460571289 29.946868896484375 7.199999809265137
endloop
endfacet
facet normal 0 0 -1
outer loop
vertex 55.0926513671875 47.30406951904297 -5.699999809265137
vertex 55.193302154541016 47.31287384033203 -5.699999809265137
vertex 54.012718200683594 46.332176208496094 -5.699999809265137
endloop
endfacet
facet normal 0 0 -1
outer loop
vertex 52.55744552612305 48.49192810058594 -5.699999809265137
vertex 51.515968322753906 47.7962646484375 -5.699999809265137
vertex 52.296546936035156 48.67461013793945 -5.699999809265137
endloop
endfacet
facet normal -0.9301912721258759 -0.3670751929248892 0
outer loop
vertex 43.20796585083008 38.69581604003906 2.5
vertex 43.24985122680664 38.58967590332031 2.5
vertex 43.20796585083008 38.69581604003906 6.199999809265137
endloop
endfacet
facet normal 0 0 -1
outer loop
vertex 37.90373992919922 -43.57216262817383 -5.699999809265137
vertex 36.740257263183594 -43.49782180786133 -5.699999809265137
vertex 37.978797912597656 -41.354652404785156 -5.699999809265137
endloop
endfacet
facet normal 0.7821372842795847 0.6231061454838622 0
outer loop
vertex -45.82746505737305 -59.920101165771484 0
vertex -45.82746505737305 -59.920101165771484 -5.699999809265137
vertex -47.24760818481445 -58.13750457763672 0
endloop
endfacet
facet normal -0.9999591297693093 0.00904095077996944 0
outer loop
vertex 36.740257263183594 -43.49782180786133 -5.699999809265137
vertex 36.664085388183594 -51.92268371582031 -5.699999809265137
vertex 36.664085388183594 -51.92268371582031 0
endloop
endfacet
facet normal -0.8658186961955187 0.5003578572564762 0
outer loop
vertex 37.978797912597656 -41.354652404785156 -5.699999809265137
vertex 36.740257263183594 -43.49782180786133 -5.699999809265137
vertex 36.740257263183594 -43.49782180786133 0
endloop
endfacet
facet normal -0.3641462983475678 0.9313417597207613 0
outer loop
vertex 15.03956413269043 -64.00621032714844 0
vertex 15.03956413269043 -64.00621032714844 -5.699999809265137
vertex 14.934213638305664 -64.04740142822266 0
endloop
endfacet
facet normal -0.6782339004497339 0.7348460901989889 0
outer loop
vertex 17.99555206298828 -61.277950286865234 0
vertex 17.99555206298828 -61.277950286865234 -5.699999809265137
vertex 15.03956413269043 -64.00621032714844 0
endloop
endfacet
facet normal 0.9806644622945115 0.19569673577404503 0
outer loop
vertex -45.494388580322266 -61.589195251464844 0
vertex -45.494388580322266 -61.589195251464844 -5.699999809265137
vertex -45.82746505737305 -59.920101165771484 0
endloop
endfacet
facet normal -0.8992438730742818 0.4374476617132213 0
outer loop
vertex 18.045034408569336 -61.176231384277344 0
vertex 18.045034408569336 -61.176231384277344 -5.699999809265137
vertex 17.99555206298828 -61.277950286865234 0
endloop
endfacet
facet normal -0.9967957001832325 0.0799895749221051 0
outer loop
vertex 18.054290771484375 -61.060882568359375 0
vertex 18.054290771484375 -61.060882568359375 -5.699999809265137
vertex 18.045034408569336 -61.176231384277344 0
endloop
endfacet
facet normal -0.6956994598124217 0.7183329740563945 0
outer loop
vertex 20.600982666015625 -58.59443283081055 0
vertex 20.600982666015625 -58.59443283081055 -5.699999809265137
vertex 18.054290771484375 -61.060882568359375 0
endloop
endfacet
facet normal 0 1 0
outer loop
vertex 14.934213638305664 -64.04740142822266 0
vertex 9.877655029296875 -64.04740142822266 -1.9500000476837158
vertex 9.877655029296875 -64.04740142822266 -0.44999998807907104
endloop
endfacet
facet normal 0 1 0
outer loop
vertex 14.934213638305664 -64.04740142822266 0
vertex 9.877655029296875 -64.04740142822266 -0.44999998807907104
vertex 9.877655029296875 -64.04740142822266 0
endloop
endfacet
facet normal 0.8574864564412454 0.51450653739271 0
outer loop
vertex -45.44084930419922 -61.67842483520508 0
vertex -45.44084930419922 -61.67842483520508 -5.699999809265137
vertex -45.494388580322266 -61.589195251464844 0
endloop
endfacet
facet normal 0 1 0
outer loop
vertex -21.367033004760742 -64.04740142822266 -5.699999809265137
vertex -25.367033004760742 -64.04740142822266 -4.949999809265137
vertex -21.367033004760742 -64.04740142822266 -4.949999809265137
endloop
endfacet
facet normal 0.9814197776715972 0.191872926685952 0
outer loop
vertex -53.60480880737305 -51.61943435668945 0
vertex -53.60480880737305 -51.61943435668945 -5.699999809265137
vertex -53.61552810668945 -51.564605712890625 0
endloop
endfacet
facet normal -0.048052482339378935 0.9988448122411328 0
outer loop
vertex 30.329051971435547 -58.126434326171875 0
vertex 30.329051971435547 -58.126434326171875 -5.699999809265137
vertex 20.600982666015625 -58.59443283081055 0
endloop
endfacet
facet normal 0 1 0
outer loop
vertex -21.367033004760742 -64.04740142822266 -5.699999809265137
vertex -25.367033004760742 -64.04740142822266 -5.699999809265137
vertex -25.367033004760742 -64.04740142822266 -4.949999809265137
endloop
endfacet
facet normal -0.22169449894942198 0.9751161721228732 0
outer loop
vertex 30.380529403686523 -58.11473083496094 0
vertex 30.380529403686523 -58.11473083496094 -5.699999809265137
vertex 30.329051971435547 -58.126434326171875 0
endloop
endfacet
facet normal -0.38859417619520736 0.921409011366379 0
outer loop
vertex 32.063209533691406 -57.40507888793945 0
vertex 32.063209533691406 -57.40507888793945 -5.699999809265137
vertex 30.380529403686523 -58.11473083496094 0
endloop
endfacet
facet normal 0.844857140403133 0.534991974061145 0
outer loop
vertex -52.859642028808594 -53.463932037353516 0
vertex -52.859642028808594 -53.463932037353516 -5.699999809265137
vertex -52.889530181884766 -53.41673278808594 0
endloop
endfacet
facet normal -0.5435448700574854 0.8393801130799987 0
outer loop
vertex 32.107521057128906 -57.37638473510742 0
vertex 32.107521057128906 -57.37638473510742 -5.699999809265137
vertex 32.063209533691406 -57.40507888793945 0
endloop
endfacet
facet normal -0.6817388650003852 0.7315955986390204 0
outer loop
vertex 35.76201629638672 -53.9709358215332 0
vertex 35.76201629638672 -53.9709358215332 -5.699999809265137
vertex 32.107521057128906 -57.37638473510742 0
endloop
endfacet
facet normal -0.8151741999953437 0.5792158696565137 0
outer loop
vertex 35.797393798828125 -53.921146392822266 0
vertex 35.797393798828125 -53.921146392822266 -5.699999809265137
vertex 35.76201629638672 -53.9709358215332 0
endloop
endfacet
facet normal 0.9291242753576002 0.36976760396391434 0
outer loop
vertex -52.889530181884766 -53.41673278808594 0
vertex -52.889530181884766 -53.41673278808594 -5.699999809265137
vertex -53.60480880737305 -51.61943435668945 0
endloop
endfacet
facet normal -0.915176668949636 0.40305293028366435 0
outer loop
vertex 36.65123748779297 -51.982398986816406 0
vertex 36.65123748779297 -51.982398986816406 -5.699999809265137
vertex 35.797393798828125 -53.921146392822266 0
endloop
endfacet
facet normal -0.9776284304035546 0.2103393735530326 0
outer loop
vertex 36.664085388183594 -51.92268371582031 0
vertex 36.664085388183594 -51.92268371582031 -5.699999809265137
vertex 36.65123748779297 -51.982398986816406 0
endloop
endfacet
facet normal 0.7315954242876511 0.6817390521023214 0
outer loop
vertex -49.431007385253906 -57.143306732177734 0
vertex -49.431007385253906 -57.143306732177734 -5.699999809265137
vertex -52.859642028808594 -53.463932037353516 0
endloop
endfacet
facet normal -0.9999591297693093 0.00904095077996944 0
outer loop
vertex 36.740257263183594 -43.49782180786133 0
vertex 36.740257263183594 -43.49782180786133 -5.699999809265137
vertex 36.664085388183594 -51.92268371582031 0
endloop
endfacet
facet normal 0.9999727612790495 0.007380833283103112 0
outer loop
vertex -53.61552810668945 -51.564605712890625 -5.699999809265137
vertex -53.74943923950195 -33.4220085144043 -5.699999809265137
vertex -53.74943923950195 -33.4220085144043 0
endloop
endfacet
facet normal -0.8658186961955187 0.5003578572564762 0
outer loop
vertex 37.978797912597656 -41.354652404785156 -5.699999809265137
vertex 36.740257263183594 -43.49782180786133 0
vertex 37.978797912597656 -41.354652404785156 0
endloop
endfacet
facet normal -0.5070973522071981 0.8618887836516084 0
outer loop
vertex 71.08235168457031 -21.877981185913086 -5.699999809265137
vertex 37.978797912597656 -41.354652404785156 -5.699999809265137
vertex 37.978797912597656 -41.354652404785156 0
endloop
endfacet
facet normal 0.40990097233302564 0.9121300306866561 0
outer loop
vertex -47.24760818481445 -58.13750457763672 -5.699999809265137
vertex -49.38227081298828 -57.1782112121582 -5.699999809265137
vertex -49.38227081298828 -57.1782112121582 0
endloop
endfacet
facet normal 0 1 0
outer loop
vertex -39.44105911254883 -64.04740142822266 -3.564180612564087
vertex -39.92769241333008 -64.04740142822266 -3.8893399238586426
vertex -42.49717330932617 -64.04740142822266 0
endloop
endfacet
facet normal 0.7660550868503139 0.6427749247681944 0
outer loop
vertex -53.74943923950195 -33.4220085144043 0
vertex -53.74943923950195 -33.4220085144043 -5.699999809265137
vertex -55.923301696777344 -30.831212997436523 0
endloop
endfacet
facet normal 0 1 0
outer loop
vertex -39.92769241333008 -64.04740142822266 -3.8893399238586426
vertex -40.25285339355469 -64.04740142822266 -4.375974655151367
vertex -42.49717330932617 -64.04740142822266 0
endloop
endfacet
facet normal 0.1809452034384203 0.9834931791083397 0
outer loop
vertex -55.923301696777344 -30.831212997436523 0
vertex -55.923301696777344 -30.831212997436523 -5.699999809265137
vertex -66.03968811035156 -28.96997833251953 0
endloop
endfacet
facet normal 0 1 0
outer loop
vertex -40.25285339355469 -64.04740142822266 -4.375974655151367
vertex -40.367034912109375 -64.04740142822266 -4.949999809265137
vertex -42.49717330932617 -64.04740142822266 0
endloop
endfacet
facet normal 0 1 0
outer loop
vertex -40.367034912109375 -64.04740142822266 -4.949999809265137
vertex -42.49717330932617 -64.04740142822266 -5.699999809265137
vertex -42.49717330932617 -64.04740142822266 0
endloop
endfacet
facet normal 0.3367404334601614 0.9415975151162319 0
outer loop
vertex -42.49717330932617 -64.04740142822266 -5.699999809265137
vertex -42.595157623291016 -64.01235961914062 -5.699999809265137
vertex -42.595157623291016 -64.01235961914062 0
endloop
endfacet
facet normal 0.7821372842795847 0.6231061454838622 0
outer loop
vertex -45.82746505737305 -59.920101165771484 -5.699999809265137
vertex -47.24760818481445 -58.13750457763672 -5.699999809265137
vertex -47.24760818481445 -58.13750457763672 0
endloop
endfacet
facet normal 0.9850441746290086 -0.17230198498376728 3.298561527756042e-7
outer loop
vertex -67.7966537475586 -2.7309391498565674 -1
vertex -71.07525634765625 -21.474599838256836 -5.699999809265137
vertex -64.34998321533203 16.973552703857422 0
endloop
endfacet
facet normal 0.9806644622945115 0.19569673577404503 0
outer loop
vertex -45.494388580322266 -61.589195251464844 -5.699999809265137
vertex -45.82746505737305 -59.920101165771484 -5.699999809265137
vertex -45.82746505737305 -59.920101165771484 0
endloop
endfacet
facet normal 0.8574864564412454 0.51450653739271 0
outer loop
vertex -45.44084930419922 -61.67842483520508 -5.699999809265137
vertex -45.494388580322266 -61.589195251464844 -5.699999809265137
vertex -45.494388580322266 -61.589195251464844 0
endloop
endfacet
facet normal 0.6341555559331539 0.7732054907197133 0
outer loop
vertex -42.595157623291016 -64.01235961914062 -5.699999809265137
vertex -45.44084930419922 -61.67842483520508 -5.699999809265137
vertex -45.44084930419922 -61.67842483520508 0
endloop
endfacet
facet normal -0.0019733270896646424 -0.9999980529882032 0
outer loop
vertex -10.813108444213867 54.239498138427734 -5.699999809265137
vertex 45.226280212402344 54.12891387939453 -5.699999809265137
vertex 45.226280212402344 54.12891387939453 0
endloop
endfacet
facet normal 0.9814197776715972 0.191872926685952 0
outer loop
vertex -53.60480880737305 -51.61943435668945 -5.699999809265137
vertex -53.61552810668945 -51.564605712890625 -5.699999809265137
vertex -53.61552810668945 -51.564605712890625 0
endloop
endfacet
facet normal -0.0019733270896646424 -0.9999980529882032 0
outer loop
vertex -10.813108444213867 54.239498138427734 0
vertex -10.813108444213867 54.239498138427734 -5.699999809265137
vertex 45.226280212402344 54.12891387939453 0
endloop
endfacet
facet normal -0.9963647962117674 -0.08518915934455294 -2.2758997095495867e-7
outer loop
vertex 71.53448486328125 41.0989875793457 -5.699999809265137
vertex 76.30622863769531 -14.710901260375977 -5.699999809265137
vertex 74.68508911132812 4.249789237976074 -1
endloop
endfacet
facet normal -0.6401480503564718 0.7682515692302931 0
outer loop
vertex 71.75643920898438 -21.316295623779297 -5.699999809265137
vertex 71.08235168457031 -21.877981185913086 -5.699999809265137
vertex 71.08235168457031 -21.877981185913086 0
endloop
endfacet
facet normal 0.9291242753576002 0.36976760396391434 0
outer loop
vertex -52.889530181884766 -53.41673278808594 -5.699999809265137
vertex -53.60480880737305 -51.61943435668945 -5.699999809265137
vertex -53.60480880737305 -51.61943435668945 0
endloop
endfacet
facet normal -0.7590716885337305 0.6510070442526342 0
outer loop
vertex 75.6353530883789 -16.79349708557129 -5.699999809265137
vertex 71.75643920898438 -21.316295623779297 -5.699999809265137
vertex 71.75643920898438 -21.316295623779297 0
endloop
endfacet
facet normal -0.9963647886641581 -0.08518924761595391 -9.247197634714217e-7
outer loop
vertex 71.53448486328125 41.0989875793457 -5.699999809265137
vertex 74.68508911132812 4.249789237976074 -1
vertex 73.15546417236328 22.140127182006836 -1
endloop
endfacet
facet normal -0.8726954268695701 0.48826498125601736 0
outer loop
vertex 75.66452026367188 -16.741365432739258 -5.699999809265137
vertex 75.6353530883789 -16.79349708557129 -5.699999809265137
vertex 75.6353530883789 -16.79349708557129 0
endloop
endfacet
facet normal -0.9518335004751548 0.30661537367394587 0
outer loop
vertex 76.29947662353516 -14.770255088806152 -5.699999809265137
vertex 75.66452026367188 -16.741365432739258 -5.699999809265137
vertex 75.66452026367188 -16.741365432739258 0
endloop
endfacet
facet normal 0.844857140403133 0.534991974061145 0
outer loop
vertex -52.859642028808594 -53.463932037353516 -5.699999809265137
vertex -52.889530181884766 -53.41673278808594 -5.699999809265137
vertex -52.889530181884766 -53.41673278808594 0
endloop
endfacet
facet normal -0.9935916112454464 0.11302968664327907 0
outer loop
vertex 76.30622863769531 -14.710901260375977 -5.699999809265137
vertex 76.29947662353516 -14.770255088806152 -5.699999809265137
vertex 76.29947662353516 -14.770255088806152 0
endloop
endfacet
facet normal -0.9963648083439266 -0.08518901744429092 -8.042272013236632e-7
outer loop
vertex 76.30368041992188 -14.68114185333252 -1
vertex 74.68508911132812 4.249789237976074 -1
vertex 76.30622863769531 -14.710901260375977 -5.699999809265137
endloop
endfacet
facet normal -0.5070973522071981 0.8618887836516084 0
outer loop
vertex 71.08235168457031 -21.877981185913086 -5.699999809265137
vertex 37.978797912597656 -41.354652404785156 0
vertex 71.08235168457031 -21.877981185913086 0
endloop
endfacet
facet normal -0.6401480503564718 0.7682515692302931 0
outer loop
vertex 71.75643920898438 -21.316295623779297 0
vertex 71.75643920898438 -21.316295623779297 -5.699999809265137
vertex 71.08235168457031 -21.877981185913086 0
endloop
endfacet
facet normal 0.7315954242876511 0.6817390521023214 0
outer loop
vertex -49.431007385253906 -57.143306732177734 -5.699999809265137
vertex -52.859642028808594 -53.463932037353516 -5.699999809265137
vertex -52.859642028808594 -53.463932037353516 0
endloop
endfacet
facet normal -0.7590716885337305 0.6510070442526342 0
outer loop
vertex 75.6353530883789 -16.79349708557129 0
vertex 75.6353530883789 -16.79349708557129 -5.699999809265137
vertex 71.75643920898438 -21.316295623779297 0
endloop
endfacet
facet normal 0.37525029001337856 0.9269235242698695 0
outer loop
vertex -66.03968811035156 -28.96997833251953 0
vertex -66.03968811035156 -28.96997833251953 -5.699999809265137
vertex -66.09626770019531 -28.947072982788086 0
endloop
endfacet
facet normal 0.5542505706151907 0.8323498693294399 0
outer loop
vertex -66.09626770019531 -28.947072982788086 0
vertex -66.09626770019531 -28.947072982788086 -5.699999809265137
vertex -67.85823059082031 -27.773805618286133 0
endloop
endfacet
facet normal -0.9963540195999736 -0.08531510784717608 0
outer loop
vertex 76.30368041992188 -14.68114185333252 -1
vertex 76.30622863769531 -14.710901260375977 -5.699999809265137
vertex 76.30622863769531 -14.710901260375977 0
endloop
endfacet
facet normal 0.5822610551247556 0.8130018841829374 0
outer loop
vertex -49.38227081298828 -57.1782112121582 -5.699999809265137
vertex -49.431007385253906 -57.143306732177734 -5.699999809265137
vertex -49.431007385253906 -57.143306732177734 0
endloop
endfacet
facet normal -0.8726954268695701 0.48826498125601736 0
outer loop
vertex 75.66452026367188 -16.741365432739258 0
vertex 75.66452026367188 -16.741365432739258 -5.699999809265137
vertex 75.6353530883789 -16.79349708557129 0
endloop
endfacet
facet normal -0.9518335004751548 0.30661537367394587 0
outer loop
vertex 76.29947662353516 -14.770255088806152 0
vertex 76.29947662353516 -14.770255088806152 -5.699999809265137
vertex 75.66452026367188 -16.741365432739258 0
endloop
endfacet
facet normal 0.8376554683151458 0.546198971439652 0
outer loop
vertex -67.90118408203125 -27.730438232421875 0
vertex -67.90118408203125 -27.730438232421875 -5.699999809265137
vertex -70.65982818603516 -23.499757766723633 0
endloop
endfacet
facet normal -0.9935916112454464 0.11302968664327907 0
outer loop
vertex 76.30622863769531 -14.710901260375977 0
vertex 76.30622863769531 -14.710901260375977 -5.699999809265137
vertex 76.29947662353516 -14.770255088806152 0
endloop
endfacet
facet normal 0 1 0
outer loop
vertex -40.367034912109375 -64.04740142822266 -5.699999809265137
vertex -42.49717330932617 -64.04740142822266 -5.699999809265137
vertex -40.367034912109375 -64.04740142822266 -4.949999809265137
endloop
endfacet
facet normal 0.7104890767172063 0.7037082292154412 0
outer loop
vertex -67.85823059082031 -27.773805618286133 0
vertex -67.85823059082031 -27.773805618286133 -5.699999809265137
vertex -67.90118408203125 -27.730438232421875 0
endloop
endfacet
facet normal 0.9998936165557246 0.0145861431198782 0
outer loop
vertex -71.07443237304688 -21.531084060668945 0
vertex -71.07443237304688 -21.531084060668945 -5.699999809265137
vertex -71.07525634765625 -21.474599838256836 0
endloop
endfacet
facet normal -0.827276849274 -0.5617944594380436 0
outer loop
vertex 50.62870407104492 49.64968490600586 -5.699999809265137
vertex 50.654632568359375 49.61150360107422 -5.699999809265137
vertex 50.654632568359375 49.61150360107422 0
endloop
endfacet
facet normal -0.9034515599873891 -0.4286901897132157 0
outer loop
vertex 50.654632568359375 49.61150360107422 -5.699999809265137
vertex 51.515968322753906 47.7962646484375 -5.699999809265137
vertex 51.515968322753906 47.7962646484375 0
endloop
endfacet
facet normal 0.9796020510722933 0.20094731034516522 0
outer loop
vertex -70.68131256103516 -23.447511672973633 0
vertex -70.68131256103516 -23.447511672973633 -5.699999809265137
vertex -71.07443237304688 -21.531084060668945 0
endloop
endfacet
facet normal -0.5058420057747054 -0.862626144510948 0
outer loop
vertex 51.515968322753906 47.7962646484375 -5.699999809265137
vertex 54.012718200683594 46.332176208496094 -5.699999809265137
vertex 54.012718200683594 46.332176208496094 0
endloop
endfacet
facet normal 0.9248570041618216 0.38031502974878645 0
outer loop
vertex -70.65982818603516 -23.499757766723633 0
vertex -70.65982818603516 -23.499757766723633 -5.699999809265137
vertex -70.68131256103516 -23.447511672973633 0
endloop
endfacet
facet normal 0.9850387791049641 -0.17233282815355236 0
outer loop
vertex -71.07525634765625 -21.474599838256836 0
vertex -71.07525634765625 -21.474599838256836 -5.699999809265137
vertex -71.07038879394531 -21.44677734375 -1
endloop
endfacet
facet normal 0.7660550868503139 0.6427749247681944 0
outer loop
vertex -53.74943923950195 -33.4220085144043 -5.699999809265137
vertex -55.923301696777344 -30.831212997436523 -5.699999809265137
vertex -55.923301696777344 -30.831212997436523 0
endloop
endfacet
facet normal -0.20522727846889438 -0.9787143424780547 0
outer loop
vertex 45.226280212402344 54.12891387939453 -5.699999809265137
vertex 45.28658676147461 54.116268157958984 -5.699999809265137
vertex 45.28658676147461 54.116268157958984 0
endloop
endfacet
facet normal -0.399815488418612 -0.9165956443386509 0
outer loop
vertex 45.28658676147461 54.116268157958984 -5.699999809265137
vertex 47.2457160949707 53.26170349121094 -5.699999809265137
vertex 47.2457160949707 53.26170349121094 0
endloop
endfacet
facet normal -0.5777716669018499 -0.8161984445742699 0
outer loop
vertex 47.2457160949707 53.26170349121094 -5.699999809265137
vertex 47.29600524902344 53.226104736328125 -5.699999809265137
vertex 47.29600524902344 53.226104736328125 0
endloop
endfacet
facet normal -0.7315951253368564 -0.6817393729155954 0
outer loop
vertex 47.29600524902344 53.226104736328125 -5.699999809265137
vertex 50.62870407104492 49.64968490600586 -5.699999809265137
vertex 50.62870407104492 49.64968490600586 0
endloop
endfacet
facet normal 0.06698846904505419 -0.9977537496872663 0
outer loop
vertex 54.012718200683594 46.332176208496094 -5.699999809265137
vertex 64.82205200195312 47.05790710449219 -5.699999809265137
vertex 64.82205200195312 47.05790710449219 0
endloop
endfacet
facet normal -0.13432291234195726 -0.9909376141917183 0
outer loop
vertex 64.82205200195312 47.05790710449219 -5.699999809265137
vertex 64.88224792480469 47.049747467041016 -5.699999809265137
vertex 64.88224792480469 47.049747467041016 0
endloop
endfacet
facet normal -0.33024798394833055 -0.9438942043990223 0
outer loop
vertex 64.88224792480469 47.049747467041016 -5.699999809265137
vertex 66.87065887451172 46.35404586791992 -5.699999809265137
vertex 66.87065887451172 46.35404586791992 0
endloop
endfacet
facet normal -0.5127308330226836 -0.8585494120129983 0
outer loop
vertex 66.87065887451172 46.35404586791992 -5.699999809265137
vertex 66.92281341552734 46.322898864746094 -5.699999809265137
vertex 66.92281341552734 46.322898864746094 0
endloop
endfacet
facet normal -0.963355911532399 -0.26822637401191674 0
outer loop
vertex 71.51944732666016 41.15299606323242 -5.699999809265137
vertex 71.53448486328125 41.0989875793457 -5.699999809265137
vertex 71.53448486328125 41.0989875793457 0
endloop
endfacet
facet normal -0.8969555094476701 -0.44212081388628466 0
outer loop
vertex 70.66117095947266 42.894229888916016 -5.699999809265137
vertex 71.51944732666016 41.15299606323242 -5.699999809265137
vertex 71.51944732666016 41.15299606323242 0
endloop
endfacet
facet normal -0.9963648090727714 -0.08518900892355641 4.515639971165548e-8
outer loop
vertex 71.53448486328125 41.0989875793457 -5.699999809265137
vertex 73.15546417236328 22.140127182006836 -1
vertex 71.53687286376953 41.07106018066406 -1
endloop
endfacet
facet normal -0.7995180310269289 -0.600642088154687 0
outer loop
vertex 70.62749481201172 42.939056396484375 -5.699999809265137
vertex 70.66117095947266 42.894229888916016 -5.699999809265137
vertex 70.66117095947266 42.894229888916016 0
endloop
endfacet
facet normal -0.6744114428128473 -0.7383557447484874 0
outer loop
vertex 66.92281341552734 46.322898864746094 -5.699999809265137
vertex 70.62749481201172 42.939056396484375 -5.699999809265137
vertex 70.62749481201172 42.939056396484375 0
endloop
endfacet
facet normal -0.827276849274 -0.5617944594380436 0
outer loop
vertex 50.62870407104492 49.64968490600586 0
vertex 50.62870407104492 49.64968490600586 -5.699999809265137
vertex 50.654632568359375 49.61150360107422 0
endloop
endfacet
facet normal -0.9034515599873891 -0.4286901897132157 0
outer loop
vertex 50.654632568359375 49.61150360107422 0
vertex 50.654632568359375 49.61150360107422 -5.699999809265137
vertex 51.515968322753906 47.7962646484375 0
endloop
endfacet
facet normal -0.5058420057747054 -0.862626144510948 0
outer loop
vertex 51.515968322753906 47.7962646484375 0
vertex 51.515968322753906 47.7962646484375 -5.699999809265137
vertex 54.012718200683594 46.332176208496094 0
endloop
endfacet
facet normal 0.06698846904505419 -0.9977537496872663 0
outer loop
vertex 54.012718200683594 46.332176208496094 0
vertex 54.012718200683594 46.332176208496094 -5.699999809265137
vertex 64.82205200195312 47.05790710449219 0
endloop
endfacet
facet normal 0.9850441967083658 -0.17230185875705012 -1.889396543923076e-7
outer loop
vertex -71.07525634765625 -21.474599838256836 -5.699999809265137
vertex -67.7966537475586 -2.7309391498565674 -1
vertex -71.07038879394531 -21.44677734375 -1
endloop
endfacet
facet normal 0.18276065004713102 -0.9831574364232567 0
outer loop
vertex -10.868063926696777 54.22928237915039 0
vertex -10.868063926696777 54.22928237915039 -5.699999809265137
vertex -10.813108444213867 54.239498138427734 0
endloop
endfacet
facet normal 0.361243631123575 -0.9324714681815496 0
outer loop
vertex -12.672816276550293 53.530113220214844 0
vertex -12.672816276550293 53.530113220214844 -5.699999809265137
vertex -10.868063926696777 54.22928237915039 0
endloop
endfacet
facet normal 0.5273186930715609 -0.8496675796670725 0
outer loop
vertex -12.720311164855957 53.50063705444336 0
vertex -12.720311164855957 53.50063705444336 -5.699999809265137
vertex -12.672816276550293 53.530113220214844 0
endloop
endfacet
facet normal 0.675157085122912 -0.7376739865335723 0
outer loop
vertex -16.402271270751953 50.13071823120117 0
vertex -16.402271270751953 50.13071823120117 -5.699999809265137
vertex -12.720311164855957 53.50063705444336 0
endloop
endfacet
facet normal -0.20522727846889438 -0.9787143424780547 0
outer loop
vertex 45.226280212402344 54.12891387939453 0
vertex 45.226280212402344 54.12891387939453 -5.699999809265137
vertex 45.28658676147461 54.116268157958984 0
endloop
endfacet
facet normal 0.8077790767977842 -0.5894853374662676 0
outer loop
vertex -16.437620162963867 50.082279205322266 0
vertex -16.437620162963867 50.082279205322266 -5.699999809265137
vertex -16.402271270751953 50.13071823120117 0
endloop
endfacet
facet normal 0.9084811682022033 -0.4179257912859173 0
outer loop
vertex -17.308618545532227 48.18891525268555 0
vertex -17.308618545532227 48.18891525268555 -5.699999809265137
vertex -16.437620162963867 50.082279205322266 0
endloop
endfacet
facet normal -0.399815488418612 -0.9165956443386509 0
outer loop
vertex 45.28658676147461 54.116268157958984 0
vertex 45.28658676147461 54.116268157958984 -5.699999809265137
vertex 47.2457160949707 53.26170349121094 0
endloop
endfacet
facet normal 0.4444650191184311 -0.8957962082862667 0
outer loop
vertex -20.282785415649414 46.71323013305664 0
vertex -20.282785415649414 46.71323013305664 -5.699999809265137
vertex -17.308618545532227 48.18891525268555 0
endloop
endfacet
facet normal -0.7315951253368564 -0.6817393729155954 0
outer loop
vertex 47.29600524902344 53.226104736328125 0
vertex 47.29600524902344 53.226104736328125 -5.699999809265137
vertex 50.62870407104492 49.64968490600586 0
endloop
endfacet
facet normal 0.1809452034384203 0.9834931791083397 0
outer loop
vertex -55.923301696777344 -30.831212997436523 -5.699999809265137
vertex -66.03968811035156 -28.96997833251953 -5.699999809265137
vertex -66.03968811035156 -28.96997833251953 0
endloop
endfacet
facet normal -0.5777716669018499 -0.8161984445742699 0
outer loop
vertex 47.2457160949707 53.26170349121094 0
vertex 47.2457160949707 53.26170349121094 -5.699999809265137
vertex 47.29600524902344 53.226104736328125 0
endloop
endfacet
facet normal -0.45273490952468215 -0.8916451658017767 0
outer loop
vertex -38.0547981262207 50.961585998535156 0
vertex -38.0547981262207 50.961585998535156 -5.699999809265137
vertex -36.9958610534668 50.42390823364258 0
endloop
endfacet
facet normal 0.37525029001337856 0.9269235242698695 0
outer loop
vertex -66.03968811035156 -28.96997833251953 -5.699999809265137
vertex -66.09626770019531 -28.947072982788086 -5.699999809265137
vertex -66.09626770019531 -28.947072982788086 0
endloop
endfacet
facet normal -0.21674461374085927 -0.9762283403048313 0
outer loop
vertex -36.9958610534668 50.42390823364258 0
vertex -36.9958610534668 50.42390823364258 -5.699999809265137
vertex -20.282785415649414 46.71323013305664 0
endloop
endfacet
facet normal 0.18276065004713102 -0.9831574364232567 0
outer loop
vertex -10.868063926696777 54.22928237915039 -5.699999809265137
vertex -10.813108444213867 54.239498138427734 -5.699999809265137
vertex -10.813108444213867 54.239498138427734 0
endloop
endfacet
facet normal 0.361243631123575 -0.9324714681815496 0
outer loop
vertex -12.672816276550293 53.530113220214844 -5.699999809265137
vertex -10.868063926696777 54.22928237915039 -5.699999809265137
vertex -10.868063926696777 54.22928237915039 0
endloop
endfacet
facet normal 0.5273186930715609 -0.8496675796670725 0
outer loop
vertex -12.720311164855957 53.50063705444336 -5.699999809265137
vertex -12.672816276550293 53.530113220214844 -5.699999809265137
vertex -12.672816276550293 53.530113220214844 0
endloop
endfacet
facet normal 0.675157085122912 -0.7376739865335723 0
outer loop
vertex -16.402271270751953 50.13071823120117 -5.699999809265137
vertex -12.720311164855957 53.50063705444336 -5.699999809265137
vertex -12.720311164855957 53.50063705444336 0
endloop
endfacet
facet normal 0.5542505706151907 0.8323498693294399 0
outer loop
vertex -66.09626770019531 -28.947072982788086 -5.699999809265137
vertex -67.85823059082031 -27.773805618286133 -5.699999809265137
vertex -67.85823059082031 -27.773805618286133 0
endloop
endfacet
facet normal 0.8077790767977842 -0.5894853374662676 0
outer loop
vertex -16.437620162963867 50.082279205322266 -5.699999809265137
vertex -16.402271270751953 50.13071823120117 -5.699999809265137
vertex -16.402271270751953 50.13071823120117 0
endloop
endfacet
facet normal 0.7104890767172063 0.7037082292154412 0
outer loop
vertex -67.85823059082031 -27.773805618286133 -5.699999809265137
vertex -67.90118408203125 -27.730438232421875 -5.699999809265137
vertex -67.90118408203125 -27.730438232421875 0
endloop
endfacet
facet normal 0.9998936165557246 0.0145861431198782 0
outer loop
vertex -71.07525634765625 -21.474599838256836 -5.699999809265137
vertex -71.07525634765625 -21.474599838256836 0
vertex -71.07443237304688 -21.531084060668945 -5.699999809265137
endloop
endfacet
facet normal 0.9084811682022033 -0.4179257912859173 0
outer loop
vertex -17.308618545532227 48.18891525268555 -5.699999809265137
vertex -16.437620162963867 50.082279205322266 -5.699999809265137
vertex -16.437620162963867 50.082279205322266 0
endloop
endfacet
facet normal 0.9796020510722933 0.20094731034516522 0
outer loop
vertex -70.68131256103516 -23.447511672973633 -5.699999809265137
vertex -71.07443237304688 -21.531084060668945 -5.699999809265137
vertex -71.07443237304688 -21.531084060668945 0
endloop
endfacet
facet normal 0.4444650191184311 -0.8957962082862667 0
outer loop
vertex -20.282785415649414 46.71323013305664 -5.699999809265137
vertex -17.308618545532227 48.18891525268555 -5.699999809265137
vertex -17.308618545532227 48.18891525268555 0
endloop
endfacet
facet normal 0.8376554683151458 0.546198971439652 0
outer loop
vertex -67.90118408203125 -27.730438232421875 -5.699999809265137
vertex -70.65982818603516 -23.499757766723633 -5.699999809265137
vertex -70.65982818603516 -23.499757766723633 0
endloop
endfacet
facet normal 0.9248570041618216 0.38031502974878645 0
outer loop
vertex -70.65982818603516 -23.499757766723633 -5.699999809265137
vertex -70.68131256103516 -23.447511672973633 -5.699999809265137
vertex -70.68131256103516 -23.447511672973633 0
endloop
endfacet
facet normal -0.45273490952468215 -0.8916451658017767 0
outer loop
vertex -38.0547981262207 50.961585998535156 -5.699999809265137
vertex -36.9958610534668 50.42390823364258 -5.699999809265137
vertex -36.9958610534668 50.42390823364258 0
endloop
endfacet
facet normal -0.6744114428128473 -0.7383557447484874 0
outer loop
vertex 66.92281341552734 46.322898864746094 0
vertex 66.92281341552734 46.322898864746094 -5.699999809265137
vertex 70.62749481201172 42.939056396484375 0
endloop
endfacet
facet normal -0.13432291234195726 -0.9909376141917183 0
outer loop
vertex 64.82205200195312 47.05790710449219 0
vertex 64.82205200195312 47.05790710449219 -5.699999809265137
vertex 64.88224792480469 47.049747467041016 0
endloop
endfacet
facet normal -0.21674461374085927 -0.9762283403048313 0
outer loop
vertex -36.9958610534668 50.42390823364258 -5.699999809265137
vertex -20.282785415649414 46.71323013305664 -5.699999809265137
vertex -20.282785415649414 46.71323013305664 0
endloop
endfacet
facet normal -0.33024798394833055 -0.9438942043990223 0
outer loop
vertex 64.88224792480469 47.049747467041016 0
vertex 64.88224792480469 47.049747467041016 -5.699999809265137
vertex 66.87065887451172 46.35404586791992 0
endloop
endfacet
facet normal -0.5127308330226836 -0.8585494120129983 0
outer loop
vertex 66.87065887451172 46.35404586791992 0
vertex 66.87065887451172 46.35404586791992 -5.699999809265137
vertex 66.92281341552734 46.322898864746094 0
endloop
endfacet
facet normal 0 1 0
outer loop
vertex 1.8776553869247437 -64.04740142822266 -0.44999998807907104
vertex -42.49717330932617 -64.04740142822266 0
vertex 1.8776553869247437 -64.04740142822266 0
endloop
endfacet
facet normal -0.6602754231211057 -0.751023545318151 0
outer loop
vertex -52.1340217590332 63.33958053588867 0
vertex -52.1340217590332 63.33958053588867 -5.699999809265137
vertex -38.0547981262207 50.961585998535156 0
endloop
endfacet
facet normal 0 1 0
outer loop
vertex 1.8776553869247437 -64.04740142822266 -1.9500000476837158
vertex -42.49717330932617 -64.04740142822266 0
vertex 1.8776553869247437 -64.04740142822266 -0.44999998807907104
endloop
endfacet
facet normal -0.5067165869101026 -0.8621126959685588 0
outer loop
vertex -52.18326950073242 63.368526458740234 0
vertex -52.18326950073242 63.368526458740234 -5.699999809265137
vertex -52.1340217590332 63.33958053588867 0
endloop
endfacet
facet normal -0.334928000937008 -0.9422437233478075 0
outer loop
vertex -54.04751968383789 64.03118896484375 0
vertex -54.04751968383789 64.03118896484375 -5.699999809265137
vertex -52.18326950073242 63.368526458740234 0
endloop
endfacet
facet normal -0.1511939812357693 -0.9885041123020571 0
outer loop
vertex -54.10398483276367 64.03982543945312 0
vertex -54.10398483276367 64.03982543945312 -5.699999809265137
vertex -54.04751968383789 64.03118896484375 0
endloop
endfacet
facet normal 0.038114689761907634 -0.9992733712174829 0
outer loop
vertex -59.25080108642578 63.84351348876953 0
vertex -59.25080108642578 63.84351348876953 -5.699999809265137
vertex -54.10398483276367 64.03982543945312 0
endloop
endfacet
facet normal 0.24293835578437653 -0.9700417286327344 0
outer loop
vertex -59.31133270263672 63.82835388183594 0
vertex -59.31133270263672 63.82835388183594 -5.699999809265137
vertex -59.25080108642578 63.84351348876953 0
endloop
endfacet
facet normal 0 1 0
outer loop
vertex -7.867033958435059 -64.04740142822266 -3.450000047683716
vertex -42.49717330932617 -64.04740142822266 0
vertex 1.8776553869247437 -64.04740142822266 -1.9500000476837158
endloop
endfacet
facet normal 0.6660320440414096 -0.7459231302956236 0
outer loop
vertex -61.32798385620117 62.81935501098633 -1
vertex -61.25849533081055 62.88140106201172 0
vertex -61.32798385620117 62.81935501098633 0
endloop
endfacet
facet normal -0.9963641640017116 -0.08519655329395867 0
outer loop
vertex 71.53448486328125 41.0989875793457 0
vertex 71.53448486328125 41.0989875793457 -5.699999809265137
vertex 71.53687286376953 41.07106018066406 -1
endloop
endfacet
facet normal 0.43734789348018127 -0.8992923996501071 0
outer loop
vertex -61.25849533081055 62.88140106201172 0
vertex -61.25849533081055 62.88140106201172 -5.699999809265137
vertex -59.31133270263672 63.82835388183594 0
endloop
endfacet
facet normal 0.6728489268774525 -0.7397794203451703 -0.000854888077108304
outer loop
vertex -61.32798385620117 62.81935501098633 -1
vertex -61.307796478271484 62.84314727783203 -5.699999809265137
vertex -61.25849533081055 62.88140106201172 0
endloop
endfacet
facet normal 0 1 0
outer loop
vertex -7.867033958435059 -64.04740142822266 -3.450000047683716
vertex -19.867033004760742 -64.04740142822266 -3.450000047683716
vertex -42.49717330932617 -64.04740142822266 0
endloop
endfacet
facet normal 0.7625013762127835 -0.6469865928082369 0
outer loop
vertex -75.61788177490234 45.97808074951172 0
vertex -73.62071990966797 48.33182144165039 -1
vertex -73.62071990966797 48.33182144165039 0
endloop
endfacet
facet normal 0 1 0
outer loop
vertex -19.867033004760742 -64.04740142822266 -3.450000047683716
vertex -26.867033004760742 -64.04740142822266 -3.450000047683716
vertex -42.49717330932617 -64.04740142822266 0
endloop
endfacet
facet normal 0.8704153116824305 -0.4923181747495998 0
outer loop
vertex -75.64586639404297 45.92860412597656 0
vertex -75.64586639404297 45.92860412597656 -5.699999809265137
vertex -75.61788177490234 45.97808074951172 0
endloop
endfacet
facet normal 0.7625013762127835 -0.6469865928082369 0
outer loop
vertex -75.61788177490234 45.97808074951172 0
vertex -75.61788177490234 45.97808074951172 -5.699999809265137
vertex -73.62071990966797 48.33182144165039 -1
endloop
endfacet
facet normal 0.9473927661780144 -0.32007334564685397 0
outer loop
vertex -76.2760009765625 44.063453674316406 0
vertex -76.2760009765625 44.063453674316406 -5.699999809265137
vertex -75.64586639404297 45.92860412597656 0
endloop
endfacet
facet normal 0 1 0
outer loop
vertex -38.867034912109375 -64.04740142822266 -3.450000047683716
vertex -42.49717330932617 -64.04740142822266 0
vertex -26.867033004760742 -64.04740142822266 -3.450000047683716
endloop
endfacet
facet normal 0.9906392884785674 -0.1365056779869525 0
outer loop
vertex -76.28376007080078 44.007144927978516 0
vertex -76.28376007080078 44.007144927978516 -5.699999809265137
vertex -76.2760009765625 44.063453674316406 0
endloop
endfacet
facet normal 0.9986479401680435 0.05198357046340405 0
outer loop
vertex -76.02012634277344 38.94252014160156 0
vertex -76.02012634277344 38.94252014160156 -5.699999809265137
vertex -76.28376007080078 44.007144927978516 0
endloop
endfacet
facet normal -0.963355911532399 -0.26822637401191674 0
outer loop
vertex 71.51944732666016 41.15299606323242 0
vertex 71.51944732666016 41.15299606323242 -5.699999809265137
vertex 71.53448486328125 41.0989875793457 0
endloop
endfacet
facet normal 0.9674599591899524 0.25302416359742363 0
outer loop
vertex -76.00460052490234 38.883155822753906 0
vertex -76.00460052490234 38.883155822753906 -5.699999809265137
vertex -76.02012634277344 38.94252014160156 0
endloop
endfacet
facet normal 0.896196993296408 0.4436563413346844 0
outer loop
vertex -75.06031799316406 36.97568130493164 0
vertex -75.06031799316406 36.97568130493164 -5.699999809265137
vertex -76.00460052490234 38.883155822753906 0
endloop
endfacet
facet normal 0.7878066178897026 0.615922667880626 0
outer loop
vertex -75.02252197265625 36.927337646484375 0
vertex -75.02252197265625 36.927337646484375 -5.699999809265137
vertex -75.06031799316406 36.97568130493164 0
endloop
endfacet
facet normal -0.8969555094476701 -0.44212081388628466 0
outer loop
vertex 70.66117095947266 42.894229888916016 0
vertex 70.66117095947266 42.894229888916016 -5.699999809265137
vertex 71.51944732666016 41.15299606323242 0
endloop
endfacet
facet normal -0.6602754231211057 -0.751023545318151 0
outer loop
vertex -52.1340217590332 63.33958053588867 -5.699999809265137
vertex -38.0547981262207 50.961585998535156 -5.699999809265137
vertex -38.0547981262207 50.961585998535156 0
endloop
endfacet
facet normal -0.7995180310269289 -0.600642088154687 0
outer loop
vertex 70.62749481201172 42.939056396484375 0
vertex 70.62749481201172 42.939056396484375 -5.699999809265137
vertex 70.66117095947266 42.894229888916016 0
endloop
endfacet
facet normal -0.5067165869101026 -0.8621126959685588 0
outer loop
vertex -52.18326950073242 63.368526458740234 -5.699999809265137
vertex -52.1340217590332 63.33958053588867 -5.699999809265137
vertex -52.1340217590332 63.33958053588867 0
endloop
endfacet
facet normal -0.334928000937008 -0.9422437233478075 0
outer loop
vertex -54.04751968383789 64.03118896484375 -5.699999809265137
vertex -52.18326950073242 63.368526458740234 -5.699999809265137
vertex -52.18326950073242 63.368526458740234 0
endloop
endfacet
facet normal -0.1511939812357693 -0.9885041123020571 0
outer loop
vertex -54.10398483276367 64.03982543945312 -5.699999809265137
vertex -54.04751968383789 64.03118896484375 -5.699999809265137
vertex -54.04751968383789 64.03118896484375 0
endloop
endfacet
facet normal 0.038114689761907634 -0.9992733712174829 0
outer loop
vertex -59.25080108642578 63.84351348876953 -5.699999809265137
vertex -54.10398483276367 64.03982543945312 -5.699999809265137
vertex -54.10398483276367 64.03982543945312 0
endloop
endfacet
facet normal 0.24293835578437653 -0.9700417286327344 0
outer loop
vertex -59.31133270263672 63.82835388183594 -5.699999809265137
vertex -59.25080108642578 63.84351348876953 -5.699999809265137
vertex -59.25080108642578 63.84351348876953 0
endloop
endfacet
facet normal 0 1 0
outer loop
vertex -7.867033958435059 -64.04740142822266 -3.450000047683716
vertex 14.934213638305664 -64.04740142822266 -5.699999809265137
vertex -7.293008804321289 -64.04740142822266 -3.564180612564087
endloop
endfacet
facet normal 0.43734789348018127 -0.8992923996501071 0
outer loop
vertex -61.25849533081055 62.88140106201172 -5.699999809265137
vertex -59.31133270263672 63.82835388183594 -5.699999809265137
vertex -59.31133270263672 63.82835388183594 0
endloop
endfacet
facet normal 0.6130260517001358 -0.7900626936749656 0
outer loop
vertex -61.307796478271484 62.84314727783203 -5.699999809265137
vertex -61.25849533081055 62.88140106201172 -5.699999809265137
vertex -61.25849533081055 62.88140106201172 0
endloop
endfacet
facet normal 0.7625017788436569 -0.646986118290225 -7.548729046413317e-8
outer loop
vertex -73.62071990966797 48.33182144165039 -1
vertex -61.307796478271484 62.84314727783203 -5.699999809265137
vertex -61.32798385620117 62.81935501098633 -1
endloop
endfacet
facet normal 0.7625017330293323 -0.6469861722843337 -3.6221802042114424e-7
outer loop
vertex -75.61788177490234 45.97808074951172 -5.699999809265137
vertex -61.307796478271484 62.84314727783203 -5.699999809265137
vertex -73.62071990966797 48.33182144165039 -1
endloop
endfacet
facet normal 0.8704153116824305 -0.4923181747495998 0
outer loop
vertex -75.64586639404297 45.92860412597656 -5.699999809265137
vertex -75.61788177490234 45.97808074951172 -5.699999809265137
vertex -75.61788177490234 45.97808074951172 0
endloop
endfacet
facet normal 0.9473927661780144 -0.32007334564685397 0
outer loop
vertex -76.2760009765625 44.063453674316406 -5.699999809265137
vertex -75.64586639404297 45.92860412597656 -5.699999809265137
vertex -75.64586639404297 45.92860412597656 0
endloop
endfacet
facet normal 0.9906392884785674 -0.1365056779869525 0
outer loop
vertex -76.28376007080078 44.007144927978516 -5.699999809265137
vertex -76.2760009765625 44.063453674316406 -5.699999809265137
vertex -76.2760009765625 44.063453674316406 0
endloop
endfacet
facet normal 0.9986479401680435 0.05198357046340405 0
outer loop
vertex -76.28376007080078 44.007144927978516 -5.699999809265137
vertex -76.28376007080078 44.007144927978516 0
vertex -76.02012634277344 38.94252014160156 -5.699999809265137
endloop
endfacet
facet normal 0.9674599591899524 0.25302416359742363 0
outer loop
vertex -76.00460052490234 38.883155822753906 -5.699999809265137
vertex -76.02012634277344 38.94252014160156 -5.699999809265137
vertex -76.02012634277344 38.94252014160156 0
endloop
endfacet
facet normal 0.896196993296408 0.4436563413346844 0
outer loop
vertex -75.06031799316406 36.97568130493164 -5.699999809265137
vertex -76.00460052490234 38.883155822753906 -5.699999809265137
vertex -76.00460052490234 38.883155822753906 0
endloop
endfacet
facet normal 0 1 0
outer loop
vertex 14.934213638305664 -64.04740142822266 -5.699999809265137
vertex -6.367033958435059 -64.04740142822266 -5.699999809265137
vertex -6.367033958435059 -64.04740142822266 -4.949999809265137
endloop
endfacet
facet normal 0 1 0
outer loop
vertex 14.934213638305664 -64.04740142822266 -5.699999809265137
vertex -6.367033958435059 -64.04740142822266 -4.949999809265137
vertex -6.48121452331543 -64.04740142822266 -4.375974655151367
endloop
endfacet
facet normal 0.7878066178897026 0.615922667880626 0
outer loop
vertex -75.02252197265625 36.927337646484375 -5.699999809265137
vertex -75.06031799316406 36.97568130493164 -5.699999809265137
vertex -75.06031799316406 36.97568130493164 0
endloop
endfacet
facet normal 0 1 0
outer loop
vertex 14.934213638305664 -64.04740142822266 -5.699999809265137
vertex -6.48121452331543 -64.04740142822266 -4.375974655151367
vertex -6.806373596191406 -64.04740142822266 -3.8893399238586426
endloop
endfacet
facet normal 0 1 0
outer loop
vertex 14.934213638305664 -64.04740142822266 -5.699999809265137
vertex -6.806373596191406 -64.04740142822266 -3.8893399238586426
vertex -7.293008804321289 -64.04740142822266 -3.564180612564087
endloop
endfacet
facet normal 0 1 0
outer loop
vertex -20.441059112548828 -64.04740142822266 -3.564180612564087
vertex -26.867033004760742 -64.04740142822266 -3.450000047683716
vertex -19.867033004760742 -64.04740142822266 -3.450000047683716
endloop
endfacet
facet normal 0 1 0
outer loop
vertex -20.92769432067871 -64.04740142822266 -3.8893399238586426
vertex -26.29300880432129 -64.04740142822266 -3.564180612564087
vertex -20.441059112548828 -64.04740142822266 -3.564180612564087
endloop
endfacet
facet normal 0 1 0
outer loop
vertex -26.29300880432129 -64.04740142822266 -3.564180612564087
vertex -26.867033004760742 -64.04740142822266 -3.450000047683716
vertex -20.441059112548828 -64.04740142822266 -3.564180612564087
endloop
endfacet
facet normal 0.6468550436735022 0.7626129768592661 0
outer loop
vertex -60.809776306152344 24.87196159362793 0
vertex -60.809776306152344 24.87196159362793 -5.699999809265137
vertex -75.02252197265625 36.927337646484375 0
endloop
endfacet
facet normal 0.9980223563695906 -0.0628599728483083 0
outer loop
vertex -61.10630798339844 20.16395378112793 0
vertex -61.10630798339844 20.16395378112793 -5.699999809265137
vertex -60.809776306152344 24.87196159362793 0
endloop
endfacet
facet normal 0.5460585017525056 -0.8377470457505707 0
outer loop
vertex -63.10454177856445 18.861469268798828 0
vertex -63.10454177856445 18.861469268798828 -5.699999809265137
vertex -61.10630798339844 20.16395378112793 0
endloop
endfacet
facet normal 0.7051570066481637 -0.7090511941848778 0
outer loop
vertex -63.14830017089844 18.817951202392578 0
vertex -63.14830017089844 18.817951202392578 -5.699999809265137
vertex -63.10454177856445 18.861469268798828 0
endloop
endfacet
facet normal 0.8347286435466907 -0.5506615036868853 0
outer loop
vertex -64.32719421386719 17.030906677246094 0
vertex -64.32719421386719 17.030906677246094 -5.699999809265137
vertex -63.14830017089844 18.817951202392578 0
endloop
endfacet
facet normal 0 1 0
outer loop
vertex -20.92769432067871 -64.04740142822266 -3.8893399238586426
vertex -25.806373596191406 -64.04740142822266 -3.8893399238586426
vertex -26.29300880432129 -64.04740142822266 -3.564180612564087
endloop
endfacet
facet normal 0.9293268085214644 -0.36925828760274215 0
outer loop
vertex -64.34998321533203 16.973552703857422 0
vertex -64.34998321533203 16.973552703857422 -5.699999809265137
vertex -64.32719421386719 17.030906677246094 0
endloop
endfacet
facet normal 0 1 0
outer loop
vertex -21.252853393554688 -64.04740142822266 -4.375974655151367
vertex -25.806373596191406 -64.04740142822266 -3.8893399238586426
vertex -20.92769432067871 -64.04740142822266 -3.8893399238586426
endloop
endfacet
facet normal 0.9850441774702852 -0.17230196874060758 0
outer loop
vertex -67.7966537475586 -2.7309391498565674 0
vertex -67.7966537475586 -2.7309391498565674 -1
vertex -64.34998321533203 16.973552703857422 0
endloop
endfacet
facet normal 0.9980223563695906 -0.0628599728483083 0
outer loop
vertex -61.10630798339844 20.16395378112793 -5.699999809265137
vertex -60.809776306152344 24.87196159362793 -5.699999809265137
vertex -60.809776306152344 24.87196159362793 0
endloop
endfacet
facet normal 0.5460585017525056 -0.8377470457505707 0
outer loop
vertex -63.10454177856445 18.861469268798828 -5.699999809265137
vertex -61.10630798339844 20.16395378112793 -5.699999809265137
vertex -61.10630798339844 20.16395378112793 0
endloop
endfacet
facet normal 0.7051570066481637 -0.7090511941848778 0
outer loop
vertex -63.14830017089844 18.817951202392578 -5.699999809265137
vertex -63.10454177856445 18.861469268798828 -5.699999809265137
vertex -63.10454177856445 18.861469268798828 0
endloop
endfacet
facet normal 0.8347286435466907 -0.5506615036868853 0
outer loop
vertex -64.32719421386719 17.030906677246094 -5.699999809265137
vertex -63.14830017089844 18.817951202392578 -5.699999809265137
vertex -63.14830017089844 18.817951202392578 0
endloop
endfacet
facet normal 0 1 0
outer loop
vertex 14.934213638305664 -64.04740142822266 -5.699999809265137
vertex -7.867033958435059 -64.04740142822266 -3.450000047683716
vertex 1.8776553869247437 -64.04740142822266 -1.9500000476837158
endloop
endfacet
facet normal 0.9293268085214644 -0.36925828760274215 0
outer loop
vertex -64.34998321533203 16.973552703857422 -5.699999809265137
vertex -64.32719421386719 17.030906677246094 -5.699999809265137
vertex -64.32719421386719 17.030906677246094 0
endloop
endfacet
facet normal 0.6468550436735022 0.7626129768592661 0
outer loop
vertex -60.809776306152344 24.87196159362793 -5.699999809265137
vertex -75.02252197265625 36.927337646484375 -5.699999809265137
vertex -75.02252197265625 36.927337646484375 0
endloop
endfacet
facet normal 0 1 0
outer loop
vertex 1.8776553869247437 -64.04740142822266 -1.9500000476837158
vertex 9.877655029296875 -64.04740142822266 -1.9500000476837158
vertex 14.934213638305664 -64.04740142822266 -5.699999809265137
endloop
endfacet
facet normal -0.3641462983475678 0.9313417597207613 0
outer loop
vertex 15.03956413269043 -64.00621032714844 -5.699999809265137
vertex 14.934213638305664 -64.04740142822266 -5.699999809265137
vertex 14.934213638305664 -64.04740142822266 0
endloop
endfacet
facet normal -0.6782339004497339 0.7348460901989889 0
outer loop
vertex 17.99555206298828 -61.277950286865234 -5.699999809265137
vertex 15.03956413269043 -64.00621032714844 -5.699999809265137
vertex 15.03956413269043 -64.00621032714844 0
endloop
endfacet
facet normal -0.8992438730742818 0.4374476617132213 0
outer loop
vertex 18.045034408569336 -61.176231384277344 -5.699999809265137
vertex 17.99555206298828 -61.277950286865234 -5.699999809265137
vertex 17.99555206298828 -61.277950286865234 0
endloop
endfacet
facet normal -0.9967957001832325 0.0799895749221051 0
outer loop
vertex 18.054290771484375 -61.060882568359375 -5.699999809265137
vertex 18.045034408569336 -61.176231384277344 -5.699999809265137
vertex 18.045034408569336 -61.176231384277344 0
endloop
endfacet
facet normal -0.6956994598124217 0.7183329740563945 0
outer loop
vertex 20.600982666015625 -58.59443283081055 -5.699999809265137
vertex 18.054290771484375 -61.060882568359375 -5.699999809265137
vertex 18.054290771484375 -61.060882568359375 0
endloop
endfacet
facet normal 0 1 0
outer loop
vertex 14.934213638305664 -64.04740142822266 0
vertex 14.934213638305664 -64.04740142822266 -5.699999809265137
vertex 9.877655029296875 -64.04740142822266 -1.9500000476837158
endloop
endfacet
facet normal 0.9999727612790495 0.007380833283103112 0
outer loop
vertex -53.61552810668945 -51.564605712890625 0
vertex -53.61552810668945 -51.564605712890625 -5.699999809265137
vertex -53.74943923950195 -33.4220085144043 0
endloop
endfacet
facet normal 0.40990097233302564 0.9121300306866561 0
outer loop
vertex -47.24760818481445 -58.13750457763672 0
vertex -47.24760818481445 -58.13750457763672 -5.699999809265137
vertex -49.38227081298828 -57.1782112121582 0
endloop
endfacet
facet normal 0.9850441829289054 -0.1723019375338688 0
outer loop
vertex -64.34998321533203 16.973552703857422 0
vertex -71.07525634765625 -21.474599838256836 -5.699999809265137
vertex -64.34998321533203 16.973552703857422 -5.699999809265137
endloop
endfacet
facet normal 0.5822610551247556 0.8130018841829374 0
outer loop
vertex -49.38227081298828 -57.1782112121582 0
vertex -49.38227081298828 -57.1782112121582 -5.699999809265137
vertex -49.431007385253906 -57.143306732177734 0
endloop
endfacet
facet normal 0 1 0
outer loop
vertex -21.252853393554688 -64.04740142822266 -4.375974655151367
vertex -25.48121452331543 -64.04740142822266 -4.375974655151367
vertex -25.806373596191406 -64.04740142822266 -3.8893399238586426
endloop
endfacet
facet normal -0.048052482339378935 0.9988448122411328 0
outer loop
vertex 30.329051971435547 -58.126434326171875 -5.699999809265137
vertex 20.600982666015625 -58.59443283081055 -5.699999809265137
vertex 20.600982666015625 -58.59443283081055 0
endloop
endfacet
facet normal -0.22169449894942198 0.9751161721228732 0
outer loop
vertex 30.380529403686523 -58.11473083496094 -5.699999809265137
vertex 30.329051971435547 -58.126434326171875 -5.699999809265137
vertex 30.329051971435547 -58.126434326171875 0
endloop
endfacet
facet normal 0.3367404334601614 0.9415975151162319 0
outer loop
vertex -42.49717330932617 -64.04740142822266 0
vertex -42.49717330932617 -64.04740142822266 -5.699999809265137
vertex -42.595157623291016 -64.01235961914062 0
endloop
endfacet
facet normal -0.38859417619520736 0.921409011366379 0
outer loop
vertex 32.063209533691406 -57.40507888793945 -5.699999809265137
vertex 30.380529403686523 -58.11473083496094 -5.699999809265137
vertex 30.380529403686523 -58.11473083496094 0
endloop
endfacet
facet normal -0.5435448700574854 0.8393801130799987 0
outer loop
vertex 32.107521057128906 -57.37638473510742 -5.699999809265137
vertex 32.063209533691406 -57.40507888793945 -5.699999809265137
vertex 32.063209533691406 -57.40507888793945 0
endloop
endfacet
facet normal -0.6817388650003852 0.7315955986390204 0
outer loop
vertex 35.76201629638672 -53.9709358215332 -5.699999809265137
vertex 32.107521057128906 -57.37638473510742 -5.699999809265137
vertex 32.107521057128906 -57.37638473510742 0
endloop
endfacet
facet normal -0.8151741999953437 0.5792158696565137 0
outer loop
vertex 35.797393798828125 -53.921146392822266 -5.699999809265137
vertex 35.76201629638672 -53.9709358215332 -5.699999809265137
vertex 35.76201629638672 -53.9709358215332 0
endloop
endfacet
facet normal -0.915176668949636 0.40305293028366435 0
outer loop
vertex 36.65123748779297 -51.982398986816406 -5.699999809265137
vertex 35.797393798828125 -53.921146392822266 -5.699999809265137
vertex 35.797393798828125 -53.921146392822266 0
endloop
endfacet
facet normal 0.6341555559331539 0.7732054907197133 0
outer loop
vertex -42.595157623291016 -64.01235961914062 0
vertex -42.595157623291016 -64.01235961914062 -5.699999809265137
vertex -45.44084930419922 -61.67842483520508 0
endloop
endfacet
facet normal 0 1 0
outer loop
vertex -21.367033004760742 -64.04740142822266 -4.949999809265137
vertex -25.48121452331543 -64.04740142822266 -4.375974655151367
vertex -21.252853393554688 -64.04740142822266 -4.375974655151367
endloop
endfacet
facet normal -0.9776284304035546 0.2103393735530326 0
outer loop
vertex 36.664085388183594 -51.92268371582031 -5.699999809265137
vertex 36.65123748779297 -51.982398986816406 -5.699999809265137
vertex 36.65123748779297 -51.982398986816406 0
endloop
endfacet
facet normal 0 1 0
outer loop
vertex -39.44105911254883 -64.04740142822266 -3.564180612564087
vertex -42.49717330932617 -64.04740142822266 0
vertex -38.867034912109375 -64.04740142822266 -3.450000047683716
endloop
endfacet
facet normal 0 1 0
outer loop
vertex -21.367033004760742 -64.04740142822266 -4.949999809265137
vertex -25.367033004760742 -64.04740142822266 -4.949999809265137
vertex -25.48121452331543 -64.04740142822266 -4.375974655151367
endloop
endfacet
facet normal 0 -0.894427190999916 0.447213595499958
outer loop
vertex -8.781983375549316 46.437599182128906 7.199999809265137
vertex -8.781983375549316 45.937599182128906 6.199999809265137
vertex 42.797916412353516 46.437599182128906 7.199999809265137
endloop
endfacet
facet normal 0 -0.894427190999916 0.447213595499958
outer loop
vertex 42.797916412353516 46.437599182128906 7.199999809265137
vertex -8.781983375549316 45.937599182128906 6.199999809265137
vertex 42.797916412353516 45.937599182128906 6.199999809265137
endloop
endfacet
facet normal 0.6329464213214911 -0.6329268327345475 0.4458502575315297
outer loop
vertex -9.134191513061523 46.2898063659668 7.199999809265137
vertex -8.781983375549316 45.937599182128906 6.199999809265137
vertex -9.103377342224121 46.320621490478516 7.199999809265137
endloop
endfacet
facet normal 0.5134193727503318 -0.7332239809774006 0.4458510305071733
outer loop
vertex -9.031983375549316 46.37061309814453 7.199999809265137
vertex -9.103377342224121 46.320621490478516 7.199999809265137
vertex -8.781983375549316 45.937599182128906 6.199999809265137
endloop
endfacet
facet normal 0.3782976224166575 -0.8112380170853483 0.4458517562030415
outer loop
vertex -8.952993392944336 46.407447814941406 7.199999809265137
vertex -9.031983375549316 46.37061309814453 7.199999809265137
vertex -8.781983375549316 45.937599182128906 6.199999809265137
endloop
endfacet
facet normal 0.2316595812208756 -0.8646097383846099 0.4458518125106871
outer loop
vertex -8.868807792663574 46.43000411987305 7.199999809265137
vertex -8.952993392944336 46.407447814941406 7.199999809265137
vertex -8.781983375549316 45.937599182128906 6.199999809265137
endloop
endfacet
facet normal 0.0780026229516351 -0.8917020088853294 0.4458510044426647
outer loop
vertex -8.868807792663574 46.43000411987305 7.199999809265137
vertex -8.781983375549316 45.937599182128906 6.199999809265137
vertex -8.781983375549316 46.437599182128906 7.199999809265137
endloop
endfacet
facet normal 0.6324534318545604 -0.6324580374109952 0.4472130224508464
outer loop
vertex -9.336602210998535 46.090087890625 7.199999809265137
vertex -8.984698295593262 45.734886169433594 6.199999809265137
vertex -8.853734970092773 45.865848541259766 6.199999809265137
endloop
endfacet
facet normal 0.6324516705179007 -0.6324600767552142 0.44721262926029404
outer loop
vertex -8.781983375549316 45.937599182128906 6.199999809265137
vertex -9.336602210998535 46.090087890625 7.199999809265137
vertex -8.853734970092773 45.865848541259766 6.199999809265137
endloop
endfacet
facet normal 0.6286878795581127 -0.6371626474121502 0.4458422488273899
outer loop
vertex -9.336602210998535 46.090087890625 7.199999809265137
vertex -8.781983375549316 45.937599182128906 6.199999809265137
vertex -9.134191513061523 46.2898063659668 7.199999809265137
endloop
endfacet
facet normal 0.632460221060989 -0.6324512608394927 0.4472130045493096
outer loop
vertex -9.186641693115234 45.53293991088867 6.199999809265137
vertex -8.984698295593262 45.734886169433594 6.199999809265137
vertex -9.336602210998535 46.090087890625 7.199999809265137
endloop
endfacet
facet normal 0.6305991636027182 -0.6339245698815501 0.44775477056536633
outer loop
vertex -9.336602210998535 46.090087890625 7.199999809265137
vertex -9.535490989685059 45.892242431640625 7.199999809265137
vertex -9.186641693115234 45.53293991088867 6.199999809265137
endloop
endfacet
facet normal 0.889953414701193 -0.07786114837538448 0.44935571792885015
outer loop
vertex -9.68443775177002 45.61437225341797 7.199999809265137
vertex -9.692033767700195 45.527549743652344 7.199999809265137
vertex -9.186641693115234 45.53293991088867 6.199999809265137
endloop
endfacet
facet normal 0.8632907476747375 -0.23131333606813365 0.44857911847992155
outer loop
vertex -9.661880493164062 45.69855880737305 7.199999809265137
vertex -9.68443775177002 45.61437225341797 7.199999809265137
vertex -9.186641693115234 45.53293991088867 6.199999809265137
endloop
endfacet
facet normal 0.892406211085964 -0.016661376842515552 0.45092521878567127
outer loop
vertex -9.692033767700195 45.527549743652344 7.199999809265137
vertex -9.192033767700195 45.24413299560547 6.199999809265137
vertex -9.186641693115234 45.53293991088867 6.199999809265137
endloop
endfacet
facet normal 0.8944271909999159 0 0.4472135954999579
outer loop
vertex -9.692033767700195 45.527549743652344 7.199999809265137
vertex -9.692033767700195 45.248802185058594 7.199999809265137
vertex -9.192033767700195 45.24413299560547 6.199999809265137
endloop
endfacet
facet normal 0.894271330807523 -0.016696227040965208 0.4472136211010778
outer loop
vertex -9.653694152832031 36.58820724487305 6.800000190734863
vertex -9.355031967163086 36.51374053955078 6.199999809265137
vertex -9.692033767700195 45.248802185058594 7.199999809265137
endloop
endfacet
facet normal 0.8942712963464091 -0.01669623037047791 0.447213689886981
outer loop
vertex -9.851849555969238 36.688865661621094 7.199999809265137
vertex -9.653694152832031 36.58820724487305 6.800000190734863
vertex -9.692033767700195 45.248802185058594 7.199999809265137
endloop
endfacet
facet normal 0.8942713299435799 -0.01669622727108879 0.4472136228200711
outer loop
vertex -9.692033767700195 45.248802185058594 7.199999809265137
vertex -9.355031967163086 36.51374053955078 6.199999809265137
vertex -9.192033767700195 45.24413299560547 6.199999809265137
endloop
endfacet
facet normal 0.797432079213704 -0.40509420822204517 0.44721444688858525
outer loop
vertex -9.653694152832031 36.58820724487305 6.800000190734863
vertex -9.41741943359375 36.39093017578125 6.199999809265137
vertex -9.355031967163086 36.51374053955078 6.199999809265137
endloop
endfacet
facet normal 0.540892387417302 -0.7123448393068135 0.44721388076284174
outer loop
vertex -11.071296691894531 35.1351203918457 6.199999809265137
vertex -9.41741943359375 36.39093017578125 6.199999809265137
vertex -9.653694152832031 36.58820724487305 6.800000190734863
endloop
endfacet
facet normal 0.5408895316620957 -0.7123451890224798 0.44721677765361867
outer loop
vertex -11.148186683654785 35.30557632446289 6.564504146575928
vertex -11.071296691894531 35.1351203918457 6.199999809265137
vertex -9.851849555969238 36.688865661621094 7.199999809265137
endloop
endfacet
facet normal 0.5408936503692119 -0.7123452020838931 0.44721177540213136
outer loop
vertex -9.851849555969238 36.688865661621094 7.199999809265137
vertex -11.071296691894531 35.1351203918457 6.199999809265137
vertex -9.653694152832031 36.58820724487305 6.800000190734863
endloop
endfacet
facet normal 0.5408918458746047 -0.7123456988345491 0.44721316664235294
outer loop
vertex -11.148186683654785 35.30557632446289 6.564504146575928
vertex -9.851849555969238 36.688865661621094 7.199999809265137
vertex -11.216339111328125 35.652793884277344 7.199999809265137
endloop
endfacet
facet normal 0.17600145428815228 -0.8769386523708143 0.44721593002319965
outer loop
vertex -11.148186683654785 35.30557632446289 6.564504146575928
vertex -11.15414810180664 35.118492126464844 6.199999809265137
vertex -11.071296691894531 35.1351203918457 6.199999809265137
endloop
endfacet
facet normal -0.23155651172744166 -0.8646381675546999 0.44585022270294955
outer loop
vertex -25.097421646118164 39.3702507019043 7.199999809265137
vertex -25.226337432861328 38.88912582397461 6.199999809265137
vertex -11.216339111328125 35.652793884277344 7.199999809265137
endloop
endfacet
facet normal -0.2314944218470131 -0.8639479806245929 0.4472183129394473
outer loop
vertex -22.092485427856445 38.04941177368164 6.199999809265137
vertex -11.148186683654785 35.30557632446289 6.564504146575928
vertex -25.226337432861328 38.88912582397461 6.199999809265137
endloop
endfacet
facet normal -0.23149481017918944 -0.8639501002268659 0.44721401719768256
outer loop
vertex -11.148186683654785 35.30557632446289 6.564504146575928
vertex -22.092485427856445 38.04941177368164 6.199999809265137
vertex -11.15414810180664 35.118492126464844 6.199999809265137
endloop
endfacet
facet normal -0.23149495449694288 -0.8639506198083117 0.44721293873868667
outer loop
vertex -11.216339111328125 35.652793884277344 7.199999809265137
vertex -25.226337432861328 38.88912582397461 6.199999809265137
vertex -11.148186683654785 35.30557632446289 6.564504146575928
endloop
endfacet
facet normal 0.3828463897447773 -0.8092013860665291 0.4456700109356677
outer loop
vertex -25.48149299621582 39.31916046142578 7.199999809265137
vertex -25.226337432861328 38.88912582397461 6.199999809265137
vertex -25.397348403930664 39.358970642089844 7.199999809265137
endloop
endfacet
facet normal 0.23165746197777948 -0.8646116232686648 0.44584925840326123
outer loop
vertex -25.397348403930664 39.358970642089844 7.199999809265137
vertex -25.226337432861328 38.88912582397461 6.199999809265137
vertex -25.313161849975586 39.381526947021484 7.199999809265137
endloop
endfacet
facet normal 0.07804156201122066 -0.8916992832110381 0.44584964160551904
outer loop
vertex -25.313161849975586 39.381526947021484 7.199999809265137
vertex -25.226337432861328 38.88912582397461 6.199999809265137
vertex -25.226337432861328 39.38912582397461 7.199999809265137
endloop
endfacet
facet normal -0.07804156201122066 -0.8916992832110381 0.44584964160551904
outer loop
vertex -25.226337432861328 39.38912582397461 7.199999809265137
vertex -25.226337432861328 38.88912582397461 6.199999809265137
vertex -25.13951301574707 39.381526947021484 7.199999809265137
endloop
endfacet
facet normal -0.23163057612275892 -0.8646183277870507 0.4458502253669531
outer loop
vertex -25.13951301574707 39.381526947021484 7.199999809265137
vertex -25.226337432861328 38.88912582397461 6.199999809265137
vertex -25.097421646118164 39.3702507019043 7.199999809265137
endloop
endfacet
facet normal 0.4472164218828403 -0.774595565312311 0.44721268116726154
outer loop
vertex -25.48149299621582 39.31916046142578 7.199999809265137
vertex -25.408689498901367 38.783843994140625 6.199999809265137
vertex -25.226337432861328 38.88912582397461 6.199999809265137
endloop
endfacet
facet normal -0.22410990626491117 -0.8658947795803752 0.4472146918532374
outer loop
vertex -34.80716323852539 41.21634292602539 6.199999809265137
vertex -25.48149299621582 39.31916046142578 7.199999809265137
vertex -41.57479476928711 42.967933654785156 6.199999809265137
endloop
endfacet
facet normal -0.22411002204895136 -0.8658959015007911 0.4472124615675984
outer loop
vertex -41.45460891723633 43.24671173095703 6.800000190734863
vertex -41.57479476928711 42.967933654785156 6.199999809265137
vertex -25.48149299621582 39.31916046142578 7.199999809265137
endloop
endfacet
facet normal -0.22411009007581364 -0.8658962504424665 0.44721175185351286
outer loop
vertex -41.34299087524414 43.42441177368164 7.199999809265137
vertex -41.45460891723633 43.24671173095703 6.800000190734863
vertex -25.48149299621582 39.31916046142578 7.199999809265137
endloop
endfacet
facet normal -0.22410990153456561 -0.8658959709101823 0.4472123875695751
outer loop
vertex -25.48149299621582 39.31916046142578 7.199999809265137
vertex -34.80716323852539 41.21634292602539 6.199999809265137
vertex -25.408689498901367 38.783843994140625 6.199999809265137
endloop
endfacet
facet normal -0.4757129434466986 -0.7574280427547266 0.44721354573181493
outer loop
vertex -41.45460891723633 43.24671173095703 6.800000190734863
vertex -41.6535530090332 43.017398834228516 6.199999809265137
vertex -41.57479476928711 42.967933654785156 6.199999809265137
endloop
endfacet
facet normal -0.6827059378549161 -0.57785057883571 0.4472150611918993
outer loop
vertex -42.27547073364258 44.21652603149414 6.800000190734863
vertex -42.53450012207031 44.05820083618164 6.199999809265137
vertex -41.34299087524414 43.42441177368164 7.199999809265137
endloop
endfacet
facet normal -0.682708114223888 -0.577848466528018 0.4472144681291971
outer loop
vertex -41.999820709228516 43.4265022277832 6.199999809265137
vertex -41.6535530090332 43.017398834228516 6.199999809265137
vertex -41.45460891723633 43.24671173095703 6.800000190734863
endloop
endfacet
facet normal -0.6827054912883386 -0.5778524226155668 0.44721336053618604
outer loop
vertex -42.53450012207031 44.05820083618164 6.199999809265137
vertex -41.999820709228516 43.4265022277832 6.199999809265137
vertex -41.34299087524414 43.42441177368164 7.199999809265137
endloop
endfacet
facet normal -0.6827087491490291 -0.5778469085585461 0.44721551192316567
outer loop
vertex -41.45460891723633 43.24671173095703 6.800000190734863
vertex -41.34299087524414 43.42441177368164 7.199999809265137
vertex -41.999820709228516 43.4265022277832 6.199999809265137
endloop
endfacet
facet normal -0.6827060231807034 -0.5778510571540947 0.44721431289560026
outer loop
vertex -42.27547073364258 44.21652603149414 6.800000190734863
vertex -41.34299087524414 43.42441177368164 7.199999809265137
vertex -42.08176803588867 44.297245025634766 7.199999809265137
endloop
endfacet
facet normal -0.8256132806402318 -0.3440391622236878 0.4472133335298681
outer loop
vertex -42.570274353027344 44.14405059814453 6.199999809265137
vertex -42.53450012207031 44.05820083618164 6.199999809265137
vertex -42.27547073364258 44.21652603149414 6.800000190734863
endloop
endfacet
facet normal -0.8910012246490727 -0.07815163138970208 0.44722381442067777
outer loop
vertex -42.58176803588867 44.275089263916016 6.199999809265137
vertex -42.570274353027344 44.14405059814453 6.199999809265137
vertex -42.27547073364258 44.21652603149414 6.800000190734863
endloop
endfacet
facet normal -0.8910033546511076 -0.0780824563987878 0.44723165362394
outer loop
vertex -42.58176803588867 44.275089263916016 6.199999809265137
vertex -42.27547073364258 44.21652603149414 6.800000190734863
vertex -42.08176803588867 44.297245025634766 7.199999809265137
endloop
endfacet
facet normal 0 0 1
outer loop
vertex -42.59489440917969 44.42513656616211 6.199999809265137
vertex -42.58517074584961 44.313961029052734 6.199999809265137
vertex -42.58176803588867 44.275089263916016 6.199999809265137
endloop
endfacet
facet normal -0.8910140157738738 -0.0779473033070092 0.4472339897656261
outer loop
vertex -42.59489440917969 44.42513656616211 6.199999809265137
vertex -42.58176803588867 44.275089263916016 6.199999809265137
vertex -42.08176803588867 44.297245025634766 7.199999809265137
endloop
endfacet
facet normal -0.8910111820179585 -0.078099756555078 0.4472130382099766
outer loop
vertex -42.08176803588867 44.297245025634766 7.199999809265137
vertex -42.096797943115234 44.46871566772461 7.199999809265137
vertex -42.59489440917969 44.42513656616211 6.199999809265137
endloop
endfacet
facet normal -0.6329168676158927 -0.6329560453854759 0.445850741052727
outer loop
vertex -42.273502349853516 44.80815887451172 7.199999809265137
vertex -42.59489440917969 44.42513656616211 6.199999809265137
vertex -42.21187210083008 44.74653244018555 7.199999809265137
endloop
endfacet
facet normal -0.7332491296758298 -0.5133840882278304 0.4458503019894875
outer loop
vertex -42.21187210083008 44.74653244018555 7.199999809265137
vertex -42.59489440917969 44.42513656616211 6.199999809265137
vertex -42.16188430786133 44.67513656616211 7.199999809265137
endloop
endfacet
facet normal -0.8869399583757598 -0.11680350691144124 0.446871850768869
outer loop
vertex -42.10249328613281 44.511962890625 7.199999809265137
vertex -42.59489440917969 44.42513656616211 6.199999809265137
vertex -42.096797943115234 44.46871566772461 7.199999809265137
endloop
endfacet
facet normal -0.8112336921867728 -0.3783093080148497 0.4458497102503736
outer loop
vertex -42.16188430786133 44.67513656616211 7.199999809265137
vertex -42.59489440917969 44.42513656616211 6.199999809265137
vertex -42.12504959106445 44.59614944458008 7.199999809265137
endloop
endfacet
facet normal -0.8646114529408474 -0.2316574163414396 0.44584961242276033
outer loop
vertex -42.12504959106445 44.59614944458008 7.199999809265137
vertex -42.59489440917969 44.42513656616211 6.199999809265137
vertex -42.10249328613281 44.511962890625 7.199999809265137
endloop
endfacet
facet normal -0.5749271453851276 -0.685171112224451 0.447212840236522
outer loop
vertex -42.70988082885742 44.52228927612305 6.201022624969482
vertex -42.59489440917969 44.42513656616211 6.199999809265137
vertex -42.273502349853516 44.80815887451172 7.199999809265137
endloop
endfacet
facet normal -0.5749277880499548 -0.6851705034376272 0.4472129467569278
outer loop
vertex -42.38867950439453 44.90480422973633 7.199999809265137
vertex -42.70988082885742 44.52228927612305 6.201022624969482
vertex -42.273502349853516 44.80815887451172 7.199999809265137
endloop
endfacet
facet normal -0.5749546996555353 -0.6851953951339156 0.4471402060106992
outer loop
vertex -55.74050521850586 56.10832977294922 7.199999809265137
vertex -45.81072998046875 47.12357711791992 6.199999809265137
vertex -42.70988082885742 44.52228927612305 6.201022624969482
endloop
endfacet
facet normal -0.5749273315373976 -0.6851708865533639 0.44721294667190103
outer loop
vertex -55.74050521850586 56.10832977294922 7.199999809265137
vertex -42.70988082885742 44.52228927612305 6.201022624969482
vertex -42.38867950439453 44.90480422973633 7.199999809265137
endloop
endfacet
facet normal -0.5749261606358942 -0.6851719385256354 0.44721284023772506
outer loop
vertex -56.06189727783203 55.72530746459961 6.199999809265137
vertex -45.81072998046875 47.12357711791992 6.199999809265137
vertex -55.74050521850586 56.10832977294922 7.199999809265137
endloop
endfacet
facet normal 0.07804326601463563 -0.8916991639021621 0.44584958195108104
outer loop
vertex -56.105308532714844 56.22150802612305 7.199999809265137
vertex -56.06189727783203 55.72530746459961 6.199999809265137
vertex -56.06189727783203 56.22530746459961 7.199999809265137
endloop
endfacet
facet normal -0.0780043261152452 -0.8917018896951184 0.4458509448475592
outer loop
vertex -56.06189727783203 56.22530746459961 7.199999809265137
vertex -56.06189727783203 55.72530746459961 6.199999809265137
vertex -55.975074768066406 56.21771240234375 7.199999809265137
endloop
endfacet
facet normal -0.23169389021563808 -0.8646013634036044 0.4458502255661338
outer loop
vertex -55.975074768066406 56.21771240234375 7.199999809265137
vertex -56.06189727783203 55.72530746459961 6.199999809265137
vertex -55.89088821411133 56.195152282714844 7.199999809265137
endloop
endfacet
facet normal -0.3782619818231103 -0.8112553969561 0.4458503717805488
outer loop
vertex -55.89088821411133 56.195152282714844 7.199999809265137
vertex -56.06189727783203 55.72530746459961 6.199999809265137
vertex -55.81189727783203 56.158321380615234 7.199999809265137
endloop
endfacet
facet normal -0.513428688715645 -0.7332176962467223 0.4458506381226595
outer loop
vertex -55.81189727783203 56.158321380615234 7.199999809265137
vertex -56.06189727783203 55.72530746459961 6.199999809265137
vertex -55.74050521850586 56.10832977294922 7.199999809265137
endloop
endfacet
facet normal 0.07801265008157143 -0.8917018428336551 0.44584958216231846
outer loop
vertex -56.06189727783203 55.72530746459961 6.199999809265137
vertex -56.105308532714844 56.22150802612305 7.199999809265137
vertex -56.639591217041016 55.674766540527344 6.199999809265137
endloop
endfacet
facet normal 0.07801265008157143 -0.8917018428336551 0.44584958216231846
outer loop
vertex -56.105308532714844 56.22150802612305 7.199999809265137
vertex -56.68300247192383 56.17096710205078 7.199999809265137
vertex -56.639591217041016 55.674766540527344 6.199999809265137
endloop
endfacet
facet normal 0.6329367974285492 -0.6329367974285492 0.4458497739393656
outer loop
vertex -56.96098327636719 56.05778884887695 7.199999809265137
vertex -57.022613525390625 55.996158599853516 7.199999809265137
vertex -56.639591217041016 55.674766540527344 6.199999809265137
endloop
endfacet
facet normal 0.5134027197577236 -0.7332365613755949 0.44584951767100267
outer loop
vertex -56.96098327636719 56.05778884887695 7.199999809265137
vertex -56.639591217041016 55.674766540527344 6.199999809265137
vertex -56.889591217041016 56.1077766418457 7.199999809265137
endloop
endfacet
facet normal 0.3782944232887592 -0.8112409510190903 0.4458491322165683
outer loop
vertex -56.889591217041016 56.1077766418457 7.199999809265137
vertex -56.639591217041016 55.674766540527344 6.199999809265137
vertex -56.81060028076172 56.14461135864258 7.199999809265137
endloop
endfacet
facet normal 0.2316575076141011 -0.8646117935964142 0.44584890438355285
outer loop
vertex -56.72641372680664 56.16716766357422 7.199999809265137
vertex -56.81060028076172 56.14461135864258 7.199999809265137
vertex -56.639591217041016 55.674766540527344 6.199999809265137
endloop
endfacet
facet normal 0.07804326601463563 -0.8916991639021621 0.44584958195108104
outer loop
vertex -56.72641372680664 56.16716766357422 7.199999809265137
vertex -56.639591217041016 55.674766540527344 6.199999809265137
vertex -56.68300247192383 56.17096710205078 7.199999809265137
endloop
endfacet
facet normal 0.6851728596709395 -0.5749266893463179 0.44721074925322335
outer loop
vertex -68.32276153564453 42.52912902832031 7.199999809265137
vertex -67.93974304199219 42.20773696899414 6.199999809265137
vertex -57.022613525390625 55.996158599853516 7.199999809265137
endloop
endfacet
facet normal 0.6851679069379629 -0.5749236057783845 0.44722230134579755
outer loop
vertex -57.022613525390625 55.996158599853516 7.199999809265137
vertex -67.93974304199219 42.20773696899414 6.199999809265137
vertex -64.60948944091797 46.17658233642578 6.199999809265137
endloop
endfacet
facet normal 0.68517214390084 -0.5749259158784449 0.44721284023790936
outer loop
vertex -57.022613525390625 55.996158599853516 7.199999809265137
vertex -64.60948944091797 46.17658233642578 6.199999809265137
vertex -56.639591217041016 55.674766540527344 6.199999809265137
endloop
endfacet
facet normal 0.89169964109078 0.07803645044604313 0.44584982054539
outer loop
vertex -68.43594360351562 42.16432189941406 7.199999809265137
vertex -67.93974304199219 42.20773696899414 6.199999809265137
vertex -68.43974304199219 42.20773696899414 7.199999809265137
endloop
endfacet
facet normal 0.8916991639021621 -0.07804326601463563 0.44584958195108104
outer loop
vertex -68.43214416503906 42.294559478759766 7.199999809265137
vertex -68.43974304199219 42.20773696899414 7.199999809265137
vertex -67.93974304199219 42.20773696899414 6.199999809265137
endloop
endfacet
facet normal 0.8646026347978819 -0.23169423092096034 0.4458475829905382
outer loop
vertex -68.40958404541016 42.378746032714844 7.199999809265137
vertex -68.43214416503906 42.294559478759766 7.199999809265137
vertex -67.93974304199219 42.20773696899414 6.199999809265137
endloop
endfacet
facet normal 0.8112709617707354 -0.37823006060436953 0.44584913125720094
outer loop
vertex -68.37275695800781 42.45773696899414 7.199999809265137
vertex -68.40958404541016 42.378746032714844 7.199999809265137
vertex -67.93974304199219 42.20773696899414 6.199999809265137
endloop
endfacet
facet normal 0.7331997456424555 -0.513455296093509 0.4458495171056771
outer loop
vertex -68.37275695800781 42.45773696899414 7.199999809265137
vertex -67.93974304199219 42.20773696899414 6.199999809265137
vertex -68.32276153564453 42.52912902832031 7.199999809265137
endloop
endfacet
facet normal 0.8917012132672487 0.07801848318987213 0.4458498206105597
outer loop
vertex -68.43594360351562 42.16432189941406 7.199999809265137
vertex -67.88919830322266 41.630043029785156 6.199999809265137
vertex -67.93974304199219 42.20773696899414 6.199999809265137
endloop
endfacet
facet normal 0.8917012868567088 0.0780190048128699 0.44584958215310555
outer loop
vertex -68.43594360351562 42.16432189941406 7.199999809265137
vertex -68.3853988647461 41.586631774902344 7.199999809265137
vertex -67.88919830322266 41.630043029785156 6.199999809265137
endloop
endfacet
facet normal 0.7332356469736245 0.5134020795053367 0.44585175873463373
outer loop
vertex -68.32221221923828 41.380043029785156 7.199999809265137
vertex -68.27222442626953 41.308650970458984 7.199999809265137
vertex -67.88919830322266 41.630043029785156 6.199999809265137
endloop
endfacet
facet normal 0.6329361160792808 0.6329361160792808 0.44585170844682276
outer loop
vertex -67.88919830322266 41.630043029785156 6.199999809265137
vertex -68.27222442626953 41.308650970458984 7.199999809265137
vertex -68.2105941772461 41.24702072143555 7.199999809265137
endloop
endfacet
facet normal 0.8646209513488825 0.231620783197 0.44585022516509043
outer loop
vertex -68.38159942626953 41.54322052001953 7.199999809265137
vertex -68.35904693603516 41.45903396606445 7.199999809265137
vertex -67.88919830322266 41.630043029785156 6.199999809265137
endloop
endfacet
facet normal 0.8112398317143498 0.3782939013393423 0.44585161169332277
outer loop
vertex -68.32221221923828 41.380043029785156 7.199999809265137
vertex -67.88919830322266 41.630043029785156 6.199999809265137
vertex -68.35904693603516 41.45903396606445 7.199999809265137
endloop
endfacet
facet normal 0.8916991639021621 0.07804326601463563 0.44584958195108104
outer loop
vertex -68.38159942626953 41.54322052001953 7.199999809265137
vertex -67.88919830322266 41.630043029785156 6.199999809265137
vertex -68.3853988647461 41.586631774902344 7.199999809265137
endloop
endfacet
facet normal 0.5749252313046707 0.6851708907401359 0.44721564025829813
outer loop
vertex -68.2105941772461 41.24702072143555 7.199999809265137
vertex -54.74356460571289 29.946868896484375 7.199999809265137
vertex -54.42216873168945 30.329893112182617 6.199999809265137
endloop
endfacet
facet normal 0.5749267452388491 0.6851733223825813 0.447209968475971
outer loop
vertex -54.42216873168945 30.329893112182617 6.199999809265137
vertex -60.362937927246094 35.31477355957031 6.199999809265137
vertex -68.2105941772461 41.24702072143555 7.199999809265137
endloop
endfacet
facet normal 0.5749257092754217 0.6851711720707656 0.447214594772271
outer loop
vertex -60.362937927246094 35.31477355957031 6.199999809265137
vertex -67.88919830322266 41.630043029785156 6.199999809265137
vertex -68.2105941772461 41.24702072143555 7.199999809265137
endloop
endfacet
facet normal 0.3805563374185279 0.8161120806390115 0.43489992628840396
outer loop
vertex -54.508995056152344 29.837488174438477 7.199999809265137
vertex -54.42216873168945 30.329893112182617 6.199999809265137
vertex -54.74356460571289 29.946868896484375 7.199999809265137
endloop
endfacet
facet normal 0.07800091986217025 0.8917021280677333 0.44585106403386665
outer loop
vertex -54.42216873168945 29.829893112182617 7.199999809265137
vertex -54.42216873168945 30.329893112182617 6.199999809265137
vertex -54.508995056152344 29.837488174438477 7.199999809265137
endloop
endfacet
facet normal -0.0780043261152452 0.8917018896951184 0.4458509448475592
outer loop
vertex -54.42216873168945 30.329893112182617 6.199999809265137
vertex -54.42216873168945 29.829893112182617 7.199999809265137
vertex -54.37875747680664 29.833690643310547 7.199999809265137
endloop
endfacet
facet normal -0.07801551265429013 0.8917009110421558 0.4458509448592407
outer loop
vertex -53.84447479248047 30.380435943603516 6.199999809265137
vertex -54.42216873168945 30.329893112182617 6.199999809265137
vertex -54.37875747680664 29.833690643310547 7.199999809265137
endloop
endfacet
facet normal -0.07801551265429013 0.8917009110421558 0.4458509448592407
outer loop
vertex -53.84447479248047 30.380435943603516 6.199999809265137
vertex -54.37875747680664 29.833690643310547 7.199999809265137
vertex -53.801063537597656 29.884233474731445 7.199999809265137
endloop
endfacet
facet normal -0.0780043261152452 0.8917018896951184 0.4458509448475592
outer loop
vertex -53.757652282714844 29.888031005859375 7.199999809265137
vertex -53.84447479248047 30.380435943603516 6.199999809265137
vertex -53.801063537597656 29.884233474731445 7.199999809265137
endloop
endfacet
facet normal -0.2316755287256868 0.8646059429182688 0.4458508863511264
outer loop
vertex -53.673465728759766 29.91058921813965 7.199999809265137
vertex -53.84447479248047 30.380435943603516 6.199999809265137
vertex -53.757652282714844 29.888031005859375 7.199999809265137
endloop
endfacet
facet normal -0.3782779417940396 0.8112476143886054 0.4458509918132536
outer loop
vertex -53.59447479248047 29.94742202758789 7.199999809265137
vertex -53.84447479248047 30.380435943603516 6.199999809265137
vertex -53.673465728759766 29.91058921813965 7.199999809265137
endloop
endfacet
facet normal -0.513428688715645 0.7332176962467223 0.4458506381226595
outer loop
vertex -53.84447479248047 30.380435943603516 6.199999809265137
vertex -53.59447479248047 29.94742202758789 7.199999809265137
vertex -53.5230827331543 29.997413635253906 7.199999809265137
endloop
endfacet
facet normal -0.6329268327345475 0.6329464213214911 0.4458502575315297
outer loop
vertex -53.46145248413086 30.05904197692871 7.199999809265137
vertex -53.84447479248047 30.380435943603516 6.199999809265137
vertex -53.5230827331543 29.997413635253906 7.199999809265137
endloop
endfacet
facet normal -0.6851735700179367 0.5749235338956531 0.44721371750183325
outer loop
vertex -49.722808837890625 35.2924919128418 6.199999809265137
vertex -53.84447479248047 30.380435943603516 6.199999809265137
vertex -53.46145248413086 30.05904197692871 7.199999809265137
endloop
endfacet
facet normal -0.6851730235095456 0.5749235028099856 0.4472145947657389
outer loop
vertex -48.971492767333984 36.18788146972656 6.199999809265137
vertex -53.46145248413086 30.05904197692871 7.199999809265137
vertex -48.588470458984375 35.866485595703125 7.199999809265137
endloop
endfacet
facet normal -0.6851704779077658 0.5749224872736917 0.4472198003562404
outer loop
vertex -49.722808837890625 35.2924919128418 6.199999809265137
vertex -53.46145248413086 30.05904197692871 7.199999809265137
vertex -48.971492767333984 36.18788146972656 6.199999809265137
endloop
endfacet
facet normal -0.6851636829328244 0.5749334839726852 0.44721607372383027
outer loop
vertex -47.82903289794922 37.08271408081055 6.799973011016846
vertex -47.99102783203125 37.356353759765625 6.199999809265137
vertex -47.77899932861328 36.8311767578125 7.199999809265137
endloop
endfacet
facet normal -0.6851709388674635 0.5749259871963099 0.44721459477283065
outer loop
vertex -48.574337005615234 36.66119384765625 6.199999809265137
vertex -48.971492767333984 36.18788146972656 6.199999809265137
vertex -48.588470458984375 35.866485595703125 7.199999809265137
endloop
endfacet
facet normal -0.6851700261363347 0.5749266532032413 0.44721513695407766
outer loop
vertex -47.99102783203125 37.356353759765625 6.199999809265137
vertex -48.574337005615234 36.66119384765625 6.199999809265137
vertex -48.588470458984375 35.866485595703125 7.199999809265137
endloop
endfacet
facet normal -0.6851711771657343 0.5749262655887764 0.44721387178559824
outer loop
vertex -47.77899932861328 36.8311767578125 7.199999809265137
vertex -47.99102783203125 37.356353759765625 6.199999809265137
vertex -48.588470458984375 35.866485595703125 7.199999809265137
endloop
endfacet
facet normal -0.17450596016306488 0.8772388822428943 0.4472131632105706
outer loop
vertex -47.895660400390625 37.37532424926758 6.199999809265137
vertex -47.82903289794922 37.08271408081055 6.799973011016846
vertex -47.78409194946289 37.397518157958984 6.199999809265137
endloop
endfacet
facet normal -0.17450057757891108 0.8772399838071138 0.4472131027091234
outer loop
vertex -47.895660400390625 37.37532424926758 6.199999809265137
vertex -47.99102783203125 37.356353759765625 6.199999809265137
vertex -47.82903289794922 37.08271408081055 6.799973011016846
endloop
endfacet
facet normal 0.4129989510370951 0.793367127550799 0.4472141180285496
outer loop
vertex -47.77899932861328 36.8311767578125 7.199999809265137
vertex -44.74931716918945 35.81772232055664 6.199999809265137
vertex -47.82903289794922 37.08271408081055 6.799973011016846
endloop
endfacet
facet normal 0.4129987296014526 0.7933682784938173 0.447212280720625
outer loop
vertex -44.98137283325195 35.600379943847656 6.799874305725098
vertex -44.74931716918945 35.81772232055664 6.199999809265137
vertex -47.77899932861328 36.8311767578125 7.199999809265137
endloop
endfacet
facet normal 0.41299861647051844 0.7933675907264803 0.4472136053143931
outer loop
vertex -45.2161750793457 35.49706268310547 7.199999809265137
vertex -44.98137283325195 35.600379943847656 6.799874305725098
vertex -47.77899932861328 36.8311767578125 7.199999809265137
endloop
endfacet
facet normal 0.41299897899953797 0.7933676340148947 0.44721319372637847
outer loop
vertex -44.74931716918945 35.81772232055664 6.199999809265137
vertex -47.78409194946289 37.397518157958984 6.199999809265137
vertex -47.82903289794922 37.08271408081055 6.799973011016846
endloop
endfacet
facet normal 0.8186796266732884 0.36022744621900704 0.44721343434719996
outer loop
vertex -44.98137283325195 35.600379943847656 6.799874305725098
vertex -44.66435623168945 35.6246337890625 6.199999809265137
vertex -44.74931716918945 35.81772232055664 6.199999809265137
endloop
endfacet
facet normal 0.8646338579212564 -0.23157192057903453 0.4458505773636971
outer loop
vertex -47.27855682373047 25.868295669555664 6.199999809265137
vertex -44.98137283325195 35.600379943847656 6.799874305725098
vertex -47.759681701660156 25.99721336364746 7.199999809265137
endloop
endfacet
facet normal 0.8639504090483806 -0.23149460823960447 0.44721352513215423
outer loop
vertex -44.98137283325195 35.600379943847656 6.799874305725098
vertex -47.27855682373047 25.868295669555664 6.199999809265137
vertex -44.66435623168945 35.6246337890625 6.199999809265137
endloop
endfacet
facet normal 0.863969715343612 -0.2313207945261372 0.44726616347413833
outer loop
vertex -45.2161750793457 35.49706268310547 7.199999809265137
vertex -47.759681701660156 25.99721336364746 7.199999809265137
vertex -44.98137283325195 35.600379943847656 6.799874305725098
endloop
endfacet
facet normal 0.8697973585921951 0.23305727564817727 0.43489867929609755
outer loop
vertex -47.77855682373047 25.868295669555664 7.199999809265137
vertex -47.711570739746094 25.618295669555664 7.199999809265137
vertex -47.27855682373047 25.868295669555664 6.199999809265137
endloop
endfacet
facet normal 0.8868550788577456 -0.12984639533031883 0.4434275394288728
outer loop
vertex -47.77855682373047 25.868295669555664 7.199999809265137
vertex -47.27855682373047 25.868295669555664 6.199999809265137
vertex -47.759681701660156 25.99721336364746 7.199999809265137
endloop
endfacet
facet normal 0.7745971606062936 0.4472125092211149 0.4472138307083334
outer loop
vertex -46.988609313964844 25.3660888671875 6.199999809265137
vertex -47.16373062133789 25.669408798217773 6.199999809265137
vertex -47.711570739746094 25.618295669555664 7.199999809265137
endloop
endfacet
facet normal 0.7745983440967632 0.4472099421841815 0.4472143478626034
outer loop
vertex -47.16373062133789 25.669408798217773 6.199999809265137
vertex -47.27855682373047 25.868295669555664 6.199999809265137
vertex -47.711570739746094 25.618295669555664 7.199999809265137
endloop
endfacet
facet normal 0.7745959699043137 0.4472164182928054 0.4472119839822611
outer loop
vertex -47.4216194152832 25.1160888671875 7.199999809265137
vertex -46.988609313964844 25.3660888671875 6.199999809265137
vertex -47.711570739746094 25.618295669555664 7.199999809265137
endloop
endfacet
facet normal 0.3782941623142336 0.8112403913671121 0.44585037195622845
outer loop
vertex -47.238609313964844 24.933076858520508 7.199999809265137
vertex -47.15961837768555 24.896242141723633 7.199999809265137
vertex -46.988609313964844 25.3660888671875 6.199999809265137
endloop
endfacet
facet normal 0.23166708591743781 0.864608363271777 0.4458505797495629
outer loop
vertex -46.988609313964844 25.3660888671875 6.199999809265137
vertex -47.15961837768555 24.896242141723633 7.199999809265137
vertex -47.11752700805664 24.884963989257812 7.199999809265137
endloop
endfacet
facet normal 0.5134157044699232 0.7332271287843576 0.4458500779615268
outer loop
vertex -46.988609313964844 25.3660888671875 6.199999809265137
vertex -47.310001373291016 24.98306655883789 7.199999809265137
vertex -47.238609313964844 24.933076858520508 7.199999809265137
endloop
endfacet
facet normal 0.6329268327345475 0.6329464213214911 0.4458502575315297
outer loop
vertex -47.37163162231445 25.044694900512695 7.199999809265137
vertex -47.310001373291016 24.98306655883789 7.199999809265137
vertex -46.988609313964844 25.3660888671875 6.199999809265137
endloop
endfacet
facet normal 0.7332428456860924 0.5133934038561917 0.44584990986554496
outer loop
vertex -46.988609313964844 25.3660888671875 6.199999809265137
vertex -47.4216194152832 25.1160888671875 7.199999809265137
vertex -47.37163162231445 25.044694900512695 7.199999809265137
endloop
endfacet
facet normal 0.23167135736574349 0.8646066052566965 0.4458517694512435
outer loop
vertex -44.38549041748047 24.6685848236084 6.199999809265137
vertex -46.507320404052734 25.23712921142578 6.199999809265137
vertex -47.11752700805664 24.884963989257812 7.199999809265137
endloop
endfacet
facet normal 0.23210459018245042 0.8637871684175312 0.4472126864182861
outer loop
vertex -44.38549041748047 24.6685848236084 6.199999809265137
vertex -47.11752700805664 24.884963989257812 7.199999809265137
vertex -44.51490020751953 24.185623168945312 7.199999809265137
endloop
endfacet
facet normal 0.23166863222552947 0.8646079489439263 0.44585057975259984
outer loop
vertex -46.507320404052734 25.23712921142578 6.199999809265137
vertex -46.988609313964844 25.3660888671875 6.199999809265137
vertex -47.11752700805664 24.884963989257812 7.199999809265137
endloop
endfacet
facet normal 0.2315002493834248 0.8639472584577582 0.4472166914804676
outer loop
vertex -39.60536575317383 23.077138900756836 6.800000190734863
vertex -44.51490020751953 24.185623168945312 7.199999809265137
vertex -39.70416259765625 22.896554946899414 7.199999809265137
endloop
endfacet
facet normal 0.23150057369682672 0.8639491987717512 0.44721277521968117
outer loop
vertex -39.49295425415039 23.35759925842285 6.199999809265137
vertex -44.38549041748047 24.6685848236084 6.199999809265137
vertex -44.51490020751953 24.185623168945312 7.199999809265137
endloop
endfacet
facet normal 0.2315004255060355 0.8639499424692437 0.44721141521423086
outer loop
vertex -39.49295425415039 23.35759925842285 6.199999809265137
vertex -44.51490020751953 24.185623168945312 7.199999809265137
vertex -39.60536575317383 23.077138900756836 6.800000190734863
endloop
endfacet
facet normal 0.4292663575396667 0.7846855351481458 0.44721248329389823
outer loop
vertex -39.49295425415039 23.35759925842285 6.199999809265137
vertex -39.60536575317383 23.077138900756836 6.800000190734863
vertex -39.42980194091797 23.32305145263672 6.199999809265137
endloop
endfacet
facet normal 0.602714713637516 0.66085913316441 0.4472137968332725
outer loop
vertex -39.60536575317383 23.077138900756836 6.800000190734863
vertex -38.65711212158203 22.618345260620117 6.199999809265137
vertex -39.42980194091797 23.32305145263672 6.199999809265137
endloop
endfacet
facet normal 0.6027130499149689 0.6608620422384934 0.44721174021995913
outer loop
vertex -39.05660629272461 22.30597686767578 7.199999809265137
vertex -38.885860443115234 22.42093849182129 6.800000190734863
vertex -39.70416259765625 22.896554946899414 7.199999809265137
endloop
endfacet
facet normal 0.6027131374133924 0.6608610137297137 0.44721314216091673
outer loop
vertex -38.885860443115234 22.42093849182129 6.800000190734863
vertex -38.65711212158203 22.618345260620117 6.199999809265137
vertex -39.70416259765625 22.896554946899414 7.199999809265137
endloop
endfacet
facet normal 0.6027153137772993 0.6608566687422394 0.4472166297413837
outer loop
vertex -39.60536575317383 23.077138900756836 6.800000190734863
vertex -39.70416259765625 22.896554946899414 7.199999809265137
vertex -38.65711212158203 22.618345260620117 6.199999809265137
endloop
endfacet
facet normal 0.741933201568084 0.4995358085559341 0.44721258969454586
outer loop
vertex -38.61690902709961 22.55863380432129 6.199999809265137
vertex -38.65711212158203 22.618345260620117 6.199999809265137
vertex -38.885860443115234 22.42093849182129 6.800000190734863
endloop
endfacet
facet normal 0.8390373624984834 0.3098663526898571 0.4472126427129199
outer loop
vertex -39.05660629272461 22.30597686767578 7.199999809265137
vertex -37.96290969848633 20.78777503967285 6.199999809265137
vertex -38.885860443115234 22.42093849182129 6.800000190734863
endloop
endfacet
facet normal 0.8390365082216259 0.30986327867152563 0.4472163753734806
outer loop
vertex -38.2515754699707 20.70345115661621 6.800000190734863
vertex -37.96290969848633 20.78777503967285 6.199999809265137
vertex -39.05660629272461 22.30597686767578 7.199999809265137
endloop
endfacet
facet normal 0.8390375721322136 0.3098664120672432 0.4472122082670083
outer loop
vertex -38.26055908203125 21.593730926513672 6.199999809265137
vertex -38.61690902709961 22.55863380432129 6.199999809265137
vertex -38.885860443115234 22.42093849182129 6.800000190734863
endloop
endfacet
facet normal 0.8390376861727531 0.3098668973548947 0.447211658060838
outer loop
vertex -37.96290969848633 20.78777503967285 6.199999809265137
vertex -38.26055908203125 21.593730926513672 6.199999809265137
vertex -38.885860443115234 22.42093849182129 6.800000190734863
endloop
endfacet
facet normal 0.8390383944366967 0.3098654923726919 0.4472113027392299
outer loop
vertex -39.05660629272461 22.30597686767578 7.199999809265137
vertex -38.448890686035156 20.66043472290039 7.199999809265137
vertex -38.2515754699707 20.70345115661621 6.800000190734863
endloop
endfacet
facet normal 0.8739034964615634 0.1905006781303156 0.4472160221907796
outer loop
vertex -38.2515754699707 20.70345115661621 6.800000190734863
vertex -37.95400619506836 20.746931076049805 6.199999809265137
vertex -37.96290969848633 20.78777503967285 6.199999809265137
endloop
endfacet
facet normal 0.8918783566916123 0.06748768010087247 0.4472118177102116
outer loop
vertex -38.448890686035156 20.66043472290039 7.199999809265137
vertex -38.41085433959961 20.15776824951172 7.199999809265137
vertex -38.209312438964844 20.14493179321289 6.800000190734863
endloop
endfacet
facet normal 0.891876978380551 0.06748294824278675 0.4472152805207347
outer loop
vertex -37.95400619506836 20.746931076049805 6.199999809265137
vertex -38.2515754699707 20.70345115661621 6.800000190734863
vertex -37.934688568115234 20.491622924804688 6.199999809265137
endloop
endfacet
facet normal 0.8918759419205263 0.06749304791505865 0.44721582340801586
outer loop
vertex -38.209312438964844 20.14493179321289 6.800000190734863
vertex -37.90858840942383 20.146726608276367 6.199999809265137
vertex -37.934688568115234 20.491622924804688 6.199999809265137
endloop
endfacet
facet normal 0.8918773957380138 0.06748815618462532 0.4472136622984341
outer loop
vertex -38.209312438964844 20.14493179321289 6.800000190734863
vertex -37.934688568115234 20.491622924804688 6.199999809265137
vertex -38.2515754699707 20.70345115661621 6.800000190734863
endloop
endfacet
facet normal 0.8918786057591007 0.067488247746641 0.44721123532989515
outer loop
vertex -38.209312438964844 20.14493179321289 6.800000190734863
vertex -38.2515754699707 20.70345115661621 6.800000190734863
vertex -38.448890686035156 20.66043472290039 7.199999809265137
endloop
endfacet
facet normal 0.8926159002033351 -0.05688518628890231 0.4472146355890721
outer loop
vertex -38.209312438964844 20.14493179321289 6.800000190734863
vertex -37.91124725341797 20.105005264282227 6.199999809265137
vertex -37.90858840942383 20.146726608276367 6.199999809265137
endloop
endfacet
facet normal 0.8761110963214919 -0.18008179257297552 0.4472134779789819
outer loop
vertex -38.209312438964844 20.14493179321289 6.800000190734863
vertex -39.583351135253906 11.970097541809082 6.199999809265137
vertex -37.91124725341797 20.105005264282227 6.199999809265137
endloop
endfacet
facet normal 0.8761116130901975 -0.18008181507284202 0.44721245654449626
outer loop
vertex -38.41085433959961 20.15776824951172 7.199999809265137
vertex -39.865413665771484 12.087874412536621 6.800000190734863
vertex -38.209312438964844 20.14493179321289 6.800000190734863
endloop
endfacet
facet normal 0.8761115564520535 -0.18008180343106076 0.4472125721893079
outer loop
vertex -39.865413665771484 12.087874412536621 6.800000190734863
vertex -39.583351135253906 11.970097541809082 6.199999809265137
vertex -38.209312438964844 20.14493179321289 6.800000190734863
endloop
endfacet
facet normal 0.8761098224403924 -0.18008166910868276 0.44721602327565935
outer loop
vertex -40.04497146606445 12.207674980163574 7.199999809265137
vertex -39.865413665771484 12.087874412536621 6.800000190734863
vertex -38.41085433959961 20.15776824951172 7.199999809265137
endloop
endfacet
facet normal 0.7440313710599629 -0.4964043915778639 0.4472135942710625
outer loop
vertex -39.865413665771484 12.087874412536621 6.800000190734863
vertex -39.64836883544922 11.87264633178711 6.199999809265137
vertex -39.583351135253906 11.970097541809082 6.199999809265137
endloop
endfacet
facet normal 0.5026436953858199 -0.7398298296006744 0.44721486862796084
outer loop
vertex -41.08850860595703 10.894207954406738 6.199999809265137
vertex -40.493045806884766 11.298768043518066 6.199999809265137
vertex -39.865413665771484 12.087874412536621 6.800000190734863
endloop
endfacet
facet normal 0.5026445350585158 -0.7398298075755214 0.4472139613189369
outer loop
vertex -39.865413665771484 12.087874412536621 6.800000190734863
vertex -40.493045806884766 11.298768043518066 6.199999809265137
vertex -39.64836883544922 11.87264633178711 6.199999809265137
endloop
endfacet
facet normal 0.5026451631370316 -0.739829839380364 0.4472132027762281
outer loop
vertex -41.208648681640625 11.175272941589355 6.800000190734863
vertex -41.08850860595703 10.894207954406738 6.199999809265137
vertex -40.04497146606445 12.207674980163574 7.199999809265137
endloop
endfacet
facet normal 0.5026438735586289 -0.7398298743204157 0.4472145943917919
outer loop
vertex -40.04497146606445 12.207674980163574 7.199999809265137
vertex -41.08850860595703 10.894207954406738 6.199999809265137
vertex -39.865413665771484 12.087874412536621 6.800000190734863
endloop
endfacet
facet normal 0.5026442865387833 -0.7398294698810401 0.4472147992916344
outer loop
vertex -41.253883361816406 11.386333465576172 7.199999809265137
vertex -41.208648681640625 11.175272941589355 6.800000190734863
vertex -40.04497146606445 12.207674980163574 7.199999809265137
endloop
endfacet
facet normal 0.18743432099041185 -0.8745672893636993 0.4472140781436723
outer loop
vertex -41.208648681640625 11.175272941589355 6.800000190734863
vertex -41.20305633544922 10.869658470153809 6.199999809265137
vertex -41.08850860595703 10.894207954406738 6.199999809265137
endloop
endfacet
facet normal -0.15531501353508992 -0.8808395086966685 0.44721248472019026
outer loop
vertex -41.253883361816406 11.386333465576172 7.199999809265137
vertex -56.2161865234375 13.516866683959961 6.199999809265137
vertex -41.208648681640625 11.175272941589355 6.800000190734863
endloop
endfacet
facet normal -0.15531500825983857 -0.880839006801521 0.44721347509456394
outer loop
vertex -56.129364013671875 14.009270668029785 7.199999809265137
vertex -56.2161865234375 13.516866683959961 6.199999809265137
vertex -41.253883361816406 11.386333465576172 7.199999809265137
endloop
endfacet
facet normal -0.15531494951356672 -0.8808388019986674 0.4472138988796645
outer loop
vertex -41.208648681640625 11.175272941589355 6.800000190734863
vertex -48.87587356567383 12.222577095031738 6.199999809265137
vertex -41.20305633544922 10.869658470153809 6.199999809265137
endloop
endfacet
facet normal -0.15531495137174847 -0.8808386931649066 0.44721411259477356
outer loop
vertex -48.87587356567383 12.222577095031738 6.199999809265137
vertex -41.208648681640625 11.175272941589355 6.800000190734863
vertex -56.2161865234375 13.516866683959961 6.199999809265137
endloop
endfacet
facet normal 0.0780140611235696 -0.8917012083728532 0.4458506041864266
outer loop
vertex -56.303009033203125 14.009270668029785 7.199999809265137
vertex -56.2161865234375 13.516866683959961 6.199999809265137
vertex -56.2161865234375 14.016866683959961 7.199999809265137
endloop
endfacet
facet normal -0.0780140611235696 -0.8917012083728532 0.4458506041864266
outer loop
vertex -56.2161865234375 14.016866683959961 7.199999809265137
vertex -56.2161865234375 13.516866683959961 6.199999809265137
vertex -56.129364013671875 14.009270668029785 7.199999809265137
endloop
endfacet
facet normal 0.48145636052972446 -0.7540022441226109 0.44685611639938266
outer loop
vertex -56.503849029541016 13.925829887390137 7.199999809265137
vertex -56.2161865234375 13.516866683959961 6.199999809265137
vertex -56.4661865234375 13.949878692626953 7.199999809265137
endloop
endfacet
facet normal 0.3782861825903509 -0.8112442827225639 0.44585006202889843
outer loop
vertex -56.3871955871582 13.986712455749512 7.199999809265137
vertex -56.4661865234375 13.949878692626953 7.199999809265137
vertex -56.2161865234375 13.516866683959961 6.199999809265137
endloop
endfacet
facet normal 0.23167561389593996 -0.8646062607710322 0.445850225705307
outer loop
vertex -56.3871955871582 13.986712455749512 7.199999809265137
vertex -56.2161865234375 13.516866683959961 6.199999809265137
vertex -56.303009033203125 14.009270668029785 7.199999809265137
endloop
endfacet
facet normal 0.5145860727743 -0.7315741776698476 0.44721403854687863
outer loop
vertex -56.44789123535156 13.353886604309082 6.199999809265137
vertex -56.2161865234375 13.516866683959961 6.199999809265137
vertex -56.503849029541016 13.925829887390137 7.199999809265137
endloop
endfacet
facet normal 0.5145833454481922 -0.7315756682079343 0.4472147384349725
outer loop
vertex -56.7351188659668 13.76315689086914 7.199999809265137
vertex -56.44789123535156 13.353886604309082 6.199999809265137
vertex -56.503849029541016 13.925829887390137 7.199999809265137
endloop
endfacet
facet normal 0.5145841282467267 -0.7315758147349527 0.44721359801715166
outer loop
vertex -56.78817367553711 13.319056510925293 6.534564018249512
vertex -56.691932678222656 13.182231903076172 6.199999809265137
vertex -56.7351188659668 13.76315689086914 7.199999809265137
endloop
endfacet
facet normal 0.5145798926027016 -0.7315780958007307 0.44721474022394286
outer loop
vertex -56.44789123535156 13.353886604309082 6.199999809265137
vertex -56.7351188659668 13.76315689086914 7.199999809265137
vertex -56.691932678222656 13.182231903076172 6.199999809265137
endloop
endfacet
facet normal 0.518102475609058 -0.7299316767560453 0.445835812868228
outer loop
vertex -56.78817367553711 13.319056510925293 6.534564018249512
vertex -56.7351188659668 13.76315689086914 7.199999809265137
vertex -56.977474212646484 13.591134071350098 7.199999809265137
endloop
endfacet
facet normal 0.6059845717410463 -0.6599042570396443 0.44419485628806615
outer loop
vertex -56.691932678222656 13.182231903076172 6.199999809265137
vertex -56.78817367553711 13.319056510925293 6.534564018249512
vertex -57.074954986572266 13.503625869750977 7.199999809265137
endloop
endfacet
facet normal 0.5988533015456009 -0.6670995659366944 0.4431172444793896
outer loop
vertex -57.074954986572266 13.503625869750977 7.199999809265137
vertex -56.78817367553711 13.319056510925293 6.534564018249512
vertex -56.977474212646484 13.591134071350098 7.199999809265137
endloop
endfacet
facet normal 0.8112391363854441 -0.3782981443702101 0.445849276732232
outer loop
vertex -57.16177749633789 13.353241920471191 7.199999809265137
vertex -56.691932678222656 13.182231903076172 6.199999809265137
vertex -57.124942779541016 13.432231903076172 7.199999809265137
endloop
endfacet
facet normal 0.7332428456860924 -0.5133934038561917 0.44584990986554496
outer loop
vertex -57.124942779541016 13.432231903076172 7.199999809265137
vertex -56.691932678222656 13.182231903076172 6.199999809265137
vertex -57.074954986572266 13.503625869750977 7.199999809265137
endloop
endfacet
facet normal 0.865630667813082 -0.22808043493543673 0.445716122819379
outer loop
vertex -57.16177749633789 13.353241920471191 7.199999809265137
vertex -57.18452072143555 13.266924858093262 7.199999809265137
vertex -56.691932678222656 13.182231903076172 6.199999809265137
endloop
endfacet
facet normal 0.881457987149676 -0.1521503935250419 0.4470817314990811
outer loop
vertex -57.23210144042969 12.991273880004883 7.199999809265137
vertex -56.691932678222656 13.182231903076172 6.199999809265137
vertex -57.18452072143555 13.266924858093262 7.199999809265137
endloop
endfacet
facet normal 0.881493704807019 -0.15154686994168412 0.4472162727321919
outer loop
vertex -57.23210144042969 12.991273880004883 7.199999809265137
vertex -56.70667266845703 13.096494674682617 6.199999809265137
vertex -56.691932678222656 13.182231903076172 6.199999809265137
endloop
endfacet
facet normal 0.881491694362986 -0.1515683491388444 0.44721295632885827
outer loop
vertex -56.7395133972168 12.905499458312988 6.199999809265137
vertex -56.70667266845703 13.096494674682617 6.199999809265137
vertex -57.23210144042969 12.991273880004883 7.199999809265137
endloop
endfacet
facet normal 0.8808391604897934 -0.15531565231893352 0.4472129487083085
outer loop
vertex -57.23210144042969 12.991273880004883 7.199999809265137
vertex -59.743106842041016 -4.128731727600098 6.199999809265137
vertex -56.7395133972168 12.905499458312988 6.199999809265137
endloop
endfacet
facet normal 0.880838465594502 -0.15531563078100813 0.4472143248647354
outer loop
vertex -57.23210144042969 12.991273880004883 7.199999809265137
vertex -60.235511779785156 -4.041907787322998 7.199999809265137
vertex -59.743106842041016 -4.128731727600098 6.199999809265137
endloop
endfacet
facet normal 0.8963714350514488 0.09405241343148611 0.4332117195454422
outer loop
vertex -60.235511779785156 -4.041907787322998 7.199999809265137
vertex -60.2071533203125 -4.3121795654296875 7.199999809265137
vertex -59.743106842041016 -4.128731727600098 6.199999809265137
endloop
endfacet
facet normal 0.8112514470454365 0.3782695789664644 0.4458511133721876
outer loop
vertex -60.2071533203125 -4.3121795654296875 7.199999809265137
vertex -60.01932907104492 -4.2882080078125 6.837904930114746
vertex -59.743106842041016 -4.128731727600098 6.199999809265137
endloop
endfacet
facet normal 0.7332218593853623 0.5134221612461163 0.445851308465994
outer loop
vertex -60.01932907104492 -4.2882080078125 6.837904930114746
vertex -59.948795318603516 -4.272756099700928 6.704115390777588
vertex -59.743106842041016 -4.128731727600098 6.199999809265137
endloop
endfacet
facet normal 0.7332338231289383 0.5134050752958569 0.44585130848768
outer loop
vertex -59.948795318603516 -4.272756099700928 6.704115390777588
vertex -59.68302917480469 -4.21453332901001 6.199999809265137
vertex -59.743106842041016 -4.128731727600098 6.199999809265137
endloop
endfacet
facet normal 0.88149344868935 -0.15155850182628633 0.44721283573029064
outer loop
vertex -59.948795318603516 -4.272756099700928 6.704115390777588
vertex -61.825496673583984 -16.675537109375 6.199999809265137
vertex -59.68302917480469 -4.21453332901001 6.199999809265137
endloop
endfacet
facet normal 0.8814942428828395 -0.15155860139793492 0.4472112365613273
outer loop
vertex -60.2071533203125 -4.3121795654296875 7.199999809265137
vertex -62.49478530883789 -20.568239212036133 6.199999809265137
vertex -60.01932907104492 -4.2882080078125 6.837904930114746
endloop
endfacet
facet normal 0.8814911464402829 -0.15155837275335343 0.4472174173662639
outer loop
vertex -62.49478530883789 -20.568239212036133 6.199999809265137
vertex -59.948795318603516 -4.272756099700928 6.704115390777588
vertex -60.01932907104492 -4.2882080078125 6.837904930114746
endloop
endfacet
facet normal 0.8814934359756136 -0.15155858600636568 0.4472128322618414
outer loop
vertex -62.98737335205078 -20.482465744018555 7.199999809265137
vertex -62.49478530883789 -20.568239212036133 6.199999809265137
vertex -60.2071533203125 -4.3121795654296875 7.199999809265137
endloop
endfacet
facet normal 0.8814897898810395 -0.15155824486451633 0.4472201345524014
outer loop
vertex -62.49478530883789 -20.568239212036133 6.199999809265137
vertex -61.825496673583984 -16.675537109375 6.199999809265137
vertex -59.948795318603516 -4.272756099700928 6.704115390777588
endloop
endfacet
facet normal 0.8808387361804264 -0.1553184067200641 0.4472128278325765
outer loop
vertex -62.98737335205078 -20.482465744018555 7.199999809265137
vertex -62.545772552490234 -20.857397079467773 6.199999809265137
vertex -62.49478530883789 -20.568239212036133 6.199999809265137
endloop
endfacet
facet normal 0.8808368151396813 -0.15532482014723867 0.4472143840942628
outer loop
vertex -62.98737335205078 -20.482465744018555 7.199999809265137
vertex -63.038177490234375 -20.770572662353516 7.199999809265137
vertex -62.545772552490234 -20.857397079467773 6.199999809265137
endloop
endfacet
facet normal 0.8917020088853294 -0.0780026229516351 0.4458510044426647
outer loop
vertex -63.038177490234375 -20.770572662353516 7.199999809265137
vertex -63.045772552490234 -20.857397079467773 7.199999809265137
vertex -62.545772552490234 -20.857397079467773 6.199999809265137
endloop
endfacet
facet normal 0.8917020088853294 0.0780026229516351 0.4458510044426647
outer loop
vertex -63.045772552490234 -20.857397079467773 7.199999809265137
vertex -63.038177490234375 -20.94422149658203 7.199999809265137
vertex -62.545772552490234 -20.857397079467773 6.199999809265137
endloop
endfacet
facet normal 0.8645999657672792 0.23169876509720594 0.44585040254288144
outer loop
vertex -63.038177490234375 -20.94422149658203 7.199999809265137
vertex -63.01561737060547 -21.028406143188477 7.199999809265137
vertex -62.545772552490234 -20.857397079467773 6.199999809265137
endloop
endfacet
facet normal 0.733049867729204 0.5132993283812443 0.4462753532356006
outer loop
vertex -62.545772552490234 -20.857397079467773 6.199999809265137
vertex -62.977909088134766 -21.109682083129883 7.199999809265137
vertex -62.95230484008789 -21.14624786376953 7.199999809265137
endloop
endfacet
facet normal 0.8119468778387595 0.37670585222172803 0.44590914822393163
outer loop
vertex -62.545772552490234 -20.857397079467773 6.199999809265137
vertex -63.01561737060547 -21.028406143188477 7.199999809265137
vertex -62.977909088134766 -21.109682083129883 7.199999809265137
endloop
endfacet
facet normal 0.733054960717281 0.513292076115897 0.4462753288771607
outer loop
vertex -62.95230484008789 -21.14624786376953 7.199999809265137
vertex -62.385154724121094 -21.086782455444336 6.199999809265137
vertex -62.545772552490234 -20.857397079467773 6.199999809265137
endloop
endfacet
facet normal 0.735091189563769 0.5095547154361943 0.4472079326247042
outer loop
vertex -62.79442596435547 -21.374006271362305 7.199999809265137
vertex -62.385154724121094 -21.086782455444336 6.199999809265137
vertex -62.95230484008789 -21.14624786376953 7.199999809265137
endloop
endfacet
facet normal 0.7299545461200605 0.518062063368412 0.4458453309132215
outer loop
vertex -62.62117385864258 -21.618120193481445 7.199999809265137
vertex -62.21315383911133 -21.332422256469727 6.199999809265137
vertex -62.79442596435547 -21.374006271362305 7.199999809265137
endloop
endfacet
facet normal 0.7326689412343066 0.5130264142269136 0.4472137306211377
outer loop
vertex -62.21315383911133 -21.332422256469727 6.199999809265137
vertex -62.385154724121094 -21.086782455444336 6.199999809265137
vertex -62.79442596435547 -21.374006271362305 7.199999809265137
endloop
endfacet
facet normal 0.37830904703205237 0.8112331325440841 0.4458509499781433
outer loop
vertex -62.3841667175293 -21.802268981933594 7.199999809265137
vertex -62.21315383911133 -21.332422256469727 6.199999809265137
vertex -62.46315383911133 -21.76543426513672 7.199999809265137
endloop
endfacet
facet normal 0.2316754374384184 0.8646056022369927 0.4458515944438518
outer loop
vertex -62.29998016357422 -21.824827194213867 7.199999809265137
vertex -62.21315383911133 -21.332422256469727 6.199999809265137
vertex -62.3841667175293 -21.802268981933594 7.199999809265137
endloop
endfacet
facet normal 0.6130110976887522 0.6575612535938078 0.4379846936624282
outer loop
vertex -62.46315383911133 -21.76543426513672 7.199999809265137
vertex -62.21315383911133 -21.332422256469727 6.199999809265137
vertex -62.62117385864258 -21.618120193481445 7.199999809265137
endloop
endfacet
facet normal 0.15531540181751669 0.880839278603798 0.4472128030669564
outer loop
vertex -57.03425979614258 -22.245601654052734 6.199999809265137
vertex -62.29998016357422 -21.824827194213867 7.199999809265137
vertex -57.1210823059082 -22.738004684448242 7.199999809265137
endloop
endfacet
facet normal 0.15531572322799142 0.8808382988877601 0.44721462110566435
outer loop
vertex -59.726226806640625 -21.77093505859375 6.199999809265137
vertex -62.21315383911133 -21.332422256469727 6.199999809265137
vertex -62.29998016357422 -21.824827194213867 7.199999809265137
endloop
endfacet
facet normal 0.15531563834690562 0.8808384214187734 0.44721440924614286
outer loop
vertex -62.29998016357422 -21.824827194213867 7.199999809265137
vertex -57.03425979614258 -22.245601654052734 6.199999809265137
vertex -59.726226806640625 -21.77093505859375 6.199999809265137
endloop
endfacet
facet normal 0.15531754511406287 0.8808389006825228 0.44721280306376054
outer loop
vertex -47.190677642822266 -23.981311798095703 6.199999809265137
vertex -57.03425979614258 -22.245601654052734 6.199999809265137
vertex -57.1210823059082 -22.738004684448242 7.199999809265137
endloop
endfacet
facet normal 0.1553175938097428 0.8808382116089665 0.447214143361622
outer loop
vertex -47.190677642822266 -23.981311798095703 6.199999809265137
vertex -57.1210823059082 -22.738004684448242 7.199999809265137
vertex -47.30066680908203 -24.26654624938965 6.800000190734863
endloop
endfacet
facet normal 0.15531768245335287 0.8808394035050631 0.44721176499524695
outer loop
vertex -47.30066680908203 -24.26654624938965 6.800000190734863
vertex -57.1210823059082 -22.738004684448242 7.199999809265137
vertex -47.41566848754883 -24.449352264404297 7.199999809265137
endloop
endfacet
facet normal 0.47626715982271856 0.7570788035924599 0.44721502392631063
outer loop
vertex -47.13733673095703 -24.014867782592773 6.199999809265137
vertex -47.190677642822266 -23.981311798095703 6.199999809265137
vertex -47.30066680908203 -24.26654624938965 6.800000190734863
endloop
endfacet
facet normal 0.4762860455448779 0.7570668480494711 0.4472151500158081
outer loop
vertex -47.09115982055664 -24.04391860961914 6.199999809265137
vertex -47.13733673095703 -24.014867782592773 6.199999809265137
vertex -47.30066680908203 -24.26654624938965 6.800000190734863
endloop
endfacet
facet normal 0.7267847949581611 0.5213317385129146 0.4472103310934643
outer loop
vertex -47.41566848754883 -24.449352264404297 7.199999809265137
vertex -46.560482025146484 -25.64156150817871 7.199999809265137
vertex -46.350460052490234 -25.591222763061523 6.800000190734863
endloop
endfacet
facet normal 0.726783386272185 0.5213281619266357 0.44721678973505824
outer loop
vertex -46.350460052490234 -25.591222763061523 6.800000190734863
vertex -46.07242202758789 -25.464130401611328 6.199999809265137
vertex -47.41566848754883 -24.449352264404297 7.199999809265137
endloop
endfacet
facet normal 0.7267826611087687 0.521331603517277 0.44721395627346144
outer loop
vertex -46.07242202758789 -25.464130401611328 6.199999809265137
vertex -46.973663330078125 -24.207719802856445 6.199999809265137
vertex -47.30066680908203 -24.26654624938965 6.800000190734863
endloop
endfacet
facet normal 0.726783110233683 0.5213335900442644 0.4472109106122219
outer loop
vertex -47.41566848754883 -24.449352264404297 7.199999809265137
vertex -46.07242202758789 -25.464130401611328 6.199999809265137
vertex -47.30066680908203 -24.26654624938965 6.800000190734863
endloop
endfacet
facet normal 0.7267834803881912 0.5213301966589429 0.4472142648511734
outer loop
vertex -46.973663330078125 -24.207719802856445 6.199999809265137
vertex -47.09115982055664 -24.04391860961914 6.199999809265137
vertex -47.30066680908203 -24.26654624938965 6.800000190734863
endloop
endfacet
facet normal 0.8697888777403424 0.20848002461252568 0.44721738282043155
outer loop
vertex -46.350460052490234 -25.591222763061523 6.800000190734863
vertex -46.04501724243164 -25.57846450805664 6.199999809265137
vertex -46.07242202758789 -25.464130401611328 6.199999809265137
endloop
endfacet
facet normal 0.8841469367433661 -0.1352182106969028 0.4472138523606467
outer loop
vertex -47.15422821044922 -29.52387046813965 7.199999809265137
vertex -46.66083526611328 -29.605087280273438 6.199999809265137
vertex -46.560482025146484 -25.64156150817871 7.199999809265137
endloop
endfacet
facet normal 0.8841487945218112 -0.13521739341399597 0.44721042660469446
outer loop
vertex -46.66083526611328 -29.605087280273438 6.199999809265137
vertex -46.350460052490234 -25.591222763061523 6.800000190734863
vertex -46.560482025146484 -25.64156150817871 7.199999809265137
endloop
endfacet
facet normal 0.8841448461911118 -0.13522072423404585 0.44721722539646797
outer loop
vertex -46.350460052490234 -25.591222763061523 6.800000190734863
vertex -46.19792938232422 -26.578285217285156 6.199999809265137
vertex -46.04501724243164 -25.57846450805664 6.199999809265137
endloop
endfacet
facet normal 0.8841475214262302 -0.13521765919560982 0.4472128631843156
outer loop
vertex -46.66083526611328 -29.605087280273438 6.199999809265137
vertex -46.19792938232422 -26.578285217285156 6.199999809265137
vertex -46.350460052490234 -25.591222763061523 6.800000190734863
endloop
endfacet
facet normal 0.8808384115899826 -0.15531278205306204 0.4472154205733234
outer loop
vertex -47.201805114746094 -29.793697357177734 7.199999809265137
vertex -46.69118881225586 -29.777246475219727 6.199999809265137
vertex -47.15422821044922 -29.52387046813965 7.199999809265137
endloop
endfacet
facet normal 0.8808410973395377 -0.1553019047325135 0.4472139081291328
outer loop
vertex -46.66083526611328 -29.605087280273438 6.199999809265137
vertex -47.15422821044922 -29.52387046813965 7.199999809265137
vertex -46.69118881225586 -29.777246475219727 6.199999809265137
endloop
endfacet
facet normal 0.8864184282216668 -0.1046584179510943 0.45089797699812745
outer loop
vertex -47.201805114746094 -29.793697357177734 7.199999809265137
vertex -46.70481872558594 -29.89268684387207 6.199999809265137
vertex -46.69118881225586 -29.777246475219727 6.199999809265137
endloop
endfacet
facet normal 0.7267820007772862 0.5213326205522564 0.44721384380884505
outer loop
vertex -46.53971862792969 -30.12285041809082 6.199999809265137
vertex -46.70481872558594 -29.89268684387207 6.199999809265137
vertex -47.11110305786133 -30.184120178222656 7.199999809265137
endloop
endfacet
facet normal 0.7267817466265566 0.5213330755190453 0.4472137264667813
outer loop
vertex -46.947662353515625 -30.411970138549805 7.199999809265137
vertex -46.53971862792969 -30.12285041809082 6.199999809265137
vertex -47.11110305786133 -30.184120178222656 7.199999809265137
endloop
endfacet
facet normal 0.7326704943168266 0.5130241874030539 0.44721374072916525
outer loop
vertex -46.424072265625 -30.288009643554688 6.199999809265137
vertex -46.53971862792969 -30.12285041809082 6.199999809265137
vertex -46.947662353515625 -30.411970138549805 7.199999809265137
endloop
endfacet
facet normal 0.7297431598452265 0.5183632082404601 0.44584134510132784
outer loop
vertex -46.7848014831543 -30.64124298095703 7.199999809265137
vertex -46.37678527832031 -30.355546951293945 6.199999809265137
vertex -46.947662353515625 -30.411970138549805 7.199999809265137
endloop
endfacet
facet normal 0.7326858625284127 0.51299804862618 0.4472185471967005
outer loop
vertex -46.37678527832031 -30.355546951293945 6.199999809265137
vertex -46.424072265625 -30.288009643554688 6.199999809265137
vertex -46.947662353515625 -30.411970138549805 7.199999809265137
endloop
endfacet
facet normal 0.7332494497959088 0.5133843123597771 0.4458495174348357
outer loop
vertex -46.37678527832031 -30.355546951293945 6.199999809265137
vertex -46.7848014831543 -30.64124298095703 7.199999809265137
vertex -46.75980758666992 -30.67694091796875 7.199999809265137
endloop
endfacet
facet normal 0.3782941623142336 0.8112403913671121 0.44585037195622845
outer loop
vertex -46.37678527832031 -30.355546951293945 6.199999809265137
vertex -46.62678527832031 -30.788558959960938 7.199999809265137
vertex -46.547794342041016 -30.825393676757812 7.199999809265137
endloop
endfacet
facet normal 0.5134157044699232 0.7332271287843576 0.4458500779615268
outer loop
vertex -46.62678527832031 -30.788558959960938 7.199999809265137
vertex -46.37678527832031 -30.355546951293945 6.199999809265137
vertex -46.698177337646484 -30.738569259643555 7.199999809265137
endloop
endfacet
facet normal 0.23165733728625873 0.8646111578843978 0.4458502256848612
outer loop
vertex -46.37678527832031 -30.355546951293945 6.199999809265137
vertex -46.547794342041016 -30.825393676757812 7.199999809265137
vertex -46.46360778808594 -30.847949981689453 7.199999809265137
endloop
endfacet
facet normal 0.6329268327345475 0.6329464213214911 0.4458502575315297
outer loop
vertex -46.75980758666992 -30.67694091796875 7.199999809265137
vertex -46.698177337646484 -30.738569259643555 7.199999809265137
vertex -46.37678527832031 -30.355546951293945 6.199999809265137
endloop
endfacet
facet normal 0.15531558109554996 0.8808375924003223 0.44721606196932945
outer loop
vertex -31.429309844970703 -32.991188049316406 6.199999809265137
vertex -46.46360778808594 -30.847949981689453 7.199999809265137
vertex -31.5401554107666 -33.27622604370117 6.799907207489014
endloop
endfacet
facet normal 0.15531559973545764 0.8808392437056806 0.44721280306675004
outer loop
vertex -46.46360778808594 -30.847949981689453 7.199999809265137
vertex -31.429309844970703 -32.991188049316406 6.199999809265137
vertex -46.37678527832031 -30.355546951293945 6.199999809265137
endloop
endfacet
facet normal 0.155315825442145 0.8808398362360148 0.4472115576177966
outer loop
vertex -31.656496047973633 -33.45884323120117 7.199999809265137
vertex -31.5401554107666 -33.27622604370117 6.799907207489014
vertex -46.46360778808594 -30.847949981689453 7.199999809265137
endloop
endfacet
facet normal 0.480591620120617 0.7543412733235435 0.44721464424866014
outer loop
vertex -31.328670501708984 -33.05530548095703 6.199999809265137
vertex -31.429309844970703 -32.991188049316406 6.199999809265137
vertex -31.5401554107666 -33.27622604370117 6.799907207489014
endloop
endfacet
facet normal 0.7326692383027935 0.5130253383382528 0.4472144781508369
outer loop
vertex -30.58985710144043 -34.633460998535156 6.800000190734863
vertex -30.30988311767578 -34.51026916503906 6.199999809265137
vertex -31.5401554107666 -33.27622604370117 6.799907207489014
endloop
endfacet
facet normal 0.7326699115768851 0.5130259051306781 0.4472127249249151
outer loop
vertex -30.80120277404785 -34.68031692504883 7.199999809265137
vertex -30.58985710144043 -34.633460998535156 6.800000190734863
vertex -31.656496047973633 -33.45884323120117 7.199999809265137
endloop
endfacet
facet normal 0.7326698555929315 0.5130257704444602 0.44721297115054837
outer loop
vertex -31.5401554107666 -33.27622604370117 6.799907207489014
vertex -31.656496047973633 -33.45884323120117 7.199999809265137
vertex -30.58985710144043 -34.633460998535156 6.800000190734863
endloop
endfacet
facet normal 0.7326694309911247 0.5130261195704587 0.447213266271942
outer loop
vertex -31.328670501708984 -33.05530548095703 6.199999809265137
vertex -31.5401554107666 -33.27622604370117 6.799907207489014
vertex -30.30988311767578 -34.51026916503906 6.199999809265137
endloop
endfacet
facet normal 0.8732263449813743 0.19358494663746525 0.44721428741246577
outer loop
vertex -30.58985710144043 -34.633460998535156 6.800000190734863
vertex -30.2840518951416 -34.62678909301758 6.199999809265137
vertex -30.30988311767578 -34.51026916503906 6.199999809265137
endloop
endfacet
facet normal 0.880840963786983 -0.1553061040480313 0.44721271287860426
outer loop
vertex -30.80120277404785 -34.68031692504883 7.199999809265137
vertex -30.468481063842773 -35.672794342041016 6.199999809265137
vertex -30.58985710144043 -34.633460998535156 6.800000190734863
endloop
endfacet
facet normal 0.8808399190561311 -0.15530789939720674 0.4472141471174808
outer loop
vertex -30.80120277404785 -34.68031692504883 7.199999809265137
vertex -30.960886001586914 -35.58597183227539 7.199999809265137
vertex -30.468481063842773 -35.672794342041016 6.199999809265137
endloop
endfacet
facet normal 0.8808395802463408 -0.15530754907357236 0.4472149361014342
outer loop
vertex -30.468481063842773 -35.672794342041016 6.199999809265137
vertex -30.2840518951416 -34.62678909301758 6.199999809265137
vertex -30.58985710144043 -34.633460998535156 6.800000190734863
endloop
endfacet
facet normal 0.8808389773956002 -0.15531574526830189 0.447213277052935
outer loop
vertex -30.960886001586914 -35.58597183227539 7.199999809265137
vertex -31.567079544067383 -39.02386474609375 7.199999809265137
vertex -31.074676513671875 -39.11069107055664 6.199999809265137
endloop
endfacet
facet normal 0.880838494871835 -0.15531597653783158 0.4472141471197219
outer loop
vertex -30.960886001586914 -35.58597183227539 7.199999809265137
vertex -31.074676513671875 -39.11069107055664 6.199999809265137
vertex -30.468481063842773 -35.672794342041016 6.199999809265137
endloop
endfacet
facet normal 0.7332055829842412 0.5134476416056685 0.4458487326552764
outer loop
vertex -31.48269271850586 -39.396385192871094 7.199999809265137
vertex -31.074676513671875 -39.11069107055664 6.199999809265137
vertex -31.507688522338867 -39.36069107055664 7.199999809265137
endloop
endfacet
facet normal 0.8913276603229318 0.1571636674356742 0.42524649743580173
outer loop
vertex -31.507688522338867 -39.36069107055664 7.199999809265137
vertex -31.074676513671875 -39.11069107055664 6.199999809265137
vertex -31.567079544067383 -39.02386474609375 7.199999809265137
endloop
endfacet
facet normal 0.73594003516459 0.5083268185732729 0.4472092465067299
outer loop
vertex -31.48269271850586 -39.396385192871094 7.199999809265137
vertex -31.313596725463867 -39.641197204589844 7.199999809265137
vertex -30.90367889404297 -39.354896545410156 6.199999809265137
endloop
endfacet
facet normal 0.7332254307558195 0.513419297359457 0.44584873308316614
outer loop
vertex -31.48269271850586 -39.396385192871094 7.199999809265137
vertex -30.90367889404297 -39.354896545410156 6.199999809265137
vertex -31.074676513671875 -39.11069107055664 6.199999809265137
endloop
endfacet
facet normal 0.7338962179858716 0.5112686349679164 0.44721440509455584
outer loop
vertex -30.744115829467773 -39.58393859863281 6.199999809265137
vertex -30.800752639770508 -39.50263977050781 6.199999809265137
vertex -31.313596725463867 -39.641197204589844 7.199999809265137
endloop
endfacet
facet normal 0.7310006114615646 0.5165648445786807 0.44586866607581
outer loop
vertex -31.313596725463867 -39.641197204589844 7.199999809265137
vertex -30.885347366333008 -39.6860466003418 6.549846649169922
vertex -30.744115829467773 -39.58393859863281 6.199999809265137
endloop
endfacet
facet normal 0.7309531515193342 0.5166649353542219 0.4458305001448095
outer loop
vertex -30.885347366333008 -39.6860466003418 6.549846649169922
vertex -31.313596725463867 -39.641197204589844 7.199999809265137
vertex -31.152814865112305 -39.8686637878418 7.199999809265137
endloop
endfacet
facet normal 0.7338941913849726 0.5112720404041734 0.44721383761278044
outer loop
vertex -30.800752639770508 -39.50263977050781 6.199999809265137
vertex -30.90367889404297 -39.354896545410156 6.199999809265137
vertex -31.313596725463867 -39.641197204589844 7.199999809265137
endloop
endfacet
facet normal 0.6639433890385563 0.6019150733136129 0.4437087115099997
outer loop
vertex -30.744115829467773 -39.58393859863281 6.199999809265137
vertex -30.885347366333008 -39.6860466003418 6.549846649169922
vertex -31.0645751953125 -39.96761703491211 7.199999809265137
endloop
endfacet
facet normal 0.6691624161441722 0.5967128153060492 0.44289443084060415
outer loop
vertex -31.152814865112305 -39.8686637878418 7.199999809265137
vertex -31.0645751953125 -39.96761703491211 7.199999809265137
vertex -30.885347366333008 -39.6860466003418 6.549846649169922
endloop
endfacet
facet normal 0.37818235032566627 0.8110006139388537 0.44638113097773
outer loop
vertex -30.9920597076416 -40.01872634887695 7.199999809265137
vertex -30.913068771362305 -40.05556106567383 7.199999809265137
vertex -30.744115829467773 -39.58393859863281 6.199999809265137
endloop
endfacet
facet normal 0.23155277881533515 0.8642013359185226 0.4466982892507396
outer loop
vertex -30.82888412475586 -40.07811737060547 7.199999809265137
vertex -30.744115829467773 -39.58393859863281 6.199999809265137
vertex -30.913068771362305 -40.05556106567383 7.199999809265137
endloop
endfacet
facet normal 0.5156406711453131 0.7316070561379929 0.4459437337489011
outer loop
vertex -30.9920597076416 -40.01872634887695 7.199999809265137
vertex -30.744115829467773 -39.58393859863281 6.199999809265137
vertex -31.0645751953125 -39.96761703491211 7.199999809265137
endloop
endfacet
facet normal 0.1553221911985959 0.8808367337624714 0.44721545744297336
outer loop
vertex -30.457422256469727 -39.635902404785156 6.199999809265137
vertex -30.82888412475586 -40.07811737060547 7.199999809265137
vertex -30.54542350769043 -40.12810134887695 7.199999809265137
endloop
endfacet
facet normal 0.159429973457826 0.8796035571298572 0.4481960127530577
outer loop
vertex -30.457422256469727 -39.635902404785156 6.199999809265137
vertex -30.744115829467773 -39.58393859863281 6.199999809265137
vertex -30.82888412475586 -40.07811737060547 7.199999809265137
endloop
endfacet
facet normal 0.15952216772071884 0.8800858010412487 0.4472154523395479
outer loop
vertex -26.445600509643555 -40.363075256347656 6.199999809265137
vertex -30.457422256469727 -39.635902404785156 6.199999809265137
vertex -30.54542350769043 -40.12810134887695 7.199999809265137
endloop
endfacet
facet normal 0.15952211679837122 0.8800859319951868 0.4472152127961775
outer loop
vertex -13.83092975616455 -42.64957809448242 6.199999809265137
vertex -26.445600509643555 -40.363075256347656 6.199999809265137
vertex -30.54542350769043 -40.12810134887695 7.199999809265137
endloop
endfacet
facet normal 0.15952216646089565 0.8800874635797421 0.44721218102529176
outer loop
vertex -13.83092975616455 -42.64957809448242 6.199999809265137
vertex -30.54542350769043 -40.12810134887695 7.199999809265137
vertex -13.92010498046875 -43.14155960083008 7.199999809265137
endloop
endfacet
facet normal 0.05322361819477943 0.8941266710580686 0.4446400145835645
outer loop
vertex -13.812506675720215 -43.14796447753906 7.199999809265137
vertex -13.83092975616455 -42.64957809448242 6.199999809265137
vertex -13.92010498046875 -43.14155960083008 7.199999809265137
endloop
endfacet
facet normal -0.03306479949449351 0.8942714207030583 0.44630185429608354
outer loop
vertex -13.679059982299805 -42.64396286010742 6.199999809265137
vertex -13.83092975616455 -42.64957809448242 6.199999809265137
vertex -13.812506675720215 -43.14796447753906 7.199999809265137
endloop
endfacet
facet normal -0.03304252499720798 0.8942708932198133 0.4463045609016853
outer loop
vertex -13.679059982299805 -42.64396286010742 6.199999809265137
vertex -13.812506675720215 -43.14796447753906 7.199999809265137
vertex -13.660637855529785 -43.14235305786133 7.199999809265137
endloop
endfacet
facet normal -0.12740637494965726 0.8867700135241469 0.44430457879316493
outer loop
vertex -13.544981956481934 -43.125736236572266 7.199999809265137
vertex -13.679059982299805 -42.64396286010742 6.199999809265137
vertex -13.660637855529785 -43.14235305786133 7.199999809265137
endloop
endfacet
facet normal -0.22406401714407334 0.8659074235633768 0.4472132042316006
outer loop
vertex -13.565103530883789 -42.61447525024414 6.199999809265137
vertex -13.679059982299805 -42.64396286010742 6.199999809265137
vertex -13.544981956481934 -43.125736236572266 7.199999809265137
endloop
endfacet
facet normal 0.15531311212459714 0.8808392722464463 0.44721361078406713
outer loop
vertex -13.429238319396973 -42.638431549072266 6.199999809265137
vertex -13.565103530883789 -42.61447525024414 6.199999809265137
vertex -13.544981956481934 -43.125736236572266 7.199999809265137
endloop
endfacet
facet normal -0.513392763609372 0.7332419312676436 0.4458521509474051
outer loop
vertex -13.429238319396973 -42.638431549072266 6.199999809265137
vertex -13.179238319396973 -43.07144546508789 7.199999809265137
vertex -13.14354133605957 -43.046451568603516 7.199999809265137
endloop
endfacet
facet normal -0.0780026229516351 0.8917020088853294 0.4458510044426647
outer loop
vertex -13.342413902282715 -43.130836486816406 7.199999809265137
vertex -13.429238319396973 -42.638431549072266 6.199999809265137
vertex -13.429238319396973 -43.138431549072266 7.199999809265137
endloop
endfacet
facet normal -0.3782976224166575 0.8112380170853483 0.4458517562030415
outer loop
vertex -13.258228302001953 -43.108280181884766 7.199999809265137
vertex -13.179238319396973 -43.07144546508789 7.199999809265137
vertex -13.429238319396973 -42.638431549072266 6.199999809265137
endloop
endfacet
facet normal 0.09763629764477272 0.8901537635182907 0.44507688175914534
outer loop
vertex -13.429238319396973 -42.638431549072266 6.199999809265137
vertex -13.544981956481934 -43.125736236572266 7.199999809265137
vertex -13.429238319396973 -43.138431549072266 7.199999809265137
endloop
endfacet
facet normal -0.2316595812208756 0.8646097383846099 0.4458518125106871
outer loop
vertex -13.258228302001953 -43.108280181884766 7.199999809265137
vertex -13.429238319396973 -42.638431549072266 6.199999809265137
vertex -13.342413902282715 -43.130836486816406 7.199999809265137
endloop
endfacet
facet normal -0.49335153132630377 0.7451212063361524 0.4487746142621572
outer loop
vertex -13.082579612731934 -43.00608825683594 7.199999809265137
vertex -13.295332908630371 -42.54467010498047 6.199999809265137
vertex -13.14354133605957 -43.046451568603516 7.199999809265137
endloop
endfacet
facet normal -0.513420684640603 0.7332232282267127 0.4458507577339895
outer loop
vertex -13.382939338684082 -42.606014251708984 6.199999809265137
vertex -13.14354133605957 -43.046451568603516 7.199999809265137
vertex -13.295332908630371 -42.54467010498047 6.199999809265137
endloop
endfacet
facet normal -0.513395083493303 0.7332403069378934 0.4458521509721895
outer loop
vertex -13.382939338684082 -42.606014251708984 6.199999809265137
vertex -13.429238319396973 -42.638431549072266 6.199999809265137
vertex -13.14354133605957 -43.046451568603516 7.199999809265137
endloop
endfacet
facet normal -0.2240606761457004 0.8659075579600816 0.4472146179103938
outer loop
vertex -9.8860502243042 -41.66249084472656 6.199999809265137
vertex -13.082579612731934 -43.00608825683594 7.199999809265137
vertex -9.928326606750488 -42.18989944458008 7.199999809265137
endloop
endfacet
facet normal -0.22406017360349292 0.8659071449460713 0.4472156693767737
outer loop
vertex -9.8860502243042 -41.66249084472656 6.199999809265137
vertex -11.716548919677734 -42.136146545410156 6.199999809265137
vertex -13.082579612731934 -43.00608825683594 7.199999809265137
endloop
endfacet
facet normal -0.22408473613874036 0.865903077624148 0.4472112377732248
outer loop
vertex -9.880294799804688 -41.970882415771484 6.800000190734863
vertex -9.8860502243042 -41.66249084472656 6.199999809265137
vertex -9.928326606750488 -42.18989944458008 7.199999809265137
endloop
endfacet
facet normal -0.22406076173119333 0.8659073262403991 0.4472150236917813
outer loop
vertex -11.716548919677734 -42.136146545410156 6.199999809265137
vertex -13.295332908630371 -42.54467010498047 6.199999809265137
vertex -13.082579612731934 -43.00608825683594 7.199999809265137
endloop
endfacet
facet normal 0.19160498520859578 0.8736637570803445 0.4472126666447077
outer loop
vertex -9.8860502243042 -41.66249084472656 6.199999809265137
vertex -9.880294799804688 -41.970882415771484 6.800000190734863
vertex -9.746011734008789 -41.69320297241211 6.199999809265137
endloop
endfacet
facet normal 0.5658648250549749 0.6926751632148097 0.4472114913895206
outer loop
vertex -8.064981460571289 -43.06648635864258 6.199999809265137
vertex -9.928326606750488 -42.18989944458008 7.199999809265137
vertex -8.310263633728027 -43.253440856933594 6.799929141998291
endloop
endfacet
facet normal 0.5658651253742634 0.6926716969507208 0.4472164801620998
outer loop
vertex -8.614248275756836 -42.61777114868164 6.199999809265137
vertex -9.880294799804688 -41.970882415771484 6.800000190734863
vertex -9.928326606750488 -42.18989944458008 7.199999809265137
endloop
endfacet
facet normal 0.5658660045749568 0.6926696738934123 0.4472185011096578
outer loop
vertex -9.928326606750488 -42.18989944458008 7.199999809265137
vertex -8.064981460571289 -43.06648635864258 6.199999809265137
vertex -8.614248275756836 -42.61777114868164 6.199999809265137
endloop
endfacet
facet normal 0.5658647048964544 0.6926747121021766 0.4472123421447752
outer loop
vertex -8.614248275756836 -42.61777114868164 6.199999809265137
vertex -9.746011734008789 -41.69320297241211 6.199999809265137
vertex -9.880294799804688 -41.970882415771484 6.800000190734863
endloop
endfacet
facet normal 0.5658645603181383 0.6926738962732648 0.44721378869347783
outer loop
vertex -8.310263633728027 -43.253440856933594 6.799929141998291
vertex -9.928326606750488 -42.18989944458008 7.199999809265137
vertex -8.51533031463623 -43.344215393066406 7.199999809265137
endloop
endfacet
facet normal 0.8178850832649999 0.362028169556927 0.4472131427181732
outer loop
vertex -8.043961524963379 -43.11397171020508 6.199999809265137
vertex -8.310263633728027 -43.253440856933594 6.799929141998291
vertex -8.006958961486816 -43.197566986083984 6.199999809265137
endloop
endfacet
facet normal 0.8178782056833596 0.36204317021744314 0.4472135771273849
outer loop
vertex -8.043961524963379 -43.11397171020508 6.199999809265137
vertex -8.064981460571289 -43.06648635864258 6.199999809265137
vertex -8.310263633728027 -43.253440856933594 6.799929141998291
endloop
endfacet
facet normal 0.8932013353970465 -0.046810663462961914 0.44721374781092116
outer loop
vertex -8.082958221435547 -44.64772033691406 6.199999809265137
vertex -8.006958961486816 -43.197566986083984 6.199999809265137
vertex -8.310263633728027 -43.253440856933594 6.799929141998291
endloop
endfacet
facet normal 0.8932017969456855 -0.04681021190956152 0.4472128732426878
outer loop
vertex -8.082958221435547 -44.64772033691406 6.199999809265137
vertex -8.310263633728027 -43.253440856933594 6.799929141998291
vertex -8.51533031463623 -43.344215393066406 7.199999809265137
endloop
endfacet
facet normal 0.8932011874593475 -0.04681126350151181 0.44721398047311023
outer loop
vertex -8.51533031463623 -43.344215393066406 7.199999809265137
vertex -8.582273483276367 -44.621551513671875 7.199999809265137
vertex -8.082958221435547 -44.64772033691406 6.199999809265137
endloop
endfacet
facet normal 0.8937565141972993 -0.046822008115405725 0.4461019982985212
outer loop
vertex -8.309768676757812 -48.97291946411133 6.200316905975342
vertex -8.215356826782227 -47.173770904541016 6.199999809265137
vertex -8.807371139526367 -48.946754455566406 7.199999809265137
endloop
endfacet
facet normal 0.8932009604196092 -0.0468155954474683 0.4472139804706319
outer loop
vertex -8.582273483276367 -44.621551513671875 7.199999809265137
vertex -8.215356826782227 -47.173770904541016 6.199999809265137
vertex -8.082958221435547 -44.64772033691406 6.199999809265137
endloop
endfacet
facet normal 0.8935515684913004 -0.04650333556783373 0.4465456686922429
outer loop
vertex -8.582273483276367 -44.621551513671875 7.199999809265137
vertex -8.807371139526367 -48.946754455566406 7.199999809265137
vertex -8.215356826782227 -47.173770904541016 6.199999809265137
endloop
endfacet
facet normal 0.8646026613706593 0.23166485510671309 0.44586279600249046
outer loop
vertex -8.779497146606445 -49.14382553100586 7.199999809265137
vertex -8.309768676757812 -48.97291946411133 6.200316905975342
vertex -8.802054405212402 -49.05963897705078 7.199999809265137
endloop
endfacet
facet normal 0.8112124948760535 0.37835044746536284 0.44585336946100157
outer loop
vertex -8.779497146606445 -49.14382553100586 7.199999809265137
vertex -8.74264144897461 -49.22284698486328 7.199999809265137
vertex -8.309768676757812 -48.97291946411133 6.200316905975342
endloop
endfacet
facet normal 0.8948718990642571 0.04214746246691026 0.4443285672480789
outer loop
vertex -8.807371139526367 -48.946754455566406 7.199999809265137
vertex -8.802054405212402 -49.05963897705078 7.199999809265137
vertex -8.309768676757812 -48.97291946411133 6.200316905975342
endloop
endfacet
facet normal 0.7184151654823786 0.5348272688736734 0.444791459533627
outer loop
vertex -8.68029499053955 -49.30659484863281 7.199999809265137
vertex -8.309768676757812 -48.97291946411133 6.200316905975342
vertex -8.74264144897461 -49.22284698486328 7.199999809265137
endloop
endfacet
facet normal 0.6650156341978826 0.598774942641661 0.4463437849201709
outer loop
vertex -7.921600341796875 -49.40379333496094 6.199999809265137
vertex -8.309768676757812 -48.97291946411133 6.200316905975342
vertex -8.68029499053955 -49.30659484863281 7.199999809265137
endloop
endfacet
facet normal 0.6650133864946539 0.5987790044719117 0.4463416847960074
outer loop
vertex -7.921600341796875 -49.40379333496094 6.199999809265137
vertex -8.68029499053955 -49.30659484863281 7.199999809265137
vertex -8.292266845703125 -49.737545013427734 7.199999809265137
endloop
endfacet
facet normal 0.2316595812208756 0.8646097383846099 0.4458518125106871
outer loop
vertex -7.921600341796875 -49.40379333496094 6.199999809265137
vertex -8.092610359191895 -49.87364196777344 7.199999809265137
vertex -8.008424758911133 -49.89619827270508 7.199999809265137
endloop
endfacet
facet normal 0.3782976224166575 0.8112380170853483 0.4458517562030415
outer loop
vertex -7.921600341796875 -49.40379333496094 6.199999809265137
vertex -8.171600341796875 -49.83680725097656 7.199999809265137
vertex -8.092610359191895 -49.87364196777344 7.199999809265137
endloop
endfacet
facet normal 0.5134193727503318 0.7332239809774006 0.4458510305071733
outer loop
vertex -8.24299430847168 -49.78681564331055 7.199999809265137
vertex -8.171600341796875 -49.83680725097656 7.199999809265137
vertex -7.921600341796875 -49.40379333496094 6.199999809265137
endloop
endfacet
facet normal 0.07801098592575324 0.8917011304924959 0.44585129802804935
outer loop
vertex -7.921600341796875 -49.40379333496094 6.199999809265137
vertex -8.008424758911133 -49.89619827270508 7.199999809265137
vertex -7.9476847648620605 -49.901512145996094 7.199999809265137
endloop
endfacet
facet normal 0.6329239928289441 0.6329484943771335 0.4458513460416894
outer loop
vertex -7.921600341796875 -49.40379333496094 6.199999809265137
vertex -8.292266845703125 -49.737545013427734 7.199999809265137
vertex -8.24299430847168 -49.78681564331055 7.199999809265137
endloop
endfacet
facet normal 0.046841798455517274 0.8937909267149092 0.4460309689243071
outer loop
vertex 9.63420581817627 -50.35268020629883 6.2576494216918945
vertex -7.9476847648620605 -49.901512145996094 7.199999809265137
vertex 9.608160972595215 -50.82157897949219 7.199999809265137
endloop
endfacet
facet normal 0.04688921642769597 0.8932063213387879 0.4471955600218168
outer loop
vertex -7.9476847648620605 -49.901512145996094 7.199999809265137
vertex 9.63420581817627 -50.35268020629883 6.2576494216918945
vertex 9.639457702636719 -50.324092864990234 6.199999809265137
endloop
endfacet
facet normal 0.04683768453870623 0.8937840856669272 0.4460451092833406
outer loop
vertex 9.639457702636719 -50.324092864990234 6.199999809265137
vertex -0.03883352503180504 -49.81691360473633 6.199999809265137
vertex -7.9476847648620605 -49.901512145996094 7.199999809265137
endloop
endfacet
facet normal 0.04684082953618074 0.8937720168954776 0.44606896160005666
outer loop
vertex -0.03883352503180504 -49.81691360473633 6.199999809265137
vertex -7.921600341796875 -49.40379333496094 6.199999809265137
vertex -7.9476847648620605 -49.901512145996094 7.199999809265137
endloop
endfacet
facet normal -0.5896915299831199 -0.7153614560636589 -0.3748624903143141
outer loop
vertex 9.63548469543457 -50.399898529052734 6.352311611175537
vertex 9.63420581817627 -50.4243049621582 6.4008989334106445
vertex 9.608160972595215 -50.82157897949219 7.199999809265137
endloop
endfacet
facet normal -0.07862682797086212 0.8916581506040263 0.44582907530201316
outer loop
vertex 9.63420581817627 -50.35268020629883 6.2576494216918945
vertex 9.63420581817627 -50.4243049621582 6.4008989334106445
vertex 9.63548469543457 -50.399898529052734 6.352311611175537
endloop
endfacet
facet normal 0.02504084449139443 0.8947076882048727 0.4459496706740012
outer loop
vertex 9.639457702636719 -50.324092864990234 6.199999809265137
vertex 9.63420581817627 -50.35268020629883 6.2576494216918945
vertex 9.63548469543457 -50.399898529052734 6.352311611175537
endloop
endfacet
facet normal 0.07793860798735047 0.8917064868598833 0.44585324342994165
outer loop
vertex 9.63420581817627 -50.4243049621582 6.4008989334106445
vertex 9.63420581817627 -50.35268020629883 6.2576494216918945
vertex 9.608160972595215 -50.82157897949219 7.199999809265137
endloop
endfacet
facet normal -0.3086338573835989 0.8547307635825965 0.41734933073150077
outer loop
vertex 9.639457702636719 -50.324092864990234 6.199999809265137
vertex 9.63548469543457 -50.399898529052734 6.352311611175537
vertex 9.977742195129395 -50.690223693847656 7.199999809265137
endloop
endfacet
facet normal -0.3044864979180404 0.85670318931993 0.41635035486314603
outer loop
vertex 9.977742195129395 -50.690223693847656 7.199999809265137
vertex 9.63548469543457 -50.399898529052734 6.352311611175537
vertex 9.608160972595215 -50.82157897949219 7.199999809265137
endloop
endfacet
facet normal -0.6073464063275222 0.6573424359298392 0.44612920174190507
outer loop
vertex 9.639457702636719 -50.324092864990234 6.199999809265137
vertex 9.977742195129395 -50.690223693847656 7.199999809265137
vertex 9.850398063659668 -50.12919616699219 6.199999809265137
endloop
endfacet
facet normal -0.6034659838837159 0.660168574290246 0.44722059413095333
outer loop
vertex 9.850398063659668 -50.12919616699219 6.199999809265137
vertex 9.977742195129395 -50.690223693847656 7.199999809265137
vertex 10.187350273132324 -50.498619079589844 7.199999809265137
endloop
endfacet
facet normal -0.5984746628570893 0.6646993181732426 0.44721683145664315
outer loop
vertex 10.065155029296875 -49.935829162597656 6.199999809265137
vertex 10.018376350402832 -49.97794723510742 6.199999809265137
vertex 10.187350273132324 -50.498619079589844 7.199999809265137
endloop
endfacet
facet normal -0.5984899821309049 0.6646878135171966 0.4472134298639495
outer loop
vertex 9.850398063659668 -50.12919616699219 6.199999809265137
vertex 10.187350273132324 -50.498619079589844 7.199999809265137
vertex 10.018376350402832 -49.97794723510742 6.199999809265137
endloop
endfacet
facet normal -0.5984899862052812 0.6646883968126421 0.44721255746528604
outer loop
vertex 10.187350273132324 -50.498619079589844 7.199999809265137
vertex 10.399720191955566 -50.30739974975586 7.199999809265137
vertex 10.065155029296875 -49.935829162597656 6.199999809265137
endloop
endfacet
facet normal -0.6998041133010667 0.5607760343861634 0.44249795735690817
outer loop
vertex 10.49959945678711 -50.18275833129883 7.199999809265137
vertex 10.065155029296875 -49.935829162597656 6.199999809265137
vertex 10.399720191955566 -50.30739974975586 7.199999809265137
endloop
endfacet
facet normal -0.8628625434543868 0.2538196907288736 0.4370855702282166
outer loop
vertex 10.123395919799805 -49.96555709838867 6.33119535446167
vertex 10.49959945678711 -50.18275833129883 7.199999809265137
vertex 10.571981430053711 -49.93669509887695 7.199999809265137
endloop
endfacet
facet normal -0.8941873212245586 0.027016663860000453 0.44687709097147055
outer loop
vertex 10.077056884765625 -49.77672576904297 6.199999809265137
vertex 10.571981430053711 -49.93669509887695 7.199999809265137
vertex 10.580402374267578 -49.657981872558594 7.199999809265137
endloop
endfacet
facet normal -0.8899761333506121 0.06657537009815646 0.4511210504538522
outer loop
vertex 10.065155029296875 -49.935829162597656 6.199999809265137
vertex 10.571981430053711 -49.93669509887695 7.199999809265137
vertex 10.077056884765625 -49.77672576904297 6.199999809265137
endloop
endfacet
facet normal -0.8941091178747493 0.023851283001754386 0.44721359732504534
outer loop
vertex 10.080751419067383 -49.63822937011719 6.199999809265137
vertex 10.077056884765625 -49.77672576904297 6.199999809265137
vertex 10.580402374267578 -49.657981872558594 7.199999809265137
endloop
endfacet
facet normal -0.8932015292897049 0.04681051333762673 0.44721337627088087
outer loop
vertex 10.11964225769043 -48.89614486694336 6.199999809265137
vertex 10.080751419067383 -49.63822937011719 6.199999809265137
vertex 10.302209854125977 -48.940643310546875 6.5692925453186035
endloop
endfacet
facet normal -0.8932011693398367 0.04681090620499547 0.4472140540616044
outer loop
vertex 10.580402374267578 -49.657981872558594 7.199999809265137
vertex 10.610419273376465 -49.085227966308594 7.199999809265137
vertex 10.302209854125977 -48.940643310546875 6.5692925453186035
endloop
endfacet
facet normal -0.893201437503357 0.04681037974860161 0.4472135735750073
outer loop
vertex 10.302209854125977 -48.940643310546875 6.5692925453186035
vertex 10.080751419067383 -49.63822937011719 6.199999809265137
vertex 10.580402374267578 -49.657981872558594 7.199999809265137
endloop
endfacet
facet normal -0.8145705707932924 0.36942409817263644 0.4472142896719919
outer loop
vertex 10.14947509765625 -48.83036422729492 6.199999809265137
vertex 10.11964225769043 -48.89614486694336 6.199999809265137
vertex 10.302209854125977 -48.940643310546875 6.5692925453186035
endloop
endfacet
facet normal -0.606978623140549 0.6569460494281292 0.44721229767435655
outer loop
vertex 11.710502624511719 -48.068817138671875 7.199999809265137
vertex 11.636734008789062 -47.86467742919922 6.800000190734863
vertex 10.610419273376465 -49.085227966308594 7.199999809265137
endloop
endfacet
facet normal -0.6069777774828432 0.6569452480410528 0.44721462265702794
outer loop
vertex 11.636734008789062 -47.86467742919922 6.800000190734863
vertex 11.477713584899902 -47.603153228759766 6.199999809265137
vertex 10.302209854125977 -48.940643310546875 6.5692925453186035
endloop
endfacet
facet normal -0.6069768641346464 0.6569449204516747 0.44721634350503514
outer loop
vertex 10.14947509765625 -48.83036422729492 6.199999809265137
vertex 10.302209854125977 -48.940643310546875 6.5692925453186035
vertex 11.477713584899902 -47.603153228759766 6.199999809265137
endloop
endfacet
facet normal -0.6069780697971185 0.6569459014887862 0.4472132660179596
outer loop
vertex 11.636734008789062 -47.86467742919922 6.800000190734863
vertex 10.302209854125977 -48.940643310546875 6.5692925453186035
vertex 10.610419273376465 -49.085227966308594 7.199999809265137
endloop
endfacet
facet normal -0.3039680779375525 0.8411910975613446 0.4472146520167808
outer loop
vertex 11.591841697692871 -47.561912536621094 6.199999809265137
vertex 11.477713584899902 -47.603153228759766 6.199999809265137
vertex 11.636734008789062 -47.86467742919922 6.800000190734863
endloop
endfacet
facet normal 0.04681003156395119 0.8932019344163976 0.4472126175543206
outer loop
vertex 16.298702239990234 -47.80858612060547 6.199999809265137
vertex 11.710502624511719 -48.068817138671875 7.199999809265137
vertex 16.272533416748047 -48.307899475097656 7.199999809265137
endloop
endfacet
facet normal 0.04681021449618138 0.8932012420207445 0.4472139813013689
outer loop
vertex 16.298702239990234 -47.80858612060547 6.199999809265137
vertex 11.591841697692871 -47.561912536621094 6.199999809265137
vertex 11.636734008789062 -47.86467742919922 6.800000190734863
endloop
endfacet
facet normal 0.04681002955080425 0.8932019386013171 0.4472126094066465
outer loop
vertex 11.636734008789062 -47.86467742919922 6.800000190734863
vertex 11.710502624511719 -48.068817138671875 7.199999809265137
vertex 16.298702239990234 -47.80858612060547 6.199999809265137
endloop
endfacet
facet normal 0.046810339299802564 0.8932019182886818 0.44721261755462177
outer loop
vertex 22.073373794555664 -48.11122131347656 6.199999809265137
vertex 16.298702239990234 -47.80858612060547 6.199999809265137
vertex 16.272533416748047 -48.307899475097656 7.199999809265137
endloop
endfacet
facet normal 0.046810542645568304 0.8932013709350768 0.4472136894784496
outer loop
vertex 22.073373794555664 -48.11122131347656 6.199999809265137
vertex 16.272533416748047 -48.307899475097656 7.199999809265137
vertex 26.660980224609375 -48.852333068847656 7.199999809265137
endloop
endfacet
facet normal 0.046809671491667065 0.8931999447806297 0.44721662904986276
outer loop
vertex 26.687183380126953 -48.3530158996582 6.199999809265137
vertex 22.073373794555664 -48.11122131347656 6.199999809265137
vertex 26.660980224609375 -48.852333068847656 7.199999809265137
endloop
endfacet
facet normal -0.05467898723871708 0.8939048780201523 0.4449092912115061
outer loop
vertex 26.773983001708984 -48.845420837402344 7.199999809265137
vertex 26.687183380126953 -48.3530158996582 6.199999809265137
vertex 26.660980224609375 -48.852333068847656 7.199999809265137
endloop
endfacet
facet normal -0.3986123617514651 0.8085974103507574 0.43275675966178495
outer loop
vertex 26.687183380126953 -48.3530158996582 6.199999809265137
vertex 26.773983001708984 -48.845420837402344 7.199999809265137
vertex 27.020933151245117 -48.72368240356445 7.199999809265137
endloop
endfacet
facet normal -0.5987763516628378 0.6650151365317661 0.44634263618097025
outer loop
vertex 27.118131637573242 -47.964988708496094 6.199999809265137
vertex 26.849220275878906 -48.207115173339844 6.199999809265137
vertex 27.020933151245117 -48.72368240356445 7.199999809265137
endloop
endfacet
facet normal -0.5987849161662451 0.6650086773862941 0.44634077023359026
outer loop
vertex 26.849220275878906 -48.207115173339844 6.199999809265137
vertex 26.687183380126953 -48.3530158996582 6.199999809265137
vertex 27.020933151245117 -48.72368240356445 7.199999809265137
endloop
endfacet
facet normal -0.59709122992008 0.6659454121212559 0.44721222168806685
outer loop
vertex 27.45269775390625 -48.3365592956543 7.199999809265137
vertex 27.118131637573242 -47.964988708496094 6.199999809265137
vertex 27.020933151245117 -48.72368240356445 7.199999809265137
endloop
endfacet
facet normal -0.8917013808651659 0.0780091706051106 0.44585111490794677
outer loop
vertex 27.6158504486084 -47.99106979370117 7.199999809265137
vertex 27.118131637573242 -47.964988708496094 6.199999809265137
vertex 27.610536575317383 -48.05181121826172 7.199999809265137
endloop
endfacet
facet normal -0.8646059429182688 0.2316755287256868 0.4458508863511264
outer loop
vertex 27.610536575317383 -48.05181121826172 7.199999809265137
vertex 27.118131637573242 -47.964988708496094 6.199999809265137
vertex 27.58797836303711 -48.1359977722168 7.199999809265137
endloop
endfacet
facet normal -0.8112476143886054 0.3782779417940396 0.4458509918132536
outer loop
vertex 27.58797836303711 -48.1359977722168 7.199999809265137
vertex 27.118131637573242 -47.964988708496094 6.199999809265137
vertex 27.551145553588867 -48.214988708496094 7.199999809265137
endloop
endfacet
facet normal -0.7332176962467223 0.513428688715645 0.4458506381226595
outer loop
vertex 27.551145553588867 -48.214988708496094 7.199999809265137
vertex 27.118131637573242 -47.964988708496094 6.199999809265137
vertex 27.50115394592285 -48.286380767822266 7.199999809265137
endloop
endfacet
facet normal -0.6437147767726752 0.6216198078116851 0.4463407898687602
outer loop
vertex 27.118131637573242 -47.964988708496094 6.199999809265137
vertex 27.45269775390625 -48.3365592956543 7.199999809265137
vertex 27.50115394592285 -48.286380767822266 7.199999809265137
endloop
endfacet
facet normal -0.8937720889794954 0.04684064674757779 0.44606883636216693
outer loop
vertex 28.624671936035156 -19.218509674072266 6.199999809265137
vertex 27.118131637573242 -47.964988708496094 6.199999809265137
vertex 27.6158504486084 -47.99106979370117 7.199999809265137
endloop
endfacet
facet normal -0.8931953218053752 0.046860452169365234 0.4472205441697357
outer loop
vertex 28.624671936035156 -19.218509674072266 6.199999809265137
vertex 27.6158504486084 -47.99106979370117 7.199999809265137
vertex 28.918075561523438 -19.35222053527832 6.800000190734863
endloop
endfacet
facet normal -0.8931882711592503 0.04686032842843892 0.4472346385099535
outer loop
vertex 28.918075561523438 -19.35222053527832 6.800000190734863
vertex 27.6158504486084 -47.99106979370117 7.199999809265137
vertex 29.108041763305664 -19.548934936523438 7.199999809265137
endloop
endfacet
facet normal -0.6213231600592709 0.6433962359144401 0.44721226994022856
outer loop
vertex 28.79468536376953 -19.05432891845703 6.199999809265137
vertex 28.624671936035156 -19.218509674072266 6.199999809265137
vertex 28.918075561523438 -19.35222053527832 6.800000190734863
endloop
endfacet
facet normal -0.015608807608512115 0.8942911914308483 0.4472131818878265
outer loop
vertex 32.6475715637207 -19.287126541137695 6.800000190734863
vertex 28.918075561523438 -19.35222053527832 6.800000190734863
vertex 29.108041763305664 -19.548934936523438 7.199999809265137
endloop
endfacet
facet normal -0.015608613129649868 0.8942913817335182 0.44721280812754405
outer loop
vertex 32.760494232177734 -18.985111236572266 6.199999809265137
vertex 28.79468536376953 -19.05432891845703 6.199999809265137
vertex 28.918075561523438 -19.35222053527832 6.800000190734863
endloop
endfacet
facet normal -0.015608819724108033 0.8942918855819315 0.4472117933699132
outer loop
vertex 32.760494232177734 -18.985111236572266 6.199999809265137
vertex 28.918075561523438 -19.35222053527832 6.800000190734863
vertex 32.6475715637207 -19.287126541137695 6.800000190734863
endloop
endfacet
facet normal -0.015608699719657147 0.8942908331614354 0.4472139020832062
outer loop
vertex 32.4645881652832 -19.4903507232666 7.199999809265137
vertex 32.6475715637207 -19.287126541137695 6.800000190734863
vertex 29.108041763305664 -19.548934936523438 7.199999809265137
endloop
endfacet
facet normal 0.5984866793289316 0.6646897193950179 0.44721501718569423
outer loop
vertex 32.83295822143555 -19.050357818603516 6.199999809265137
vertex 32.760494232177734 -18.985111236572266 6.199999809265137
vertex 32.6475715637207 -19.287126541137695 6.800000190734863
endloop
endfacet
facet normal 0.598497387751801 0.6646803411955492 0.44721462507663895
outer loop
vertex 32.83295822143555 -19.050357818603516 6.199999809265137
vertex 32.6475715637207 -19.287126541137695 6.800000190734863
vertex 32.93613052368164 -19.14325714111328 6.199999809265137
endloop
endfacet
facet normal 0.8916707625468652 0.07807826105468497 0.4459002538346086
outer loop
vertex 33.41264343261719 -24.59193992614746 6.20048713684082
vertex 33.333770751953125 -23.688413619995117 6.199999809265137
vertex 32.91659927368164 -24.635164260864258 7.199999809265137
endloop
endfacet
facet normal 0.8910232137870105 0.07795779038172736 0.44721383633723355
outer loop
vertex 32.4645881652832 -19.4903507232666 7.199999809265137
vertex 32.93613052368164 -19.14325714111328 6.199999809265137
vertex 32.6475715637207 -19.287126541137695 6.800000190734863
endloop
endfacet
facet normal 0.8915539458817363 0.07832981396312748 0.4460896791310104
outer loop
vertex 32.91659927368164 -24.635164260864258 7.199999809265137
vertex 33.333770751953125 -23.688413619995117 6.199999809265137
vertex 32.4645881652832 -19.4903507232666 7.199999809265137
endloop
endfacet
facet normal 0.8910242963391053 0.07795267472922834 0.44721257119625046
outer loop
vertex 32.4645881652832 -19.4903507232666 7.199999809265137
vertex 33.333770751953125 -23.688413619995117 6.199999809265137
vertex 32.93613052368164 -19.14325714111328 6.199999809265137
endloop
endfacet
facet normal 0.8916811098701872 0.07795990548050054 0.4459002707311831
outer loop
vertex 32.92039489746094 -24.678577423095703 7.199999809265137
vertex 33.41264343261719 -24.59193992614746 6.20048713684082
vertex 32.91659927368164 -24.635164260864258 7.199999809265137
endloop
endfacet
facet normal 0.8645862514484604 0.2316898405485611 0.4458816340609713
outer loop
vertex 32.92039489746094 -24.678577423095703 7.199999809265137
vertex 32.942955017089844 -24.76276397705078 7.199999809265137
vertex 33.41264343261719 -24.59193992614746 6.20048713684082
endloop
endfacet
facet normal 0.8112446437621132 0.378266101732461 0.445866442163356
outer loop
vertex 32.942955017089844 -24.76276397705078 7.199999809265137
vertex 32.97978591918945 -24.841753005981445 7.199999809265137
vertex 33.41264343261719 -24.59193992614746 6.20048713684082
endloop
endfacet
facet normal 0.7332218128565978 0.5134178545850079 0.4458563442910866
outer loop
vertex 32.97978591918945 -24.841753005981445 7.199999809265137
vertex 33.02977752685547 -24.91314697265625 7.199999809265137
vertex 33.41264343261719 -24.59193992614746 6.20048713684082
endloop
endfacet
facet normal 0.6329653134983451 0.6329065914171225 0.44585217107097425
outer loop
vertex 33.09144973754883 -24.974824905395508 7.199999809265137
vertex 33.41264343261719 -24.59193992614746 6.20048713684082
vertex 33.02977752685547 -24.91314697265625 7.199999809265137
endloop
endfacet
facet normal 0.5749258186183204 0.6851722255114712 0.4472128402379699
outer loop
vertex 33.09144973754883 -24.974824905395508 7.199999809265137
vertex 33.53567886352539 -25.347576141357422 7.199999809265137
vertex 33.85707092285156 -24.964553833007812 6.199999809265137
endloop
endfacet
facet normal 0.5749362488190347 0.6851583540913849 0.447220683346244
outer loop
vertex 33.85707092285156 -24.964553833007812 6.199999809265137
vertex 33.41264343261719 -24.59193992614746 6.20048713684082
vertex 33.09144973754883 -24.974824905395508 7.199999809265137
endloop
endfacet
facet normal 0.3782941623142336 0.8112403913671121 0.44585037195622845
outer loop
vertex 33.60707092285156 -25.397565841674805 7.199999809265137
vertex 33.68606185913086 -25.43440055847168 7.199999809265137
vertex 33.85707092285156 -24.964553833007812 6.199999809265137
endloop
endfacet
facet normal 0.5134157044699232 0.7332271287843576 0.4458500779615268
outer loop
vertex 33.53567886352539 -25.347576141357422 7.199999809265137
vertex 33.60707092285156 -25.397565841674805 7.199999809265137
vertex 33.85707092285156 -24.964553833007812 6.199999809265137
endloop
endfacet
facet normal 0.23165733728625873 0.8646111578843978 0.4458502256848612
outer loop
vertex 33.68606185913086 -25.43440055847168 7.199999809265137
vertex 33.77024841308594 -25.45695686340332 7.199999809265137
vertex 33.85707092285156 -24.964553833007812 6.199999809265137
endloop
endfacet
facet normal 0.07802379610957792 0.8917005269666048 0.4458502634833024
outer loop
vertex 33.85707092285156 -24.964553833007812 6.199999809265137
vertex 33.77024841308594 -25.45695686340332 7.199999809265137
vertex 33.85707092285156 -25.464553833007812 7.199999809265137
endloop
endfacet
facet normal -0.0780043261152452 0.8917018896951184 0.4458509448475592
outer loop
vertex 33.85707092285156 -24.964553833007812 6.199999809265137
vertex 33.85707092285156 -25.464553833007812 7.199999809265137
vertex 33.900482177734375 -25.460756301879883 7.199999809265137
endloop
endfacet
facet normal -0.07790613047308093 0.891710475466173 0.44585094233230327
outer loop
vertex 33.85707092285156 -24.964553833007812 6.199999809265137
vertex 33.900482177734375 -25.460756301879883 7.199999809265137
vertex 49.59726333618164 -24.089374542236328 7.199999809265137
endloop
endfacet
facet normal -0.07795449229548695 0.8910239006160561 0.4472130428128202
outer loop
vertex 49.55368423461914 -23.591278076171875 6.199999809265137
vertex 33.85707092285156 -24.964553833007812 6.199999809265137
vertex 49.59726333618164 -24.089374542236328 7.199999809265137
endloop
endfacet
facet normal -0.07795131684211876 0.8910242978277899 0.4472128049185011
outer loop
vertex 49.59726333618164 -24.089374542236328 7.199999809265137
vertex 51.4136962890625 -23.930463790893555 7.199999809265137
vertex 51.370121002197266 -23.4323673248291 6.199999809265137
endloop
endfacet
facet normal -0.07795200876020977 0.8910241178957565 0.44721304280883506
outer loop
vertex 50.67305374145508 -23.493349075317383 6.199999809265137
vertex 49.55368423461914 -23.591278076171875 6.199999809265137
vertex 49.59726333618164 -24.089374542236328 7.199999809265137
endloop
endfacet
facet normal -0.07794966677715587 0.8910233022346582 0.4472150761369468
outer loop
vertex 51.370121002197266 -23.4323673248291 6.199999809265137
vertex 50.67305374145508 -23.493349075317383 6.199999809265137
vertex 49.59726333618164 -24.089374542236328 7.199999809265137
endloop
endfacet
facet normal -0.6329464216193458 0.6329268324261416 0.44585025754649543
outer loop
vertex 51.370121002197266 -23.4323673248291 6.199999809265137
vertex 51.6915168762207 -23.815387725830078 7.199999809265137
vertex 51.753143310546875 -23.753759384155273 7.199999809265137
endloop
endfacet
facet normal -0.5134103771869497 0.73323072258153 0.44585030229811584
outer loop
vertex 51.6915168762207 -23.815387725830078 7.199999809265137
vertex 51.370121002197266 -23.4323673248291 6.199999809265137
vertex 51.620121002197266 -23.865379333496094 7.199999809265137
endloop
endfacet
facet normal -0.3782782027600616 0.8112481740513277 0.4458497520634105
outer loop
vertex 51.620121002197266 -23.865379333496094 7.199999809265137
vertex 51.370121002197266 -23.4323673248291 6.199999809265137
vertex 51.54113006591797 -23.902212142944336 7.199999809265137
endloop
endfacet
facet normal -0.23168544836626756 0.8646037836385884 0.44584991906824273
outer loop
vertex 51.54113006591797 -23.902212142944336 7.199999809265137
vertex 51.370121002197266 -23.4323673248291 6.199999809265137
vertex 51.456947326660156 -23.92477035522461 7.199999809265137
endloop
endfacet
facet normal -0.11675490071626334 0.8869461067477346 0.4468723496523049
outer loop
vertex 51.456947326660156 -23.92477035522461 7.199999809265137
vertex 51.370121002197266 -23.4323673248291 6.199999809265137
vertex 51.4136962890625 -23.930463790893555 7.199999809265137
endloop
endfacet
facet normal -0.6851728719116744 0.5749243658716329 0.44721371750362154
outer loop
vertex 51.74287414550781 -22.98813247680664 6.199999809265137
vertex 51.753143310546875 -23.753759384155273 7.199999809265137
vertex 52.12589645385742 -23.309526443481445 7.199999809265137
endloop
endfacet
facet normal -0.6851735117966441 0.5749242856746788 0.4472128402379723
outer loop
vertex 51.6683235168457 -23.076980590820312 6.199999809265137
vertex 51.370121002197266 -23.4323673248291 6.199999809265137
vertex 51.753143310546875 -23.753759384155273 7.199999809265137
endloop
endfacet
facet normal -0.6851790778479365 0.5749196993852657 0.4472102084458797
outer loop
vertex 51.74287414550781 -22.98813247680664 6.199999809265137
vertex 51.6683235168457 -23.076980590820312 6.199999809265137
vertex 51.753143310546875 -23.753759384155273 7.199999809265137
endloop
endfacet
facet normal -0.8112362024067259 0.378301343560686 0.44585190070795205
outer loop
vertex 51.74287414550781 -22.98813247680664 6.199999809265137
vertex 52.17588806152344 -23.23813247680664 7.199999809265137
vertex 52.21272277832031 -23.159143447875977 7.199999809265137
endloop
endfacet
facet normal -0.7332239809774006 0.5134193727503318 0.4458510305071733
outer loop
vertex 51.74287414550781 -22.98813247680664 6.199999809265137
vertex 52.12589645385742 -23.309526443481445 7.199999809265137
vertex 52.17588806152344 -23.23813247680664 7.199999809265137
endloop
endfacet
facet normal -0.8646103518431743 0.23165712132170418 0.44585190100140165
outer loop
vertex 51.74287414550781 -22.98813247680664 6.199999809265137
vertex 52.21272277832031 -23.159143447875977 7.199999809265137
vertex 52.23527908325195 -23.0749568939209 7.199999809265137
endloop
endfacet
facet normal -0.8917020088853294 0.0780026229516351 0.4458510044426647
outer loop
vertex 52.23527908325195 -23.0749568939209 7.199999809265137
vertex 52.24287414550781 -22.98813247680664 7.199999809265137
vertex 51.74287414550781 -22.98813247680664 6.199999809265137
endloop
endfacet
facet normal -0.8917050903839601 -0.07795857700835078 0.44585254519198003
outer loop
vertex 51.74287414550781 -22.98813247680664 6.199999809265137
vertex 52.24287414550781 -22.98813247680664 7.199999809265137
vertex 52.239078521728516 -22.944717407226562 7.199999809265137
endloop
endfacet
facet normal -0.8910232067380675 -0.07796174058454983 0.44721316176879067
outer loop
vertex 51.22655487060547 -17.087129592895508 6.199999809265137
vertex 51.74287414550781 -22.98813247680664 6.199999809265137
vertex 51.72465133666992 -17.043548583984375 7.199999809265137
endloop
endfacet
facet normal -0.8917246169246363 -0.07773500441561033 0.445852527927246
outer loop
vertex 51.74287414550781 -22.98813247680664 6.199999809265137
vertex 52.239078521728516 -22.944717407226562 7.199999809265137
vertex 51.72465133666992 -17.043548583984375 7.199999809265137
endloop
endfacet
facet normal -0.8910235616658075 -0.07795768402104414 0.4472131617679135
outer loop
vertex 51.17818069458008 -16.53423309326172 6.199999809265137
vertex 51.22655487060547 -17.087129592895508 6.199999809265137
vertex 51.72465133666992 -17.043548583984375 7.199999809265137
endloop
endfacet
facet normal -0.8910217270094315 -0.07795450557964836 0.44721737114848586
outer loop
vertex 51.46480941772461 -16.368751525878906 6.799922943115234
vertex 51.72465133666992 -17.043548583984375 7.199999809265137
vertex 51.67131042480469 -16.433860778808594 7.199999809265137
endloop
endfacet
facet normal -0.8910236703870252 -0.07795790037557326 0.44721290743790704
outer loop
vertex 51.46480941772461 -16.368751525878906 6.799922943115234
vertex 51.160789489746094 -16.33545684814453 6.199999809265137
vertex 51.72465133666992 -17.043548583984375 7.199999809265137
endloop
endfacet
facet normal -0.8910234525819496 -0.0779568573025468 0.44721352321732477
outer loop
vertex 51.17818069458008 -16.53423309326172 6.199999809265137
vertex 51.72465133666992 -17.043548583984375 7.199999809265137
vertex 51.160789489746094 -16.33545684814453 6.199999809265137
endloop
endfacet
facet normal -0.8530414567481192 0.26893126093432773 0.4472094028096003
outer loop
vertex 51.19667434692383 -16.221647262573242 6.199999809265137
vertex 51.17688751220703 -16.28441047668457 6.199999809265137
vertex 51.46480941772461 -16.368751525878906 6.799922943115234
endloop
endfacet
facet normal -0.8530175261581883 0.2690082547089306 0.44720874204941413
outer loop
vertex 51.17688751220703 -16.28441047668457 6.199999809265137
vertex 51.160789489746094 -16.33545684814453 6.199999809265137
vertex 51.46480941772461 -16.368751525878906 6.799922943115234
endloop
endfacet
facet normal -0.685173440783479 0.5749248860219662 0.44721217724650275
outer loop
vertex 52.33839797973633 -14.860984802246094 6.199999809265137
vertex 51.19667434692383 -16.221647262573242 6.199999809265137
vertex 51.46480941772461 -16.368751525878906 6.799922943115234
endloop
endfacet
facet normal -0.6851711509780636 0.5749243302866633 0.44721639986904255
outer loop
vertex 52.529685974121094 -15.099321365356445 6.799466609954834
vertex 51.67131042480469 -16.433860778808594 7.199999809265137
vertex 52.62977981567383 -15.291596412658691 7.199999809265137
endloop
endfacet
facet normal -0.6851701123059535 0.5749249525413643 0.4472171912482313
outer loop
vertex 52.33839797973633 -14.860984802246094 6.199999809265137
vertex 51.46480941772461 -16.368751525878906 6.799922943115234
vertex 51.67131042480469 -16.433860778808594 7.199999809265137
endloop
endfacet
facet normal -0.6851718589991178 0.574924423974447 0.4472151946807527
outer loop
vertex 52.529685974121094 -15.099321365356445 6.799466609954834
vertex 52.33839797973633 -14.860984802246094 6.199999809265137
vertex 51.67131042480469 -16.433860778808594 7.199999809265137
endloop
endfacet
facet normal -0.41300367596641835 0.7933646994283298 0.44721406209914927
outer loop
vertex 52.44416809082031 -14.805924415588379 6.199999809265137
vertex 52.39210891723633 -14.833024978637695 6.199999809265137
vertex 52.529685974121094 -15.099321365356445 6.799466609954834
endloop
endfacet
facet normal -0.41299667791576494 0.7933683368652665 0.4472140718830111
outer loop
vertex 52.39210891723633 -14.833024978637695 6.199999809265137
vertex 52.33839797973633 -14.860984802246094 6.199999809265137
vertex 52.529685974121094 -15.099321365356445 6.799466609954834
endloop
endfacet
facet normal -0.07795438371137342 0.8910231554043173 0.44721454649140596
outer loop
vertex 52.62977981567383 -15.291596412658691 7.199999809265137
vertex 67.26155853271484 -13.509571075439453 6.199999809265137
vertex 52.529685974121094 -15.099321365356445 6.799466609954834
endloop
endfacet
facet normal -0.0779543571236257 0.8910233628305972 0.44721413785288133
outer loop
vertex 60.380985260009766 -14.111543655395508 6.199999809265137
vertex 52.44416809082031 -14.805924415588379 6.199999809265137
vertex 52.529685974121094 -15.099321365356445 6.799466609954834
endloop
endfacet
facet normal -0.07795455021018136 0.8910237931593921 0.4472132468133937
outer loop
vertex 67.26155853271484 -13.509571075439453 6.199999809265137
vertex 52.62977981567383 -15.291596412658691 7.199999809265137
vertex 67.30513000488281 -14.007668495178223 7.199999809265137
endloop
endfacet
facet normal -0.07795456085587436 0.8910240860963251 0.4472126613122403
outer loop
vertex 60.380985260009766 -14.111543655395508 6.199999809265137
vertex 52.529685974121094 -15.099321365356445 6.799466609954834
vertex 67.26155853271484 -13.509571075439453 6.199999809265137
endloop
endfacet
facet normal -0.07796601505379172 0.8910241547833656 0.4472105277039227
outer loop
vertex 67.56455993652344 -13.483061790466309 6.199999809265137
vertex 67.5039291381836 -13.488367080688477 6.199999809265137
vertex 67.30513000488281 -14.007668495178223 7.199999809265137
endloop
endfacet
facet normal -0.07795198004454652 0.8910240180103101 0.44721324682515534
outer loop
vertex 67.5039291381836 -13.488367080688477 6.199999809265137
vertex 67.26155853271484 -13.509571075439453 6.199999809265137
vertex 67.30513000488281 -14.007668495178223 7.199999809265137
endloop
endfacet
facet normal -0.08358712540347774 0.8911993069546348 0.44584412943355195
outer loop
vertex 67.56455993652344 -13.483061790466309 6.199999809265137
vertex 67.30513000488281 -14.007668495178223 7.199999809265137
vertex 67.6079330444336 -13.979268074035645 7.199999809265137
endloop
endfacet
facet normal -0.07802958282095866 0.8916995097069795 0.4458512852881772
outer loop
vertex 67.65135192871094 -13.975468635559082 7.199999809265137
vertex 67.56455993652344 -13.483061790466309 6.199999809265137
vertex 67.6079330444336 -13.979268074035645 7.199999809265137
endloop
endfacet
facet normal -0.23160591486853768 0.8646255306844056 0.44584906850482203
outer loop
vertex 67.56455993652344 -13.483061790466309 6.199999809265137
vertex 67.65135192871094 -13.975468635559082 7.199999809265137
vertex 67.7355728149414 -13.952908515930176 7.199999809265137
endloop
endfacet
facet normal -0.378300936631962 0.8112367443131197 0.4458512599731332
outer loop
vertex 67.7355728149414 -13.952908515930176 7.199999809265137
vertex 67.81455993652344 -13.916074752807617 7.199999809265137
vertex 67.56455993652344 -13.483061790466309 6.199999809265137
endloop
endfacet
facet normal -0.5134035650255018 0.7332349814393476 0.4458511426617017
outer loop
vertex 67.56455993652344 -13.483061790466309 6.199999809265137
vertex 67.81455993652344 -13.916074752807617 7.199999809265137
vertex 67.88595581054688 -13.866084098815918 7.199999809265137
endloop
endfacet
facet normal -0.6329660112519957 0.6329072418535321 0.44585025715938853
outer loop
vertex 67.94757843017578 -13.804455757141113 7.199999809265137
vertex 67.56455993652344 -13.483061790466309 6.199999809265137
vertex 67.88595581054688 -13.866084098815918 7.199999809265137
endloop
endfacet
facet normal -0.6851735312277809 0.57492520662327 0.4472116265193062
outer loop
vertex 67.93730926513672 -13.038833618164062 6.199999809265137
vertex 67.56455993652344 -13.483061790466309 6.199999809265137
vertex 67.94757843017578 -13.804455757141113 7.199999809265137
endloop
endfacet
facet normal -0.6851661351148175 0.5749307679693908 0.4472158084571141
outer loop
vertex 67.93730926513672 -13.038833618164062 6.199999809265137
vertex 67.94757843017578 -13.804455757141113 7.199999809265137
vertex 68.3203353881836 -13.360227584838867 7.199999809265137
endloop
endfacet
facet normal -0.8645993080217401 0.23169596409586274 0.4458531336550375
outer loop
vertex 67.93730926513672 -13.038833618164062 6.199999809265137
vertex 68.40715789794922 -13.209843635559082 7.199999809265137
vertex 68.42971801757812 -13.12565803527832 7.199999809265137
endloop
endfacet
facet normal -0.7332419312676436 0.513392763609372 0.4458521509474051
outer loop
vertex 67.93730926513672 -13.038833618164062 6.199999809265137
vertex 68.3203353881836 -13.360227584838867 7.199999809265137
vertex 68.37032318115234 -13.288833618164062 7.199999809265137
endloop
endfacet
facet normal -0.8112380170853483 0.3782976224166575 0.4458517562030415
outer loop
vertex 67.93730926513672 -13.038833618164062 6.199999809265137
vertex 68.37032318115234 -13.288833618164062 7.199999809265137
vertex 68.40715789794922 -13.209843635559082 7.199999809265137
endloop
endfacet
facet normal -0.8916992832110381 -0.07804156201122066 0.44584964160551904
outer loop
vertex 67.93730926513672 -13.038833618164062 6.199999809265137
vertex 68.43730926513672 -13.038833618164062 7.199999809265137
vertex 68.43350982666016 -12.995421409606934 7.199999809265137
endloop
endfacet
facet normal -0.891704733215943 0.07796368353505971 0.4458523666079715
outer loop
vertex 67.93730926513672 -13.038833618164062 6.199999809265137
vertex 68.42971801757812 -13.12565803527832 7.199999809265137
vertex 68.43730926513672 -13.038833618164062 7.199999809265137
endloop
endfacet
facet normal -0.8910310309496735 -0.07785768547136813 0.44721570041513903
outer loop
vertex 66.40512084960938 4.474168300628662 6.199999809265137
vertex 68.43350982666016 -12.995421409606934 7.199999809265137
vertex 66.9032211303711 4.517746448516846 7.199999809265137
endloop
endfacet
facet normal -0.8917017163670047 -0.07801375493811159 0.44584964177241876
outer loop
vertex 66.40512084960938 4.474168300628662 6.199999809265137
vertex 67.93730926513672 -13.038833618164062 6.199999809265137
vertex 68.43350982666016 -12.995421409606934 7.199999809265137
endloop
endfacet
facet normal -0.8910229191635664 -0.07795045185977004 0.4472157025195944
outer loop
vertex 66.33222198486328 5.307448387145996 6.199999809265137
vertex 66.40512084960938 4.474168300628662 6.199999809265137
vertex 66.9032211303711 4.517746448516846 7.199999809265137
endloop
endfacet
facet normal -0.8910239478355493 -0.07795473672176614 0.4472129061265926
outer loop
vertex 64.97401428222656 20.831785202026367 6.199999809265137
vertex 66.33222198486328 5.307448387145996 6.199999809265137
vertex 66.9032211303711 4.517746448516846 7.199999809265137
endloop
endfacet
facet normal -0.8910225442792029 -0.07795439568902289 0.4472157619974672
outer loop
vertex 64.97401428222656 20.831785202026367 6.199999809265137
vertex 66.9032211303711 4.517746448516846 7.199999809265137
vertex 65.47211456298828 20.875364303588867 7.199999809265137
endloop
endfacet
facet normal -0.8910253476448664 -0.07795491702555102 0.4472100857157454
outer loop
vertex 63.67597198486328 35.66851043701172 6.199999809265137
vertex 65.47211456298828 20.875364303588867 7.199999809265137
vertex 64.17406463623047 35.71208572387695 7.199999809265137
endloop
endfacet
facet normal -0.8910225618311939 -0.07795419506958479 0.44721576199730395
outer loop
vertex 63.67597198486328 35.66851043701172 6.199999809265137
vertex 64.97401428222656 20.831785202026367 6.199999809265137
vertex 65.47211456298828 20.875364303588867 7.199999809265137
endloop
endfacet
facet normal -0.8910228430237463 -0.07795457000286793 0.4472151364003102
outer loop
vertex 63.441837310791016 38.34476089477539 6.200014591217041
vertex 63.67597198486328 35.66851043701172 6.199999809265137
vertex 63.9399299621582 38.38833236694336 7.199999809265137
endloop
endfacet
facet normal -0.8910255635661684 -0.07795244898526534 0.44721008571899573
outer loop
vertex 63.9399299621582 38.38833236694336 7.199999809265137
vertex 63.67597198486328 35.66851043701172 6.199999809265137
vertex 64.17406463623047 35.71208572387695 7.199999809265137
endloop
endfacet
facet normal -0.8869407845214442 -0.11678913556099398 0.446873967207087
outer loop
vertex 63.93423080444336 38.43161392211914 7.199999809265137
vertex 63.441837310791016 38.34476089477539 6.200014591217041
vertex 63.9399299621582 38.38833236694336 7.199999809265137
endloop
endfacet
facet normal -0.6329315307507891 -0.6329315307507891 0.4458647269777299
outer loop
vertex 63.763221740722656 38.72780990600586 7.199999809265137
vertex 63.441837310791016 38.34476089477539 6.200014591217041
vertex 63.82484817504883 38.66618347167969 7.199999809265137
endloop
endfacet
facet normal -0.7332263721403899 -0.5134073309948605 0.44586096451537
outer loop
vertex 63.82484817504883 38.66618347167969 7.199999809265137
vertex 63.441837310791016 38.34476089477539 6.200014591217041
vertex 63.874839782714844 38.59478759765625 7.199999809265137
endloop
endfacet
facet normal -0.8112371521780083 -0.37829265182937405 0.4458575473153002
outer loop
vertex 63.874839782714844 38.59478759765625 7.199999809265137
vertex 63.441837310791016 38.34476089477539 6.200014591217041
vertex 63.91167449951172 38.51579666137695 7.199999809265137
endloop
endfacet
facet normal -0.8646066165381686 -0.23166661788971318 0.44585421024586264
outer loop
vertex 63.91167449951172 38.51579666137695 7.199999809265137
vertex 63.441837310791016 38.34476089477539 6.200014591217041
vertex 63.93423080444336 38.43161392211914 7.199999809265137
endloop
endfacet
facet normal -0.574946477842102 -0.6851441749425525 0.44722925570589667
outer loop
vertex 62.997596740722656 38.7175407409668 6.199999809265137
vertex 63.441837310791016 38.34476089477539 6.200014591217041
vertex 63.763221740722656 38.72780990600586 7.199999809265137
endloop
endfacet
facet normal -0.5749269810772757 -0.6851701049010992 0.4472145947743504
outer loop
vertex 63.318992614746094 39.100563049316406 7.199999809265137
vertex 62.997596740722656 38.7175407409668 6.199999809265137
vertex 63.763221740722656 38.72780990600586 7.199999809265137
endloop
endfacet
facet normal -0.2316937989140344 -0.8646010226976371 0.4458509337155
outer loop
vertex 63.08442306518555 39.20994567871094 7.199999809265137
vertex 62.997596740722656 38.7175407409668 6.199999809265137
vertex 63.168609619140625 39.18738555908203 7.199999809265137
endloop
endfacet
facet normal -0.5134100570581702 -0.7332302653873112 0.44585142282107815
outer loop
vertex 63.247596740722656 39.15055465698242 7.199999809265137
vertex 62.997596740722656 38.7175407409668 6.199999809265137
vertex 63.318992614746094 39.100563049316406 7.199999809265137
endloop
endfacet
facet normal -0.3782768657850394 -0.8112481390932186 0.44585095001540287
outer loop
vertex 63.168609619140625 39.18738555908203 7.199999809265137
vertex 62.997596740722656 38.7175407409668 6.199999809265137
vertex 63.247596740722656 39.15055465698242 7.199999809265137
endloop
endfacet
facet normal 0.07804326601463563 -0.8916991639021621 0.44584958195108104
outer loop
vertex 62.954185485839844 39.213741302490234 7.199999809265137
vertex 62.997596740722656 38.7175407409668 6.199999809265137
vertex 62.997596740722656 39.2175407409668 7.199999809265137
endloop
endfacet
facet normal -0.07800091986217025 -0.8917021280677333 0.44585106403386665
outer loop
vertex 62.997596740722656 39.2175407409668 7.199999809265137
vertex 62.997596740722656 38.7175407409668 6.199999809265137
vertex 63.08442306518555 39.20994567871094 7.199999809265137
endloop
endfacet
facet normal 0.0778181825441516 -0.8910359370342353 0.4472128010008738
outer loop
vertex 50.5718879699707 38.13233947753906 7.199999809265137
vertex 50.61546325683594 37.63424301147461 6.199999809265137
vertex 62.954185485839844 39.213741302490234 7.199999809265137
endloop
endfacet
facet normal 0.0780146207969077 -0.8917041996570482 0.44584452363564786
outer loop
vertex 50.61546325683594 37.63424301147461 6.199999809265137
vertex 54.10330581665039 37.93939208984375 6.199999809265137
vertex 62.954185485839844 39.213741302490234 7.199999809265137
endloop
endfacet
facet normal 0.07801369674915586 -0.8917017512629754 0.445849582162049
outer loop
vertex 62.954185485839844 39.213741302490234 7.199999809265137
vertex 54.10330581665039 37.93939208984375 6.199999809265137
vertex 62.997596740722656 38.7175407409668 6.199999809265137
endloop
endfacet
facet normal 0.07795240399974639 -0.8910250537031429 0.44721110941475
outer loop
vertex 45.95078659057617 37.22615051269531 6.199999809265137
vertex 48.976165771484375 37.49082946777344 6.199999809265137
vertex 50.5718879699707 38.13233947753906 7.199999809265137
endloop
endfacet
facet normal 0.07795204412651811 -0.8910245016131647 0.4472122721275757
outer loop
vertex 45.93546676635742 37.52595520019531 6.800000190734863
vertex 45.95078659057617 37.22615051269531 6.199999809265137
vertex 50.5718879699707 38.13233947753906 7.199999809265137
endloop
endfacet
facet normal 0.07795142742190424 -0.8910224947518356 0.44721637806446995
outer loop
vertex 45.9324836730957 37.72645950317383 7.199999809265137
vertex 45.93546676635742 37.52595520019531 6.800000190734863
vertex 50.5718879699707 38.13233947753906 7.199999809265137
endloop
endfacet
facet normal 0.0779510470806857 -0.8910243214277758 0.44721280491863874
outer loop
vertex 50.5718879699707 38.13233947753906 7.199999809265137
vertex 48.976165771484375 37.49082946777344 6.199999809265137
vertex 50.61546325683594 37.63424301147461 6.199999809265137
endloop
endfacet
facet normal -0.05142729711005175 -0.8929468104484217 0.44721496712648706
outer loop
vertex 44.58207321166992 37.60390090942383 6.800000190734863
vertex 44.507102966308594 37.30772018432617 6.199999809265137
vertex 45.93546676635742 37.52595520019531 6.800000190734863
endloop
endfacet
facet normal -0.05142739586238293 -0.8929485251132808 0.4472115321107345
outer loop
vertex 44.58207321166992 37.60390090942383 6.800000190734863
vertex 45.93546676635742 37.52595520019531 6.800000190734863
vertex 44.673500061035156 37.79896545410156 7.199999809265137
endloop
endfacet
facet normal -0.05142555458646769 -0.8929464359417512 0.4472159152740411
outer loop
vertex 44.673500061035156 37.79896545410156 7.199999809265137
vertex 45.93546676635742 37.52595520019531 6.800000190734863
vertex 45.9324836730957 37.72645950317383 7.199999809265137
endloop
endfacet
facet normal -0.05050727297225386 -0.8939170826436136 0.4453776652851345
outer loop
vertex 44.507102966308594 37.30772018432617 6.199999809265137
vertex 45.95078659057617 37.22615051269531 6.199999809265137
vertex 45.93546676635742 37.52595520019531 6.800000190734863
endloop
endfacet
facet normal -0.3795815301935821 -0.8098860587082748 0.4472163166140918
outer loop
vertex 44.402400970458984 37.35679244995117 6.199999809265137
vertex 44.507102966308594 37.30772018432617 6.199999809265137
vertex 44.58207321166992 37.60390090942383 6.800000190734863
endloop
endfacet
facet normal -0.6533827121356468 -0.6108088119123605 0.44721765033647426
outer loop
vertex 43.24985122680664 38.58967590332031 6.199999809265137
vertex 44.402400970458984 37.35679244995117 6.199999809265137
vertex 44.58207321166992 37.60390090942383 6.800000190734863
endloop
endfacet
facet normal -0.6533825722360591 -0.61081074598743 0.44721521316304763
outer loop
vertex 43.70796585083008 38.83179473876953 7.199999809265137
vertex 43.507965087890625 38.75286865234375 6.800000190734863
vertex 44.673500061035156 37.79896545410156 7.199999809265137
endloop
endfacet
facet normal -0.6533830046777246 -0.6108126026810645 0.447212045459749
outer loop
vertex 43.507965087890625 38.75286865234375 6.800000190734863
vertex 43.24985122680664 38.58967590332031 6.199999809265137
vertex 44.673500061035156 37.79896545410156 7.199999809265137
endloop
endfacet
facet normal -0.6533829994805929 -0.6108126287489432 0.4472120174487144
outer loop
vertex 43.24985122680664 38.58967590332031 6.199999809265137
vertex 44.58207321166992 37.60390090942383 6.800000190734863
vertex 44.673500061035156 37.79896545410156 7.199999809265137
endloop
endfacet
facet normal -0.8319936531114671 -0.32831136156360247 0.4472115953891282
outer loop
vertex 43.22801971435547 38.64500045776367 6.199999809265137
vertex 43.24985122680664 38.58967590332031 6.199999809265137
vertex 43.507965087890625 38.75286865234375 6.800000190734863
endloop
endfacet
facet normal -0.8319845912030461 -0.3283344340480755 0.447211515302357
outer loop
vertex 43.20796585083008 38.69581604003906 6.199999809265137
vertex 43.22801971435547 38.64500045776367 6.199999809265137
vertex 43.507965087890625 38.75286865234375 6.800000190734863
endloop
endfacet
facet normal -0.894427759660686 0 0.4472124581766097
outer loop
vertex 43.20796585083008 45.527549743652344 6.199999809265137
vertex 43.20796585083008 38.69581604003906 6.199999809265137
vertex 43.507965087890625 38.75286865234375 6.800000190734863
endloop
endfacet
facet normal -0.894427190999916 0 0.447213595499958
outer loop
vertex 43.20796585083008 45.527549743652344 6.199999809265137
vertex 43.70796585083008 38.83179473876953 7.199999809265137
vertex 43.70796585083008 45.527549743652344 7.199999809265137
endloop
endfacet
facet normal -0.8944263624231347 3.0936586042542943e-7 0.4472152526495756
outer loop
vertex 43.20796585083008 45.527549743652344 6.199999809265137
vertex 43.507965087890625 38.75286865234375 6.800000190734863
vertex 43.70796585083008 38.83179473876953 7.199999809265137
endloop
endfacet
facet normal -0.8917018896951184 -0.0780043261152452 0.4458509448475592
outer loop
vertex 43.70037078857422 45.61437225341797 7.199999809265137
vertex 43.20796585083008 45.527549743652344 6.199999809265137
vertex 43.70796585083008 45.527549743652344 7.199999809265137
endloop
endfacet
facet normal -0.7332176962467223 -0.513428688715645 0.4458506381226595
outer loop
vertex 43.59098815917969 45.848941802978516 7.199999809265137
vertex 43.20796585083008 45.527549743652344 6.199999809265137
vertex 43.6409797668457 45.777549743652344 7.199999809265137
endloop
endfacet
facet normal -0.8112553969561 -0.3782619818231103 0.4458503717805488
outer loop
vertex 43.6409797668457 45.777549743652344 7.199999809265137
vertex 43.20796585083008 45.527549743652344 6.199999809265137
vertex 43.67781066894531 45.69855880737305 7.199999809265137
endloop
endfacet
facet normal -0.6329367974285492 -0.6329367974285492 0.4458497739393656
outer loop
vertex 43.56017303466797 45.879756927490234 7.199999809265137
vertex 43.20796585083008 45.527549743652344 6.199999809265137
vertex 43.59098815917969 45.848941802978516 7.199999809265137
endloop
endfacet
facet normal -0.8646013634036044 -0.23169389021563808 0.4458502255661338
outer loop
vertex 43.67781066894531 45.69855880737305 7.199999809265137
vertex 43.20796585083008 45.527549743652344 6.199999809265137
vertex 43.70037078857422 45.61437225341797 7.199999809265137
endloop
endfacet
facet normal -0.6345296199631527 -0.630375714713081 0.4472120522631176
outer loop
vertex 43.15147018432617 46.29115295410156 7.199999809265137
vertex 42.797916412353516 45.937599182128906 6.199999809265137
vertex 43.56017303466797 45.879756927490234 7.199999809265137
endloop
endfacet
facet normal -0.6329367974285492 -0.6329367974285492 0.4458497739393656
outer loop
vertex 43.56017303466797 45.879756927490234 7.199999809265137
vertex 42.94305419921875 45.79246139526367 6.199999809265137
vertex 43.20796585083008 45.527549743652344 6.199999809265137
endloop
endfacet
facet normal -0.6329367974285492 -0.6329367974285492 0.44584977393936553
outer loop
vertex 42.797916412353516 45.937599182128906 6.199999809265137
vertex 42.94305419921875 45.79246139526367 6.199999809265137
vertex 43.56017303466797 45.879756927490234 7.199999809265137
endloop
endfacet
facet normal -0.0780043261152452 -0.8917018896951184 0.4458509448475592
outer loop
vertex 42.797916412353516 46.437599182128906 7.199999809265137
vertex 42.797916412353516 45.937599182128906 6.199999809265137
vertex 42.88473892211914 46.43000411987305 7.199999809265137
endloop
endfacet
facet normal -0.6043563137047718 -0.6595893955786319 0.4468727730858018
outer loop
vertex 42.797916412353516 45.937599182128906 6.199999809265137
vertex 43.15147018432617 46.29115295410156 7.199999809265137
vertex 43.11930847167969 46.320621490478516 7.199999809265137
endloop
endfacet
facet normal -0.23165716695816205 -0.8646105221714321 0.445851546983255
outer loop
vertex 42.88473892211914 46.43000411987305 7.199999809265137
vertex 42.797916412353516 45.937599182128906 6.199999809265137
vertex 42.96892547607422 46.407447814941406 7.199999809265137
endloop
endfacet
facet normal -0.3782939013393423 -0.8112398317143498 0.44585161169332277
outer loop
vertex 42.96892547607422 46.407447814941406 7.199999809265137
vertex 42.797916412353516 45.937599182128906 6.199999809265137
vertex 43.047916412353516 46.37061309814453 7.199999809265137
endloop
endfacet
facet normal -0.513428688715645 -0.7332176962467223 0.4458506381226595
outer loop
vertex 43.047916412353516 46.37061309814453 7.199999809265137
vertex 42.797916412353516 45.937599182128906 6.199999809265137
vertex 43.11930847167969 46.320621490478516 7.199999809265137
endloop
endfacet
facet normal -1.4609454168377719e-8 -0.7071066535431328 0.707106908829939
outer loop
vertex 13.810667037963867 -61.4473991394043 7.199999809265137
vertex -42.20423889160156 -63.33222961425781 5.315168857574463
vertex 14.837087631225586 -64.03019714355469 4.6172027587890625
endloop
endfacet
facet normal 0 -0.707106870630858 0.7071066917422258
outer loop
vertex -41.49855041503906 -61.4473991394043 7.199999809265137
vertex -42.20423889160156 -63.33222961425781 5.315168857574463
vertex -31.598867416381836 -61.4473991394043 7.199999809265137
endloop
endfacet
facet normal -6.87694970644827e-9 -0.7071063375736046 0.7071072247992121
outer loop
vertex -42.20423889160156 -63.33222961425781 5.315168857574463
vertex -42.831241607666016 -66.94740295410156 1.7000000476837158
vertex 14.837087631225586 -64.03019714355469 4.6172027587890625
endloop
endfacet
facet normal 0 -0.7071064055466353 0.7071071568262601
outer loop
vertex 14.837087631225586 -64.03019714355469 4.6172027587890625
vertex -42.831241607666016 -66.94740295410156 1.7000000476837158
vertex 15.331140518188477 -66.94740295410156 1.7000000476837158
endloop
endfacet
facet normal 0 -0.707106870630858 0.7071066917422258
outer loop
vertex -31.598867416381836 -61.4473991394043 7.199999809265137
vertex -42.20423889160156 -63.33222961425781 5.315168857574463
vertex 13.810667037963867 -61.4473991394043 7.199999809265137
endloop
endfacet
facet normal 0.2328323429369512 -0.6676741672209918 0.7071069979205729
outer loop
vertex 14.837087631225586 -64.03019714355469 4.6172027587890625
vertex 15.331140518188477 -66.94740295410156 1.7000000476837158
vertex 16.386194229125977 -66.57948303222656 1.7000000476837158
endloop
endfacet
facet normal 0.48618648240483814 -0.5150927179742227 0.7059052317533407
outer loop
vertex 21.430334091186523 -61.81841278076172 1.7000000476837158
vertex 17.667892456054688 -57.832275390625 7.199999809265137
vertex 16.386194229125977 -66.57948303222656 1.7000000476837158
endloop
endfacet
facet normal 0.4835304145861722 -0.5156115424760551 0.7073493305542797
outer loop
vertex 14.837087631225586 -64.03019714355469 4.6172027587890625
vertex 16.386194229125977 -66.57948303222656 1.7000000476837158
vertex 17.667892456054688 -57.832275390625 7.199999809265137
endloop
endfacet
facet normal 0.4832090531685756 -0.5155691399949408 0.707599797075159
outer loop
vertex 13.810667037963867 -61.4473991394043 7.199999809265137
vertex 14.837087631225586 -64.03019714355469 4.6172027587890625
vertex 17.667892456054688 -57.832275390625 7.199999809265137
endloop
endfacet
facet normal 0.29940572565742585 -0.642076532452281 0.7057577048234083
outer loop
vertex 18.680334091186523 -57.05527114868164 7.199999809265137
vertex 21.430334091186523 -61.81841278076172 1.7000000476837158
vertex 19.2838191986084 -56.773860931396484 7.199999809265137
endloop
endfacet
facet normal 0.40635266484735205 -0.5803306448202201 0.7057576456929129
outer loop
vertex 17.895002365112305 -57.605167388916016 7.199999809265137
vertex 21.430334091186523 -61.81841278076172 1.7000000476837158
vertex 18.680334091186523 -57.05527114868164 7.199999809265137
endloop
endfacet
facet normal 0.5009499960347954 -0.5009542032238106 0.7057577401241417
outer loop
vertex 17.667892456054688 -57.832275390625 7.199999809265137
vertex 21.430334091186523 -61.81841278076172 1.7000000476837158
vertex 17.895002365112305 -57.605167388916016 7.199999809265137
endloop
endfacet
facet normal 0.2773056242317953 -0.6517040008341017 0.7059628078491385
outer loop
vertex 20.23908805847168 -56.36738586425781 7.199999809265137
vertex 19.2838191986084 -56.773860931396484 7.199999809265137
vertex 21.430334091186523 -61.81841278076172 1.7000000476837158
endloop
endfacet
facet normal 0.2773079162197908 -0.6517032711806708 0.7059625811147859
outer loop
vertex 21.430334091186523 -61.81841278076172 1.7000000476837158
vertex 22.385602951049805 -61.41193389892578 1.7000000476837158
vertex 20.23908805847168 -56.36738586425781 7.199999809265137
endloop
endfacet
facet normal 0.2994062360651364 -0.6420765486544339 0.7057574735511614
outer loop
vertex 20.23908805847168 -56.36738586425781 7.199999809265137
vertex 22.385602951049805 -61.41193389892578 1.7000000476837158
vertex 20.504491806030273 -56.24362564086914 7.199999809265137
endloop
endfacet
facet normal 0.183362096914632 -0.6843132541355293 0.705757544507681
outer loop
vertex 21.430538177490234 -55.99549102783203 7.199999809265137
vertex 20.504491806030273 -56.24362564086914 7.199999809265137
vertex 22.385602951049805 -61.41193389892578 1.7000000476837158
endloop
endfacet
facet normal 0.061745466250716384 -0.7057575696987028 0.7057575718406868
outer loop
vertex 21.430538177490234 -55.99549102783203 7.199999809265137
vertex 22.385602951049805 -61.41193389892578 1.7000000476837158
vertex 22.122116088867188 -55.93498611450195 7.199999809265137
endloop
endfacet
facet normal 0.03562508832013828 -0.7072865213677646 0.7060287740408807
outer loop
vertex 22.122116088867188 -55.93498611450195 7.199999809265137
vertex 22.385602951049805 -61.41193389892578 1.7000000476837158
vertex 29.52662467956543 -55.56203079223633 7.199999809265137
endloop
endfacet
facet normal 0.033978435877064325 -0.7062899497236355 0.7071067619636602
outer loop
vertex 22.385602951049805 -61.41193389892578 1.7000000476837158
vertex 30.64271354675293 -61.01469802856445 1.7000000476837158
vertex 29.52662467956543 -55.56203079223633 7.199999809265137
endloop
endfacet
facet normal 0.24626436157210166 -0.6628377934392189 0.7071067273107453
outer loop
vertex 29.52662467956543 -55.56203079223633 7.199999809265137
vertex 30.64271354675293 -61.01469802856445 1.7000000476837158
vertex 30.438411712646484 -55.22327423095703 7.199999809265137
endloop
endfacet
facet normal 0.2462638651652118 -0.6628378895630923 0.7071068100884308
outer loop
vertex 30.64271354675293 -61.01469802856445 1.7000000476837158
vertex 33.32426834106445 -60.0184211730957 1.7000000476837158
vertex 30.438411712646484 -55.22327423095703 7.199999809265137
endloop
endfacet
facet normal 0.4703878911029405 -0.5279537023560192 0.7071068660904801
outer loop
vertex 30.438411712646484 -55.22327423095703 7.199999809265137
vertex 33.32426834106445 -60.0184211730957 1.7000000476837158
vertex 33.4369010925293 -52.551727294921875 7.199999809265137
endloop
endfacet
facet normal 0.4703882973804976 -0.5279535778691881 0.7071066887695234
outer loop
vertex 33.4369010925293 -52.551727294921875 7.199999809265137
vertex 33.32426834106445 -60.0184211730957 1.7000000476837158
vertex 35.6962890625 -57.905033111572266 1.7000000476837158
endloop
endfacet
facet normal 0.47038856224716125 -0.5279534121661429 0.7071066362926991
outer loop
vertex 33.4369010925293 -52.551727294921875 7.199999809265137
vertex 35.6962890625 -57.905033111572266 1.7000000476837158
vertex 37.878665924072266 -55.960609436035156 1.7000000476837158
endloop
endfacet
facet normal 0.6316561437244049 -0.3178220249998094 0.7071065524517748
outer loop
vertex 33.4369010925293 -52.551727294921875 7.199999809265137
vertex 37.878665924072266 -55.960609436035156 1.7000000476837158
vertex 33.90964889526367 -51.61216354370117 7.199999809265137
endloop
endfacet
facet normal 0.6316557375235646 -0.317822553982076 0.7071066775486369
outer loop
vertex 39.37054443359375 -52.99557876586914 1.7000000476837158
vertex 33.90964889526367 -51.61216354370117 7.199999809265137
vertex 37.878665924072266 -55.960609436035156 1.7000000476837158
endloop
endfacet
facet normal 0.7066216336196768 -0.02241774591728416 0.7072363901614844
outer loop
vertex 33.90964889526367 -51.61216354370117 7.199999809265137
vertex 39.37054443359375 -52.99557876586914 1.7000000476837158
vertex 34.137657165527344 -44.42519760131836 7.199999809265137
endloop
endfacet
facet normal 0.7075556526867731 -0.02127054972280763 0.7063374279092707
outer loop
vertex 39.37054443359375 -52.99557876586914 1.7000000476837158
vertex 39.62322998046875 -44.59010314941406 1.7000000476837158
vertex 34.137657165527344 -44.42519760131836 7.199999809265137
endloop
endfacet
facet normal 0.6420766699257328 -0.2994059433597419 0.7057574873977213
outer loop
vertex 34.45492172241211 -42.70899200439453 7.199999809265137
vertex 39.62322998046875 -44.59010314941406 1.7000000476837158
vertex 34.86009216308594 -41.84010314941406 7.199999809265137
endloop
endfacet
facet normal 0.6843133639070287 -0.18336174866352706 0.7057575285502098
outer loop
vertex 34.206787109375 -43.635040283203125 7.199999809265137
vertex 39.62322998046875 -44.59010314941406 1.7000000476837158
vertex 34.45492172241211 -42.70899200439453 7.199999809265137
endloop
endfacet
facet normal 0.7057575228903866 -0.06174590402307474 0.7057575803489458
outer loop
vertex 34.137657165527344 -44.42519760131836 7.199999809265137
vertex 39.62322998046875 -44.59010314941406 1.7000000476837158
vertex 34.206787109375 -43.635040283203125 7.199999809265137
endloop
endfacet
facet normal 0.5803466524969322 -0.4063279160565778 0.7057587318402259
outer loop
vertex 39.62322998046875 -44.59010314941406 1.7000000476837158
vertex 34.89463424682617 -41.790767669677734 7.199999809265137
vertex 34.86009216308594 -41.84010314941406 7.199999809265137
endloop
endfacet
facet normal 0.6087475662653052 -0.36038023459329493 0.7067902709294671
outer loop
vertex 39.62322998046875 -44.59010314941406 1.7000000476837158
vertex 40.38471221923828 -43.3038215637207 1.7000000476837158
vertex 35.6561164855957 -40.504486083984375 7.199999809265137
endloop
endfacet
facet normal 0.6087475662653052 -0.36038023459329493 0.7067902709294671
outer loop
vertex 39.62322998046875 -44.59010314941406 1.7000000476837158
vertex 35.6561164855957 -40.504486083984375 7.199999809265137
vertex 34.89463424682617 -41.790767669677734 7.199999809265137
endloop
endfacet
facet normal 0.4063529207086034 -0.5803304485246026 0.7057576597861486
outer loop
vertex 40.38471221923828 -43.3038215637207 1.7000000476837158
vertex 37.59758377075195 -38.56667709350586 7.199999809265137
vertex 36.84938049316406 -39.090576171875 7.199999809265137
endloop
endfacet
facet normal 0.5009521913011832 -0.5009521913011832 0.7057576099916214
outer loop
vertex 40.38471221923828 -43.3038215637207 1.7000000476837158
vertex 36.84938049316406 -39.090576171875 7.199999809265137
vertex 36.17146682739258 -39.768489837646484 7.199999809265137
endloop
endfacet
facet normal 0.5803309430900108 -0.4063522760677739 0.7057576242781927
outer loop
vertex 35.6561164855957 -40.504486083984375 7.199999809265137
vertex 40.38471221923828 -43.3038215637207 1.7000000476837158
vertex 36.17146682739258 -39.768489837646484 7.199999809265137
endloop
endfacet
facet normal 0.3587727125072498 -0.6096099721915245 0.7068647837916663
outer loop
vertex 37.59758377075195 -38.56667709350586 7.199999809265137
vertex 40.38471221923828 -43.3038215637207 1.7000000476837158
vertex 62.93635940551758 -23.654090881347656 7.199999809265137
endloop
endfacet
facet normal 0.35857189551976004 -0.6094472759387376 0.7071069322204517
outer loop
vertex 62.93635940551758 -23.654090881347656 7.199999809265137
vertex 40.38471221923828 -43.3038215637207 1.7000000476837158
vertex 72.6833724975586 -24.30071449279785 1.7000000476837158
endloop
endfacet
facet normal 0.35857177773510285 -0.6094475500339466 0.7071067557091419
outer loop
vertex 62.93635940551758 -23.654090881347656 7.199999809265137
vertex 72.6833724975586 -24.30071449279785 1.7000000476837158
vertex 69.18499755859375 -19.977670669555664 7.199999809265137
endloop
endfacet
facet normal 0.5212639608927724 -0.47779069305371435 0.7071067364306677
outer loop
vertex 69.18499755859375 -19.977670669555664 7.199999809265137
vertex 72.6833724975586 -24.30071449279785 1.7000000476837158
vertex 73.1692886352539 -15.63085651397705 7.199999809265137
endloop
endfacet
facet normal 0.5212636896941885 -0.4777907711882397 0.707106883557039
outer loop
vertex 72.6833724975586 -24.30071449279785 1.7000000476837158
vertex 77.93193054199219 -18.574604034423828 1.7000000476837158
vertex 73.1692886352539 -15.63085651397705 7.199999809265137
endloop
endfacet
facet normal 0.6604427863283575 -0.2526157534441742 0.7071072104700019
outer loop
vertex 73.1692886352539 -15.63085651397705 7.199999809265137
vertex 77.93193054199219 -18.574604034423828 1.7000000476837158
vertex 73.52125549316406 -14.710668563842773 7.199999809265137
endloop
endfacet
facet normal 0.6604444182571931 -0.25261308031056917 0.707106641213985
outer loop
vertex 79.10542297363281 -15.506566047668457 1.7000000476837158
vertex 73.52125549316406 -14.710668563842773 7.199999809265137
vertex 77.93193054199219 -18.574604034423828 1.7000000476837158
endloop
endfacet
facet normal 0.7047209442918506 0.05803923904099575 0.7071066662165931
outer loop
vertex 73.52125549316406 -14.710668563842773 7.199999809265137
vertex 79.10542297363281 -15.506566047668457 1.7000000476837158
vertex 69.00170135498047 40.166419982910156 7.199999809265137
endloop
endfacet
facet normal 0.7047210605006422 0.058039271838579154 0.7071065477078385
outer loop
vertex 69.00170135498047 40.166419982910156 7.199999809265137
vertex 79.10542297363281 -15.506566047668457 1.7000000476837158
vertex 74.4080581665039 41.529502868652344 1.7000000476837158
endloop
endfacet
facet normal 0.6479987769188641 0.28301571467513614 0.7071065622369646
outer loop
vertex 69.00170135498047 40.166419982910156 7.199999809265137
vertex 73.19152069091797 44.314910888671875 1.7000000476837158
vertex 68.59063720703125 41.107601165771484 7.199999809265137
endloop
endfacet
facet normal 0.647998671549875 0.2830158678385648 0.7071065974951594
outer loop
vertex 69.00170135498047 40.166419982910156 7.199999809265137
vertex 74.4080581665039 41.529502868652344 1.7000000476837158
vertex 73.19152069091797 44.314910888671875 1.7000000476837158
endloop
endfacet
facet normal 0.4897062394796645 0.5100862201374055 0.7071066730279243
outer loop
vertex 73.19152069091797 44.314910888671875 1.7000000476837158
vertex 68.73741149902344 48.591060638427734 1.7000000476837158
vertex 65.68577575683594 43.896400451660156 7.199999809265137
endloop
endfacet
facet normal 0.4897061711053638 0.5100863965236643 0.7071065931405442
outer loop
vertex 68.59063720703125 41.107601165771484 7.199999809265137
vertex 73.19152069091797 44.314910888671875 1.7000000476837158
vertex 65.68577575683594 43.896400451660156 7.199999809265137
endloop
endfacet
facet normal 0.26737061910505855 0.6546092672795791 0.7071065402264853
outer loop
vertex 65.68577575683594 43.896400451660156 7.199999809265137
vertex 68.73741149902344 48.591060638427734 1.7000000476837158
vertex 64.73561096191406 44.284488677978516 7.199999809265137
endloop
endfacet
facet normal 0.26737250528565937 0.6546080467587949 0.7071069569279498
outer loop
vertex 68.73741149902344 48.591060638427734 1.7000000476837158
vertex 65.68130493164062 49.839317321777344 1.7000000476837158
vertex 64.73561096191406 44.284488677978516 7.199999809265137
endloop
endfacet
facet normal -0.03569808406169897 0.7062049449115474 0.707106938572096
outer loop
vertex 65.68130493164062 49.839317321777344 1.7000000476837158
vertex 55.0926513671875 49.30406951904297 1.7000000476837158
vertex 64.73561096191406 44.284488677978516 7.199999809265137
endloop
endfacet
facet normal -0.03445463104441114 0.7073768454921019 0.7059963717054335
outer loop
vertex 64.73561096191406 44.284488677978516 7.199999809265137
vertex 55.0926513671875 49.30406951904297 1.7000000476837158
vertex 55.36944580078125 43.828285217285156 7.199999809265137
endloop
endfacet
facet normal 0.06174550539241509 0.7057575537605919 0.7057575843543593
outer loop
vertex 55.0926513671875 49.30406951904297 1.7000000476837158
vertex 54.1375846862793 43.88762664794922 7.199999809265137
vertex 55.0926513671875 43.80406951904297 7.199999809265137
endloop
endfacet
facet normal -0.061744064929252 0.7057576167716644 0.7057576473654344
outer loop
vertex 55.0926513671875 49.30406951904297 1.7000000476837158
vertex 55.0926513671875 43.80406951904297 7.199999809265137
vertex 55.36944580078125 43.828285217285156 7.199999809265137
endloop
endfacet
facet normal 0.18335978436499586 0.6843137344816485 0.7057576795738053
outer loop
vertex 54.1375846862793 43.88762664794922 7.199999809265137
vertex 55.0926513671875 49.30406951904297 1.7000000476837158
vertex 53.21154022216797 44.13575744628906 7.199999809265137
endloop
endfacet
facet normal 0.299405849257463 0.6420764681231994 0.7057577109127858
outer loop
vertex 53.21154022216797 44.13575744628906 7.199999809265137
vertex 55.0926513671875 49.30406951904297 1.7000000476837158
vertex 52.3426513671875 44.54092788696289 7.199999809265137
endloop
endfacet
facet normal 0.406350043797173 0.5803323149172661 0.7057577815148782
outer loop
vertex 55.0926513671875 49.30406951904297 1.7000000476837158
vertex 52.2747802734375 44.58845138549805 7.199999809265137
vertex 52.3426513671875 44.54092788696289 7.199999809265137
endloop
endfacet
facet normal 0.3629310888188243 0.6073561329653272 0.7066820731546728
outer loop
vertex 55.0926513671875 49.30406951904297 1.7000000476837158
vertex 53.582122802734375 50.20669937133789 1.7000000476837158
vertex 50.76425552368164 45.49108123779297 7.199999809265137
endloop
endfacet
facet normal 0.36293169964279226 0.6073556213408672 0.7066821991673788
outer loop
vertex 55.0926513671875 49.30406951904297 1.7000000476837158
vertex 50.76425552368164 45.49108123779297 7.199999809265137
vertex 52.2747802734375 44.58845138549805 7.199999809265137
endloop
endfacet
facet normal 0.6256561722797107 0.2952022889717132 0.7220872264997921
outer loop
vertex 48.81898498535156 47.45669937133789 7.199999809265137
vertex 48.669795989990234 47.875789642333984 7.157933712005615
vertex 48.630126953125 47.85696792602539 7.199999809265137
endloop
endfacet
facet normal 0.5009521913011832 0.5009521913011832 0.7057576099916214
outer loop
vertex 49.36887741088867 46.67136764526367 7.199999809265137
vertex 50.046791076660156 45.99345397949219 7.199999809265137
vertex 53.582122802734375 50.20669937133789 1.7000000476837158
endloop
endfacet
facet normal 0.4063514926005373 0.5803315441615902 0.7057575811228243
outer loop
vertex 50.76425552368164 45.49108123779297 7.199999809265137
vertex 53.582122802734375 50.20669937133789 1.7000000476837158
vertex 50.046791076660156 45.99345397949219 7.199999809265137
endloop
endfacet
facet normal 0.642075493096487 0.299408204479352 0.7057575987939158
outer loop
vertex 48.81898498535156 47.45669937133789 7.199999809265137
vertex 53.582122802734375 50.20669937133789 1.7000000476837158
vertex 48.669795989990234 47.875789642333984 7.157933712005615
endloop
endfacet
facet normal 0.5803320517080175 0.40635083103785125 0.7057575446817488
outer loop
vertex 49.36887741088867 46.67136764526367 7.199999809265137
vertex 53.582122802734375 50.20669937133789 1.7000000476837158
vertex 48.81898498535156 47.45669937133789 7.199999809265137
endloop
endfacet
facet normal 0.5251562148937279 0.47352037600954733 0.7070992882631617
outer loop
vertex 48.58618927001953 47.905696868896484 7.199999809265137
vertex 48.630126953125 47.85696792602539 7.199999809265137
vertex 48.669795989990234 47.875789642333984 7.157933712005615
endloop
endfacet
facet normal 0.6388374221922865 0.3031280382584636 0.7071068804843365
outer loop
vertex 53.582122802734375 50.20669937133789 1.7000000476837158
vertex 53.2100715637207 50.99079132080078 1.7000000476837158
vertex 48.58618927001953 47.905696868896484 7.199999809265137
endloop
endfacet
facet normal 0.525273535717531 0.5019405079980472 0.6871269454078088
outer loop
vertex 53.582122802734375 50.20669937133789 1.7000000476837158
vertex 48.58618927001953 47.905696868896484 7.199999809265137
vertex 48.669795989990234 47.875789642333984 7.157933712005615
endloop
endfacet
facet normal 0.525163141257714 0.4735015135384713 0.7071067753466286
outer loop
vertex 53.2100715637207 50.99079132080078 1.7000000476837158
vertex 49.28364944458008 55.34560775756836 1.7000000476837158
vertex 45.8963623046875 50.88900375366211 7.199999809265137
endloop
endfacet
facet normal 0.5251633422692952 0.47350090815441603 0.7071070314411293
outer loop
vertex 48.58618927001953 47.905696868896484 7.199999809265137
vertex 53.2100715637207 50.99079132080078 1.7000000476837158
vertex 45.8963623046875 50.88900375366211 7.199999809265137
endloop
endfacet
facet normal 0.3156482232750016 0.632744604500145 0.7071071097219216
outer loop
vertex 45.8963623046875 50.88900375366211 7.199999809265137
vertex 46.29237747192383 56.83782958984375 1.7000000476837158
vertex 44.98297882080078 51.34465026855469 7.199999809265137
endloop
endfacet
facet normal 0.3156498875215703 0.6327441679871625 0.7071067574177562
outer loop
vertex 49.28364944458008 55.34560775756836 1.7000000476837158
vertex 46.29237747192383 56.83782958984375 1.7000000476837158
vertex 45.8963623046875 50.88900375366211 7.199999809265137
endloop
endfacet
facet normal 0.0037256490637882626 0.7070968147350923 0.7071069325996882
outer loop
vertex 46.29237747192383 56.83782958984375 1.7000000476837158
vertex -10.10743236541748 51.634918212890625 7.199999809265137
vertex 44.98297882080078 51.34465026855469 7.199999809265137
endloop
endfacet
facet normal 0.0037256095102129747 0.707097023274281 0.7071067242718233
outer loop
vertex -10.990922927856445 57.1396484375 1.7000000476837158
vertex -10.10743236541748 51.634918212890625 7.199999809265137
vertex 46.29237747192383 56.83782958984375 1.7000000476837158
endloop
endfacet
facet normal -0.2248126675773481 0.6704169513686484 0.7071070469273545
outer loop
vertex -10.10743236541748 51.634918212890625 7.199999809265137
vertex -13.86426830291748 56.17612838745117 1.7000000476837158
vertex -11.078145980834961 51.30940628051758 7.199999809265137
endloop
endfacet
facet normal -0.2248114196999061 0.6704176555774789 0.7071067759981583
outer loop
vertex -10.990922927856445 57.1396484375 1.7000000476837158
vertex -13.86426830291748 56.17612838745117 1.7000000476837158
vertex -10.10743236541748 51.634918212890625 7.199999809265137
endloop
endfacet
facet normal -0.46430466580023494 0.5333114386369873 0.7071068425175074
outer loop
vertex -13.86426830291748 56.17612838745117 1.7000000476837158
vertex -18.503215789794922 52.137428283691406 1.7000000476837158
vertex -14.165451049804688 48.621578216552734 7.199999809265137
endloop
endfacet
facet normal -0.46430448473376007 0.5333114898537884 0.7071069227818731
outer loop
vertex -13.86426830291748 56.17612838745117 1.7000000476837158
vertex -14.165451049804688 48.621578216552734 7.199999809265137
vertex -11.078145980834961 51.30940628051758 7.199999809265137
endloop
endfacet
facet normal -0.6150394813868173 0.34982417905610874 0.7066466444292752
outer loop
vertex -19.3304386138916 50.650840759277344 1.7000000476837158
vertex -14.530452728271484 47.979854583740234 7.199999809265137
vertex -14.165451049804688 48.621578216552734 7.199999809265137
endloop
endfacet
facet normal -0.6178857160614649 0.34382716026816207 0.7071068701046131
outer loop
vertex -18.503215789794922 52.137428283691406 1.7000000476837158
vertex -19.3304386138916 50.650840759277344 1.7000000476837158
vertex -14.165451049804688 48.621578216552734 7.199999809265137
endloop
endfacet
facet normal -0.6420720549125145 0.29941456951672757 0.7057580264237409
outer loop
vertex -14.530452728271484 47.979854583740234 7.199999809265137
vertex -19.3304386138916 50.650840759277344 1.7000000476837158
vertex -14.567298889160156 47.900840759277344 7.199999809265137
endloop
endfacet
facet normal -0.5803310377557999 0.40635223525435776 0.7057575699353592
outer loop
vertex -19.3304386138916 50.650840759277344 1.7000000476837158
vertex -15.117194175720215 47.115509033203125 7.199999809265137
vertex -14.567298889160156 47.900840759277344 7.199999809265137
endloop
endfacet
facet normal -0.5009528960306585 0.5009514865712101 0.7057576099912708
outer loop
vertex -19.3304386138916 50.650840759277344 1.7000000476837158
vertex -15.795105934143066 46.43759536743164 7.199999809265137
vertex -15.117194175720215 47.115509033203125 7.199999809265137
endloop
endfacet
facet normal -0.4063523236292758 0.5803308622401349 0.7057576633751205
outer loop
vertex -19.3304386138916 50.650840759277344 1.7000000476837158
vertex -16.5804386138916 45.887699127197266 7.199999809265137
vertex -15.795105934143066 46.43759536743164 7.199999809265137
endloop
endfacet
facet normal -0.2994067159583459 0.6420760170381752 0.7057577536119821
outer loop
vertex -19.3304386138916 50.650840759277344 1.7000000476837158
vertex -17.084739685058594 45.65253829956055 7.199999809265137
vertex -16.5804386138916 45.887699127197266 7.199999809265137
endloop
endfacet
facet normal -0.2903301644842721 0.6461928652974299 0.7057925874003161
outer loop
vertex -19.3304386138916 50.650840759277344 1.7000000476837158
vertex -21.085853576660156 49.862144470214844 1.7000000476837158
vertex -18.84015464782715 44.86384582519531 7.199999809265137
endloop
endfacet
facet normal -0.2903289042563289 0.6461931858370273 0.7057928123260483
outer loop
vertex -19.3304386138916 50.650840759277344 1.7000000476837158
vertex -18.84015464782715 44.86384582519531 7.199999809265137
vertex -17.084739685058594 45.65253829956055 7.199999809265137
endloop
endfacet
facet normal 0.061745628233511755 0.7057575483870094 0.7057575789807765
outer loop
vertex -21.085853576660156 49.862144470214844 1.7000000476837158
vertex -22.040918350219727 44.445701599121094 7.199999809265137
vertex -21.085853576660156 44.362144470214844 7.199999809265137
endloop
endfacet
facet normal 0.18336044850213756 0.684313619723728 0.7057576182980272
outer loop
vertex -21.085853576660156 49.862144470214844 1.7000000476837158
vertex -22.27452850341797 44.508296966552734 7.199999809265137
vertex -22.040918350219727 44.445701599121094 7.199999809265137
endloop
endfacet
facet normal -0.183362096914632 0.6843132541355293 0.705757544507681
outer loop
vertex -21.085853576660156 49.862144470214844 1.7000000476837158
vertex -20.130788803100586 44.445701599121094 7.199999809265137
vertex -19.204742431640625 44.6938362121582 7.199999809265137
endloop
endfacet
facet normal -0.2994046947962962 0.6420771872194362 0.7057575464607614
outer loop
vertex -21.085853576660156 49.862144470214844 1.7000000476837158
vertex -19.204742431640625 44.6938362121582 7.199999809265137
vertex -18.84015464782715 44.86384582519531 7.199999809265137
endloop
endfacet
facet normal -0.061745628233511755 0.7057575483870094 0.7057575789807765
outer loop
vertex -21.085853576660156 49.862144470214844 1.7000000476837158
vertex -21.085853576660156 44.362144470214844 7.199999809265137
vertex -20.130788803100586 44.445701599121094 7.199999809265137
endloop
endfacet
facet normal 0.15348170874630224 0.6912888406835377 0.706090011136488
outer loop
vertex -21.085853576660156 49.862144470214844 1.7000000476837158
vertex -35.52882385253906 53.068809509277344 1.7000000476837158
vertex -36.717498779296875 47.714962005615234 7.199999809265137
endloop
endfacet
facet normal 0.15348170874630224 0.6912888406835377 0.706090011136488
outer loop
vertex -36.717498779296875 47.714962005615234 7.199999809265137
vertex -22.27452850341797 44.508296966552734 7.199999809265137
vertex -21.085853576660156 49.862144470214844 1.7000000476837158
endloop
endfacet
facet normal 0.18336264020842385 0.6843130828848365 0.7057575694021615
outer loop
vertex -35.52882385253906 53.068809509277344 1.7000000476837158
vertex -37.409934997558594 47.9005012512207 7.199999809265137
vertex -36.717498779296875 47.714962005615234 7.199999809265137
endloop
endfacet
facet normal 0.2994029444889547 0.6420779123888484 0.7057576292564766
outer loop
vertex -37.409934997558594 47.9005012512207 7.199999809265137
vertex -35.52882385253906 53.068809509277344 1.7000000476837158
vertex -37.98847579956055 48.1702766418457 7.199999809265137
endloop
endfacet
facet normal 0.31783707052943705 0.6329892940493335 0.7059066157900717
outer loop
vertex -37.98847579956055 48.1702766418457 7.199999809265137
vertex -36.171875 53.39169692993164 1.7000000476837158
vertex -38.63152313232422 48.4931640625 7.199999809265137
endloop
endfacet
facet normal 0.3178355152532722 0.6329899516472076 0.7059067263862505
outer loop
vertex -35.52882385253906 53.068809509277344 1.7000000476837158
vertex -36.171875 53.39169692993164 1.7000000476837158
vertex -37.98847579956055 48.1702766418457 7.199999809265137
endloop
endfacet
facet normal 0.45833947608532016 0.5384582759271808 0.707098019900609
outer loop
vertex -39.76614761352539 49.22862243652344 7.199999809265137
vertex -39.70720672607422 49.17845153808594 7.199999809265137
vertex -36.171875 53.39169692993164 1.7000000476837158
endloop
endfacet
facet normal 0.40635083103785125 0.5803320517080175 0.7057575446817488
outer loop
vertex -36.171875 53.39169692993164 1.7000000476837158
vertex -39.70720672607422 49.17845153808594 7.199999809265137
vertex -38.921875 48.62855911254883 7.199999809265137
endloop
endfacet
facet normal 0.29940851531256724 0.6420753313188725 0.7057576141070561
outer loop
vertex -36.171875 53.39169692993164 1.7000000476837158
vertex -38.921875 48.62855911254883 7.199999809265137
vertex -38.63152313232422 48.4931640625 7.199999809265137
endloop
endfacet
facet normal 0.46209738018309704 0.5352253483846857 0.7071066664050126
outer loop
vertex -39.76614761352539 49.22862243652344 7.199999809265137
vertex -49.7324333190918 65.09947204589844 1.7000000476837158
vertex -53.27983474731445 60.895931243896484 7.199999809265137
endloop
endfacet
facet normal 0.46209848146541066 0.5352244083381769 0.7071066582534844
outer loop
vertex -49.7324333190918 65.09947204589844 1.7000000476837158
vertex -50.36726379394531 65.64756774902344 1.7000000476837158
vertex -53.27983474731445 60.895931243896484 7.199999809265137
endloop
endfacet
facet normal 0.4620973336414492 0.5352253335816006 0.7071067080249821
outer loop
vertex -36.171875 53.39169692993164 1.7000000476837158
vertex -49.7324333190918 65.09947204589844 1.7000000476837158
vertex -39.76614761352539 49.22862243652344 7.199999809265137
endloop
endfacet
facet normal 0.26725546662498323 0.6546560320600999 0.707106777825236
outer loop
vertex -50.36726379394531 65.64756774902344 1.7000000476837158
vertex -53.225833892822266 66.81454467773438 1.7000000476837158
vertex -54.270896911621094 61.30052185058594 7.199999809265137
endloop
endfacet
facet normal 0.26725618808126156 0.654655574807892 0.7071069284805672
outer loop
vertex -53.27983474731445 60.895931243896484 7.199999809265137
vertex -50.36726379394531 65.64756774902344 1.7000000476837158
vertex -54.270896911621094 61.30052185058594 7.199999809265137
endloop
endfacet
facet normal -0.009174065439751437 0.7070472515185285 0.7071067957836367
outer loop
vertex -53.225833892822266 66.81454467773438 1.7000000476837158
vertex -59.55623245239258 66.73240661621094 1.7000000476837158
vertex -54.270896911621094 61.30052185058594 7.199999809265137
endloop
endfacet
facet normal -0.009174257733342569 0.7070471572894332 0.7071068875099251
outer loop
vertex -54.270896911621094 61.30052185058594 7.199999809265137
vertex -59.55623245239258 66.73240661621094 1.7000000476837158
vertex -58.406795501708984 61.246856689453125 7.199999809265137
endloop
endfacet
facet normal -0.2754432635366086 0.6512533517242578 0.7071068380663721
outer loop
vertex -58.406795501708984 61.246856689453125 7.199999809265137
vertex -59.55623245239258 66.73240661621094 1.7000000476837158
vertex -59.3524169921875 60.8469123840332 7.199999809265137
endloop
endfacet
facet normal -0.27544352041044207 0.6512532966890776 0.7071067886928469
outer loop
vertex -59.55623245239258 66.73240661621094 1.7000000476837158
vertex -62.67771911621094 65.41219329833984 1.7000000476837158
vertex -59.3524169921875 60.8469123840332 7.199999809265137
endloop
endfacet
facet normal -0.5353789781617981 0.46191913773242965 0.7071068235697896
outer loop
vertex -62.67771911621094 65.41219329833984 1.7000000476837158
vertex -77.94830322265625 47.71310043334961 1.7000000476837158
vertex -73.16917419433594 44.83285140991211 7.199999809265137
endloop
endfacet
facet normal -0.5353789661477484 0.46191913458770073 0.7071068347204104
outer loop
vertex -59.3524169921875 60.8469123840332 7.199999809265137
vertex -62.67771911621094 65.41219329833984 1.7000000476837158
vertex -73.16917419433594 44.83285140991211 7.199999809265137
endloop
endfacet
facet normal -0.6585129079530743 0.2576058260833634 0.7071067730032672
outer loop
vertex -77.94830322265625 47.71310043334961 1.7000000476837158
vertex -79.0716781616211 44.84143829345703 1.7000000476837158
vertex -73.16917419433594 44.83285140991211 7.199999809265137
endloop
endfacet
facet normal -0.6585130948108212 0.25760480236227984 0.707106971937461
outer loop
vertex -73.16917419433594 44.83285140991211 7.199999809265137
vertex -79.0716781616211 44.84143829345703 1.7000000476837158
vertex -73.54385375976562 43.87506103515625 7.199999809265137
endloop
endfacet
facet normal -0.7068537566701342 -0.018911743291592585 0.7071068608399947
outer loop
vertex -73.54385375976562 43.87506103515625 7.199999809265137
vertex -79.0716781616211 44.84143829345703 1.7000000476837158
vertex -73.43505096435547 39.80839920043945 7.199999809265137
endloop
endfacet
facet normal -0.7068537556710394 -0.018911741014737235 0.707106861899627
outer loop
vertex -79.0716781616211 44.84143829345703 1.7000000476837158
vertex -78.90470123291016 38.600433349609375 1.7000000476837158
vertex -73.43505096435547 39.80839920043945 7.199999809265137
endloop
endfacet
facet normal -0.6490727495481474 -0.28054316753987785 0.7071068497339705
outer loop
vertex -73.43505096435547 39.80839920043945 7.199999809265137
vertex -78.90470123291016 38.600433349609375 1.7000000476837158
vertex -73.03205108642578 38.876007080078125 7.199999809265137
endloop
endfacet
facet normal -0.649072850485716 -0.280542719002184 0.7071069350368508
outer loop
vertex -78.90470123291016 38.600433349609375 1.7000000476837158
vertex -77.5821762084961 35.54059600830078 1.7000000476837158
vertex -73.03205108642578 38.876007080078125 7.199999809265137
endloop
endfacet
facet normal -0.4630771320714766 -0.534332196853234 0.7071411974693972
outer loop
vertex -77.5821762084961 35.54059600830078 1.7000000476837158
vertex -60.92790603637695 28.3859920501709 7.199999809265137
vertex -73.03205108642578 38.876007080078125 7.199999809265137
endloop
endfacet
facet normal -0.46315892051345675 -0.5348853700690597 0.7066692686362517
outer loop
vertex -64.52375793457031 24.2332706451416 1.7000000476837158
vertex -60.92790603637695 28.3859920501709 7.199999809265137
vertex -77.5821762084961 35.54059600830078 1.7000000476837158
endloop
endfacet
facet normal -0.500952314142819 -0.500952314142819 0.7057574356036985
outer loop
vertex -60.92790603637695 28.3859920501709 7.199999809265137
vertex -64.52375793457031 24.2332706451416 1.7000000476837158
vertex -60.310516357421875 27.76860237121582 7.199999809265137
endloop
endfacet
facet normal -0.6420766699257328 -0.2994059433597419 0.7057574873977213
outer loop
vertex -59.7606201171875 26.9832706451416 7.199999809265137
vertex -64.52375793457031 24.2332706451416 1.7000000476837158
vertex -59.35544967651367 26.114381790161133 7.199999809265137
endloop
endfacet
facet normal -0.690845501640877 -0.16205212981749914 0.7046074084794861
outer loop
vertex -59.35544967651367 26.114381790161133 7.199999809265137
vertex -64.52375793457031 24.2332706451416 1.7000000476837158
vertex -59.058067321777344 24.846609115600586 7.199999809265137
endloop
endfacet
facet normal -0.5803308096759586 -0.40635278028080235 0.7057574436723344
outer loop
vertex -60.310516357421875 27.76860237121582 7.199999809265137
vertex -64.52375793457031 24.2332706451416 1.7000000476837158
vertex -59.7606201171875 26.9832706451416 7.199999809265137
endloop
endfacet
facet normal -0.7026965060899811 -0.07885395450698215 0.7071065508023129
outer loop
vertex -58.80519104003906 22.593135833740234 7.199999809265137
vertex -59.058067321777344 24.846609115600586 7.199999809265137
vertex -64.52375793457031 24.2332706451416 1.7000000476837158
endloop
endfacet
facet normal -0.7026965249190705 -0.07885415960120912 0.7071065092192613
outer loop
vertex -64.52375793457031 24.2332706451416 1.7000000476837158
vertex -64.4006118774414 23.135873794555664 1.7000000476837158
vertex -58.80519104003906 22.593135833740234 7.199999809265137
endloop
endfacet
facet normal -0.702696527442723 -0.07885376422463691 0.7071065508023127
outer loop
vertex -64.4006118774414 23.135873794555664 1.7000000476837158
vertex -64.27088165283203 21.97979736328125 1.7000000476837158
vertex -58.80519104003906 22.593135833740234 7.199999809265137
endloop
endfacet
facet normal -0.7065546218136057 -0.039519387708711474 0.7065541623888159
outer loop
vertex -64.27088165283203 21.97979736328125 1.7000000476837158
vertex -58.7708854675293 21.97979736328125 7.199999809265137
vertex -58.80519104003906 22.593135833740234 7.199999809265137
endloop
endfacet
facet normal -0.7057577922040728 0.06174564956468672 0.7057573332974073
outer loop
vertex -58.85444259643555 21.02473258972168 7.199999809265137
vertex -58.7708854675293 21.97979736328125 7.199999809265137
vertex -64.27088165283203 21.97979736328125 1.7000000476837158
endloop
endfacet
facet normal -0.6843140734774061 0.18335949753730105 0.7057574253974432
outer loop
vertex -64.27088165283203 21.97979736328125 1.7000000476837158
vertex -59.10257339477539 20.09868621826172 7.199999809265137
vertex -58.85444259643555 21.02473258972168 7.199999809265137
endloop
endfacet
facet normal -0.59244903272218 0.3869904560406351 0.7065709664004136
outer loop
vertex -64.27088165283203 21.97979736328125 1.7000000476837158
vertex -59.83857345581055 18.723325729370117 7.199999809265137
vertex -59.50774383544922 19.22979736328125 7.199999809265137
endloop
endfacet
facet normal -0.6420766699257328 0.2994059433597419 0.7057574873977213
outer loop
vertex -64.27088165283203 21.97979736328125 1.7000000476837158
vertex -59.50774383544922 19.22979736328125 7.199999809265137
vertex -59.10257339477539 20.09868621826172 7.199999809265137
endloop
endfacet
facet normal -0.5698390883187099 0.41866854901692935 0.707106823251028
outer loop
vertex -64.27088165283203 21.97979736328125 1.7000000476837158
vertex -66.5750961303711 18.843589782714844 1.7000000476837158
vertex -61.649471282958984 16.25855255126953 7.199999809265137
endloop
endfacet
facet normal -0.5698397936705129 0.4186679948277714 0.7071065829536878
outer loop
vertex -61.649471282958984 16.25855255126953 7.199999809265137
vertex -59.83857345581055 18.723325729370117 7.199999809265137
vertex -64.27088165283203 21.97979736328125 1.7000000476837158
endloop
endfacet
facet normal -0.5698403922790715 0.4186664601070022 0.7071070092346037
outer loop
vertex -66.5750961303711 18.843589782714844 1.7000000476837158
vertex -66.83702850341797 18.487077713012695 1.7000000476837158
vertex -61.649471282958984 16.25855255126953 7.199999809265137
endloop
endfacet
facet normal -0.6959514114979829 0.12510407069092017 0.7071072085126318
outer loop
vertex -68.65386962890625 8.380023002624512 1.7000000476837158
vertex -73.96347045898438 -21.15717887878418 1.7000000476837158
vertex -68.38640594482422 -21.218915939331055 7.199999809265137
endloop
endfacet
facet normal -0.6959518176141692 0.1251040188119673 0.7071068179819999
outer loop
vertex -66.83702850341797 18.487077713012695 1.7000000476837158
vertex -68.38640594482422 -21.218915939331055 7.199999809265137
vertex -61.649471282958984 16.25855255126953 7.199999809265137
endloop
endfacet
facet normal -0.695951557975273 0.12510404347346749 0.7071070691616506
outer loop
vertex -68.65386962890625 8.380023002624512 1.7000000476837158
vertex -68.38640594482422 -21.218915939331055 7.199999809265137
vertex -66.83702850341797 18.487077713012695 1.7000000476837158
endloop
endfacet
facet normal -0.6985506407590456 -0.10966777037724057 0.7071067687666491
outer loop
vertex -73.96347045898438 -21.15717887878418 1.7000000476837158
vertex -73.4883804321289 -24.183359146118164 1.7000000476837158
vertex -68.22653198242188 -22.2373046875 7.199999809265137
endloop
endfacet
facet normal -0.6985505533385892 -0.10966347094995879 0.7071075219296982
outer loop
vertex -68.38640594482422 -21.218915939331055 7.199999809265137
vertex -73.96347045898438 -21.15717887878418 1.7000000476837158
vertex -68.22653198242188 -22.2373046875 7.199999809265137
endloop
endfacet
facet normal -0.6018029706255787 -0.37125913079767525 0.7071066697080318
outer loop
vertex -68.22653198242188 -22.2373046875 7.199999809265137
vertex -73.4883804321289 -24.183359146118164 1.7000000476837158
vertex -66.09806823730469 -25.687498092651367 7.199999809265137
endloop
endfacet
facet normal -0.6018029874671946 -0.37125898386049044 0.7071067325223512
outer loop
vertex -73.4883804321289 -24.183359146118164 1.7000000476837158
vertex -70.22493743896484 -29.473331451416016 1.7000000476837158
vertex -66.09806823730469 -25.687498092651367 7.199999809265137
endloop
endfacet
facet normal -0.4216619980236934 -0.5676273359002307 0.7071070406674462
outer loop
vertex -66.09806823730469 -25.687498092651367 7.199999809265137
vertex -70.06248474121094 -29.594013214111328 1.7000000476837158
vertex -65.26763153076172 -26.30438804626465 7.199999809265137
endloop
endfacet
facet normal -0.4216699914871403 -0.5676203773382019 0.7071078598839587
outer loop
vertex -66.09806823730469 -25.687498092651367 7.199999809265137
vertex -70.22493743896484 -29.473331451416016 1.7000000476837158
vertex -70.06248474121094 -29.594013214111328 1.7000000476837158
endloop
endfacet
facet normal -0.4216608864589424 -0.5676285008270663 0.7071067683734021
outer loop
vertex -67.5619888305664 -31.45149803161621 1.7000000476837158
vertex -65.26763153076172 -26.30438804626465 7.199999809265137
vertex -70.06248474121094 -29.594013214111328 1.7000000476837158
endloop
endfacet
facet normal -0.14029442058408903 -0.6930494124500265 0.707106772316351
outer loop
vertex -65.26763153076172 -26.30438804626465 7.199999809265137
vertex -67.5619888305664 -31.45149803161621 1.7000000476837158
vertex -56.85530090332031 -28.007301330566406 7.199999809265137
endloop
endfacet
facet normal -0.14029446497343012 -0.693049353173221 0.7071068216075976
outer loop
vertex -67.5619888305664 -31.45149803161621 1.7000000476837158
vertex -57.946537017822266 -33.3979606628418 1.7000000476837158
vertex -56.85530090332031 -28.007301330566406 7.199999809265137
endloop
endfacet
facet normal -0.5009521913011832 -0.5009521913011832 0.7057576099916214
outer loop
vertex -54.41120529174805 -29.184715270996094 7.199999809265137
vertex -57.946537017822266 -33.3979606628418 1.7000000476837158
vertex -53.73329162597656 -29.862628936767578 7.199999809265137
endloop
endfacet
facet normal -0.5803307658598807 -0.40635250707831333 0.7057576370027132
outer loop
vertex -53.73329162597656 -29.862628936767578 7.199999809265137
vertex -57.946537017822266 -33.3979606628418 1.7000000476837158
vertex -53.705101013183594 -29.902889251708984 7.199999809265137
endloop
endfacet
facet normal -0.2994058963085988 -0.6420765690244582 0.7057575991552799
outer loop
vertex -56.065425872802734 -28.229650497436523 7.199999809265137
vertex -57.946537017822266 -33.3979606628418 1.7000000476837158
vertex -55.196537017822266 -28.63482093811035 7.199999809265137
endloop
endfacet
facet normal -0.40635174794398493 -0.5803313482636544 0.7057575951878642
outer loop
vertex -55.196537017822266 -28.63482093811035 7.199999809265137
vertex -57.946537017822266 -33.3979606628418 1.7000000476837158
vertex -54.41120529174805 -29.184715270996094 7.199999809265137
endloop
endfacet
facet normal -0.19187029705191244 -0.6816016397660912 0.7061196738353823
outer loop
vertex -56.85530090332031 -28.007301330566406 7.199999809265137
vertex -57.946537017822266 -33.3979606628418 1.7000000476837158
vertex -56.065425872802734 -28.229650497436523 7.199999809265137
endloop
endfacet
facet normal -0.5459039504335744 -0.4498431934091387 0.7068450878689656
outer loop
vertex -57.946537017822266 -33.3979606628418 1.7000000476837158
vertex -56.63797378540039 -34.985958099365234 1.7000000476837158
vertex -52.396541595458984 -31.490888595581055 7.199999809265137
endloop
endfacet
facet normal -0.54590465290139 -0.44984192058415995 0.7068453553824677
outer loop
vertex -57.946537017822266 -33.3979606628418 1.7000000476837158
vertex -52.396541595458984 -31.490888595581055 7.199999809265137
vertex -53.705101013183594 -29.902889251708984 7.199999809265137
endloop
endfacet
facet normal -0.6420772204525215 -0.29940488559290385 0.7057574352842939
outer loop
vertex -51.46966552734375 -33.10485076904297 7.199999809265137
vertex -51.87483596801758 -32.235958099365234 7.199999809265137
vertex -56.63797378540039 -34.985958099365234 1.7000000476837158
endloop
endfacet
facet normal -0.7054139666901205 -0.06434041114819805 0.705869284706305
outer loop
vertex -56.63797378540039 -34.985958099365234 1.7000000476837158
vertex -51.138126373291016 -34.94536590576172 7.199999809265137
vertex -51.221534729003906 -34.0308952331543 7.199999809265137
endloop
endfacet
facet normal -0.6843140251278899 -0.1833598622427725 0.7057573775254334
outer loop
vertex -56.63797378540039 -34.985958099365234 1.7000000476837158
vertex -51.221534729003906 -34.0308952331543 7.199999809265137
vertex -51.46966552734375 -33.10485076904297 7.199999809265137
endloop
endfacet
facet normal -0.5803303455634996 -0.40635350865627834 0.7057574059270516
outer loop
vertex -52.396541595458984 -31.490888595581055 7.199999809265137
vertex -56.63797378540039 -34.985958099365234 1.7000000476837158
vertex -51.87483596801758 -32.235958099365234 7.199999809265137
endloop
endfacet
facet normal -0.7070876833552276 -0.005219217893199786 0.707106617004763
outer loop
vertex -51.02090072631836 -50.82682800292969 7.199999809265137
vertex -51.138126373291016 -34.94536590576172 7.199999809265137
vertex -56.63797378540039 -34.985958099365234 1.7000000476837158
endloop
endfacet
facet normal -0.7070870337374515 -0.0052187608284435735 0.7071072699780334
outer loop
vertex -56.63797378540039 -34.985958099365234 1.7000000476837158
vertex -56.597476959228516 -40.47285079956055 1.7000000476837158
vertex -51.02090072631836 -50.82682800292969 7.199999809265137
endloop
endfacet
facet normal -0.7070875373998139 -0.005219301754472143 0.7071067623372461
outer loop
vertex -56.597476959228516 -40.47285079956055 1.7000000476837158
vertex -56.51408386230469 -51.770572662353516 1.7000000476837158
vertex -51.02090072631836 -50.82682800292969 7.199999809265137
endloop
endfacet
facet normal -0.6682847972503317 -0.23107488109742919 0.7071066603348409
outer loop
vertex -51.02090072631836 -50.82682800292969 7.199999809265137
vertex -56.51408386230469 -51.770572662353516 1.7000000476837158
vertex -50.683963775634766 -51.801273345947266 7.199999809265137
endloop
endfacet
facet normal -0.6682849588833746 -0.23107387210953706 0.7071068373015154
outer loop
vertex -56.51408386230469 -51.770572662353516 1.7000000476837158
vertex -55.52460479736328 -54.63222885131836 1.7000000476837158
vertex -50.683963775634766 -51.801273345947266 7.199999809265137
endloop
endfacet
facet normal -0.5290447516797409 -0.46916031590726853 0.7071069570425067
outer loop
vertex -55.52460479736328 -54.63222885131836 1.7000000476837158
vertex -51.421260833740234 -59.25933074951172 1.7000000476837158
vertex -47.97359848022461 -54.85759353637695 7.199999809265137
endloop
endfacet
facet normal -0.529044722068903 -0.4691604167997443 0.7071069122553729
outer loop
vertex -50.683963775634766 -51.801273345947266 7.199999809265137
vertex -55.52460479736328 -54.63222885131836 1.7000000476837158
vertex -47.97359848022461 -54.85759353637695 7.199999809265137
endloop
endfacet
facet normal -0.3287642546241256 -0.6260301506376749 0.7071070041896158
outer loop
vertex -47.97359848022461 -54.85759353637695 7.199999809265137
vertex -51.421260833740234 -59.25933074951172 1.7000000476837158
vertex -46.88114929199219 -55.43130111694336 7.199999809265137
endloop
endfacet
facet normal -0.32876047564246264 -0.6260332343704762 0.7071060310299878
outer loop
vertex -46.88114929199219 -55.43130111694336 7.199999809265137
vertex -51.421260833740234 -59.25933074951172 1.7000000476837158
vertex -51.041969299316406 -59.45851516723633 1.7000000476837158
endloop
endfacet
facet normal -0.3287636016744699 -0.6260308738458209 0.7071066674879175
outer loop
vertex -46.88114929199219 -55.43130111694336 7.199999809265137
vertex -51.041969299316406 -59.45851516723633 1.7000000476837158
vertex -49.438331604003906 -60.30067443847656 1.7000000476837158
endloop
endfacet
facet normal -0.3412602702205308 -0.6193881869570522 0.7070358561113191
outer loop
vertex -46.88114929199219 -55.43130111694336 7.199999809265137
vertex -49.438331604003906 -60.30067443847656 1.7000000476837158
vertex -46.688331604003906 -55.53753662109375 7.199999809265137
endloop
endfacet
facet normal -0.40635083103785125 -0.5803320517080175 0.7057575446817488
outer loop
vertex -46.688331604003906 -55.53753662109375 7.199999809265137
vertex -49.438331604003906 -60.30067443847656 1.7000000476837158
vertex -45.90299987792969 -56.08742904663086 7.199999809265137
endloop
endfacet
facet normal -0.5009540050244032 -0.5009505290496531 0.7057575024715519
outer loop
vertex -45.90299987792969 -56.08742904663086 7.199999809265137
vertex -49.438331604003906 -60.30067443847656 1.7000000476837158
vertex -45.353233337402344 -56.63719940185547 7.199999809265137
endloop
endfacet
facet normal -0.5270418688483834 -0.47264597456611274 0.7062808585876109
outer loop
vertex -49.438331604003906 -60.30067443847656 1.7000000476837158
vertex -44.65620803833008 -57.41444396972656 7.199999809265137
vertex -45.353233337402344 -56.63719940185547 7.199999809265137
endloop
endfacet
facet normal -0.527043018497217 -0.4726444188457005 0.7062810417867325
outer loop
vertex -49.438331604003906 -60.30067443847656 1.7000000476837158
vertex -48.741310119628906 -61.077919006347656 1.7000000476837158
vertex -44.65620803833008 -57.41444396972656 7.199999809265137
endloop
endfacet
facet normal -0.6420780598436506 -0.29940279096305883 0.7057575602364768
outer loop
vertex -43.97816848754883 -58.327919006347656 7.199999809265137
vertex -48.741310119628906 -61.077919006347656 1.7000000476837158
vertex -43.63304138183594 -59.06805419921875 7.199999809265137
endloop
endfacet
facet normal -0.5009521913011832 -0.5009521913011832 0.7057576099916214
outer loop
vertex -44.65620803833008 -57.41444396972656 7.199999809265137
vertex -48.741310119628906 -61.077919006347656 1.7000000476837158
vertex -44.5280647277832 -57.54258728027344 7.199999809265137
endloop
endfacet
facet normal -0.5803306448202201 -0.40635266484735205 0.7057576456929129
outer loop
vertex -48.741310119628906 -61.077919006347656 1.7000000476837158
vertex -43.97816848754883 -58.327919006347656 7.199999809265137
vertex -44.5280647277832 -57.54258728027344 7.199999809265137
endloop
endfacet
facet normal -0.6580068706803645 -0.25889583317069215 0.7071067145094065
outer loop
vertex -48.741310119628906 -61.077919006347656 1.7000000476837158
vertex -47.93015670776367 -63.1395378112793 1.7000000476837158
vertex -43.30427169799805 -59.87481689453125 7.199999809265137
endloop
endfacet
facet normal -0.655473922291641 -0.26711690494356694 0.7064010874064262
outer loop
vertex -48.741310119628906 -61.077919006347656 1.7000000476837158
vertex -43.30427169799805 -59.87481689453125 7.199999809265137
vertex -43.63304138183594 -59.06805419921875 7.199999809265137
endloop
endfacet
facet normal -0.464386348835915 -0.5332394590556612 0.7071074871056547
outer loop
vertex -41.49855041503906 -61.4473991394043 7.199999809265137
vertex -44.06401443481445 -66.50652313232422 1.7000000476837158
vertex -42.20423889160156 -63.33222961425781 5.315168857574463
endloop
endfacet
facet normal -0.4643906358776603 -0.533236737715031 0.7071067238120236
outer loop
vertex -43.30427169799805 -59.87481689453125 7.199999809265137
vertex -47.93015670776367 -63.1395378112793 1.7000000476837158
vertex -44.06401443481445 -66.50652313232422 1.7000000476837158
endloop
endfacet
facet normal -0.46439005116255155 -0.5332369748625307 0.7071069289864863
outer loop
vertex -43.30427169799805 -59.87481689453125 7.199999809265137
vertex -44.06401443481445 -66.50652313232422 1.7000000476837158
vertex -41.49855041503906 -61.4473991394043 7.199999809265137
endloop
endfacet
facet normal -0.23811483873195666 -0.6658084322077115 0.7071071030450505
outer loop
vertex -44.06401443481445 -66.50652313232422 1.7000000476837158
vertex -42.831241607666016 -66.94740295410156 1.7000000476837158
vertex -42.20423889160156 -63.33222961425781 5.315168857574463
endloop
endfacet
facet normal 0 -0.707109718126557 -0.7071038442343396
outer loop
vertex -25.367033004760742 -65.69740295410156 -4.949999809265137
vertex -21.367033004760742 -65.69740295410156 -4.949999809265137
vertex -21.252853393554688 -66.27142333984375 -4.375974655151367
endloop
endfacet
facet normal 0 -0.7070947609480188 -0.7071188012207454
outer loop
vertex -20.64432716369629 -66.94740295410156 -3.700000047683716
vertex -25.806373596191406 -66.758056640625 -3.8893399238586426
vertex -20.92769432067871 -66.758056640625 -3.8893399238586426
endloop
endfacet
facet normal 0 -0.7070947609480188 -0.7071188012207454
outer loop
vertex -26.089740753173828 -66.94740295410156 -3.700000047683716
vertex -25.806373596191406 -66.758056640625 -3.8893399238586426
vertex -20.64432716369629 -66.94740295410156 -3.700000047683716
endloop
endfacet
facet normal 0 -0.7071078204928717 -0.7071057418786957
outer loop
vertex -25.806373596191406 -66.758056640625 -3.8893399238586426
vertex -25.48121452331543 -66.27142333984375 -4.375974655151367
vertex -20.92769432067871 -66.758056640625 -3.8893399238586426
endloop
endfacet
facet normal 0 -0.7071078204928717 -0.7071057418786957
outer loop
vertex -25.48121452331543 -66.27142333984375 -4.375974655151367
vertex -21.252853393554688 -66.27142333984375 -4.375974655151367
vertex -20.92769432067871 -66.758056640625 -3.8893399238586426
endloop
endfacet
facet normal -3.422342487758105e-7 -0.7071096840892434 -0.7071038782718514
outer loop
vertex -6.48121452331543 -66.27142333984375 -4.375974655151367
vertex -6.367033958435059 -65.69740295410156 -4.949999809265137
vertex 15.331140518188477 -66.94740295410156 -3.700000047683716
endloop
endfacet
facet normal -2.9423287618117187e-9 -0.7071067392888498 -0.7071068230842428
outer loop
vertex 14.992423057556152 -64.94740295410156 -5.699999809265137
vertex 15.331140518188477 -66.94740295410156 -3.700000047683716
vertex -6.367033958435059 -65.69740295410156 -4.949999809265137
endloop
endfacet
facet normal 0 -0.7071067811865476 -0.7071067811865476
outer loop
vertex -25.367033004760742 -64.94740295410156 -5.699999809265137
vertex -21.367033004760742 -64.94740295410156 -5.699999809265137
vertex -21.367033004760742 -65.69740295410156 -4.949999809265137
endloop
endfacet
facet normal 0 -0.7071067811865476 -0.7071067811865476
outer loop
vertex -6.367033958435059 -65.69740295410156 -4.949999809265137
vertex -6.367033958435059 -64.94740295410156 -5.699999809265137
vertex 14.992423057556152 -64.94740295410156 -5.699999809265137
endloop
endfacet
facet normal 0 -0.7070947609480188 -0.7071188012207454
outer loop
vertex -7.089740753173828 -66.94740295410156 -3.700000047683716
vertex -6.806373596191406 -66.758056640625 -3.8893399238586426
vertex 15.331140518188477 -66.94740295410156 -3.700000047683716
endloop
endfacet
facet normal -2.221264982552642e-7 -0.7071077462827277 -0.7071058160890152
outer loop
vertex -6.806373596191406 -66.758056640625 -3.8893399238586426
vertex -6.48121452331543 -66.27142333984375 -4.375974655151367
vertex 15.331140518188477 -66.94740295410156 -3.700000047683716
endloop
endfacet
facet normal 0 -0.7070947609480188 -0.7071188012207454
outer loop
vertex -39.92769241333008 -66.758056640625 -3.8893399238586426
vertex -39.644325256347656 -66.94740295410156 -3.700000047683716
vertex -42.831241607666016 -66.94740295410156 -3.700000047683716
endloop
endfacet
facet normal 0.0000016321202920125957 -0.707107275214328 -0.7071062871565383
outer loop
vertex -42.831241607666016 -66.94740295410156 -3.700000047683716
vertex -40.25285339355469 -66.27142333984375 -4.375974655151367
vertex -39.92769241333008 -66.758056640625 -3.8893399238586426
endloop
endfacet
facet normal 0.0000027686573633909513 -0.7071094427617295 -0.707104119595927
outer loop
vertex -42.831241607666016 -66.94740295410156 -3.700000047683716
vertex -40.367034912109375 -65.69740295410156 -4.949999809265137
vertex -40.25285339355469 -66.27142333984375 -4.375974655151367
endloop
endfacet
facet normal 2.813027794247241e-8 -0.7071067414791125 -0.7071068208939798
outer loop
vertex -42.831241607666016 -66.94740295410156 -3.700000047683716
vertex -42.48436737060547 -64.94740295410156 -5.699999809265137
vertex -40.367034912109375 -65.69740295410156 -4.949999809265137
endloop
endfacet
facet normal 0 -0.7071067811865476 -0.7071067811865476
outer loop
vertex -42.48436737060547 -64.94740295410156 -5.699999809265137
vertex -40.367034912109375 -64.94740295410156 -5.699999809265137
vertex -40.367034912109375 -65.69740295410156 -4.949999809265137
endloop
endfacet
facet normal 0 -0.7071097181265569 -0.7071038442343396
outer loop
vertex -25.48121452331543 -66.27142333984375 -4.375974655151367
vertex -25.367033004760742 -65.69740295410156 -4.949999809265137
vertex -21.252853393554688 -66.27142333984375 -4.375974655151367
endloop
endfacet
facet normal 0 -0.7071067811865476 -0.7071067811865476
outer loop
vertex -25.367033004760742 -65.69740295410156 -4.949999809265137
vertex -25.367033004760742 -64.94740295410156 -5.699999809265137
vertex -21.367033004760742 -65.69740295410156 -4.949999809265137
endloop
endfacet
facet normal 0.23282996833853314 -0.6676758676051451 -0.707106174249097
outer loop
vertex 15.32414436340332 -64.83172607421875 -5.699999809265137
vertex 16.386194229125977 -66.57948303222656 -3.700000047683716
vertex 14.992423057556152 -64.94740295410156 -5.699999809265137
endloop
endfacet
facet normal 0.23283243454607774 -0.6676744299209522 -0.7071067197057865
outer loop
vertex 15.331140518188477 -66.94740295410156 -3.700000047683716
vertex 14.992423057556152 -64.94740295410156 -5.699999809265137
vertex 16.386194229125977 -66.57948303222656 -3.700000047683716
endloop
endfacet
facet normal 0.4853631894423695 -0.5142199028538548 -0.7071071105874291
outer loop
vertex 15.32414436340332 -64.83172607421875 -5.699999809265137
vertex 20.057519912719727 -60.363975524902344 -5.699999809265137
vertex 21.430334091186523 -61.81841278076172 -3.700000047683716
endloop
endfacet
facet normal 0.4853633136458925 -0.5142206607210408 -0.7071064741991091
outer loop
vertex 16.386194229125977 -66.57948303222656 -3.700000047683716
vertex 15.32414436340332 -64.83172607421875 -5.699999809265137
vertex 17.56900405883789 -65.46305084228516 -3.700000047683716
endloop
endfacet
facet normal 0.48536333844300233 -0.5142206177113717 -0.7071064884555923
outer loop
vertex 17.56900405883789 -65.46305084228516 -3.700000047683716
vertex 15.32414436340332 -64.83172607421875 -5.699999809265137
vertex 21.430334091186523 -61.81841278076172 -3.700000047683716
endloop
endfacet
facet normal 0.470237384407755 -0.5282893861279695 -0.7069562410856038
outer loop
vertex 21.430334091186523 -61.81841278076172 -3.700000047683716
vertex 20.057519912719727 -60.363975524902344 -5.699999809265137
vertex 20.144758224487305 -60.28632354736328 -5.699999809265137
endloop
endfacet
facet normal 0.40635242550782846 -0.5803307060105506 -0.7057577331812954
outer loop
vertex 21.430334091186523 -61.81841278076172 -3.700000047683716
vertex 20.144758224487305 -60.28632354736328 -5.699999809265137
vertex 20.430334091186523 -60.086360931396484 -5.699999809265137
endloop
endfacet
facet normal 0.29940275052328025 -0.6420779880467006 -0.7057576427110056
outer loop
vertex 21.430334091186523 -61.81841278076172 -3.700000047683716
vertex 20.430334091186523 -60.086360931396484 -5.699999809265137
vertex 20.649782180786133 -59.984031677246094 -5.699999809265137
endloop
endfacet
facet normal 0.27730506383402476 -0.6517043774187253 -0.7059626803346472
outer loop
vertex 21.430334091186523 -61.81841278076172 -3.700000047683716
vertex 20.649782180786133 -59.984031677246094 -5.699999809265137
vertex 21.609437942504883 -61.74220275878906 -3.700000047683716
endloop
endfacet
facet normal 0.27730845505714313 -0.6517027353959637 -0.7059628640596041
outer loop
vertex 21.609437942504883 -61.74220275878906 -3.700000047683716
vertex 20.649782180786133 -59.984031677246094 -5.699999809265137
vertex 22.385602951049805 -61.41193389892578 -3.700000047683716
endloop
endfacet
facet normal 0.2809054553412321 -0.6489231963619615 -0.7071002831161294
outer loop
vertex 20.649782180786133 -59.984031677246094 -5.699999809265137
vertex 21.602523803710938 -59.57160949707031 -5.699999809265137
vertex 22.385602951049805 -61.41193389892578 -3.700000047683716
endloop
endfacet
facet normal 0.25948862519144245 -0.6579075616731275 -0.7069818199144694
outer loop
vertex 22.385602951049805 -61.41193389892578 -3.700000047683716
vertex 21.602523803710938 -59.57160949707031 -5.699999809265137
vertex 21.701562881469727 -59.53254699707031 -5.699999809265137
endloop
endfacet
facet normal 0.18335866568617137 -0.6843139514133353 -0.7057577598715117
outer loop
vertex 22.385602951049805 -61.41193389892578 -3.700000047683716
vertex 21.701562881469727 -59.53254699707031 -5.699999809265137
vertex 22.038307189941406 -59.442317962646484 -5.699999809265137
endloop
endfacet
facet normal 0.06174951834868597 -0.705756956029464 -0.7057578309871813
outer loop
vertex 22.385602951049805 -61.41193389892578 -3.700000047683716
vertex 22.038307189941406 -59.442317962646484 -5.699999809265137
vertex 22.2897891998291 -59.42031478881836 -5.699999809265137
endloop
endfacet
facet normal 0.034030098035698494 -0.7073638209152454 -0.7060300116056437
outer loop
vertex 22.385602951049805 -61.41193389892578 -3.700000047683716
vertex 22.2897891998291 -59.42031478881836 -5.699999809265137
vertex 30.64271354675293 -61.01469802856445 -3.700000047683716
endloop
endfacet
facet normal 0.03451586048409139 -0.7062220387323135 -0.7071485610420327
outer loop
vertex 22.2897891998291 -59.42031478881836 -5.699999809265137
vertex 30.236862182617188 -59.03190994262695 -5.699999809265137
vertex 30.64271354675293 -61.01469802856445 -3.700000047683716
endloop
endfacet
facet normal 0.24626385259625796 -0.6628378557327989 -0.7071068461781387
outer loop
vertex 30.64271354675293 -61.01469802856445 -3.700000047683716
vertex 30.236862182617188 -59.03190994262695 -5.699999809265137
vertex 33.32426834106445 -60.0184211730957 -3.700000047683716
endloop
endfacet
facet normal 0.24626330021861675 -0.662838586227932 -0.7071063537918406
outer loop
vertex 30.236862182617188 -59.03190994262695 -5.699999809265137
vertex 32.274864196777344 -58.27473449707031 -5.699999809265137
vertex 33.32426834106445 -60.0184211730957 -3.700000047683716
endloop
endfacet
facet normal 0.47038843588871726 -0.5279532703443024 -0.7071068262397994
outer loop
vertex 35.6962890625 -57.905033111572266 -3.700000047683716
vertex 36.26347732543945 -54.72101593017578 -5.699999809265137
vertex 37.878665924072266 -55.960609436035156 -3.700000047683716
endloop
endfacet
facet normal 0.4703883241503292 -0.5279536079150638 -0.7071066485280081
outer loop
vertex 33.32426834106445 -60.0184211730957 -3.700000047683716
vertex 32.274864196777344 -58.27473449707031 -5.699999809265137
vertex 35.6962890625 -57.905033111572266 -3.700000047683716
endloop
endfacet
facet normal 0.47038840268738535 -0.5279532757623085 -0.7071068442810168
outer loop
vertex 35.6962890625 -57.905033111572266 -3.700000047683716
vertex 32.274864196777344 -58.27473449707031 -5.699999809265137
vertex 36.26347732543945 -54.72101593017578 -5.699999809265137
endloop
endfacet
facet normal 0.6316557164926521 -0.3178233162499913 -0.7071063537191646
outer loop
vertex 36.26347732543945 -54.72101593017578 -5.699999809265137
vertex 37.384765625 -52.49251937866211 -5.699999809265137
vertex 39.37054443359375 -52.99557876586914 -3.700000047683716
endloop
endfacet
facet normal 0.6316555738424919 -0.31782247162465654 -0.7071068607813862
outer loop
vertex 37.878665924072266 -55.960609436035156 -3.700000047683716
vertex 36.26347732543945 -54.72101593017578 -5.699999809265137
vertex 39.37054443359375 -52.99557876586914 -3.700000047683716
endloop
endfacet
facet normal 0.7067877464777282 -0.02124746491366234 -0.7071065171978528
outer loop
vertex 39.37054443359375 -52.99557876586914 -3.700000047683716
vertex 37.384765625 -52.49251937866211 -5.699999809265137
vertex 39.62322998046875 -44.59010314941406 -3.700000047683716
endloop
endfacet
facet normal 0.7067876146651962 -0.021247393689351874 -0.7071066510911149
outer loop
vertex 37.384765625 -52.49251937866211 -5.699999809265137
vertex 37.6241340637207 -44.530006408691406 -5.699999809265137
vertex 39.62322998046875 -44.59010314941406 -3.700000047683716
endloop
endfacet
facet normal 0.6392697327172556 -0.30613081362477423 -0.7054205368296577
outer loop
vertex 39.62322998046875 -44.59010314941406 -3.700000047683716
vertex 37.74384307861328 -43.906063079833984 -5.699999809265137
vertex 37.90373992919922 -43.57216262817383 -5.699999809265137
endloop
endfacet
facet normal 0.6843136495470479 -0.1833596233671631 -0.7057578037558296
outer loop
vertex 39.62322998046875 -44.59010314941406 -3.700000047683716
vertex 37.65361404418945 -44.24280548095703 -5.699999809265137
vertex 37.74384307861328 -43.906063079833984 -5.699999809265137
endloop
endfacet
facet normal 0.7043287640120882 -0.07229641760022072 -0.706182851807787
outer loop
vertex 39.62322998046875 -44.59010314941406 -3.700000047683716
vertex 37.6241340637207 -44.530006408691406 -5.699999809265137
vertex 37.65361404418945 -44.24280548095703 -5.699999809265137
endloop
endfacet
facet normal 0.6089059791820212 -0.359491463837674 -0.7071063540544876
outer loop
vertex 37.90373992919922 -43.57216262817383 -5.699999809265137
vertex 38.6636848449707 -42.284969329833984 -5.699999809265137
vertex 40.38471221923828 -43.3038215637207 -3.700000047683716
endloop
endfacet
facet normal 0.6087474397824844 -0.36038012708708983 -0.7067904346827025
outer loop
vertex 39.62322998046875 -44.59010314941406 -3.700000047683716
vertex 37.90373992919922 -43.57216262817383 -5.699999809265137
vertex 40.17890548706055 -43.651466369628906 -3.700000047683716
endloop
endfacet
facet normal 0.6087474112385461 -0.3603802309123018 -0.7067904063284705
outer loop
vertex 40.17890548706055 -43.651466369628906 -3.700000047683716
vertex 37.90373992919922 -43.57216262817383 -5.699999809265137
vertex 40.38471221923828 -43.3038215637207 -3.700000047683716
endloop
endfacet
facet normal 0.5779730191454971 -0.40941684303857734 -0.7059214104814809
outer loop
vertex 40.38471221923828 -43.3038215637207 -3.700000047683716
vertex 38.6636848449707 -42.284969329833984 -5.699999809265137
vertex 38.852622985839844 -42.018245697021484 -5.699999809265137
endloop
endfacet
facet normal 0.4063526238375608 -0.5803305538528734 -0.7057577441056859
outer loop
vertex 39.09913635253906 -41.771732330322266 -5.699999809265137
vertex 39.371212005615234 -41.58122253417969 -5.699999809265137
vertex 40.38471221923828 -43.3038215637207 -3.700000047683716
endloop
endfacet
facet normal 0.5009521109515812 -0.5009521109515812 -0.7057577240571365
outer loop
vertex 38.852622985839844 -42.018245697021484 -5.699999809265137
vertex 39.09913635253906 -41.771732330322266 -5.699999809265137
vertex 40.38471221923828 -43.3038215637207 -3.700000047683716
endloop
endfacet
facet normal 0.35869459820212507 -0.6096558277423009 -0.7068648788279595
outer loop
vertex 40.38471221923828 -43.3038215637207 -3.700000047683716
vertex 39.371212005615234 -41.58122253417969 -5.699999809265137
vertex 72.6833724975586 -24.30071449279785 -3.700000047683716
endloop
endfacet
facet normal 0.35859325390768043 -0.6094321981901422 -0.707109096293516
outer loop
vertex 72.6833724975586 -24.30071449279785 -3.700000047683716
vertex 39.371212005615234 -41.58122253417969 -5.699999809265137
vertex 71.4112319946289 -22.72869873046875 -5.699999809265137
endloop
endfacet
facet normal 0.52126338058743 -0.47779048786070427 -0.7071073028673895
outer loop
vertex 72.6833724975586 -24.30071449279785 -3.700000047683716
vertex 71.4112319946289 -22.72869873046875 -5.699999809265137
vertex 77.93193054199219 -18.574604034423828 -3.700000047683716
endloop
endfacet
facet normal 0.5212637860037045 -0.47779164436263455 -0.7071062225566496
outer loop
vertex 71.4112319946289 -22.72869873046875 -5.699999809265137
vertex 76.20006561279297 -17.504150390625 -5.699999809265137
vertex 77.93193054199219 -18.574604034423828 -3.700000047683716
endloop
endfacet
facet normal 0.6604437642857778 -0.2526136879511808 -0.707107034949968
outer loop
vertex 77.07481384277344 -15.217148780822754 -5.699999809265137
vertex 79.10542297363281 -15.506566047668457 -3.700000047683716
vertex 78.54423522949219 -16.973758697509766 -3.700000047683716
endloop
endfacet
facet normal 0.6604452119672486 -0.252612597731661 -0.7071060722810956
outer loop
vertex 77.93193054199219 -18.574604034423828 -3.700000047683716
vertex 76.20006561279297 -17.504150390625 -5.699999809265137
vertex 78.54423522949219 -16.973758697509766 -3.700000047683716
endloop
endfacet
facet normal 0.6604452521457951 -0.25261167846903854 -0.7071063631584236
outer loop
vertex 78.54423522949219 -16.973758697509766 -3.700000047683716
vertex 76.20006561279297 -17.504150390625 -5.699999809265137
vertex 77.07481384277344 -15.217148780822754 -5.699999809265137
endloop
endfacet
facet normal 0.7047206712045693 0.05803922284787949 -0.7071069397115232
outer loop
vertex 74.4080581665039 41.529502868652344 -3.700000047683716
vertex 77.07481384277344 -15.217148780822754 -5.699999809265137
vertex 72.44210815429688 41.033836364746094 -5.699999809265137
endloop
endfacet
facet normal 0.7047204311546251 0.0580392200070296 -0.7071071791844677
outer loop
vertex 79.10542297363281 -15.506566047668457 -3.700000047683716
vertex 77.07481384277344 -15.217148780822754 -5.699999809265137
vertex 74.4080581665039 41.529502868652344 -3.700000047683716
endloop
endfacet
facet normal 0.6479988014476139 0.28301436411798325 -0.7071070803105773
outer loop
vertex 74.4080581665039 41.529502868652344 -3.700000047683716
vertex 72.44210815429688 41.033836364746094 -5.699999809265137
vertex 73.70257568359375 43.144798278808594 -3.700000047683716
endloop
endfacet
facet normal 0.6479986103384123 0.2830155499358711 -0.7071067808287393
outer loop
vertex 72.44210815429688 41.033836364746094 -5.699999809265137
vertex 71.51847076416016 43.148616790771484 -5.699999809265137
vertex 73.19152069091797 44.314910888671875 -3.700000047683716
endloop
endfacet
facet normal 0.6479963237425733 0.2830169965631665 -0.7071082972731084
outer loop
vertex 73.70257568359375 43.144798278808594 -3.700000047683716
vertex 72.44210815429688 41.033836364746094 -5.699999809265137
vertex 73.19152069091797 44.314910888671875 -3.700000047683716
endloop
endfacet
facet normal 0.4897070683147668 0.5100863361004849 -0.7071060153655458
outer loop
vertex 71.51847076416016 43.148616790771484 -5.699999809265137
vertex 67.62773132324219 46.8839111328125 -5.699999809265137
vertex 68.73741149902344 48.591060638427734 -3.700000047683716
endloop
endfacet
facet normal 0.4897061773939516 0.510086155467887 -0.7071067626760432
outer loop
vertex 71.51847076416016 43.148616790771484 -5.699999809265137
vertex 68.73741149902344 48.591060638427734 -3.700000047683716
vertex 73.19152069091797 44.314910888671875 -3.700000047683716
endloop
endfacet
facet normal 0.26737131003326803 0.6546081613097003 -0.7071073028316335
outer loop
vertex 67.62773132324219 46.8839111328125 -5.699999809265137
vertex 65.33741760253906 47.81937789916992 -5.699999809265137
vertex 65.68130493164062 49.839317321777344 -3.700000047683716
endloop
endfacet
facet normal 0.2673726918140417 0.654608503436193 -0.7071064636256278
outer loop
vertex 65.68130493164062 49.839317321777344 -3.700000047683716
vertex 68.73741149902344 48.591060638427734 -3.700000047683716
vertex 67.62773132324219 46.8839111328125 -5.699999809265137
endloop
endfacet
facet normal -0.03569870572296628 0.7062046386636863 -0.7071072130445265
outer loop
vertex 65.68130493164062 49.839317321777344 -3.700000047683716
vertex 65.33741760253906 47.81937789916992 -5.699999809265137
vertex 62.54473114013672 49.680763244628906 -3.700000047683716
endloop
endfacet
facet normal -0.03569783347176052 0.7062052927460472 -0.7071066038320475
outer loop
vertex 65.33741760253906 47.81937789916992 -5.699999809265137
vertex 55.0926513671875 49.30406951904297 -3.700000047683716
vertex 62.54473114013672 49.680763244628906 -3.700000047683716
endloop
endfacet
facet normal -0.03531774516497462 0.7073334913415625 -0.7059971592740424
outer loop
vertex 65.33741760253906 47.81937789916992 -5.699999809265137
vertex 55.193302154541016 47.31287384033203 -5.699999809265137
vertex 55.0926513671875 49.30406951904297 -3.700000047683716
endloop
endfacet
facet normal 0.061744678178218174 0.7057575631765648 -0.7057576473094326
outer loop
vertex 55.0926513671875 47.30406951904297 -5.699999809265137
vertex 54.74535369873047 47.33445358276367 -5.699999809265137
vertex 55.0926513671875 49.30406951904297 -3.700000047683716
endloop
endfacet
facet normal 0.1833596233671631 0.6843136495470479 -0.7057578037558296
outer loop
vertex 54.74535369873047 47.33445358276367 -5.699999809265137
vertex 54.40861129760742 47.4246826171875 -5.699999809265137
vertex 55.0926513671875 49.30406951904297 -3.700000047683716
endloop
endfacet
facet normal 0.30845530309951796 0.6382901119476666 -0.7052950155641396
outer loop
vertex 54.40861129760742 47.4246826171875 -5.699999809265137
vertex 54.067970275878906 47.589298248291016 -5.699999809265137
vertex 55.0926513671875 49.30406951904297 -3.700000047683716
endloop
endfacet
facet normal -0.06173543260093662 0.7057579675804647 -0.7057580517133807
outer loop
vertex 55.193302154541016 47.31287384033203 -5.699999809265137
vertex 55.0926513671875 47.30406951904297 -5.699999809265137
vertex 55.0926513671875 49.30406951904297 -3.700000047683716
endloop
endfacet
facet normal 0.3629308971970871 0.6073558122911252 -0.7066824471683903
outer loop
vertex 55.0926513671875 49.30406951904297 -3.700000047683716
vertex 54.067970275878906 47.589298248291016 -5.699999809265137
vertex 53.582122802734375 50.20669937133789 -3.700000047683716
endloop
endfacet
facet normal 0.36293175012494455 0.6073557058212777 -0.7066821006347778
outer loop
vertex 52.55744552612305 48.49192810058594 -5.699999809265137
vertex 53.582122802734375 50.20669937133789 -3.700000047683716
vertex 54.067970275878906 47.589298248291016 -5.699999809265137
endloop
endfacet
facet normal 0.5803307060105506 0.40635242550782846 -0.7057577331812954
outer loop
vertex 52.05003356933594 48.92112350463867 -5.699999809265137
vertex 51.85007095336914 49.20669937133789 -5.699999809265137
vertex 53.582122802734375 50.20669937133789 -3.700000047683716
endloop
endfacet
facet normal 0.6420781243574273 0.29940248861816904 -0.7057576298070716
outer loop
vertex 51.85007095336914 49.20669937133789 -5.699999809265137
vertex 51.78205490112305 49.352561950683594 -5.699999809265137
vertex 53.582122802734375 50.20669937133789 -3.700000047683716
endloop
endfacet
facet normal 0.5009521109515812 0.5009521109515812 -0.7057577240571365
outer loop
vertex 52.296546936035156 48.67461013793945 -5.699999809265137
vertex 52.05003356933594 48.92112350463867 -5.699999809265137
vertex 53.582122802734375 50.20669937133789 -3.700000047683716
endloop
endfacet
facet normal 0.406350482660941 0.580332196550977 -0.7057576261632166
outer loop
vertex 52.55744552612305 48.49192810058594 -5.699999809265137
vertex 52.296546936035156 48.67461013793945 -5.699999809265137
vertex 53.582122802734375 50.20669937133789 -3.700000047683716
endloop
endfacet
facet normal 0.6351752354374378 0.3116917237776918 -0.7066828776866513
outer loop
vertex 51.78205490112305 49.352561950683594 -5.699999809265137
vertex 51.52865982055664 49.86893844604492 -5.699999809265137
vertex 53.408050537109375 50.57355499267578 -3.700000047683716
endloop
endfacet
facet normal 0.6400472652355602 0.3037011594924464 -0.7057656154754383
outer loop
vertex 53.582122802734375 50.20669937133789 -3.700000047683716
vertex 51.78205490112305 49.352561950683594 -5.699999809265137
vertex 53.408050537109375 50.57355499267578 -3.700000047683716
endloop
endfacet
facet normal 0.6388370020357858 0.3031286714512804 -0.7071069886333405
outer loop
vertex 53.408050537109375 50.57355499267578 -3.700000047683716
vertex 51.52865982055664 49.86893844604492 -5.699999809265137
vertex 53.2100715637207 50.99079132080078 -3.700000047683716
endloop
endfacet
facet normal 0.5251633513910724 0.4735017030004793 -0.7071064924120997
outer loop
vertex 53.2100715637207 50.99079132080078 -3.700000047683716
vertex 48.051910400390625 53.72502517700195 -5.699999809265137
vertex 49.28364944458008 55.34560775756836 -3.700000047683716
endloop
endfacet
facet normal 0.5251631998190678 0.4735009811385435 -0.7071070883654289
outer loop
vertex 51.52865982055664 49.86893844604492 -5.699999809265137
vertex 48.051910400390625 53.72502517700195 -5.699999809265137
vertex 53.2100715637207 50.99079132080078 -3.700000047683716
endloop
endfacet
facet normal 0.3156496957327538 0.6327437835319165 -0.7071071870554952
outer loop
vertex 49.28364944458008 55.34560775756836 -3.700000047683716
vertex 45.81623077392578 54.840309143066406 -5.699999809265137
vertex 46.29237747192383 56.83782958984375 -3.700000047683716
endloop
endfacet
facet normal 0.31564909924955664 0.6327449167895871 -0.7071064392436842
outer loop
vertex 48.051910400390625 53.72502517700195 -5.699999809265137
vertex 45.81623077392578 54.840309143066406 -5.699999809265137
vertex 49.28364944458008 55.34560775756836 -3.700000047683716
endloop
endfacet
facet normal 0.003725626485440437 0.7070966663461155 -0.7071070811054725
outer loop
vertex 45.81623077392578 54.840309143066406 -5.699999809265137
vertex -10.66965389251709 55.1379280090332 -5.699999809265137
vertex 46.29237747192383 56.83782958984375 -3.700000047683716
endloop
endfacet
facet normal 0.0037256090446262137 0.7070969349088707 -0.7071068126384632
outer loop
vertex -10.66965389251709 55.1379280090332 -5.699999809265137
vertex -10.990922927856445 57.1396484375 -3.700000047683716
vertex 46.29237747192383 56.83782958984375 -3.700000047683716
endloop
endfacet
facet normal -0.2248113973409374 0.6704175889000504 -0.7071068463245554
outer loop
vertex -13.86426830291748 56.17612838745117 -3.700000047683716
vertex -10.990922927856445 57.1396484375 -3.700000047683716
vertex -10.66965389251709 55.1379280090332 -5.699999809265137
endloop
endfacet
facet normal -0.2248117001901454 0.670417193573379 -0.7071071248536608
outer loop
vertex -10.66965389251709 55.1379280090332 -5.699999809265137
vertex -12.851133346557617 54.406410217285156 -5.699999809265137
vertex -13.86426830291748 56.17612838745117 -3.700000047683716
endloop
endfacet
facet normal -0.4643045042442723 0.5333112530699464 -0.7071070885569202
outer loop
vertex -13.86426830291748 56.17612838745117 -3.700000047683716
vertex -16.925846099853516 50.85893630981445 -5.699999809265137
vertex -18.503215789794922 52.137428283691406 -3.700000047683716
endloop
endfacet
facet normal -0.464304589514152 0.5333112749111196 -0.7071070160935832
outer loop
vertex -16.925846099853516 50.85893630981445 -5.699999809265137
vertex -13.86426830291748 56.17612838745117 -3.700000047683716
vertex -12.851133346557617 54.406410217285156 -5.699999809265137
endloop
endfacet
facet normal -0.61788552086154 0.3438270516476937 -0.7071070934907366
outer loop
vertex -16.925846099853516 50.85893630981445 -5.699999809265137
vertex -19.3304386138916 50.650840759277344 -3.700000047683716
vertex -18.503215789794922 52.137428283691406 -3.700000047683716
endloop
endfacet
facet normal -0.617861021498299 0.34396009644201475 -0.7070637949779909
outer loop
vertex -16.925846099853516 50.85893630981445 -5.699999809265137
vertex -17.598386764526367 49.650840759277344 -5.699999809265137
vertex -19.3304386138916 50.650840759277344 -3.700000047683716
endloop
endfacet
facet normal -0.5803307060105506 0.40635242550782846 -0.7057577331812954
outer loop
vertex -17.598386764526367 49.650840759277344 -5.699999809265137
vertex -17.798349380493164 49.365264892578125 -5.699999809265137
vertex -19.3304386138916 50.650840759277344 -3.700000047683716
endloop
endfacet
facet normal -0.5009521109515812 0.5009521109515812 -0.7057577240571365
outer loop
vertex -17.798349380493164 49.365264892578125 -5.699999809265137
vertex -18.044862747192383 49.118751525878906 -5.699999809265137
vertex -19.3304386138916 50.650840759277344 -3.700000047683716
endloop
endfacet
facet normal -0.40635242550782846 0.5803307060105506 -0.7057577331812954
outer loop
vertex -18.044862747192383 49.118751525878906 -5.699999809265137
vertex -18.3304386138916 48.91878890991211 -5.699999809265137
vertex -19.3304386138916 50.650840759277344 -3.700000047683716
endloop
endfacet
facet normal -0.2994098401723389 0.6420742981525075 -0.705757991991546
outer loop
vertex -18.3304386138916 48.91878890991211 -5.699999809265137
vertex -18.51382064819336 48.833274841308594 -5.699999809265137
vertex -19.3304386138916 50.650840759277344 -3.700000047683716
endloop
endfacet
facet normal -0.290329048845516 0.6461935076532369 -0.7057924582079805
outer loop
vertex -20.269235610961914 48.04458236694336 -5.699999809265137
vertex -21.085853576660156 49.862144470214844 -3.700000047683716
vertex -18.51382064819336 48.833274841308594 -5.699999809265137
endloop
endfacet
facet normal -0.29032996467637207 0.6461924205815331 -0.7057930767540834
outer loop
vertex -18.51382064819336 48.833274841308594 -5.699999809265137
vertex -21.085853576660156 49.862144470214844 -3.700000047683716
vertex -19.3304386138916 50.650840759277344 -3.700000047683716
endloop
endfacet
facet normal 0.18336236272561574 0.6843131314792587 -0.7057575943769437
outer loop
vertex -21.433149337768555 47.89252853393555 -5.699999809265137
vertex -21.518098831176758 47.91529083251953 -5.699999809265137
vertex -21.085853576660156 49.862144470214844 -3.700000047683716
endloop
endfacet
facet normal 0.06174501598724213 0.7057575483995611 -0.7057576325324271
outer loop
vertex -21.085853576660156 47.862144470214844 -5.699999809265137
vertex -21.433149337768555 47.89252853393555 -5.699999809265137
vertex -21.085853576660156 49.862144470214844 -3.700000047683716
endloop
endfacet
facet normal -0.06174501598724213 0.7057575483995611 -0.7057576325324271
outer loop
vertex -20.738557815551758 47.89252853393555 -5.699999809265137
vertex -21.085853576660156 47.862144470214844 -5.699999809265137
vertex -21.085853576660156 49.862144470214844 -3.700000047683716
endloop
endfacet
facet normal -0.18335866568617137 0.6843139514133353 -0.7057577598715117
outer loop
vertex -20.401813507080078 47.982757568359375 -5.699999809265137
vertex -20.738557815551758 47.89252853393555 -5.699999809265137
vertex -21.085853576660156 49.862144470214844 -3.700000047683716
endloop
endfacet
facet normal -0.2994162368255595 0.6420720431143276 -0.705757329806934
outer loop
vertex -20.269235610961914 48.04458236694336 -5.699999809265137
vertex -20.401813507080078 47.982757568359375 -5.699999809265137
vertex -21.085853576660156 49.862144470214844 -3.700000047683716
endloop
endfacet
facet normal 0.15348178206202448 0.691288803786826 -0.7060900313232333
outer loop
vertex -21.085853576660156 49.862144470214844 -3.700000047683716
vertex -21.518098831176758 47.91529083251953 -5.699999809265137
vertex -30.99205780029297 52.061546325683594 -3.700000047683716
endloop
endfacet
facet normal 0.15348166920422565 0.6912887538762218 -0.7060901047193234
outer loop
vertex -21.518098831176758 47.91529083251953 -5.699999809265137
vertex -35.9610710144043 51.12195587158203 -5.699999809265137
vertex -35.52882385253906 53.068809509277344 -3.700000047683716
endloop
endfacet
facet normal 0.1534813954852102 0.691288231348178 -0.7060906757913041
outer loop
vertex -30.99205780029297 52.061546325683594 -3.700000047683716
vertex -21.518098831176758 47.91529083251953 -5.699999809265137
vertex -35.52882385253906 53.068809509277344 -3.700000047683716
endloop
endfacet
facet normal 0.28028033209671327 0.6498368611472325 -0.7065090157486092
outer loop
vertex -36.21286392211914 51.189422607421875 -5.699999809265137
vertex -36.4262809753418 51.281471252441406 -5.699999809265137
vertex -35.52882385253906 53.068809509277344 -3.700000047683716
endloop
endfacet
facet normal 0.18335872795733846 0.6843139317851454 -0.7057577627250172
outer loop
vertex -36.21286392211914 51.189422607421875 -5.699999809265137
vertex -35.52882385253906 53.068809509277344 -3.700000047683716
vertex -35.9610710144043 51.12195587158203 -5.699999809265137
endloop
endfacet
facet normal 0.3234359047615595 0.6292990713367812 -0.7066625038345646
outer loop
vertex -36.4262809753418 51.281471252441406 -5.699999809265137
vertex -37.06629180908203 51.61041259765625 -5.699999809265137
vertex -35.75888442993164 53.184326171875 -3.700000047683716
endloop
endfacet
facet normal 0.3172959105063726 0.6319199216276609 -0.707107147344745
outer loop
vertex -35.52882385253906 53.068809509277344 -3.700000047683716
vertex -36.4262809753418 51.281471252441406 -5.699999809265137
vertex -35.75888442993164 53.184326171875 -3.700000047683716
endloop
endfacet
facet normal 0.3178366375727871 0.6329896045610391 -0.7059065322931104
outer loop
vertex -35.75888442993164 53.184326171875 -3.700000047683716
vertex -37.06629180908203 51.61041259765625 -5.699999809265137
vertex -36.171875 53.39169692993164 -3.700000047683716
endloop
endfacet
facet normal 0.4141247180173039 0.5753424291441444 -0.705323902298514
outer loop
vertex -37.171875 51.659645080566406 -5.699999809265137
vertex -37.4774055480957 51.87956237792969 -5.699999809265137
vertex -36.171875 53.39169692993164 -3.700000047683716
endloop
endfacet
facet normal 0.2993966212817159 0.6420811780439588 -0.7057573407105128
outer loop
vertex -37.06629180908203 51.61041259765625 -5.699999809265137
vertex -37.171875 51.659645080566406 -5.699999809265137
vertex -36.171875 53.39169692993164 -3.700000047683716
endloop
endfacet
facet normal 0.46229289964519293 0.5355845413254965 -0.7067067808014842
outer loop
vertex -37.4774055480957 51.87956237792969 -5.699999809265137
vertex -51.4263801574707 63.919700622558594 -5.699999809265137
vertex -36.171875 53.39169692993164 -3.700000047683716
endloop
endfacet
facet normal 0.4620974100338483 0.5352253212303143 -0.7071066674511819
outer loop
vertex -50.36726379394531 65.64756774902344 -3.700000047683716
vertex -36.171875 53.39169692993164 -3.700000047683716
vertex -51.4263801574707 63.919700622558594 -5.699999809265137
endloop
endfacet
facet normal 0.2672554772248055 0.6546560580249107 -0.7071067497801349
outer loop
vertex -53.225833892822266 66.81454467773438 -3.700000047683716
vertex -50.36726379394531 65.64756774902344 -3.700000047683716
vertex -51.4263801574707 63.919700622558594 -5.699999809265137
endloop
endfacet
facet normal 0.2672536243201676 0.6546556506525963 -0.7071078272486881
outer loop
vertex -51.4263801574707 63.919700622558594 -5.699999809265137
vertex -53.605857849121094 64.80944061279297 -5.699999809265137
vertex -53.225833892822266 66.81454467773438 -3.700000047683716
endloop
endfacet
facet normal -0.00918088070097188 0.70704697250062 -0.7071069863233299
outer loop
vertex -53.701171875 66.8083724975586 -3.700000047683716
vertex -53.225833892822266 66.81454467773438 -3.700000047683716
vertex -53.605857849121094 64.80944061279297 -5.699999809265137
endloop
endfacet
facet normal -0.009173511134249836 0.7070471959985393 -0.7071068584903365
outer loop
vertex -53.605857849121094 64.80944061279297 -5.699999809265137
vertex -59.55623245239258 66.73240661621094 -3.700000047683716
vertex -53.701171875 66.8083724975586 -3.700000047683716
endloop
endfacet
facet normal -0.009173236915928484 0.7070476137658026 -0.707106444315542
outer loop
vertex -59.13825607299805 64.73766326904297 -5.699999809265137
vertex -59.55623245239258 66.73240661621094 -3.700000047683716
vertex -53.605857849121094 64.80944061279297 -5.699999809265137
endloop
endfacet
facet normal -0.27544471934696485 0.6512532725360748 -0.7071063439079901
outer loop
vertex -59.13825607299805 64.73766326904297 -5.699999809265137
vertex -60.59542465209961 66.29288482666016 -3.700000047683716
vertex -59.55623245239258 66.73240661621094 -3.700000047683716
endloop
endfacet
facet normal -0.27544330148971635 0.6512542058426376 -0.7071060366286805
outer loop
vertex -59.13825607299805 64.73766326904297 -5.699999809265137
vertex -62.67771911621094 65.41219329833984 -3.700000047683716
vertex -60.59542465209961 66.29288482666016 -3.700000047683716
endloop
endfacet
facet normal -0.2754435774788713 0.6512537322314639 -0.7071063653229475
outer loop
vertex -59.13825607299805 64.73766326904297 -5.699999809265137
vertex -61.4685173034668 63.75209426879883 -5.699999809265137
vertex -62.67771911621094 65.41219329833984 -3.700000047683716
endloop
endfacet
facet normal -0.5353790840338342 0.46191928842231217 -0.7071066449712642
outer loop
vertex -61.4685173034668 63.75209426879883 -5.699999809265137
vertex -76.21044158935547 46.66573715209961 -5.699999809265137
vertex -62.67771911621094 65.41219329833984 -3.700000047683716
endloop
endfacet
facet normal -0.5353793092899254 0.46191942342616293 -0.7071063862290339
outer loop
vertex -62.67771911621094 65.41219329833984 -3.700000047683716
vertex -76.21044158935547 46.66573715209961 -5.699999809265137
vertex -77.94830322265625 47.71310043334961 -3.700000047683716
endloop
endfacet
facet normal -0.658513414656587 0.2576060243023738 -0.7071062289079674
outer loop
vertex -76.21044158935547 46.66573715209961 -5.699999809265137
vertex -79.0716781616211 44.84143829345703 -3.700000047683716
vertex -77.94830322265625 47.71310043334961 -3.700000047683716
endloop
endfacet
facet normal -0.6585132092153894 0.2576051385858497 -0.7071067429059166
outer loop
vertex -76.21044158935547 46.66573715209961 -5.699999809265137
vertex -77.06156158447266 44.490028381347656 -5.699999809265137
vertex -79.0716781616211 44.84143829345703 -3.700000047683716
endloop
endfacet
facet normal -0.706852894318927 -0.01891244540348211 -0.7071077041030002
outer loop
vertex -76.91573333740234 39.039695739746094 -5.699999809265137
vertex -78.90470123291016 38.600433349609375 -3.700000047683716
vertex -77.06156158447266 44.490028381347656 -5.699999809265137
endloop
endfacet
facet normal -0.7068539747341279 -0.018911746875729503 -0.7071066427581297
outer loop
vertex -78.90470123291016 38.600433349609375 -3.700000047683716
vertex -79.0716781616211 44.84143829345703 -3.700000047683716
vertex -77.06156158447266 44.490028381347656 -5.699999809265137
endloop
endfacet
facet normal -0.649072110347093 -0.28054239909895345 -0.7071077413501954
outer loop
vertex -78.90470123291016 38.600433349609375 -3.700000047683716
vertex -76.91573333740234 39.039695739746094 -5.699999809265137
vertex -77.5821762084961 35.54059600830078 -3.700000047683716
endloop
endfacet
facet normal -0.649072651614446 -0.2805420835762245 -0.7071073696892874
outer loop
vertex -75.92758178710938 36.75347137451172 -5.699999809265137
vertex -77.5821762084961 35.54059600830078 -3.700000047683716
vertex -76.91573333740234 39.039695739746094 -5.699999809265137
endloop
endfacet
facet normal -0.4631595002691701 -0.5348864884255529 -0.7066680421599617
outer loop
vertex -77.5821762084961 35.54059600830078 -3.700000047683716
vertex -63.2161750793457 25.743350982666016 -5.699999809265137
vertex -74.05159759521484 32.48345947265625 -3.700000047683716
endloop
endfacet
facet normal -0.46294332112478664 -0.5344774287680171 -0.707119056145061
outer loop
vertex -75.92758178710938 36.75347137451172 -5.699999809265137
vertex -63.2161750793457 25.743350982666016 -5.699999809265137
vertex -77.5821762084961 35.54059600830078 -3.700000047683716
endloop
endfacet
facet normal -0.46315897416095814 -0.5348852657138019 -0.706669312462657
outer loop
vertex -74.05159759521484 32.48345947265625 -3.700000047683716
vertex -63.2161750793457 25.743350982666016 -5.699999809265137
vertex -64.52375793457031 24.2332706451416 -3.700000047683716
endloop
endfacet
facet normal -0.6843142799183405 -0.18335979227310684 -0.7057571486548373
outer loop
vertex -62.64437484741211 24.91731071472168 -5.699999809265137
vertex -62.55414581298828 24.580568313598633 -5.699999809265137
vertex -64.52375793457031 24.2332706451416 -3.700000047683716
endloop
endfacet
facet normal -0.5803311593641295 -0.406352742949805 -0.7057571776243263
outer loop
vertex -62.791709899902344 25.2332706451416 -5.699999809265137
vertex -64.52375793457031 24.2332706451416 -3.700000047683716
vertex -62.99167251586914 25.51884651184082 -5.699999809265137
endloop
endfacet
facet normal -0.6420767908479861 -0.29940637585475466 -0.7057571939072763
outer loop
vertex -62.791709899902344 25.2332706451416 -5.699999809265137
vertex -62.64437484741211 24.91731071472168 -5.699999809265137
vertex -64.52375793457031 24.2332706451416 -3.700000047683716
endloop
endfacet
facet normal -0.5009544840404894 -0.5009502280234635 -0.7057573761307544
outer loop
vertex -64.52375793457031 24.2332706451416 -3.700000047683716
vertex -63.2161750793457 25.743350982666016 -5.699999809265137
vertex -62.99167251586914 25.51884651184082 -5.699999809265137
endloop
endfacet
facet normal -0.7000480040598639 -0.10089562336912898 -0.7069320088924786
outer loop
vertex -62.55414581298828 24.580568313598633 -5.699999809265137
vertex -62.53623580932617 24.456302642822266 -5.699999809265137
vertex -64.52375793457031 24.2332706451416 -3.700000047683716
endloop
endfacet
facet normal -0.702696821314412 -0.07885366710528485 -0.7071062695936661
outer loop
vertex -64.4006118774414 23.135875701904297 -3.700000047683716
vertex -62.28335952758789 22.202829360961914 -5.699999809265137
vertex -64.27088165283203 21.97979736328125 -3.700000047683716
endloop
endfacet
facet normal -0.7026967478613187 -0.0788543216730625 -0.7071062695936216
outer loop
vertex -64.52375793457031 24.2332706451416 -3.700000047683716
vertex -62.53623580932617 24.456302642822266 -5.699999809265137
vertex -64.4006118774414 23.135875701904297 -3.700000047683716
endloop
endfacet
facet normal -0.7026968782507406 -0.07885399626946046 -0.7071061763052278
outer loop
vertex -62.53623580932617 24.456302642822266 -5.699999809265137
vertex -62.28335952758789 22.202829360961914 -5.699999809265137
vertex -64.4006118774414 23.135875701904297 -3.700000047683716
endloop
endfacet
facet normal -0.6420767908479861 0.29940637585475466 -0.7057571939072763
outer loop
vertex -62.39149856567383 21.295757293701172 -5.699999809265137
vertex -62.53883361816406 20.97979736328125 -5.699999809265137
vertex -64.27088165283203 21.97979736328125 -3.700000047683716
endloop
endfacet
facet normal -0.6843145817851448 0.1833588345912969 -0.7057571047701495
outer loop
vertex -62.30126953125 21.63250160217285 -5.699999809265137
vertex -62.39149856567383 21.295757293701172 -5.699999809265137
vertex -64.27088165283203 21.97979736328125 -3.700000047683716
endloop
endfacet
facet normal -0.7057582188967881 0.06174507464741813 -0.7057569569025997
outer loop
vertex -62.2708854675293 21.97979736328125 -5.699999809265137
vertex -62.30126953125 21.63250160217285 -5.699999809265137
vertex -64.27088165283203 21.97979736328125 -3.700000047683716
endloop
endfacet
facet normal -0.5803299736114161 0.40635460386093525 -0.7057570811895516
outer loop
vertex -62.53883361816406 20.97979736328125 -5.699999809265137
vertex -62.664852142333984 20.79982566833496 -5.699999809265137
vertex -64.27088165283203 21.97979736328125 -3.700000047683716
endloop
endfacet
facet normal -0.7065550836756296 -0.039517247032391345 -0.7065538202565357
outer loop
vertex -62.28335952758789 22.202829360961914 -5.699999809265137
vertex -62.2708854675293 21.97979736328125 -5.699999809265137
vertex -64.27088165283203 21.97979736328125 -3.700000047683716
endloop
endfacet
facet normal -0.5716195636734809 0.41836485422461067 -0.7058483712351822
outer loop
vertex -64.95064544677734 17.67670440673828 -5.699999809265137
vertex -64.27088165283203 21.97979736328125 -3.700000047683716
vertex -62.664852142333984 20.79982566833496 -5.699999809265137
endloop
endfacet
facet normal -0.5698393866379521 0.4186684571858974 -0.7071066372151111
outer loop
vertex -64.27088165283203 21.97979736328125 -3.700000047683716
vertex -64.95064544677734 17.67670440673828 -5.699999809265137
vertex -66.83702850341797 18.487077713012695 -3.700000047683716
endloop
endfacet
facet normal -0.6959514621698669 0.12510401136350185 -0.7071071691366062
outer loop
vertex -64.95064544677734 17.67670440673828 -5.699999809265137
vertex -71.9354476928711 -21.179630279541016 -5.699999809265137
vertex -73.96347045898438 -21.15717887878418 -3.700000047683716
endloop
endfacet
facet normal -0.6959519808825858 0.125104159391589 -0.707106632417296
outer loop
vertex -64.95064544677734 17.67670440673828 -5.699999809265137
vertex -73.96347045898438 -21.15717887878418 -3.700000047683716
vertex -66.83702850341797 18.487077713012695 -3.700000047683716
endloop
endfacet
facet normal -0.6985509363941718 -0.10966714213215917 -0.7071065741452207
outer loop
vertex -71.9354476928711 -21.179630279541016 -5.699999809265137
vertex -71.57498168945312 -23.475704193115234 -5.699999809265137
vertex -73.4883804321289 -24.183359146118164 -3.700000047683716
endloop
endfacet
facet normal -0.698550384217888 -0.10966773010199761 -0.7071070284499485
outer loop
vertex -73.4883804321289 -24.183359146118164 -3.700000047683716
vertex -73.96347045898438 -21.15717887878418 -3.700000047683716
vertex -71.9354476928711 -21.179630279541016 -5.699999809265137
endloop
endfacet
facet normal -0.6018031767230536 -0.3712591006145434 -0.7071065101502896
outer loop
vertex -73.4883804321289 -24.183359146118164 -3.700000047683716
vertex -68.72425842285156 -28.09666633605957 -5.699999809265137
vertex -70.22493743896484 -29.473331451416016 -3.700000047683716
endloop
endfacet
facet normal -0.6018031857716944 -0.371259121049886 -0.7071064917198154
outer loop
vertex -71.57498168945312 -23.475704193115234 -5.699999809265137
vertex -68.72425842285156 -28.09666633605957 -5.699999809265137
vertex -73.4883804321289 -24.183359146118164 -3.700000047683716
endloop
endfacet
facet normal -0.4216661626862691 -0.567624194470056 -0.7071070789474936
outer loop
vertex -70.22493743896484 -29.473331451416016 -3.700000047683716
vertex -68.72425842285156 -28.09666633605957 -5.699999809265137
vertex -70.06248474121094 -29.594011306762695 -3.700000047683716
endloop
endfacet
facet normal -0.4216613138785015 -0.5676282782390882 -0.7071066921770603
outer loop
vertex -66.72767639160156 -29.579822540283203 -5.699999809265137
vertex -67.5619888305664 -31.45149803161621 -3.700000047683716
vertex -68.72425842285156 -28.09666633605957 -5.699999809265137
endloop
endfacet
facet normal -0.42166115481375743 -0.567628279212924 -0.7071067862486566
outer loop
vertex -70.06248474121094 -29.594011306762695 -3.700000047683716
vertex -68.72425842285156 -28.09666633605957 -5.699999809265137
vertex -67.5619888305664 -31.45149803161621 -3.700000047683716
endloop
endfacet
facet normal -0.1407054570039515 -0.6936455569308404 -0.7064402421432497
outer loop
vertex -57.55046844482422 -31.4414119720459 -5.699999809265137
vertex -57.946537017822266 -33.3979606628418 -3.700000047683716
vertex -66.72767639160156 -29.579822540283203 -5.699999809265137
endloop
endfacet
facet normal -0.1402944931850346 -0.6930494925374805 -0.7071066794165466
outer loop
vertex -67.5619888305664 -31.45149803161621 -3.700000047683716
vertex -66.72767639160156 -29.579822540283203 -5.699999809265137
vertex -57.946537017822266 -33.3979606628418 -3.700000047683716
endloop
endfacet
facet normal -0.5053726804262223 -0.4968833642928574 -0.7054823712665165
outer loop
vertex -56.66096115112305 -31.86587142944336 -5.699999809265137
vertex -56.40419387817383 -32.12702560424805 -5.699999809265137
vertex -57.946537017822266 -33.3979606628418 -3.700000047683716
endloop
endfacet
facet normal -0.29940299803259685 -0.6420778592283228 -0.7057576549056106
outer loop
vertex -57.946537017822266 -33.3979606628418 -3.700000047683716
vertex -57.26249694824219 -31.51857566833496 -5.699999809265137
vertex -56.946537017822266 -31.665908813476562 -5.699999809265137
endloop
endfacet
facet normal -0.40635242550782846 -0.5803307060105506 -0.7057577331812954
outer loop
vertex -56.66096115112305 -31.86587142944336 -5.699999809265137
vertex -57.946537017822266 -33.3979606628418 -3.700000047683716
vertex -56.946537017822266 -31.665908813476562 -5.699999809265137
endloop
endfacet
facet normal -0.18336555316574166 -0.6843121222306623 -0.7057577440456383
outer loop
vertex -57.26249694824219 -31.51857566833496 -5.699999809265137
vertex -57.946537017822266 -33.3979606628418 -3.700000047683716
vertex -57.55046844482422 -31.4414119720459 -5.699999809265137
endloop
endfacet
facet normal -0.5459040748363859 -0.4498419845470888 -0.706845761121736
outer loop
vertex -55.09563446044922 -33.715023040771484 -5.699999809265137
vertex -57.946537017822266 -33.3979606628418 -3.700000047683716
vertex -56.40419387817383 -32.12702560424805 -5.699999809265137
endloop
endfacet
facet normal -0.5459038330211144 -0.4498430966573275 -0.7068452401216275
outer loop
vertex -55.09563446044922 -33.715023040771484 -5.699999809265137
vertex -56.63797378540039 -34.985958099365234 -3.700000047683716
vertex -57.946537017822266 -33.3979606628418 -3.700000047683716
endloop
endfacet
facet normal -0.6843148836481046 -0.18335787691930555 -0.7057570608852071
outer loop
vertex -54.75859069824219 -34.301918029785156 -5.699999809265137
vertex -54.66836166381836 -34.63866424560547 -5.699999809265137
vertex -56.63797378540039 -34.985958099365234 -3.700000047683716
endloop
endfacet
facet normal -0.7057578710319257 -0.06174794413885445 -0.7057570537168641
outer loop
vertex -54.63926696777344 -34.97120666503906 -5.699999809265137
vertex -56.63797378540039 -34.985958099365234 -3.700000047683716
vertex -54.66836166381836 -34.63866424560547 -5.699999809265137
endloop
endfacet
facet normal -0.5803333202663975 -0.40634935162998725 -0.7057573533577016
outer loop
vertex -56.63797378540039 -34.985958099365234 -3.700000047683716
vertex -55.09563446044922 -33.715023040771484 -5.699999809265137
vertex -54.90592575073242 -33.985958099365234 -5.699999809265137
endloop
endfacet
facet normal -0.6420767908479861 -0.29940637585475466 -0.7057571939072763
outer loop
vertex -54.90592575073242 -33.985958099365234 -5.699999809265137
vertex -54.75859069824219 -34.301918029785156 -5.699999809265137
vertex -56.63797378540039 -34.985958099365234 -3.700000047683716
endloop
endfacet
facet normal -0.7073064871962279 -0.005220742244332571 -0.7068877400411968
outer loop
vertex -54.63926696777344 -34.97120666503906 -5.699999809265137
vertex -56.51408386230469 -51.770572662353516 -3.700000047683716
vertex -56.63797378540039 -34.985958099365234 -3.700000047683716
endloop
endfacet
facet normal -0.7070828914578118 -0.005272276996945906 -0.7071110151192156
outer loop
vertex -56.51408386230469 -51.770572662353516 -3.700000047683716
vertex -54.63926696777344 -34.97120666503906 -5.699999809265137
vertex -54.516563415527344 -51.42739486694336 -5.699999809265137
endloop
endfacet
facet normal -0.6682852458068441 -0.2310739713194867 -0.7071065337101102
outer loop
vertex -55.52460479736328 -54.63222885131836 -3.700000047683716
vertex -56.51408386230469 -51.770572662353516 -3.700000047683716
vertex -54.516563415527344 -51.42739486694336 -5.699999809265137
endloop
endfacet
facet normal -0.6682853082552033 -0.2310739244115081 -0.7071064900192281
outer loop
vertex -54.516563415527344 -51.42739486694336 -5.699999809265137
vertex -53.764373779296875 -53.60279083251953 -5.699999809265137
vertex -55.52460479736328 -54.63222885131836 -3.700000047683716
endloop
endfacet
facet normal -0.5290443646829298 -0.46916045478406426 -0.7071071544426948
outer loop
vertex -53.764373779296875 -53.60279083251953 -5.699999809265137
vertex -50.167564392089844 -57.65869903564453 -5.699999809265137
vertex -51.421260833740234 -59.25933074951172 -3.700000047683716
endloop
endfacet
facet normal -0.529044994378811 -0.4691605311343775 -0.7071066326576444
outer loop
vertex -55.52460479736328 -54.63222885131836 -3.700000047683716
vertex -53.764373779296875 -53.60279083251953 -5.699999809265137
vertex -51.421260833740234 -59.25933074951172 -3.700000047683716
endloop
endfacet
facet normal -0.3287628086604456 -0.6260309539024997 -0.7071069653154476
outer loop
vertex -51.421260833740234 -59.25933074951172 -3.700000047683716
vertex -50.167564392089844 -57.65869903564453 -5.699999809265137
vertex -49.438331604003906 -60.30067443847656 -3.700000047683716
endloop
endfacet
facet normal -0.33100817674325306 -0.6259269422501981 -0.7061508690743251
outer loop
vertex -49.438331604003906 -60.30067443847656 -3.700000047683716
vertex -50.167564392089844 -57.65869903564453 -5.699999809265137
vertex -48.51095199584961 -58.53476333618164 -5.699999809265137
endloop
endfacet
facet normal -0.49232399587313386 -0.5087949155466628 -0.7062186750584941
outer loop
vertex -48.15275955200195 -58.768585205078125 -5.699999809265137
vertex -47.949371337890625 -58.965389251708984 -5.699999809265137
vertex -49.438331604003906 -60.30067443847656 -3.700000047683716
endloop
endfacet
facet normal -0.40635113592342054 -0.5803321833408979 -0.7057572608996187
outer loop
vertex -49.438331604003906 -60.30067443847656 -3.700000047683716
vertex -48.438331604003906 -58.568626403808594 -5.699999809265137
vertex -48.15275955200195 -58.768585205078125 -5.699999809265137
endloop
endfacet
facet normal -0.29940284606097944 -0.6420786279669782 -0.7057570199995379
outer loop
vertex -49.438331604003906 -60.30067443847656 -3.700000047683716
vertex -48.51095199584961 -58.53476333618164 -5.699999809265137
vertex -48.438331604003906 -58.568626403808594 -5.699999809265137
endloop
endfacet
facet normal -0.5264276524376958 -0.47209515131812624 -0.707106848256225
outer loop
vertex -47.949371337890625 -58.965389251708984 -5.699999809265137
vertex -47.25234603881836 -59.74263381958008 -5.699999809265137
vertex -48.741310119628906 -61.077919006347656 -3.700000047683716
endloop
endfacet
facet normal -0.5264293104206225 -0.47209405447880315 -0.7071063462138016
outer loop
vertex -49.438331604003906 -60.30067443847656 -3.700000047683716
vertex -47.949371337890625 -58.965389251708984 -5.699999809265137
vertex -48.741310119628906 -61.077919006347656 -3.700000047683716
endloop
endfacet
facet normal -0.534156253066786 -0.4634054516859808 -0.7070590390182165
outer loop
vertex -48.741310119628906 -61.077919006347656 -3.700000047683716
vertex -47.25234603881836 -59.74263381958008 -5.699999809265137
vertex -47.20922088623047 -59.79234313964844 -5.699999809265137
endloop
endfacet
facet normal -0.5803307060105506 -0.40635242550782846 -0.7057577331812954
outer loop
vertex -47.20922088623047 -59.79234313964844 -5.699999809265137
vertex -47.00925827026367 -60.077919006347656 -5.699999809265137
vertex -48.741310119628906 -61.077919006347656 -3.700000047683716
endloop
endfacet
facet normal -0.6420744052683488 -0.29940963436464324 -0.7057579818527925
outer loop
vertex -48.741310119628906 -61.077919006347656 -3.700000047683716
vertex -47.00925827026367 -60.077919006347656 -5.699999809265137
vertex -46.88375473022461 -60.3470573425293 -5.699999809265137
endloop
endfacet
facet normal -0.6580067479271501 -0.2588956961607906 -0.707106878902868
outer loop
vertex -48.741310119628906 -61.077919006347656 -3.700000047683716
vertex -46.248016357421875 -61.95236587524414 -5.699999809265137
vertex -48.14938735961914 -62.58234405517578 -3.700000047683716
endloop
endfacet
facet normal -0.658006643904995 -0.2588959834677716 -0.7071068705090768
outer loop
vertex -46.248016357421875 -61.95236587524414 -5.699999809265137
vertex -47.93015670776367 -63.1395378112793 -3.700000047683716
vertex -48.14938735961914 -62.58234405517578 -3.700000047683716
endloop
endfacet
facet normal -0.658061529128001 -0.2606072024200897 -0.7064268609902171
outer loop
vertex -46.88375473022461 -60.3470573425293 -5.699999809265137
vertex -46.248016357421875 -61.95236587524414 -5.699999809265137
vertex -48.741310119628906 -61.077919006347656 -3.700000047683716
endloop
endfacet
facet normal -0.4643905310981543 -0.5332366174019204 -0.7071068833550782
outer loop
vertex -47.93015670776367 -63.1395378112793 -3.700000047683716
vertex -46.248016357421875 -61.95236587524414 -5.699999809265137
vertex -44.06401443481445 -66.50652313232422 -3.700000047683716
endloop
endfacet
facet normal -0.4643904894802172 -0.5332366114259269 -0.7071069151941023
outer loop
vertex -46.248016357421875 -61.95236587524414 -5.699999809265137
vertex -43.03514099121094 -64.75042724609375 -5.699999809265137
vertex -44.06401443481445 -66.50652313232422 -3.700000047683716
endloop
endfacet
facet normal -0.2381161331163774 -0.6658084191573476 -0.7071066794543079
outer loop
vertex -43.03514099121094 -64.75042724609375 -5.699999809265137
vertex -42.48436737060547 -64.94740295410156 -5.699999809265137
vertex -42.831241607666016 -66.94740295410156 -3.700000047683716
endloop
endfacet
facet normal -0.23811488542052492 -0.6658085627566626 -0.7071069643986528
outer loop
vertex -44.06401443481445 -66.50652313232422 -3.700000047683716
vertex -43.03514099121094 -64.75042724609375 -5.699999809265137
vertex -42.831241607666016 -66.94740295410156 -3.700000047683716
endloop
endfacet
facet normal -1 0 0
outer loop
vertex 9.877655029296875 -64.04740142822266 -1.9500000476837158
vertex 9.877655029296875 -64.54740142822266 -0.44999998807907104
vertex 9.877655029296875 -64.04740142822266 -0.44999998807907104
endloop
endfacet
facet normal 0 1 0
outer loop
vertex 9.877655029296875 -64.54740142822266 -0.44999998807907104
vertex 9.877655029296875 -64.54740142822266 -1.9500000476837158
vertex 1.8776553869247437 -64.54740142822266 -0.44999998807907104
endloop
endfacet
facet normal 0 0 1
outer loop
vertex 9.877655029296875 -64.04740142822266 -1.9500000476837158
vertex 1.8776553869247437 -64.04740142822266 -1.9500000476837158
vertex 1.8776553869247437 -64.54740142822266 -1.9500000476837158
endloop
endfacet
facet normal 1 0 0
outer loop
vertex 1.8776553869247437 -64.54740142822266 -0.44999998807907104
vertex 1.8776553869247437 -64.54740142822266 -1.9500000476837158
vertex 1.8776553869247437 -64.04740142822266 -0.44999998807907104
endloop
endfacet
facet normal -1 0 0
outer loop
vertex 9.877655029296875 -64.04740142822266 -1.9500000476837158
vertex 9.877655029296875 -64.54740142822266 -1.9500000476837158
vertex 9.877655029296875 -64.54740142822266 -0.44999998807907104
endloop
endfacet
facet normal 0 0 1
outer loop
vertex 9.877655029296875 -64.04740142822266 -1.9500000476837158
vertex 1.8776553869247437 -64.54740142822266 -1.9500000476837158
vertex 9.877655029296875 -64.54740142822266 -1.9500000476837158
endloop
endfacet
facet normal 0 1 0
outer loop
vertex 9.877655029296875 -64.54740142822266 -1.9500000476837158
vertex 1.8776553869247437 -64.54740142822266 -1.9500000476837158
vertex 1.8776553869247437 -64.54740142822266 -0.44999998807907104
endloop
endfacet
facet normal 1 0 0
outer loop
vertex 1.8776553869247437 -64.04740142822266 -1.9500000476837158
vertex 1.8776553869247437 -64.04740142822266 -0.44999998807907104
vertex 1.8776553869247437 -64.54740142822266 -1.9500000476837158
endloop
endfacet
facet normal 0.19508978430737248 0 -0.9807853873599988
outer loop
vertex -19.867033004760742 -66.94740295410156 -3.450000047683716
vertex -20.441059112548828 -64.04740142822266 -3.564180612564087
vertex -19.867033004760742 -64.04740142822266 -3.450000047683716
endloop
endfacet
facet normal 0.9807856371245007 0 -0.19508852864862958
outer loop
vertex -21.252853393554688 -66.27142333984375 -4.375974655151367
vertex -21.367033004760742 -65.69740295410156 -4.949999809265137
vertex -21.367033004760742 -64.04740142822266 -4.949999809265137
endloop
endfacet
facet normal 0.9807856371245007 0 -0.19508852864862958
outer loop
vertex -21.252853393554688 -66.27142333984375 -4.375974655151367
vertex -21.367033004760742 -64.04740142822266 -4.949999809265137
vertex -21.252853393554688 -64.04740142822266 -4.375974655151367
endloop
endfacet
facet normal 0.8314695010489663 0 -0.5555703995223136
outer loop
vertex -20.92769432067871 -66.758056640625 -3.8893399238586426
vertex -21.252853393554688 -66.27142333984375 -4.375974655151367
vertex -21.252853393554688 -64.04740142822266 -4.375974655151367
endloop
endfacet
facet normal -0.5555704184514964 0 -0.8314694884008849
outer loop
vertex -7.293008804321289 -64.04740142822266 -3.564180612564087
vertex -7.089740753173828 -66.94740295410156 -3.700000047683716
vertex -7.293008804321289 -66.94740295410156 -3.564180612564087
endloop
endfacet
facet normal -0.19509009608979253 0 -0.9807853253427458
outer loop
vertex -7.293008804321289 -66.94740295410156 -3.564180612564087
vertex -7.867033958435059 -64.04740142822266 -3.450000047683716
vertex -7.293008804321289 -64.04740142822266 -3.564180612564087
endloop
endfacet
facet normal 1 0 0
outer loop
vertex -21.367033004760742 -65.69740295410156 -4.949999809265137
vertex -21.367033004760742 -64.94740295410156 -5.699999809265137
vertex -21.367033004760742 -64.04740142822266 -4.949999809265137
endloop
endfacet
facet normal 1 0 0
outer loop
vertex -21.367033004760742 -64.94740295410156 -5.699999809265137
vertex -21.367033004760742 -64.04740142822266 -5.699999809265137
vertex -21.367033004760742 -64.04740142822266 -4.949999809265137
endloop
endfacet
facet normal 0.8314695010489662 0 -0.5555703995223135
outer loop
vertex -20.92769432067871 -66.758056640625 -3.8893399238586426
vertex -21.252853393554688 -64.04740142822266 -4.375974655151367
vertex -20.92769432067871 -64.04740142822266 -3.8893399238586426
endloop
endfacet
facet normal 0.555570223264923 0 -0.8314696188204134
outer loop
vertex -20.64432716369629 -66.94740295410156 -3.700000047683716
vertex -20.92769432067871 -66.758056640625 -3.8893399238586426
vertex -20.92769432067871 -64.04740142822266 -3.8893399238586426
endloop
endfacet
facet normal 0.5555703047945764 1.152322722926239e-8 -0.8314695643440363
outer loop
vertex -20.64432716369629 -66.94740295410156 -3.700000047683716
vertex -20.92769432067871 -64.04740142822266 -3.8893399238586426
vertex -20.441059112548828 -64.04740142822266 -3.564180612564087
endloop
endfacet
facet normal 0.5555704184514964 0 -0.8314694884008849
outer loop
vertex -20.441059112548828 -66.94740295410156 -3.564180612564087
vertex -20.64432716369629 -66.94740295410156 -3.700000047683716
vertex -20.441059112548828 -64.04740142822266 -3.564180612564087
endloop
endfacet
facet normal 0.19508978430737248 0 -0.9807853873599988
outer loop
vertex -19.867033004760742 -66.94740295410156 -3.450000047683716
vertex -20.441059112548828 -66.94740295410156 -3.564180612564087
vertex -20.441059112548828 -64.04740142822266 -3.564180612564087
endloop
endfacet
facet normal -0.19509009608979253 0 -0.9807853253427458
outer loop
vertex -7.867033958435059 -64.04740142822266 -3.450000047683716
vertex -7.293008804321289 -66.94740295410156 -3.564180612564087
vertex -7.867033958435059 -66.94740295410156 -3.450000047683716
endloop
endfacet
facet normal -0.5555703047945764 1.152322722926239e-8 -0.8314695643440363
outer loop
vertex -6.806373596191406 -64.04740142822266 -3.8893399238586426
vertex -7.089740753173828 -66.94740295410156 -3.700000047683716
vertex -7.293008804321289 -64.04740142822266 -3.564180612564087
endloop
endfacet
facet normal -0.555570223264923 0 -0.8314696188204134
outer loop
vertex -6.806373596191406 -64.04740142822266 -3.8893399238586426
vertex -6.806373596191406 -66.758056640625 -3.8893399238586426
vertex -7.089740753173828 -66.94740295410156 -3.700000047683716
endloop
endfacet
facet normal -0.8314695010489662 0 -0.5555703995223135
outer loop
vertex -6.806373596191406 -64.04740142822266 -3.8893399238586426
vertex -6.48121452331543 -66.27142333984375 -4.375974655151367
vertex -6.806373596191406 -66.758056640625 -3.8893399238586426
endloop
endfacet
facet normal 0 0 -1
outer loop
vertex -7.867033958435059 -66.94740295410156 -3.450000047683716
vertex -19.867033004760742 -64.04740142822266 -3.450000047683716
vertex -7.867033958435059 -64.04740142822266 -3.450000047683716
endloop
endfacet
facet normal 0 0 -1
outer loop
vertex -19.867033004760742 -64.04740142822266 -3.450000047683716
vertex -7.867033958435059 -66.94740295410156 -3.450000047683716
vertex -19.867033004760742 -66.94740295410156 -3.450000047683716
endloop
endfacet
facet normal -0.8314695010489663 0 -0.5555703995223136
outer loop
vertex -6.48121452331543 -64.04740142822266 -4.375974655151367
vertex -6.48121452331543 -66.27142333984375 -4.375974655151367
vertex -6.806373596191406 -64.04740142822266 -3.8893399238586426
endloop
endfacet
facet normal -0.9807853253427458 0 -0.1950900960897925
outer loop
vertex -6.367033958435059 -64.04740142822266 -4.949999809265137
vertex -6.367033958435059 -65.69740295410156 -4.949999809265137
vertex -6.48121452331543 -64.04740142822266 -4.375974655151367
endloop
endfacet
facet normal -0.9807853253427458 0 -0.19509009608979253
outer loop
vertex -6.48121452331543 -66.27142333984375 -4.375974655151367
vertex -6.48121452331543 -64.04740142822266 -4.375974655151367
vertex -6.367033958435059 -65.69740295410156 -4.949999809265137
endloop
endfacet
facet normal -1 0 0
outer loop
vertex -6.367033958435059 -64.04740142822266 -4.949999809265137
vertex -6.367033958435059 -64.94740295410156 -5.699999809265137
vertex -6.367033958435059 -65.69740295410156 -4.949999809265137
endloop
endfacet
facet normal -1 0 0
outer loop
vertex -6.367033958435059 -64.94740295410156 -5.699999809265137
vertex -6.367033958435059 -64.04740142822266 -4.949999809265137
vertex -6.367033958435059 -64.04740142822266 -5.699999809265137
endloop
endfacet
facet normal -0.8314695010489662 0 -0.5555703995223135
outer loop
vertex -25.806373596191406 -64.04740142822266 -3.8893399238586426
vertex -25.48121452331543 -66.27142333984375 -4.375974655151367
vertex -25.806373596191406 -66.758056640625 -3.8893399238586426
endloop
endfacet
facet normal 0.5555718102198519 2.2429696111426231e-7 -0.8314685584488367
outer loop
vertex -39.644325256347656 -66.94740295410156 -3.700000047683716
vertex -39.92769241333008 -64.04740142822266 -3.8893399238586426
vertex -39.44105911254883 -64.04740142822266 -3.564180612564087
endloop
endfacet
facet normal 0.555570223264923 0 -0.8314696188204134
outer loop
vertex -39.644325256347656 -66.94740295410156 -3.700000047683716
vertex -39.92769241333008 -66.758056640625 -3.8893399238586426
vertex -39.92769241333008 -64.04740142822266 -3.8893399238586426
endloop
endfacet
facet normal 0.8314679956250159 0 -0.5555726525408883
outer loop
vertex -39.92769241333008 -66.758056640625 -3.8893399238586426
vertex -40.25285339355469 -64.04740142822266 -4.375974655151367
vertex -39.92769241333008 -64.04740142822266 -3.8893399238586426
endloop
endfacet
facet normal 0.8314679956250159 0 -0.5555726525408882
outer loop
vertex -40.25285339355469 -64.04740142822266 -4.375974655151367
vertex -39.92769241333008 -66.758056640625 -3.8893399238586426
vertex -40.25285339355469 -66.27142333984375 -4.375974655151367
endloop
endfacet
facet normal 0.9807850135586839 0 -0.1950916635294606
outer loop
vertex -40.25285339355469 -66.27142333984375 -4.375974655151367
vertex -40.367034912109375 -64.04740142822266 -4.949999809265137
vertex -40.25285339355469 -64.04740142822266 -4.375974655151367
endloop
endfacet
facet normal -1 0 0
outer loop
vertex -25.367033004760742 -64.94740295410156 -5.699999809265137
vertex -25.367033004760742 -64.04740142822266 -4.949999809265137
vertex -25.367033004760742 -64.04740142822266 -5.699999809265137
endloop
endfacet
facet normal -1 0 0
outer loop
vertex -25.367033004760742 -64.04740142822266 -4.949999809265137
vertex -25.367033004760742 -64.94740295410156 -5.699999809265137
vertex -25.367033004760742 -65.69740295410156 -4.949999809265137
endloop
endfacet
facet normal -0.19509040787318935 0 -0.9807852633251953
outer loop
vertex -26.29300880432129 -64.04740142822266 -3.564180612564087
vertex -26.29300880432129 -66.94740295410156 -3.564180612564087
vertex -26.867033004760742 -64.04740142822266 -3.450000047683716
endloop
endfacet
facet normal -0.19509040787318935 0 -0.9807852633251953
outer loop
vertex -26.29300880432129 -66.94740295410156 -3.564180612564087
vertex -26.867033004760742 -66.94740295410156 -3.450000047683716
vertex -26.867033004760742 -64.04740142822266 -3.450000047683716
endloop
endfacet
facet normal -0.5555704184514964 0 -0.8314694884008849
outer loop
vertex -26.29300880432129 -64.04740142822266 -3.564180612564087
vertex -26.089740753173828 -66.94740295410156 -3.700000047683716
vertex -26.29300880432129 -66.94740295410156 -3.564180612564087
endloop
endfacet
facet normal 0.9807850135586839 0 -0.19509166352946058
outer loop
vertex -40.367034912109375 -64.04740142822266 -4.949999809265137
vertex -40.25285339355469 -66.27142333984375 -4.375974655151367
vertex -40.367034912109375 -65.69740295410156 -4.949999809265137
endloop
endfacet
facet normal 1 0 0
outer loop
vertex -40.367034912109375 -65.69740295410156 -4.949999809265137
vertex -40.367034912109375 -64.94740295410156 -5.699999809265137
vertex -40.367034912109375 -64.04740142822266 -4.949999809265137
endloop
endfacet
facet normal -0.9807850135586839 0 -0.1950916635294606
outer loop
vertex -25.48121452331543 -66.27142333984375 -4.375974655151367
vertex -25.48121452331543 -64.04740142822266 -4.375974655151367
vertex -25.367033004760742 -65.69740295410156 -4.949999809265137
endloop
endfacet
facet normal -0.9807850135586839 0 -0.19509166352946058
outer loop
vertex -25.367033004760742 -64.04740142822266 -4.949999809265137
vertex -25.367033004760742 -65.69740295410156 -4.949999809265137
vertex -25.48121452331543 -64.04740142822266 -4.375974655151367
endloop
endfacet
facet normal -0.8314695010489663 0 -0.5555703995223136
outer loop
vertex -25.48121452331543 -64.04740142822266 -4.375974655151367
vertex -25.48121452331543 -66.27142333984375 -4.375974655151367
vertex -25.806373596191406 -64.04740142822266 -3.8893399238586426
endloop
endfacet
facet normal 1 0 0
outer loop
vertex -40.367034912109375 -64.94740295410156 -5.699999809265137
vertex -40.367034912109375 -64.04740142822266 -5.699999809265137
vertex -40.367034912109375 -64.04740142822266 -4.949999809265137
endloop
endfacet
facet normal 0.19509040787318935 0 -0.9807852633251953
outer loop
vertex -38.867034912109375 -66.94740295410156 -3.450000047683716
vertex -39.44105911254883 -64.04740142822266 -3.564180612564087
vertex -38.867034912109375 -64.04740142822266 -3.450000047683716
endloop
endfacet
facet normal 0.555574022535417 0 -0.8314670802165386
outer loop
vertex -39.44105911254883 -66.94740295410156 -3.564180612564087
vertex -39.644325256347656 -66.94740295410156 -3.700000047683716
vertex -39.44105911254883 -64.04740142822266 -3.564180612564087
endloop
endfacet
facet normal -0.555570223264923 0 -0.8314696188204134
outer loop
vertex -25.806373596191406 -64.04740142822266 -3.8893399238586426
vertex -25.806373596191406 -66.758056640625 -3.8893399238586426
vertex -26.089740753173828 -66.94740295410156 -3.700000047683716
endloop
endfacet
facet normal 0.19509040787318935 0 -0.9807852633251953
outer loop
vertex -38.867034912109375 -66.94740295410156 -3.450000047683716
vertex -39.44105911254883 -66.94740295410156 -3.564180612564087
vertex -39.44105911254883 -64.04740142822266 -3.564180612564087
endloop
endfacet
facet normal -0.5555703047945764 1.152322722926239e-8 -0.8314695643440363
outer loop
vertex -26.089740753173828 -66.94740295410156 -3.700000047683716
vertex -26.29300880432129 -64.04740142822266 -3.564180612564087
vertex -25.806373596191406 -64.04740142822266 -3.8893399238586426
endloop
endfacet
facet normal 0 0 -1
outer loop
vertex -38.867034912109375 -64.04740142822266 -3.450000047683716
vertex -26.867033004760742 -66.94740295410156 -3.450000047683716
vertex -38.867034912109375 -66.94740295410156 -3.450000047683716
endloop
endfacet
facet normal 0 0 -1
outer loop
vertex -26.867033004760742 -66.94740295410156 -3.450000047683716
vertex -38.867034912109375 -64.04740142822266 -3.450000047683716
vertex -26.867033004760742 -64.04740142822266 -3.450000047683716
endloop
endfacet
facet normal 0.9963648083442488 0.08518901744431846 0
outer loop
vertex 72.39344787597656 4.053853988647461 2.5
vertex 72.39344787597656 4.053853988647461 3.5
vertex 74.01203918457031 -14.877077102661133 3.5
endloop
endfacet
facet normal 0 0 -1
outer loop
vertex 75.42703247070312 3.7891252040863037 3.5
vertex 77.00113677978516 -14.621509552001953 3.5
vertex 74.01203918457031 -14.877077102661133 3.5
endloop
endfacet
facet normal -0.996364816399274 -0.08518892323325095 0
outer loop
vertex 75.42703247070312 3.7891252040863037 -1
vertex 77.00113677978516 -14.621509552001953 -1
vertex 75.42703247070312 3.7891252040863037 3.5
endloop
endfacet
facet normal 0 0 1
outer loop
vertex 74.68508911132812 4.249789237976074 -1
vertex 75.42703247070312 3.7891252040863037 -1
vertex 75.3825454711914 4.309421539306641 -1
endloop
endfacet
facet normal -0.08515090771867183 0.9959206807616079 0.029854991978254572
outer loop
vertex 77.00113677978516 -14.621509552001953 -1
vertex 76.30368041992188 -14.68114185333252 -1
vertex 76.30622863769531 -14.710901260375977 0
endloop
endfacet
facet normal 0 0 1
outer loop
vertex 74.68508911132812 4.249789237976074 -1
vertex 77.00113677978516 -14.621509552001953 -1
vertex 75.42703247070312 3.7891252040863037 -1
endloop
endfacet
facet normal 0 0 1
outer loop
vertex 74.68508911132812 4.249789237976074 -1
vertex 76.30368041992188 -14.68114185333252 -1
vertex 77.00113677978516 -14.621509552001953 -1
endloop
endfacet
facet normal -0.12758685708384707 0.9918274012646887 0
outer loop
vertex 77.00113677978516 -14.621509552001953 -1
vertex 76.30622863769531 -14.710901260375977 2.5
vertex 77.00113677978516 -14.621509552001953 3.5
endloop
endfacet
facet normal 0 0 -1
outer loop
vertex 75.42703247070312 3.7891252040863037 3.5
vertex 74.01203918457031 -14.877077102661133 3.5
vertex 75.3825454711914 4.309421539306641 3.5
endloop
endfacet
facet normal -0.996364816399274 -0.08518892323325095 0
outer loop
vertex 75.42703247070312 3.7891252040863037 3.5
vertex 77.00113677978516 -14.621509552001953 -1
vertex 77.00113677978516 -14.621509552001953 3.5
endloop
endfacet
facet normal 0.9963648083442488 0.08518901744431846 0
outer loop
vertex 74.01203918457031 -14.877077102661133 2.5
vertex 72.39344787597656 4.053853988647461 2.5
vertex 74.01203918457031 -14.877077102661133 3.5
endloop
endfacet
facet normal -0.0722440867288181 0.9973869820349165 0
outer loop
vertex 76.30622863769531 -14.710901260375977 2.5
vertex 74.01203918457031 -14.877077102661133 2.5
vertex 74.01203918457031 -14.877077102661133 3.5
endloop
endfacet
facet normal -0.0851511191722694 0.9959206671237893 -0.02985484381832004
outer loop
vertex 77.00113677978516 -14.621509552001953 3.5
vertex 76.30622863769531 -14.710901260375977 2.5
vertex 74.01203918457031 -14.877077102661133 3.5
endloop
endfacet
facet normal 0 0 -1
outer loop
vertex 74.01203918457031 -14.877077102661133 3.5
vertex 72.39344787597656 4.053853988647461 3.5
vertex 75.3825454711914 4.309421539306641 3.5
endloop
endfacet
facet normal -0.12758685708384707 0.9918274012646887 0
outer loop
vertex 77.00113677978516 -14.621509552001953 -1
vertex 76.30622863769531 -14.710901260375977 0
vertex 76.30622863769531 -14.710901260375977 2.5
endloop
endfacet
facet normal 0 0 1
outer loop
vertex 73.15546417236328 22.140127182006836 -1
vertex 73.85292053222656 22.19976043701172 -1
vertex 71.53687286376953 41.07106018066406 -1
endloop
endfacet
facet normal 0 0 1
outer loop
vertex 71.53687286376953 41.07106018066406 -1
vertex 73.85292053222656 22.19976043701172 -1
vertex 72.23432922363281 41.13069152832031 -1
endloop
endfacet
facet normal -0.9963648083442488 -0.08518901744431846 0
outer loop
vertex 73.85292053222656 22.19976043701172 -1
vertex 73.85292053222656 22.19976043701172 3.5
vertex 72.23432922363281 41.13069152832031 -1
endloop
endfacet
facet normal 0.04525501529442932 -0.9989754669613768 0
outer loop
vertex 71.53448486328125 41.0989875793457 0
vertex 72.23432922363281 41.13069152832031 -1
vertex 72.23432922363281 41.13069152832031 3.5
endloop
endfacet
facet normal -0.9963648083442488 -0.08518901744431846 0
outer loop
vertex 72.23432922363281 41.13069152832031 3.5
vertex 72.23432922363281 41.13069152832031 -1
vertex 73.85292053222656 22.19976043701172 3.5
endloop
endfacet
facet normal 0.04525501529442932 -0.9989754669613768 0
outer loop
vertex 71.53448486328125 41.0989875793457 2.5
vertex 71.53448486328125 41.0989875793457 0
vertex 72.23432922363281 41.13069152832031 3.5
endloop
endfacet
facet normal 0 0 -1
outer loop
vertex 73.85292053222656 22.19976043701172 3.5
vertex 70.86383056640625 21.94419288635254 3.5
vertex 72.23432922363281 41.13069152832031 3.5
endloop
endfacet
facet normal 0.9963647821957266 0.08518932327505883 0
outer loop
vertex 69.24523162841797 40.875125885009766 2.5
vertex 69.24523162841797 40.875125885009766 3.5
vertex 70.81934356689453 22.464488983154297 3.5
endloop
endfacet
facet normal 0 0 -1
outer loop
vertex 70.86383056640625 21.94419288635254 3.5
vertex 70.81934356689453 22.464488983154297 3.5
vertex 72.23432922363281 41.13069152832031 3.5
endloop
endfacet
facet normal 0.08515408522770516 -0.9959737729351488 0.028018304630320616
outer loop
vertex 71.53687286376953 41.07106018066406 -1
vertex 72.23432922363281 41.13069152832031 -1
vertex 71.53448486328125 41.0989875793457 0
endloop
endfacet
facet normal 0.9963647821957266 0.08518932327505883 0
outer loop
vertex 70.81934356689453 22.464488983154297 3.5
vertex 70.81934356689453 22.464488983154297 2.5
vertex 69.24523162841797 40.875125885009766 2.5
endloop
endfacet
facet normal 0.09732386386602082 -0.9952527646393092 0
outer loop
vertex 69.24523162841797 40.875125885009766 3.5
vertex 69.24523162841797 40.875125885009766 2.5
vertex 71.53448486328125 41.0989875793457 2.5
endloop
endfacet
facet normal 0.085155015804727 -0.9959736749634026 -0.028018958995492466
outer loop
vertex 69.24523162841797 40.875125885009766 3.5
vertex 71.53448486328125 41.0989875793457 2.5
vertex 72.23432922363281 41.13069152832031 3.5
endloop
endfacet
facet normal 0 0 -1
outer loop
vertex 72.23432922363281 41.13069152832031 3.5
vertex 70.81934356689453 22.464488983154297 3.5
vertex 69.24523162841797 40.875125885009766 3.5
endloop
endfacet
facet normal 0 0 -1
outer loop
vertex -59.5742301940918 61.3312873840332 3.5
vertex -74.15447235107422 48.78470993041992 3.5
vertex -61.86173629760742 63.27224349975586 3.5
endloop
endfacet
facet normal -0.6572699821769407 -0.7536552066622536 0
outer loop
vertex -61.307796478271484 62.84314727783203 2.5
vertex -59.5742301940918 61.3312873840332 2.5
vertex -59.5742301940918 61.3312873840332 3.5
endloop
endfacet
facet normal -0.646670801913607 -0.7621312992911027 -0.03118904604613885
outer loop
vertex -61.86173629760742 63.27224349975586 3.5
vertex -61.307796478271484 62.84314727783203 2.5
vertex -59.5742301940918 61.3312873840332 3.5
endloop
endfacet
facet normal -0.6604228746868614 -0.7507901997499398 0.012478082776921456
outer loop
vertex -61.86173629760742 63.27224349975586 -1
vertex -61.32798385620117 62.81935501098633 0
vertex -61.307796478271484 62.84314727783203 2.5
endloop
endfacet
facet normal -0.6469837851520799 -0.7625037585155153 0
outer loop
vertex -61.86173629760742 63.27224349975586 -1
vertex -61.32798385620117 62.81935501098633 -1
vertex -61.32798385620117 62.81935501098633 0
endloop
endfacet
facet normal 0.7625017788436591 -0.646986118290227 0
outer loop
vertex -74.15447235107422 48.78470993041992 -1
vertex -61.86173629760742 63.27224349975586 -1
vertex -61.86173629760742 63.27224349975586 3.5
endloop
endfacet
facet normal 0 0 1
outer loop
vertex -61.86173629760742 63.27224349975586 -1
vertex -73.62071990966797 48.33182144165039 -1
vertex -61.32798385620117 62.81935501098633 -1
endloop
endfacet
facet normal 0.6469837851520798 0.7625037585155153 0
outer loop
vertex -73.62071990966797 48.33182144165039 0
vertex -74.15447235107422 48.78470993041992 -1
vertex -74.15447235107422 48.78470993041992 3.5
endloop
endfacet
facet normal 0.6469837851520799 0.7625037585155154 0
outer loop
vertex -73.62071990966797 48.33182144165039 2.5
vertex -73.62071990966797 48.33182144165039 0
vertex -74.15447235107422 48.78470993041992 3.5
endloop
endfacet
facet normal 0.6469860978372732 0.7625017961980801 0
outer loop
vertex -71.8669662475586 46.843753814697266 2.5
vertex -73.62071990966797 48.33182144165039 2.5
vertex -71.8669662475586 46.843753814697266 3.5
endloop
endfacet
facet normal 0.6469855582104396 0.7625022540717348 0.000001627719498494576
outer loop
vertex -71.8669662475586 46.843753814697266 3.5
vertex -73.62071990966797 48.33182144165039 2.5
vertex -74.15447235107422 48.78470993041992 3.5
endloop
endfacet
facet normal 0.7625017788436591 -0.646986118290227 0
outer loop
vertex -74.15447235107422 48.78470993041992 3.5
vertex -74.15447235107422 48.78470993041992 -1
vertex -61.86173629760742 63.27224349975586 3.5
endloop
endfacet
facet normal -0.6123869594899742 -0.7905581647460385 0
outer loop
vertex -61.86173629760742 63.27224349975586 3.5
vertex -61.86173629760742 63.27224349975586 -1
vertex -61.307796478271484 62.84314727783203 2.5
endloop
endfacet
facet normal -0.7625017788436591 0.6469861182902269 0
outer loop
vertex -71.8669662475586 46.843753814697266 2.5
vertex -71.8669662475586 46.843753814697266 3.5
vertex -59.5742301940918 61.3312873840332 3.5
endloop
endfacet
facet normal 0 0 1
outer loop
vertex -74.15447235107422 48.78470993041992 -1
vertex -73.62071990966797 48.33182144165039 -1
vertex -61.86173629760742 63.27224349975586 -1
endloop
endfacet
facet normal -0.7625017788436591 0.6469861182902269 0
outer loop
vertex -59.5742301940918 61.3312873840332 2.5
vertex -71.8669662475586 46.843753814697266 2.5
vertex -59.5742301940918 61.3312873840332 3.5
endloop
endfacet
facet normal 0 0 -1
outer loop
vertex -71.8669662475586 46.843753814697266 3.5
vertex -74.15447235107422 48.78470993041992 3.5
vertex -59.5742301940918 61.3312873840332 3.5
endloop
endfacet
facet normal 0.6469837851520799 0.7625037585155153 0
outer loop
vertex -73.62071990966797 48.33182144165039 0
vertex -73.62071990966797 48.33182144165039 -1
vertex -74.15447235107422 48.78470993041992 -1
endloop
endfacet
facet normal -0.1723022174146115 -0.9850441339726905 0
outer loop
vertex -65.53105163574219 -3.1272339820861816 3.5
vertex -68.4861831665039 -2.6103274822235107 3.5
vertex -65.53105163574219 -3.1272339820861816 2.5
endloop
endfacet
facet normal 0.16019348865894092 0.9870856326536608 0
outer loop
vertex -68.8047866821289 -21.84307289123535 2.5
vertex -71.07525634765625 -21.474599838256836 2.5
vertex -68.8047866821289 -21.84307289123535 3.5
endloop
endfacet
facet normal 0 0 1
outer loop
vertex -71.75992584228516 -21.3261661529541 -1
vertex -71.07038879394531 -21.44677734375 -1
vertex -68.4861831665039 -2.6103274822235107 -1
endloop
endfacet
facet normal 0 0 1
outer loop
vertex -68.4861831665039 -2.6103274822235107 -1
vertex -71.07038879394531 -21.44677734375 -1
vertex -67.7966537475586 -2.7309391498565674 -1
endloop
endfacet
facet normal 0.9850441293008211 -0.17230224412347958 0
outer loop
vertex -71.75992584228516 -21.3261661529541 -1
vertex -68.4861831665039 -2.6103274822235107 -1
vertex -68.4861831665039 -2.6103274822235107 3.5
endloop
endfacet
facet normal -0.17230273503343077 -0.9850440434315612 0
outer loop
vertex -68.4861831665039 -2.6103274822235107 -1
vertex -67.7966537475586 -2.7309391498565674 -1
vertex -67.7966537475586 -2.7309391498565674 0
endloop
endfacet
facet normal -0.17230273503343077 -0.9850440434315612 0
outer loop
vertex -68.4861831665039 -2.6103274822235107 -1
vertex -67.7966537475586 -2.7309391498565674 0
vertex -67.7966537475586 -2.7309391498565674 2.5
endloop
endfacet
facet normal 0.9850441293008211 -0.17230224412347958 0
outer loop
vertex -71.75992584228516 -21.3261661529541 3.5
vertex -71.75992584228516 -21.3261661529541 -1
vertex -68.4861831665039 -2.6103274822235107 3.5
endloop
endfacet
facet normal -0.17230273503343077 -0.9850440434315612 0
outer loop
vertex -68.4861831665039 -2.6103274822235107 3.5
vertex -68.4861831665039 -2.6103274822235107 -1
vertex -67.7966537475586 -2.7309391498565674 2.5
endloop
endfacet
facet normal -0.9850441978259868 0.17230185236775072 0
outer loop
vertex -68.8047866821289 -21.84307289123535 2.5
vertex -68.8047866821289 -21.84307289123535 3.5
vertex -65.53105163574219 -3.1272339820861816 3.5
endloop
endfacet
facet normal -0.1723020598787799 -0.9850441615284562 4.797828575802414e-7
outer loop
vertex -68.4861831665039 -2.6103274822235107 3.5
vertex -67.7966537475586 -2.7309391498565674 2.5
vertex -65.53105163574219 -3.1272339820861816 2.5
endloop
endfacet
facet normal 0 0 -1
outer loop
vertex -65.53105163574219 -3.1272339820861816 3.5
vertex -71.75992584228516 -21.3261661529541 3.5
vertex -68.4861831665039 -2.6103274822235107 3.5
endloop
endfacet
facet normal 0 0 -1
outer loop
vertex -68.8047866821289 -21.84307289123535 3.5
vertex -71.75992584228516 -21.3261661529541 3.5
vertex -65.53105163574219 -3.1272339820861816 3.5
endloop
endfacet
facet normal 0.21187418060547042 0.9772969515928925 0
outer loop
vertex -71.07525634765625 -21.474599838256836 2.5
vertex -71.07525634765625 -21.474599838256836 0
vertex -71.75992584228516 -21.3261661529541 3.5
endloop
endfacet
facet normal 0.17223317979313654 0.9846515369045096 -0.028232652194441377
outer loop
vertex -68.8047866821289 -21.84307289123535 3.5
vertex -71.07525634765625 -21.474599838256836 2.5
vertex -71.75992584228516 -21.3261661529541 3.5
endloop
endfacet
facet normal 0.21187418060547042 0.9772969515928925 0
outer loop
vertex -71.07525634765625 -21.474599838256836 0
vertex -71.75992584228516 -21.3261661529541 -1
vertex -71.75992584228516 -21.3261661529541 3.5
endloop
endfacet
facet normal -0.9850441978259868 0.17230185236775072 0
outer loop
vertex -65.53105163574219 -3.1272339820861816 2.5
vertex -68.8047866821289 -21.84307289123535 2.5
vertex -65.53105163574219 -3.1272339820861816 3.5
endloop
endfacet
facet normal 0.17223153610865732 0.9846517910628191 0.02823381530071761
outer loop
vertex -71.75992584228516 -21.3261661529541 -1
vertex -71.07525634765625 -21.474599838256836 0
vertex -71.07038879394531 -21.44677734375 -1
endloop
endfacet
facet normal 0 0 -1
outer loop
vertex 75.3825454711914 4.309421539306641 3.5
vertex 72.39344787597656 4.053853988647461 3.5
vertex 73.85292053222656 22.19976043701172 3.5
endloop
endfacet
facet normal 0 0 -1
outer loop
vertex 73.85292053222656 22.19976043701172 3.5
vertex 72.39344787597656 4.053853988647461 3.5
vertex 70.86383056640625 21.94419288635254 3.5
endloop
endfacet
facet normal -0.9963647890499702 -0.0851892431077861 3.619766187381139e-7
outer loop
vertex 73.85292053222656 22.19976043701172 -1
vertex 75.3825454711914 4.309421539306641 -1
vertex 75.42703247070312 3.7891252040863037 3.5
endloop
endfacet
facet normal 0.996364825113792 0.08518882128815096 -0.0000018702809635664234
outer loop
vertex 70.81934356689453 22.464488983154297 2.5
vertex 70.86383056640625 21.94419288635254 3.5
vertex 72.39344787597656 4.053853988647461 3.5
endloop
endfacet
facet normal 0.9963645199986475 0.08519238984712668 0
outer loop
vertex 70.86383056640625 21.94419288635254 3.5
vertex 70.81934356689453 22.464488983154297 2.5
vertex 70.81934356689453 22.464488983154297 3.5
endloop
endfacet
facet normal 0.996364816492913 0.08518892213805652 0
outer loop
vertex 72.39344787597656 4.053853988647461 3.5
vertex 72.39344787597656 4.053853988647461 2.5
vertex 70.81934356689453 22.464488983154297 2.5
endloop
endfacet
facet normal -0.9963647890500354 -0.08518924310779169 0
outer loop
vertex 73.85292053222656 22.19976043701172 3.5
vertex 73.85292053222656 22.19976043701172 -1
vertex 75.3825454711914 4.309421539306641 3.5
endloop
endfacet
facet normal 0 0 1
outer loop
vertex 75.3825454711914 4.309421539306641 -1
vertex 73.85292053222656 22.19976043701172 -1
vertex 73.15546417236328 22.140127182006836 -1
endloop
endfacet
facet normal 0 0 1
outer loop
vertex 73.15546417236328 22.140127182006836 -1
vertex 74.68508911132812 4.249789237976074 -1
vertex 75.3825454711914 4.309421539306641 -1
endloop
endfacet
facet normal -0.9963645232351398 -0.08519235108562609 -0.000012446527519478433
outer loop
vertex 75.42703247070312 3.7891252040863037 3.5
vertex 75.3825454711914 4.309421539306641 3.5
vertex 73.85292053222656 22.19976043701172 -1
endloop
endfacet
facet normal -0.9963645233123162 -0.08519235109222492 0
outer loop
vertex 75.3825454711914 4.309421539306641 -1
vertex 75.42703247070312 3.7891252040863037 -1
vertex 75.42703247070312 3.7891252040863037 3.5
endloop
endfacet
facet normal 0 0 -1
outer loop
vertex 45.226280212402344 54.12891387939453 2.5
vertex 42.797916412353516 45.937599182128906 2.5
vertex 26.19550895690918 54.166465759277344 2.5
endloop
endfacet
facet normal 0 0 -1
outer loop
vertex -59.743106842041016 -4.128731727600098 2.5
vertex -65.53105163574219 -3.1272339820861816 2.5
vertex -56.7395133972168 12.905499458312988 2.5
endloop
endfacet
facet normal 0 0 -1
outer loop
vertex -67.90118408203125 -27.730438232421875 2.5
vertex -71.07525634765625 -21.474599838256836 2.5
vertex -68.8047866821289 -21.84307289123535 2.5
endloop
endfacet
facet normal 0 0 -1
outer loop
vertex -71.07525634765625 -21.474599838256836 2.5
vertex -70.65982818603516 -23.499757766723633 2.5
vertex -70.68131256103516 -23.447511672973633 2.5
endloop
endfacet
facet normal 0 0 -1
outer loop
vertex 37.978797912597656 -41.354652404785156 2.5
vertex 36.740257263183594 -43.49782180786133 2.5
vertex 27.118131637573242 -47.964988708496094 2.5
endloop
endfacet
facet normal 0.3752502900133786 0.9269235242698696 0
outer loop
vertex -66.03968811035156 -28.96997833251953 2.5
vertex -66.03968811035156 -28.96997833251953 0
vertex -66.09626770019531 -28.947072982788086 2.5
endloop
endfacet
facet normal 0.5542505706151907 0.8323498693294399 0
outer loop
vertex -66.09626770019531 -28.947072982788086 2.5
vertex -66.09626770019531 -28.947072982788086 0
vertex -67.85823059082031 -27.773805618286133 2.5
endloop
endfacet
facet normal 0.8376554683151458 0.546198971439652 0
outer loop
vertex -67.90118408203125 -27.730438232421875 2.5
vertex -67.90118408203125 -27.730438232421875 0
vertex -70.65982818603516 -23.499757766723633 2.5
endloop
endfacet
facet normal 0.7104890767172062 0.7037082292154411 0
outer loop
vertex -67.85823059082031 -27.773805618286133 2.5
vertex -67.85823059082031 -27.773805618286133 0
vertex -67.90118408203125 -27.730438232421875 2.5
endloop
endfacet
facet normal 0.18094520343842027 0.9834931791083397 0
outer loop
vertex -55.923301696777344 -30.831212997436523 0
vertex -66.03968811035156 -28.96997833251953 0
vertex -66.03968811035156 -28.96997833251953 2.5
endloop
endfacet
facet normal 0.3752502900133786 0.9269235242698696 0
outer loop
vertex -66.03968811035156 -28.96997833251953 0
vertex -66.09626770019531 -28.947072982788086 0
vertex -66.09626770019531 -28.947072982788086 2.5
endloop
endfacet
facet normal 0.5542505706151907 0.8323498693294399 0
outer loop
vertex -66.09626770019531 -28.947072982788086 0
vertex -67.85823059082031 -27.773805618286133 0
vertex -67.85823059082031 -27.773805618286133 2.5
endloop
endfacet
facet normal 0.7104890767172062 0.7037082292154411 0
outer loop
vertex -67.85823059082031 -27.773805618286133 0
vertex -67.90118408203125 -27.730438232421875 0
vertex -67.90118408203125 -27.730438232421875 2.5
endloop
endfacet
facet normal 0 0 -1
outer loop
vertex -71.07525634765625 -21.474599838256836 2.5
vertex -70.68131256103516 -23.447511672973633 2.5
vertex -71.07443237304688 -21.531084060668945 2.5
endloop
endfacet
facet normal 0.9998936165557245 0.0145861431198782 0
outer loop
vertex -71.07443237304688 -21.531084060668945 2.5
vertex -71.07443237304688 -21.531084060668945 0
vertex -71.07525634765625 -21.474599838256836 2.5
endloop
endfacet
facet normal 0.9796020510722933 0.20094731034516522 0
outer loop
vertex -70.68131256103516 -23.447511672973633 2.5
vertex -70.68131256103516 -23.447511672973633 0
vertex -71.07443237304688 -21.531084060668945 2.5
endloop
endfacet
facet normal 0 0 -1
outer loop
vertex 51.22655487060547 -17.087129592895508 2.5
vertex 52.44416809082031 -14.805924415588379 2.5
vertex 67.26155853271484 -13.509571075439453 2.5
endloop
endfacet
facet normal 0 0 -1
outer loop
vertex 52.44416809082031 -14.805924415588379 2.5
vertex 51.19667434692383 -16.221647262573242 2.5
vertex 52.33839797973633 -14.860984802246094 2.5
endloop
endfacet
facet normal 0 0 -1
outer loop
vertex 51.22655487060547 -17.087129592895508 2.5
vertex 51.160789489746094 -16.33545684814453 2.5
vertex 52.44416809082031 -14.805924415588379 2.5
endloop
endfacet
facet normal 0 0 -1
outer loop
vertex 51.160789489746094 -16.33545684814453 2.5
vertex 51.19667434692383 -16.221647262573242 2.5
vertex 52.44416809082031 -14.805924415588379 2.5
endloop
endfacet
facet normal 0 0 -1
outer loop
vertex -8.082958221435547 -44.64772033691406 2.5
vertex -13.83092975616455 -42.64957809448242 2.5
vertex -13.679059982299805 -42.64396286010742 2.5
endloop
endfacet
facet normal 0.9248570041618216 0.38031502974878645 0
outer loop
vertex -70.65982818603516 -23.499757766723633 2.5
vertex -70.65982818603516 -23.499757766723633 0
vertex -70.68131256103516 -23.447511672973633 2.5
endloop
endfacet
facet normal -0.0019734030489828277 -0.9999980528283211 -0.000004469071470235118
outer loop
vertex 45.226280212402344 54.12891387939453 0
vertex 45.195472717285156 54.128971099853516 0.800000011920929
vertex 26.19550895690918 54.166465759277344 0.800000011920929
endloop
endfacet
facet normal -0.00197332708965765 -0.9999980529846597 -0.0000026621084809267546
outer loop
vertex -10.813108444213867 54.239498138427734 0
vertex 45.226280212402344 54.12891387939453 0
vertex 26.19550895690918 54.166465759277344 0.800000011920929
endloop
endfacet
facet normal -0.0019734622457353124 -0.999998052715041 0.0000035903404990785558
outer loop
vertex -10.813108444213867 54.239498138427734 0
vertex 26.19550895690918 54.166465759277344 0.800000011920929
vertex 8.214802742004395 54.20195007324219 0.800000011920929
endloop
endfacet
facet normal 0 0 -1
outer loop
vertex 51.74287414550781 -22.98813247680664 2.5
vertex 51.22655487060547 -17.087129592895508 2.5
vertex 67.56452178955078 -13.48306655883789 2.5
endloop
endfacet
facet normal 0 0 -1
outer loop
vertex 51.74287414550781 -22.98813247680664 2.5
vertex 71.10260772705078 -21.86368751525879 2.5
vertex 51.370121002197266 -23.4323673248291 2.5
endloop
endfacet
facet normal 0 0 -1
outer loop
vertex 54.695777893066406 -31.51911735534668 2.5
vertex 51.370121002197266 -23.4323673248291 2.5
vertex 71.07166290283203 -21.884267807006836 2.5
endloop
endfacet
facet normal 0 0 -1
outer loop
vertex 51.370121002197266 -23.4323673248291 2.5
vertex 54.695777893066406 -31.51911735534668 2.5
vertex 37.978797912597656 -41.354652404785156 2.5
endloop
endfacet
facet normal 0 0 -1
outer loop
vertex 49.55368423461914 -23.591278076171875 2.5
vertex 51.370121002197266 -23.4323673248291 2.5
vertex 37.978797912597656 -41.354652404785156 2.5
endloop
endfacet
facet normal 0 0 -1
outer loop
vertex 33.85707092285156 -24.964553833007812 2.5
vertex 49.55368423461914 -23.591278076171875 2.5
vertex 37.978797912597656 -41.354652404785156 2.5
endloop
endfacet
facet normal 0 0 -1
outer loop
vertex -8.082958221435547 -44.64772033691406 2.5
vertex -13.679059982299805 -42.64396286010742 2.5
vertex -13.429238319396973 -42.638431549072266 2.5
endloop
endfacet
facet normal 0 0 -1
outer loop
vertex -8.082958221435547 -44.64772033691406 2.5
vertex -13.429238319396973 -42.638431549072266 2.5
vertex -13.295332908630371 -42.54467010498047 2.5
endloop
endfacet
facet normal -0.5070973991027445 0.8618887560603349 0
outer loop
vertex 54.695777893066406 -31.51911735534668 2.5
vertex 54.695777893066406 -31.51911735534668 0.800000011920929
vertex 37.978797912597656 -41.354652404785156 2.5
endloop
endfacet
facet normal -0.5070973991027447 0.8618887560603351 0
outer loop
vertex 37.978797912597656 -41.354652404785156 0
vertex 37.978797912597656 -41.354652404785156 2.5
vertex 54.695777893066406 -31.51911735534668 0.800000011920929
endloop
endfacet
facet normal 0 0 -1
outer loop
vertex 32.93613052368164 -19.14325714111328 2.5
vertex 28.79468536376953 -19.05432891845703 2.5
vertex 32.760494232177734 -18.985111236572266 2.5
endloop
endfacet
facet normal 0 0 -1
outer loop
vertex 32.93613052368164 -19.14325714111328 2.5
vertex 28.624671936035156 -19.218509674072266 2.5
vertex 28.79468536376953 -19.05432891845703 2.5
endloop
endfacet
facet normal 0 0 -1
outer loop
vertex 33.412841796875 -24.5918025970459 2.5
vertex 27.118131637573242 -47.964988708496094 2.5
vertex 32.93613052368164 -19.14325714111328 2.5
endloop
endfacet
facet normal 0.9998936165557245 0.0145861431198782 0
outer loop
vertex -71.07525634765625 -21.474599838256836 0
vertex -71.07525634765625 -21.474599838256836 2.5
vertex -71.07443237304688 -21.531084060668945 0
endloop
endfacet
facet normal 0.9796020510722933 0.20094731034516522 0
outer loop
vertex -70.68131256103516 -23.447511672973633 0
vertex -71.07443237304688 -21.531084060668945 0
vertex -71.07443237304688 -21.531084060668945 2.5
endloop
endfacet
facet normal 0.8376554683151458 0.546198971439652 0
outer loop
vertex -67.90118408203125 -27.730438232421875 0
vertex -70.65982818603516 -23.499757766723633 0
vertex -70.65982818603516 -23.499757766723633 2.5
endloop
endfacet
facet normal 0.9248570041618216 0.38031502974878645 0
outer loop
vertex -70.68131256103516 -23.447511672973633 0
vertex -70.68131256103516 -23.447511672973633 2.5
vertex -70.65982818603516 -23.499757766723633 0
endloop
endfacet
facet normal 0 0 -1
outer loop
vertex 33.85707092285156 -24.964553833007812 2.5
vertex 27.118131637573242 -47.964988708496094 2.5
vertex 33.412841796875 -24.5918025970459 2.5
endloop
endfacet
facet normal 0 0 -1
outer loop
vertex 27.118131637573242 -47.964988708496094 2.5
vertex 28.624671936035156 -19.218509674072266 2.5
vertex 32.93613052368164 -19.14325714111328 2.5
endloop
endfacet
facet normal 0 0 -1
outer loop
vertex -31.328670501708984 -33.05530548095703 2.5
vertex -46.37678527832031 -30.355546951293945 2.5
vertex -31.429309844970703 -32.991188049316406 2.5
endloop
endfacet
facet normal 0 0 -1
outer loop
vertex -30.2840518951416 -34.62678909301758 2.5
vertex -55.923301696777344 -30.831212997436523 2.5
vertex -30.30988311767578 -34.51026916503906 2.5
endloop
endfacet
facet normal 0 0 -1
outer loop
vertex -31.328670501708984 -33.05530548095703 2.5
vertex -30.30988311767578 -34.51026916503906 2.5
vertex -55.923301696777344 -30.831212997436523 2.5
endloop
endfacet
facet normal 0 0 -1
outer loop
vertex 37.978797912597656 -41.354652404785156 2.5
vertex 27.118131637573242 -47.964988708496094 2.5
vertex 33.85707092285156 -24.964553833007812 2.5
endloop
endfacet
facet normal 0 0 -1
outer loop
vertex -66.03968811035156 -28.96997833251953 2.5
vertex -66.09626770019531 -28.947072982788086 2.5
vertex -62.21315383911133 -21.332422256469727 2.5
endloop
endfacet
facet normal 0 0 -1
outer loop
vertex -66.09626770019531 -28.947072982788086 2.5
vertex -67.85823059082031 -27.773805618286133 2.5
vertex -62.21315383911133 -21.332422256469727 2.5
endloop
endfacet
facet normal 0 0 -1
outer loop
vertex 26.68714714050293 -48.35301971435547 2.5
vertex 27.118131637573242 -47.964988708496094 2.5
vertex 36.664085388183594 -51.92268371582031 2.5
endloop
endfacet
facet normal -0.6401478484216926 0.7682513268852434 0.0007942922260744943
outer loop
vertex 71.75643920898438 -21.316295623779297 0
vertex 71.08235168457031 -21.877981185913086 0
vertex 71.10260772705078 -21.86368751525879 2.5
endloop
endfacet
facet normal -0.5069663504751956 0.8619658458928992 0
outer loop
vertex 71.07166290283203 -21.884267807006836 2.5
vertex 71.08235168457031 -21.877981185913086 0
vertex 71.07166290283203 -21.884267807006836 0.800000011920929
endloop
endfacet
facet normal 0 0 -1
outer loop
vertex -9.8860502243042 -41.66249084472656 2.5
vertex -9.746011734008789 -41.69320297241211 2.5
vertex -13.295332908630371 -42.54467010498047 2.5
endloop
endfacet
facet normal 0 0 -1
outer loop
vertex -13.679059982299805 -42.64396286010742 2.5
vertex -13.565103530883789 -42.61447525024414 2.5
vertex -13.429238319396973 -42.638431549072266 2.5
endloop
endfacet
facet normal 0 0 -1
outer loop
vertex -8.3096284866333 -48.97284698486328 2.5
vertex -30.457422256469727 -39.635902404785156 2.5
vertex -8.082958221435547 -44.64772033691406 2.5
endloop
endfacet
facet normal 0 0 -1
outer loop
vertex -30.457422256469727 -39.635902404785156 2.5
vertex -13.83092975616455 -42.64957809448242 2.5
vertex -8.082958221435547 -44.64772033691406 2.5
endloop
endfacet
facet normal 0 0 -1
outer loop
vertex 18.054290771484375 -61.060882568359375 2.5
vertex -42.49717330932617 -64.04740142822266 2.5
vertex 20.600982666015625 -58.59443283081055 2.5
endloop
endfacet
facet normal 0 0 -1
outer loop
vertex 72.39344787597656 4.053853988647461 2.5
vertex 74.01203918457031 -14.877077102661133 2.5
vertex 66.40512084960938 4.474168300628662 2.5
endloop
endfacet
facet normal 0 0 -1
outer loop
vertex 74.01203918457031 -14.877077102661133 2.5
vertex 67.93730926513672 -13.038833618164062 2.5
vertex 66.40512084960938 4.474168300628662 2.5
endloop
endfacet
facet normal 0 1 0
outer loop
vertex 14.934213638305664 -64.04740142822266 0
vertex 9.877655029296875 -64.04740142822266 0
vertex 9.877655029296875 -64.04740142822266 1.350000023841858
endloop
endfacet
facet normal -0.5070973898301343 0.8618887615158912 -2.6083544091853235e-7
outer loop
vertex 71.07166290283203 -21.884267807006836 0.800000011920929
vertex 37.978797912597656 -41.354652404785156 0
vertex 54.695777893066406 -31.51911735534668 0.800000011920929
endloop
endfacet
facet normal -0.5070973522057908 0.8618887836492165 -0.0000023558875053157723
outer loop
vertex 71.07166290283203 -21.884267807006836 0.800000011920929
vertex 71.08235168457031 -21.877981185913086 0
vertex 37.978797912597656 -41.354652404785156 0
endloop
endfacet
facet normal 0 0 -1
outer loop
vertex 74.01203918457031 -14.877077102661133 2.5
vertex 67.56452178955078 -13.48306655883789 2.5
vertex 67.93730926513672 -13.038833618164062 2.5
endloop
endfacet
facet normal 0 0 -1
outer loop
vertex -67.85823059082031 -27.773805618286133 2.5
vertex -62.49478530883789 -20.568239212036133 2.5
vertex -62.54475402832031 -20.858854293823242 2.5
endloop
endfacet
facet normal 0 0 -1
outer loop
vertex -67.85823059082031 -27.773805618286133 2.5
vertex -67.90118408203125 -27.730438232421875 2.5
vertex -59.68302917480469 -4.21453332901001 2.5
endloop
endfacet
facet normal 0 0 -1
outer loop
vertex -59.68302917480469 -4.21453332901001 2.5
vertex -67.90118408203125 -27.730438232421875 2.5
vertex -68.8047866821289 -21.84307289123535 2.5
endloop
endfacet
facet normal 0 0 -1
outer loop
vertex 36.664085388183594 -51.92268371582031 2.5
vertex 16.298702239990234 -47.80858612060547 2.5
vertex 26.68714714050293 -48.35301971435547 2.5
endloop
endfacet
facet normal 0 0 -1
outer loop
vertex -38.0547981262207 50.961585998535156 2.5
vertex -42.710323333740234 44.52203369140625 2.5
vertex -52.1340217590332 63.33958053588867 2.5
endloop
endfacet
facet normal 0 0 -1
outer loop
vertex -54.10398483276367 64.03982543945312 2.5
vertex -59.31133270263672 63.82835388183594 2.5
vertex -59.25080108642578 63.84351348876953 2.5
endloop
endfacet
facet normal 0 0 -1
outer loop
vertex -54.10398483276367 64.03982543945312 2.5
vertex -61.25849533081055 62.88140106201172 2.5
vertex -59.31133270263672 63.82835388183594 2.5
endloop
endfacet
facet normal 0 1 0
outer loop
vertex -23.44514274597168 -64.04740142822266 2.5
vertex 14.934213638305664 -64.04740142822266 2.5
vertex 9.877655029296875 -64.04740142822266 1.350000023841858
endloop
endfacet
facet normal 0 1 0
outer loop
vertex 14.934213638305664 -64.04740142822266 0
vertex 9.877655029296875 -64.04740142822266 1.350000023841858
vertex 14.934213638305664 -64.04740142822266 2.5
endloop
endfacet
facet normal -0.3641462983475678 0.9313417597207612 0
outer loop
vertex 15.03956413269043 -64.00621032714844 0
vertex 14.934213638305664 -64.04740142822266 0
vertex 14.934213638305664 -64.04740142822266 2.5
endloop
endfacet
facet normal -0.6782339004497338 0.7348460901989888 0
outer loop
vertex 17.99555206298828 -61.277950286865234 0
vertex 15.03956413269043 -64.00621032714844 0
vertex 15.03956413269043 -64.00621032714844 2.5
endloop
endfacet
facet normal -0.8992438730742819 0.43744766171322136 0
outer loop
vertex 18.045034408569336 -61.176231384277344 0
vertex 17.99555206298828 -61.277950286865234 0
vertex 17.99555206298828 -61.277950286865234 2.5
endloop
endfacet
facet normal -0.9967957001832325 0.0799895749221051 0
outer loop
vertex 18.054290771484375 -61.060882568359375 0
vertex 18.045034408569336 -61.176231384277344 0
vertex 18.045034408569336 -61.176231384277344 2.5
endloop
endfacet
facet normal -0.6956994598124217 0.7183329740563945 0
outer loop
vertex 20.600982666015625 -58.59443283081055 0
vertex 18.054290771484375 -61.060882568359375 0
vertex 18.054290771484375 -61.060882568359375 2.5
endloop
endfacet
facet normal -0.3641462983475678 0.9313417597207612 0
outer loop
vertex 15.03956413269043 -64.00621032714844 2.5
vertex 15.03956413269043 -64.00621032714844 0
vertex 14.934213638305664 -64.04740142822266 2.5
endloop
endfacet
facet normal -0.6782339004497338 0.7348460901989888 0
outer loop
vertex 17.99555206298828 -61.277950286865234 2.5
vertex 17.99555206298828 -61.277950286865234 0
vertex 15.03956413269043 -64.00621032714844 2.5
endloop
endfacet
facet normal -0.8992438730742819 0.43744766171322136 0
outer loop
vertex 18.045034408569336 -61.176231384277344 2.5
vertex 18.045034408569336 -61.176231384277344 0
vertex 17.99555206298828 -61.277950286865234 2.5
endloop
endfacet
facet normal -0.9967957001832325 0.0799895749221051 0
outer loop
vertex 18.054290771484375 -61.060882568359375 2.5
vertex 18.054290771484375 -61.060882568359375 0
vertex 18.045034408569336 -61.176231384277344 2.5
endloop
endfacet
facet normal -0.6956994598124217 0.7183329740563945 0
outer loop
vertex 20.600982666015625 -58.59443283081055 0
vertex 18.054290771484375 -61.060882568359375 2.5
vertex 20.600982666015625 -58.59443283081055 2.5
endloop
endfacet
facet normal 0 0 -1
outer loop
vertex -23.44514274597168 -64.04740142822266 2.5
vertex 17.99555206298828 -61.277950286865234 2.5
vertex 14.934213638305664 -64.04740142822266 2.5
endloop
endfacet
facet normal 0.9999727612790495 0.007380833283103111 0
outer loop
vertex -53.74943923950195 -33.4220085144043 2.5
vertex -53.61552810668945 -51.564605712890625 0
vertex -53.74943923950195 -33.4220085144043 0
endloop
endfacet
facet normal 0.9999727612790495 0.007380833283103111 0
outer loop
vertex -53.61552810668945 -51.564605712890625 2.5
vertex -53.61552810668945 -51.564605712890625 0
vertex -53.74943923950195 -33.4220085144043 2.5
endloop
endfacet
facet normal 0 0 -1
outer loop
vertex 15.03956413269043 -64.00621032714844 2.5
vertex 14.934213638305664 -64.04740142822266 2.5
vertex 17.99555206298828 -61.277950286865234 2.5
endloop
endfacet
facet normal 0 0 -1
outer loop
vertex 20.600982666015625 -58.59443283081055 2.5
vertex -7.921600341796875 -49.40379333496094 2.5
vertex 30.329051971435547 -58.126434326171875 2.5
endloop
endfacet
facet normal 0 0 -1
outer loop
vertex -7.921600341796875 -49.40379333496094 2.5
vertex 9.63420581817627 -50.323856353759766 2.5
vertex 32.107521057128906 -57.37638473510742 2.5
endloop
endfacet
facet normal 0 0 -1
outer loop
vertex 30.329051971435547 -58.126434326171875 2.5
vertex -7.921600341796875 -49.40379333496094 2.5
vertex 30.380529403686523 -58.11473083496094 2.5
endloop
endfacet
facet normal 0 0 -1
outer loop
vertex 30.380529403686523 -58.11473083496094 2.5
vertex -7.921600341796875 -49.40379333496094 2.5
vertex 32.063209533691406 -57.40507888793945 2.5
endloop
endfacet
facet normal 0 0 -1
outer loop
vertex 32.063209533691406 -57.40507888793945 2.5
vertex -7.921600341796875 -49.40379333496094 2.5
vertex 32.107521057128906 -57.37638473510742 2.5
endloop
endfacet
facet normal 0 0 -1
outer loop
vertex 32.107521057128906 -57.37638473510742 2.5
vertex 9.63420581817627 -50.323856353759766 2.5
vertex 9.850398063659668 -50.12919616699219 2.5
endloop
endfacet
facet normal 0 0 -1
outer loop
vertex 32.107521057128906 -57.37638473510742 2.5
vertex 9.850398063659668 -50.12919616699219 2.5
vertex 10.073144912719727 -49.92338943481445 2.5
endloop
endfacet
facet normal 0 0 -1
outer loop
vertex 32.107521057128906 -57.37638473510742 2.5
vertex 10.073144912719727 -49.92338943481445 2.5
vertex 10.080751419067383 -49.63822937011719 2.5
endloop
endfacet
facet normal 0.4099009723330256 0.9121300306866561 0
outer loop
vertex -47.24760818481445 -58.13750457763672 2.5
vertex -47.24760818481445 -58.13750457763672 0
vertex -49.38227081298828 -57.1782112121582 2.5
endloop
endfacet
facet normal 0.5822610551247556 0.8130018841829374 0
outer loop
vertex -49.38227081298828 -57.1782112121582 2.5
vertex -49.38227081298828 -57.1782112121582 0
vertex -49.431007385253906 -57.143306732177734 2.5
endloop
endfacet
facet normal 0.4099009723330256 0.9121300306866561 0
outer loop
vertex -47.24760818481445 -58.13750457763672 0
vertex -49.38227081298828 -57.1782112121582 0
vertex -49.38227081298828 -57.1782112121582 2.5
endloop
endfacet
facet normal 0 1 0
outer loop
vertex -42.44514083862305 -64.04740142822266 2.5
vertex -42.44514083862305 -64.04740142822266 0.800000011920929
vertex -42.49717330932617 -64.04740142822266 2.5
endloop
endfacet
facet normal 0 0 -1
outer loop
vertex -54.10398483276367 64.03982543945312 2.5
vertex -59.5742301940918 61.3312873840332 2.5
vertex -61.307796478271484 62.84314727783203 2.5
endloop
endfacet
facet normal 0.3367404334601614 0.9415975151162319 0
outer loop
vertex -42.49717330932617 -64.04740142822266 0
vertex -42.595157623291016 -64.01235961914062 2.5
vertex -42.49717330932617 -64.04740142822266 2.5
endloop
endfacet
facet normal 0.6341555559331539 0.7732054907197132 0
outer loop
vertex -42.595157623291016 -64.01235961914062 2.5
vertex -42.595157623291016 -64.01235961914062 0
vertex -45.44084930419922 -61.67842483520508 2.5
endloop
endfacet
facet normal 0 0 -1
outer loop
vertex 32.107521057128906 -57.37638473510742 2.5
vertex 10.080751419067383 -49.63822937011719 2.5
vertex 10.11964225769043 -48.89614486694336 2.5
endloop
endfacet
facet normal 0 0 -1
outer loop
vertex 32.107521057128906 -57.37638473510742 2.5
vertex 10.11964225769043 -48.89614486694336 2.5
vertex 10.14947509765625 -48.83036422729492 2.5
endloop
endfacet
facet normal 0.7821372842795846 0.6231061454838621 0
outer loop
vertex -45.82746505737305 -59.920101165771484 2.5
vertex -45.82746505737305 -59.920101165771484 0
vertex -47.24760818481445 -58.13750457763672 2.5
endloop
endfacet
facet normal 0.9806644622945117 0.19569673577404503 0
outer loop
vertex -45.494388580322266 -61.589195251464844 2.5
vertex -45.494388580322266 -61.589195251464844 0
vertex -45.82746505737305 -59.920101165771484 2.5
endloop
endfacet
facet normal 0.8574864564412454 0.51450653739271 0
outer loop
vertex -45.44084930419922 -61.67842483520508 2.5
vertex -45.44084930419922 -61.67842483520508 0
vertex -45.494388580322266 -61.589195251464844 2.5
endloop
endfacet
facet normal 0 0 -1
outer loop
vertex 10.14947509765625 -48.83036422729492 2.5
vertex 11.477713584899902 -47.603153228759766 2.5
vertex 35.797393798828125 -53.921146392822266 2.5
endloop
endfacet
facet normal 0 0 -1
outer loop
vertex 35.797393798828125 -53.921146392822266 2.5
vertex 11.477713584899902 -47.603153228759766 2.5
vertex 11.591841697692871 -47.561912536621094 2.5
endloop
endfacet
facet normal 0 0 -1
outer loop
vertex -8.006958961486816 -43.197566986083984 2.5
vertex -13.295332908630371 -42.54467010498047 2.5
vertex -8.064981460571289 -43.06648635864258 2.5
endloop
endfacet
facet normal 0 0 -1
outer loop
vertex -8.082958221435547 -44.64772033691406 2.5
vertex -13.295332908630371 -42.54467010498047 2.5
vertex -8.006958961486816 -43.197566986083984 2.5
endloop
endfacet
facet normal 0 0 -1
outer loop
vertex -61.307796478271484 62.84314727783203 2.5
vertex -61.25849533081055 62.88140106201172 2.5
vertex -54.10398483276367 64.03982543945312 2.5
endloop
endfacet
facet normal 0 1 0
outer loop
vertex -42.44514083862305 -64.04740142822266 0.800000011920929
vertex -42.49717330932617 -64.04740142822266 0
vertex -42.49717330932617 -64.04740142822266 2.5
endloop
endfacet
facet normal 0.3367404334601614 0.9415975151162319 0
outer loop
vertex -42.49717330932617 -64.04740142822266 0
vertex -42.595157623291016 -64.01235961914062 0
vertex -42.595157623291016 -64.01235961914062 2.5
endloop
endfacet
facet normal 0.7821372842795846 0.6231061454838621 0
outer loop
vertex -45.82746505737305 -59.920101165771484 0
vertex -47.24760818481445 -58.13750457763672 0
vertex -47.24760818481445 -58.13750457763672 2.5
endloop
endfacet
facet normal 0.9806644622945117 0.19569673577404503 0
outer loop
vertex -45.494388580322266 -61.589195251464844 0
vertex -45.82746505737305 -59.920101165771484 0
vertex -45.82746505737305 -59.920101165771484 2.5
endloop
endfacet
facet normal 0.8574864564412454 0.51450653739271 0
outer loop
vertex -45.44084930419922 -61.67842483520508 0
vertex -45.494388580322266 -61.589195251464844 0
vertex -45.494388580322266 -61.589195251464844 2.5
endloop
endfacet
facet normal 0.6341555559331539 0.7732054907197132 0
outer loop
vertex -42.595157623291016 -64.01235961914062 0
vertex -45.44084930419922 -61.67842483520508 0
vertex -45.44084930419922 -61.67842483520508 2.5
endloop
endfacet
facet normal 0.9814197776715972 0.19187292668595202 0
outer loop
vertex -53.60480880737305 -51.61943435668945 2.5
vertex -53.60480880737305 -51.61943435668945 0
vertex -53.61552810668945 -51.564605712890625 2.5
endloop
endfacet
facet normal 0.844857140403133 0.534991974061145 0
outer loop
vertex -52.859642028808594 -53.463932037353516 2.5
vertex -52.859642028808594 -53.463932037353516 0
vertex -52.889530181884766 -53.41673278808594 2.5
endloop
endfacet
facet normal 0.9291242753576002 0.36976760396391434 0
outer loop
vertex -52.889530181884766 -53.41673278808594 2.5
vertex -52.889530181884766 -53.41673278808594 0
vertex -53.60480880737305 -51.61943435668945 2.5
endloop
endfacet
facet normal 0.7315954242876511 0.6817390521023214 0
outer loop
vertex -49.431007385253906 -57.143306732177734 2.5
vertex -49.431007385253906 -57.143306732177734 0
vertex -52.859642028808594 -53.463932037353516 2.5
endloop
endfacet
facet normal 0.9814197776715972 0.19187292668595202 0
outer loop
vertex -53.60480880737305 -51.61943435668945 0
vertex -53.61552810668945 -51.564605712890625 0
vertex -53.61552810668945 -51.564605712890625 2.5
endloop
endfacet
facet normal 0.9291242753576002 0.36976760396391434 0
outer loop
vertex -52.889530181884766 -53.41673278808594 0
vertex -53.60480880737305 -51.61943435668945 0
vertex -53.60480880737305 -51.61943435668945 2.5
endloop
endfacet
facet normal 0.844857140403133 0.534991974061145 0
outer loop
vertex -52.859642028808594 -53.463932037353516 0
vertex -52.889530181884766 -53.41673278808594 0
vertex -52.889530181884766 -53.41673278808594 2.5
endloop
endfacet
facet normal 0.7315954242876511 0.6817390521023214 0
outer loop
vertex -49.431007385253906 -57.143306732177734 0
vertex -52.859642028808594 -53.463932037353516 0
vertex -52.859642028808594 -53.463932037353516 2.5
endloop
endfacet
facet normal 0.5822610551247556 0.8130018841829374 0
outer loop
vertex -49.38227081298828 -57.1782112121582 0
vertex -49.431007385253906 -57.143306732177734 0
vertex -49.431007385253906 -57.143306732177734 2.5
endloop
endfacet
facet normal -0.048052482339378935 0.9988448122411328 0
outer loop
vertex 30.329051971435547 -58.126434326171875 0
vertex 20.600982666015625 -58.59443283081055 0
vertex 20.600982666015625 -58.59443283081055 2.5
endloop
endfacet
facet normal -0.048052482339378935 0.9988448122411328 0
outer loop
vertex 30.329051971435547 -58.126434326171875 0
vertex 20.600982666015625 -58.59443283081055 2.5
vertex 30.329051971435547 -58.126434326171875 2.5
endloop
endfacet
facet normal 0 1 0
outer loop
vertex -23.44514274597168 -64.04740142822266 0.800000011920929
vertex 1.8776553869247437 -64.04740142822266 0
vertex -42.49717330932617 -64.04740142822266 0
endloop
endfacet
facet normal 0 1 0
outer loop
vertex -42.44514083862305 -64.04740142822266 0.800000011920929
vertex -23.44514274597168 -64.04740142822266 0.800000011920929
vertex -42.49717330932617 -64.04740142822266 0
endloop
endfacet
facet normal 0 0 -1
outer loop
vertex -62.21315383911133 -21.332422256469727 2.5
vertex -67.85823059082031 -27.773805618286133 2.5
vertex -62.54475402832031 -20.858854293823242 2.5
endloop
endfacet
facet normal 0.675157085122912 -0.7376739865335722 0
outer loop
vertex -16.402271270751953 50.13071823120117 0
vertex -12.720311164855957 53.50063705444336 0
vertex -12.720311164855957 53.50063705444336 2.5
endloop
endfacet
facet normal 0.527318693071561 -0.8496675796670725 0
outer loop
vertex -12.720311164855957 53.50063705444336 0
vertex -12.672816276550293 53.530113220214844 0
vertex -12.672816276550293 53.530113220214844 2.5
endloop
endfacet
facet normal 0.361243631123575 -0.9324714681815496 0
outer loop
vertex -12.672816276550293 53.530113220214844 0
vertex -10.868063926696777 54.22928237915039 0
vertex -10.868063926696777 54.22928237915039 2.5
endloop
endfacet
facet normal 0.18276065004713102 -0.9831574364232567 0
outer loop
vertex -10.868063926696777 54.22928237915039 0
vertex -10.813108444213867 54.239498138427734 0
vertex -10.813108444213867 54.239498138427734 2.5
endloop
endfacet
facet normal -0.0019108680051949682 -0.9999981742900668 0
outer loop
vertex -10.813108444213867 54.239498138427734 2.5
vertex -10.813108444213867 54.239498138427734 0
vertex -10.785160064697266 54.239444732666016 0.800000011920929
endloop
endfacet
facet normal 0 0 -1
outer loop
vertex -42.710323333740234 44.52203369140625 2.5
vertex -56.06189727783203 55.72530746459961 2.5
vertex -52.1340217590332 63.33958053588867 2.5
endloop
endfacet
facet normal 0.8077790767977842 -0.5894853374662676 0
outer loop
vertex -16.437620162963867 50.082279205322266 2.5
vertex -16.437620162963867 50.082279205322266 0
vertex -16.402271270751953 50.13071823120117 2.5
endloop
endfacet
facet normal 0.675157085122912 -0.7376739865335722 0
outer loop
vertex -16.402271270751953 50.13071823120117 2.5
vertex -16.402271270751953 50.13071823120117 0
vertex -12.720311164855957 53.50063705444336 2.5
endloop
endfacet
facet normal 0.527318693071561 -0.8496675796670725 0
outer loop
vertex -12.720311164855957 53.50063705444336 2.5
vertex -12.720311164855957 53.50063705444336 0
vertex -12.672816276550293 53.530113220214844 2.5
endloop
endfacet
facet normal 0.361243631123575 -0.9324714681815496 0
outer loop
vertex -10.868063926696777 54.22928237915039 2.5
vertex -12.672816276550293 53.530113220214844 2.5
vertex -12.672816276550293 53.530113220214844 0
endloop
endfacet
facet normal 0.18276065004713102 -0.9831574364232567 0
outer loop
vertex -10.813108444213867 54.239498138427734 2.5
vertex -10.868063926696777 54.22928237915039 2.5
vertex -10.868063926696777 54.22928237915039 0
endloop
endfacet
facet normal 0 0 -1
outer loop
vertex -56.639591217041016 55.674766540527344 2.5
vertex -52.1340217590332 63.33958053588867 2.5
vertex -56.06189727783203 55.72530746459961 2.5
endloop
endfacet
facet normal 0 0 -1
outer loop
vertex -52.1340217590332 63.33958053588867 2.5
vertex -71.8669662475586 46.843753814697266 2.5
vertex -52.18326950073242 63.368526458740234 2.5
endloop
endfacet
facet normal -0.6602754231211057 -0.751023545318151 0
outer loop
vertex -52.1340217590332 63.33958053588867 2.5
vertex -52.1340217590332 63.33958053588867 0
vertex -38.0547981262207 50.961585998535156 2.5
endloop
endfacet
facet normal 0 0 -1
outer loop
vertex -12.720311164855957 53.50063705444336 2.5
vertex -17.308618545532227 48.18891525268555 2.5
vertex -16.437620162963867 50.082279205322266 2.5
endloop
endfacet
facet normal 0 0 -1
outer loop
vertex -12.720311164855957 53.50063705444336 2.5
vertex -16.437620162963867 50.082279205322266 2.5
vertex -16.402271270751953 50.13071823120117 2.5
endloop
endfacet
facet normal 0 0 -1
outer loop
vertex -10.813108444213867 54.239498138427734 2.5
vertex 42.797916412353516 45.937599182128906 2.5
vertex -8.781983375549316 45.937599182128906 2.5
endloop
endfacet
facet normal 0 0 -1
outer loop
vertex -62.49478530883789 -20.568239212036133 2.5
vertex -67.85823059082031 -27.773805618286133 2.5
vertex -59.68302917480469 -4.21453332901001 2.5
endloop
endfacet
facet normal -0.6602754231211057 -0.751023545318151 0
outer loop
vertex -52.1340217590332 63.33958053588867 0
vertex -38.0547981262207 50.961585998535156 0
vertex -38.0547981262207 50.961585998535156 2.5
endloop
endfacet
facet normal -0.5067165869101026 -0.8621126959685588 0
outer loop
vertex -52.18326950073242 63.368526458740234 2.5
vertex -52.18326950073242 63.368526458740234 0
vertex -52.1340217590332 63.33958053588867 2.5
endloop
endfacet
facet normal -0.334928000937008 -0.9422437233478075 0
outer loop
vertex -52.18326950073242 63.368526458740234 2.5
vertex -54.04751968383789 64.03118896484375 2.5
vertex -54.04751968383789 64.03118896484375 0
endloop
endfacet
facet normal -0.1511939812357693 -0.988504112302057 0
outer loop
vertex -54.04751968383789 64.03118896484375 2.5
vertex -54.10398483276367 64.03982543945312 2.5
vertex -54.10398483276367 64.03982543945312 0
endloop
endfacet
facet normal -0.001973462245748032 -0.9999980527214863 0
outer loop
vertex 8.214802742004395 54.20195007324219 2.5
vertex 8.214802742004395 54.20195007324219 0.800000011920929
vertex 26.19550895690918 54.166465759277344 2.5
endloop
endfacet
facet normal 0.03811468976190763 -0.9992733712174829 0
outer loop
vertex -59.25080108642578 63.84351348876953 2.5
vertex -59.25080108642578 63.84351348876953 0
vertex -54.10398483276367 64.03982543945312 2.5
endloop
endfacet
facet normal 0.8077790767977842 -0.5894853374662676 0
outer loop
vertex -16.437620162963867 50.082279205322266 0
vertex -16.402271270751953 50.13071823120117 0
vertex -16.402271270751953 50.13071823120117 2.5
endloop
endfacet
facet normal 0 0 -1
outer loop
vertex 8.214802742004395 54.20195007324219 2.5
vertex 42.797916412353516 45.937599182128906 2.5
vertex -10.813108444213867 54.239498138427734 2.5
endloop
endfacet
facet normal -0.001973462245748032 -0.9999980527214863 0
outer loop
vertex 26.19550895690918 54.166465759277344 0.800000011920929
vertex 26.19550895690918 54.166465759277344 2.5
vertex 8.214802742004395 54.20195007324219 0.800000011920929
endloop
endfacet
facet normal 0.2429383557843765 -0.9700417286327344 0
outer loop
vertex -59.31133270263672 63.82835388183594 2.5
vertex -59.31133270263672 63.82835388183594 0
vertex -59.25080108642578 63.84351348876953 2.5
endloop
endfacet
facet normal -0.5067165869101026 -0.8621126959685588 0
outer loop
vertex -52.18326950073242 63.368526458740234 0
vertex -52.1340217590332 63.33958053588867 0
vertex -52.1340217590332 63.33958053588867 2.5
endloop
endfacet
facet normal -0.334928000937008 -0.9422437233478075 0
outer loop
vertex -54.04751968383789 64.03118896484375 0
vertex -52.18326950073242 63.368526458740234 0
vertex -52.18326950073242 63.368526458740234 2.5
endloop
endfacet
facet normal -0.1511939812357693 -0.988504112302057 0
outer loop
vertex -54.10398483276367 64.03982543945312 0
vertex -54.04751968383789 64.03118896484375 0
vertex -54.04751968383789 64.03118896484375 2.5
endloop
endfacet
facet normal 0.03811468976190763 -0.9992733712174829 0
outer loop
vertex -59.25080108642578 63.84351348876953 0
vertex -54.10398483276367 64.03982543945312 0
vertex -54.10398483276367 64.03982543945312 2.5
endloop
endfacet
facet normal 0.2429383557843765 -0.9700417286327344 0
outer loop
vertex -59.31133270263672 63.82835388183594 0
vertex -59.25080108642578 63.84351348876953 0
vertex -59.25080108642578 63.84351348876953 2.5
endloop
endfacet
facet normal 0 0 -1
outer loop
vertex 26.19550895690918 54.166465759277344 2.5
vertex 42.797916412353516 45.937599182128906 2.5
vertex 8.214802742004395 54.20195007324219 2.5
endloop
endfacet
facet normal 0 0 -1
outer loop
vertex 36.740257263183594 -43.49782180786133 2.5
vertex 36.664085388183594 -51.92268371582031 2.5
vertex 27.118131637573242 -47.964988708496094 2.5
endloop
endfacet
facet normal -0.7590716885337305 0.6510070442526342 0
outer loop
vertex 75.6353530883789 -16.79349708557129 0
vertex 71.75643920898438 -21.316295623779297 0
vertex 71.75643920898438 -21.316295623779297 2.5
endloop
endfacet
facet normal 0 0 -1
outer loop
vertex -62.21315383911133 -21.332422256469727 2.5
vertex -55.923301696777344 -30.831212997436523 2.5
vertex -66.03968811035156 -28.96997833251953 2.5
endloop
endfacet
facet normal -0.5537760181156609 0.8326656272389696 -0.00027381507731668073
outer loop
vertex 71.10260772705078 -21.86368751525879 2.5
vertex 71.08235168457031 -21.877981185913086 0
vertex 71.07166290283203 -21.884267807006836 2.5
endloop
endfacet
facet normal 0 0 -1
outer loop
vertex -13.295332908630371 -42.54467010498047 2.5
vertex -9.746011734008789 -41.69320297241211 2.5
vertex -8.064981460571289 -43.06648635864258 2.5
endloop
endfacet
facet normal 0 0 -1
outer loop
vertex -36.9958610534668 50.42390823364258 2.5
vertex -42.570274353027344 44.14405059814453 2.5
vertex -42.58176803588867 44.275089263916016 2.5
endloop
endfacet
facet normal 0 0 -1
outer loop
vertex -59.68302917480469 -4.21453332901001 2.5
vertex -68.8047866821289 -21.84307289123535 2.5
vertex -65.53105163574219 -3.1272339820861816 2.5
endloop
endfacet
facet normal 0 0 -1
outer loop
vertex -36.9958610534668 50.42390823364258 2.5
vertex -42.53450012207031 44.05820083618164 2.5
vertex -42.570274353027344 44.14405059814453 2.5
endloop
endfacet
facet normal 0 0 -1
outer loop
vertex -42.59489440917969 44.42513656616211 2.5
vertex -42.710323333740234 44.52203369140625 2.5
vertex -38.0547981262207 50.961585998535156 2.5
endloop
endfacet
facet normal -0.6419353414174693 0.7667587739564753 0
outer loop
vertex 71.75643920898438 -21.316295623779297 2.5
vertex 71.75643920898438 -21.316295623779297 0
vertex 71.10260772705078 -21.86368751525879 2.5
endloop
endfacet
facet normal 0 0 -1
outer loop
vertex -42.58176803588867 44.275089263916016 2.5
vertex -42.59489440917969 44.42513656616211 2.5
vertex -38.0547981262207 50.961585998535156 2.5
endloop
endfacet
facet normal 0 0 -1
outer loop
vertex 66.40512084960938 4.474168300628662 2.5
vertex 64.97401428222656 20.831785202026367 2.5
vertex 70.81934356689453 22.464488983154297 2.5
endloop
endfacet
facet normal 0 0 -1
outer loop
vertex -41.6535530090332 43.017398834228516 2.5
vertex -36.9958610534668 50.42390823364258 2.5
vertex -41.57479476928711 42.967933654785156 2.5
endloop
endfacet
facet normal 0 0 -1
outer loop
vertex 72.39344787597656 4.053853988647461 2.5
vertex 66.40512084960938 4.474168300628662 2.5
vertex 70.81934356689453 22.464488983154297 2.5
endloop
endfacet
facet normal 0 0 -1
outer loop
vertex -44.38549041748047 24.6685848236084 2.5
vertex -56.2161865234375 13.516866683959961 2.5
vertex -46.988609313964844 25.3660888671875 2.5
endloop
endfacet
facet normal 0 0 -1
outer loop
vertex -38.65711212158203 22.618345260620117 2.5
vertex -56.2161865234375 13.516866683959961 2.5
vertex -39.42980194091797 23.32305145263672 2.5
endloop
endfacet
facet normal 0 0 -1
outer loop
vertex -39.49295425415039 23.35759925842285 2.5
vertex -39.42980194091797 23.32305145263672 2.5
vertex -56.2161865234375 13.516866683959961 2.5
endloop
endfacet
facet normal 0 0 -1
outer loop
vertex -38.61690902709961 22.55863380432129 2.5
vertex -56.2161865234375 13.516866683959961 2.5
vertex -38.65711212158203 22.618345260620117 2.5
endloop
endfacet
facet normal 0 0 -1
outer loop
vertex 70.81934356689453 22.464488983154297 2.5
vertex 64.97401428222656 20.831785202026367 2.5
vertex 69.24523162841797 40.875125885009766 2.5
endloop
endfacet
facet normal 0 0 -1
outer loop
vertex 69.24523162841797 40.875125885009766 2.5
vertex 64.97401428222656 20.831785202026367 2.5
vertex 63.67597198486328 35.66851043701172 2.5
endloop
endfacet
facet normal 0 0 -1
outer loop
vertex -44.38549041748047 24.6685848236084 2.5
vertex -39.49295425415039 23.35759925842285 2.5
vertex -56.2161865234375 13.516866683959961 2.5
endloop
endfacet
facet normal 0 0 -1
outer loop
vertex -44.66435623168945 35.6246337890625 2.5
vertex -60.809776306152344 24.87196159362793 2.5
vertex -53.84447479248047 30.380435943603516 2.5
endloop
endfacet
facet normal 0 0 -1
outer loop
vertex -42.53450012207031 44.05820083618164 2.5
vertex -36.9958610534668 50.42390823364258 2.5
vertex -41.6535530090332 43.017398834228516 2.5
endloop
endfacet
facet normal 0 0 -1
outer loop
vertex -47.27855682373047 25.868295669555664 2.5
vertex -61.10630798339844 20.16395378112793 2.5
vertex -44.66435623168945 35.6246337890625 2.5
endloop
endfacet
facet normal 0 0 -1
outer loop
vertex -60.809776306152344 24.87196159362793 2.5
vertex -54.42216873168945 30.329893112182617 2.5
vertex -53.84447479248047 30.380435943603516 2.5
endloop
endfacet
facet normal 0 0 -1
outer loop
vertex -61.10630798339844 20.16395378112793 2.5
vertex -60.809776306152344 24.87196159362793 2.5
vertex -44.66435623168945 35.6246337890625 2.5
endloop
endfacet
facet normal 0 0 -1
outer loop
vertex -59.68302917480469 -4.21453332901001 2.5
vertex -65.53105163574219 -3.1272339820861816 2.5
vertex -59.743106842041016 -4.128731727600098 2.5
endloop
endfacet
facet normal 0.7660550868503139 0.6427749247681944 0
outer loop
vertex -53.74943923950195 -33.4220085144043 0
vertex -55.923301696777344 -30.831212997436523 0
vertex -55.923301696777344 -30.831212997436523 2.5
endloop
endfacet
facet normal 0.18094520343842027 0.9834931791083397 0
outer loop
vertex -55.923301696777344 -30.831212997436523 2.5
vertex -55.923301696777344 -30.831212997436523 0
vertex -66.03968811035156 -28.96997833251953 2.5
endloop
endfacet
facet normal 0 0 -1
outer loop
vertex -44.66435623168945 35.6246337890625 2.5
vertex -48.971492767333984 36.18788146972656 2.5
vertex -44.74931716918945 35.81772232055664 2.5
endloop
endfacet
facet normal 0 0 -1
outer loop
vertex -48.971492767333984 36.18788146972656 2.5
vertex -47.78409194946289 37.397518157958984 2.5
vertex -44.74931716918945 35.81772232055664 2.5
endloop
endfacet
facet normal 0 0 -1
outer loop
vertex -42.44514083862305 -64.04740142822266 2.5
vertex -42.49717330932617 -64.04740142822266 2.5
vertex 17.99555206298828 -61.277950286865234 2.5
endloop
endfacet
facet normal 0.7660550868503139 0.6427749247681944 0
outer loop
vertex -53.74943923950195 -33.4220085144043 2.5
vertex -53.74943923950195 -33.4220085144043 0
vertex -55.923301696777344 -30.831212997436523 2.5
endloop
endfacet
facet normal 0 0 -1
outer loop
vertex -9.41741943359375 36.39093017578125 2.5
vertex -9.192033767700195 45.24413299560547 2.5
vertex -9.355031967163086 36.51374053955078 2.5
endloop
endfacet
facet normal 0 0 -1
outer loop
vertex -55.923301696777344 -30.831212997436523 2.5
vertex -46.53971862792969 -30.12285041809082 2.5
vertex -46.37678527832031 -30.355546951293945 2.5
endloop
endfacet
facet normal 0 0 -1
outer loop
vertex -46.988609313964844 25.3660888671875 2.5
vertex -61.10630798339844 20.16395378112793 2.5
vertex -47.27855682373047 25.868295669555664 2.5
endloop
endfacet
facet normal 0 0 -1
outer loop
vertex -56.2161865234375 13.516866683959961 2.5
vertex -61.10630798339844 20.16395378112793 2.5
vertex -46.988609313964844 25.3660888671875 2.5
endloop
endfacet
facet normal 0 0 -1
outer loop
vertex -8.984698295593262 45.734886169433594 2.5
vertex -25.226337432861328 38.88912582397461 2.5
vertex -8.781983375549316 45.937599182128906 2.5
endloop
endfacet
facet normal 0 0 -1
outer loop
vertex -42.595157623291016 -64.01235961914062 2.5
vertex -45.44084930419922 -61.67842483520508 2.5
vertex 20.600982666015625 -58.59443283081055 2.5
endloop
endfacet
facet normal 0 0 -1
outer loop
vertex -9.192033767700195 45.527549743652344 2.5
vertex -25.226337432861328 38.88912582397461 2.5
vertex -8.984698295593262 45.734886169433594 2.5
endloop
endfacet
facet normal 0 0 -1
outer loop
vertex -39.64836883544922 11.87264633178711 2.5
vertex -41.20305633544922 10.869658470153809 2.5
vertex -37.91124725341797 20.105005264282227 2.5
endloop
endfacet
facet normal -0.8272768492739999 -0.5617944594380435 0
outer loop
vertex 50.62870407104492 49.64968490600586 0
vertex 50.654632568359375 49.61150360107422 0
vertex 50.654632568359375 49.61150360107422 2.5
endloop
endfacet
facet normal -0.9034515599873892 -0.4286901897132157 0
outer loop
vertex 50.654632568359375 49.61150360107422 0
vertex 51.515968322753906 47.7962646484375 0
vertex 51.515968322753906 47.7962646484375 2.5
endloop
endfacet
facet normal -0.5058420057747054 -0.862626144510948 0
outer loop
vertex 54.012718200683594 46.332176208496094 0
vertex 54.012718200683594 46.332176208496094 2.5
vertex 51.515968322753906 47.7962646484375 0
endloop
endfacet
facet normal -0.8272768492739999 -0.5617944594380435 0
outer loop
vertex 50.62870407104492 49.64968490600586 0
vertex 50.654632568359375 49.61150360107422 2.5
vertex 50.62870407104492 49.64968490600586 2.5
endloop
endfacet
facet normal -0.9034515599873892 -0.4286901897132157 0
outer loop
vertex 50.654632568359375 49.61150360107422 2.5
vertex 50.654632568359375 49.61150360107422 0
vertex 51.515968322753906 47.7962646484375 2.5
endloop
endfacet
facet normal -0.5058420057747054 -0.862626144510948 0
outer loop
vertex 51.515968322753906 47.7962646484375 2.5
vertex 51.515968322753906 47.7962646484375 0
vertex 54.012718200683594 46.332176208496094 2.5
endloop
endfacet
facet normal 0.06698846904505419 -0.9977537496872662 0
outer loop
vertex 54.012718200683594 46.332176208496094 2.5
vertex 54.012718200683594 46.332176208496094 0
vertex 64.82205200195312 47.05790710449219 2.5
endloop
endfacet
facet normal 0 0 -1
outer loop
vertex 43.24985122680664 38.58967590332031 2.5
vertex 43.20796585083008 38.69581604003906 2.5
vertex 45.92906188964844 37.225826263427734 2.5
endloop
endfacet
facet normal 0 0 -1
outer loop
vertex 44.402400970458984 37.35679244995117 2.5
vertex 45.92906188964844 37.225826263427734 2.5
vertex 44.507102966308594 37.30772018432617 2.5
endloop
endfacet
facet normal 0 0 -1
outer loop
vertex 45.92906188964844 37.225826263427734 2.5
vertex 44.402400970458984 37.35679244995117 2.5
vertex 43.24985122680664 38.58967590332031 2.5
endloop
endfacet
facet normal 0 0 -1
outer loop
vertex 45.92906188964844 37.225826263427734 2.5
vertex 43.20796585083008 38.69581604003906 2.5
vertex 54.012718200683594 46.332176208496094 2.5
endloop
endfacet
facet normal 0 0 -1
outer loop
vertex -41.20305633544922 10.869658470153809 2.5
vertex -39.64836883544922 11.87264633178711 2.5
vertex -41.08850860595703 10.894207954406738 2.5
endloop
endfacet
facet normal 0 0 -1
outer loop
vertex -45.494388580322266 -61.589195251464844 2.5
vertex -45.82746505737305 -59.920101165771484 2.5
vertex 20.600982666015625 -58.59443283081055 2.5
endloop
endfacet
facet normal 0 0 -1
outer loop
vertex 20.600982666015625 -58.59443283081055 2.5
vertex -45.82746505737305 -59.920101165771484 2.5
vertex -47.24760818481445 -58.13750457763672 2.5
endloop
endfacet
facet normal 0 0 -1
outer loop
vertex -41.20305633544922 10.869658470153809 2.5
vertex -56.2161865234375 13.516866683959961 2.5
vertex -38.61690902709961 22.55863380432129 2.5
endloop
endfacet
facet normal 0 0 -1
outer loop
vertex -56.44789123535156 13.353886604309082 2.5
vertex -61.10630798339844 20.16395378112793 2.5
vertex -56.2161865234375 13.516866683959961 2.5
endloop
endfacet
facet normal 0 0 -1
outer loop
vertex 43.20796585083008 45.527549743652344 2.5
vertex 42.797916412353516 45.937599182128906 2.5
vertex 47.29600524902344 53.226104736328125 2.5
endloop
endfacet
facet normal 0 0 -1
outer loop
vertex 43.20796585083008 38.69581604003906 2.5
vertex 43.20796585083008 45.527549743652344 2.5
vertex 50.62870407104492 49.64968490600586 2.5
endloop
endfacet
facet normal 0 0 -1
outer loop
vertex 50.654632568359375 49.61150360107422 2.5
vertex 51.515968322753906 47.7962646484375 2.5
vertex 43.20796585083008 38.69581604003906 2.5
endloop
endfacet
facet normal 0 0 -1
outer loop
vertex 50.62870407104492 49.64968490600586 2.5
vertex 50.654632568359375 49.61150360107422 2.5
vertex 43.20796585083008 38.69581604003906 2.5
endloop
endfacet
facet normal 0 0 -1
outer loop
vertex 50.62870407104492 49.64968490600586 2.5
vertex 43.20796585083008 45.527549743652344 2.5
vertex 47.29600524902344 53.226104736328125 2.5
endloop
endfacet
facet normal 0 0 -1
outer loop
vertex -61.10630798339844 20.16395378112793 2.5
vertex -56.44789123535156 13.353886604309082 2.5
vertex -56.691932678222656 13.182231903076172 2.5
endloop
endfacet
facet normal 0 0 -1
outer loop
vertex 20.600982666015625 -58.59443283081055 2.5
vertex -45.44084930419922 -61.67842483520508 2.5
vertex -45.494388580322266 -61.589195251464844 2.5
endloop
endfacet
facet normal 0 0 -1
outer loop
vertex 50.61546325683594 37.63424301147461 2.5
vertex 45.92906188964844 37.225826263427734 2.5
vertex 54.012718200683594 46.332176208496094 2.5
endloop
endfacet
facet normal 0 0 -1
outer loop
vertex 54.012718200683594 46.332176208496094 2.5
vertex 43.20796585083008 38.69581604003906 2.5
vertex 51.515968322753906 47.7962646484375 2.5
endloop
endfacet
facet normal 0 0 -1
outer loop
vertex 54.012718200683594 46.332176208496094 2.5
vertex 64.82205200195312 47.05790710449219 2.5
vertex 50.61546325683594 37.63424301147461 2.5
endloop
endfacet
facet normal 0 0 -1
outer loop
vertex -9.192033767700195 45.24413299560547 2.5
vertex -25.226337432861328 38.88912582397461 2.5
vertex -9.192033767700195 45.527549743652344 2.5
endloop
endfacet
facet normal 0 0 -1
outer loop
vertex -10.813108444213867 54.239498138427734 2.5
vertex -25.226337432861328 38.88912582397461 2.5
vertex -10.868063926696777 54.22928237915039 2.5
endloop
endfacet
facet normal 0 0 -1
outer loop
vertex -12.672816276550293 53.530113220214844 2.5
vertex -10.868063926696777 54.22928237915039 2.5
vertex -25.226337432861328 38.88912582397461 2.5
endloop
endfacet
facet normal 0 0 -1
outer loop
vertex -25.226337432861328 38.88912582397461 2.5
vertex -12.720311164855957 53.50063705444336 2.5
vertex -12.672816276550293 53.530113220214844 2.5
endloop
endfacet
facet normal 0 0 -1
outer loop
vertex -25.226337432861328 38.88912582397461 2.5
vertex -10.813108444213867 54.239498138427734 2.5
vertex -8.781983375549316 45.937599182128906 2.5
endloop
endfacet
facet normal 0 0 -1
outer loop
vertex -67.90118408203125 -27.730438232421875 2.5
vertex -70.65982818603516 -23.499757766723633 2.5
vertex -71.07525634765625 -21.474599838256836 2.5
endloop
endfacet
facet normal 0 0 -1
outer loop
vertex -42.49717330932617 -64.04740142822266 2.5
vertex -42.595157623291016 -64.01235961914062 2.5
vertex 20.600982666015625 -58.59443283081055 2.5
endloop
endfacet
facet normal -0.22169449894942195 0.975116172122873 0
outer loop
vertex 30.380529403686523 -58.11473083496094 0
vertex 30.329051971435547 -58.126434326171875 0
vertex 30.329051971435547 -58.126434326171875 2.5
endloop
endfacet
facet normal 0 0 -1
outer loop
vertex -11.071296691894531 35.1351203918457 2.5
vertex -9.192033767700195 45.24413299560547 2.5
vertex -9.41741943359375 36.39093017578125 2.5
endloop
endfacet
facet normal 0 0 -1
outer loop
vertex -11.15414810180664 35.118492126464844 2.5
vertex -9.192033767700195 45.24413299560547 2.5
vertex -11.071296691894531 35.1351203918457 2.5
endloop
endfacet
facet normal -0.2052272784688944 -0.9787143424780548 0
outer loop
vertex 45.226280212402344 54.12891387939453 0
vertex 45.28658676147461 54.116268157958984 0
vertex 45.28658676147461 54.116268157958984 2.5
endloop
endfacet
facet normal -0.39981548841861203 -0.916595644338651 0
outer loop
vertex 45.28658676147461 54.116268157958984 0
vertex 47.2457160949707 53.26170349121094 0
vertex 47.2457160949707 53.26170349121094 2.5
endloop
endfacet
facet normal -0.0018573519225862371 -0.9999982751204302 0
outer loop
vertex 45.226280212402344 54.12891387939453 0
vertex 45.226280212402344 54.12891387939453 2.5
vertex 45.195472717285156 54.128971099853516 0.800000011920929
endloop
endfacet
facet normal -0.57777166690185 -0.81619844457427 0
outer loop
vertex 47.2457160949707 53.26170349121094 0
vertex 47.29600524902344 53.226104736328125 0
vertex 47.29600524902344 53.226104736328125 2.5
endloop
endfacet
facet normal -0.001973403148049413 -0.9999980528357255 0.000002184702957423535
outer loop
vertex -10.785160064697266 54.239444732666016 0.800000011920929
vertex -10.813108444213867 54.239498138427734 0
vertex 8.214802742004395 54.20195007324219 0.800000011920929
endloop
endfacet
facet normal -0.2052272784688944 -0.9787143424780548 0
outer loop
vertex 45.226280212402344 54.12891387939453 2.5
vertex 45.226280212402344 54.12891387939453 0
vertex 45.28658676147461 54.116268157958984 2.5
endloop
endfacet
facet normal -0.39981548841861203 -0.916595644338651 0
outer loop
vertex 45.28658676147461 54.116268157958984 2.5
vertex 45.28658676147461 54.116268157958984 0
vertex 47.2457160949707 53.26170349121094 2.5
endloop
endfacet
facet normal -0.7315951253368564 -0.6817393729155954 0
outer loop
vertex 47.29600524902344 53.226104736328125 2.5
vertex 47.29600524902344 53.226104736328125 0
vertex 50.62870407104492 49.64968490600586 2.5
endloop
endfacet
facet normal -0.57777166690185 -0.81619844457427 0
outer loop
vertex 47.2457160949707 53.26170349121094 2.5
vertex 47.2457160949707 53.26170349121094 0
vertex 47.29600524902344 53.226104736328125 2.5
endloop
endfacet
facet normal 0.9850441774702852 -0.17230196874060758 0
outer loop
vertex -67.7966537475586 -2.7309391498565674 2.5
vertex -67.7966537475586 -2.7309391498565674 0
vertex -64.34998321533203 16.973552703857422 0
endloop
endfacet
facet normal 0 0 -1
outer loop
vertex -11.15414810180664 35.118492126464844 2.5
vertex -25.226337432861328 38.88912582397461 2.5
vertex -9.192033767700195 45.24413299560547 2.5
endloop
endfacet
facet normal -0.7315951253368564 -0.6817393729155954 0
outer loop
vertex 47.29600524902344 53.226104736328125 0
vertex 50.62870407104492 49.64968490600586 0
vertex 50.62870407104492 49.64968490600586 2.5
endloop
endfacet
facet normal 0.9084811682022033 -0.4179257912859173 0
outer loop
vertex -17.308618545532227 48.18891525268555 2.5
vertex -17.308618545532227 48.18891525268555 0
vertex -16.437620162963867 50.082279205322266 2.5
endloop
endfacet
facet normal 0.44446501911843117 -0.8957962082862668 0
outer loop
vertex -20.282785415649414 46.71323013305664 2.5
vertex -20.282785415649414 46.71323013305664 0
vertex -17.308618545532227 48.18891525268555 2.5
endloop
endfacet
facet normal 0.9084811682022033 -0.4179257912859173 0
outer loop
vertex -17.308618545532227 48.18891525268555 0
vertex -16.437620162963867 50.082279205322266 0
vertex -16.437620162963867 50.082279205322266 2.5
endloop
endfacet
facet normal 0 0 -1
outer loop
vertex 42.797916412353516 45.937599182128906 2.5
vertex 45.226280212402344 54.12891387939453 2.5
vertex 45.28658676147461 54.116268157958984 2.5
endloop
endfacet
facet normal 0 0 -1
outer loop
vertex 45.28658676147461 54.116268157958984 2.5
vertex 47.2457160949707 53.26170349121094 2.5
vertex 42.797916412353516 45.937599182128906 2.5
endloop
endfacet
facet normal 0 0 -1
outer loop
vertex 47.29600524902344 53.226104736328125 2.5
vertex 42.797916412353516 45.937599182128906 2.5
vertex 47.2457160949707 53.26170349121094 2.5
endloop
endfacet
facet normal 0.44446501911843117 -0.8957962082862668 0
outer loop
vertex -20.282785415649414 46.71323013305664 0
vertex -17.308618545532227 48.18891525268555 0
vertex -17.308618545532227 48.18891525268555 2.5
endloop
endfacet
facet normal -0.45273490952468215 -0.8916451658017767 0
outer loop
vertex -38.0547981262207 50.961585998535156 2.5
vertex -38.0547981262207 50.961585998535156 0
vertex -36.9958610534668 50.42390823364258 2.5
endloop
endfacet
facet normal 0.06698846904505419 -0.9977537496872662 0
outer loop
vertex 64.82205200195312 47.05790710449219 2.5
vertex 54.012718200683594 46.332176208496094 0
vertex 64.82205200195312 47.05790710449219 0
endloop
endfacet
facet normal -0.13432291234195728 -0.9909376141917184 0
outer loop
vertex 64.88224792480469 47.049747467041016 0
vertex 64.88224792480469 47.049747467041016 2.5
vertex 64.82205200195312 47.05790710449219 0
endloop
endfacet
facet normal -0.33024798394833055 -0.9438942043990223 0
outer loop
vertex 64.88224792480469 47.049747467041016 0
vertex 66.87065887451172 46.35404586791992 0
vertex 66.87065887451172 46.35404586791992 2.5
endloop
endfacet
facet normal -0.5127308330226836 -0.8585494120129982 0
outer loop
vertex 66.92281341552734 46.322898864746094 0
vertex 66.92281341552734 46.322898864746094 2.5
vertex 66.87065887451172 46.35404586791992 0
endloop
endfacet
facet normal -0.45273490952468215 -0.8916451658017767 0
outer loop
vertex -36.9958610534668 50.42390823364258 0
vertex -36.9958610534668 50.42390823364258 2.5
vertex -38.0547981262207 50.961585998535156 0
endloop
endfacet
facet normal -0.6744114428128473 -0.7383557447484874 0
outer loop
vertex 66.92281341552734 46.322898864746094 2.5
vertex 66.92281341552734 46.322898864746094 0
vertex 70.62749481201172 42.939056396484375 2.5
endloop
endfacet
facet normal -0.13432291234195728 -0.9909376141917184 0
outer loop
vertex 64.82205200195312 47.05790710449219 2.5
vertex 64.82205200195312 47.05790710449219 0
vertex 64.88224792480469 47.049747467041016 2.5
endloop
endfacet
facet normal -0.33024798394833055 -0.9438942043990223 0
outer loop
vertex 64.88224792480469 47.049747467041016 2.5
vertex 64.88224792480469 47.049747467041016 0
vertex 66.87065887451172 46.35404586791992 2.5
endloop
endfacet
facet normal -0.5127308330226836 -0.8585494120129982 0
outer loop
vertex 66.87065887451172 46.35404586791992 2.5
vertex 66.87065887451172 46.35404586791992 0
vertex 66.92281341552734 46.322898864746094 2.5
endloop
endfacet
facet normal -0.963355911532399 -0.26822637401191674 0
outer loop
vertex 71.51944732666016 41.15299606323242 0
vertex 71.53448486328125 41.0989875793457 0
vertex 71.53448486328125 41.0989875793457 2.5
endloop
endfacet
facet normal -0.8969555094476701 -0.44212081388628466 0
outer loop
vertex 70.66117095947266 42.894229888916016 0
vertex 71.51944732666016 41.15299606323242 0
vertex 71.51944732666016 41.15299606323242 2.5
endloop
endfacet
facet normal 0 0 -1
outer loop
vertex -56.7395133972168 12.905499458312988 2.5
vertex -61.10630798339844 20.16395378112793 2.5
vertex -56.691932678222656 13.182231903076172 2.5
endloop
endfacet
facet normal -0.963355911532399 -0.26822637401191674 0
outer loop
vertex 71.51944732666016 41.15299606323242 2.5
vertex 71.51944732666016 41.15299606323242 0
vertex 71.53448486328125 41.0989875793457 2.5
endloop
endfacet
facet normal -0.7590716885337305 0.6510070442526342 0
outer loop
vertex 75.6353530883789 -16.79349708557129 0
vertex 71.75643920898438 -21.316295623779297 2.5
vertex 75.6353530883789 -16.79349708557129 2.5
endloop
endfacet
facet normal -0.7995180310269289 -0.6006420881546871 0
outer loop
vertex 70.62749481201172 42.939056396484375 0
vertex 70.66117095947266 42.894229888916016 0
vertex 70.66117095947266 42.894229888916016 2.5
endloop
endfacet
facet normal -0.6744114428128473 -0.7383557447484874 0
outer loop
vertex 70.62749481201172 42.939056396484375 2.5
vertex 66.92281341552734 46.322898864746094 0
vertex 70.62749481201172 42.939056396484375 0
endloop
endfacet
facet normal -0.8969555094476701 -0.44212081388628466 0
outer loop
vertex 70.66117095947266 42.894229888916016 2.5
vertex 70.66117095947266 42.894229888916016 0
vertex 71.51944732666016 41.15299606323242 2.5
endloop
endfacet
facet normal -0.7995180310269289 -0.6006420881546871 0
outer loop
vertex 70.62749481201172 42.939056396484375 2.5
vertex 70.62749481201172 42.939056396484375 0
vertex 70.66117095947266 42.894229888916016 2.5
endloop
endfacet
facet normal 0 0 -1
outer loop
vertex -52.889530181884766 -53.41673278808594 2.5
vertex -53.60480880737305 -51.61943435668945 2.5
vertex 20.600982666015625 -58.59443283081055 2.5
endloop
endfacet
facet normal 0 0 -1
outer loop
vertex 62.997596740722656 38.7175407409668 2.5
vertex 50.61546325683594 37.63424301147461 2.5
vertex 64.88224792480469 47.049747467041016 2.5
endloop
endfacet
facet normal 0 0 -1
outer loop
vertex 69.24523162841797 40.875125885009766 2.5
vertex 63.67597198486328 35.66851043701172 2.5
vertex 63.44183349609375 38.34475326538086 2.5
endloop
endfacet
facet normal 0 0 -1
outer loop
vertex 62.997596740722656 38.7175407409668 2.5
vertex 66.92281341552734 46.322898864746094 2.5
vertex 63.44183349609375 38.34475326538086 2.5
endloop
endfacet
facet normal 0 0 -1
outer loop
vertex 69.24523162841797 40.875125885009766 2.5
vertex 63.44183349609375 38.34475326538086 2.5
vertex 70.66117095947266 42.894229888916016 2.5
endloop
endfacet
facet normal 0 0 -1
outer loop
vertex 70.62749481201172 42.939056396484375 2.5
vertex 70.66117095947266 42.894229888916016 2.5
vertex 63.44183349609375 38.34475326538086 2.5
endloop
endfacet
facet normal 0.9850441774702852 -0.17230196874060758 0
outer loop
vertex -64.34998321533203 16.973552703857422 0
vertex -64.34998321533203 16.973552703857422 2.5
vertex -67.7966537475586 -2.7309391498565674 2.5
endloop
endfacet
facet normal 0 0 -1
outer loop
vertex -65.53105163574219 -3.1272339820861816 2.5
vertex -67.7966537475586 -2.7309391498565674 2.5
vertex -61.10630798339844 20.16395378112793 2.5
endloop
endfacet
facet normal 0 0 -1
outer loop
vertex 64.88224792480469 47.049747467041016 2.5
vertex 50.61546325683594 37.63424301147461 2.5
vertex 64.82205200195312 47.05790710449219 2.5
endloop
endfacet
facet normal 0 0 -1
outer loop
vertex 66.92281341552734 46.322898864746094 2.5
vertex 62.997596740722656 38.7175407409668 2.5
vertex 66.87065887451172 46.35404586791992 2.5
endloop
endfacet
facet normal 0 0 -1
outer loop
vertex 66.87065887451172 46.35404586791992 2.5
vertex 62.997596740722656 38.7175407409668 2.5
vertex 64.88224792480469 47.049747467041016 2.5
endloop
endfacet
facet normal 0 0 -1
outer loop
vertex 70.62749481201172 42.939056396484375 2.5
vertex 63.44183349609375 38.34475326538086 2.5
vertex 66.92281341552734 46.322898864746094 2.5
endloop
endfacet
facet normal 0 0 -1
outer loop
vertex -20.282785415649414 46.71323013305664 2.5
vertex -17.308618545532227 48.18891525268555 2.5
vertex -25.226337432861328 38.88912582397461 2.5
endloop
endfacet
facet normal 0 0 -1
outer loop
vertex -36.9958610534668 50.42390823364258 2.5
vertex -20.282785415649414 46.71323013305664 2.5
vertex -25.408689498901367 38.783843994140625 2.5
endloop
endfacet
facet normal 0 0 -1
outer loop
vertex -49.431007385253906 -57.143306732177734 2.5
vertex -52.859642028808594 -53.463932037353516 2.5
vertex 20.600982666015625 -58.59443283081055 2.5
endloop
endfacet
facet normal 0 0 -1
outer loop
vertex -52.859642028808594 -53.463932037353516 2.5
vertex -52.889530181884766 -53.41673278808594 2.5
vertex 20.600982666015625 -58.59443283081055 2.5
endloop
endfacet
facet normal 0 0 -1
outer loop
vertex 71.51944732666016 41.15299606323242 2.5
vertex 71.53448486328125 41.0989875793457 2.5
vertex 69.24523162841797 40.875125885009766 2.5
endloop
endfacet
facet normal 0 0 -1
outer loop
vertex 70.66117095947266 42.894229888916016 2.5
vertex 71.51944732666016 41.15299606323242 2.5
vertex 69.24523162841797 40.875125885009766 2.5
endloop
endfacet
facet normal 0 0 -1
outer loop
vertex -60.809776306152344 24.87196159362793 2.5
vertex -67.88919830322266 41.630043029785156 2.5
vertex -54.42216873168945 30.329893112182617 2.5
endloop
endfacet
facet normal 0 0 -1
outer loop
vertex 71.07166290283203 -21.884267807006836 2.5
vertex 51.370121002197266 -23.4323673248291 2.5
vertex 71.10260772705078 -21.86368751525879 2.5
endloop
endfacet
facet normal 0 0 -1
outer loop
vertex 71.10260772705078 -21.86368751525879 2.5
vertex 51.74287414550781 -22.98813247680664 2.5
vertex 71.75643920898438 -21.316295623779297 2.5
endloop
endfacet
facet normal 0 0 -1
outer loop
vertex -25.408689498901367 38.783843994140625 2.5
vertex -20.282785415649414 46.71323013305664 2.5
vertex -25.226337432861328 38.88912582397461 2.5
endloop
endfacet
facet normal 0 0 -1
outer loop
vertex -36.9958610534668 50.42390823364258 2.5
vertex -42.58176803588867 44.275089263916016 2.5
vertex -38.0547981262207 50.961585998535156 2.5
endloop
endfacet
facet normal 0 0 -1
outer loop
vertex -25.408689498901367 38.783843994140625 2.5
vertex -41.57479476928711 42.967933654785156 2.5
vertex -36.9958610534668 50.42390823364258 2.5
endloop
endfacet
facet normal 0 0 -1
outer loop
vertex 75.6353530883789 -16.79349708557129 2.5
vertex 71.75643920898438 -21.316295623779297 2.5
vertex 51.74287414550781 -22.98813247680664 2.5
endloop
endfacet
facet normal 0 0 -1
outer loop
vertex 51.74287414550781 -22.98813247680664 2.5
vertex 67.56452178955078 -13.48306655883789 2.5
vertex 74.01203918457031 -14.877077102661133 2.5
endloop
endfacet
facet normal 0 0 -1
outer loop
vertex 75.6353530883789 -16.79349708557129 2.5
vertex 51.74287414550781 -22.98813247680664 2.5
vertex 75.66452026367188 -16.741365432739258 2.5
endloop
endfacet
facet normal 0 0 -1
outer loop
vertex -46.53971862792969 -30.12285041809082 2.5
vertex -55.923301696777344 -30.831212997436523 2.5
vertex -46.70940017700195 -29.880521774291992 2.5
endloop
endfacet
facet normal 0 0 -1
outer loop
vertex -46.70940017700195 -29.880521774291992 2.5
vertex -55.923301696777344 -30.831212997436523 2.5
vertex -46.66083526611328 -29.605087280273438 2.5
endloop
endfacet
facet normal 0 0 -1
outer loop
vertex -49.38227081298828 -57.1782112121582 2.5
vertex -49.431007385253906 -57.143306732177734 2.5
vertex 20.600982666015625 -58.59443283081055 2.5
endloop
endfacet
facet normal 0 0 -1
outer loop
vertex -47.24760818481445 -58.13750457763672 2.5
vertex -49.38227081298828 -57.1782112121582 2.5
vertex 20.600982666015625 -58.59443283081055 2.5
endloop
endfacet
facet normal 0 0 -1
outer loop
vertex -53.60480880737305 -51.61943435668945 2.5
vertex -53.61552810668945 -51.564605712890625 2.5
vertex 20.600982666015625 -58.59443283081055 2.5
endloop
endfacet
facet normal 0 0 -1
outer loop
vertex -53.61552810668945 -51.564605712890625 2.5
vertex -53.74943923950195 -33.4220085144043 2.5
vertex -8.3096284866333 -48.97284698486328 2.5
endloop
endfacet
facet normal 0 0 -1
outer loop
vertex -53.74943923950195 -33.4220085144043 2.5
vertex -55.923301696777344 -30.831212997436523 2.5
vertex -8.3096284866333 -48.97284698486328 2.5
endloop
endfacet
facet normal 0 0 -1
outer loop
vertex -55.923301696777344 -30.831212997436523 2.5
vertex -31.074676513671875 -39.11069107055664 2.5
vertex -30.90367889404297 -39.354896545410156 2.5
endloop
endfacet
facet normal 0 0 -1
outer loop
vertex -30.744115829467773 -39.58393859863281 2.5
vertex -55.923301696777344 -30.831212997436523 2.5
vertex -30.90367889404297 -39.354896545410156 2.5
endloop
endfacet
facet normal 0 0 -1
outer loop
vertex -31.074676513671875 -39.11069107055664 2.5
vertex -55.923301696777344 -30.831212997436523 2.5
vertex -30.468481063842773 -35.672794342041016 2.5
endloop
endfacet
facet normal 0 0 -1
outer loop
vertex -30.468481063842773 -35.672794342041016 2.5
vertex -55.923301696777344 -30.831212997436523 2.5
vertex -30.2840518951416 -34.62678909301758 2.5
endloop
endfacet
facet normal 0 0 -1
outer loop
vertex -8.3096284866333 -48.97284698486328 2.5
vertex -55.923301696777344 -30.831212997436523 2.5
vertex -30.744115829467773 -39.58393859863281 2.5
endloop
endfacet
facet normal 0 0 -1
outer loop
vertex -53.61552810668945 -51.564605712890625 2.5
vertex -8.3096284866333 -48.97284698486328 2.5
vertex -7.921600341796875 -49.40379333496094 2.5
endloop
endfacet
facet normal 0 0 -1
outer loop
vertex -8.3096284866333 -48.97284698486328 2.5
vertex -30.744115829467773 -39.58393859863281 2.5
vertex -30.457422256469727 -39.635902404785156 2.5
endloop
endfacet
facet normal 0 1 0
outer loop
vertex -23.44514274597168 -64.04740142822266 0.800000011920929
vertex -23.44514274597168 -64.04740142822266 2.5
vertex 1.8776553869247437 -64.04740142822266 0
endloop
endfacet
facet normal 0 1 0
outer loop
vertex 1.8776553869247437 -64.04740142822266 1.350000023841858
vertex 1.8776553869247437 -64.04740142822266 0
vertex -23.44514274597168 -64.04740142822266 2.5
endloop
endfacet
facet normal -0.21674461374085927 -0.9762283403048313 0
outer loop
vertex -36.9958610534668 50.42390823364258 0
vertex -20.282785415649414 46.71323013305664 0
vertex -20.282785415649414 46.71323013305664 2.5
endloop
endfacet
facet normal -0.21674461374085927 -0.9762283403048313 0
outer loop
vertex -36.9958610534668 50.42390823364258 0
vertex -20.282785415649414 46.71323013305664 2.5
vertex -36.9958610534668 50.42390823364258 2.5
endloop
endfacet
facet normal 0 0 -1
outer loop
vertex -37.96290969848633 20.78777503967285 2.5
vertex -37.91124725341797 20.105005264282227 2.5
vertex -38.61690902709961 22.55863380432129 2.5
endloop
endfacet
facet normal 0 0 -1
outer loop
vertex -37.95400619506836 20.746931076049805 2.5
vertex -37.91124725341797 20.105005264282227 2.5
vertex -37.96290969848633 20.78777503967285 2.5
endloop
endfacet
facet normal 0 0 -1
outer loop
vertex -37.91124725341797 20.105005264282227 2.5
vertex -37.95400619506836 20.746931076049805 2.5
vertex -37.90858840942383 20.146726608276367 2.5
endloop
endfacet
facet normal 0 0 -1
outer loop
vertex -37.91124725341797 20.105005264282227 2.5
vertex -41.20305633544922 10.869658470153809 2.5
vertex -38.61690902709961 22.55863380432129 2.5
endloop
endfacet
facet normal 0 0 -1
outer loop
vertex -39.583351135253906 11.970097541809082 2.5
vertex -39.64836883544922 11.87264633178711 2.5
vertex -37.91124725341797 20.105005264282227 2.5
endloop
endfacet
facet normal 0.7878066178897026 0.6159226678806261 0
outer loop
vertex -75.02252197265625 36.927337646484375 0
vertex -75.06031799316406 36.97568130493164 0
vertex -75.06031799316406 36.97568130493164 2.5
endloop
endfacet
facet normal 0.8961969932964081 0.44365634133468446 0
outer loop
vertex -75.06031799316406 36.97568130493164 0
vertex -76.00460052490234 38.883155822753906 0
vertex -76.00460052490234 38.883155822753906 2.5
endloop
endfacet
facet normal 0.9674599591899522 0.2530241635974236 0
outer loop
vertex -76.00460052490234 38.883155822753906 0
vertex -76.02012634277344 38.94252014160156 0
vertex -76.02012634277344 38.94252014160156 2.5
endloop
endfacet
facet normal 0.7878066178897026 0.6159226678806261 0
outer loop
vertex -75.02252197265625 36.927337646484375 2.5
vertex -75.02252197265625 36.927337646484375 0
vertex -75.06031799316406 36.97568130493164 2.5
endloop
endfacet
facet normal -0.38859417619520736 0.921409011366379 0
outer loop
vertex 32.063209533691406 -57.40507888793945 0
vertex 30.380529403686523 -58.11473083496094 0
vertex 30.380529403686523 -58.11473083496094 2.5
endloop
endfacet
facet normal -0.5435448700574854 0.8393801130799987 0
outer loop
vertex 32.107521057128906 -57.37638473510742 0
vertex 32.063209533691406 -57.40507888793945 0
vertex 32.063209533691406 -57.40507888793945 2.5
endloop
endfacet
facet normal 0 1 0
outer loop
vertex 1.8776553869247437 -64.04740142822266 1.350000023841858
vertex -23.44514274597168 -64.04740142822266 2.5
vertex 9.877655029296875 -64.04740142822266 1.350000023841858
endloop
endfacet
facet normal 0 0 -1
outer loop
vertex -42.44514083862305 -64.04740142822266 2.5
vertex 17.99555206298828 -61.277950286865234 2.5
vertex -23.44514274597168 -64.04740142822266 2.5
endloop
endfacet
facet normal 0 0 -1
outer loop
vertex 20.600982666015625 -58.59443283081055 2.5
vertex -53.61552810668945 -51.564605712890625 2.5
vertex -7.921600341796875 -49.40379333496094 2.5
endloop
endfacet
facet normal 0.8961969932964081 0.44365634133468446 0
outer loop
vertex -75.06031799316406 36.97568130493164 2.5
vertex -75.06031799316406 36.97568130493164 0
vertex -76.00460052490234 38.883155822753906 2.5
endloop
endfacet
facet normal 0.9674599591899522 0.2530241635974236 0
outer loop
vertex -76.00460052490234 38.883155822753906 2.5
vertex -76.00460052490234 38.883155822753906 0
vertex -76.02012634277344 38.94252014160156 2.5
endloop
endfacet
facet normal 0.9986479401680435 0.05198357046340405 0
outer loop
vertex -76.02012634277344 38.94252014160156 2.5
vertex -76.02012634277344 38.94252014160156 0
vertex -76.28376007080078 44.007144927978516 2.5
endloop
endfacet
facet normal 0.9986479401680435 0.05198357046340405 0
outer loop
vertex -76.28376007080078 44.007144927978516 2.5
vertex -76.02012634277344 38.94252014160156 0
vertex -76.28376007080078 44.007144927978516 0
endloop
endfacet
facet normal 0.9906392884785675 -0.13650567798695254 0
outer loop
vertex -76.28376007080078 44.007144927978516 0
vertex -76.2760009765625 44.063453674316406 0
vertex -76.2760009765625 44.063453674316406 2.5
endloop
endfacet
facet normal 0.9473927661780143 -0.3200733456468539 0
outer loop
vertex -76.2760009765625 44.063453674316406 0
vertex -75.64586639404297 45.92860412597656 0
vertex -75.64586639404297 45.92860412597656 2.5
endloop
endfacet
facet normal 0.8704153116824305 -0.4923181747495998 0
outer loop
vertex -75.64586639404297 45.92860412597656 0
vertex -75.61788177490234 45.97808074951172 0
vertex -75.61788177490234 45.97808074951172 2.5
endloop
endfacet
facet normal 0.7625013762127835 -0.6469865928082369 0
outer loop
vertex -75.61788177490234 45.97808074951172 2.5
vertex -75.61788177490234 45.97808074951172 0
vertex -73.62071990966797 48.33182144165039 0
endloop
endfacet
facet normal 0 0 -1
outer loop
vertex -55.923301696777344 -30.831212997436523 2.5
vertex -57.03425979614258 -22.245601654052734 2.5
vertex -47.190677642822266 -23.981311798095703 2.5
endloop
endfacet
facet normal 0.9906392884785675 -0.13650567798695254 0
outer loop
vertex -76.28376007080078 44.007144927978516 2.5
vertex -76.28376007080078 44.007144927978516 0
vertex -76.2760009765625 44.063453674316406 2.5
endloop
endfacet
facet normal 0.9473927661780143 -0.3200733456468539 0
outer loop
vertex -76.2760009765625 44.063453674316406 2.5
vertex -76.2760009765625 44.063453674316406 0
vertex -75.64586639404297 45.92860412597656 2.5
endloop
endfacet
facet normal 0.8704153116824305 -0.4923181747495998 0
outer loop
vertex -75.64586639404297 45.92860412597656 2.5
vertex -75.64586639404297 45.92860412597656 0
vertex -75.61788177490234 45.97808074951172 2.5
endloop
endfacet
facet normal 0.7625013762127835 -0.6469865928082369 0
outer loop
vertex -75.61788177490234 45.97808074951172 2.5
vertex -73.62071990966797 48.33182144165039 0
vertex -73.62071990966797 48.33182144165039 2.5
endloop
endfacet
facet normal 0 0 -1
outer loop
vertex -46.66083526611328 -29.605087280273438 2.5
vertex -55.923301696777344 -30.831212997436523 2.5
vertex -46.04501724243164 -25.57846450805664 2.5
endloop
endfacet
facet normal 0 0 -1
outer loop
vertex -75.06031799316406 36.97568130493164 2.5
vertex -76.00460052490234 38.883155822753906 2.5
vertex -67.88919830322266 41.630043029785156 2.5
endloop
endfacet
facet normal 0 0 -1
outer loop
vertex -75.02252197265625 36.927337646484375 2.5
vertex -75.06031799316406 36.97568130493164 2.5
vertex -67.88919830322266 41.630043029785156 2.5
endloop
endfacet
facet normal 0 0 -1
outer loop
vertex -67.88919830322266 41.630043029785156 2.5
vertex -76.00460052490234 38.883155822753906 2.5
vertex -76.02012634277344 38.94252014160156 2.5
endloop
endfacet
facet normal 0 0 -1
outer loop
vertex -76.02012634277344 38.94252014160156 2.5
vertex -76.28376007080078 44.007144927978516 2.5
vertex -67.93974304199219 42.20773696899414 2.5
endloop
endfacet
facet normal 0 0 -1
outer loop
vertex -67.88919830322266 41.630043029785156 2.5
vertex -76.02012634277344 38.94252014160156 2.5
vertex -67.93974304199219 42.20773696899414 2.5
endloop
endfacet
facet normal -0.6817388650003852 0.7315955986390205 0
outer loop
vertex 35.76201629638672 -53.9709358215332 0
vertex 32.107521057128906 -57.37638473510742 0
vertex 32.107521057128906 -57.37638473510742 2.5
endloop
endfacet
facet normal -0.8151741999953437 0.5792158696565137 0
outer loop
vertex 35.797393798828125 -53.921146392822266 0
vertex 35.76201629638672 -53.9709358215332 0
vertex 35.76201629638672 -53.9709358215332 2.5
endloop
endfacet
facet normal -0.915176668949636 0.4030529302836644 0
outer loop
vertex 36.65123748779297 -51.982398986816406 0
vertex 35.797393798828125 -53.921146392822266 0
vertex 35.797393798828125 -53.921146392822266 2.5
endloop
endfacet
facet normal -0.9776284304035546 0.2103393735530326 0
outer loop
vertex 36.664085388183594 -51.92268371582031 0
vertex 36.65123748779297 -51.982398986816406 0
vertex 36.65123748779297 -51.982398986816406 2.5
endloop
endfacet
facet normal -0.22169449894942195 0.975116172122873 0
outer loop
vertex 30.380529403686523 -58.11473083496094 2.5
vertex 30.380529403686523 -58.11473083496094 0
vertex 30.329051971435547 -58.126434326171875 2.5
endloop
endfacet
facet normal -0.38859417619520736 0.921409011366379 0
outer loop
vertex 32.063209533691406 -57.40507888793945 2.5
vertex 32.063209533691406 -57.40507888793945 0
vertex 30.380529403686523 -58.11473083496094 2.5
endloop
endfacet
facet normal 0 0 -1
outer loop
vertex -67.93974304199219 42.20773696899414 2.5
vertex -76.28376007080078 44.007144927978516 2.5
vertex -76.2760009765625 44.063453674316406 2.5
endloop
endfacet
facet normal 0 0 -1
outer loop
vertex -67.93974304199219 42.20773696899414 2.5
vertex -76.2760009765625 44.063453674316406 2.5
vertex -75.64586639404297 45.92860412597656 2.5
endloop
endfacet
facet normal 0 0 -1
outer loop
vertex -75.64586639404297 45.92860412597656 2.5
vertex -75.61788177490234 45.97808074951172 2.5
vertex -67.93974304199219 42.20773696899414 2.5
endloop
endfacet
facet normal 0 0 -1
outer loop
vertex -67.93974304199219 42.20773696899414 2.5
vertex -75.61788177490234 45.97808074951172 2.5
vertex -71.8669662475586 46.843753814697266 2.5
endloop
endfacet
facet normal 0 0 -1
outer loop
vertex -71.8669662475586 46.843753814697266 2.5
vertex -75.61788177490234 45.97808074951172 2.5
vertex -73.62071990966797 48.33182144165039 2.5
endloop
endfacet
facet normal 0 0 -1
outer loop
vertex -55.923301696777344 -30.831212997436523 2.5
vertex -47.190677642822266 -23.981311798095703 2.5
vertex -47.09115982055664 -24.04391860961914 2.5
endloop
endfacet
facet normal 0 0 -1
outer loop
vertex -55.923301696777344 -30.831212997436523 2.5
vertex -47.09115982055664 -24.04391860961914 2.5
vertex -46.07242202758789 -25.464130401611328 2.5
endloop
endfacet
facet normal 0 0 -1
outer loop
vertex 17.99555206298828 -61.277950286865234 2.5
vertex -42.49717330932617 -64.04740142822266 2.5
vertex 18.045034408569336 -61.176231384277344 2.5
endloop
endfacet
facet normal 0 0 -1
outer loop
vertex -67.88919830322266 41.630043029785156 2.5
vertex -60.809776306152344 24.87196159362793 2.5
vertex -75.02252197265625 36.927337646484375 2.5
endloop
endfacet
facet normal 0 0 -1
outer loop
vertex -67.93974304199219 42.20773696899414 2.5
vertex -71.8669662475586 46.843753814697266 2.5
vertex -56.639591217041016 55.674766540527344 2.5
endloop
endfacet
facet normal 0 0 -1
outer loop
vertex 75.66452026367188 -16.741365432739258 2.5
vertex 51.74287414550781 -22.98813247680664 2.5
vertex 76.29947662353516 -14.770255088806152 2.5
endloop
endfacet
facet normal 0.6660320440414096 -0.7459231302956235 0
outer loop
vertex -61.32798385620117 62.81935501098633 0
vertex -61.25849533081055 62.88140106201172 0
vertex -61.25849533081055 62.88140106201172 2.5
endloop
endfacet
facet normal 0.43734789348018127 -0.8992923996501071 0
outer loop
vertex -61.25849533081055 62.88140106201172 0
vertex -59.31133270263672 63.82835388183594 0
vertex -59.31133270263672 63.82835388183594 2.5
endloop
endfacet
facet normal -0.5435448700574854 0.8393801130799987 0
outer loop
vertex 32.107521057128906 -57.37638473510742 2.5
vertex 32.107521057128906 -57.37638473510742 0
vertex 32.063209533691406 -57.40507888793945 2.5
endloop
endfacet
facet normal 0 0 -1
outer loop
vertex 74.01203918457031 -14.877077102661133 2.5
vertex 76.30622863769531 -14.710901260375977 2.5
vertex 51.74287414550781 -22.98813247680664 2.5
endloop
endfacet
facet normal 0.6130240291162683 -0.7900600869863035 0.0025687890631870777
outer loop
vertex -61.307796478271484 62.84314727783203 2.5
vertex -61.32798385620117 62.81935501098633 0
vertex -61.25849533081055 62.88140106201172 2.5
endloop
endfacet
facet normal 0.43734789348018127 -0.8992923996501071 0
outer loop
vertex -61.25849533081055 62.88140106201172 2.5
vertex -61.25849533081055 62.88140106201172 0
vertex -59.31133270263672 63.82835388183594 2.5
endloop
endfacet
facet normal 0 0 -1
outer loop
vertex 76.29947662353516 -14.770255088806152 2.5
vertex 51.74287414550781 -22.98813247680664 2.5
vertex 76.30622863769531 -14.710901260375977 2.5
endloop
endfacet
facet normal 0 0 -1
outer loop
vertex -71.8669662475586 46.843753814697266 2.5
vertex -59.5742301940918 61.3312873840332 2.5
vertex -54.10398483276367 64.03982543945312 2.5
endloop
endfacet
facet normal 0 0 -1
outer loop
vertex -56.639591217041016 55.674766540527344 2.5
vertex -71.8669662475586 46.843753814697266 2.5
vertex -52.1340217590332 63.33958053588867 2.5
endloop
endfacet
facet normal -0.6817388650003852 0.7315955986390205 0
outer loop
vertex 35.76201629638672 -53.9709358215332 2.5
vertex 35.76201629638672 -53.9709358215332 0
vertex 32.107521057128906 -57.37638473510742 2.5
endloop
endfacet
facet normal -0.8151741999953437 0.5792158696565137 0
outer loop
vertex 35.797393798828125 -53.921146392822266 2.5
vertex 35.797393798828125 -53.921146392822266 0
vertex 35.76201629638672 -53.9709358215332 2.5
endloop
endfacet
facet normal -0.915176668949636 0.4030529302836644 0
outer loop
vertex 36.65123748779297 -51.982398986816406 2.5
vertex 36.65123748779297 -51.982398986816406 0
vertex 35.797393798828125 -53.921146392822266 2.5
endloop
endfacet
facet normal -0.9776284304035546 0.2103393735530326 0
outer loop
vertex 36.664085388183594 -51.92268371582031 0
vertex 36.65123748779297 -51.982398986816406 2.5
vertex 36.664085388183594 -51.92268371582031 2.5
endloop
endfacet
facet normal 0 0 -1
outer loop
vertex 32.107521057128906 -57.37638473510742 2.5
vertex 10.14947509765625 -48.83036422729492 2.5
vertex 35.76201629638672 -53.9709358215332 2.5
endloop
endfacet
facet normal 0 0 -1
outer loop
vertex 35.797393798828125 -53.921146392822266 2.5
vertex 35.76201629638672 -53.9709358215332 2.5
vertex 10.14947509765625 -48.83036422729492 2.5
endloop
endfacet
facet normal 0 0 -1
outer loop
vertex 36.65123748779297 -51.982398986816406 2.5
vertex 35.797393798828125 -53.921146392822266 2.5
vertex 16.298702239990234 -47.80858612060547 2.5
endloop
endfacet
facet normal 0 0 -1
outer loop
vertex 36.664085388183594 -51.92268371582031 2.5
vertex 36.65123748779297 -51.982398986816406 2.5
vertex 16.298702239990234 -47.80858612060547 2.5
endloop
endfacet
facet normal -0.9999591297693093 0.00904095077996944 0
outer loop
vertex 36.740257263183594 -43.49782180786133 0
vertex 36.664085388183594 -51.92268371582031 0
vertex 36.664085388183594 -51.92268371582031 2.5
endloop
endfacet
facet normal -0.8658186961955185 0.5003578572564762 0
outer loop
vertex 37.978797912597656 -41.354652404785156 0
vertex 36.740257263183594 -43.49782180786133 0
vertex 36.740257263183594 -43.49782180786133 2.5
endloop
endfacet
facet normal -0.9999591297693093 0.00904095077996944 0
outer loop
vertex 36.740257263183594 -43.49782180786133 2.5
vertex 36.740257263183594 -43.49782180786133 0
vertex 36.664085388183594 -51.92268371582031 2.5
endloop
endfacet
facet normal -0.8658186961955185 0.5003578572564762 0
outer loop
vertex 37.978797912597656 -41.354652404785156 0
vertex 36.740257263183594 -43.49782180786133 2.5
vertex 37.978797912597656 -41.354652404785156 2.5
endloop
endfacet
facet normal 0 0 -1
outer loop
vertex 18.045034408569336 -61.176231384277344 2.5
vertex -42.49717330932617 -64.04740142822266 2.5
vertex 18.054290771484375 -61.060882568359375 2.5
endloop
endfacet
facet normal 0 0 -1
outer loop
vertex 35.797393798828125 -53.921146392822266 2.5
vertex 11.591841697692871 -47.561912536621094 2.5
vertex 16.298702239990234 -47.80858612060547 2.5
endloop
endfacet
facet normal -0.87269542686957 0.48826498125601725 0
outer loop
vertex 75.66452026367188 -16.741365432739258 0
vertex 75.6353530883789 -16.79349708557129 0
vertex 75.6353530883789 -16.79349708557129 2.5
endloop
endfacet
facet normal -0.9518335004751549 0.30661537367394587 0
outer loop
vertex 76.29947662353516 -14.770255088806152 0
vertex 75.66452026367188 -16.741365432739258 0
vertex 75.66452026367188 -16.741365432739258 2.5
endloop
endfacet
facet normal -0.9935916112454463 0.11302968664327907 0
outer loop
vertex 76.30622863769531 -14.710901260375977 0
vertex 76.29947662353516 -14.770255088806152 0
vertex 76.29947662353516 -14.770255088806152 2.5
endloop
endfacet
facet normal 0 0 -1
outer loop
vertex -55.923301696777344 -30.831212997436523 2.5
vertex -62.21315383911133 -21.332422256469727 2.5
vertex -57.03425979614258 -22.245601654052734 2.5
endloop
endfacet
facet normal 0 0 -1
outer loop
vertex -46.37678527832031 -30.355546951293945 2.5
vertex -31.328670501708984 -33.05530548095703 2.5
vertex -55.923301696777344 -30.831212997436523 2.5
endloop
endfacet
facet normal 0 0 -1
outer loop
vertex -46.04501724243164 -25.57846450805664 2.5
vertex -55.923301696777344 -30.831212997436523 2.5
vertex -46.07242202758789 -25.464130401611328 2.5
endloop
endfacet
facet normal 0 0 -1
outer loop
vertex -54.10398483276367 64.03982543945312 2.5
vertex -54.04751968383789 64.03118896484375 2.5
vertex -71.8669662475586 46.843753814697266 2.5
endloop
endfacet
facet normal 0 0 -1
outer loop
vertex -54.04751968383789 64.03118896484375 2.5
vertex -52.18326950073242 63.368526458740234 2.5
vertex -71.8669662475586 46.843753814697266 2.5
endloop
endfacet
facet normal -0.87269542686957 0.48826498125601725 0
outer loop
vertex 75.66452026367188 -16.741365432739258 2.5
vertex 75.66452026367188 -16.741365432739258 0
vertex 75.6353530883789 -16.79349708557129 2.5
endloop
endfacet
facet normal -0.9518335004751549 0.30661537367394587 0
outer loop
vertex 76.29947662353516 -14.770255088806152 2.5
vertex 76.29947662353516 -14.770255088806152 0
vertex 75.66452026367188 -16.741365432739258 2.5
endloop
endfacet
facet normal -0.9935916112454463 0.11302968664327907 0
outer loop
vertex 76.30622863769531 -14.710901260375977 0
vertex 76.29947662353516 -14.770255088806152 2.5
vertex 76.30622863769531 -14.710901260375977 2.5
endloop
endfacet
facet normal 0 0 -1
outer loop
vertex -61.10630798339844 20.16395378112793 2.5
vertex -64.32719421386719 17.030906677246094 2.5
vertex -63.10454177856445 18.861469268798828 2.5
endloop
endfacet
facet normal 0 0 -1
outer loop
vertex -63.14830017089844 18.817951202392578 2.5
vertex -63.10454177856445 18.861469268798828 2.5
vertex -64.32719421386719 17.030906677246094 2.5
endloop
endfacet
facet normal 0 0 -1
outer loop
vertex -44.66435623168945 35.6246337890625 2.5
vertex -53.84447479248047 30.380435943603516 2.5
vertex -48.971492767333984 36.18788146972656 2.5
endloop
endfacet
facet normal 0 0 -1
outer loop
vertex -61.10630798339844 20.16395378112793 2.5
vertex -64.34998321533203 16.973552703857422 2.5
vertex -64.32719421386719 17.030906677246094 2.5
endloop
endfacet
facet normal 0.6468550436735022 0.7626129768592661 0
outer loop
vertex -60.809776306152344 24.87196159362793 2.5
vertex -60.809776306152344 24.87196159362793 0
vertex -75.02252197265625 36.927337646484375 2.5
endloop
endfacet
facet normal 0.9980223563695906 -0.06285997284830831 0
outer loop
vertex -61.10630798339844 20.16395378112793 2.5
vertex -61.10630798339844 20.16395378112793 0
vertex -60.809776306152344 24.87196159362793 2.5
endloop
endfacet
facet normal 0.5460585017525056 -0.8377470457505707 0
outer loop
vertex -63.10454177856445 18.861469268798828 2.5
vertex -63.10454177856445 18.861469268798828 0
vertex -61.10630798339844 20.16395378112793 2.5
endloop
endfacet
facet normal 0.7051570066481637 -0.7090511941848778 0
outer loop
vertex -63.14830017089844 18.817951202392578 2.5
vertex -63.14830017089844 18.817951202392578 0
vertex -63.10454177856445 18.861469268798828 2.5
endloop
endfacet
facet normal 0.8347286435466909 -0.5506615036868853 0
outer loop
vertex -64.32719421386719 17.030906677246094 2.5
vertex -64.32719421386719 17.030906677246094 0
vertex -63.14830017089844 18.817951202392578 2.5
endloop
endfacet
facet normal 0 0 -1
outer loop
vertex -48.971492767333984 36.18788146972656 2.5
vertex -47.99102783203125 37.356353759765625 2.5
vertex -47.78409194946289 37.397518157958984 2.5
endloop
endfacet
facet normal 0.9293268085214643 -0.36925828760274215 0
outer loop
vertex -64.34998321533203 16.973552703857422 2.5
vertex -64.34998321533203 16.973552703857422 0
vertex -64.32719421386719 17.030906677246094 2.5
endloop
endfacet
facet normal 0.9980223563695906 -0.06285997284830831 0
outer loop
vertex -61.10630798339844 20.16395378112793 0
vertex -60.809776306152344 24.87196159362793 0
vertex -60.809776306152344 24.87196159362793 2.5
endloop
endfacet
facet normal 0.5460585017525056 -0.8377470457505707 0
outer loop
vertex -61.10630798339844 20.16395378112793 0
vertex -61.10630798339844 20.16395378112793 2.5
vertex -63.10454177856445 18.861469268798828 0
endloop
endfacet
facet normal 0.7051570066481637 -0.7090511941848778 0
outer loop
vertex -63.14830017089844 18.817951202392578 0
vertex -63.10454177856445 18.861469268798828 0
vertex -63.10454177856445 18.861469268798828 2.5
endloop
endfacet
facet normal 0.8347286435466909 -0.5506615036868853 0
outer loop
vertex -64.32719421386719 17.030906677246094 0
vertex -63.14830017089844 18.817951202392578 0
vertex -63.14830017089844 18.817951202392578 2.5
endloop
endfacet
facet normal 0.9293268085214643 -0.36925828760274215 0
outer loop
vertex -64.34998321533203 16.973552703857422 0
vertex -64.32719421386719 17.030906677246094 0
vertex -64.32719421386719 17.030906677246094 2.5
endloop
endfacet
facet normal 0 0 -1
outer loop
vertex 51.22655487060547 -17.087129592895508 2.5
vertex 67.26155853271484 -13.509571075439453 2.5
vertex 67.56452178955078 -13.48306655883789 2.5
endloop
endfacet
facet normal 0.6468550436735022 0.7626129768592661 0
outer loop
vertex -60.809776306152344 24.87196159362793 0
vertex -75.02252197265625 36.927337646484375 0
vertex -75.02252197265625 36.927337646484375 2.5
endloop
endfacet
facet normal 0 0 -1
outer loop
vertex -56.7395133972168 12.905499458312988 2.5
vertex -65.53105163574219 -3.1272339820861816 2.5
vertex -61.10630798339844 20.16395378112793 2.5
endloop
endfacet
facet normal 0 0 -1
outer loop
vertex -61.10630798339844 20.16395378112793 2.5
vertex -67.7966537475586 -2.7309391498565674 2.5
vertex -64.34998321533203 16.973552703857422 2.5
endloop
endfacet
facet normal 0 0 -1
outer loop
vertex -17.308618545532227 48.18891525268555 2.5
vertex -12.720311164855957 53.50063705444336 2.5
vertex -25.226337432861328 38.88912582397461 2.5
endloop
endfacet
facet normal 1 0 0
outer loop
vertex 9.877655029296875 -64.04740142822266 -0.44999998807907104
vertex 9.877655029296875 -63.747398376464844 -0.44999998807907104
vertex 9.877655029296875 -64.04740142822266 0
endloop
endfacet
facet normal -1 0 0
outer loop
vertex 1.8776553869247437 -64.04740142822266 -0.44999998807907104
vertex 1.8776553869247437 -64.04740142822266 0
vertex 1.8776553869247437 -63.747398376464844 -0.44999998807907104
endloop
endfacet
facet normal 0 0 -1
outer loop
vertex 1.8776553869247437 -64.54740142822266 -0.44999998807907104
vertex 1.8776553869247437 -64.04740142822266 -0.44999998807907104
vertex 9.877655029296875 -63.747398376464844 -0.44999998807907104
endloop
endfacet
facet normal 0 0 -1
outer loop
vertex 9.877655029296875 -63.747398376464844 -0.44999998807907104
vertex 1.8776553869247437 -64.04740142822266 -0.44999998807907104
vertex 1.8776553869247437 -63.747398376464844 -0.44999998807907104
endloop
endfacet
facet normal 0 0 1
outer loop
vertex 9.877655029296875 -63.747398376464844 1.350000023841858
vertex 1.8776553869247437 -63.747398376464844 1.350000023841858
vertex 9.877655029296875 -64.04740142822266 1.350000023841858
endloop
endfacet
facet normal 1 0 0
outer loop
vertex 9.877655029296875 -64.04740142822266 1.350000023841858
vertex 9.877655029296875 -64.04740142822266 0
vertex 9.877655029296875 -63.747398376464844 1.350000023841858
endloop
endfacet
facet normal 0 0 1
outer loop
vertex 1.8776553869247437 -63.747398376464844 1.350000023841858
vertex 1.8776553869247437 -64.04740142822266 1.350000023841858
vertex 9.877655029296875 -64.04740142822266 1.350000023841858
endloop
endfacet
facet normal 0 1 0
outer loop
vertex 9.877655029296875 -63.747398376464844 1.350000023841858
vertex 1.8776553869247437 -63.747398376464844 -0.44999998807907104
vertex 1.8776553869247437 -63.747398376464844 1.350000023841858
endloop
endfacet
facet normal -1 0 0
outer loop
vertex 1.8776553869247437 -63.747398376464844 -0.44999998807907104
vertex 1.8776553869247437 -64.04740142822266 1.350000023841858
vertex 1.8776553869247437 -63.747398376464844 1.350000023841858
endloop
endfacet
facet normal 0 0 -1
outer loop
vertex 9.877655029296875 -64.54740142822266 -0.44999998807907104
vertex 1.8776553869247437 -64.54740142822266 -0.44999998807907104
vertex 9.877655029296875 -64.04740142822266 -0.44999998807907104
endloop
endfacet
facet normal 1 0 0
outer loop
vertex 9.877655029296875 -64.04740142822266 0
vertex 9.877655029296875 -63.747398376464844 -0.44999998807907104
vertex 9.877655029296875 -63.747398376464844 1.350000023841858
endloop
endfacet
facet normal 0 0 -1
outer loop
vertex 9.877655029296875 -64.04740142822266 -0.44999998807907104
vertex 1.8776553869247437 -64.54740142822266 -0.44999998807907104
vertex 9.877655029296875 -63.747398376464844 -0.44999998807907104
endloop
endfacet
facet normal 0 1 0
outer loop
vertex 9.877655029296875 -63.747398376464844 -0.44999998807907104
vertex 1.8776553869247437 -63.747398376464844 -0.44999998807907104
vertex 9.877655029296875 -63.747398376464844 1.350000023841858
endloop
endfacet
facet normal -1 0 0
outer loop
vertex 1.8776553869247437 -63.747398376464844 -0.44999998807907104
vertex 1.8776553869247437 -64.04740142822266 0
vertex 1.8776553869247437 -64.04740142822266 1.350000023841858
endloop
endfacet
facet normal 1 0 0
outer loop
vertex -42.44514083862305 -64.04740142822266 0.800000011920929
vertex -42.44514083862305 -65.24739837646484 2.5
vertex -42.44514083862305 -65.24739837646484 0.800000011920929
endloop
endfacet
facet normal 0 0 1
outer loop
vertex -42.44514083862305 -64.04740142822266 0.800000011920929
vertex -42.44514083862305 -65.24739837646484 0.800000011920929
vertex -23.44514274597168 -64.04740142822266 0.800000011920929
endloop
endfacet
facet normal 0 1 0
outer loop
vertex -23.44514274597168 -65.24739837646484 0.800000011920929
vertex -42.44514083862305 -65.24739837646484 0.800000011920929
vertex -42.44514083862305 -65.24739837646484 2.5
endloop
endfacet
facet normal 0 0 1
outer loop
vertex -23.44514274597168 -65.24739837646484 0.800000011920929
vertex -23.44514274597168 -64.04740142822266 0.800000011920929
vertex -42.44514083862305 -65.24739837646484 0.800000011920929
endloop
endfacet
facet normal 0 1 0
outer loop
vertex -23.44514274597168 -65.24739837646484 0.800000011920929
vertex -42.44514083862305 -65.24739837646484 2.5
vertex -23.44514274597168 -65.24739837646484 2.5
endloop
endfacet
facet normal -1 0 0
outer loop
vertex -23.44514274597168 -64.04740142822266 2.5
vertex -23.44514274597168 -64.04740142822266 0.800000011920929
vertex -23.44514274597168 -65.24739837646484 0.800000011920929
endloop
endfacet
facet normal -1 0 0
outer loop
vertex -23.44514274597168 -65.24739837646484 0.800000011920929
vertex -23.44514274597168 -65.24739837646484 2.5
vertex -23.44514274597168 -64.04740142822266 2.5
endloop
endfacet
facet normal 0 0 -1
outer loop
vertex -42.44514083862305 -64.04740142822266 2.5
vertex -23.44514274597168 -65.24739837646484 2.5
vertex -42.44514083862305 -65.24739837646484 2.5
endloop
endfacet
facet normal 0 0 -1
outer loop
vertex -23.44514274597168 -64.04740142822266 2.5
vertex -23.44514274597168 -65.24739837646484 2.5
vertex -42.44514083862305 -64.04740142822266 2.5
endloop
endfacet
facet normal 1 0 0
outer loop
vertex -42.44514083862305 -64.04740142822266 0.800000011920929
vertex -42.44514083862305 -64.04740142822266 2.5
vertex -42.44514083862305 -65.24739837646484 2.5
endloop
endfacet
facet normal -0.5070972275072181 0.8618888570195652 0
outer loop
vertex 71.68018341064453 -22.918535232543945 0.800000011920929
vertex 55.30429458618164 -32.553382873535156 0.800000011920929
vertex 55.30429458618164 -32.553382873535156 2.5
endloop
endfacet
facet normal 0 0 -1
outer loop
vertex 71.07166290283203 -21.884267807006836 2.5
vertex 71.68018341064453 -22.918535232543945 2.5
vertex 54.695777893066406 -31.51911735534668 2.5
endloop
endfacet
facet normal 0 0 1
outer loop
vertex 55.30429458618164 -32.553382873535156 0.800000011920929
vertex 71.68018341064453 -22.918535232543945 0.800000011920929
vertex 54.695777893066406 -31.51911735534668 0.800000011920929
endloop
endfacet
facet normal 0 0 1
outer loop
vertex 71.68018341064453 -22.918535232543945 0.800000011920929
vertex 71.07166290283203 -21.884267807006836 0.800000011920929
vertex 54.695777893066406 -31.51911735534668 0.800000011920929
endloop
endfacet
facet normal 0.8618886117842112 0.5070976443217671 0
outer loop
vertex 54.695777893066406 -31.51911735534668 2.5
vertex 55.30429458618164 -32.553382873535156 2.5
vertex 54.695777893066406 -31.51911735534668 0.800000011920929
endloop
endfacet
facet normal 0.8618886117842112 0.5070976443217671 0
outer loop
vertex 55.30429458618164 -32.553382873535156 0.800000011920929
vertex 54.695777893066406 -31.51911735534668 0.800000011920929
vertex 55.30429458618164 -32.553382873535156 2.5
endloop
endfacet
facet normal -0.5070972275072181 0.8618888570195652 0
outer loop
vertex 71.68018341064453 -22.918535232543945 0.800000011920929
vertex 55.30429458618164 -32.553382873535156 2.5
vertex 71.68018341064453 -22.918535232543945 2.5
endloop
endfacet
facet normal -0.8618876311288438 -0.5070993110891692 0
outer loop
vertex 71.07166290283203 -21.884267807006836 0.800000011920929
vertex 71.68018341064453 -22.918535232543945 0.800000011920929
vertex 71.07166290283203 -21.884267807006836 2.5
endloop
endfacet
facet normal 0 0 -1
outer loop
vertex 54.695777893066406 -31.51911735534668 2.5
vertex 71.68018341064453 -22.918535232543945 2.5
vertex 55.30429458618164 -32.553382873535156 2.5
endloop
endfacet
facet normal -0.8618876311288438 -0.5070993110891692 0
outer loop
vertex 71.68018341064453 -22.918535232543945 2.5
vertex 71.07166290283203 -21.884267807006836 2.5
vertex 71.68018341064453 -22.918535232543945 0.800000011920929
endloop
endfacet
facet normal -0.9995553172013802 -0.0236871237610344 0.0181132002246311
outer loop
vertex 45.195472717285156 54.128971099853516 0.800000011920929
vertex 45.226280212402344 54.12891387939453 2.5
vertex 45.19784164428711 55.32897186279297 2.5
endloop
endfacet
facet normal 0 0 -1
outer loop
vertex 26.19550895690918 54.166465759277344 2.5
vertex 26.197877883911133 55.3664665222168 2.5
vertex 45.226280212402344 54.12891387939453 2.5
endloop
endfacet
facet normal 0 0 -1
outer loop
vertex 45.226280212402344 54.12891387939453 2.5
vertex 26.197877883911133 55.3664665222168 2.5
vertex 45.19784164428711 55.32897186279297 2.5
endloop
endfacet
facet normal 0.9999980514612491 -0.001974100733239775 0
outer loop
vertex 26.19550895690918 54.166465759277344 2.5
vertex 26.19550895690918 54.166465759277344 0.800000011920929
vertex 26.197877883911133 55.3664665222168 0.800000011920929
endloop
endfacet
facet normal 0.9999980514612491 -0.001974100733239775 0
outer loop
vertex 26.19550895690918 54.166465759277344 2.5
vertex 26.197877883911133 55.3664665222168 0.800000011920929
vertex 26.197877883911133 55.3664665222168 2.5
endloop
endfacet
facet normal 0 0 1
outer loop
vertex 26.197877883911133 55.3664665222168 0.800000011920929
vertex 26.19550895690918 54.166465759277344 0.800000011920929
vertex 45.19784164428711 55.32897186279297 0.800000011920929
endloop
endfacet
facet normal 0 0 1
outer loop
vertex 45.195472717285156 54.128971099853516 0.800000011920929
vertex 45.19784164428711 55.32897186279297 0.800000011920929
vertex 26.19550895690918 54.166465759277344 0.800000011920929
endloop
endfacet
facet normal -0.0019734030490025345 -0.9999980528383072 0
outer loop
vertex 26.197877883911133 55.3664665222168 0.800000011920929
vertex 45.19784164428711 55.32897186279297 0.800000011920929
vertex 45.19784164428711 55.32897186279297 2.5
endloop
endfacet
facet normal -0.0019734030490025345 -0.9999980528383072 0
outer loop
vertex 26.197877883911133 55.3664665222168 0.800000011920929
vertex 45.19784164428711 55.32897186279297 2.5
vertex 26.197877883911133 55.3664665222168 2.5
endloop
endfacet
facet normal -0.9999980514612491 0.001974100733239775 0
outer loop
vertex 45.195472717285156 54.128971099853516 0.800000011920929
vertex 45.19784164428711 55.32897186279297 2.5
vertex 45.19784164428711 55.32897186279297 0.800000011920929
endloop
endfacet
facet normal -0.001973403148054122 -0.9999980528381118 0
outer loop
vertex -10.782792091369629 55.4394416809082 0.800000011920929
vertex 8.217170715332031 55.401947021484375 2.5
vertex -10.782792091369629 55.4394416809082 2.5
endloop
endfacet
facet normal 0 0 -1
outer loop
vertex -10.813108444213867 54.239498138427734 2.5
vertex -10.782792091369629 55.4394416809082 2.5
vertex 8.214802742004395 54.20195007324219 2.5
endloop
endfacet
facet normal 0 0 -1
outer loop
vertex 8.214802742004395 54.20195007324219 2.5
vertex -10.782792091369629 55.4394416809082 2.5
vertex 8.217170715332031 55.401947021484375 2.5
endloop
endfacet
facet normal -0.9999980530174218 0.0019733122827542333 0
outer loop
vertex 8.214802742004395 54.20195007324219 2.5
vertex 8.217170715332031 55.401947021484375 2.5
vertex 8.214802742004395 54.20195007324219 0.800000011920929
endloop
endfacet
facet normal -0.9999980530174218 0.0019733122827542333 0
outer loop
vertex 8.217170715332031 55.401947021484375 0.800000011920929
vertex 8.214802742004395 54.20195007324219 0.800000011920929
vertex 8.217170715332031 55.401947021484375 2.5
endloop
endfacet
facet normal -0.001973403148054122 -0.9999980528381118 0
outer loop
vertex -10.782792091369629 55.4394416809082 0.800000011920929
vertex 8.217170715332031 55.401947021484375 0.800000011920929
vertex 8.217170715332031 55.401947021484375 2.5
endloop
endfacet
facet normal 0 0 1
outer loop
vertex -10.785160064697266 54.239444732666016 0.800000011920929
vertex 8.214802742004395 54.20195007324219 0.800000011920929
vertex 8.217170715332031 55.401947021484375 0.800000011920929
endloop
endfacet
facet normal 0.9998629397039397 -0.001973045661474068 0.016438032041996283
outer loop
vertex -10.785160064697266 54.239444732666016 0.800000011920929
vertex -10.782792091369629 55.4394416809082 0.800000011920929
vertex -10.813108444213867 54.239498138427734 2.5
endloop
endfacet
facet normal 0 0 1
outer loop
vertex -10.782792091369629 55.4394416809082 0.800000011920929
vertex -10.785160064697266 54.239444732666016 0.800000011920929
vertex 8.217170715332031 55.401947021484375 0.800000011920929
endloop
endfacet
facet normal 0.9996809972446346 -0.02525675648164225 0
outer loop
vertex -10.782792091369629 55.4394416809082 2.5
vertex -10.813108444213867 54.239498138427734 2.5
vertex -10.782792091369629 55.4394416809082 0.800000011920929
endloop
endfacet
facet normal 0.7047713340818014 -0.5529023042567481 0.4445181757860259
outer loop
vertex -9.535490989685059 45.892242431640625 7.199999809265137
vertex -9.621530532836914 45.782569885253906 7.199999809265137
vertex -9.186641693115234 45.53293991088867 6.199999809265137
endloop
endfacet
facet normal 0.8062242206425002 -0.3872241154177926 0.4472806618760765
outer loop
vertex -9.661880493164062 45.69855880737305 7.199999809265137
vertex -9.186641693115234 45.53293991088867 6.199999809265137
vertex -9.621530532836914 45.782569885253906 7.199999809265137
endloop
endfacet
facet normal 0.8958195614792633 0.07838313475596599 0.43745102292362764
outer loop
vertex -47.17924499511719 -30.051530838012695 7.199999809265137
vertex -46.70481872558594 -29.89268684387207 6.199999809265137
vertex -47.201805114746094 -29.793697357177734 7.199999809265137
endloop
endfacet
facet normal 0.797241711910468 0.4097282226816281 0.4433152786992801
outer loop
vertex -47.11110305786133 -30.184120178222656 7.199999809265137
vertex -46.70481872558594 -29.89268684387207 6.199999809265137
vertex -47.17924499511719 -30.051530838012695 7.199999809265137
endloop
endfacet
facet normal -0.8655586212010862 0.24120085012081321 0.43889682519411294
outer loop
vertex 10.065155029296875 -49.935829162597656 6.199999809265137
vertex 10.123395919799805 -49.96555709838867 6.33119535446167
vertex 10.571981430053711 -49.93669509887695 7.199999809265137
endloop
endfacet
facet normal -0.8112940564658898 0.37818339481971375 0.44584669318697234
outer loop
vertex 10.123395919799805 -49.96555709838867 6.33119535446167
vertex 10.065155029296875 -49.935829162597656 6.199999809265137
vertex 10.49959945678711 -50.18275833129883 7.199999809265137
endloop
endfacet
endsolid auto-kdk-case
