solid auto-kdk-case
facet normal 0 -1 0
outer loop
vertex -38.867034912109375 -63.747398376464844 -11.449999809265137
vertex -42.44514083862305 -63.747398376464844 -16.52937126159668
vertex -26.867033004760742 -63.747398376464844 -11.449999809265137
endloop
endfacet
facet normal -0.9986479647139034 -0.05198309891472833 0
outer loop
vertex -75.9826889038086 43.99435806274414 -1
vertex -75.72212982177734 38.98875427246094 -7.627626419067383
vertex -75.72212982177734 38.98875427246094 -1
endloop
endfacet
facet normal -0.9473919316698011 0.3200758157170937 0
outer loop
vertex -75.37074279785156 45.80565643310547 -1
vertex -75.9826889038086 43.99435806274414 -7.255223751068115
vertex -75.9826889038086 43.99435806274414 -1
endloop
endfacet
facet normal -0.7625020206763459 0.646985833279593 0
outer loop
vertex -75.37074279785156 45.80565643310547 -7.163612365722656
vertex -75.37074279785156 45.80565643310547 -1
vertex -73.87721252441406 47.56584930419922 -1
endloop
endfacet
facet normal 0.2167447961211353 0.9762282998122968 0
outer loop
vertex -20.244365692138672 46.39739227294922 -7.391857147216797
vertex -20.50135040283203 46.45444869995117 -7.296016216278076
vertex -20.244365692138672 46.39739227294922 -1
endloop
endfacet
facet normal 0.216745577279574 0.9762281263770962 -9.208435552455638e-8
outer loop
vertex -20.92817497253418 46.54921340942383 -7.229325294494629
vertex -20.97722816467285 46.56010437011719 -7.232532978057861
vertex -20.244365692138672 46.39739227294922 -1
endloop
endfacet
facet normal -0.4444697386172371 0.8957938666082922 7.001468075738809e-7
outer loop
vertex -20.06117057800293 46.48828887939453 -7.303380489349365
vertex -20.244365692138672 46.39739227294922 -7.391857147216797
vertex -19.115732192993164 46.9573860168457 -1
endloop
endfacet
facet normal -0.929122900402154 -0.3697710559635701 0.000046042103528058234
outer loop
vertex -53.31574249267578 -51.53445816040039 -15.559432029724121
vertex -52.676918029785156 -53.1396484375 -15.699868202209473
vertex -52.62112045288086 -53.27984619140625 -15.662185668945312
endloop
endfacet
facet normal 0.4527266683128537 0.8916493502459654 0.0000020714960008903907
outer loop
vertex -38.076324462890625 50.63606262207031 -6.864351749420166
vertex -38.22441482543945 50.71125411987305 -6.861317157745361
vertex -37.09788513183594 50.13925552368164 -1
endloop
endfacet
facet normal -0.4373477237883714 0.8992924821550193 0.000006049362571388603
outer loop
vertex -59.208187103271484 63.544921875 -5.725584983825684
vertex -60.9918212890625 62.67749786376953 -5.8014750480651855
vertex -61.09923553466797 62.62525939941406 -5.7547831535339355
endloop
endfacet
facet normal 0.4527395304299446 0.891642819511086 -6.2774806981569e-7
outer loop
vertex -37.40103530883789 50.29317855834961 -6.894349575042725
vertex -38.076324462890625 50.63606262207031 -6.864351749420166
vertex -37.09788513183594 50.13925552368164 -1
endloop
endfacet
facet normal 0.21675482238486848 0.9762260737006075 0
outer loop
vertex -36.89133834838867 50.0933952331543 -6.923409938812256
vertex -37.09788513183594 50.13925552368164 -6.936916351318359
vertex -37.09788513183594 50.13925552368164 -1
endloop
endfacet
facet normal 0.4527249583180256 0.891650218480286 0
outer loop
vertex -37.09788513183594 50.13925552368164 -6.936916351318359
vertex -37.24848556518555 50.215721130371094 -6.897475719451904
vertex -37.09788513183594 50.13925552368164 -1
endloop
endfacet
facet normal 0.45273462732143843 0.8916453090910206 -3.1056601498961893e-7
outer loop
vertex -37.24848556518555 50.215721130371094 -6.897475719451904
vertex -37.40103530883789 50.29317855834961 -6.894349575042725
vertex -37.09788513183594 50.13925552368164 -1
endloop
endfacet
facet normal -0.7315968942625036 -0.681737473442805 -0.00004011582687892315
outer loop
vertex -52.62112045288086 -53.27984619140625 -15.662185668945312
vertex -49.30647277832031 -56.83689498901367 -15.973386764526367
vertex -49.23196029663086 -56.9168586730957 -15.944974899291992
endloop
endfacet
facet normal 0.6744110370147627 0.7383561154027727 0
outer loop
vertex 70.40447998046875 42.736454010009766 -1
vertex 66.742919921875 46.08090591430664 -7.220484256744385
vertex 66.742919921875 46.08090591430664 -1
endloop
endfacet
facet normal 0.8969520757607539 0.44212777992709057 0.000002284103010284026
outer loop
vertex 70.40447998046875 42.736454010009766 -7.455077171325684
vertex 70.80023956298828 41.933536529541016 -1
vertex 70.8819351196289 41.767799377441406 -1
endloop
endfacet
facet normal 0.2167446745964153 0.9762283267935292 1.9291355148257673e-8
outer loop
vertex -20.244365692138672 46.39739227294922 -1
vertex -20.97722816467285 46.56010437011719 -7.232532978057861
vertex -36.89133834838867 50.0933952331543 -6.923409938812256
endloop
endfacet
facet normal -0.4444679526299325 0.8957947527660007 0.0000013622121225656433
outer loop
vertex -19.668615341186523 46.68306350708008 -7.205782413482666
vertex -20.06117057800293 46.48828887939453 -7.303380489349365
vertex -17.080358505249023 47.9672737121582 -1
endloop
endfacet
facet normal -0.44445712137144894 0.8958001268385685 -0.0000042672984400898965
outer loop
vertex -19.533382415771484 46.750160217285156 -7.204665184020996
vertex -19.668615341186523 46.68306350708008 -7.205782413482666
vertex -17.080358505249023 47.9672737121582 -1
endloop
endfacet
facet normal -0.4444659801725842 0.8957957314417248 9.724775444354984e-8
outer loop
vertex -17.636293411254883 47.691436767578125 -7.122313976287842
vertex -19.533382415771484 46.750160217285156 -7.204665184020996
vertex -17.080358505249023 47.9672737121582 -1
endloop
endfacet
facet normal 0.8969537418234544 0.44212439994436986 0.0000016536680811567308
outer loop
vertex 71.23796844482422 41.045501708984375 -1
vertex 70.40447998046875 42.736454010009766 -7.455077171325684
vertex 70.8819351196289 41.767799377441406 -1
endloop
endfacet
facet normal 0.8969593579114837 0.4421130062043177 0
outer loop
vertex 70.40447998046875 42.736454010009766 -7.455077171325684
vertex 70.40447998046875 42.736454010009766 -1
vertex 70.80023956298828 41.933536529541016 -1
endloop
endfacet
facet normal 0.9963648217442702 0.0851888607184564 0
outer loop
vertex 71.23796844482422 41.045501708984375 -7.537346363067627
vertex 71.23796844482422 41.045501708984375 -1
vertex 72.92044830322266 21.367298126220703 -1
endloop
endfacet
facet normal 0.3302458105583283 0.9438934856587984 -0.0016710294900020347
outer loop
vertex 66.742919921875 46.08090591430664 -1
vertex 64.78544616699219 46.75477600097656 -7.215283393859863
vertex 64.81183624267578 46.75654602050781 -1
endloop
endfacet
facet normal -0.6751561054878353 0.7376748824206935 -0.00003268202644365658
outer loop
vertex -16.1776065826416 49.92966079711914 -6.821162223815918
vertex -12.538381576538086 53.260467529296875 -6.592216491699219
vertex -16.063690185546875 50.03392028808594 -6.874502658843994
endloop
endfacet
facet normal -0.3612443594745485 0.9324711860108768 0.0000027003747065769035
outer loop
vertex -12.442631721496582 53.29756164550781 -6.629056930541992
vertex -12.538381576538086 53.260467529296875 -6.592216491699219
vertex -10.785752296447754 53.93944549560547 -6.572899341583252
endloop
endfacet
facet normal -0.06698858635115397 0.9977537418114122 -4.77684141662827e-9
outer loop
vertex 64.81183624267578 46.75654602050781 -1
vertex 54.57012939453125 46.06892395019531 -7.285800457000732
vertex 53.94064712524414 46.02666091918945 -1
endloop
endfacet
facet normal -0.4444660717569141 0.8957956860004217 1.0761137124841635e-7
outer loop
vertex -17.387853622436523 47.81470489501953 -7.1202616691589355
vertex -17.636293411254883 47.691436767578125 -7.122313976287842
vertex -17.080358505249023 47.9672737121582 -1
endloop
endfacet
facet normal -0.4444643530236395 0.8957965387805858 0
outer loop
vertex -17.080358505249023 47.9672737121582 -7.189903259277344
vertex -17.387853622436523 47.81470489501953 -7.1202616691589355
vertex -17.080358505249023 47.9672737121582 -1
endloop
endfacet
facet normal -0.9084830701075971 0.4179216569261214 0
outer loop
vertex -17.03444480895996 48.067081451416016 -7.128879070281982
vertex -17.080358505249023 47.9672737121582 -7.189903259277344
vertex -17.080358505249023 47.9672737121582 -1
endloop
endfacet
facet normal -0.9084816991052643 0.4179246372139063 6.608661884341531e-7
outer loop
vertex -16.855268478393555 48.456573486328125 -6.9777984619140625
vertex -17.03444480895996 48.067081451416016 -7.128879070281982
vertex -16.1776065826416 49.92966079711914 -1
endloop
endfacet
facet normal -0.9084787375985637 0.41793107485532743 -0.0000012612642090773834
outer loop
vertex -16.71693229675293 48.75728225708008 -6.930133819580078
vertex -16.855268478393555 48.456573486328125 -6.9777984619140625
vertex -16.1776065826416 49.92966079711914 -1
endloop
endfacet
facet normal -0.7624999757389953 0.6469882418545191 -0.000043589333706832674
outer loop
vertex -75.26429748535156 45.93110275268555 -7.215332508087158
vertex -75.37074279785156 45.80565643310547 -7.163612365722656
vertex -61.09923553466797 62.62525939941406 -5.7547831535339355
endloop
endfacet
facet normal -0.9473919316698011 0.3200758157170937 0
outer loop
vertex -75.37074279785156 45.80565643310547 -7.163612365722656
vertex -75.9826889038086 43.99435806274414 -7.255223751068115
vertex -75.37074279785156 45.80565643310547 -1
endloop
endfacet
facet normal -0.9986479647139034 -0.05198309891472833 0
outer loop
vertex -75.9826889038086 43.99435806274414 -7.255223751068115
vertex -75.72212982177734 38.98875427246094 -7.627626419067383
vertex -75.9826889038086 43.99435806274414 -1
endloop
endfacet
facet normal -0.6468548832566345 -0.762613112926237 0
outer loop
vertex -74.80506896972656 37.13627243041992 -7.739234447479248
vertex -61.344268798828125 25.718708038330078 -8.74638843536377
vertex -74.80506896972656 37.13627243041992 -1
endloop
endfacet
facet normal -0.8961906615703873 -0.44366913133236235 0.000004101054479494817
outer loop
vertex -74.80506896972656 37.13627243041992 -7.739234447479248
vertex -75.72212982177734 38.98875427246094 -1
vertex -74.86837005615234 37.264137268066406 -7.778511047363281
endloop
endfacet
facet normal -0.6341214289740659 -0.7732334774771629 -0.000051229509007835576
outer loop
vertex -42.46980667114258 -63.727169036865234 -16.54634666442871
vertex -42.44514083862305 -63.747398376464844 -16.52937126159668
vertex -42.5084228515625 -63.695499420166016 -16.559236526489258
endloop
endfacet
facet normal -0.8961970706267464 -0.44365618512541716 0
outer loop
vertex -75.72212982177734 38.98875427246094 -7.627626419067383
vertex -74.86837005615234 37.264137268066406 -7.778511047363281
vertex -75.72212982177734 38.98875427246094 -1
endloop
endfacet
facet normal -0.9473917039289346 0.32007648946203143 -0.00001484224083071799
outer loop
vertex -75.37074279785156 45.80565643310547 -7.163612365722656
vertex -75.92463684082031 44.16618347167969 -7.307047367095947
vertex -75.9826889038086 43.99435806274414 -7.255223751068115
endloop
endfacet
facet normal -0.9084811598581782 0.4179258094240401 0
outer loop
vertex -16.1776065826416 49.92966079711914 -6.821162223815918
vertex -16.71693229675293 48.75728225708008 -6.930133819580078
vertex -16.1776065826416 49.92966079711914 -1
endloop
endfacet
facet normal 0.7315948481151593 0.6817396704104559 0
outer loop
vertex 50.39349365234375 49.4620475769043 -1
vertex 47.097530364990234 52.99904251098633 -6.603872776031494
vertex 47.097530364990234 52.99904251098633 -1
endloop
endfacet
facet normal -0.6341521723737639 -0.7732082636269423 0.000057729066779730856
outer loop
vertex -45.21037292480469 -61.479461669921875 -16.365358352661133
vertex -42.5084228515625 -63.695499420166016 -16.559236526489258
vertex -42.44514083862305 -63.747398376464844 -16.52937126159668
endloop
endfacet
facet normal -0.9806648934025436 -0.1956945752119662 -0.000008965812982051315
outer loop
vertex -45.486000061035156 -60.09823989868164 -16.337656021118164
vertex -45.242061614990234 -61.32065963745117 -16.444581985473633
vertex -45.21037292480469 -61.479461669921875 -16.365358352661133
endloop
endfacet
facet normal 0.9034517661496866 0.42868975523216324 0
outer loop
vertex 50.837284088134766 48.526771545410156 -1
vertex 50.39349365234375 49.4620475769043 -6.864112854003906
vertex 50.39349365234375 49.4620475769043 -1
endloop
endfacet
facet normal 0.9034521173533068 0.42868901507946977 -1.4462680078797302e-7
outer loop
vertex 51.2845344543457 47.58420181274414 -1
vertex 50.39349365234375 49.4620475769043 -6.864112854003906
vertex 50.837284088134766 48.526771545410156 -1
endloop
endfacet
facet normal -0.9997694980951565 -0.00564053038931522 -0.020715576156262756
outer loop
vertex -53.31574249267578 -51.53445816040039 -15.559432029724121
vertex -53.44625473022461 -33.852725982666016 -14.07514762878418
vertex -53.31574249267578 -51.36058044433594 -15.606776237487793
endloop
endfacet
facet normal 0.3998159827196579 0.9165954287262806 0
outer loop
vertex 45.194881439208984 53.82897186279297 -6.579235553741455
vertex 45.194881439208984 53.82897186279297 -1
vertex 47.097530364990234 52.99904251098633 -1
endloop
endfacet
facet normal -0.6751572246722423 0.73767385881084 0
outer loop
vertex -12.538381576538086 53.260467529296875 -6.592216491699219
vertex -16.1776065826416 49.92966079711914 -6.821162223815918
vertex -12.538381576538086 53.260467529296875 -1
endloop
endfacet
facet normal -0.4444665567611052 0.8957954453562083 0
outer loop
vertex -19.115732192993164 46.9573860168457 -1
vertex -20.244365692138672 46.39739227294922 -7.391857147216797
vertex -20.244365692138672 46.39739227294922 -1
endloop
endfacet
facet normal 0.0019816890408133666 0.9999980364523451 0
outer loop
vertex 45.154457092285156 53.82905197143555 -6.596842288970947
vertex 45.194881439208984 53.82897186279297 -1
vertex 45.194881439208984 53.82897186279297 -6.579235553741455
endloop
endfacet
facet normal 0.39982092328801677 0.9165932736503785 0
outer loop
vertex 47.097530364990234 52.99904251098633 -6.603872776031494
vertex 46.994205474853516 53.04411315917969 -6.647902011871338
vertex 47.097530364990234 52.99904251098633 -1
endloop
endfacet
facet normal 0 -1 0
outer loop
vertex -39.44105911254883 -63.747398376464844 -11.335819244384766
vertex -39.92769241333008 -63.747398376464844 -11.010660171508789
vertex -42.44514083862305 -63.747398376464844 -16.52937126159668
endloop
endfacet
facet normal 0 -1 0
outer loop
vertex -39.44105911254883 -63.747398376464844 -11.335819244384766
vertex -42.44514083862305 -63.747398376464844 -16.52937126159668
vertex -38.867034912109375 -63.747398376464844 -11.449999809265137
endloop
endfacet
facet normal 0 -1 0
outer loop
vertex -39.92769241333008 -63.747398376464844 -11.010660171508789
vertex -40.25285339355469 -63.747398376464844 -10.524024963378906
vertex -42.44514083862305 -63.747398376464844 -16.52937126159668
endloop
endfacet
facet normal 0 -1 0
outer loop
vertex -40.25285339355469 -63.747398376464844 -10.524024963378906
vertex -40.367034912109375 -63.747398376464844 -9.949999809265137
vertex -42.44514083862305 -63.747398376464844 -16.52937126159668
endloop
endfacet
facet normal -0.6341542204997516 -0.7732065859926134 0
outer loop
vertex -45.21037292480469 -61.479461669921875 -16.365358352661133
vertex -42.44514083862305 -63.747398376464844 -16.52937126159668
vertex -45.21037292480469 -61.479461669921875 -1
endloop
endfacet
facet normal -0.980664858651162 -0.1956947495634231 7.300930848193959e-8
outer loop
vertex -45.486000061035156 -60.09823989868164 -16.337656021118164
vertex -45.21037292480469 -61.479461669921875 -16.365358352661133
vertex -45.5474967956543 -59.790061950683594 -1
endloop
endfacet
facet normal -0.7821202556337616 -0.623127519635732 0
outer loop
vertex -45.595802307128906 -59.72943115234375 -16.307701110839844
vertex -45.5474967956543 -59.790061950683594 -16.341093063354492
vertex -45.5474967956543 -59.790061950683594 -1
endloop
endfacet
facet normal -0.9806655559707891 -0.1956912551252688 0
outer loop
vertex -45.5474967956543 -59.790061950683594 -16.341093063354492
vertex -45.486000061035156 -60.09823989868164 -16.337656021118164
vertex -45.5474967956543 -59.790061950683594 -1
endloop
endfacet
facet normal -0.7821384729419455 -0.623104653444294 -3.286191739489815e-7
outer loop
vertex -45.832401275634766 -59.43244552612305 -16.21573257446289
vertex -45.595802307128906 -59.72943115234375 -16.307701110839844
vertex -47.058292388916016 -57.893680572509766 -1
endloop
endfacet
facet normal 0.3998157026548434 0.9165955508895953 1.1368079604156588e-7
outer loop
vertex 45.194881439208984 53.82897186279297 -6.579235553741455
vertex 47.097530364990234 52.99904251098633 -1
vertex 46.994205474853516 53.04411315917969 -6.647902011871338
endloop
endfacet
facet normal -0.9913703103105066 -0.04237504683953704 -0.12405346927916491
outer loop
vertex -75.72212982177734 39.16263198852539 -7.687020778656006
vertex -75.72212982177734 38.98875427246094 -7.627626419067383
vertex -75.9826889038086 43.99435806274414 -7.255223751068115
endloop
endfacet
facet normal -0.4099020516730692 -0.912129545642618 0
outer loop
vertex -49.23196029663086 -56.9168586730957 -15.944974899291992
vertex -47.56147003173828 -57.66756057739258 -16.015090942382812
vertex -49.23196029663086 -56.9168586730957 -1
endloop
endfacet
facet normal -0.40989265052503504 -0.9121337703667659 0.0000014385152135684778
outer loop
vertex -47.28070831298828 -57.793731689453125 -16.045461654663086
vertex -47.058292388916016 -57.893680572509766 -16.114219665527344
vertex -49.23196029663086 -56.9168586730957 -1
endloop
endfacet
facet normal -0.40990083562827473 -0.9121300921202061 1.6261191932210836e-7
outer loop
vertex -49.23196029663086 -56.9168586730957 -1
vertex -47.56147003173828 -57.66756057739258 -16.015090942382812
vertex -47.28070831298828 -57.793731689453125 -16.045461654663086
endloop
endfacet
facet normal -0.9291238326353163 -0.3697687164012943 0
outer loop
vertex -53.31574249267578 -51.53445816040039 -15.559432029724121
vertex -52.62112045288086 -53.27984619140625 -15.662185668945312
vertex -53.31574249267578 -51.53445816040039 -1
endloop
endfacet
facet normal -0.7315953391633535 -0.6817391434518466 0
outer loop
vertex -52.62112045288086 -53.27984619140625 -15.662185668945312
vertex -49.23196029663086 -56.9168586730957 -15.944974899291992
vertex -52.62112045288086 -53.27984619140625 -1
endloop
endfacet
facet normal -0.7821362849733783 -0.6231073998341196 7.113001156544157e-8
outer loop
vertex -46.837520599365234 -58.170799255371094 -16.107786178588867
vertex -45.929176330566406 -59.310970306396484 -16.207538604736328
vertex -47.058292388916016 -57.893680572509766 -1
endloop
endfacet
facet normal -0.7821468673779352 -0.6230941163667674 0
outer loop
vertex -47.058292388916016 -57.893680572509766 -16.114219665527344
vertex -46.973304748535156 -58.000362396240234 -16.09629249572754
vertex -47.058292388916016 -57.893680572509766 -1
endloop
endfacet
facet normal -0.7821327272040574 -0.6231118655877945 2.050344004854238e-7
outer loop
vertex -46.973304748535156 -58.000362396240234 -16.09629249572754
vertex -46.837520599365234 -58.170799255371094 -16.107786178588867
vertex -47.058292388916016 -57.893680572509766 -1
endloop
endfacet
facet normal -0.7821396189513229 -0.6231032149382305 -5.664260235277954e-7
outer loop
vertex -45.929176330566406 -59.310970306396484 -16.207538604736328
vertex -45.832401275634766 -59.43244552612305 -16.21573257446289
vertex -47.058292388916016 -57.893680572509766 -1
endloop
endfacet
facet normal -0.5460573947973584 0.8377477670708467 -0.00001883964522609668
outer loop
vertex -61.56786346435547 19.5049991607666 -9.567940711975098
vertex -62.800601959228516 18.701478958129883 -9.636125564575195
vertex -62.91487503051758 18.626995086669922 -9.585243225097656
endloop
endfacet
facet normal 0 -1 0
outer loop
vertex -40.367034912109375 -63.747398376464844 -9.949999809265137
vertex -40.367034912109375 -63.747398376464844 -4.949999809265137
vertex -42.44514083862305 -63.747398376464844 -16.52937126159668
endloop
endfacet
facet normal -0.8347287025363094 0.5506614142320525 -0.000006164858525828948
outer loop
vertex -63.963687896728516 17.037134170532227 -9.724337577819824
vertex -64.05978393554688 16.89146614074707 -9.666183471679688
vertex -62.91487503051758 18.626995086669922 -9.585243225097656
endloop
endfacet
facet normal -0.762501749247359 0.6469861531707559 -1.5712499358948448e-7
outer loop
vertex -75.37074279785156 45.80565643310547 -7.163612365722656
vertex -73.87721252441406 47.56584930419922 -1
vertex -61.09923553466797 62.62525939941406 -1
endloop
endfacet
facet normal -0.762501777652754 0.6469861196937616 0
outer loop
vertex -75.37074279785156 45.80565643310547 -7.163612365722656
vertex -61.09923553466797 62.62525939941406 -1
vertex -61.09923553466797 62.62525939941406 -5.7547831535339355
endloop
endfacet
facet normal -0.9999727600277901 -0.007381002803090114 1.5655237075587384e-7
outer loop
vertex -53.44625473022461 -33.852725982666016 -14.07514762878418
vertex -53.31574249267578 -51.53445816040039 -15.559432029724121
vertex -53.45024490356445 -33.31186294555664 -1
endloop
endfacet
facet normal -0.9999728175893845 -0.00737320027667198 -1.6622240289841039e-7
outer loop
vertex -53.4490852355957 -33.46884536743164 -14.076515197753906
vertex -53.44625473022461 -33.852725982666016 -14.07514762878418
vertex -53.45024490356445 -33.31186294555664 -1
endloop
endfacet
facet normal -0.9999727154055384 -0.0073870457203364034 0
outer loop
vertex -53.45024490356445 -33.31186294555664 -14.106682777404785
vertex -53.4490852355957 -33.46884536743164 -14.076515197753906
vertex -53.45024490356445 -33.31186294555664 -1
endloop
endfacet
facet normal -0.4373476482585368 0.8992925189073504 0
outer loop
vertex -59.208187103271484 63.544921875 -5.725584983825684
vertex -61.09923553466797 62.62525939941406 -5.7547831535339355
vertex -59.208187103271484 63.544921875 -1
endloop
endfacet
facet normal -0.03809381040445878 0.9992741671501745 -0.000021798950333066266
outer loop
vertex -59.160343170166016 63.54674530029297 -5.746500015258789
vertex -59.208187103271484 63.544921875 -5.725584983825684
vertex -54.121089935302734 63.73895263671875 -1
endloop
endfacet
facet normal 0.4527342945602997 0.8916454780510782 2.2786871584588883e-7
outer loop
vertex -37.09788513183594 50.13925552368164 -1
vertex -38.22441482543945 50.71125411987305 -6.861317157745361
vertex -37.78046417236328 50.485836029052734 -1
endloop
endfacet
facet normal 0.2167448799680331 0.9762282811963144 -3.6377874125767227e-7
outer loop
vertex -36.89133834838867 50.0933952331543 -6.923409938812256
vertex -37.09788513183594 50.13925552368164 -1
vertex -26.471759796142578 47.78001403808594 -1
endloop
endfacet
facet normal 0.21674467822519405 0.9762283259878587 8.590434246624587e-9
outer loop
vertex -20.244365692138672 46.39739227294922 -1
vertex -36.89133834838867 50.0933952331543 -6.923409938812256
vertex -26.471759796142578 47.78001403808594 -1
endloop
endfacet
facet normal -0.43734771642671205 0.899292485755519 0
outer loop
vertex -61.09923553466797 62.62525939941406 -5.7547831535339355
vertex -61.09923553466797 62.62525939941406 -1
vertex -60.385711669921875 62.97226333618164 -1
endloop
endfacet
facet normal -0.43734760695186203 0.8992925389957815 -2.0313754730099298e-8
outer loop
vertex -59.208187103271484 63.544921875 -1
vertex -61.09923553466797 62.62525939941406 -5.7547831535339355
vertex -60.385711669921875 62.97226333618164 -1
endloop
endfacet
facet normal -0.9850441578312918 0.17230208101599057 0
outer loop
vertex -64.05978393554688 16.89146614074707 -9.666183471679688
vertex -70.7748794555664 -21.49846839904785 -12.959704399108887
vertex -64.05978393554688 16.89146614074707 -1
endloop
endfacet
facet normal 0 -1 0
outer loop
vertex 4.73153018951416 -63.747398376464844 -1.6591570377349854
vertex -19.867033004760742 -63.747398376464844 -3.450000047683716
vertex 5.477655410766602 -63.747398376464844 -1.6661099195480347
endloop
endfacet
facet normal 0 -1 0
outer loop
vertex 2.836742877960205 -63.747398376464844 -1.5949000120162964
vertex -19.867033004760742 -63.747398376464844 -3.450000047683716
vertex 3.5118489265441895 -63.747398376464844 -1.6254053115844727
endloop
endfacet
facet normal 0 -1 0
outer loop
vertex 3.5118489265441895 -63.747398376464844 -1.6254053115844727
vertex -19.867033004760742 -63.747398376464844 -3.450000047683716
vertex 4.73153018951416 -63.747398376464844 -1.6591570377349854
endloop
endfacet
facet normal 0 -1 0
outer loop
vertex 1.3776553869247437 -63.747398376464844 -1
vertex -19.867033004760742 -63.747398376464844 -3.450000047683716
vertex 1.3776553869247437 -63.747398376464844 -1.5076520442962646
endloop
endfacet
facet normal 0 -1 0
outer loop
vertex -19.867033004760742 -63.747398376464844 -3.450000047683716
vertex 2.836742877960205 -63.747398376464844 -1.5949000120162964
vertex 2.1248786449432373 -63.747398376464844 -1.5589157342910767
endloop
endfacet
facet normal 0 -1 0
outer loop
vertex -19.867033004760742 -63.747398376464844 -3.450000047683716
vertex 2.1248786449432373 -63.747398376464844 -1.5589157342910767
vertex 1.3776553869247437 -63.747398376464844 -1.5076520442962646
endloop
endfacet
facet normal 0.5058444617415745 0.8626247043322066 -0.00000107230828653565
outer loop
vertex 53.94064712524414 46.02666091918945 -1
vertex 51.2845344543457 47.58420181274414 -7.184366703033447
vertex 53.17363739013672 46.476436614990234 -1
endloop
endfacet
facet normal -0.8347288347078288 0.5506612139122478 0
outer loop
vertex -62.91487503051758 18.626995086669922 -9.585243225097656
vertex -64.05978393554688 16.89146614074707 -9.666183471679688
vertex -62.91487503051758 18.626995086669922 -1
endloop
endfacet
facet normal 0.5058418495551749 0.8626262361177057 0
outer loop
vertex 51.2845344543457 47.58420181274414 -7.184366703033447
vertex 51.2845344543457 47.58420181274414 -1
vertex 53.17363739013672 46.476436614990234 -1
endloop
endfacet
facet normal -0.5460575645979395 0.8377476566039245 -1.4995170420878622e-8
outer loop
vertex -61.56786346435547 19.5049991607666 -9.567940711975098
vertex -62.91487503051758 18.626995086669922 -9.585243225097656
vertex -60.81636428833008 19.99483871459961 -1
endloop
endfacet
facet normal -0.546057972315366 0.8377473908469253 0
outer loop
vertex -60.81636428833008 19.99483871459961 -9.715599060058594
vertex -61.1878662109375 19.752687454223633 -9.594738960266113
vertex -60.81636428833008 19.99483871459961 -1
endloop
endfacet
facet normal -0.9980215650900656 0.06287253466479512 0
outer loop
vertex -60.81411361694336 20.03056526184082 -9.690027236938477
vertex -60.81636428833008 19.99483871459961 -9.715599060058594
vertex -60.81636428833008 19.99483871459961 -1
endloop
endfacet
facet normal -0.5460574050115884 0.8377477606248845 -3.4939588551782926e-8
outer loop
vertex -61.1878662109375 19.752687454223633 -9.594738960266113
vertex -61.56786346435547 19.5049991607666 -9.567940711975098
vertex -60.81636428833008 19.99483871459961 -1
endloop
endfacet
facet normal -0.44446547772028544 0.895795980742752 -9.627504328660093e-8
outer loop
vertex -17.080358505249023 47.9672737121582 -1
vertex -20.06117057800293 46.48828887939453 -7.303380489349365
vertex -19.115732192993164 46.9573860168457 -1
endloop
endfacet
facet normal -0.9980223947330383 0.06285936375218981 -3.66786748784961e-8
outer loop
vertex -60.78512954711914 20.490747451782227 -9.44752311706543
vertex -60.81411361694336 20.03056526184082 -9.690027236938477
vertex -60.50090789794922 25.003358840942383 -1
endloop
endfacet
facet normal 0.6744114296422752 0.738355756778318 -4.239270367004125e-7
outer loop
vertex 70.40447998046875 42.736454010009766 -1
vertex 70.2918930053711 42.83928680419922 -7.50408935546875
vertex 66.742919921875 46.08090591430664 -7.220484256744385
endloop
endfacet
facet normal 0.3302623232240201 0.9438891872771258 0
outer loop
vertex 66.742919921875 46.08090591430664 -7.220484256744385
vertex 66.64825439453125 46.11402893066406 -7.259936809539795
vertex 66.742919921875 46.08090591430664 -1
endloop
endfacet
facet normal 0.674398078096421 0.7383679518098368 0
outer loop
vertex 70.40447998046875 42.736454010009766 -7.455077171325684
vertex 70.2918930053711 42.83928680419922 -7.50408935546875
vertex 70.40447998046875 42.736454010009766 -1
endloop
endfacet
facet normal 0.8969573446935554 0.44211709059903936 -7.262732526984207e-7
outer loop
vertex 70.40447998046875 42.736454010009766 -7.455077171325684
vertex 71.23796844482422 41.045501708984375 -1
vertex 71.15911865234375 41.20545959472656 -7.589021682739258
endloop
endfacet
facet normal 0.8969454807111548 0.4421411591695976 0
outer loop
vertex 71.15911865234375 41.20545959472656 -7.589021682739258
vertex 71.23796844482422 41.045501708984375 -1
vertex 71.23796844482422 41.045501708984375 -7.537346363067627
endloop
endfacet
facet normal 0.32526623325076137 0.9456224776984945 0.0000847243854197162
outer loop
vertex 66.64825439453125 46.11402893066406 -7.259936809539795
vertex 64.78544616699219 46.75477600097656 -7.215283393859863
vertex 66.742919921875 46.08090591430664 -1
endloop
endfacet
facet normal -0.0669887657274268 0.997753729768139 2.8880556467583854e-7
outer loop
vertex 64.78544616699219 46.75477600097656 -7.215283393859863
vertex 54.57012939453125 46.06892395019531 -7.285800457000732
vertex 64.81183624267578 46.75654602050781 -1
endloop
endfacet
facet normal -0.998022559203799 0.06285675236949007 0.0000013638385298944919
outer loop
vertex -60.75944519042969 20.8985538482666 -9.314284324645996
vertex -60.78512954711914 20.490747451782227 -9.44752311706543
vertex -60.50090789794922 25.003358840942383 -1
endloop
endfacet
facet normal 0.9034516058699709 0.42869009301698485 -2.442045315648727e-7
outer loop
vertex 51.08221435546875 48.010581970214844 -7.014890193939209
vertex 50.950775146484375 48.2875862121582 -6.974704265594482
vertex 51.2845344543457 47.58420181274414 -1
endloop
endfacet
facet normal 0.7315868923812573 0.6817482078421143 0
outer loop
vertex 50.39349365234375 49.4620475769043 -6.864112854003906
vertex 50.287147521972656 49.576168060302734 -6.9033355712890625
vertex 50.39349365234375 49.4620475769043 -1
endloop
endfacet
facet normal 0.9034526051654705 0.4286879870248572 -5.479595128118173e-7
outer loop
vertex 51.2845344543457 47.58420181274414 -1
vertex 50.950775146484375 48.2875862121582 -6.974704265594482
vertex 50.39349365234375 49.4620475769043 -6.864112854003906
endloop
endfacet
facet normal 0.9034490733123102 0.42869543026615053 2.1932586818620522e-7
outer loop
vertex 51.2845344543457 47.58420181274414 -1
vertex 51.26521301269531 47.62492370605469 -7.15987491607666
vertex 51.08221435546875 48.010581970214844 -7.014890193939209
endloop
endfacet
facet normal -0.9796009839137511 -0.2009525103351248 0.000030086913922006216
outer loop
vertex -70.7748794555664 -21.49846839904785 -12.959704399108887
vertex -70.42610931396484 -23.198671340942383 -13.108452796936035
vertex -70.39310455322266 -23.359556198120117 -13.065903663635254
endloop
endfacet
facet normal -0.5542475292495627 -0.8323518945257731 3.339572003958588e-7
outer loop
vertex -65.99504852294922 -28.65404510498047 -13.47900390625
vertex -65.95539093017578 -28.680452346801758 -13.46387767791748
vertex -67.66655731201172 -27.541013717651367 -1
endloop
endfacet
facet normal -0.5542492565787841 -0.8323507443270926 0
outer loop
vertex -65.99504852294922 -28.65404510498047 -13.47900390625
vertex -67.66655731201172 -27.541013717651367 -1
vertex -67.66655731201172 -27.541013717651367 -13.38704776763916
endloop
endfacet
facet normal -0.837662229080597 -0.5461886029086623 -0.000004940567983591775
outer loop
vertex -67.7270278930664 -27.448272705078125 -13.419912338256836
vertex -67.66655731201172 -27.541013717651367 -13.38704776763916
vertex -70.39310455322266 -23.359556198120117 -1
endloop
endfacet
facet normal -0.8376553628251359 -0.5461991332200098 0
outer loop
vertex -70.39310455322266 -23.359556198120117 -13.065903663635254
vertex -67.7270278930664 -27.448272705078125 -13.419912338256836
vertex -70.39310455322266 -23.359556198120117 -1
endloop
endfacet
facet normal -0.18094525523247526 -0.983493169579156 0
outer loop
vertex -56.50053787231445 -30.41997718811035 -13.618206977844238
vertex -65.95539093017578 -28.680452346801758 -1
vertex -65.95539093017578 -28.680452346801758 -13.46387767791748
endloop
endfacet
facet normal 0.7315950994841971 0.6817394006587902 -3.1810383042703896e-7
outer loop
vertex 50.287147521972656 49.576168060302734 -6.9033355712890625
vertex 47.097530364990234 52.99904251098633 -6.603872776031494
vertex 50.39349365234375 49.4620475769043 -1
endloop
endfacet
facet normal -0.9850432908894531 0.17230702696960765 -0.00005941860919215302
outer loop
vertex -70.7439193725586 -21.32149314880371 -13.009231567382812
vertex -70.7748794555664 -21.49846839904785 -12.959704399108887
vertex -64.05978393554688 16.89146614074707 -9.666183471679688
endloop
endfacet
facet normal -0.7660564873611787 -0.6427732556444006 -3.8799634967347476e-7
outer loop
vertex -53.86149978637695 -32.82173156738281 -13.888829231262207
vertex -53.615909576416016 -33.11442565917969 -13.990069389343262
vertex -55.76286315917969 -30.555696487426758 -1
endloop
endfacet
facet normal -0.7660576650832716 -0.6427718520334508 -8.08508500473428e-7
outer loop
vertex -53.992088317871094 -32.66609573364258 -13.873458862304688
vertex -53.86149978637695 -32.82173156738281 -13.888829231262207
vertex -55.76286315917969 -30.555696487426758 -1
endloop
endfacet
facet normal -0.7660536998991831 -0.6427765777241079 2.3729681308288595e-7
outer loop
vertex -53.615909576416016 -33.11442565917969 -13.990069389343262
vertex -53.45024490356445 -33.31186294555664 -14.106682777404785
vertex -54.65904235839844 -31.871227264404297 -1
endloop
endfacet
facet normal -0.766055061424182 -0.6427749550708935 5.832472674748329e-8
outer loop
vertex -55.3822021484375 -31.009366989135742 -13.728513717651367
vertex -53.992088317871094 -32.66609573364258 -13.873458862304688
vertex -55.76286315917969 -30.555696487426758 -1
endloop
endfacet
facet normal -0.18094665561361914 -0.9834929119328956 0
outer loop
vertex -56.115577697753906 -30.490802764892578 -13.6604642868042
vertex -55.76286315917969 -30.555696487426758 -13.768007278442383
vertex -55.76286315917969 -30.555696487426758 -1
endloop
endfacet
facet normal -0.18094464317311584 -0.9834932821869963 -5.796345013761378e-8
outer loop
vertex -55.76286315917969 -30.555696487426758 -1
vertex -56.50053787231445 -30.41997718811035 -13.618206977844238
vertex -56.115577697753906 -30.490802764892578 -13.6604642868042
endloop
endfacet
facet normal -0.7660730918819445 -0.6427534658750879 0
outer loop
vertex -55.76286315917969 -30.555696487426758 -13.768007278442383
vertex -55.7408332824707 -30.581953048706055 -13.75826644897461
vertex -55.76286315917969 -30.555696487426758 -1
endloop
endfacet
facet normal -0.7660515314944141 -0.6427791619949763 3.138348408714805e-7
outer loop
vertex -55.49070739746094 -30.88005256652832 -13.715743064880371
vertex -55.3822021484375 -31.009366989135742 -13.728513717651367
vertex -55.76286315917969 -30.555696487426758 -1
endloop
endfacet
facet normal -0.7660562291931092 -0.6427735633288207 7.04776769723787e-8
outer loop
vertex -55.76286315917969 -30.555696487426758 -1
vertex -55.7408332824707 -30.581953048706055 -13.75826644897461
vertex -55.49070739746094 -30.88005256652832 -13.715743064880371
endloop
endfacet
facet normal 0 -1 0
outer loop
vertex 5.477655410766602 -63.747398376464844 -1.6661099195480347
vertex -7.867033958435059 -63.747398376464844 -3.450000047683716
vertex -7.293008804321289 -63.747398376464844 -3.564180612564087
endloop
endfacet
facet normal 0 -1 0
outer loop
vertex -7.293008804321289 -63.747398376464844 -3.564180612564087
vertex -6.806373596191406 -63.747398376464844 -3.8893399238586426
vertex 5.477655410766602 -63.747398376464844 -1.6661099195480347
endloop
endfacet
facet normal 0 -1 0
outer loop
vertex 5.477655410766602 -63.747398376464844 -1.6661099195480347
vertex -6.367033958435059 -63.747398376464844 -4.949999809265137
vertex -0.12234462052583694 -63.747398376464844 -4
endloop
endfacet
facet normal 0 -1 0
outer loop
vertex -6.806373596191406 -63.747398376464844 -3.8893399238586426
vertex -6.48121452331543 -63.747398376464844 -4.375974655151367
vertex 5.477655410766602 -63.747398376464844 -1.6661099195480347
endloop
endfacet
facet normal 0 -1 0
outer loop
vertex -6.48121452331543 -63.747398376464844 -4.375974655151367
vertex -6.367033958435059 -63.747398376464844 -4.949999809265137
vertex 5.477655410766602 -63.747398376464844 -1.6661099195480347
endloop
endfacet
facet normal 0 -1 0
outer loop
vertex -19.867033004760742 -63.747398376464844 -3.450000047683716
vertex -7.867033958435059 -63.747398376464844 -3.450000047683716
vertex 5.477655410766602 -63.747398376464844 -1.6661099195480347
endloop
endfacet
facet normal -0.3612443335968429 0.9324711960399489 0
outer loop
vertex -10.785752296447754 53.93944549560547 -6.572899341583252
vertex -12.538381576538086 53.260467529296875 -6.592216491699219
vertex -10.785752296447754 53.93944549560547 -1
endloop
endfacet
facet normal -0.9084809997956833 0.41792615736542243 8.879834933954999e-8
outer loop
vertex -17.080358505249023 47.9672737121582 -1
vertex -16.601390838623047 49.008445739746094 -1
vertex -17.03444480895996 48.067081451416016 -7.128879070281982
endloop
endfacet
facet normal -0.9084809686633362 0.4179262250404018 7.620407321701414e-8
outer loop
vertex -16.1776065826416 49.92966079711914 -1
vertex -17.03444480895996 48.067081451416016 -7.128879070281982
vertex -16.601390838623047 49.008445739746094 -1
endloop
endfacet
facet normal 0 -1 0
outer loop
vertex -6.367033958435059 -63.747398376464844 -4.949999809265137
vertex -0.12234462052583694 -63.747398376464844 -5
vertex -0.12234462052583694 -63.747398376464844 -4
endloop
endfacet
facet normal -0.6751568704089509 0.7376741830507497 0
outer loop
vertex -16.1776065826416 49.92966079711914 -6.821162223815918
vertex -16.1776065826416 49.92966079711914 -1
vertex -13.579154968261719 52.30789566040039 -1
endloop
endfacet
facet normal -0.67515810914291 0.737673049295918 0.0000010161416733840966
outer loop
vertex -16.1776065826416 49.92966079711914 -6.821162223815918
vertex -13.579154968261719 52.30789566040039 -1
vertex -12.538381576538086 53.260467529296875 -1
endloop
endfacet
facet normal -0.36124433359684294 0.9324711960399489 0
outer loop
vertex -10.785752296447754 53.93944549560547 -1
vertex -12.538381576538086 53.260467529296875 -6.592216491699219
vertex -12.538381576538086 53.260467529296875 -1
endloop
endfacet
facet normal -0.9980225804000774 0.06285641581595396 0.0000015306558541057357
outer loop
vertex -60.74256134033203 21.1666316986084 -9.281089782714844
vertex -60.75944519042969 20.8985538482666 -9.314284324645996
vertex -60.50090789794922 25.003358840942383 -1
endloop
endfacet
facet normal -0.9980223280918428 0.06286042180917406 -3.3273102828741507e-7
outer loop
vertex -60.552574157714844 24.183021545410156 -9.017189979553223
vertex -60.74256134033203 21.1666316986084 -9.281089782714844
vertex -60.50090789794922 25.003358840942383 -1
endloop
endfacet
facet normal 0 -1 0
outer loop
vertex -42.44514083862305 -63.747398376464844 -1
vertex -19.867033004760742 -63.747398376464844 -3.450000047683716
vertex 1.3776553869247437 -63.747398376464844 -1
endloop
endfacet
facet normal 0.505836304687836 0.8626294875895344 8.786977908282034e-7
outer loop
vertex 53.58598327636719 46.23463821411133 -7.255423069000244
vertex 53.32483673095703 46.38777160644531 -7.228394031524658
vertex 53.94064712524414 46.02666091918945 -1
endloop
endfacet
facet normal 0 -1 0
outer loop
vertex -42.44514083862305 -63.747398376464844 -16.52937126159668
vertex 14.877655029296875 -63.747398376464844 -16.52937126159668
vertex -7.867033958435059 -63.747398376464844 -11.449999809265137
endloop
endfacet
facet normal -0.9980221976056518 0.06286249347890387 0
outer loop
vertex -60.50090789794922 25.003358840942383 -9.10556697845459
vertex -60.51886749267578 24.71822738647461 -9.031888008117676
vertex -60.50090789794922 25.003358840942383 -1
endloop
endfacet
facet normal -0.6468583023279428 -0.7626102128278979 0
outer loop
vertex -60.62846755981445 25.111557006835938 -9.007047653198242
vertex -60.50090789794922 25.003358840942383 -9.10556697845459
vertex -60.50090789794922 25.003358840942383 -1
endloop
endfacet
facet normal 0 -1 0
outer loop
vertex -42.44514083862305 -63.747398376464844 -1
vertex -26.867033004760742 -63.747398376464844 -3.450000047683716
vertex -19.867033004760742 -63.747398376464844 -3.450000047683716
endloop
endfacet
facet normal 0 -1 0
outer loop
vertex -42.44514083862305 -63.747398376464844 -1
vertex -38.867034912109375 -63.747398376464844 -3.450000047683716
vertex -26.867033004760742 -63.747398376464844 -3.450000047683716
endloop
endfacet
facet normal -0.646854860056741 -0.7626131326045764 -9.429311085597176e-8
outer loop
vertex -60.942832946777344 25.378204345703125 -8.83740234375
vertex -60.62846755981445 25.111557006835938 -9.007047653198242
vertex -60.50090789794922 25.003358840942383 -1
endloop
endfacet
facet normal -0.6468542342672441 -0.7626136634040289 -1.5496625507000077e-7
outer loop
vertex -61.2296142578125 25.6214542388916 -8.752321243286133
vertex -60.942832946777344 25.378204345703125 -8.83740234375
vertex -60.50090789794922 25.003358840942383 -1
endloop
endfacet
facet normal -0.6468658535729993 -0.7626038076736218 0.000001723031721553469
outer loop
vertex -61.344268798828125 25.718708038330078 -8.74638843536377
vertex -61.2296142578125 25.6214542388916 -8.752321243286133
vertex -60.50090789794922 25.003358840942383 -1
endloop
endfacet
facet normal 0 -1 0
outer loop
vertex -19.867033004760742 -63.747398376464844 -3.450000047683716
vertex -26.29300880432129 -63.747398376464844 -3.564180612564087
vertex -20.441059112548828 -63.747398376464844 -3.564180612564087
endloop
endfacet
facet normal -0.9796013223233611 -0.20095086290514536 0
outer loop
vertex -70.39310455322266 -23.359556198120117 -13.065903663635254
vertex -70.7748794555664 -21.49846839904785 -1
vertex -70.7748794555664 -21.49846839904785 -12.959704399108887
endloop
endfacet
facet normal 0 -1 0
outer loop
vertex -26.867033004760742 -63.747398376464844 -11.449999809265137
vertex -42.44514083862305 -63.747398376464844 -16.52937126159668
vertex -19.867033004760742 -63.747398376464844 -11.449999809265137
endloop
endfacet
facet normal -0.06698846015152314 0.9977537502843714 7.918204104998906e-9
outer loop
vertex 54.57012939453125 46.06892395019531 -7.285800457000732
vertex 54.42268753051758 46.059024810791016 -7.281622886657715
vertex 53.94064712524414 46.02666091918945 -1
endloop
endfacet
facet normal 0 -1 0
outer loop
vertex -19.867033004760742 -63.747398376464844 -11.449999809265137
vertex -42.44514083862305 -63.747398376464844 -16.52937126159668
vertex -7.867033958435059 -63.747398376464844 -11.449999809265137
endloop
endfacet
facet normal -0.06698180282948013 0.9977541972296788 5.21091815971057e-7
outer loop
vertex 54.42268753051758 46.059024810791016 -7.281622886657715
vertex 53.978271484375 46.02919006347656 -7.365333080291748
vertex 53.94064712524414 46.02666091918945 -1
endloop
endfacet
facet normal 0.5058478371701933 0.8626227249674319 0
outer loop
vertex 53.94064712524414 46.02666091918945 -7.380254745483398
vertex 53.58598327636719 46.23463821411133 -7.255423069000244
vertex 53.94064712524414 46.02666091918945 -1
endloop
endfacet
facet normal -0.0670695654441751 0.9977483016227737 0
outer loop
vertex 53.978271484375 46.02919006347656 -7.365333080291748
vertex 53.94064712524414 46.02666091918945 -7.380254745483398
vertex 53.94064712524414 46.02666091918945 -1
endloop
endfacet
facet normal 0 -1 0
outer loop
vertex -26.29300880432129 -63.747398376464844 -11.335819244384766
vertex -26.867033004760742 -63.747398376464844 -11.449999809265137
vertex -20.441059112548828 -63.747398376464844 -11.335819244384766
endloop
endfacet
facet normal 0 -1 0
outer loop
vertex -20.92769432067871 -63.747398376464844 -11.010660171508789
vertex -26.29300880432129 -63.747398376464844 -11.335819244384766
vertex -20.441059112548828 -63.747398376464844 -11.335819244384766
endloop
endfacet
facet normal 0 -1 0
outer loop
vertex -20.441059112548828 -63.747398376464844 -11.335819244384766
vertex -26.867033004760742 -63.747398376464844 -11.449999809265137
vertex -19.867033004760742 -63.747398376464844 -11.449999809265137
endloop
endfacet
facet normal 0.505838112127948 0.8626284277217156 0.000002279146579636508
outer loop
vertex 51.73176193237305 47.32194900512695 -7.146664619445801
vertex 51.62552261352539 47.384246826171875 -7.135668754577637
vertex 53.94064712524414 46.02666091918945 -1
endloop
endfacet
facet normal 0.5058425822147598 0.8626258064875545 1.2505621746841337e-8
outer loop
vertex 51.62552261352539 47.384246826171875 -7.135668754577637
vertex 51.2845344543457 47.58420181274414 -7.184366703033447
vertex 53.94064712524414 46.02666091918945 -1
endloop
endfacet
facet normal 0.5058427986953766 0.862625679543583 1.5842389018307964e-8
outer loop
vertex 53.32483673095703 46.38777160644531 -7.228394031524658
vertex 51.73176193237305 47.32194900512695 -7.146664619445801
vertex 53.94064712524414 46.02666091918945 -1
endloop
endfacet
facet normal 0.9034619225919285 0.42866835015720073 0
outer loop
vertex 51.2845344543457 47.58420181274414 -7.184366703033447
vertex 51.26521301269531 47.62492370605469 -7.15987491607666
vertex 51.2845344543457 47.58420181274414 -1
endloop
endfacet
facet normal 0 -1 0
outer loop
vertex -19.867033004760742 -63.747398376464844 -3.450000047683716
vertex -26.867033004760742 -63.747398376464844 -3.450000047683716
vertex -26.29300880432129 -63.747398376464844 -3.564180612564087
endloop
endfacet
facet normal 0 -1 0
outer loop
vertex -26.29300880432129 -63.747398376464844 -3.564180612564087
vertex -25.806373596191406 -63.747398376464844 -3.8893399238586426
vertex -20.441059112548828 -63.747398376464844 -3.564180612564087
endloop
endfacet
facet normal -0.9980221924978143 0.06286257456984094 -5.538802718768739e-7
outer loop
vertex -60.54469680786133 24.30808448791504 -9.001704216003418
vertex -60.552574157714844 24.183021545410156 -9.017189979553223
vertex -60.50090789794922 25.003358840942383 -1
endloop
endfacet
facet normal 0.9963647936372534 0.0851891894503047 9.967563844236798e-7
outer loop
vertex 71.23796844482422 41.045501708984375 -7.537346363067627
vertex 72.92044830322266 21.367298126220703 -1
vertex 74.3222885131836 4.971506118774414 -1
endloop
endfacet
facet normal -0.9980228650930578 0.06285189536761318 3.777247251400238e-7
outer loop
vertex -60.51886749267578 24.71822738647461 -9.031888008117676
vertex -60.54469680786133 24.30808448791504 -9.001704216003418
vertex -60.50090789794922 25.003358840942383 -1
endloop
endfacet
facet normal 0.21674476699249007 0.9762283062795153 1.2475528308831618e-9
outer loop
vertex -20.244365692138672 46.39739227294922 -1
vertex -20.50135040283203 46.45444869995117 -7.296016216278076
vertex -20.92817497253418 46.54921340942383 -7.229325294494629
endloop
endfacet
facet normal 0 -1 0
outer loop
vertex -20.441059112548828 -63.747398376464844 -3.564180612564087
vertex -25.806373596191406 -63.747398376464844 -3.8893399238586426
vertex -20.92769432067871 -63.747398376464844 -3.8893399238586426
endloop
endfacet
facet normal 0 -1 0
outer loop
vertex -20.92769432067871 -63.747398376464844 -3.8893399238586426
vertex -25.48121452331543 -63.747398376464844 -4.375974655151367
vertex -21.252853393554688 -63.747398376464844 -4.375974655151367
endloop
endfacet
facet normal 0 -1 0
outer loop
vertex -21.252853393554688 -63.747398376464844 -4.375974655151367
vertex -25.367033004760742 -63.747398376464844 -4.949999809265137
vertex -21.367033004760742 -63.747398376464844 -4.949999809265137
endloop
endfacet
facet normal -0.8347288347078288 0.5506612139122478 0
outer loop
vertex -62.91487503051758 18.626995086669922 -1
vertex -64.05978393554688 16.89146614074707 -9.666183471679688
vertex -64.05978393554688 16.89146614074707 -1
endloop
endfacet
facet normal 0 -1 0
outer loop
vertex -25.48121452331543 -63.747398376464844 -4.375974655151367
vertex -20.92769432067871 -63.747398376464844 -3.8893399238586426
vertex -25.806373596191406 -63.747398376464844 -3.8893399238586426
endloop
endfacet
facet normal -0.5460576076525074 0.8377476285402545 0
outer loop
vertex -60.81636428833008 19.99483871459961 -1
vertex -62.91487503051758 18.626995086669922 -9.585243225097656
vertex -62.91487503051758 18.626995086669922 -1
endloop
endfacet
facet normal 0 -1 0
outer loop
vertex -25.367033004760742 -63.747398376464844 -4.949999809265137
vertex -21.252853393554688 -63.747398376464844 -4.375974655151367
vertex -25.48121452331543 -63.747398376464844 -4.375974655151367
endloop
endfacet
facet normal 0 -1 0
outer loop
vertex -26.29300880432129 -63.747398376464844 -11.335819244384766
vertex -20.92769432067871 -63.747398376464844 -11.010660171508789
vertex -25.806373596191406 -63.747398376464844 -11.010660171508789
endloop
endfacet
facet normal 0 -1 0
outer loop
vertex -25.806373596191406 -63.747398376464844 -11.010660171508789
vertex -21.252853393554688 -63.747398376464844 -10.524024963378906
vertex -25.48121452331543 -63.747398376464844 -10.524024963378906
endloop
endfacet
facet normal 0.9963648224447436 0.08518885252124936 -8.760568484599025e-7
outer loop
vertex 74.3222885131836 4.971506118774414 -1
vertex 76.00476837158203 -14.70669937133789 -1
vertex 71.23796844482422 41.045501708984375 -7.537346363067627
endloop
endfacet
facet normal 0 -1 0
outer loop
vertex -25.48121452331543 -63.747398376464844 -10.524024963378906
vertex -21.367033004760742 -63.747398376464844 -9.949999809265137
vertex -25.367033004760742 -63.747398376464844 -9.949999809265137
endloop
endfacet
facet normal 0 -1 0
outer loop
vertex -6.367033958435059 -63.747398376464844 -4.949999809265137
vertex -6.367033958435059 -63.747398376464844 -9.949999809265137
vertex -0.12234462052583694 -63.747398376464844 -5
endloop
endfacet
facet normal 0 -1 0
outer loop
vertex -21.252853393554688 -63.747398376464844 -10.524024963378906
vertex -25.806373596191406 -63.747398376464844 -11.010660171508789
vertex -20.92769432067871 -63.747398376464844 -11.010660171508789
endloop
endfacet
facet normal 0 -1 0
outer loop
vertex -6.806373596191406 -63.747398376464844 -11.010660171508789
vertex -7.293008804321289 -63.747398376464844 -11.335819244384766
vertex 14.877655029296875 -63.747398376464844 -16.52937126159668
endloop
endfacet
facet normal 0 -1 0
outer loop
vertex -21.367033004760742 -63.747398376464844 -9.949999809265137
vertex -25.48121452331543 -63.747398376464844 -10.524024963378906
vertex -21.252853393554688 -63.747398376464844 -10.524024963378906
endloop
endfacet
facet normal 0.9963648137259955 0.08518895449976166 0
outer loop
vertex 71.23796844482422 41.045501708984375 -7.537346363067627
vertex 76.00476837158203 -14.70669937133789 -1
vertex 76.00476837158203 -14.70669937133789 -12.347834587097168
endloop
endfacet
facet normal 0 -1 0
outer loop
vertex -6.48121452331543 -63.747398376464844 -10.524024963378906
vertex -6.806373596191406 -63.747398376464844 -11.010660171508789
vertex 14.877655029296875 -63.747398376464844 -16.52937126159668
endloop
endfacet
facet normal 0 -1 0
outer loop
vertex -6.367033958435059 -63.747398376464844 -9.949999809265137
vertex -6.48121452331543 -63.747398376464844 -10.524024963378906
vertex 14.877655029296875 -63.747398376464844 -16.52937126159668
endloop
endfacet
facet normal 0.001973416114276026 0.9999980528125225 5.975315110654978e-8
outer loop
vertex 45.154457092285156 53.82905197143555 -6.596842288970947
vertex -10.785752296447754 53.93944549560547 -6.572899341583252
vertex 45.194881439208984 53.82897186279297 -1
endloop
endfacet
facet normal 0.6782276930071992 -0.734851819374577 8.140904080017335e-8
outer loop
vertex 14.904601097106934 -63.722530364990234 -16.55023956298828
vertex 14.94457721710205 -63.68563461303711 -16.56485366821289
vertex 14.877655029296875 -63.747398376464844 -1
endloop
endfacet
facet normal 0.678202322179959 -0.7348752344375956 0
outer loop
vertex 14.877655029296875 -63.747398376464844 -16.52937126159668
vertex 14.904601097106934 -63.722530364990234 -16.55023956298828
vertex 14.877655029296875 -63.747398376464844 -1
endloop
endfacet
facet normal 0.6782346994138367 -0.7348453527858796 1.371940121104196e-7
outer loop
vertex 14.94457721710205 -63.68563461303711 -16.56485366821289
vertex 17.750518798828125 -61.095855712890625 -16.242238998413086
vertex 14.877655029296875 -63.747398376464844 -1
endloop
endfacet
facet normal 0.0019734220627081463 0.9999980528007855 0
outer loop
vertex 45.194881439208984 53.82897186279297 -1
vertex -10.785752296447754 53.93944549560547 -6.572899341583252
vertex -10.785752296447754 53.93944549560547 -1
endloop
endfacet
facet normal 0.9967950083543453 -0.07999819572878238 0
outer loop
vertex 17.750518798828125 -61.095855712890625 -16.242238998413086
vertex 17.76430320739746 -60.92409896850586 -16.33460807800293
vertex 17.750518798828125 -61.095855712890625 -1
endloop
endfacet
facet normal 0 -1 0
outer loop
vertex -0.12234462052583694 -63.747398376464844 -5
vertex -6.367033958435059 -63.747398376464844 -9.949999809265137
vertex 14.877655029296875 -63.747398376464844 -16.52937126159668
endloop
endfacet
facet normal 0.001973365867458437 0.9999980460313833 -0.00011730545079335434
outer loop
vertex -10.785752296447754 53.93944549560547 -6.572899341583252
vertex 45.154457092285156 53.82905197143555 -6.596842288970947
vertex -10.749873161315918 53.93937301635742 -6.587190628051758
endloop
endfacet
facet normal 0 -1 0
outer loop
vertex -7.867033958435059 -63.747398376464844 -11.449999809265137
vertex 14.877655029296875 -63.747398376464844 -16.52937126159668
vertex -7.293008804321289 -63.747398376464844 -11.335819244384766
endloop
endfacet
facet normal 0.6956992476629441 -0.7183331795213233 0
outer loop
vertex 17.76430320739746 -60.92409896850586 -16.33460807800293
vertex 20.01167106628418 -58.74754333496094 -16.13857078552246
vertex 17.76430320739746 -60.92409896850586 -1
endloop
endfacet
facet normal 0.695705144633048 -0.7183274683088595 0.0000020233539472599933
outer loop
vertex 20.265033721923828 -58.502166748046875 -16.145130157470703
vertex 20.47355079650879 -58.30021667480469 -16.202804565429688
vertex 17.76430320739746 -60.92409896850586 -1
endloop
endfacet
facet normal 0.6956950256722632 -0.7183372684563941 -0.000001214656329266121
outer loop
vertex 17.76430320739746 -60.92409896850586 -1
vertex 20.01167106628418 -58.74754333496094 -16.13857078552246
vertex 20.265033721923828 -58.502166748046875 -16.145130157470703
endloop
endfacet
facet normal 0.048040797411996725 -0.9988453743117698 0
outer loop
vertex 20.47355079650879 -58.30021667480469 -16.202804565429688
vertex 20.58411407470703 -58.294898986816406 -16.157958984375
vertex 20.47355079650879 -58.30021667480469 -1
endloop
endfacet
facet normal 0.04805036434936283 -0.9988449141312622 6.994339112304928e-8
outer loop
vertex 20.47355079650879 -58.30021667480469 -1
vertex 20.58411407470703 -58.294898986816406 -16.157958984375
vertex 20.965774536132812 -58.27653884887695 -16.069683074951172
endloop
endfacet
facet normal 0.04805075324724637 -0.9988448954228907 8.267542690503659e-8
outer loop
vertex 20.47355079650879 -58.30021667480469 -1
vertex 20.965774536132812 -58.27653884887695 -16.069683074951172
vertex 21.239587783813477 -58.26336669921875 -16.049753189086914
endloop
endfacet
facet normal 0.04805285984691847 -0.998844794079889 1.901501298508131e-7
outer loop
vertex 20.47355079650879 -58.30021667480469 -1
vertex 21.239587783813477 -58.26336669921875 -16.049753189086914
vertex 30.288270950317383 -57.82804870605469 -16.011667251586914
endloop
endfacet
facet normal 0.3885841907666098 -0.9214132225479831 0
outer loop
vertex 30.33416748046875 -57.808692932128906 -16.02159881591797
vertex 30.288270950317383 -57.82804870605469 -1
vertex 30.288270950317383 -57.82804870605469 -16.011667251586914
endloop
endfacet
facet normal 0.38859330620837196 -0.9214093782733305 3.2804501358539244e-8
outer loop
vertex 30.288270950317383 -57.82804870605469 -1
vertex 30.33416748046875 -57.808692932128906 -16.02159881591797
vertex 31.922311782836914 -57.138912200927734 -15.963000297546387
endloop
endfacet
facet normal 0.6817311489798041 -0.7316027887526646 0
outer loop
vertex 31.980426788330078 -57.08475875854492 -15.983719825744629
vertex 31.922311782836914 -57.138912200927734 -1
vertex 31.922311782836914 -57.138912200927734 -15.963000297546387
endloop
endfacet
facet normal 0.6817395307722102 -0.731594978237606 6.073753377054768e-8
outer loop
vertex 31.922311782836914 -57.138912200927734 -1
vertex 31.980426788330078 -57.08475875854492 -15.983719825744629
vertex 35.53514862060547 -53.77227783203125 -15.697503089904785
endloop
endfacet
facet normal 0.9151745920692564 -0.4030576460394591 0
outer loop
vertex 35.53514862060547 -53.77227783203125 -15.697503089904785
vertex 35.594417572021484 -53.63770294189453 -15.737996101379395
vertex 35.53514862060547 -53.77227783203125 -1
endloop
endfacet
facet normal 0.9151766738534134 -0.40305291914908664 5.153386602832013e-8
outer loop
vertex 35.53514862060547 -53.77227783203125 -1
vertex 35.594417572021484 -53.63770294189453 -15.737996101379395
vertex 36.36437225341797 -51.889434814453125 -15.585042953491211
endloop
endfacet
facet normal 0.9999590451974478 -0.009050299873954571 0
outer loop
vertex 36.36437225341797 -51.889434814453125 -15.585042953491211
vertex 36.36594009399414 -51.71620559692383 -15.636244773864746
vertex 36.36437225341797 -51.889434814453125 -1
endloop
endfacet
facet normal 0.999959129702579 -0.009040958159865374 1.1057414915044837e-7
outer loop
vertex 36.36437225341797 -51.889434814453125 -1
vertex 36.36594009399414 -51.71620559692383 -15.636244773864746
vertex 36.437828063964844 -43.76515579223633 -14.9423828125
endloop
endfacet
facet normal 0.9999591575084213 -0.009037882221414911 0
outer loop
vertex 36.440982818603516 -43.41611099243164 -14.943049430847168
vertex 36.440982818603516 -43.41611099243164 -1
vertex 36.437828063964844 -43.76515579223633 -14.9423828125
endloop
endfacet
facet normal 0.8658071492098015 -0.5003778376159326 0
outer loop
vertex 36.440982818603516 -43.41611099243164 -14.943049430847168
vertex 36.45652770996094 -43.38921356201172 -14.927871704101562
vertex 36.440982818603516 -43.41611099243164 -1
endloop
endfacet
facet normal 0.8658199346633274 -0.5003557142069911 5.699444649824649e-8
outer loop
vertex 36.440982818603516 -43.41611099243164 -1
vertex 36.45652770996094 -43.38921356201172 -14.927871704101562
vertex 36.651145935058594 -43.05244445800781 -14.811748504638672
endloop
endfacet
facet normal 0.865817646047684 -0.5003596744267473 -8.210322022235217e-8
outer loop
vertex 36.440982818603516 -43.41611099243164 -1
vertex 36.651145935058594 -43.05244445800781 -14.811748504638672
vertex 36.7755012512207 -42.83726119995117 -14.785322189331055
endloop
endfacet
facet normal 0.8658187489709217 -0.500357765933964 2.4798800938727233e-8
outer loop
vertex 36.440982818603516 -43.41611099243164 -1
vertex 36.7755012512207 -42.83726119995117 -14.785322189331055
vertex 37.56843566894531 -41.46516799926758 -14.665279388427734
endloop
endfacet
facet normal 0.8658135482578685 -0.500366765132954 -0.0000018716586395306469
outer loop
vertex 36.440982818603516 -43.41611099243164 -1
vertex 37.632144927978516 -41.354923248291016 -14.651741027832031
vertex 37.75857925415039 -41.136146545410156 -14.672333717346191
endloop
endfacet
facet normal 0.8658231747592088 -0.500350107472442 0.0000014833192524797762
outer loop
vertex 36.440982818603516 -43.41611099243164 -1
vertex 37.56843566894531 -41.46516799926758 -14.665279388427734
vertex 37.632144927978516 -41.354923248291016 -14.651741027832031
endloop
endfacet
facet normal 0.5070960995128608 -0.8618895206804887 0
outer loop
vertex 37.75857925415039 -41.136146545410156 -14.672333717346191
vertex 37.87394332885742 -41.06827163696289 -14.622491836547852
vertex 37.75857925415039 -41.136146545410156 -1
endloop
endfacet
facet normal 0.5071044747448948 -0.8618845930248987 9.547923255922597e-8
outer loop
vertex 37.75857925415039 -41.136146545410156 -1
vertex 37.87394332885742 -41.06827163696289 -14.622491836547852
vertex 38.19412612915039 -40.879886627197266 -14.552226066589355
endloop
endfacet
facet normal 0.5070815389014235 -0.8618980873076352 -8.968063649325815e-7
outer loop
vertex 37.75857925415039 -41.136146545410156 -1
vertex 38.19412612915039 -40.879886627197266 -14.552226066589355
vertex 38.283111572265625 -40.82753372192383 -14.544961929321289
endloop
endfacet
facet normal 0.9963650284171591 0.08518643838342063 0.00002937381975159382
outer loop
vertex 76.00476837158203 -14.70669937133789 -12.347834587097168
vertex 75.9896469116211 -14.529816627502441 -12.399481773376465
vertex 71.23796844482422 41.045501708984375 -7.537346363067627
endloop
endfacet
facet normal 0.5070973706760133 -0.8618887727853686 -7.149149878738503e-8
outer loop
vertex 37.75857925415039 -41.136146545410156 -1
vertex 38.283111572265625 -40.82753372192383 -14.544961929321289
vertex 70.9195327758789 -21.625701904296875 -12.865018844604492
endloop
endfacet
facet normal 0 -1 0
outer loop
vertex -0.12234462052583694 -63.747398376464844 -5
vertex 14.877655029296875 -63.747398376464844 -16.52937126159668
vertex 11.877655029296875 -63.747398376464844 -5
endloop
endfacet
facet normal 0 -1 0
outer loop
vertex 11.877655029296875 -63.747398376464844 -5
vertex 14.877655029296875 -63.747398376464844 -16.52937126159668
vertex 14.877655029296875 -63.747398376464844 -1
endloop
endfacet
facet normal 0 -1 0
outer loop
vertex -25.367033004760742 -63.747398376464844 -9.949999809265137
vertex -21.367033004760742 -63.747398376464844 -4.949999809265137
vertex -25.367033004760742 -63.747398376464844 -4.949999809265137
endloop
endfacet
facet normal 0.678233624420932 -0.7348463449625299 -2.3802034367697818e-7
outer loop
vertex 14.877655029296875 -63.747398376464844 -1
vertex 17.750518798828125 -61.095855712890625 -16.242238998413086
vertex 16.909257888793945 -61.872310638427734 -1
endloop
endfacet
facet normal 0.6782359531733052 -0.7348441956109459 0
outer loop
vertex 16.909257888793945 -61.872310638427734 -1
vertex 17.750518798828125 -61.095855712890625 -16.242238998413086
vertex 17.750518798828125 -61.095855712890625 -1
endloop
endfacet
facet normal 0.9967939854077439 -0.08001094084514777 -1.4367243012767504e-7
outer loop
vertex 17.750518798828125 -61.095855712890625 -1
vertex 17.76430320739746 -60.92409896850586 -16.33460807800293
vertex 17.75334930419922 -61.06059265136719 -1
endloop
endfacet
facet normal 0.9967952726058394 -0.07999490302919617 0
outer loop
vertex 17.75334930419922 -61.06059265136719 -1
vertex 17.76430320739746 -60.92409896850586 -16.33460807800293
vertex 17.76430320739746 -60.92409896850586 -1
endloop
endfacet
facet normal 0.6956992859923268 -0.7183331423996575 0
outer loop
vertex 17.76430320739746 -60.92409896850586 -1
vertex 20.47355079650879 -58.30021667480469 -16.202804565429688
vertex 20.47355079650879 -58.30021667480469 -1
endloop
endfacet
facet normal 0.048052569682829165 -0.9988448080392053 0
outer loop
vertex 20.47355079650879 -58.30021667480469 -1
vertex 30.288270950317383 -57.82804870605469 -16.011667251586914
vertex 30.288270950317383 -57.82804870605469 -1
endloop
endfacet
facet normal 0 -1 0
outer loop
vertex -40.367034912109375 -63.747398376464844 -4.949999809265137
vertex -42.44514083862305 -63.747398376464844 -1
vertex -42.44514083862305 -63.747398376464844 -16.52937126159668
endloop
endfacet
facet normal 0.3885936195022242 -0.921409246145357 7.310318109607267e-8
outer loop
vertex 30.288270950317383 -57.82804870605469 -1
vertex 31.922311782836914 -57.138912200927734 -15.963000297546387
vertex 31.5177001953125 -57.30955123901367 -1
endloop
endfacet
facet normal -0.4099009724044241 -0.9121300306545703 0
outer loop
vertex -49.23196029663086 -56.9168586730957 -1
vertex -47.058292388916016 -57.893680572509766 -16.114219665527344
vertex -47.058292388916016 -57.893680572509766 -1
endloop
endfacet
facet normal -0.9291238326353164 -0.3697687164012943 0
outer loop
vertex -52.62112045288086 -53.27984619140625 -15.662185668945312
vertex -52.62112045288086 -53.27984619140625 -1
vertex -53.31574249267578 -51.53445816040039 -1
endloop
endfacet
facet normal -0.7315953391633535 -0.6817391434518467 0
outer loop
vertex -52.62112045288086 -53.27984619140625 -1
vertex -49.23196029663086 -56.9168586730957 -15.944974899291992
vertex -49.23196029663086 -56.9168586730957 -1
endloop
endfacet
facet normal -0.6341542204997516 -0.7732065859926133 0
outer loop
vertex -45.21037292480469 -61.479461669921875 -1
vertex -42.44514083862305 -63.747398376464844 -16.52937126159668
vertex -42.44514083862305 -63.747398376464844 -1
endloop
endfacet
facet normal -0.9806649860858484 -0.19569411096208977 0
outer loop
vertex -45.21037292480469 -61.479461669921875 -16.365358352661133
vertex -45.21037292480469 -61.479461669921875 -1
vertex -45.5474967956543 -59.790061950683594 -1
endloop
endfacet
facet normal -0.7821365977275305 -0.623107007258934 1.3281517351688564e-7
outer loop
vertex -45.595802307128906 -59.72943115234375 -16.307701110839844
vertex -45.5474967956543 -59.790061950683594 -1
vertex -47.058292388916016 -57.893680572509766 -1
endloop
endfacet
facet normal 0.38859132429205057 -0.9214102141201552 0
outer loop
vertex 31.5177001953125 -57.30955123901367 -1
vertex 31.922311782836914 -57.138912200927734 -15.963000297546387
vertex 31.922311782836914 -57.138912200927734 -1
endloop
endfacet
facet normal -0.03811403082293469 0.9992733963507826 0
outer loop
vertex -59.208187103271484 63.544921875 -5.725584983825684
vertex -59.208187103271484 63.544921875 -1
vertex -54.121089935302734 63.73895263671875 -1
endloop
endfacet
facet normal 0.6817393985227517 -0.7315951014747412 0
outer loop
vertex 31.922311782836914 -57.138912200927734 -1
vertex 35.53514862060547 -53.77227783203125 -15.697503089904785
vertex 35.53514862060547 -53.77227783203125 -1
endloop
endfacet
facet normal 0.9151765266040438 -0.4030532534950659 0
outer loop
vertex 35.53514862060547 -53.77227783203125 -1
vertex 36.36437225341797 -51.889434814453125 -15.585042953491211
vertex 36.36437225341797 -51.889434814453125 -1
endloop
endfacet
facet normal 0.9999591292033143 -0.009041013380323867 7.839434943790939e-8
outer loop
vertex 36.36437225341797 -51.889434814453125 -1
vertex 36.437828063964844 -43.76515579223633 -14.9423828125
vertex 36.440982818603516 -43.41611099243164 -1
endloop
endfacet
facet normal -0.999972760950998 -0.007380877728181707 0
outer loop
vertex -53.45024490356445 -33.31186294555664 -1
vertex -53.31574249267578 -51.53445816040039 -15.559432029724121
vertex -53.31574249267578 -51.53445816040039 -1
endloop
endfacet
facet normal 0 -1 0
outer loop
vertex -21.367033004760742 -63.747398376464844 -9.949999809265137
vertex -21.367033004760742 -63.747398376464844 -4.949999809265137
vertex -25.367033004760742 -63.747398376464844 -9.949999809265137
endloop
endfacet
facet normal 0.8658129955631202 -0.5003677214905771 -0.000002084401399455105
outer loop
vertex 36.440982818603516 -43.41611099243164 -1
vertex 37.75857925415039 -41.136146545410156 -14.672333717346191
vertex 36.54330825805664 -43.239051818847656 -1
endloop
endfacet
facet normal 0.8658188666209385 -0.5003575623523976 0
outer loop
vertex 36.54330825805664 -43.239051818847656 -1
vertex 37.75857925415039 -41.136146545410156 -14.672333717346191
vertex 37.75857925415039 -41.136146545410156 -1
endloop
endfacet
facet normal 0 -1 0
outer loop
vertex 5.477655410766602 -63.747398376464844 -1.6661099195480347
vertex -0.12234462052583694 -63.747398376464844 -4
vertex 5.477655410766602 -63.747398376464844 -4
endloop
endfacet
facet normal 0 -1 0
outer loop
vertex 11.877655029296875 -63.747398376464844 -4
vertex 11.877655029296875 -63.747398376464844 -5
vertex 14.877655029296875 -63.747398376464844 -1
endloop
endfacet
facet normal 0 -1 0
outer loop
vertex 11.877655029296875 -63.747398376464844 -4
vertex 14.877655029296875 -63.747398376464844 -1
vertex 6.277655601501465 -63.747398376464844 -4
endloop
endfacet
facet normal 0 -1 0
outer loop
vertex 6.277655601501465 -63.747398376464844 -1.6661099195480347
vertex 6.277655601501465 -63.747398376464844 -4
vertex 7.023780822753906 -63.747398376464844 -1.6591570377349854
endloop
endfacet
facet normal 0 -1 0
outer loop
vertex 7.023780822753906 -63.747398376464844 -1.6591570377349854
vertex 6.277655601501465 -63.747398376464844 -4
vertex 8.243461608886719 -63.747398376464844 -1.6254053115844727
endloop
endfacet
facet normal 0 -1 0
outer loop
vertex 8.243461608886719 -63.747398376464844 -1.6254053115844727
vertex 6.277655601501465 -63.747398376464844 -4
vertex 8.918567657470703 -63.747398376464844 -1.5949000120162964
endloop
endfacet
facet normal 0 -1 0
outer loop
vertex 8.918567657470703 -63.747398376464844 -1.5949000120162964
vertex 6.277655601501465 -63.747398376464844 -4
vertex 9.63043212890625 -63.747398376464844 -1.5589157342910767
endloop
endfacet
facet normal 0 -1 0
outer loop
vertex 9.63043212890625 -63.747398376464844 -1.5589157342910767
vertex 6.277655601501465 -63.747398376464844 -4
vertex 10.377655029296875 -63.747398376464844 -1.5076520442962646
endloop
endfacet
facet normal 0 -1 0
outer loop
vertex -42.44514083862305 -63.747398376464844 -1
vertex -40.367034912109375 -63.747398376464844 -4.949999809265137
vertex -40.25285339355469 -63.747398376464844 -4.375974655151367
endloop
endfacet
facet normal 0 -1 0
outer loop
vertex 10.377655029296875 -63.747398376464844 -1.5076520442962646
vertex 6.277655601501465 -63.747398376464844 -4
vertex 14.877655029296875 -63.747398376464844 -1
endloop
endfacet
facet normal 0 -1 0
outer loop
vertex 10.377655029296875 -63.747398376464844 -1
vertex 10.377655029296875 -63.747398376464844 -1.5076520442962646
vertex 14.877655029296875 -63.747398376464844 -1
endloop
endfacet
facet normal -0.9980224170831797 0.06285900889645607 -5.5827967489018744e-8
outer loop
vertex -60.81636428833008 19.99483871459961 -1
vertex -60.66611099243164 22.380434036254883 -1
vertex -60.81411361694336 20.03056526184082 -9.690027236938477
endloop
endfacet
facet normal 0 -1 0
outer loop
vertex -42.44514083862305 -63.747398376464844 -1
vertex -40.25285339355469 -63.747398376464844 -4.375974655151367
vertex -39.92769241333008 -63.747398376464844 -3.8893399238586426
endloop
endfacet
facet normal 0 -1 0
outer loop
vertex -42.44514083862305 -63.747398376464844 -1
vertex -39.92769241333008 -63.747398376464844 -3.8893399238586426
vertex -39.44105911254883 -63.747398376464844 -3.564180612564087
endloop
endfacet
facet normal 0 -1 0
outer loop
vertex -42.44514083862305 -63.747398376464844 -1
vertex -39.44105911254883 -63.747398376464844 -3.564180612564087
vertex -38.867034912109375 -63.747398376464844 -3.450000047683716
endloop
endfacet
facet normal 0.6602748954903086 0.7510240091936223 0
outer loop
vertex -38.22441482543945 50.71125411987305 -6.861317157745361
vertex -38.5076904296875 50.96030044555664 -6.805796146392822
vertex -38.22441482543945 50.71125411987305 -1
endloop
endfacet
facet normal -0.8961965936822653 -0.4436571485644118 0
outer loop
vertex -75.72212982177734 38.98875427246094 -1
vertex -74.80506896972656 37.13627243041992 -7.739234447479248
vertex -74.80506896972656 37.13627243041992 -1
endloop
endfacet
facet normal -0.9980223707293279 0.0628597448590645 -2.556289574134848e-7
outer loop
vertex -60.81411361694336 20.03056526184082 -9.690027236938477
vertex -60.66611099243164 22.380434036254883 -1
vertex -60.50090789794922 25.003358840942383 -1
endloop
endfacet
facet normal -0.6468549873885809 -0.7626130246005649 -3.1113381285669814e-7
outer loop
vertex -61.344268798828125 25.718708038330078 -8.74638843536377
vertex -60.50090789794922 25.003358840942383 -1
vertex -74.80506896972656 37.13627243041992 -1
endloop
endfacet
facet normal 0.6602753464871637 0.7510236126922082 0
outer loop
vertex -38.22441482543945 50.71125411987305 -1
vertex -52.3106575012207 63.09541702270508 -5.734465599060059
vertex -52.3106575012207 63.09541702270508 -1
endloop
endfacet
facet normal 0.33492850621914266 0.94224067410339 -0.002325464900368447
outer loop
vertex -54.150753021240234 63.737823486328125 -5.729783058166504
vertex -54.121089935302734 63.73895263671875 -1
vertex -52.3106575012207 63.09541702270508 -1
endloop
endfacet
facet normal 0.45273668638179826 0.891644263596211 0
outer loop
vertex -38.22441482543945 50.71125411987305 -6.861317157745361
vertex -38.22441482543945 50.71125411987305 -1
vertex -37.78046417236328 50.485836029052734 -1
endloop
endfacet
facet normal 0.6602753540064645 0.7510236060814843 -3.9663817354189184e-8
outer loop
vertex -38.5076904296875 50.96030044555664 -6.805796146392822
vertex -52.3106575012207 63.09541702270508 -5.734465599060059
vertex -38.22441482543945 50.71125411987305 -1
endloop
endfacet
facet normal 0.3349304974033452 0.9422428359553325 0
outer loop
vertex -52.3106575012207 63.09541702270508 -5.734465599060059
vertex -52.40380859375 63.1285285949707 -5.771012783050537
vertex -52.3106575012207 63.09541702270508 -1
endloop
endfacet
facet normal 0.3293244733829259 0.9442168056459238 0.00012315383106813212
outer loop
vertex -52.40380859375 63.1285285949707 -5.771012783050537
vertex -54.150753021240234 63.737823486328125 -5.729783058166504
vertex -52.3106575012207 63.09541702270508 -1
endloop
endfacet
facet normal -0.038114764867116464 0.9992733683526713 4.802823927369917e-7
outer loop
vertex -54.121089935302734 63.73895263671875 -1
vertex -54.150753021240234 63.737823486328125 -5.729783058166504
vertex -59.160343170166016 63.54674530029297 -5.746500015258789
endloop
endfacet
facet normal -0.7660547629400678 -0.6427753108021781 0
outer loop
vertex -54.65904235839844 -31.871227264404297 -1
vertex -53.45024490356445 -33.31186294555664 -14.106682777404785
vertex -53.45024490356445 -33.31186294555664 -1
endloop
endfacet
facet normal -0.7660560812836529 -0.6427737396069338 -2.25552363596131e-7
outer loop
vertex -55.76286315917969 -30.555696487426758 -1
vertex -53.615909576416016 -33.11442565917969 -13.990069389343262
vertex -54.65904235839844 -31.871227264404297 -1
endloop
endfacet
facet normal -0.9850441871198206 0.17230191357366034 5.539246743317604e-7
outer loop
vertex -64.05978393554688 16.89146614074707 -1
vertex -70.7748794555664 -21.49846839904785 -12.959704399108887
vertex -67.37191009521484 -2.043846607208252 -1
endloop
endfacet
facet normal -0.9850441293243994 0.1723022439886839 0
outer loop
vertex -70.7748794555664 -21.49846839904785 -12.959704399108887
vertex -70.7748794555664 -21.49846839904785 -1
vertex -67.37191009521484 -2.043846607208252 -1
endloop
endfacet
facet normal -0.1809452803437495 -0.9834931649591274 -1.945284800002455e-8
outer loop
vertex -65.95539093017578 -28.680452346801758 -1
vertex -56.50053787231445 -30.41997718811035 -13.618206977844238
vertex -55.76286315917969 -30.555696487426758 -1
endloop
endfacet
facet normal -0.5542520123337353 -0.8323489093066712 0
outer loop
vertex -66.03060913085938 -28.6303653717041 -1
vertex -65.95539093017578 -28.680452346801758 -13.46387767791748
vertex -65.95539093017578 -28.680452346801758 -1
endloop
endfacet
facet normal -0.9796014976983678 -0.20095000797983492 -1.3741572008860916e-7
outer loop
vertex -70.7748794555664 -21.49846839904785 -1
vertex -70.39310455322266 -23.359556198120117 -13.065903663635254
vertex -70.61405944824219 -22.282442092895508 -1
endloop
endfacet
facet normal -0.9796011946768459 -0.20095148515922023 0
outer loop
vertex -70.39310455322266 -23.359556198120117 -13.065903663635254
vertex -70.39310455322266 -23.359556198120117 -1
vertex -70.61405944824219 -22.282442092895508 -1
endloop
endfacet
facet normal -0.8376555328790346 -0.5461988724239006 0
outer loop
vertex -67.66655731201172 -27.541013717651367 -13.38704776763916
vertex -67.66655731201172 -27.541013717651367 -1
vertex -70.39310455322266 -23.359556198120117 -1
endloop
endfacet
facet normal -0.5542490858612924 -0.8323508580051571 2.5491938564491305e-8
outer loop
vertex -67.66655731201172 -27.541013717651367 -1
vertex -65.95539093017578 -28.680452346801758 -13.46387767791748
vertex -66.03060913085938 -28.6303653717041 -1
endloop
endfacet
facet normal 0.9518348049990566 -0.30661132397941165 0
outer loop
vertex 76.00476837158203 -14.70669937133789 -12.347834587097168
vertex 76.00476837158203 -14.70669937133789 -1
vertex 75.75542449951172 -15.480754852294922 -1
endloop
endfacet
facet normal 0.9518314190346916 -0.3066218350636152 -7.913784550751211e-7
outer loop
vertex 75.38812255859375 -16.620952606201172 -1
vertex 76.00476837158203 -14.70669937133789 -12.347834587097168
vertex 75.75542449951172 -15.480754852294922 -1
endloop
endfacet
facet normal 0.9518337191789539 -0.30661469474516523 5.381044434915852e-7
outer loop
vertex 75.38812255859375 -16.620952606201172 -1
vertex 75.43241119384766 -16.48348617553711 -12.500992774963379
vertex 76.00476837158203 -14.70669937133789 -12.347834587097168
endloop
endfacet
facet normal 0.9518205795776281 -0.3066554814323527 0
outer loop
vertex 75.38812255859375 -16.620952606201172 -12.457406997680664
vertex 75.43241119384766 -16.48348617553711 -12.500992774963379
vertex 75.38812255859375 -16.620952606201172 -1
endloop
endfacet
facet normal 0.7592955429228485 -0.6507459400545629 0
outer loop
vertex 71.55435180664062 -21.094226837158203 -1
vertex 75.38812255859375 -16.620952606201172 -12.457406997680664
vertex 75.38812255859375 -16.620952606201172 -1
endloop
endfacet
facet normal 0.6419437424286963 -0.7667517404979526 0
outer loop
vertex 71.43019104003906 -21.198177337646484 -1
vertex 71.55435180664062 -21.094226837158203 -12.735157012939453
vertex 71.55435180664062 -21.094226837158203 -1
endloop
endfacet
facet normal 0.6419337588526468 -0.7667600988870507 -1.796675735500197e-7
outer loop
vertex 70.9195327758789 -21.625701904296875 -1
vertex 71.55435180664062 -21.094226837158203 -12.735157012939453
vertex 71.43019104003906 -21.198177337646484 -1
endloop
endfacet
facet normal 0.5070974173924062 -0.8618887452995031 0
outer loop
vertex 50.46162414550781 -33.662235260009766 -1
vertex 70.9195327758789 -21.625701904296875 -12.865018844604492
vertex 70.9195327758789 -21.625701904296875 -1
endloop
endfacet
facet normal 0.7592955429228485 -0.6507459400545629 0
outer loop
vertex 75.38812255859375 -16.620952606201172 -12.457406997680664
vertex 71.55435180664062 -21.094226837158203 -1
vertex 71.55435180664062 -21.094226837158203 -12.735157012939453
endloop
endfacet
facet normal 0.6419369595959672 -0.7667574192041915 1.1483870327024767e-7
outer loop
vertex 71.55435180664062 -21.094226837158203 -12.735157012939453
vertex 70.9195327758789 -21.625701904296875 -1
vertex 70.99166107177734 -21.565317153930664 -12.874217987060547
endloop
endfacet
facet normal 0.6419258445437993 -0.7667667246997162 0
outer loop
vertex 70.9195327758789 -21.625701904296875 -12.865018844604492
vertex 70.99166107177734 -21.565317153930664 -12.874217987060547
vertex 70.9195327758789 -21.625701904296875 -1
endloop
endfacet
facet normal 0.5070973450446097 -0.8618887878657431 -1.6792510877848253e-7
outer loop
vertex 37.75857925415039 -41.136146545410156 -1
vertex 70.9195327758789 -21.625701904296875 -12.865018844604492
vertex 50.46162414550781 -33.662235260009766 -1
endloop
endfacet
facet normal -0.000001419591489627102 0.0871545789045811 -0.9961947999131244
outer loop
vertex 36.74419021606445 -40.67079162597656 -15.663901329040527
vertex -38.75111770629883 50.15734100341797 -7.717468738555908
vertex -38.44161605834961 49.99253845214844 -7.731887340545654
endloop
endfacet
facet normal 3.2418907316213187e-7 0.08715594517412352 -0.996194680381651
outer loop
vertex 36.74419021606445 -40.67079162597656 -15.663901329040527
vertex -17.271869659423828 47.0329475402832 -7.990818023681641
vertex -16.943893432617188 47.22244644165039 -7.974238872528076
endloop
endfacet
facet normal -5.562386736834672e-7 0.08715523633643345 -0.9961947423967018
outer loop
vertex 35.84613800048828 -42.21152114868164 -15.798697471618652
vertex 35.67508316040039 -42.5576057434082 -15.828975677490234
vertex -60.47855758666992 62.092105865478516 -6.673312187194824
endloop
endfacet
facet normal -1.0156656870048123e-7 0.08715565296910009 -0.9961947059463424
outer loop
vertex -60.47855758666992 62.092105865478516 -6.673312187194824
vertex -58.961936950683594 62.82967758178711 -6.60878324508667
vertex 36.74419021606445 -40.67079162597656 -15.663901329040527
endloop
endfacet
facet normal 1.5219119607676647e-8 0.08715575273035776 -0.9961946972183723
outer loop
vertex 35.5050163269043 -43.116111755371094 -15.877838134765625
vertex -74.49397277832031 45.57432556152344 -8.118431091308594
vertex -60.47855758666992 62.092105865478516 -6.673312187194824
endloop
endfacet
facet normal 2.968192490761213e-7 0.08715613524911871 -0.9961946637521951
outer loop
vertex 35.5050163269043 -43.116111755371094 -15.877838134765625
vertex -74.00873565673828 38.01430130004883 -8.779847145080566
vertex -74.74541473388672 39.50240707397461 -8.649654388427734
endloop
endfacet
facet normal 0.0000021412113082000974 0.08715866980377289 -0.9961944420008836
outer loop
vertex -60.07480239868164 26.046985626220703 -9.826851844787598
vertex -60.44647216796875 26.49814224243164 -9.78738021850586
vertex 35.5050163269043 -43.116111755371094 -15.877838134765625
endloop
endfacet
facet normal 5.976926350507778e-7 0.08715655294444201 -0.9961946272082004
outer loop
vertex -59.79862976074219 25.532264709472656 -9.8718843460083
vertex -60.07480239868164 26.046985626220703 -9.826851844787598
vertex 35.5050163269043 -43.116111755371094 -15.877838134765625
endloop
endfacet
facet normal -5.149970530754293e-7 0.08715501994584157 -0.9961947613283132
outer loop
vertex 35.5050163269043 -43.116111755371094 -15.877838134765625
vertex -59.62855911254883 24.9737606048584 -9.920746803283691
vertex -59.79862976074219 25.532264709472656 -9.8718843460083
endloop
endfacet
facet normal -0.000001176221195153786 0.0871540913381131 -0.9961948425692859
outer loop
vertex 35.5050163269043 -43.116111755371094 -15.877838134765625
vertex -59.57699966430664 24.206499099731445 -9.987873077392578
vertex -59.571136474609375 24.392934799194336 -9.971562385559082
endloop
endfacet
facet normal -1.1371211361045035e-7 0.08715557635290906 -0.9961947126493792
outer loop
vertex 35.5050163269043 -43.116111755371094 -15.877838134765625
vertex -59.571136474609375 24.392934799194336 -9.971562385559082
vertex -59.62855911254883 24.9737606048584 -9.920746803283691
endloop
endfacet
facet normal -2.342257918821079e-8 0.08715570710750972 -0.9961947012098537
outer loop
vertex 35.5050163269043 -43.116111755371094 -15.877838134765625
vertex -59.76698684692383 21.190109252929688 -10.2517728805542
vertex -59.57699966430664 24.206499099731445 -9.987873077392578
endloop
endfacet
facet normal 6.180486267987775e-7 0.0871566502512845 -0.9961946186948579
outer loop
vertex 35.5050163269043 -43.116111755371094 -15.877838134765625
vertex -59.818546295166016 20.79572105407715 -10.286277770996094
vertex -59.76698684692383 21.190109252929688 -10.2517728805542
endloop
endfacet
facet normal -3.1411736098427745e-7 0.08715527050038449 -0.996194739407866
outer loop
vertex 35.5050163269043 -43.116111755371094 -15.877838134765625
vertex -59.98861312866211 20.23721694946289 -10.335140228271484
vertex -59.818546295166016 20.79572105407715 -10.286277770996094
endloop
endfacet
facet normal -1.4025289674514576e-7 0.08715554974959294 -0.9961947149768596
outer loop
vertex 35.5050163269043 -43.116111755371094 -15.877838134765625
vertex -60.63126754760742 26.64922332763672 -9.774162292480469
vertex -74.00873565673828 38.01430130004883 -8.779847145080566
endloop
endfacet
facet normal 0.0000018728418277477858 0.08715830271173901 -0.9961944741188345
outer loop
vertex -60.44647216796875 26.49814224243164 -9.78738021850586
vertex -60.63126754760742 26.64922332763672 -9.774162292480469
vertex 35.5050163269043 -43.116111755371094 -15.877838134765625
endloop
endfacet
facet normal 8.857911198840945e-8 0.08715584302450981 -0.9961946893186489
outer loop
vertex 35.5050163269043 -43.116111755371094 -15.877838134765625
vertex -74.98567962646484 44.118919372558594 -8.245762825012207
vertex -74.49397277832031 45.57432556152344 -8.118431091308594
endloop
endfacet
facet normal -1.556533867311804e-7 0.08715553603276519 -0.9961947161769213
outer loop
vertex -74.74541473388672 39.50240707397461 -8.649654388427734
vertex -74.98567962646484 44.118919372558594 -8.245762825012207
vertex 35.5050163269043 -43.116111755371094 -15.877838134765625
endloop
endfacet
facet normal 6.60566799785813e-7 0.08715643020355558 -0.9961946379466898
outer loop
vertex -42.09054946899414 -62.502540588378906 -17.573930740356445
vertex -44.309574127197266 -60.68258285522461 -17.414705276489258
vertex -44.483604431152344 -59.81065368652344 -17.338420867919922
endloop
endfacet
facet normal -0.000003981059193245287 0.08715233519721365 -0.9961949961999527
outer loop
vertex -42.09054946899414 -62.502540588378906 -17.573930740356445
vertex -44.483604431152344 -59.81065368652344 -17.338420867919922
vertex -44.65370559692383 -59.25181198120117 -17.28952980041504
endloop
endfacet
facet normal 0.000003136984152874679 0.08715790504700802 -0.9961945089077614
outer loop
vertex -42.09054946899414 -62.502540588378906 -17.573930740356445
vertex -44.65370559692383 -59.25181198120117 -17.28952980041504
vertex -44.92987823486328 -58.737091064453125 -17.244497299194336
endloop
endfacet
facet normal 0.000001544783950698921 0.08715701009057597 -0.9961945872115974
outer loop
vertex 36.74419021606445 -40.67079162597656 -15.663901329040527
vertex -37.766326904296875 49.649658203125 -7.761885643005371
vertex -37.559139251708984 49.539337158203125 -7.7715373039245605
endloop
endfacet
facet normal -1.9660598591958363e-7 0.08715558665635825 -0.9961947117479331
outer loop
vertex 36.74419021606445 -40.67079162597656 -15.663901329040527
vertex -37.559139251708984 49.539337158203125 -7.7715373039245605
vertex -37.06428146362305 49.389793395996094 -7.784620761871338
endloop
endfacet
facet normal 4.787021685172341e-7 0.08715614475928066 -0.9961946629200893
outer loop
vertex -38.75111770629883 50.15734100341797 -7.717468738555908
vertex 36.74419021606445 -40.67079162597656 -15.663901329040527
vertex -39.060020446777344 50.40988540649414 -7.695374011993408
endloop
endfacet
facet normal 7.648597811518172e-7 0.08715640946113434 -0.996194639761356
outer loop
vertex -66.94822692871094 -26.57472801208496 -14.430655479431152
vertex -69.46204376220703 -22.719528198242188 -14.093368530273438
vertex -65.57544708251953 -27.488842010498047 -14.510629653930664
endloop
endfacet
facet normal 1.299934655344491e-7 0.08715585674216676 -0.9961946881185032
outer loop
vertex 36.74419021606445 -40.67079162597656 -15.663901329040527
vertex -52.82211685180664 62.49249267578125 -6.6382832527160645
vertex -39.060020446777344 50.40988540649414 -7.695374011993408
endloop
endfacet
facet normal 2.6527834101357396e-8 0.08715576813491124 -0.9961946958706479
outer loop
vertex 36.74419021606445 -40.67079162597656 -15.663901329040527
vertex -37.06428146362305 49.389793395996094 -7.784620761871338
vertex -21.15017318725586 45.856502532958984 -8.093743324279785
endloop
endfacet
facet normal -0.00000699039870897826 0.08715110885471797 -0.9961951034694596
outer loop
vertex 36.74419021606445 -40.67079162597656 -15.663901329040527
vertex -21.15017318725586 45.856502532958984 -8.093743324279785
vertex -21.084394454956055 45.83662414550781 -8.09548282623291
endloop
endfacet
facet normal -1.3914170290390848e-7 0.08715565400480974 -0.9961947058557249
outer loop
vertex 36.74419021606445 -40.67079162597656 -15.663901329040527
vertex -21.084394454956055 45.83662414550781 -8.09548282623291
vertex -20.50135040283203 45.7794189453125 -8.10048770904541
endloop
endfacet
facet normal -1.729537717427469e-7 0.08715559572146192 -0.9961947109548449
outer loop
vertex 36.74419021606445 -40.67079162597656 -15.663901329040527
vertex -54.273765563964844 63.00849533081055 -6.593138694763184
vertex -52.82211685180664 62.49249267578125 -6.6382832527160645
endloop
endfacet
facet normal -4.2344617039119203e-7 0.08715539871874292 -0.9961947281902256
outer loop
vertex 36.74419021606445 -40.67079162597656 -15.663901329040527
vertex -38.44161605834961 49.99253845214844 -7.731887340545654
vertex -37.766326904296875 49.649658203125 -7.761885643005371
endloop
endfacet
facet normal 4.890547636918333e-9 0.08715575066145473 -0.996194697399378
outer loop
vertex 36.74419021606445 -40.67079162597656 -15.663901329040527
vertex -58.961936950683594 62.82967758178711 -6.60878324508667
vertex -54.273765563964844 63.00849533081055 -6.593138694763184
endloop
endfacet
facet normal 1.2216474312903888e-7 0.08715582572216124 -0.9961946908324062
outer loop
vertex 36.74419021606445 -40.67079162597656 -15.663901329040527
vertex -20.50135040283203 45.7794189453125 -8.10048770904541
vertex -19.918306350708008 45.83662414550781 -8.09548282623291
endloop
endfacet
facet normal 6.553856542027364e-7 0.08715617232966394 -0.9961946605078811
outer loop
vertex 36.74419021606445 -40.67079162597656 -15.663901329040527
vertex -19.918306350708008 45.83662414550781 -8.09548282623291
vertex -19.357669830322266 46.006046295166016 -8.080659866333008
endloop
endfacet
facet normal -3.2279415965156193e-7 0.08715554400901149 -0.9961947154790518
outer loop
vertex 36.74419021606445 -40.67079162597656 -15.663901329040527
vertex -19.357669830322266 46.006046295166016 -8.080659866333008
vertex -19.168960571289062 46.091670989990234 -8.073168754577637
endloop
endfacet
facet normal 5.0122740429600024e-8 0.08715583143392473 -0.9961946903326973
outer loop
vertex -65.57544708251953 -27.488842010498047 -14.510629653930664
vertex -69.46204376220703 -22.719528198242188 -14.093368530273438
vertex -56.29294204711914 -29.20046043395996 -14.66037654876709
endloop
endfacet
facet normal -0.000009352753949425298 0.08713687012515783 -0.9961963490082251
outer loop
vertex -56.29294204711914 -29.20046043395996 -14.66037654876709
vertex -69.46204376220703 -22.719528198242188 -14.093368530273438
vertex -56.251983642578125 -29.204479217529297 -14.660728454589844
endloop
endfacet
facet normal 0.0000012325293117329395 0.08715778097808857 -0.9961945197668257
outer loop
vertex -69.76885223388672 -21.22386932373047 -13.962515830993652
vertex -55.691349029541016 -29.373899459838867 -14.67555046081543
vertex -56.251983642578125 -29.204479217529297 -14.660728454589844
endloop
endfacet
facet normal -1.9961201619233456e-7 0.08715537376632627 -0.9961947303733403
outer loop
vertex -56.251983642578125 -29.204479217529297 -14.660728454589844
vertex -69.46204376220703 -22.719528198242188 -14.093368530273438
vertex -69.76885223388672 -21.22386932373047 -13.962515830993652
endloop
endfacet
facet normal 3.549180552958778e-7 0.08715615730095275 -0.9961946618228816
outer loop
vertex 70.26871490478516 41.03844451904297 -8.51526927947998
vertex 66.22416687011719 45.47951889038086 -8.126725196838379
vertex 69.59915924072266 42.396812438964844 -8.396427154541016
endloop
endfacet
facet normal 3.065290175265916e-8 0.08715592304395275 -0.9961946823178468
outer loop
vertex -51.77045822143555 -52.48515319824219 -16.69752311706543
vertex 14.474848747253418 -62.502540588378906 -17.573930740356445
vertex -48.64335250854492 -55.840946197509766 -16.991117477416992
endloop
endfacet
facet normal -4.89871045000232e-8 0.08715540038259867 -0.9961947280447465
outer loop
vertex -51.77045822143555 -52.48515319824219 -16.69752311706543
vertex -52.32854461669922 -51.08283615112305 -16.57483673095703
vertex 14.474848747253418 -62.502540588378906 -17.573930740356445
endloop
endfacet
facet normal 1.0722975306769136e-8 0.08715574702347369 -0.99619469771766
outer loop
vertex 14.474848747253418 -62.502540588378906 -17.573930740356445
vertex -52.32854461669922 -51.08283615112305 -16.57483673095703
vertex -52.45849609375 -33.75933837890625 -15.059226989746094
endloop
endfacet
facet normal 0 0.08715555757988265 -0.9961947142918094
outer loop
vertex -42.09054946899414 -62.502540588378906 -17.573930740356445
vertex -44.92987823486328 -58.737091064453125 -17.244497299194336
vertex 14.474848747253418 -62.502540588378906 -17.573930740356445
endloop
endfacet
facet normal -1.1349862938082368e-7 0.0871545675918899 -0.9961948009038483
outer loop
vertex -47.09738540649414 -56.54408264160156 -17.05263328552246
vertex -48.64335250854492 -55.840946197509766 -16.991117477416992
vertex 14.474848747253418 -62.502540588378906 -17.573930740356445
endloop
endfacet
facet normal -1.323151692175476e-7 0.08715405751445982 -0.9961948455291006
outer loop
vertex -46.20989227294922 -57.14575958251953 -17.105274200439453
vertex -46.66277313232422 -56.77550506591797 -17.0728816986084
vertex 14.474848747253418 -62.502540588378906 -17.573930740356445
endloop
endfacet
facet normal 8.028857845579154e-7 0.08716396519381124 -0.996193978686404
outer loop
vertex -46.66277313232422 -56.77550506591797 -17.0728816986084
vertex -47.09738540649414 -56.54408264160156 -17.05263328552246
vertex 14.474848747253418 -62.502540588378906 -17.573930740356445
endloop
endfacet
facet normal 9.578413364438157e-8 0.0871567785551342 -0.9961946074697866
outer loop
vertex -45.07386016845703 -58.540348052978516 -17.227285385131836
vertex -45.9931640625 -57.40884017944336 -17.1282901763916
vertex 14.474848747253418 -62.502540588378906 -17.573930740356445
endloop
endfacet
facet normal -2.800962325076811e-7 0.08715117227299134 -0.9961950979458617
outer loop
vertex 14.474848747253418 -62.502540588378906 -17.573930740356445
vertex -44.92987823486328 -58.737091064453125 -17.244497299194336
vertex -45.07386016845703 -58.540348052978516 -17.227285385131836
endloop
endfacet
facet normal -1.9511123388153525e-7 0.08715335152766686 -0.9961949072934758
outer loop
vertex 14.474848747253418 -62.502540588378906 -17.573930740356445
vertex -45.9931640625 -57.40884017944336 -17.1282901763916
vertex -46.20989227294922 -57.14575958251953 -17.105274200439453
endloop
endfacet
facet normal 4.686869001077358e-9 0.08715574312969991 -0.9961946980583212
outer loop
vertex -53.162841796875 -31.880937576293945 -14.894887924194336
vertex -54.552955627441406 -30.224206924438477 -14.749942779541016
vertex 14.474848747253418 -62.502540588378906 -17.573930740356445
endloop
endfacet
facet normal -7.129957284572701e-8 0.08715555747115898 -0.9961947143013189
outer loop
vertex 14.474848747253418 -62.502540588378906 -17.573930740356445
vertex -52.45849609375 -33.75933837890625 -15.059226989746094
vertex -52.513755798339844 -33.20038986206055 -15.01032543182373
endloop
endfacet
facet normal 4.31759344954721e-7 0.0871566987945563 -0.9961946144479245
outer loop
vertex 14.474848747253418 -62.502540588378906 -17.573930740356445
vertex -52.513755798339844 -33.20038986206055 -15.01032543182373
vertex -52.68382263183594 -32.641883850097656 -14.961462020874023
endloop
endfacet
facet normal -7.838477634855488e-7 0.08715398557810153 -0.9961948518222917
outer loop
vertex -52.68382263183594 -32.641883850097656 -14.961462020874023
vertex -52.959999084472656 -32.12716293334961 -14.916430473327637
vertex 14.474848747253418 -62.502540588378906 -17.573930740356445
endloop
endfacet
facet normal 0.000001823343510534878 0.08715972970454496 -0.996194349268508
outer loop
vertex 14.474848747253418 -62.502540588378906 -17.573930740356445
vertex -52.959999084472656 -32.12716293334961 -14.916430473327637
vertex -53.162841796875 -31.880937576293945 -14.894887924194336
endloop
endfacet
facet normal 0.000008240921351746256 0.08717305667683745 -0.9961931831335247
outer loop
vertex 14.474848747253418 -62.502540588378906 -17.573930740356445
vertex -55.174659729003906 -29.649023056030273 -14.699621200561523
vertex -55.691349029541016 -29.373899459838867 -14.67555046081543
endloop
endfacet
facet normal -0.0000016858927358202384 0.08715217169022973 -0.9961950105109111
outer loop
vertex -54.72178268432617 -30.019277572631836 -14.732013702392578
vertex -55.174659729003906 -29.649023056030273 -14.699621200561523
vertex 14.474848747253418 -62.502540588378906 -17.573930740356445
endloop
endfacet
facet normal 3.106864433589042e-7 0.08715639254454587 -0.9961946412416223
outer loop
vertex -54.552955627441406 -30.224206924438477 -14.749942779541016
vertex -54.72178268432617 -30.019277572631836 -14.732013702392578
vertex 14.474848747253418 -62.502540588378906 -17.573930740356445
endloop
endfacet
facet normal -1.7244686793213628e-7 0.08715537260484991 -0.9961947304749609
outer loop
vertex -55.691349029541016 -29.373899459838867 -14.67555046081543
vertex -69.76885223388672 -21.22386932373047 -13.962515830993652
vertex 14.474848747253418 -62.502540588378906 -17.573930740356445
endloop
endfacet
facet normal 2.4051745033808646e-8 0.0871557705834121 -0.9961946956564319
outer loop
vertex 14.474848747253418 -62.502540588378906 -17.573930740356445
vertex -69.76885223388672 -21.22386932373047 -13.962515830993652
vertex 19.241884231567383 -57.86664962768555 -17.16834259033203
endloop
endfacet
facet normal -7.32575126314264e-8 0.08715553600038181 -0.9961947161797642
outer loop
vertex 19.241884231567383 -57.86664962768555 -17.16834259033203
vertex -69.76885223388672 -21.22386932373047 -13.962515830993652
vertex 19.667957305908203 -57.518310546875 -17.137866973876953
endloop
endfacet
facet normal -0.0000011304586641400923 0.08715295063260933 -0.9961949423655754
outer loop
vertex 19.667957305908203 -57.518310546875 -17.137866973876953
vertex -69.76885223388672 -21.22386932373047 -13.962515830993652
vertex 20.18464469909668 -57.243186950683594 -17.113798141479492
endloop
endfacet
facet normal 0.0000014121276401231475 0.08715925217278281 -0.9961943910496017
outer loop
vertex 20.18464469909668 -57.243186950683594 -17.113798141479492
vertex -69.76885223388672 -21.22386932373047 -13.962515830993652
vertex 20.745281219482422 -57.07376480102539 -17.098974227905273
endloop
endfacet
facet normal -0.0000014490782909682508 0.08715208304903121 -0.9961950182660597
outer loop
vertex 20.745281219482422 -57.07376480102539 -17.098974227905273
vertex -69.76885223388672 -21.22386932373047 -13.962515830993652
vertex 21.18468475341797 -57.03065490722656 -17.095203399658203
endloop
endfacet
facet normal 7.683644921177776e-8 0.08715592961383938 -0.9961946817430525
outer loop
vertex 21.18468475341797 -57.03065490722656 -17.095203399658203
vertex -69.76885223388672 -21.22386932373047 -13.962515830993652
vertex 30.064870834350586 -56.59278869628906 -17.056894302368164
endloop
endfacet
facet normal -1.7023357447182946e-7 0.08715523752157818 -0.9961947422931564
outer loop
vertex 30.064870834350586 -56.59278869628906 -17.056894302368164
vertex -69.76885223388672 -21.22386932373047 -13.962515830993652
vertex 31.375213623046875 -56.04016876220703 -17.008546829223633
endloop
endfacet
facet normal 2.7777531051845545e-10 0.08715572910763336 -0.9961946992850929
outer loop
vertex 31.375213623046875 -56.04016876220703 -17.008546829223633
vertex -69.76885223388672 -21.22386932373047 -13.962515830993652
vertex 34.71147537231445 -52.93126678466797 -16.736553192138672
endloop
endfacet
facet normal 8.479790449113907e-8 0.08715600549776235 -0.9961946751040515
outer loop
vertex 34.71147537231445 -52.93126678466797 -16.736553192138672
vertex -69.76885223388672 -21.22386932373047 -13.962515830993652
vertex 35.377655029296875 -51.41862487792969 -16.60421371459961
endloop
endfacet
facet normal -3.313529220534202e-8 0.08715559794123397 -0.9961947107606549
outer loop
vertex 35.377655029296875 -51.41862487792969 -16.60421371459961
vertex -69.76885223388672 -21.22386932373047 -13.962515830993652
vertex 35.45023727416992 -43.670143127441406 -15.926310539245605
endloop
endfacet
facet normal 3.5122388758606094e-7 0.08715738597601685 -0.9961945543264651
outer loop
vertex 35.45023727416992 -43.670143127441406 -15.926310539245605
vertex -69.76885223388672 -21.22386932373047 -13.962515830993652
vertex 35.5050163269043 -43.116111755371094 -15.877838134765625
endloop
endfacet
facet normal -1.2612712292845576e-7 0.08715572253427205 -0.9961946998601795
outer loop
vertex 70.26871490478516 41.03844451904297 -8.51526927947998
vertex 75.00294494628906 -14.333627700805664 -13.359697341918945
vertex 66.22416687011719 45.47951889038086 -8.126725196838379
endloop
endfacet
facet normal -1.2344279944194043e-7 0.08715572292525764 -0.996194699825973
outer loop
vertex 66.22416687011719 45.47951889038086 -8.126725196838379
vertex 75.00294494628906 -14.333627700805664 -13.359697341918945
vertex 64.67578125 46.021263122558594 -8.079328536987305
endloop
endfacet
facet normal 3.4734345553390824e-8 0.08715574978493472 -0.9961946974760629
outer loop
vertex 75.00294494628906 -14.333627700805664 -13.359697341918945
vertex 54.62364959716797 45.346370697021484 -8.138374328613281
vertex 64.67578125 46.021263122558594 -8.079328536987305
endloop
endfacet
facet normal 0.0000021518398346665537 0.08715659359562171 -0.9961946236495041
outer loop
vertex 50.127685546875 47.97868728637695 -7.908076286315918
vertex 75.00294494628906 -14.333627700805664 -13.359697341918945
vertex 49.56502151489258 49.16447830200195 -7.804333209991455
endloop
endfacet
facet normal 2.7481341136077933e-8 0.0871557435480387 -0.996194698021721
outer loop
vertex 75.00294494628906 -14.333627700805664 -13.359697341918945
vertex 51.31357192993164 46.68531036376953 -8.021232604980469
vertex 52.906646728515625 45.75113296508789 -8.102962493896484
endloop
endfacet
facet normal 4.553897759161067e-7 0.08715589972039889 -0.9961946843582937
outer loop
vertex 54.42268753051758 45.339630126953125 -8.13896369934082
vertex 75.00294494628906 -14.333627700805664 -13.359697341918945
vertex 53.83964538574219 45.3968391418457 -8.13395881652832
endloop
endfacet
facet normal 3.5209643483830445e-7 0.08715586340020162 -0.9961946875359462
outer loop
vertex 75.00294494628906 -14.333627700805664 -13.359697341918945
vertex 53.27900695800781 45.56625747680664 -8.119136810302734
vertex 53.83964538574219 45.3968391418457 -8.13395881652832
endloop
endfacet
facet normal 6.259727887282126e-7 0.08715596197263921 -0.996194678911824
outer loop
vertex 75.00294494628906 -14.333627700805664 -13.359697341918945
vertex 52.906646728515625 45.75113296508789 -8.102962493896484
vertex 53.27900695800781 45.56625747680664 -8.119136810302734
endloop
endfacet
facet normal -0.0000017286143153814348 0.08715515221724003 -0.9961947497547865
outer loop
vertex 75.00294494628906 -14.333627700805664 -13.359697341918945
vertex 54.42268753051758 45.339630126953125 -8.13896369934082
vertex 54.62364959716797 45.346370697021484 -8.138374328613281
endloop
endfacet
facet normal 0.0000018465921645868917 0.08715645963140746 -0.9961946353705731
outer loop
vertex 51.16924285888672 46.77555847167969 -8.013336181640625
vertex 75.00294494628906 -14.333627700805664 -13.359697341918945
vertex 50.716365814208984 47.14581298828125 -7.98094367980957
endloop
endfacet
facet normal -0.000004236682769682168 0.08715406265045986 -0.9961948450707674
outer loop
vertex 50.344696044921875 47.59696960449219 -7.94147253036499
vertex 75.00294494628906 -14.333627700805664 -13.359697341918945
vertex 50.127685546875 47.97868728637695 -7.908076286315918
endloop
endfacet
facet normal -7.111379898463393e-7 0.08715509509383526 -0.996194754753647
outer loop
vertex 35.5050163269043 -43.116111755371094 -15.877838134765625
vertex -60.47855758666992 62.092105865478516 -6.673312187194824
vertex 35.67508316040039 -42.5576057434082 -15.828975677490234
endloop
endfacet
facet normal 8.237561814593474e-8 0.08715582161866267 -0.9961946911914202
outer loop
vertex 36.650264739990234 -40.845848083496094 -15.679216384887695
vertex 35.84613800048828 -42.21152114868164 -15.798697471618652
vertex -60.47855758666992 62.092105865478516 -6.673312187194824
endloop
endfacet
facet normal -0.0000015377981314089787 0.08715430448903405 -0.9961948239208372
outer loop
vertex 36.74419021606445 -40.67079162597656 -15.663901329040527
vertex 36.650264739990234 -40.845848083496094 -15.679216384887695
vertex -60.47855758666992 62.092105865478516 -6.673312187194824
endloop
endfacet
facet normal 8.273811727771219e-7 0.08715624280921838 -0.9961946543415579
outer loop
vertex 37.11585998535156 -40.219635009765625 -15.624429702758789
vertex 36.74419021606445 -40.67079162597656 -15.663901329040527
vertex -16.491012573242188 47.59270095825195 -7.941845893859863
endloop
endfacet
facet normal -8.371836167332937e-7 0.08715523435985284 -0.9961947425694327
outer loop
vertex 37.56874084472656 -39.84938049316406 -15.592037200927734
vertex 37.11585998535156 -40.219635009765625 -15.624429702758789
vertex -16.491012573242188 47.59270095825195 -7.941845893859863
endloop
endfacet
facet normal 0.000001929545632530748 0.08715693185538564 -0.9961945940557158
outer loop
vertex 37.709312438964844 -39.7613410949707 -15.584334373474121
vertex 37.56874084472656 -39.84938049316406 -15.592037200927734
vertex -16.491012573242188 47.59270095825195 -7.941845893859863
endloop
endfacet
facet normal 6.430893276507609e-9 0.08715574768975629 -0.9961946976593679
outer loop
vertex 37.709312438964844 -39.7613410949707 -15.584334373474121
vertex -16.491012573242188 47.59270095825195 -7.941845893859863
vertex 70.28365325927734 -20.59603500366211 -13.907587051391602
endloop
endfacet
facet normal -3.2580325812065315e-7 0.08715560797643607 -0.9961947098826371
outer loop
vertex 75.00294494628906 -14.333627700805664 -13.359697341918945
vertex 50.344696044921875 47.59696960449219 -7.94147253036499
vertex 50.716365814208984 47.14581298828125 -7.98094367980957
endloop
endfacet
facet normal -0.000006725820643627587 0.08715314162813904 -0.9961949256340894
outer loop
vertex 75.00294494628906 -14.333627700805664 -13.359697341918945
vertex 51.16924285888672 46.77555847167969 -8.013336181640625
vertex 51.31357192993164 46.68531036376953 -8.021232604980469
endloop
endfacet
facet normal 4.506816062218737e-7 0.08715591727301684 -0.9961946828226377
outer loop
vertex 75.00294494628906 -14.333627700805664 -13.359697341918945
vertex 74.5106430053711 -15.861867904663086 -13.493401527404785
vertex 49.56502151489258 49.16447830200195 -7.804333209991455
endloop
endfacet
facet normal 6.849996464146192e-8 0.08715577322096504 -0.9961946954256738
outer loop
vertex 46.512794494628906 52.439918518066406 -7.5177693367004395
vertex 74.5106430053711 -15.861867904663086 -13.493401527404785
vertex 44.986995697021484 53.10546875 -7.459541320800781
endloop
endfacet
facet normal 1.3000650372806824e-8 0.0871557506438388 -0.9961946974009191
outer loop
vertex 74.5106430053711 -15.861867904663086 -13.493401527404785
vertex 46.512794494628906 52.439918518066406 -7.5177693367004395
vertex 49.56502151489258 49.16447830200195 -7.804333209991455
endloop
endfacet
facet normal -4.015160751430258e-8 0.08715568886074308 -0.9961947028062375
outer loop
vertex 70.28365325927734 -20.59603500366211 -13.907587051391602
vertex -16.491012573242188 47.59270095825195 -7.941845893859863
vertex 74.5106430053711 -15.861867904663086 -13.493401527404785
endloop
endfacet
facet normal -3.486160374523725e-9 0.08715574263911191 -0.9961946981012422
outer loop
vertex 74.5106430053711 -15.861867904663086 -13.493401527404785
vertex -10.601239204406738 53.21516418457031 -7.449944019317627
vertex 44.986995697021484 53.10546875 -7.459541320800781
endloop
endfacet
facet normal 3.1824734334437066e-8 0.08715578581623458 -0.9961946943237319
outer loop
vertex 74.5106430053711 -15.861867904663086 -13.493401527404785
vertex -12.006607055664062 52.67071533203125 -7.49757719039917
vertex -10.601239204406738 53.21516418457031 -7.449944019317627
endloop
endfacet
facet normal 6.3149681538401e-9 0.08715574000122478 -0.9961946983320272
outer loop
vertex -69.76885223388672 -21.22386932373047 -13.962515830993652
vertex -63.12105941772461 16.782154083251953 -10.637419700622559
vertex 35.5050163269043 -43.116111755371094 -15.877838134765625
endloop
endfacet
facet normal -6.287955087031197e-8 0.08715562693375997 -0.9961947082241399
outer loop
vertex 35.5050163269043 -43.116111755371094 -15.877838134765625
vertex -63.12105941772461 16.782154083251953 -10.637419700622559
vertex -62.20160675048828 18.175922393798828 -10.515480995178223
endloop
endfacet
facet normal 1.1583010533888079e-7 0.08715590965369935 -0.9961946834893383
outer loop
vertex 35.5050163269043 -43.116111755371094 -15.877838134765625
vertex -62.20160675048828 18.175922393798828 -10.515480995178223
vertex -61.11487579345703 18.88748550415039 -10.453227043151855
endloop
endfacet
facet normal -1.6069201910109162e-7 0.08715548202386077 -0.9961947209020747
outer loop
vertex 35.5050163269043 -43.116111755371094 -15.877838134765625
vertex -61.11487579345703 18.88748550415039 -10.453227043151855
vertex -60.63645553588867 19.271339416503906 -10.419644355773926
endloop
endfacet
facet normal 5.076784243560417e-7 0.08715650418460683 -0.9961946314742219
outer loop
vertex 35.5050163269043 -43.116111755371094 -15.877838134765625
vertex -60.63645553588867 19.271339416503906 -10.419644355773926
vertex -60.26478576660156 19.722496032714844 -10.380172729492188
endloop
endfacet
facet normal 2.4370204663862176e-7 0.08715610492486457 -0.9961946664052497
outer loop
vertex 35.5050163269043 -43.116111755371094 -15.877838134765625
vertex -60.26478576660156 19.722496032714844 -10.380172729492188
vertex -59.98861312866211 20.23721694946289 -10.335140228271484
endloop
endfacet
facet normal 1.9033240572151952e-8 0.08715576979059696 -0.9961946957257943
outer loop
vertex 74.5106430053711 -15.861867904663086 -13.493401527404785
vertex -15.361960411071777 49.599727630615234 -7.76625394821167
vertex -12.006607055664062 52.67071533203125 -7.49757719039917
endloop
endfacet
facet normal -5.6380591271065656e-8 0.08715566704098328 -0.9961947047152169
outer loop
vertex 74.5106430053711 -15.861867904663086 -13.493401527404785
vertex -15.8873872756958 48.45756149291992 -7.866180419921875
vertex -15.361960411071777 49.599727630615234 -7.76625394821167
endloop
endfacet
facet normal -9.755546068367929e-8 0.0871556096111609 -0.996194709739666
outer loop
vertex 74.5106430053711 -15.861867904663086 -13.493401527404785
vertex -16.11934471130371 48.04385757446289 -7.902374744415283
vertex -15.8873872756958 48.45756149291992 -7.866180419921875
endloop
endfacet
facet normal 5.7271813841391835e-8 0.08715582751660156 -0.9961946906754187
outer loop
vertex -16.491012573242188 47.59270095825195 -7.941845893859863
vertex -16.11934471130371 48.04385757446289 -7.902374744415283
vertex 74.5106430053711 -15.861867904663086 -13.493401527404785
endloop
endfacet
facet normal -1.413730981857043e-7 0.08715566295361721 -0.9961947050728064
outer loop
vertex 36.74419021606445 -40.67079162597656 -15.663901329040527
vertex -16.943893432617188 47.22244644165039 -7.974238872528076
vertex -16.491012573242188 47.59270095825195 -7.941845893859863
endloop
endfacet
facet normal -1.208916591726098e-7 0.08715567313458496 -0.9961947041820904
outer loop
vertex 36.74419021606445 -40.67079162597656 -15.663901329040527
vertex -19.168960571289062 46.091670989990234 -8.073168754577637
vertex -17.271869659423828 47.0329475402832 -7.990818023681641
endloop
endfacet
facet normal 0 0 1
outer loop
vertex -12.299582481384277 39.51171875 -4.099999904632568
vertex 31.828781127929688 -38.425376892089844 -4.099999904632568
vertex 68.02725982666016 -17.52617645263672 -4.099999904632568
endloop
endfacet
facet normal 0.5363945485146431 0.8439673502711893 0
outer loop
vertex -63.80535125732422 -24.097942352294922 -0.5
vertex -63.80535125732422 -24.097942352294922 -4.099999904632568
vertex -64.03972625732422 -23.94898223876953 -4.099999904632568
endloop
endfacet
facet normal 0.38267602281363744 0.9238826016131794 0
outer loop
vertex -46.00468826293945 -52.876434326171875 -0.5
vertex -46.00468826293945 -52.876434326171875 -4.099999904632568
vertex -46.26197052001953 -52.769866943359375 -4.099999904632568
endloop
endfacet
facet normal 0.7071074713151304 0.7071060910572912 0
outer loop
vertex -46.26197052001953 -52.769866943359375 -0.5
vertex -46.26197052001953 -52.769866943359375 -4.099999904632568
vertex -48.21623992919922 -50.81559371948242 -4.099999904632568
endloop
endfacet
facet normal 0.5753216078148077 -0.8179272874659365 0
outer loop
vertex -59.313682556152344 15.005926132202148 -0.5
vertex -59.313682556152344 15.005926132202148 -4.099999904632568
vertex -57.046363830566406 16.60073471069336 -4.099999904632568
endloop
endfacet
facet normal 0 0 1
outer loop
vertex -41.06703567504883 -53.63795471191406 -4.099999904632568
vertex -40.656982421875 -58.747398376464844 -4.099999904632568
vertex -40.367034912109375 -58.747398376464844 -4.099999904632568
endloop
endfacet
facet normal 0 0 1
outer loop
vertex -41.06703567504883 -58.33734893798828 -4.099999904632568
vertex -40.656982421875 -58.747398376464844 -4.099999904632568
vertex -41.06703567504883 -53.63795471191406 -4.099999904632568
endloop
endfacet
facet normal 0.7071034920806762 0.7071100702771196 0
outer loop
vertex -40.656982421875 -58.747398376464844 -0.5
vertex -40.656982421875 -58.747398376464844 -4.099999904632568
vertex -41.06703567504883 -58.33734893798828 -4.099999904632568
endloop
endfacet
facet normal 0 1 0
outer loop
vertex -40.367034912109375 -58.747398376464844 -0.5
vertex -40.367034912109375 -58.747398376464844 -4.099999904632568
vertex -40.656982421875 -58.747398376464844 -4.099999904632568
endloop
endfacet
facet normal -0.7798889675289584 0.6259178846515057 0
outer loop
vertex 68.29247283935547 -16.948144912719727 -0.5
vertex 68.63467407226562 -16.521764755249023 -4.099999904632568
vertex 68.29247283935547 -16.948144912719727 -4.099999904632568
endloop
endfacet
facet normal 0 0 1
outer loop
vertex -40.343563079833984 45.82242965698242 -4.099999904632568
vertex -55.514060974121094 27.329877853393555 -4.099999904632568
vertex -55.248470306396484 27.246137619018555 -4.099999904632568
endloop
endfacet
facet normal 0 0 1
outer loop
vertex -59.46297073364258 14.769927978515625 -4.099999904632568
vertex -65.68598175048828 -21.424264907836914 -4.099999904632568
vertex -43.001956939697266 14.233131408691406 -4.099999904632568
endloop
endfacet
facet normal -1 0 0
outer loop
vertex 31.480445861816406 -50.558311462402344 -4.099999904632568
vertex 31.480445861816406 -50.558311462402344 -0.5
vertex 31.480445861816406 -39.028709411621094 -0.5
endloop
endfacet
facet normal 0 0 1
outer loop
vertex 12.632966041564941 -31.047399520874023 -4.099999904632568
vertex 29.16232681274414 -52.876434326171875 -4.099999904632568
vertex -12.299582481384277 39.51171875 -4.099999904632568
endloop
endfacet
facet normal 0 0 1
outer loop
vertex 31.373878479003906 -50.81559371948242 -4.099999904632568
vertex 31.480445861816406 -50.558311462402344 -4.099999904632568
vertex -12.299582481384277 39.51171875 -4.099999904632568
endloop
endfacet
facet normal 0 0 1
outer loop
vertex 29.419605255126953 -52.769866943359375 -4.099999904632568
vertex 31.373878479003906 -50.81559371948242 -4.099999904632568
vertex -12.299582481384277 39.51171875 -4.099999904632568
endloop
endfacet
facet normal 0 0 1
outer loop
vertex 29.16232681274414 -52.876434326171875 -4.099999904632568
vertex 29.419605255126953 -52.769866943359375 -4.099999904632568
vertex -12.299582481384277 39.51171875 -4.099999904632568
endloop
endfacet
facet normal -0.4617463710910551 0.887012000360898 0
outer loop
vertex 68.63467407226562 -16.521764755249023 -0.5
vertex 69.1607666015625 -16.247900009155273 -4.099999904632568
vertex 68.63467407226562 -16.521764755249023 -4.099999904632568
endloop
endfacet
facet normal -0.7071059589086455 0.7071076034634936 0
outer loop
vertex 12.9229154586792 -58.747398376464844 -4.099999904632568
vertex 12.9229154586792 -58.747398376464844 -0.5
vertex 13.332965850830078 -58.33734893798828 -0.5
endloop
endfacet
facet normal 0 1 0
outer loop
vertex 12.632966041564941 -58.747398376464844 -4.099999904632568
vertex 12.632966041564941 -58.747398376464844 -0.5
vertex 12.9229154586792 -58.747398376464844 -0.5
endloop
endfacet
facet normal -0.766042638106753 0.6427897608102096 0
outer loop
vertex 70.93728637695312 -14.130738258361816 -0.5
vertex 70.93728637695312 -14.130738258361816 -4.099999904632568
vertex 69.1607666015625 -16.247900009155273 -4.099999904632568
endloop
endfacet
facet normal 0.9659258658916292 -0.2588188973037059 0
outer loop
vertex -50.45891571044922 25.590044021606445 -0.5
vertex -50.45891571044922 25.590044021606445 -4.099999904632568
vertex -50.08327865600586 26.991941452026367 -4.099999904632568
endloop
endfacet
facet normal 0 0 1
outer loop
vertex -43.001956939697266 14.233131408691406 -4.099999904632568
vertex -64.03972625732422 -23.94898223876953 -4.099999904632568
vertex -63.80535125732422 -24.097942352294922 -4.099999904632568
endloop
endfacet
facet normal 0 0 1
outer loop
vertex -43.001956939697266 14.233131408691406 -4.099999904632568
vertex -63.80535125732422 -24.097942352294922 -4.099999904632568
vertex -49.975738525390625 -26.5365047454834 -4.099999904632568
endloop
endfacet
facet normal 0 0 1
outer loop
vertex -49.975738525390625 -26.5365047454834 -4.099999904632568
vertex -49.35810470581055 -27.397544860839844 -4.099999904632568
vertex -42.12106704711914 14.847249031066895 -4.099999904632568
endloop
endfacet
facet normal 0.9914440583041076 0.13053229199505145 0
outer loop
vertex -50.42256546020508 25.313949584960938 -0.5
vertex -50.42256546020508 25.313949584960938 -4.099999904632568
vertex -50.45891571044922 25.590044021606445 -4.099999904632568
endloop
endfacet
facet normal -0.08715823513420368 0.9961944800330359 0
outer loop
vertex -52.49522399902344 27.487022399902344 -0.5
vertex -52.49522399902344 27.487022399902344 -4.099999904632568
vertex -55.248470306396484 27.246137619018555 -4.099999904632568
endloop
endfacet
facet normal 0.3007052066974545 0.9537171376592963 0
outer loop
vertex -55.248470306396484 27.246137619018555 -0.5
vertex -55.248470306396484 27.246137619018555 -4.099999904632568
vertex -55.514060974121094 27.329877853393555 -4.099999904632568
endloop
endfacet
facet normal 0.608761344205825 0.7933534053627785 0
outer loop
vertex -48.81977081298828 22.750944137573242 -0.5
vertex -48.81977081298828 22.750944137573242 -4.099999904632568
vertex -49.04070281982422 22.92047119140625 -4.099999904632568
endloop
endfacet
facet normal -0.17364737145272385 -0.9848078951691845 0
outer loop
vertex -56.77379608154297 16.661466598510742 -0.5
vertex -56.77379608154297 16.661466598510742 -4.099999904632568
vertex -43.001956939697266 14.233131408691406 -4.099999904632568
endloop
endfacet
facet normal 0.38267602281363744 0.9238826016131794 0
outer loop
vertex -46.26197052001953 -52.769866943359375 -4.099999904632568
vertex -46.26197052001953 -52.769866943359375 -0.5
vertex -46.00468826293945 -52.876434326171875 -0.5
endloop
endfacet
facet normal -0.7071058956565387 0.7071076667154474 0
outer loop
vertex 14.094488143920898 -52.876434326171875 -0.5
vertex 14.094488143920898 -52.876434326171875 -4.099999904632568
vertex 13.332965850830078 -53.63795471191406 -4.099999904632568
endloop
endfacet
facet normal 0 1 0
outer loop
vertex -46.00468826293945 -52.876434326171875 -4.099999904632568
vertex -46.00468826293945 -52.876434326171875 -0.5
vertex -41.828556060791016 -52.876434326171875 -0.5
endloop
endfacet
facet normal -1 0 0
outer loop
vertex 13.332965850830078 -53.63795471191406 -0.5
vertex 13.332965850830078 -53.63795471191406 -4.099999904632568
vertex 13.332965850830078 -58.33734893798828 -4.099999904632568
endloop
endfacet
facet normal 0 0 1
outer loop
vertex 13.332965850830078 -58.33734893798828 -4.099999904632568
vertex 13.332965850830078 -53.63795471191406 -4.099999904632568
vertex 12.632966041564941 -58.747398376464844 -4.099999904632568
endloop
endfacet
facet normal -0.7071059589086455 0.7071076034634936 0
outer loop
vertex 13.332965850830078 -58.33734893798828 -0.5
vertex 13.332965850830078 -58.33734893798828 -4.099999904632568
vertex 12.9229154586792 -58.747398376464844 -4.099999904632568
endloop
endfacet
facet normal 1 0 0
outer loop
vertex -41.06703567504883 -53.63795471191406 -4.099999904632568
vertex -41.06703567504883 -53.63795471191406 -0.5
vertex -41.06703567504883 -58.33734893798828 -0.5
endloop
endfacet
facet normal 0.7071067811865476 0.7071067811865476 0
outer loop
vertex -41.828556060791016 -52.876434326171875 -4.099999904632568
vertex -41.828556060791016 -52.876434326171875 -0.5
vertex -41.06703567504883 -53.63795471191406 -0.5
endloop
endfacet
facet normal 0 1 0
outer loop
vertex 12.9229154586792 -58.747398376464844 -0.5
vertex 12.9229154586792 -58.747398376464844 -4.099999904632568
vertex 12.632966041564941 -58.747398376464844 -4.099999904632568
endloop
endfacet
facet normal -0.8660247365208831 0.5000011557325993 0
outer loop
vertex 31.480445861816406 -39.028709411621094 -4.099999904632568
vertex 31.480445861816406 -39.028709411621094 -0.5
vertex 31.828781127929688 -38.425376892089844 -0.5
endloop
endfacet
facet normal -0.9537165183280243 0.30070717096250194 0
outer loop
vertex 71.02102661132812 -13.86514949798584 -0.5
vertex 71.02102661132812 -13.86514949798584 -4.099999904632568
vertex 70.93728637695312 -14.130738258361816 -4.099999904632568
endloop
endfacet
facet normal -0.7798889675289584 0.6259178846515057 0
outer loop
vertex 68.63467407226562 -16.521764755249023 -4.099999904632568
vertex 68.29247283935547 -16.948144912719727 -0.5
vertex 68.63467407226562 -16.521764755249023 -0.5
endloop
endfacet
facet normal 0 0 1
outer loop
vertex 12.9229154586792 -58.747398376464844 -4.099999904632568
vertex 13.332965850830078 -58.33734893798828 -4.099999904632568
vertex 12.632966041564941 -58.747398376464844 -4.099999904632568
endloop
endfacet
facet normal 0.21748077771305913 -0.9760646040735844 0
outer loop
vertex -57.046363830566406 16.60073471069336 -0.5
vertex -57.046363830566406 16.60073471069336 -4.099999904632568
vertex -56.77379608154297 16.661466598510742 -4.099999904632568
endloop
endfacet
facet normal 0.8870123941609104 0.4617456146028132 0
outer loop
vertex -70.6540298461914 40.03378677368164 -0.5
vertex -70.6540298461914 40.03378677368164 -4.099999904632568
vertex -70.7826156616211 40.280799865722656 -4.099999904632568
endloop
endfacet
facet normal 0.996194758665261 0.08715505038643737 0
outer loop
vertex -70.7826156616211 40.280799865722656 -0.5
vertex -70.7826156616211 40.280799865722656 -4.099999904632568
vertex -71.02349090576172 43.03403854370117 -4.099999904632568
endloop
endfacet
facet normal 0.953724994409881 -0.30068028707893785 0
outer loop
vertex -71.02349090576172 43.03403854370117 -0.5
vertex -71.02349090576172 43.03403854370117 -4.099999904632568
vertex -70.93975830078125 43.29962921142578 -4.099999904632568
endloop
endfacet
facet normal -0.4617463710910551 0.887012000360898 0
outer loop
vertex 69.1607666015625 -16.247900009155273 -0.5
vertex 69.1607666015625 -16.247900009155273 -4.099999904632568
vertex 68.63467407226562 -16.521764755249023 -0.5
endloop
endfacet
facet normal -0.766042638106753 0.6427897608102096 0
outer loop
vertex 69.1607666015625 -16.247900009155273 -4.099999904632568
vertex 69.1607666015625 -16.247900009155273 -0.5
vertex 70.93728637695312 -14.130738258361816 -0.5
endloop
endfacet
facet normal -0.9537165183280243 0.30070717096250194 0
outer loop
vertex 70.93728637695312 -14.130738258361816 -4.099999904632568
vertex 70.93728637695312 -14.130738258361816 -0.5
vertex 71.02102661132812 -13.86514949798584 -0.5
endloop
endfacet
facet normal 0.9238777585578801 0.3826877150393876 0
outer loop
vertex -48.21623992919922 -50.81559371948242 -0.5
vertex -48.21623992919922 -50.81559371948242 -4.099999904632568
vertex -48.322811126708984 -50.558311462402344 -4.099999904632568
endloop
endfacet
facet normal 0.6427866186815616 0.7660452746697971 0
outer loop
vertex -55.514060974121094 27.329877853393555 -4.099999904632568
vertex -70.6540298461914 40.03378677368164 -4.099999904632568
vertex -55.514060974121094 27.329877853393555 -0.5
endloop
endfacet
facet normal -0.8886301087514817 -0.4586246066450532 0
outer loop
vertex 66.20989990234375 39.92556381225586 -0.5
vertex 66.20989990234375 39.92556381225586 -4.099999904632568
vertex 66.33644104003906 39.68037796020508 -0.5
endloop
endfacet
facet normal -0.6481780411837614 -0.7614888225884752 0
outer loop
vertex 64.12614440917969 41.69925308227539 -0.5
vertex 64.12614440917969 41.69925308227539 -4.099999904632568
vertex 66.20989990234375 39.92556381225586 -0.5
endloop
endfacet
facet normal -0.31079314325872065 -0.9504775758024827 0
outer loop
vertex 64.12614440917969 41.69925308227539 -4.099999904632568
vertex 64.12614440917969 41.69925308227539 -0.5
vertex 63.86389923095703 41.785003662109375 -0.5
endloop
endfacet
facet normal 0.07308603311644211 -0.9973256397803589 0
outer loop
vertex 63.86389923095703 41.785003662109375 -4.099999904632568
vertex 63.86389923095703 41.785003662109375 -0.5
vertex 47.03794479370117 40.551963806152344 -0.5
endloop
endfacet
facet normal 0 0 1
outer loop
vertex -57.046363830566406 16.60073471069336 -4.099999904632568
vertex -43.001956939697266 14.233131408691406 -4.099999904632568
vertex -56.77379608154297 16.661466598510742 -4.099999904632568
endloop
endfacet
facet normal 0.9659258658916292 -0.2588188973037059 0
outer loop
vertex -50.08327865600586 26.991941452026367 -4.099999904632568
vertex -50.08327865600586 26.991941452026367 -0.5
vertex -50.45891571044922 25.590044021606445 -0.5
endloop
endfacet
facet normal 0 0 1
outer loop
vertex -70.6540298461914 40.03378677368164 -4.099999904632568
vertex -55.514060974121094 27.329877853393555 -4.099999904632568
vertex -40.343563079833984 45.82242965698242 -4.099999904632568
endloop
endfacet
facet normal 1 0 0
outer loop
vertex -48.322811126708984 -50.558311462402344 -4.099999904632568
vertex -48.322811126708984 -32.9263801574707 -4.099999904632568
vertex -48.322811126708984 -50.558311462402344 -0.5
endloop
endfacet
facet normal -0.4617522442259479 0.8870089429945452 0
outer loop
vertex -52.49522399902344 27.487022399902344 -4.099999904632568
vertex -52.49522399902344 27.487022399902344 -0.5
vertex -51.4063835144043 28.053842544555664 -0.5
endloop
endfacet
facet normal 0.6259224597632196 0.7798852956454305 0
outer loop
vertex -51.4063835144043 28.053842544555664 -4.099999904632568
vertex -51.4063835144043 28.053842544555664 -0.5
vertex -50.08327865600586 26.991941452026367 -0.5
endloop
endfacet
facet normal 0 0 1
outer loop
vertex -46.26197052001953 -52.769866943359375 -4.099999904632568
vertex -46.00468826293945 -52.876434326171875 -4.099999904632568
vertex -40.367034912109375 -31.047399520874023 -4.099999904632568
endloop
endfacet
facet normal 0 0 1
outer loop
vertex -41.191402435302734 19.995969772338867 -4.099999904632568
vertex -42.12106704711914 14.847249031066895 -4.099999904632568
vertex -13.303292274475098 38.74959182739258 -4.099999904632568
endloop
endfacet
facet normal 0 0 1
outer loop
vertex -48.322811126708984 -50.558311462402344 -4.099999904632568
vertex -48.21623992919922 -50.81559371948242 -4.099999904632568
vertex -40.367034912109375 -31.047399520874023 -4.099999904632568
endloop
endfacet
facet normal 0 0 1
outer loop
vertex -40.367034912109375 -31.047399520874023 -4.099999904632568
vertex -48.21623992919922 -50.81559371948242 -4.099999904632568
vertex -46.26197052001953 -52.769866943359375 -4.099999904632568
endloop
endfacet
facet normal 0 0 1
outer loop
vertex -41.06703567504883 -53.63795471191406 -4.099999904632568
vertex -40.367034912109375 -58.747398376464844 -4.099999904632568
vertex -40.367034912109375 -31.047399520874023 -4.099999904632568
endloop
endfacet
facet normal 0 0 1
outer loop
vertex -40.367034912109375 -31.047399520874023 -4.099999904632568
vertex -46.00468826293945 -52.876434326171875 -4.099999904632568
vertex -41.828556060791016 -52.876434326171875 -4.099999904632568
endloop
endfacet
facet normal 0 0 1
outer loop
vertex -50.08327865600586 26.991941452026367 -4.099999904632568
vertex -50.45891571044922 25.590044021606445 -4.099999904632568
vertex -13.303292274475098 38.74959182739258 -4.099999904632568
endloop
endfacet
facet normal 0 0 1
outer loop
vertex -50.42256546020508 25.313949584960938 -4.099999904632568
vertex -49.04070281982422 22.92047119140625 -4.099999904632568
vertex -13.303292274475098 38.74959182739258 -4.099999904632568
endloop
endfacet
facet normal 0 0 1
outer loop
vertex -49.04070281982422 22.92047119140625 -4.099999904632568
vertex -48.81977081298828 22.750944137573242 -4.099999904632568
vertex -13.303292274475098 38.74959182739258 -4.099999904632568
endloop
endfacet
facet normal 0 0 1
outer loop
vertex -48.81977081298828 22.750944137573242 -4.099999904632568
vertex -41.73454666137695 20.852415084838867 -4.099999904632568
vertex -13.303292274475098 38.74959182739258 -4.099999904632568
endloop
endfacet
facet normal -0.8886301087514817 -0.4586246066450532 0
outer loop
vertex 66.33644104003906 39.68037796020508 -0.5
vertex 66.20989990234375 39.92556381225586 -4.099999904632568
vertex 66.33644104003906 39.68037796020508 -4.099999904632568
endloop
endfacet
facet normal -0.6481780411837614 -0.7614888225884752 0
outer loop
vertex 66.20989990234375 39.92556381225586 -0.5
vertex 64.12614440917969 41.69925308227539 -4.099999904632568
vertex 66.20989990234375 39.92556381225586 -4.099999904632568
endloop
endfacet
facet normal -0.31079314325872065 -0.9504775758024827 0
outer loop
vertex 63.86389923095703 41.785003662109375 -0.5
vertex 63.86389923095703 41.785003662109375 -4.099999904632568
vertex 64.12614440917969 41.69925308227539 -4.099999904632568
endloop
endfacet
facet normal 0 0 1
outer loop
vertex -70.7826156616211 40.280799865722656 -4.099999904632568
vertex -70.6540298461914 40.03378677368164 -4.099999904632568
vertex -40.343563079833984 45.82242965698242 -4.099999904632568
endloop
endfacet
facet normal 0.8125690333160408 0.582864963860271 0
outer loop
vertex -49.975738525390625 -26.5365047454834 -4.099999904632568
vertex -49.975738525390625 -26.5365047454834 -0.5
vertex -49.35810470581055 -27.397544860839844 -0.5
endloop
endfacet
facet normal 0.9885065423482505 -0.15117809277374264 0
outer loop
vertex -49.35810470581055 -27.397544860839844 -4.099999904632568
vertex -49.35810470581055 -27.397544860839844 -0.5
vertex -49.833351135253906 -30.505033493041992 -0.5
endloop
endfacet
facet normal 0.9700213341047352 0.24301977570080532 0
outer loop
vertex -49.833351135253906 -30.505033493041992 -4.099999904632568
vertex -49.833351135253906 -30.505033493041992 -0.5
vertex -49.76487350463867 -30.778364181518555 -0.5
endloop
endfacet
facet normal 0.948809959188865 0.3158475286337134 0
outer loop
vertex -48.45590591430664 -32.52656173706055 -4.099999904632568
vertex -48.45590591430664 -32.52656173706055 -0.5
vertex -48.322811126708984 -32.9263801574707 -0.5
endloop
endfacet
facet normal 0.8004790056527394 0.5993607941041869 0
outer loop
vertex -49.76487350463867 -30.778364181518555 -4.099999904632568
vertex -49.76487350463867 -30.778364181518555 -0.5
vertex -48.45590591430664 -32.52656173706055 -0.5
endloop
endfacet
facet normal 0.8125690333160408 0.582864963860271 0
outer loop
vertex -49.35810470581055 -27.397544860839844 -0.5
vertex -49.35810470581055 -27.397544860839844 -4.099999904632568
vertex -49.975738525390625 -26.5365047454834 -4.099999904632568
endloop
endfacet
facet normal 0.9885065423482505 -0.15117809277374264 0
outer loop
vertex -49.833351135253906 -30.505033493041992 -0.5
vertex -49.833351135253906 -30.505033493041992 -4.099999904632568
vertex -49.35810470581055 -27.397544860839844 -4.099999904632568
endloop
endfacet
facet normal 0.9700213341047352 0.24301977570080532 0
outer loop
vertex -49.76487350463867 -30.778364181518555 -0.5
vertex -49.76487350463867 -30.778364181518555 -4.099999904632568
vertex -49.833351135253906 -30.505033493041992 -4.099999904632568
endloop
endfacet
facet normal 0.948809959188865 0.3158475286337134 0
outer loop
vertex -48.322811126708984 -32.9263801574707 -0.5
vertex -48.322811126708984 -32.9263801574707 -4.099999904632568
vertex -48.45590591430664 -32.52656173706055 -4.099999904632568
endloop
endfacet
facet normal 0 0 1
outer loop
vertex -71.02349090576172 43.03403854370117 -4.099999904632568
vertex -70.7826156616211 40.280799865722656 -4.099999904632568
vertex -40.343563079833984 45.82242965698242 -4.099999904632568
endloop
endfacet
facet normal 0 0 1
outer loop
vertex -70.93975830078125 43.29962921142578 -4.099999904632568
vertex -71.02349090576172 43.03403854370117 -4.099999904632568
vertex -40.343563079833984 45.82242965698242 -4.099999904632568
endloop
endfacet
facet normal 0.8870123941609104 0.4617456146028132 0
outer loop
vertex -70.7826156616211 40.280799865722656 -4.099999904632568
vertex -70.7826156616211 40.280799865722656 -0.5
vertex -70.6540298461914 40.03378677368164 -0.5
endloop
endfacet
facet normal 0.8004790056527394 0.5993607941041869 0
outer loop
vertex -48.45590591430664 -32.52656173706055 -0.5
vertex -48.45590591430664 -32.52656173706055 -4.099999904632568
vertex -49.76487350463867 -30.778364181518555 -4.099999904632568
endloop
endfacet
facet normal 0.996194758665261 0.08715505038643737 0
outer loop
vertex -71.02349090576172 43.03403854370117 -4.099999904632568
vertex -71.02349090576172 43.03403854370117 -0.5
vertex -70.7826156616211 40.280799865722656 -0.5
endloop
endfacet
facet normal 0.953724994409881 -0.30068028707893785 0
outer loop
vertex -70.93975830078125 43.29962921142578 -4.099999904632568
vertex -70.93975830078125 43.29962921142578 -0.5
vertex -71.02349090576172 43.03403854370117 -0.5
endloop
endfacet
facet normal -0.3826808658763721 -0.923880595581545 0
outer loop
vertex 44.147125244140625 48.831031799316406 -4.099999904632568
vertex 44.147125244140625 48.831031799316406 -0.5
vertex 43.88984680175781 48.937599182128906 -0.5
endloop
endfacet
facet normal -0.3826808658763721 -0.923880595581545 0
outer loop
vertex 43.88984680175781 48.937599182128906 -0.5
vertex 43.88984680175781 48.937599182128906 -4.099999904632568
vertex 44.147125244140625 48.831031799316406 -4.099999904632568
endloop
endfacet
facet normal 0.1736501484288854 0.9848074055116697 0
outer loop
vertex -49.975738525390625 -26.5365047454834 -4.099999904632568
vertex -63.80535125732422 -24.097942352294922 -4.099999904632568
vertex -49.975738525390625 -26.5365047454834 -0.5
endloop
endfacet
facet normal 0 0 1
outer loop
vertex -40.071712493896484 45.677757263183594 -4.099999904632568
vertex -50.08327865600586 26.991941452026367 -4.099999904632568
vertex -13.303292274475098 38.74959182739258 -4.099999904632568
endloop
endfacet
facet normal -0.2505624164669625 -0.9681004469858676 0
outer loop
vertex -13.303292274475098 38.74959182739258 -0.5
vertex -40.071712493896484 45.677757263183594 -4.099999904632568
vertex -13.303292274475098 38.74959182739258 -4.099999904632568
endloop
endfacet
facet normal -0.7071067811865475 -0.7071067811865475 0
outer loop
vertex 44.147125244140625 48.831031799316406 -0.5
vertex 44.147125244140625 48.831031799316406 -4.099999904632568
vertex 46.10139846801758 46.87675857543945 -4.099999904632568
endloop
endfacet
facet normal -0.2505624164669625 -0.9681004469858676 0
outer loop
vertex -13.303292274475098 38.74959182739258 -0.5
vertex -40.071712493896484 45.677757263183594 -0.5
vertex -40.071712493896484 45.677757263183594 -4.099999904632568
endloop
endfacet
facet normal 0 0 1
outer loop
vertex -49.76487350463867 -30.778364181518555 -4.099999904632568
vertex -49.35810470581055 -27.397544860839844 -4.099999904632568
vertex -49.833351135253906 -30.505033493041992 -4.099999904632568
endloop
endfacet
facet normal 0 0 1
outer loop
vertex -48.45590591430664 -32.52656173706055 -4.099999904632568
vertex -49.35810470581055 -27.397544860839844 -4.099999904632568
vertex -49.76487350463867 -30.778364181518555 -4.099999904632568
endloop
endfacet
facet normal 0 0 1
outer loop
vertex -13.303292274475098 38.74959182739258 -4.099999904632568
vertex -48.322811126708984 -32.9263801574707 -4.099999904632568
vertex -12.299582481384277 39.51171875 -4.099999904632568
endloop
endfacet
facet normal 0 0 1
outer loop
vertex -42.12106704711914 14.847249031066895 -4.099999904632568
vertex -49.35810470581055 -27.397544860839844 -4.099999904632568
vertex -13.303292274475098 38.74959182739258 -4.099999904632568
endloop
endfacet
facet normal 0.9855391880257298 -0.16944765818855476 0
outer loop
vertex -65.68598175048828 -21.424264907836914 -4.099999904632568
vertex -59.46297073364258 14.769927978515625 -0.5
vertex -65.68598175048828 -21.424264907836914 -0.5
endloop
endfacet
facet normal -0.6630090531982339 -0.7486113780708796 0
outer loop
vertex -40.343563079833984 45.82242965698242 -4.099999904632568
vertex -40.343563079833984 45.82242965698242 -0.5
vertex -54.89052200317383 58.705970764160156 -0.5
endloop
endfacet
facet normal 0 1 0
outer loop
vertex -41.828556060791016 -52.876434326171875 -0.5
vertex -41.828556060791016 -52.876434326171875 -4.099999904632568
vertex -46.00468826293945 -52.876434326171875 -4.099999904632568
endloop
endfacet
facet normal 0.6427866186815616 0.7660452746697971 0
outer loop
vertex -70.6540298461914 40.03378677368164 -4.099999904632568
vertex -70.6540298461914 40.03378677368164 -0.5
vertex -55.514060974121094 27.329877853393555 -0.5
endloop
endfacet
facet normal 1 0 0
outer loop
vertex -41.06703567504883 -58.33734893798828 -0.5
vertex -41.06703567504883 -58.33734893798828 -4.099999904632568
vertex -41.06703567504883 -53.63795471191406 -4.099999904632568
endloop
endfacet
facet normal 0.7071067811865476 0.7071067811865476 0
outer loop
vertex -41.06703567504883 -53.63795471191406 -0.5
vertex -41.06703567504883 -53.63795471191406 -4.099999904632568
vertex -41.828556060791016 -52.876434326171875 -4.099999904632568
endloop
endfacet
facet normal -1 0 0
outer loop
vertex 13.332965850830078 -58.33734893798828 -4.099999904632568
vertex 13.332965850830078 -58.33734893798828 -0.5
vertex 13.332965850830078 -53.63795471191406 -0.5
endloop
endfacet
facet normal 0.7660450883196542 -0.6427868407655318 0
outer loop
vertex -70.93975830078125 43.29962921142578 -0.5
vertex -70.93975830078125 43.29962921142578 -4.099999904632568
vertex -58.21916198730469 58.459476470947266 -4.099999904632568
endloop
endfacet
facet normal -0.7071058956565387 0.7071076667154474 0
outer loop
vertex 13.332965850830078 -53.63795471191406 -4.099999904632568
vertex 13.332965850830078 -53.63795471191406 -0.5
vertex 14.094488143920898 -52.876434326171875 -0.5
endloop
endfacet
facet normal 0 0 1
outer loop
vertex -41.828556060791016 -52.876434326171875 -4.099999904632568
vertex -41.06703567504883 -53.63795471191406 -4.099999904632568
vertex -40.367034912109375 -31.047399520874023 -4.099999904632568
endloop
endfacet
facet normal 0.5718954871202214 -0.8203264909848546 0
outer loop
vertex -42.12106704711914 14.847249031066895 -4.099999904632568
vertex -42.12106704711914 14.847249031066895 -0.5
vertex -43.001956939697266 14.233131408691406 -0.5
endloop
endfacet
facet normal -0.17364737145272385 -0.9848078951691845 0
outer loop
vertex -43.001956939697266 14.233131408691406 -4.099999904632568
vertex -43.001956939697266 14.233131408691406 -0.5
vertex -56.77379608154297 16.661466598510742 -0.5
endloop
endfacet
facet normal 0 0 1
outer loop
vertex 31.480445861816406 -39.028709411621094 -4.099999904632568
vertex 31.828781127929688 -38.425376892089844 -4.099999904632568
vertex -12.299582481384277 39.51171875 -4.099999904632568
endloop
endfacet
facet normal 0 0 1
outer loop
vertex -65.68598175048828 -21.424264907836914 -4.099999904632568
vertex -65.62501525878906 -21.6951904296875 -4.099999904632568
vertex -43.001956939697266 14.233131408691406 -4.099999904632568
endloop
endfacet
facet normal 0 0 1
outer loop
vertex 31.480445861816406 -50.558311462402344 -4.099999904632568
vertex 31.480445861816406 -39.028709411621094 -4.099999904632568
vertex -12.299582481384277 39.51171875 -4.099999904632568
endloop
endfacet
facet normal 0.5718954871202214 -0.8203264909848546 0
outer loop
vertex -43.001956939697266 14.233131408691406 -0.5
vertex -43.001956939697266 14.233131408691406 -4.099999904632568
vertex -42.12106704711914 14.847249031066895 -4.099999904632568
endloop
endfacet
facet normal 1 0 0
outer loop
vertex -48.322811126708984 -32.9263801574707 -4.099999904632568
vertex -48.322811126708984 -32.9263801574707 -0.5
vertex -48.322811126708984 -50.558311462402344 -0.5
endloop
endfacet
facet normal 0 0 1
outer loop
vertex -65.62501525878906 -21.6951904296875 -4.099999904632568
vertex -64.03972625732422 -23.94898223876953 -4.099999904632568
vertex -43.001956939697266 14.233131408691406 -4.099999904632568
endloop
endfacet
facet normal 0 0 1
outer loop
vertex -43.001956939697266 14.233131408691406 -4.099999904632568
vertex -49.975738525390625 -26.5365047454834 -4.099999904632568
vertex -42.12106704711914 14.847249031066895 -4.099999904632568
endloop
endfacet
facet normal 0 0 1
outer loop
vertex -57.046363830566406 16.60073471069336 -4.099999904632568
vertex -59.313682556152344 15.005926132202148 -4.099999904632568
vertex -43.001956939697266 14.233131408691406 -4.099999904632568
endloop
endfacet
facet normal 0 0 1
outer loop
vertex -59.313682556152344 15.005926132202148 -4.099999904632568
vertex -59.46297073364258 14.769927978515625 -4.099999904632568
vertex -43.001956939697266 14.233131408691406 -4.099999904632568
endloop
endfacet
facet normal -0.8660247365208831 0.5000011557325993 0
outer loop
vertex 31.828781127929688 -38.425376892089844 -0.5
vertex 31.828781127929688 -38.425376892089844 -4.099999904632568
vertex 31.480445861816406 -39.028709411621094 -4.099999904632568
endloop
endfacet
facet normal -1 0 0
outer loop
vertex 31.480445861816406 -39.028709411621094 -0.5
vertex 31.480445861816406 -39.028709411621094 -4.099999904632568
vertex 31.480445861816406 -50.558311462402344 -4.099999904632568
endloop
endfacet
facet normal 0.4558202003302845 -0.8900718762947515 0
outer loop
vertex -58.21916198730469 58.459476470947266 -0.5
vertex -58.21916198730469 58.459476470947266 -4.099999904632568
vertex -57.96697235107422 58.588626861572266 -4.099999904632568
endloop
endfacet
facet normal 0 0 1
outer loop
vertex -12.299582481384277 39.51171875 -4.099999904632568
vertex -40.367034912109375 -31.047399520874023 -4.099999904632568
vertex 12.632966041564941 -31.047399520874023 -4.099999904632568
endloop
endfacet
facet normal 0 0 1
outer loop
vertex -49.35810470581055 -27.397544860839844 -4.099999904632568
vertex -48.45590591430664 -32.52656173706055 -4.099999904632568
vertex -13.303292274475098 38.74959182739258 -4.099999904632568
endloop
endfacet
facet normal 0.1736501484288854 0.9848074055116697 0
outer loop
vertex -63.80535125732422 -24.097942352294922 -4.099999904632568
vertex -63.80535125732422 -24.097942352294922 -0.5
vertex -49.975738525390625 -26.5365047454834 -0.5
endloop
endfacet
facet normal 0.5363945485146431 0.8439673502711893 0
outer loop
vertex -64.03972625732422 -23.94898223876953 -4.099999904632568
vertex -64.03972625732422 -23.94898223876953 -0.5
vertex -63.80535125732422 -24.097942352294922 -0.5
endloop
endfacet
facet normal 0.9756033939705606 0.21954046932883 0
outer loop
vertex -65.68598175048828 -21.424264907836914 -4.099999904632568
vertex -65.68598175048828 -21.424264907836914 -0.5
vertex -65.62501525878906 -21.6951904296875 -0.5
endloop
endfacet
facet normal 0 0 1
outer loop
vertex -48.45590591430664 -32.52656173706055 -4.099999904632568
vertex -48.322811126708984 -32.9263801574707 -4.099999904632568
vertex -13.303292274475098 38.74959182739258 -4.099999904632568
endloop
endfacet
facet normal 0.8179281214735319 0.5753204221151718 0
outer loop
vertex -64.03972625732422 -23.94898223876953 -0.5
vertex -64.03972625732422 -23.94898223876953 -4.099999904632568
vertex -65.62501525878906 -21.6951904296875 -0.5
endloop
endfacet
facet normal 0 0 1
outer loop
vertex -12.299582481384277 39.51171875 -4.099999904632568
vertex -48.322811126708984 -50.558311462402344 -4.099999904632568
vertex -40.367034912109375 -31.047399520874023 -4.099999904632568
endloop
endfacet
facet normal 0 0 1
outer loop
vertex -48.322811126708984 -32.9263801574707 -4.099999904632568
vertex -48.322811126708984 -50.558311462402344 -4.099999904632568
vertex -12.299582481384277 39.51171875 -4.099999904632568
endloop
endfacet
facet normal 0.07385052611285885 -0.9972693215941488 0
outer loop
vertex -57.96697235107422 58.588626861572266 -0.5
vertex -57.96697235107422 58.588626861572266 -4.099999904632568
vertex -55.15898513793945 58.796566009521484 -4.099999904632568
endloop
endfacet
facet normal 0.7660450883196542 -0.6427868407655318 0
outer loop
vertex -58.21916198730469 58.459476470947266 -4.099999904632568
vertex -58.21916198730469 58.459476470947266 -0.5
vertex -70.93975830078125 43.29962921142578 -0.5
endloop
endfacet
facet normal 0 0 1
outer loop
vertex 12.632966041564941 -31.047399520874023 -4.099999904632568
vertex 12.632966041564941 -58.747398376464844 -4.099999904632568
vertex 13.332965850830078 -53.63795471191406 -4.099999904632568
endloop
endfacet
facet normal 0.4558202003302845 -0.8900718762947515 0
outer loop
vertex -57.96697235107422 58.588626861572266 -4.099999904632568
vertex -57.96697235107422 58.588626861572266 -0.5
vertex -58.21916198730469 58.459476470947266 -0.5
endloop
endfacet
facet normal 0 0 1
outer loop
vertex -40.343563079833984 45.82242965698242 -4.099999904632568
vertex -55.248470306396484 27.246137619018555 -4.099999904632568
vertex -52.49522399902344 27.487022399902344 -4.099999904632568
endloop
endfacet
facet normal 0 0 1
outer loop
vertex 12.632966041564941 -31.047399520874023 -4.099999904632568
vertex 13.332965850830078 -53.63795471191406 -4.099999904632568
vertex 14.094488143920898 -52.876434326171875 -4.099999904632568
endloop
endfacet
facet normal 0.8444940557240125 0.5355649258930317 0
outer loop
vertex -41.73454666137695 20.852415084838867 -4.099999904632568
vertex -41.73454666137695 20.852415084838867 -0.5
vertex -41.191402435302734 19.995969772338867 -0.5
endloop
endfacet
facet normal -0.923880595581545 -0.3826808658763721 0
outer loop
vertex 46.20796585083008 46.61948013305664 -4.099999904632568
vertex 46.20796585083008 46.61948013305664 -0.5
vertex 46.10139846801758 46.87675857543945 -0.5
endloop
endfacet
facet normal 0 0 1
outer loop
vertex 12.632966041564941 -31.047399520874023 -4.099999904632568
vertex 14.094488143920898 -52.876434326171875 -4.099999904632568
vertex 29.16232681274414 -52.876434326171875 -4.099999904632568
endloop
endfacet
facet normal 0 1 0
outer loop
vertex 29.16232681274414 -52.876434326171875 -0.5
vertex 29.16232681274414 -52.876434326171875 -4.099999904632568
vertex 14.094488143920898 -52.876434326171875 -4.099999904632568
endloop
endfacet
facet normal -0.7071067811865475 -0.7071067811865475 0
outer loop
vertex 46.10139846801758 46.87675857543945 -4.099999904632568
vertex 46.10139846801758 46.87675857543945 -0.5
vertex 44.147125244140625 48.831031799316406 -0.5
endloop
endfacet
facet normal 0 0 1
outer loop
vertex -40.343563079833984 45.82242965698242 -4.099999904632568
vertex -52.49522399902344 27.487022399902344 -4.099999904632568
vertex -51.4063835144043 28.053842544555664 -4.099999904632568
endloop
endfacet
facet normal 0 0 1
outer loop
vertex -51.4063835144043 28.053842544555664 -4.099999904632568
vertex -50.08327865600586 26.991941452026367 -4.099999904632568
vertex -40.071712493896484 45.677757263183594 -4.099999904632568
endloop
endfacet
facet normal 0 0 1
outer loop
vertex -40.343563079833984 45.82242965698242 -4.099999904632568
vertex -51.4063835144043 28.053842544555664 -4.099999904632568
vertex -40.071712493896484 45.677757263183594 -4.099999904632568
endloop
endfacet
facet normal -0.3826808658763721 0.923880595581545 0
outer loop
vertex 29.419605255126953 -52.769866943359375 -0.5
vertex 29.419605255126953 -52.769866943359375 -4.099999904632568
vertex 29.16232681274414 -52.876434326171875 -4.099999904632568
endloop
endfacet
facet normal -0.7071067811865475 0.7071067811865475 0
outer loop
vertex 29.419605255126953 -52.769866943359375 -0.5
vertex 31.373878479003906 -50.81559371948242 -4.099999904632568
vertex 29.419605255126953 -52.769866943359375 -4.099999904632568
endloop
endfacet
facet normal -0.9238826016131794 0.38267602281363744 0
outer loop
vertex 31.373878479003906 -50.81559371948242 -0.5
vertex 31.480445861816406 -50.558311462402344 -4.099999904632568
vertex 31.373878479003906 -50.81559371948242 -4.099999904632568
endloop
endfacet
facet normal 0 0 1
outer loop
vertex -12.16593074798584 46.67024230957031 -4.099999904632568
vertex -12.299582481384277 39.51171875 -4.099999904632568
vertex 71.02102661132812 -13.86514949798584 -4.099999904632568
endloop
endfacet
facet normal 0 0 1
outer loop
vertex -12.057113647460938 46.92288589477539 -4.099999904632568
vertex -12.16593074798584 46.67024230957031 -4.099999904632568
vertex 71.02102661132812 -13.86514949798584 -4.099999904632568
endloop
endfacet
facet normal 0 0 1
outer loop
vertex -10.11047649383545 48.833518981933594 -4.099999904632568
vertex -12.057113647460938 46.92288589477539 -4.099999904632568
vertex 71.02102661132812 -13.86514949798584 -4.099999904632568
endloop
endfacet
facet normal 0 0 1
outer loop
vertex -9.855844497680664 48.937599182128906 -4.099999904632568
vertex -10.11047649383545 48.833518981933594 -4.099999904632568
vertex 71.02102661132812 -13.86514949798584 -4.099999904632568
endloop
endfacet
facet normal -1 0 0
outer loop
vertex 46.20796585083008 41.32334518432617 -4.099999904632568
vertex 46.20796585083008 41.32334518432617 -0.5
vertex 46.20796585083008 46.61948013305664 -0.5
endloop
endfacet
facet normal 0 0 1
outer loop
vertex -9.855844497680664 48.937599182128906 -4.099999904632568
vertex 71.02102661132812 -13.86514949798584 -4.099999904632568
vertex 46.20796585083008 41.32334518432617 -4.099999904632568
endloop
endfacet
facet normal -0.6807764424736772 -0.7324912527620273 0
outer loop
vertex 47.03794479370117 40.551963806152344 -4.099999904632568
vertex 47.03794479370117 40.551963806152344 -0.5
vertex 46.20796585083008 41.32334518432617 -0.5
endloop
endfacet
facet normal 0.07308603311644211 -0.9973256397803589 0
outer loop
vertex 47.03794479370117 40.551963806152344 -0.5
vertex 47.03794479370117 40.551963806152344 -4.099999904632568
vertex 63.86389923095703 41.785003662109375 -4.099999904632568
endloop
endfacet
facet normal -0.923880595581545 -0.3826808658763721 0
outer loop
vertex 46.10139846801758 46.87675857543945 -0.5
vertex 46.10139846801758 46.87675857543945 -4.099999904632568
vertex 46.20796585083008 46.61948013305664 -4.099999904632568
endloop
endfacet
facet normal 0.6259224597632196 0.7798852956454305 0
outer loop
vertex -50.08327865600586 26.991941452026367 -0.5
vertex -50.08327865600586 26.991941452026367 -4.099999904632568
vertex -51.4063835144043 28.053842544555664 -4.099999904632568
endloop
endfacet
facet normal -1 0 0
outer loop
vertex 46.20796585083008 46.61948013305664 -0.5
vertex 46.20796585083008 46.61948013305664 -4.099999904632568
vertex 46.20796585083008 41.32334518432617 -4.099999904632568
endloop
endfacet
facet normal 0 -1 0
outer loop
vertex -9.855844497680664 48.937599182128906 -4.099999904632568
vertex 43.88984680175781 48.937599182128906 -4.099999904632568
vertex -9.855844497680664 48.937599182128906 -0.5
endloop
endfacet
facet normal -0.6807764424736772 -0.7324912527620273 0
outer loop
vertex 46.20796585083008 41.32334518432617 -0.5
vertex 46.20796585083008 41.32334518432617 -4.099999904632568
vertex 47.03794479370117 40.551963806152344 -4.099999904632568
endloop
endfacet
facet normal 0 0 1
outer loop
vertex 44.147125244140625 48.831031799316406 -4.099999904632568
vertex 46.20796585083008 41.32334518432617 -4.099999904632568
vertex 46.10139846801758 46.87675857543945 -4.099999904632568
endloop
endfacet
facet normal 0.2588252730604259 0.9659241574912576 0
outer loop
vertex -48.81977081298828 22.750944137573242 -4.099999904632568
vertex -48.81977081298828 22.750944137573242 -0.5
vertex -41.73454666137695 20.852415084838867 -0.5
endloop
endfacet
facet normal 0.6047348937775882 -0.7964268379755979 0
outer loop
vertex -13.303292274475098 38.74959182739258 -0.5
vertex -13.303292274475098 38.74959182739258 -4.099999904632568
vertex -12.299582481384277 39.51171875 -4.099999904632568
endloop
endfacet
facet normal 0 0 1
outer loop
vertex -9.855844497680664 48.937599182128906 -4.099999904632568
vertex 46.20796585083008 41.32334518432617 -4.099999904632568
vertex 43.88984680175781 48.937599182128906 -4.099999904632568
endloop
endfacet
facet normal 0 -1 0
outer loop
vertex 43.88984680175781 48.937599182128906 -4.099999904632568
vertex 43.88984680175781 48.937599182128906 -0.5
vertex -9.855844497680664 48.937599182128906 -0.5
endloop
endfacet
facet normal 0.9840867088085149 -0.1776889122776811 0
outer loop
vertex -41.191402435302734 19.995969772338867 -4.099999904632568
vertex -41.191402435302734 19.995969772338867 -0.5
vertex -42.12106704711914 14.847249031066895 -0.5
endloop
endfacet
facet normal 0 0 1
outer loop
vertex -12.299582481384277 39.51171875 -4.099999904632568
vertex 68.02725982666016 -17.52617645263672 -4.099999904632568
vertex 68.19678497314453 -17.30524444580078 -4.099999904632568
endloop
endfacet
facet normal 0 0 1
outer loop
vertex 46.20796585083008 41.32334518432617 -4.099999904632568
vertex 46.20796585083008 46.61948013305664 -4.099999904632568
vertex 46.10139846801758 46.87675857543945 -4.099999904632568
endloop
endfacet
facet normal 0.9998257556290282 -0.018667039959318538 0
outer loop
vertex -12.299582481384277 39.51171875 -0.5
vertex -12.299582481384277 39.51171875 -4.099999904632568
vertex -12.16593074798584 46.67024230957031 -4.099999904632568
endloop
endfacet
facet normal 0 0 1
outer loop
vertex 68.19678497314453 -17.30524444580078 -4.099999904632568
vertex 68.29247283935547 -16.948144912719727 -4.099999904632568
vertex -12.299582481384277 39.51171875 -4.099999904632568
endloop
endfacet
facet normal 0 0 1
outer loop
vertex 68.29247283935547 -16.948144912719727 -4.099999904632568
vertex 68.63467407226562 -16.521764755249023 -4.099999904632568
vertex -12.299582481384277 39.51171875 -4.099999904632568
endloop
endfacet
facet normal 0.9914440583041076 0.13053229199505145 0
outer loop
vertex -50.45891571044922 25.590044021606445 -4.099999904632568
vertex -50.45891571044922 25.590044021606445 -0.5
vertex -50.42256546020508 25.313949584960938 -0.5
endloop
endfacet
facet normal 0.8660274020930737 0.499996538811942 0
outer loop
vertex -50.42256546020508 25.313949584960938 -4.099999904632568
vertex -50.42256546020508 25.313949584960938 -0.5
vertex -49.04070281982422 22.92047119140625 -0.5
endloop
endfacet
facet normal 0.5753216078148077 -0.8179272874659365 0
outer loop
vertex -57.046363830566406 16.60073471069336 -4.099999904632568
vertex -57.046363830566406 16.60073471069336 -0.5
vertex -59.313682556152344 15.005926132202148 -0.5
endloop
endfacet
facet normal 0 0 1
outer loop
vertex 69.1607666015625 -16.247900009155273 -4.099999904632568
vertex 70.93728637695312 -14.130738258361816 -4.099999904632568
vertex -12.299582481384277 39.51171875 -4.099999904632568
endloop
endfacet
facet normal 0.9184310835935442 -0.3955810216494065 0
outer loop
vertex -12.16593074798584 46.67024230957031 -0.5
vertex -12.16593074798584 46.67024230957031 -4.099999904632568
vertex -12.057113647460938 46.92288589477539 -4.099999904632568
endloop
endfacet
facet normal 0 0 1
outer loop
vertex 71.02102661132812 -13.86514949798584 -4.099999904632568
vertex -12.299582481384277 39.51171875 -4.099999904632568
vertex 70.93728637695312 -14.130738258361816 -4.099999904632568
endloop
endfacet
facet normal 0.7004760765508901 -0.7136758831429514 0
outer loop
vertex -12.057113647460938 46.92288589477539 -0.5
vertex -12.057113647460938 46.92288589477539 -4.099999904632568
vertex -10.11047649383545 48.833518981933594 -4.099999904632568
endloop
endfacet
facet normal 0 0 1
outer loop
vertex 46.20796585083008 41.32334518432617 -4.099999904632568
vertex 71.02102661132812 -13.86514949798584 -4.099999904632568
vertex 47.03794479370117 40.551963806152344 -4.099999904632568
endloop
endfacet
facet normal 0.6047348937775882 -0.7964268379755979 0
outer loop
vertex -12.299582481384277 39.51171875 -4.099999904632568
vertex -12.299582481384277 39.51171875 -0.5
vertex -13.303292274475098 38.74959182739258 -0.5
endloop
endfacet
facet normal -0.31974359249812784 -0.9475041082002713 0
outer loop
vertex -54.89052200317383 58.705970764160156 -4.099999904632568
vertex -54.89052200317383 58.705970764160156 -0.5
vertex -55.15898513793945 58.796566009521484 -0.5
endloop
endfacet
facet normal 0.07385052611285885 -0.9972693215941488 0
outer loop
vertex -55.15898513793945 58.796566009521484 -4.099999904632568
vertex -55.15898513793945 58.796566009521484 -0.5
vertex -57.96697235107422 58.588626861572266 -0.5
endloop
endfacet
facet normal 0.7071074713151304 0.7071060910572912 0
outer loop
vertex -48.21623992919922 -50.81559371948242 -4.099999904632568
vertex -48.21623992919922 -50.81559371948242 -0.5
vertex -46.26197052001953 -52.769866943359375 -0.5
endloop
endfacet
facet normal 0.9998257556290282 -0.018667039959318538 0
outer loop
vertex -12.16593074798584 46.67024230957031 -4.099999904632568
vertex -12.16593074798584 46.67024230957031 -0.5
vertex -12.299582481384277 39.51171875 -0.5
endloop
endfacet
facet normal 0.9184310835935442 -0.3955810216494065 0
outer loop
vertex -12.057113647460938 46.92288589477539 -4.099999904632568
vertex -12.057113647460938 46.92288589477539 -0.5
vertex -12.16593074798584 46.67024230957031 -0.5
endloop
endfacet
facet normal 0.9238777585578801 0.3826877150393876 0
outer loop
vertex -48.322811126708984 -50.558311462402344 -4.099999904632568
vertex -48.322811126708984 -50.558311462402344 -0.5
vertex -48.21623992919922 -50.81559371948242 -0.5
endloop
endfacet
facet normal 0 0 1
outer loop
vertex 43.88984680175781 48.937599182128906 -4.099999904632568
vertex 46.20796585083008 41.32334518432617 -4.099999904632568
vertex 44.147125244140625 48.831031799316406 -4.099999904632568
endloop
endfacet
facet normal -0.4999999823884324 0.8660254139524818 0
outer loop
vertex 31.828781127929688 -38.425376892089844 -0.5
vertex 68.02725982666016 -17.52617645263672 -4.099999904632568
vertex 31.828781127929688 -38.425376892089844 -4.099999904632568
endloop
endfacet
facet normal 0.7071034920806762 0.7071100702771196 0
outer loop
vertex -41.06703567504883 -58.33734893798828 -4.099999904632568
vertex -41.06703567504883 -58.33734893798828 -0.5
vertex -40.656982421875 -58.747398376464844 -0.5
endloop
endfacet
facet normal 0 1 0
outer loop
vertex -40.656982421875 -58.747398376464844 -4.099999904632568
vertex -40.656982421875 -58.747398376464844 -0.5
vertex -40.367034912109375 -58.747398376464844 -0.5
endloop
endfacet
facet normal 0.8660274020930737 0.499996538811942 0
outer loop
vertex -49.04070281982422 22.92047119140625 -0.5
vertex -49.04070281982422 22.92047119140625 -4.099999904632568
vertex -50.42256546020508 25.313949584960938 -4.099999904632568
endloop
endfacet
facet normal -0.4999999823884324 0.8660254139524818 0
outer loop
vertex 68.02725982666016 -17.52617645263672 -4.099999904632568
vertex 31.828781127929688 -38.425376892089844 -0.5
vertex 68.02725982666016 -17.52617645263672 -0.5
endloop
endfacet
facet normal -0.9961947644230799 -0.08715498457371508 0
outer loop
vertex 71.02102661132812 -13.86514949798584 -4.099999904632568
vertex 71.02102661132812 -13.86514949798584 -0.5
vertex 66.33644104003906 39.68037796020508 -0.5
endloop
endfacet
facet normal 0 0 1
outer loop
vertex 47.03794479370117 40.551963806152344 -4.099999904632568
vertex 71.02102661132812 -13.86514949798584 -4.099999904632568
vertex 63.86389923095703 41.785003662109375 -4.099999904632568
endloop
endfacet
facet normal 0 0 1
outer loop
vertex 63.86389923095703 41.785003662109375 -4.099999904632568
vertex 71.02102661132812 -13.86514949798584 -4.099999904632568
vertex 64.12614440917969 41.69925308227539 -4.099999904632568
endloop
endfacet
facet normal -0.7933567132612068 0.6087570332434566 0
outer loop
vertex 68.19678497314453 -17.30524444580078 -0.5
vertex 68.19678497314453 -17.30524444580078 -4.099999904632568
vertex 68.02725982666016 -17.52617645263672 -4.099999904632568
endloop
endfacet
facet normal 0 0 1
outer loop
vertex -13.303292274475098 38.74959182739258 -4.099999904632568
vertex -41.73454666137695 20.852415084838867 -4.099999904632568
vertex -41.191402435302734 19.995969772338867 -4.099999904632568
endloop
endfacet
facet normal -0.9659235712301888 0.258827460950183 0
outer loop
vertex 68.29247283935547 -16.948144912719727 -0.5
vertex 68.29247283935547 -16.948144912719727 -4.099999904632568
vertex 68.19678497314453 -17.30524444580078 -4.099999904632568
endloop
endfacet
facet normal -0.4617522442259479 0.8870089429945452 0
outer loop
vertex -51.4063835144043 28.053842544555664 -0.5
vertex -51.4063835144043 28.053842544555664 -4.099999904632568
vertex -52.49522399902344 27.487022399902344 -4.099999904632568
endloop
endfacet
facet normal 0.2588252730604259 0.9659241574912576 0
outer loop
vertex -41.73454666137695 20.852415084838867 -0.5
vertex -41.73454666137695 20.852415084838867 -4.099999904632568
vertex -48.81977081298828 22.750944137573242 -4.099999904632568
endloop
endfacet
facet normal -0.7933567132612068 0.6087570332434566 0
outer loop
vertex 68.02725982666016 -17.52617645263672 -4.099999904632568
vertex 68.02725982666016 -17.52617645263672 -0.5
vertex 68.19678497314453 -17.30524444580078 -0.5
endloop
endfacet
facet normal 0 0 1
outer loop
vertex 64.12614440917969 41.69925308227539 -4.099999904632568
vertex 71.02102661132812 -13.86514949798584 -4.099999904632568
vertex 66.20989990234375 39.92556381225586 -4.099999904632568
endloop
endfacet
facet normal -0.08715823513420368 0.9961944800330359 0
outer loop
vertex -55.248470306396484 27.246137619018555 -4.099999904632568
vertex -55.248470306396484 27.246137619018555 -0.5
vertex -52.49522399902344 27.487022399902344 -0.5
endloop
endfacet
facet normal 0.8451059789667857 -0.5345988068772606 0
outer loop
vertex -59.313682556152344 15.005926132202148 -4.099999904632568
vertex -59.313682556152344 15.005926132202148 -0.5
vertex -59.46297073364258 14.769927978515625 -0.5
endloop
endfacet
facet normal -0.9659235712301888 0.258827460950183 0
outer loop
vertex 68.19678497314453 -17.30524444580078 -4.099999904632568
vertex 68.19678497314453 -17.30524444580078 -0.5
vertex 68.29247283935547 -16.948144912719727 -0.5
endloop
endfacet
facet normal 0 0 1
outer loop
vertex 66.20989990234375 39.92556381225586 -4.099999904632568
vertex 71.02102661132812 -13.86514949798584 -4.099999904632568
vertex 66.33644104003906 39.68037796020508 -4.099999904632568
endloop
endfacet
facet normal 0.9840867088085149 -0.1776889122776811 0
outer loop
vertex -42.12106704711914 14.847249031066895 -0.5
vertex -42.12106704711914 14.847249031066895 -4.099999904632568
vertex -41.191402435302734 19.995969772338867 -4.099999904632568
endloop
endfacet
facet normal 0.8444940557240125 0.5355649258930317 0
outer loop
vertex -41.191402435302734 19.995969772338867 -0.5
vertex -41.191402435302734 19.995969772338867 -4.099999904632568
vertex -41.73454666137695 20.852415084838867 -4.099999904632568
endloop
endfacet
facet normal 0.8451059789667857 -0.5345988068772606 0
outer loop
vertex -59.46297073364258 14.769927978515625 -0.5
vertex -59.46297073364258 14.769927978515625 -4.099999904632568
vertex -59.313682556152344 15.005926132202148 -4.099999904632568
endloop
endfacet
facet normal 0.9756033939705606 0.21954046932883 0
outer loop
vertex -65.62501525878906 -21.6951904296875 -0.5
vertex -65.62501525878906 -21.6951904296875 -4.099999904632568
vertex -65.68598175048828 -21.424264907836914 -4.099999904632568
endloop
endfacet
facet normal 0.9855391880257298 -0.16944765818855476 0
outer loop
vertex -59.46297073364258 14.769927978515625 -0.5
vertex -65.68598175048828 -21.424264907836914 -4.099999904632568
vertex -59.46297073364258 14.769927978515625 -4.099999904632568
endloop
endfacet
facet normal -0.9961947644230799 -0.08715498457371508 0
outer loop
vertex 66.33644104003906 39.68037796020508 -0.5
vertex 66.33644104003906 39.68037796020508 -4.099999904632568
vertex 71.02102661132812 -13.86514949798584 -4.099999904632568
endloop
endfacet
facet normal -0.31974359249812784 -0.9475041082002713 0
outer loop
vertex -55.15898513793945 58.796566009521484 -0.5
vertex -55.15898513793945 58.796566009521484 -4.099999904632568
vertex -54.89052200317383 58.705970764160156 -4.099999904632568
endloop
endfacet
facet normal 0.3007052066974545 0.9537171376592963 0
outer loop
vertex -55.514060974121094 27.329877853393555 -4.099999904632568
vertex -55.514060974121094 27.329877853393555 -0.5
vertex -55.248470306396484 27.246137619018555 -0.5
endloop
endfacet
facet normal 0 1 0
outer loop
vertex 14.094488143920898 -52.876434326171875 -4.099999904632568
vertex 14.094488143920898 -52.876434326171875 -0.5
vertex 29.16232681274414 -52.876434326171875 -0.5
endloop
endfacet
facet normal 0.608761344205825 0.7933534053627785 0
outer loop
vertex -49.04070281982422 22.92047119140625 -4.099999904632568
vertex -49.04070281982422 22.92047119140625 -0.5
vertex -48.81977081298828 22.750944137573242 -0.5
endloop
endfacet
facet normal 0.21748077771305913 -0.9760646040735844 0
outer loop
vertex -56.77379608154297 16.661466598510742 -4.099999904632568
vertex -56.77379608154297 16.661466598510742 -0.5
vertex -57.046363830566406 16.60073471069336 -0.5
endloop
endfacet
facet normal 0 0 1
outer loop
vertex -50.45891571044922 25.590044021606445 -4.099999904632568
vertex -50.42256546020508 25.313949584960938 -4.099999904632568
vertex -13.303292274475098 38.74959182739258 -4.099999904632568
endloop
endfacet
facet normal -0.6630090531982339 -0.7486113780708796 0
outer loop
vertex -54.89052200317383 58.705970764160156 -0.5
vertex -54.89052200317383 58.705970764160156 -4.099999904632568
vertex -40.343563079833984 45.82242965698242 -4.099999904632568
endloop
endfacet
facet normal 0 0 1
outer loop
vertex -55.15898513793945 58.796566009521484 -4.099999904632568
vertex -40.343563079833984 45.82242965698242 -4.099999904632568
vertex -54.89052200317383 58.705970764160156 -4.099999904632568
endloop
endfacet
facet normal -0.3826808658763721 0.923880595581545 0
outer loop
vertex 29.16232681274414 -52.876434326171875 -4.099999904632568
vertex 29.16232681274414 -52.876434326171875 -0.5
vertex 29.419605255126953 -52.769866943359375 -0.5
endloop
endfacet
facet normal -0.7071067811865475 0.7071067811865475 0
outer loop
vertex 31.373878479003906 -50.81559371948242 -0.5
vertex 31.373878479003906 -50.81559371948242 -4.099999904632568
vertex 29.419605255126953 -52.769866943359375 -0.5
endloop
endfacet
facet normal -0.9238826016131794 0.38267602281363744 0
outer loop
vertex 31.480445861816406 -50.558311462402344 -4.099999904632568
vertex 31.373878479003906 -50.81559371948242 -0.5
vertex 31.480445861816406 -50.558311462402344 -0.5
endloop
endfacet
facet normal 0 0 1
outer loop
vertex -57.96697235107422 58.588626861572266 -4.099999904632568
vertex -40.343563079833984 45.82242965698242 -4.099999904632568
vertex -55.15898513793945 58.796566009521484 -4.099999904632568
endloop
endfacet
facet normal 0.8179281214735319 0.5753204221151718 0
outer loop
vertex -65.62501525878906 -21.6951904296875 -0.5
vertex -64.03972625732422 -23.94898223876953 -4.099999904632568
vertex -65.62501525878906 -21.6951904296875 -4.099999904632568
endloop
endfacet
facet normal 0.3783605479551502 -0.9256583039929359 0
outer loop
vertex -10.11047649383545 48.833518981933594 -0.5
vertex -10.11047649383545 48.833518981933594 -4.099999904632568
vertex -9.855844497680664 48.937599182128906 -4.099999904632568
endloop
endfacet
facet normal 0 0 1
outer loop
vertex -57.96697235107422 58.588626861572266 -4.099999904632568
vertex -58.21916198730469 58.459476470947266 -4.099999904632568
vertex -40.343563079833984 45.82242965698242 -4.099999904632568
endloop
endfacet
facet normal 0 0 1
outer loop
vertex -58.21916198730469 58.459476470947266 -4.099999904632568
vertex -70.93975830078125 43.29962921142578 -4.099999904632568
vertex -40.343563079833984 45.82242965698242 -4.099999904632568
endloop
endfacet
facet normal 0.3783605479551502 -0.9256583039929359 0
outer loop
vertex -9.855844497680664 48.937599182128906 -4.099999904632568
vertex -9.855844497680664 48.937599182128906 -0.5
vertex -10.11047649383545 48.833518981933594 -0.5
endloop
endfacet
facet normal 0.7004760765508901 -0.7136758831429514 0
outer loop
vertex -10.11047649383545 48.833518981933594 -4.099999904632568
vertex -10.11047649383545 48.833518981933594 -0.5
vertex -12.057113647460938 46.92288589477539 -0.5
endloop
endfacet
facet normal -0.46979272063651945 -0.8827767552654165 0
outer loop
vertex -40.071712493896484 45.677757263183594 -4.099999904632568
vertex -40.071712493896484 45.677757263183594 -0.5
vertex -40.343563079833984 45.82242965698242 -0.5
endloop
endfacet
facet normal -0.46979272063651945 -0.8827767552654165 0
outer loop
vertex -40.343563079833984 45.82242965698242 -0.5
vertex -40.343563079833984 45.82242965698242 -4.099999904632568
vertex -40.071712493896484 45.677757263183594 -4.099999904632568
endloop
endfacet
facet normal 0 0 1
outer loop
vertex 68.63467407226562 -16.521764755249023 -4.099999904632568
vertex 69.1607666015625 -16.247900009155273 -4.099999904632568
vertex -12.299582481384277 39.51171875 -4.099999904632568
endloop
endfacet
facet normal 0 0 1
outer loop
vertex -40.367034912109375 -31.047399520874023 -8.199999809265137
vertex -18.867033004760742 -50.047401428222656 -8.199999809265137
vertex -8.867033958435059 -50.047401428222656 -8.199999809265137
endloop
endfacet
facet normal 0 1 0
outer loop
vertex -40.367034912109375 -59.047401428222656 -0.5
vertex -36.617034912109375 -59.047401428222656 -5.699999809265137
vertex -36.999717712402344 -59.047401428222656 -5.776120662689209
endloop
endfacet
facet normal 0 1 0
outer loop
vertex -40.367034912109375 -59.047401428222656 -0.5
vertex -10.117033958435059 -59.047401428222656 -5.699999809265137
vertex -17.617033004760742 -59.047401428222656 -5.699999809265137
endloop
endfacet
facet normal 1 0 0
outer loop
vertex -40.367034912109375 -59.047401428222656 -0.5
vertex -40.367034912109375 -59.047401428222656 -8.199999809265137
vertex -40.367034912109375 -58.747398376464844 -4.099999904632568
endloop
endfacet
facet normal -1 0 0
outer loop
vertex 12.632966041564941 -58.747398376464844 -0.5
vertex 12.632966041564941 -59.047401428222656 -8.199999809265137
vertex 12.632966041564941 -59.047401428222656 -0.5
endloop
endfacet
facet normal -1 0 0
outer loop
vertex 12.632966041564941 -59.047401428222656 -8.199999809265137
vertex 12.632966041564941 -58.747398376464844 -0.5
vertex 12.632966041564941 -58.747398376464844 -4.099999904632568
endloop
endfacet
facet normal 0 1 0
outer loop
vertex -40.367034912109375 -59.047401428222656 -0.5
vertex -17.617033004760742 -59.047401428222656 -5.699999809265137
vertex -17.999717712402344 -59.047401428222656 -5.776120662689209
endloop
endfacet
facet normal 0 1 0
outer loop
vertex -40.367034912109375 -59.047401428222656 -0.5
vertex -17.999717712402344 -59.047401428222656 -5.776120662689209
vertex -18.324140548706055 -59.047401428222656 -5.992893218994141
endloop
endfacet
facet normal 0 1 0
outer loop
vertex -40.367034912109375 -59.047401428222656 -0.5
vertex -18.324140548706055 -59.047401428222656 -5.992893218994141
vertex -18.540912628173828 -59.047401428222656 -6.31731653213501
endloop
endfacet
facet normal 0 1 0
outer loop
vertex -40.367034912109375 -59.047401428222656 -0.5
vertex -18.540912628173828 -59.047401428222656 -6.31731653213501
vertex -18.617033004760742 -59.047401428222656 -6.699999809265137
endloop
endfacet
facet normal 1 0 0
outer loop
vertex -40.367034912109375 -31.047399520874023 -4.099999904632568
vertex -40.367034912109375 -59.047401428222656 -8.199999809265137
vertex -40.367034912109375 -31.047399520874023 -8.199999809265137
endloop
endfacet
facet normal 0 1 0
outer loop
vertex -40.367034912109375 -59.047401428222656 -0.5
vertex 12.632966041564941 -59.047401428222656 -0.5
vertex 12.632966041564941 -59.047401428222656 -8.199999809265137
endloop
endfacet
facet normal 0 0 1
outer loop
vertex -40.367034912109375 -59.047401428222656 -8.199999809265137
vertex -37.867034912109375 -50.047401428222656 -8.199999809265137
vertex -40.367034912109375 -31.047399520874023 -8.199999809265137
endloop
endfacet
facet normal 1 0 0
outer loop
vertex -40.367034912109375 -59.047401428222656 -8.199999809265137
vertex -40.367034912109375 -31.047399520874023 -4.099999904632568
vertex -40.367034912109375 -58.747398376464844 -4.099999904632568
endloop
endfacet
facet normal 0 1 0
outer loop
vertex -37.617034912109375 -59.047401428222656 -8.199999809265137
vertex -40.367034912109375 -59.047401428222656 -0.5
vertex -37.617034912109375 -59.047401428222656 -6.699999809265137
endloop
endfacet
facet normal 1 0 0
outer loop
vertex -40.367034912109375 -59.047401428222656 -0.5
vertex -40.367034912109375 -58.747398376464844 -4.099999904632568
vertex -40.367034912109375 -58.747398376464844 -0.5
endloop
endfacet
facet normal 0 1 0
outer loop
vertex -40.367034912109375 -59.047401428222656 -0.5
vertex -37.617034912109375 -59.047401428222656 -8.199999809265137
vertex -37.867034912109375 -59.047401428222656 -8.199999809265137
endloop
endfacet
facet normal 0 1 0
outer loop
vertex -40.367034912109375 -59.047401428222656 -0.5
vertex -28.734350204467773 -59.047401428222656 -5.776120662689209
vertex -29.117033004760742 -59.047401428222656 -5.699999809265137
endloop
endfacet
facet normal 0 1 0
outer loop
vertex -40.367034912109375 -59.047401428222656 -0.5
vertex -29.117033004760742 -59.047401428222656 -5.699999809265137
vertex -36.617034912109375 -59.047401428222656 -5.699999809265137
endloop
endfacet
facet normal 0 0 1
outer loop
vertex -40.367034912109375 -31.047399520874023 -8.199999809265137
vertex 0.1329660564661026 -50.047401428222656 -8.199999809265137
vertex 12.632966041564941 -31.047399520874023 -8.199999809265137
endloop
endfacet
facet normal 0 0 1
outer loop
vertex -40.367034912109375 -31.047399520874023 -8.199999809265137
vertex -8.867033958435059 -50.047401428222656 -8.199999809265137
vertex 0.1329660564661026 -50.047401428222656 -8.199999809265137
endloop
endfacet
facet normal 0 1 0
outer loop
vertex -40.367034912109375 -59.047401428222656 -0.5
vertex -37.867034912109375 -59.047401428222656 -8.199999809265137
vertex -40.367034912109375 -59.047401428222656 -8.199999809265137
endloop
endfacet
facet normal 0 1 0
outer loop
vertex -40.367034912109375 -59.047401428222656 -0.5
vertex 12.632966041564941 -59.047401428222656 -8.199999809265137
vertex 10.132966041564941 -59.047401428222656 -8.199999809265137
endloop
endfacet
facet normal 0 1 0
outer loop
vertex -10.117033958435059 -59.047401428222656 -5.699999809265137
vertex 10.132966041564941 -59.047401428222656 -8.199999809265137
vertex -9.734350204467773 -59.047401428222656 -5.776120662689209
endloop
endfacet
facet normal 0 1 0
outer loop
vertex -37.32414245605469 -59.047401428222656 -5.992893218994141
vertex -40.367034912109375 -59.047401428222656 -0.5
vertex -36.999717712402344 -59.047401428222656 -5.776120662689209
endloop
endfacet
facet normal 0 1 0
outer loop
vertex -37.54091262817383 -59.047401428222656 -6.31731653213501
vertex -40.367034912109375 -59.047401428222656 -0.5
vertex -37.32414245605469 -59.047401428222656 -5.992893218994141
endloop
endfacet
facet normal 0 1 0
outer loop
vertex 0.1329660564661026 -59.047401428222656 -8.199999809265137
vertex -9.409927368164062 -59.047401428222656 -5.992893218994141
vertex -9.734350204467773 -59.047401428222656 -5.776120662689209
endloop
endfacet
facet normal 0 1 0
outer loop
vertex 0.1329660564661026 -59.047401428222656 -8.199999809265137
vertex -9.193154335021973 -59.047401428222656 -6.31731653213501
vertex -9.409927368164062 -59.047401428222656 -5.992893218994141
endloop
endfacet
facet normal 0 1 0
outer loop
vertex -40.367034912109375 -59.047401428222656 -0.5
vertex 10.132966041564941 -59.047401428222656 -8.199999809265137
vertex -10.117033958435059 -59.047401428222656 -5.699999809265137
endloop
endfacet
facet normal 0 1 0
outer loop
vertex -27.867033004760742 -59.047401428222656 -8.199999809265137
vertex -28.117033004760742 -59.047401428222656 -8.199999809265137
vertex -28.117033004760742 -59.047401428222656 -6.699999809265137
endloop
endfacet
facet normal 0 1 0
outer loop
vertex -27.867033004760742 -59.047401428222656 -8.199999809265137
vertex -28.117033004760742 -59.047401428222656 -6.699999809265137
vertex -18.867033004760742 -59.047401428222656 -8.199999809265137
endloop
endfacet
facet normal 0 1 0
outer loop
vertex -18.867033004760742 -59.047401428222656 -8.199999809265137
vertex -28.117033004760742 -59.047401428222656 -6.699999809265137
vertex -28.19315528869629 -59.047401428222656 -6.31731653213501
endloop
endfacet
facet normal 0 0 1
outer loop
vertex -27.867033004760742 -50.047401428222656 -8.199999809265137
vertex -27.867033004760742 -59.047401428222656 -8.199999809265137
vertex -18.867033004760742 -50.047401428222656 -8.199999809265137
endloop
endfacet
facet normal 0 0 1
outer loop
vertex -18.867033004760742 -50.047401428222656 -8.199999809265137
vertex -27.867033004760742 -59.047401428222656 -8.199999809265137
vertex -18.867033004760742 -59.047401428222656 -8.199999809265137
endloop
endfacet
facet normal 0 0 1
outer loop
vertex -37.867034912109375 -59.047401428222656 -8.199999809265137
vertex -37.867034912109375 -50.047401428222656 -8.199999809265137
vertex -40.367034912109375 -59.047401428222656 -8.199999809265137
endloop
endfacet
facet normal -1 0 0
outer loop
vertex 12.632966041564941 -31.047399520874023 -4.099999904632568
vertex 12.632966041564941 -31.047399520874023 -8.199999809265137
vertex 12.632966041564941 -59.047401428222656 -8.199999809265137
endloop
endfacet
facet normal 0 0 1
outer loop
vertex 10.132966041564941 -50.047401428222656 -8.199999809265137
vertex 12.632966041564941 -59.047401428222656 -8.199999809265137
vertex 12.632966041564941 -31.047399520874023 -8.199999809265137
endloop
endfacet
facet normal 0 0 1
outer loop
vertex 0.1329660564661026 -50.047401428222656 -8.199999809265137
vertex -8.867033958435059 -59.047401428222656 -8.199999809265137
vertex 0.1329660564661026 -59.047401428222656 -8.199999809265137
endloop
endfacet
facet normal 0 0 1
outer loop
vertex -8.867033958435059 -50.047401428222656 -8.199999809265137
vertex -8.867033958435059 -59.047401428222656 -8.199999809265137
vertex 0.1329660564661026 -50.047401428222656 -8.199999809265137
endloop
endfacet
facet normal 0 0 1
outer loop
vertex 12.632966041564941 -31.047399520874023 -8.199999809265137
vertex 0.1329660564661026 -50.047401428222656 -8.199999809265137
vertex 10.132966041564941 -50.047401428222656 -8.199999809265137
endloop
endfacet
facet normal 0 1 0
outer loop
vertex 0.1329660564661026 -59.047401428222656 -8.199999809265137
vertex -9.117033958435059 -59.047401428222656 -6.699999809265137
vertex -9.193154335021973 -59.047401428222656 -6.31731653213501
endloop
endfacet
facet normal 0 1 0
outer loop
vertex -9.117033958435059 -59.047401428222656 -6.699999809265137
vertex 0.1329660564661026 -59.047401428222656 -8.199999809265137
vertex -8.867033958435059 -59.047401428222656 -8.199999809265137
endloop
endfacet
facet normal 0 1 0
outer loop
vertex -8.867033958435059 -59.047401428222656 -8.199999809265137
vertex -9.117033958435059 -59.047401428222656 -8.199999809265137
vertex -9.117033958435059 -59.047401428222656 -6.699999809265137
endloop
endfacet
facet normal -1 0 0
outer loop
vertex 12.632966041564941 -59.047401428222656 -8.199999809265137
vertex 12.632966041564941 -58.747398376464844 -4.099999904632568
vertex 12.632966041564941 -31.047399520874023 -4.099999904632568
endloop
endfacet
facet normal 0 1 0
outer loop
vertex -40.367034912109375 -59.047401428222656 -0.5
vertex -18.867033004760742 -59.047401428222656 -8.199999809265137
vertex -28.734350204467773 -59.047401428222656 -5.776120662689209
endloop
endfacet
facet normal 0 0 1
outer loop
vertex 10.132966041564941 -59.047401428222656 -8.199999809265137
vertex 12.632966041564941 -59.047401428222656 -8.199999809265137
vertex 10.132966041564941 -50.047401428222656 -8.199999809265137
endloop
endfacet
facet normal 0 1 0
outer loop
vertex -18.867033004760742 -59.047401428222656 -8.199999809265137
vertex -28.19315528869629 -59.047401428222656 -6.31731653213501
vertex -28.409927368164062 -59.047401428222656 -5.992893218994141
endloop
endfacet
facet normal 0 -1 0
outer loop
vertex -40.367034912109375 -31.047399520874023 -4.099999904632568
vertex -40.367034912109375 -31.047399520874023 -8.199999809265137
vertex 12.632966041564941 -31.047399520874023 -4.099999904632568
endloop
endfacet
facet normal 0 -1 0
outer loop
vertex 12.632966041564941 -31.047399520874023 -4.099999904632568
vertex -40.367034912109375 -31.047399520874023 -8.199999809265137
vertex 12.632966041564941 -31.047399520874023 -8.199999809265137
endloop
endfacet
facet normal 0 1 0
outer loop
vertex -18.867033004760742 -59.047401428222656 -8.199999809265137
vertex -28.409927368164062 -59.047401428222656 -5.992893218994141
vertex -28.734350204467773 -59.047401428222656 -5.776120662689209
endloop
endfacet
facet normal 0 1 0
outer loop
vertex 0.1329660564661026 -59.047401428222656 -8.199999809265137
vertex -9.734350204467773 -59.047401428222656 -5.776120662689209
vertex 10.132966041564941 -59.047401428222656 -8.199999809265137
endloop
endfacet
facet normal 0 1 0
outer loop
vertex -40.367034912109375 -59.047401428222656 -0.5
vertex -18.617033004760742 -59.047401428222656 -8.199999809265137
vertex -18.867033004760742 -59.047401428222656 -8.199999809265137
endloop
endfacet
facet normal 0 1 0
outer loop
vertex -18.617033004760742 -59.047401428222656 -8.199999809265137
vertex -40.367034912109375 -59.047401428222656 -0.5
vertex -18.617033004760742 -59.047401428222656 -6.699999809265137
endloop
endfacet
facet normal 0 1 0
outer loop
vertex -37.617034912109375 -59.047401428222656 -6.699999809265137
vertex -40.367034912109375 -59.047401428222656 -0.5
vertex -37.54091262817383 -59.047401428222656 -6.31731653213501
endloop
endfacet
facet normal 0 0 1
outer loop
vertex -37.867034912109375 -50.047401428222656 -8.199999809265137
vertex -27.867033004760742 -50.047401428222656 -8.199999809265137
vertex -40.367034912109375 -31.047399520874023 -8.199999809265137
endloop
endfacet
facet normal 0 0 1
outer loop
vertex -27.867033004760742 -50.047401428222656 -8.199999809265137
vertex -18.867033004760742 -50.047401428222656 -8.199999809265137
vertex -40.367034912109375 -31.047399520874023 -8.199999809265137
endloop
endfacet
facet normal 0 -1 0
outer loop
vertex -18.867033004760742 -50.047401428222656 -8.199999809265137
vertex -18.867033004760742 -50.047401428222656 -9.5
vertex -8.867033958435059 -50.047401428222656 -8.199999809265137
endloop
endfacet
facet normal -1 0 0
outer loop
vertex -8.867033958435059 -50.047401428222656 -9.5
vertex -8.867033958435059 -59.047401428222656 -9.5
vertex -8.867033958435059 -59.047401428222656 -8.199999809265137
endloop
endfacet
facet normal 0 1 0
outer loop
vertex -18.617033004760742 -59.047401428222656 -8.199999809265137
vertex -18.540912628173828 -59.047401428222656 -8.582683563232422
vertex -18.867033004760742 -59.047401428222656 -8.199999809265137
endloop
endfacet
facet normal 0 -1 0
outer loop
vertex -18.867033004760742 -50.047401428222656 -9.5
vertex -8.867033958435059 -50.047401428222656 -9.5
vertex -8.867033958435059 -50.047401428222656 -8.199999809265137
endloop
endfacet
facet normal 0 1 0
outer loop
vertex -18.540912628173828 -59.047401428222656 -8.582683563232422
vertex -18.867033004760742 -59.047401428222656 -9.5
vertex -18.867033004760742 -59.047401428222656 -8.199999809265137
endloop
endfacet
facet normal 0 1 0
outer loop
vertex -18.324140548706055 -59.047401428222656 -8.907106399536133
vertex -18.867033004760742 -59.047401428222656 -9.5
vertex -18.540912628173828 -59.047401428222656 -8.582683563232422
endloop
endfacet
facet normal 1 0 0
outer loop
vertex -18.867033004760742 -59.047401428222656 -9.5
vertex -18.867033004760742 -50.047401428222656 -9.5
vertex -18.867033004760742 -50.047401428222656 -8.199999809265137
endloop
endfacet
facet normal 0 0 1
outer loop
vertex -18.867033004760742 -59.047401428222656 -9.5
vertex -8.867033958435059 -59.047401428222656 -9.5
vertex -18.867033004760742 -50.047401428222656 -9.5
endloop
endfacet
facet normal 1 0 0
outer loop
vertex -18.867033004760742 -50.047401428222656 -8.199999809265137
vertex -18.867033004760742 -59.047401428222656 -8.199999809265137
vertex -18.867033004760742 -59.047401428222656 -9.5
endloop
endfacet
facet normal 0 1 0
outer loop
vertex -8.867033958435059 -59.047401428222656 -9.5
vertex -10.117033958435059 -59.047401428222656 -9.199999809265137
vertex -9.734350204467773 -59.047401428222656 -9.123879432678223
endloop
endfacet
facet normal 0 1 0
outer loop
vertex -18.867033004760742 -59.047401428222656 -9.5
vertex -10.117033958435059 -59.047401428222656 -9.199999809265137
vertex -8.867033958435059 -59.047401428222656 -9.5
endloop
endfacet
facet normal 0 0 1
outer loop
vertex -18.867033004760742 -50.047401428222656 -9.5
vertex -8.867033958435059 -59.047401428222656 -9.5
vertex -8.867033958435059 -50.047401428222656 -9.5
endloop
endfacet
facet normal 0 1 0
outer loop
vertex -9.409927368164062 -59.047401428222656 -8.907106399536133
vertex -9.193154335021973 -59.047401428222656 -8.582683563232422
vertex -8.867033958435059 -59.047401428222656 -9.5
endloop
endfacet
facet normal -1 0 0
outer loop
vertex -8.867033958435059 -50.047401428222656 -8.199999809265137
vertex -8.867033958435059 -50.047401428222656 -9.5
vertex -8.867033958435059 -59.047401428222656 -8.199999809265137
endloop
endfacet
facet normal 0 1 0
outer loop
vertex -18.324140548706055 -59.047401428222656 -8.907106399536133
vertex -17.999717712402344 -59.047401428222656 -9.123879432678223
vertex -18.867033004760742 -59.047401428222656 -9.5
endloop
endfacet
facet normal 0 1 0
outer loop
vertex -9.193154335021973 -59.047401428222656 -8.582683563232422
vertex -9.117033958435059 -59.047401428222656 -8.199999809265137
vertex -8.867033958435059 -59.047401428222656 -9.5
endloop
endfacet
facet normal 0 1 0
outer loop
vertex -8.867033958435059 -59.047401428222656 -8.199999809265137
vertex -8.867033958435059 -59.047401428222656 -9.5
vertex -9.117033958435059 -59.047401428222656 -8.199999809265137
endloop
endfacet
facet normal 0 1 0
outer loop
vertex -17.617033004760742 -59.047401428222656 -9.199999809265137
vertex -10.117033958435059 -59.047401428222656 -9.199999809265137
vertex -18.867033004760742 -59.047401428222656 -9.5
endloop
endfacet
facet normal 0 1 0
outer loop
vertex -18.867033004760742 -59.047401428222656 -9.5
vertex -17.999717712402344 -59.047401428222656 -9.123879432678223
vertex -17.617033004760742 -59.047401428222656 -9.199999809265137
endloop
endfacet
facet normal 0 1 0
outer loop
vertex -8.867033958435059 -59.047401428222656 -9.5
vertex -9.734350204467773 -59.047401428222656 -9.123879432678223
vertex -9.409927368164062 -59.047401428222656 -8.907106399536133
endloop
endfacet
facet normal 0 1 0
outer loop
vertex -37.32414245605469 -59.047401428222656 -8.907106399536133
vertex -37.867034912109375 -59.047401428222656 -9.5
vertex -37.54091262817383 -59.047401428222656 -8.582683563232422
endloop
endfacet
facet normal 0 1 0
outer loop
vertex -28.19315528869629 -59.047401428222656 -8.582683563232422
vertex -28.117033004760742 -59.047401428222656 -8.199999809265137
vertex -27.867033004760742 -59.047401428222656 -9.5
endloop
endfacet
facet normal 0 1 0
outer loop
vertex -37.54091262817383 -59.047401428222656 -8.582683563232422
vertex -37.867034912109375 -59.047401428222656 -9.5
vertex -37.867034912109375 -59.047401428222656 -8.199999809265137
endloop
endfacet
facet normal 0 1 0
outer loop
vertex -37.32414245605469 -59.047401428222656 -8.907106399536133
vertex -36.999717712402344 -59.047401428222656 -9.123879432678223
vertex -37.867034912109375 -59.047401428222656 -9.5
endloop
endfacet
facet normal 0 1 0
outer loop
vertex -37.617034912109375 -59.047401428222656 -8.199999809265137
vertex -37.54091262817383 -59.047401428222656 -8.582683563232422
vertex -37.867034912109375 -59.047401428222656 -8.199999809265137
endloop
endfacet
facet normal 1 0 0
outer loop
vertex -37.867034912109375 -50.047401428222656 -8.199999809265137
vertex -37.867034912109375 -59.047401428222656 -8.199999809265137
vertex -37.867034912109375 -59.047401428222656 -9.5
endloop
endfacet
facet normal 0 -1 0
outer loop
vertex -37.867034912109375 -50.047401428222656 -8.199999809265137
vertex -37.867034912109375 -50.047401428222656 -9.5
vertex -27.867033004760742 -50.047401428222656 -8.199999809265137
endloop
endfacet
facet normal 0 1 0
outer loop
vertex -37.867034912109375 -59.047401428222656 -9.5
vertex -36.999717712402344 -59.047401428222656 -9.123879432678223
vertex -36.617034912109375 -59.047401428222656 -9.199999809265137
endloop
endfacet
facet normal 0 1 0
outer loop
vertex -36.617034912109375 -59.047401428222656 -9.199999809265137
vertex -29.117033004760742 -59.047401428222656 -9.199999809265137
vertex -37.867034912109375 -59.047401428222656 -9.5
endloop
endfacet
facet normal -1 0 0
outer loop
vertex -27.867033004760742 -50.047401428222656 -8.199999809265137
vertex -27.867033004760742 -50.047401428222656 -9.5
vertex -27.867033004760742 -59.047401428222656 -8.199999809265137
endloop
endfacet
facet normal 0 1 0
outer loop
vertex -28.409927368164062 -59.047401428222656 -8.907106399536133
vertex -28.19315528869629 -59.047401428222656 -8.582683563232422
vertex -27.867033004760742 -59.047401428222656 -9.5
endloop
endfacet
facet normal -1 0 0
outer loop
vertex -27.867033004760742 -50.047401428222656 -9.5
vertex -27.867033004760742 -59.047401428222656 -9.5
vertex -27.867033004760742 -59.047401428222656 -8.199999809265137
endloop
endfacet
facet normal 0 1 0
outer loop
vertex -27.867033004760742 -59.047401428222656 -9.5
vertex -28.734350204467773 -59.047401428222656 -9.123879432678223
vertex -28.409927368164062 -59.047401428222656 -8.907106399536133
endloop
endfacet
facet normal 0 -1 0
outer loop
vertex -37.867034912109375 -50.047401428222656 -9.5
vertex -27.867033004760742 -50.047401428222656 -9.5
vertex -27.867033004760742 -50.047401428222656 -8.199999809265137
endloop
endfacet
facet normal 0 0 1
outer loop
vertex -37.867034912109375 -50.047401428222656 -9.5
vertex -27.867033004760742 -59.047401428222656 -9.5
vertex -27.867033004760742 -50.047401428222656 -9.5
endloop
endfacet
facet normal 1 0 0
outer loop
vertex -37.867034912109375 -59.047401428222656 -9.5
vertex -37.867034912109375 -50.047401428222656 -9.5
vertex -37.867034912109375 -50.047401428222656 -8.199999809265137
endloop
endfacet
facet normal 0 0 1
outer loop
vertex -37.867034912109375 -59.047401428222656 -9.5
vertex -27.867033004760742 -59.047401428222656 -9.5
vertex -37.867034912109375 -50.047401428222656 -9.5
endloop
endfacet
facet normal 0 1 0
outer loop
vertex -27.867033004760742 -59.047401428222656 -9.5
vertex -29.117033004760742 -59.047401428222656 -9.199999809265137
vertex -28.734350204467773 -59.047401428222656 -9.123879432678223
endloop
endfacet
facet normal 0 1 0
outer loop
vertex -37.867034912109375 -59.047401428222656 -9.5
vertex -29.117033004760742 -59.047401428222656 -9.199999809265137
vertex -27.867033004760742 -59.047401428222656 -9.5
endloop
endfacet
facet normal 0 1 0
outer loop
vertex -27.867033004760742 -59.047401428222656 -8.199999809265137
vertex -27.867033004760742 -59.047401428222656 -9.5
vertex -28.117033004760742 -59.047401428222656 -8.199999809265137
endloop
endfacet
facet normal -1 0 0
outer loop
vertex 10.132966041564941 -50.047401428222656 -8.199999809265137
vertex 10.132966041564941 -50.047401428222656 -9.5
vertex 10.132966041564941 -59.047401428222656 -8.199999809265137
endloop
endfacet
facet normal 0 1 0
outer loop
vertex 0.1329660564661026 -59.047401428222656 -9.5
vertex 0.1329660564661026 -59.047401428222656 -8.199999809265137
vertex 10.132966041564941 -59.047401428222656 -9.5
endloop
endfacet
facet normal 0 0 1
outer loop
vertex 0.1329660564661026 -59.047401428222656 -9.5
vertex 10.132966041564941 -59.047401428222656 -9.5
vertex 0.1329660564661026 -50.047401428222656 -9.5
endloop
endfacet
facet normal 1 0 0
outer loop
vertex 0.1329660564661026 -59.047401428222656 -9.5
vertex 0.1329660564661026 -50.047401428222656 -9.5
vertex 0.1329660564661026 -50.047401428222656 -8.199999809265137
endloop
endfacet
facet normal 0 0 1
outer loop
vertex 0.1329660564661026 -50.047401428222656 -9.5
vertex 10.132966041564941 -59.047401428222656 -9.5
vertex 10.132966041564941 -50.047401428222656 -9.5
endloop
endfacet
facet normal 0 1 0
outer loop
vertex 10.132966041564941 -59.047401428222656 -8.199999809265137
vertex 10.132966041564941 -59.047401428222656 -9.5
vertex 0.1329660564661026 -59.047401428222656 -8.199999809265137
endloop
endfacet
facet normal -1 0 0
outer loop
vertex 10.132966041564941 -50.047401428222656 -9.5
vertex 10.132966041564941 -59.047401428222656 -9.5
vertex 10.132966041564941 -59.047401428222656 -8.199999809265137
endloop
endfacet
facet normal 1 0 0
outer loop
vertex 0.1329660564661026 -50.047401428222656 -8.199999809265137
vertex 0.1329660564661026 -59.047401428222656 -8.199999809265137
vertex 0.1329660564661026 -59.047401428222656 -9.5
endloop
endfacet
facet normal 0 -1 0
outer loop
vertex 0.1329660564661026 -50.047401428222656 -8.199999809265137
vertex 0.1329660564661026 -50.047401428222656 -9.5
vertex 10.132966041564941 -50.047401428222656 -8.199999809265137
endloop
endfacet
facet normal 0 -1 0
outer loop
vertex 0.1329660564661026 -50.047401428222656 -9.5
vertex 10.132966041564941 -50.047401428222656 -9.5
vertex 10.132966041564941 -50.047401428222656 -8.199999809265137
endloop
endfacet
facet normal 0 -0.7071067811865475 0.7071067811865475
outer loop
vertex -42.266326904296875 -63.247398376464844 -0.5
vertex -42.44514083862305 -63.747398376464844 -1
vertex 1.3776553869247437 -63.747398376464844 -1
endloop
endfacet
facet normal 0 -0.7071067811865475 0.7071067811865475
outer loop
vertex 1.3776553869247437 -63.747398376464844 -1
vertex 1.3776553869247437 -63.247398376464844 -0.5
vertex -42.266326904296875 -63.247398376464844 -0.5
endloop
endfacet
facet normal 0 -0.7071067811865476 0.7071067811865476
outer loop
vertex 10.377655029296875 -63.247398376464844 -0.5
vertex 10.377655029296875 -63.747398376464844 -1
vertex 14.877655029296875 -63.747398376464844 -1
endloop
endfacet
facet normal 0 -0.7071067811865475 0.7071067811865475
outer loop
vertex 14.877655029296875 -63.747398376464844 -1
vertex 14.682181358337402 -63.247398376464844 -0.5
vertex 10.377655029296875 -63.247398376464844 -0.5
endloop
endfacet
facet normal 0.47958382721663134 -0.5196146996914802 0.7071067221691371
outer loop
vertex 14.682181358337402 -63.247398376464844 -0.5
vertex 14.877655029296875 -63.747398376464844 -1
vertex 17.270004272460938 -60.85894012451172 -0.5
endloop
endfacet
facet normal 0.4795809295179739 -0.5196141307961517 0.7071091055273124
outer loop
vertex 17.270004272460938 -60.85894012451172 -0.5
vertex 16.909257888793945 -61.872310638427734 -1
vertex 17.324970245361328 -60.88884353637695 -0.5592537522315979
endloop
endfacet
facet normal 0.4795864509933758 -0.5196146240216841 0.7071049982332058
outer loop
vertex 16.909257888793945 -61.872310638427734 -1
vertex 17.750518798828125 -61.095855712890625 -1
vertex 17.324970245361328 -60.88884353637695 -0.5592537522315979
endloop
endfacet
facet normal 0.4795829759374039 -0.519614162855382 0.7071076940262523
outer loop
vertex 17.270004272460938 -60.85894012451172 -0.5
vertex 14.877655029296875 -63.747398376464844 -1
vertex 16.909257888793945 -61.872310638427734 -1
endloop
endfacet
facet normal 0.7048414749138093 -0.05656500084444268 0.7071060004842231
outer loop
vertex 17.324970245361328 -60.88884353637695 -0.5592537522315979
vertex 17.75334930419922 -61.06059265136719 -1
vertex 17.76430320739746 -60.92409896850586 -1
endloop
endfacet
facet normal 0.7048388031542324 -0.056576199907014325 0.7071077677215764
outer loop
vertex 17.750518798828125 -61.095855712890625 -1
vertex 17.75334930419922 -61.06059265136719 -1
vertex 17.324970245361328 -60.88884353637695 -0.5592537522315979
endloop
endfacet
facet normal 0.6829865509767309 -0.15777511142283568 0.7131874826442354
outer loop
vertex 17.294456481933594 -60.753089904785156 -0.5
vertex 17.270004272460938 -60.85894012451172 -0.5
vertex 17.324970245361328 -60.88884353637695 -0.5592537522315979
endloop
endfacet
facet normal 0.5009528163261001 -0.5009528163261001 0.7057567226955033
outer loop
vertex 17.38128089904785 -60.60270690917969 -0.5
vertex 17.76430320739746 -60.92409896850586 -1
vertex 17.417734146118164 -60.566253662109375 -0.5
endloop
endfacet
facet normal 0.5803298261317379 -0.40635491352088476 0.7057570241657827
outer loop
vertex 17.33129119873047 -60.67409896850586 -0.5
vertex 17.76430320739746 -60.92409896850586 -1
vertex 17.38128089904785 -60.60270690917969 -0.5
endloop
endfacet
facet normal 0.6420750962711286 -0.2994097227794474 0.7057573156925512
outer loop
vertex 17.294456481933594 -60.753089904785156 -0.5
vertex 17.76430320739746 -60.92409896850586 -1
vertex 17.33129119873047 -60.67409896850586 -0.5
endloop
endfacet
facet normal 0.6940197257727678 -0.15123779633179862 0.7038918590230986
outer loop
vertex 17.324970245361328 -60.88884353637695 -0.5592537522315979
vertex 17.76430320739746 -60.92409896850586 -1
vertex 17.294456481933594 -60.753089904785156 -0.5
endloop
endfacet
facet normal 0.49283967595624345 -0.508873704856414 0.7058021013776116
outer loop
vertex 20.47355079650879 -58.30021667480469 -1
vertex 20.126981735229492 -57.9423713684082 -0.5
vertex 17.417734146118164 -60.566253662109375 -0.5
endloop
endfacet
facet normal 0.49283967595624345 -0.508873704856414 0.7058021013776116
outer loop
vertex 17.76430320739746 -60.92409896850586 -1
vertex 20.47355079650879 -58.30021667480469 -1
vertex 17.417734146118164 -60.566253662109375 -0.5
endloop
endfacet
facet normal 0.13337433143947316 -0.699059208292548 0.702515132231662
outer loop
vertex 20.302541732788086 -57.83037185668945 -0.5
vertex 20.47355079650879 -58.30021667480469 -1
vertex 20.44959831237793 -57.80231475830078 -0.5
endloop
endfacet
facet normal 0.2994102403476223 -0.6420762061804283 0.7057560863584013
outer loop
vertex 20.22355079650879 -57.86720657348633 -0.5
vertex 20.47355079650879 -58.30021667480469 -1
vertex 20.302541732788086 -57.83037185668945 -0.5
endloop
endfacet
facet normal 0.43638583136278875 -0.5606530309048415 0.7037297671144958
outer loop
vertex 20.126981735229492 -57.9423713684082 -0.5
vertex 20.47355079650879 -58.30021667480469 -1
vertex 20.22355079650879 -57.86720657348633 -0.5
endloop
endfacet
facet normal 0.034088150270140255 -0.7062765453221557 0.7071148701158542
outer loop
vertex 30.288270950317383 -57.82804870605469 -1
vertex 30.175676345825195 -57.332889556884766 -0.5
vertex 20.44959831237793 -57.80231475830078 -0.5
endloop
endfacet
facet normal 0.0340300615794586 -0.7073659234095596 0.7060279068902584
outer loop
vertex 20.44959831237793 -57.80231475830078 -0.5
vertex 20.47355079650879 -58.30021667480469 -1
vertex 30.288270950317383 -57.82804870605469 -1
endloop
endfacet
facet normal 0.2747775233094783 -0.651535283169638 0.7071061359293728
outer loop
vertex 31.922311782836914 -57.138912200927734 -1
vertex 31.646312713623047 -56.71266555786133 -0.5
vertex 30.175676345825195 -57.332889556884766 -0.5
endloop
endfacet
facet normal 0.27477702770250895 -0.6515388895825843 0.707103005515086
outer loop
vertex 30.175676345825195 -57.332889556884766 -0.5
vertex 31.5177001953125 -57.30955123901367 -1
vertex 31.922311782836914 -57.138912200927734 -1
endloop
endfacet
facet normal 0.27477779808311614 -0.6515361835162505 0.7071051995634546
outer loop
vertex 30.175676345825195 -57.332889556884766 -0.5
vertex 30.288270950317383 -57.82804870605469 -1
vertex 31.5177001953125 -57.30955123901367 -1
endloop
endfacet
facet normal 0.4820625887102505 -0.5173157521249545 0.7071068329250995
outer loop
vertex 31.646312713623047 -56.71266555786133 -0.5
vertex 35.53514862060547 -53.77227783203125 -1
vertex 35.119022369384766 -53.47660827636719 -0.5
endloop
endfacet
facet normal 0.4820628430917771 -0.5173161700396594 0.707106353758592
outer loop
vertex 31.646312713623047 -56.71266555786133 -0.5
vertex 31.922311782836914 -57.138912200927734 -1
vertex 35.53514862060547 -53.77227783203125 -1
endloop
endfacet
facet normal 0.6471274033231093 -0.28500130776178917 0.7071070487856559
outer loop
vertex 36.36437225341797 -51.889434814453125 -1
vertex 35.86532211303711 -51.78205108642578 -0.5
vertex 35.119022369384766 -53.47660827636719 -0.5
endloop
endfacet
facet normal 0.6471278168282389 -0.28500181595307567 0.7071064655273394
outer loop
vertex 35.53514862060547 -53.77227783203125 -1
vertex 36.36437225341797 -51.889434814453125 -1
vertex 35.119022369384766 -53.47660827636719 -0.5
endloop
endfacet
facet normal 0.7073437255364292 -0.0064272178609900464 0.7068405370483587
outer loop
vertex 36.440982818603516 -43.41611099243164 -1
vertex 35.94137954711914 -43.41159439086914 -0.5
vertex 35.86532211303711 -51.78205108642578 -0.5
endloop
endfacet
facet normal 0.7070774558434862 -0.006392958024493956 0.7071072065292504
outer loop
vertex 35.86532211303711 -51.78205108642578 -0.5
vertex 36.36437225341797 -51.889434814453125 -1
vertex 36.440982818603516 -43.41611099243164 -1
endloop
endfacet
facet normal 0.7057596961430328 -0.06172453404810451 0.7057572764036077
outer loop
vertex 35.94137954711914 -43.41159439086914 -0.5
vertex 36.440982818603516 -43.41611099243164 -1
vertex 35.948577880859375 -43.329288482666016 -0.5
endloop
endfacet
facet normal 0.6843089639558403 -0.18337954655103716 0.7057571705313523
outer loop
vertex 35.948577880859375 -43.329288482666016 -0.5
vertex 36.440982818603516 -43.41611099243164 -1
vertex 35.97113800048828 -43.24510192871094 -0.5
endloop
endfacet
facet normal 0.6419635788366174 -0.29968200029831393 0.705743198440115
outer loop
vertex 35.97113800048828 -43.24510192871094 -0.5
vertex 36.440982818603516 -43.41611099243164 -1
vertex 36.00809097290039 -43.16594314575195 -0.5
endloop
endfacet
facet normal 0.6122349128508318 -0.3538207325715978 0.7070921444119093
outer loop
vertex 36.00809097290039 -43.16594314575195 -0.5
vertex 36.440982818603516 -43.41611099243164 -1
vertex 36.54330825805664 -43.239051818847656 -1
endloop
endfacet
facet normal 0.6122375952918514 -0.35381269982748165 0.7070938412629822
outer loop
vertex 36.00809097290039 -43.16594314575195 -0.5
vertex 36.54330825805664 -43.239051818847656 -1
vertex 37.75857925415039 -41.136146545410156 -1
endloop
endfacet
facet normal 0.6122281138908903 -0.35380106711820675 0.7071078711679155
outer loop
vertex 37.75857925415039 -41.136146545410156 -1
vertex 37.32566833496094 -40.88596725463867 -0.5
vertex 36.00809097290039 -43.16594314575195 -0.5
endloop
endfacet
facet normal 0.580239980082652 -0.4064694659339505 0.7057649316713411
outer loop
vertex 37.32566833496094 -40.88596725463867 -0.5
vertex 37.75857925415039 -41.136146545410156 -1
vertex 37.37555694580078 -40.81475067138672 -0.5
endloop
endfacet
facet normal 0.5009514650684639 -0.5009514650684639 0.7057586409612845
outer loop
vertex 37.37555694580078 -40.81475067138672 -0.5
vertex 37.75857925415039 -41.136146545410156 -1
vertex 37.43718338012695 -40.75312423706055 -0.5
endloop
endfacet
facet normal 0.40634320392391143 -0.5803368577626964 0.7057579841184727
outer loop
vertex 37.43718338012695 -40.75312423706055 -0.5
vertex 37.75857925415039 -41.136146545410156 -1
vertex 37.50520324707031 -40.70549774169922 -0.5
endloop
endfacet
facet normal 0.3586947402274817 -0.6096560707516331 0.7068645971675332
outer loop
vertex 37.50520324707031 -40.70549774169922 -0.5
vertex 37.75857925415039 -41.136146545410156 -1
vertex 50.46162414550781 -33.662235260009766 -1
endloop
endfacet
facet normal 0.3585776793849011 -0.6094446560704667 0.7071062572443335
outer loop
vertex 70.9195327758789 -21.625701904296875 -1
vertex 70.63031005859375 -21.215747833251953 -0.5
vertex 37.50520324707031 -40.70549774169922 -0.5
endloop
endfacet
facet normal 0.3586943476352264 -0.6096552863926666 0.7068654728786906
outer loop
vertex 50.46162414550781 -33.662235260009766 -1
vertex 70.9195327758789 -21.625701904296875 -1
vertex 37.50520324707031 -40.70549774169922 -0.5
endloop
endfacet
facet normal 0.4539181566009516 -0.5421800706627513 0.7071061292932823
outer loop
vertex 71.55435180664062 -21.094226837158203 -1
vertex 71.20164489746094 -20.7374210357666 -0.5
vertex 70.63031005859375 -21.215747833251953 -0.5
endloop
endfacet
facet normal 0.45391987619536156 -0.5421718946938212 0.7071112943511082
outer loop
vertex 71.55435180664062 -21.094226837158203 -1
vertex 70.63031005859375 -21.215747833251953 -0.5
vertex 71.43019104003906 -21.198177337646484 -1
endloop
endfacet
facet normal 0.45391650826236407 -0.5421822142268845 0.7071055438213846
outer loop
vertex 70.63031005859375 -21.215747833251953 -0.5
vertex 70.9195327758789 -21.625701904296875 -1
vertex 71.43019104003906 -21.198177337646484 -1
endloop
endfacet
facet normal 0.5369037195325819 -0.46014746029073217 0.7071058695415192
outer loop
vertex 71.20164489746094 -20.7374210357666 -0.5
vertex 71.55435180664062 -21.094226837158203 -1
vertex 75.38812255859375 -16.620952606201172 -1
endloop
endfacet
facet normal 0.5369032315962358 -0.46014687260330855 0.7071066224657446
outer loop
vertex 75.38812255859375 -16.620952606201172 -1
vertex 74.94303894042969 -16.371931076049805 -0.5
vertex 71.20164489746094 -20.7374210357666 -0.5
endloop
endfacet
facet normal 0.6730446724340098 -0.21681380590566976 0.7071086496974104
outer loop
vertex 75.38812255859375 -16.620952606201172 -1
vertex 75.75542449951172 -15.480754852294922 -1
vertex 75.21524047851562 -15.52694034576416 -0.5
endloop
endfacet
facet normal 0.6730472874202675 -0.216812445715746 0.7071065777370314
outer loop
vertex 74.94303894042969 -16.371931076049805 -0.5
vertex 75.38812255859375 -16.620952606201172 -1
vertex 75.21524047851562 -15.52694034576416 -0.5
endloop
endfacet
facet normal 0.6342476505396782 0.31262189639343146 0.707104990563829
outer loop
vertex 70.80023956298828 41.933536529541016 -1
vertex 70.40447998046875 42.736454010009766 -1
vertex 70.34703826904297 41.72206497192383 -0.5
endloop
endfacet
facet normal 0.6342426129327583 0.31263239806126897 0.7071048660719904
outer loop
vertex 70.80023956298828 41.933536529541016 -1
vertex 70.34703826904297 41.72206497192383 -0.5
vertex 70.8819351196289 41.767799377441406 -1
endloop
endfacet
facet normal 0.6342425774450738 0.3126239738471911 0.7071086224419982
outer loop
vertex 70.40447998046875 42.736454010009766 -1
vertex 69.99767303466797 42.43084716796875 -0.5
vertex 70.34703826904297 41.72206497192383 -0.5
endloop
endfacet
facet normal 0.476880128188105 0.52209594862263 0.7071076040965283
outer loop
vertex 66.742919921875 46.08090591430664 -1
vertex 66.48123931884766 45.64274215698242 -0.5
vertex 69.99767303466797 42.43084716796875 -0.5
endloop
endfacet
facet normal 0.4768797711597029 0.5220956894570127 0.7071080362356773
outer loop
vertex 69.99767303466797 42.43084716796875 -0.5
vertex 70.40447998046875 42.736454010009766 -1
vertex 66.742919921875 46.08090591430664 -1
endloop
endfacet
facet normal 0.23351977079306543 0.6674349951618164 0.7071061051087738
outer loop
vertex 64.81183624267578 46.75654602050781 -1
vertex 64.74327087402344 46.250816345214844 -0.5
vertex 66.48123931884766 45.64274215698242 -0.5
endloop
endfacet
facet normal 0.23351948622654092 0.6674347252156622 0.7071064538870975
outer loop
vertex 66.48123931884766 45.64274215698242 -0.5
vertex 66.742919921875 46.08090591430664 -1
vertex 64.81183624267578 46.75654602050781 -1
endloop
endfacet
facet normal -0.04733546150133287 0.7067994803516416 0.7058284838819593
outer loop
vertex 53.94064712524414 46.02666091918945 -1
vertex 53.974021911621094 45.52958297729492 -0.5
vertex 64.74327087402344 46.250816345214844 -0.5
endloop
endfacet
facet normal -0.04736805625673279 0.7055180284704496 0.7071071904242162
outer loop
vertex 64.81183624267578 46.75654602050781 -1
vertex 53.94064712524414 46.02666091918945 -1
vertex 64.74327087402344 46.250816345214844 -0.5
endloop
endfacet
facet normal 0.1833509536588285 0.6843179767117684 0.7057558604372406
outer loop
vertex 53.94064712524414 46.02666091918945 -1
vertex 53.76963806152344 45.55681610107422 -0.5
vertex 53.853824615478516 45.53425979614258 -0.5
endloop
endfacet
facet normal 0.3036760502927189 0.6403006234531211 0.7055465740007237
outer loop
vertex 53.94064712524414 46.02666091918945 -1
vertex 53.687870025634766 45.59559631347656 -0.5
vertex 53.76963806152344 45.55681610107422 -0.5
endloop
endfacet
facet normal 0.027619011580565598 0.7098266198140631 0.7038347533353649
outer loop
vertex 53.94064712524414 46.02666091918945 -1
vertex 53.853824615478516 45.53425979614258 -0.5
vertex 53.974021911621094 45.52958297729492 -0.5
endloop
endfacet
facet normal 0.35778876484774813 0.610142940831189 0.706903664937869
outer loop
vertex 53.17363739013672 46.476436614990234 -1
vertex 53.687870025634766 45.59559631347656 -0.5
vertex 53.94064712524414 46.02666091918945 -1
endloop
endfacet
facet normal 0.357785953871986 0.6101423814494215 0.7069055704768084
outer loop
vertex 53.687870025634766 45.59559631347656 -0.5
vertex 53.17363739013672 46.476436614990234 -1
vertex 51.2845344543457 47.58420181274414 -1
endloop
endfacet
facet normal 0.35762780356898116 0.6100018553939768 0.7071068452011564
outer loop
vertex 51.2845344543457 47.58420181274414 -1
vertex 51.031612396240234 47.152889251708984 -0.5
vertex 53.687870025634766 45.59559631347656 -0.5
endloop
endfacet
facet normal 0.40824442688688445 0.5788756981293606 0.7058607610790137
outer loop
vertex 51.2845344543457 47.58420181274414 -1
vertex 50.963138580322266 47.20117950439453 -0.5
vertex 51.031612396240234 47.152889251708984 -0.5
endloop
endfacet
facet normal 0.6037065735102403 0.3749919911780849 0.7035050672545435
outer loop
vertex 50.901512145996094 47.26280975341797 -0.5
vertex 51.2845344543457 47.58420181274414 -1
vertex 50.83451461791992 47.370670318603516 -0.5
endloop
endfacet
facet normal 0.5009676446296741 0.5009366364813311 0.7057576816903711
outer loop
vertex 50.963138580322266 47.20117950439453 -0.5
vertex 51.2845344543457 47.58420181274414 -1
vertex 50.901512145996094 47.26280975341797 -0.5
endloop
endfacet
facet normal 0.6400456724501031 0.3037023696754606 0.7057665391837482
outer loop
vertex 50.83451461791992 47.370670318603516 -0.5
vertex 51.2845344543457 47.58420181274414 -1
vertex 50.837284088134766 48.526771545410156 -1
endloop
endfacet
facet normal 0.6400448765871367 0.3037026344539566 0.7057671469969988
outer loop
vertex 50.83451461791992 47.370670318603516 -0.5
vertex 50.837284088134766 48.526771545410156 -1
vertex 50.39349365234375 49.4620475769043 -1
endloop
endfacet
facet normal 0.6385029609981059 0.30371027327589883 0.7071591325178018
outer loop
vertex 50.39349365234375 49.4620475769043 -1
vertex 49.97494125366211 49.17778778076172 -0.5
vertex 50.83451461791992 47.370670318603516 -0.5
endloop
endfacet
facet normal 0.5173159513943965 0.48206257612600323 0.7071066957197278
outer loop
vertex 47.097530364990234 52.99904251098633 -1
vertex 46.802490234375 52.58224105834961 -0.5
vertex 49.97494125366211 49.17778778076172 -0.5
endloop
endfacet
facet normal 0.5173146651380476 0.4820617999406607 0.707108165891952
outer loop
vertex 49.97494125366211 49.17778778076172 -0.5
vertex 50.39349365234375 49.4620475769043 -1
vertex 47.097530364990234 52.99904251098633 -1
endloop
endfacet
facet normal 0.2827122856425237 0.6481309635946157 0.7071067936151475
outer loop
vertex 46.802490234375 52.58224105834961 -0.5
vertex 47.097530364990234 52.99904251098633 -1
vertex 45.09010314941406 53.32917785644531 -0.5
endloop
endfacet
facet normal 0.2827123278687905 0.6481302363312401 0.7071074433381537
outer loop
vertex 45.09010314941406 53.32917785644531 -0.5
vertex 47.097530364990234 52.99904251098633 -1
vertex 45.194881439208984 53.82897186279297 -1
endloop
endfacet
facet normal 0.0013953833665743156 0.7071036787636789 0.7071085067966106
outer loop
vertex -10.785752296447754 53.93944549560547 -1
vertex -10.692761421203613 53.43925857543945 -0.5
vertex 45.09010314941406 53.32917785644531 -0.5
endloop
endfacet
facet normal 0.0013954203948776335 0.7071055422382333 0.7071066432567974
outer loop
vertex 45.09010314941406 53.32917785644531 -0.5
vertex 45.194881439208984 53.82897186279297 -1
vertex -10.785752296447754 53.93944549560547 -1
endloop
endfacet
facet normal -0.2554377454068545 0.6593550287625278 0.7071085519685284
outer loop
vertex -12.538381576538086 53.260467529296875 -1
vertex -12.270127296447754 52.82817840576172 -0.5
vertex -10.692761421203613 53.43925857543945 -0.5
endloop
endfacet
facet normal -0.25543772470979137 0.6593551746605002 0.7071084234001925
outer loop
vertex -10.692761421203613 53.43925857543945 -0.5
vertex -10.785752296447754 53.93944549560547 -1
vertex -12.538381576538086 53.260467529296875 -1
endloop
endfacet
facet normal -0.47740788030419423 0.5216125260925393 0.7071082579399113
outer loop
vertex -12.270127296447754 52.82817840576172 -0.5
vertex -12.538381576538086 53.260467529296875 -1
vertex -13.579154968261719 52.30789566040039 -1
endloop
endfacet
facet normal -0.4774080601325597 0.5216144812787205 0.7071066942412564
outer loop
vertex -12.270127296447754 52.82817840576172 -0.5
vertex -13.579154968261719 52.30789566040039 -1
vertex -16.1776065826416 49.92966079711914 -1
endloop
endfacet
facet normal -0.4774078263872932 0.5216140890307459 0.7071071414070044
outer loop
vertex -16.1776065826416 49.92966079711914 -1
vertex -15.765557289123535 49.62898254394531 -0.5
vertex -12.270127296447754 52.82817840576172 -0.5
endloop
endfacet
facet normal -0.6433397511308798 0.2966723548025797 0.7057616300924484
outer loop
vertex -17.080358505249023 47.9672737121582 -1
vertex -16.627840042114258 47.75910568237305 -0.5
vertex -15.765557289123535 49.62898254394531 -0.5
endloop
endfacet
facet normal -0.6423928809656566 0.2955183883816673 0.7071069711245576
outer loop
vertex -16.601390838623047 49.008445739746094 -1
vertex -15.765557289123535 49.62898254394531 -0.5
vertex -16.1776065826416 49.92966079711914 -1
endloop
endfacet
facet normal -0.6423928592863736 0.2955183204281872 0.707107019219284
outer loop
vertex -15.765557289123535 49.62898254394531 -0.5
vertex -16.601390838623047 49.008445739746094 -1
vertex -17.080358505249023 47.9672737121582 -1
endloop
endfacet
facet normal -0.5803298261317379 0.40635491352088476 0.7057570241657827
outer loop
vertex -16.64734649658203 47.7172737121582 -0.5
vertex -17.080358505249023 47.9672737121582 -1
vertex -16.697336196899414 47.64588165283203 -0.5
endloop
endfacet
facet normal -0.5009602303983781 0.5009447265536641 0.7057572022284141
outer loop
vertex -17.080358505249023 47.9672737121582 -1
vertex -16.75896453857422 47.584251403808594 -0.5
vertex -16.697336196899414 47.64588165283203 -0.5
endloop
endfacet
facet normal -0.6420779994769568 0.29940414465852805 0.7057570408780661
outer loop
vertex -17.080358505249023 47.9672737121582 -1
vertex -16.64734649658203 47.7172737121582 -0.5
vertex -16.627840042114258 47.75910568237305 -0.5
endloop
endfacet
facet normal -0.38848333387907985 0.5938157134258345 0.7046017299061665
outer loop
vertex -17.080358505249023 47.9672737121582 -1
vertex -16.858125686645508 47.519378662109375 -0.5
vertex -16.75896453857422 47.584251403808594 -0.5
endloop
endfacet
facet normal -0.3142856421338899 0.6334249234444767 0.7071049437727384
outer loop
vertex -20.244365692138672 46.39739227294922 -1
vertex -20.022132873535156 45.94949722290039 -0.5
vertex -16.858125686645508 47.519378662109375 -0.5
endloop
endfacet
facet normal -0.31428536996438966 0.6334250584868311 0.7071049437723522
outer loop
vertex -16.858125686645508 47.519378662109375 -0.5
vertex -17.080358505249023 47.9672737121582 -1
vertex -19.115732192993164 46.9573860168457 -1
endloop
endfacet
facet normal -0.3142852727845799 0.633422946271932 0.7071068790832876
outer loop
vertex -16.858125686645508 47.519378662109375 -0.5
vertex -19.115732192993164 46.9573860168457 -1
vertex -20.244365692138672 46.39739227294922 -1
endloop
endfacet
facet normal -0.27873371766810956 0.650451337154769 0.706555427852966
outer loop
vertex -20.022132873535156 45.94949722290039 -0.5
vertex -20.244365692138672 46.39739227294922 -1
vertex -20.073354721069336 45.927547454833984 -0.5
endloop
endfacet
facet normal -0.043555219374760194 0.720571954726217 0.692010838735388
outer loop
vertex -20.244365692138672 46.39739227294922 -1
vertex -20.352426528930664 45.91067886352539 -0.5
vertex -20.073354721069336 45.927547454833984 -0.5
endloop
endfacet
facet normal 0.15348206062973213 0.6912898162352453 0.7060889795445698
outer loop
vertex -20.352426528930664 45.91067886352539 -0.5
vertex -26.471759796142578 47.78001403808594 -1
vertex -37.09788513183594 50.13925552368164 -1
endloop
endfacet
facet normal 0.15348171544253666 0.6912889366563284 0.7060899157199306
outer loop
vertex -20.352426528930664 45.91067886352539 -0.5
vertex -20.244365692138672 46.39739227294922 -1
vertex -26.471759796142578 47.78001403808594 -1
endloop
endfacet
facet normal 0.1532043529859034 0.6903104186102953 0.7071067473757054
outer loop
vertex -37.09788513183594 50.13925552368164 -1
vertex -37.206260681152344 49.65114212036133 -0.5
vertex -20.352426528930664 45.91067886352539 -0.5
endloop
endfacet
facet normal 0.2817629112941543 0.6492447393935801 0.7064636793132432
outer loop
vertex -37.268898010253906 49.66940689086914 -0.5
vertex -37.09788513183594 50.13925552368164 -1
vertex -37.324256896972656 49.69343185424805 -0.5
endloop
endfacet
facet normal 0.19815614223300115 0.6795580316344776 0.7063533286793577
outer loop
vertex -37.09788513183594 50.13925552368164 -1
vertex -37.268898010253906 49.66940689086914 -0.5
vertex -37.206260681152344 49.65114212036133 -0.5
endloop
endfacet
facet normal 0.3201329035569683 0.630487158719563 0.7071073940710262
outer loop
vertex -37.324256896972656 49.69343185424805 -0.5
vertex -37.78046417236328 50.485836029052734 -1
vertex -38.22441482543945 50.71125411987305 -1
endloop
endfacet
facet normal 0.32013055489471487 0.6304867227588319 0.7071088461104343
outer loop
vertex -37.324256896972656 49.69343185424805 -0.5
vertex -37.09788513183594 50.13925552368164 -1
vertex -37.78046417236328 50.485836029052734 -1
endloop
endfacet
facet normal 0.3201326361328211 0.6304870356105242 0.7071076249127174
outer loop
vertex -38.22441482543945 50.71125411987305 -1
vertex -38.450782775878906 50.26543045043945 -0.5
vertex -37.324256896972656 49.69343185424805 -0.5
endloop
endfacet
facet normal 0.39114437131930874 0.5918366208810047 0.704794647375657
outer loop
vertex -38.22441482543945 50.71125411987305 -1
vertex -38.545806884765625 50.32823181152344 -0.5
vertex -38.450782775878906 50.26543045043945 -0.5
endloop
endfacet
facet normal 0.4669438190518093 0.531128377066561 0.7070121052174086
outer loop
vertex -52.56864547729492 62.656471252441406 -0.5
vertex -38.545806884765625 50.32823181152344 -0.5
vertex -38.22441482543945 50.71125411987305 -1
endloop
endfacet
facet normal 0.46688436329493044 0.5310529661553506 0.7071080104540548
outer loop
vertex -52.3106575012207 63.09541702270508 -1
vertex -52.56864547729492 62.656471252441406 -0.5
vertex -38.22441482543945 50.71125411987305 -1
endloop
endfacet
facet normal 0.23683305987812533 0.6662678798523558 0.707104811202562
outer loop
vertex -54.121089935302734 63.73895263671875 -1
vertex -54.19803237915039 63.23565673828125 -0.5
vertex -52.56864547729492 62.656471252441406 -0.5
endloop
endfacet
facet normal 0.23683051779487949 0.6662656136808341 0.707107797911684
outer loop
vertex -52.56864547729492 62.656471252441406 -0.5
vertex -52.3106575012207 63.09541702270508 -1
vertex -54.121089935302734 63.73895263671875 -1
endloop
endfacet
facet normal -0.026950921183329438 0.706593640073288 0.7071061275758758
outer loop
vertex -59.208187103271484 63.544921875 -1
vertex -59.08406448364258 63.049293518066406 -0.5
vertex -54.19803237915039 63.23565673828125 -0.5
endloop
endfacet
facet normal -0.026950753927362067 0.7065946799571708 0.707105094818988
outer loop
vertex -54.121089935302734 63.73895263671875 -1
vertex -59.208187103271484 63.544921875 -1
vertex -54.19803237915039 63.23565673828125 -0.5
endloop
endfacet
facet normal -0.3092515901278248 0.6358961230240482 0.7071064804726346
outer loop
vertex -59.208187103271484 63.544921875 -1
vertex -60.385711669921875 62.97226333618164 -1
vertex -59.945831298828125 62.63019561767578 -0.5
endloop
endfacet
facet normal -0.30925155041903407 0.6358961079199076 0.7071065114222446
outer loop
vertex -59.08406448364258 63.049293518066406 -0.5
vertex -59.208187103271484 63.544921875 -1
vertex -59.945831298828125 62.63019561767578 -0.5
endloop
endfacet
facet normal -0.5391678924990264 0.4574859852786565 0.7071100034448496
outer loop
vertex -73.87721252441406 47.56584930419922 -1
vertex -75.37074279785156 45.80565643310547 -1
vertex -73.49595642089844 47.24235534667969 -0.5
endloop
endfacet
facet normal -0.5391691443549689 0.45748852229983694 0.7071074074986363
outer loop
vertex -75.37074279785156 45.80565643310547 -1
vertex -74.92764282226562 45.5550537109375 -0.5
vertex -73.49595642089844 47.24235534667969 -0.5
endloop
endfacet
facet normal -0.6699064470550136 0.22632750536238114 0.7071076385604739
outer loop
vertex -74.92764282226562 45.5550537109375 -0.5
vertex -75.37074279785156 45.80565643310547 -1
vertex -75.9826889038086 43.99435806274414 -1
endloop
endfacet
facet normal -0.6699059607374556 0.2263269745738884 0.7071082691841875
outer loop
vertex -75.9826889038086 43.99435806274414 -1
vertex -75.4783935546875 43.92488479614258 -0.5
vertex -74.92764282226562 45.5550537109375 -0.5
endloop
endfacet
facet normal -0.7061492731967731 -0.03675752498796468 0.7071082578505417
outer loop
vertex -75.9826889038086 43.99435806274414 -1
vertex -75.72212982177734 38.98875427246094 -1
vertex -75.4783935546875 43.92488479614258 -0.5
endloop
endfacet
facet normal -0.7061463596435316 -0.036757961279841954 0.7071111447606648
outer loop
vertex -75.72212982177734 38.98875427246094 -1
vertex -75.2281723022461 39.117958068847656 -0.5
vertex -75.4783935546875 43.92488479614258 -0.5
endloop
endfacet
facet normal -0.6337081003999537 -0.3137112825674892 0.7071062683057922
outer loop
vertex -74.80506896972656 37.13627243041992 -1
vertex -74.40282440185547 37.45072555541992 -0.5
vertex -75.2281723022461 39.117958068847656 -0.5
endloop
endfacet
facet normal -0.6337033716564615 -0.31371133620313263 0.7071104823780211
outer loop
vertex -75.2281723022461 39.117958068847656 -0.5
vertex -75.72212982177734 38.98875427246094 -1
vertex -74.80506896972656 37.13627243041992 -1
endloop
endfacet
facet normal -0.4574981341030127 -0.5393697855000453 0.7069481535317119
outer loop
vertex -60.1776237487793 25.384492874145508 -0.5
vertex -74.80506896972656 37.13627243041992 -1
vertex -60.50090789794922 25.003358840942383 -1
endloop
endfacet
facet normal -0.45740148269973374 -0.5392426983872023 0.7071076267868803
outer loop
vertex -74.80506896972656 37.13627243041992 -1
vertex -60.1776237487793 25.384492874145508 -0.5
vertex -74.40282440185547 37.45072555541992 -0.5
endloop
endfacet
facet normal -0.5009597893542594 -0.5009437949802179 0.7057581765172497
outer loop
vertex -60.1776237487793 25.384492874145508 -0.5
vertex -60.50090789794922 25.003358840942383 -1
vertex -60.11788558959961 25.324752807617188 -0.5
endloop
endfacet
facet normal -0.7096573852424529 -0.029169495210398366 0.7039428500382792
outer loop
vertex -60.50090789794922 25.003358840942383 -1
vertex -60.00364685058594 24.9720401763916 -0.5
vertex -60.00850296020508 25.09018325805664 -0.5
endloop
endfacet
facet normal -0.5803268715547568 -0.40635749254495407 0.7057579687145208
outer loop
vertex -60.50090789794922 25.003358840942383 -1
vertex -60.067893981933594 25.253358840942383 -0.5
vertex -60.11788558959961 25.324752807617188 -0.5
endloop
endfacet
facet normal -0.6843151174121073 -0.18335018755982557 0.7057588318987094
outer loop
vertex -60.50090789794922 25.003358840942383 -1
vertex -60.00850296020508 25.09018325805664 -0.5
vertex -60.03105926513672 25.17436981201172 -0.5
endloop
endfacet
facet normal -0.6420709583825339 -0.2994150230189432 0.7057588316077243
outer loop
vertex -60.067893981933594 25.253358840942383 -0.5
vertex -60.50090789794922 25.003358840942383 -1
vertex -60.03105926513672 25.17436981201172 -0.5
endloop
endfacet
facet normal -0.7057233757592662 0.044201554498204676 0.7071073040825471
outer loop
vertex -60.81636428833008 19.99483871459961 -1
vertex -60.317352294921875 19.963409423828125 -0.5
vertex -60.00364685058594 24.9720401763916 -0.5
endloop
endfacet
facet normal -0.7069457098860954 0.044525960445774095 0.7058648610888815
outer loop
vertex -60.00364685058594 24.9720401763916 -0.5
vertex -60.66611099243164 22.380434036254883 -1
vertex -60.81636428833008 19.99483871459961 -1
endloop
endfacet
facet normal -0.7069470471284339 0.04452656805567187 0.7058634834679942
outer loop
vertex -60.00364685058594 24.9720401763916 -0.5
vertex -60.50090789794922 25.003358840942383 -1
vertex -60.66611099243164 22.380434036254883 -1
endloop
endfacet
facet normal -0.5009602306278402 0.5009447263032873 0.7057572022432542
outer loop
vertex -60.81636428833008 19.99483871459961 -1
vertex -60.49496841430664 19.611818313598633 -0.5
vertex -60.43334197998047 19.673446655273438 -0.5
endloop
endfacet
facet normal -0.5803220881547226 0.40636499947997007 0.7057575796244674
outer loop
vertex -60.81636428833008 19.99483871459961 -1
vertex -60.43334197998047 19.673446655273438 -0.5
vertex -60.38335037231445 19.74483871459961 -0.5
endloop
endfacet
facet normal -0.6420869728884303 0.2993842528245422 0.7057573155183463
outer loop
vertex -60.81636428833008 19.99483871459961 -1
vertex -60.38335037231445 19.74483871459961 -0.5
vertex -60.346519470214844 19.823829650878906 -0.5
endloop
endfacet
facet normal -0.4063499895998948 0.5803330456491363 0.7057572118510465
outer loop
vertex -60.49496841430664 19.611818313598633 -0.5
vertex -60.81636428833008 19.99483871459961 -1
vertex -60.54422378540039 19.577329635620117 -0.5
endloop
endfacet
facet normal -0.7026763043826152 0.08381209002070722 0.7065561158362095
outer loop
vertex -60.317352294921875 19.963409423828125 -0.5
vertex -60.81636428833008 19.99483871459961 -1
vertex -60.32395935058594 19.908016204833984 -0.5
endloop
endfacet
facet normal -0.6843089639558403 0.18337954655103716 0.7057571705313523
outer loop
vertex -60.81636428833008 19.99483871459961 -1
vertex -60.346519470214844 19.823829650878906 -0.5
vertex -60.32395935058594 19.908016204833984 -0.5
endloop
endfacet
facet normal -0.38649559674219974 0.592073843563857 0.7071560771614794
outer loop
vertex -62.91487503051758 18.626995086669922 -1
vertex -62.55475616455078 18.264888763427734 -0.5
vertex -60.54422378540039 19.577329635620117 -0.5
endloop
endfacet
facet normal -0.3867502952053946 0.593342420479095 0.7059525346781814
outer loop
vertex -60.54422378540039 19.577329635620117 -0.5
vertex -60.81636428833008 19.99483871459961 -1
vertex -62.91487503051758 18.626995086669922 -1
endloop
endfacet
facet normal -0.5902425364158774 0.38937616695912447 0.7071067449894477
outer loop
vertex -64.05978393554688 16.89146614074707 -1
vertex -63.585174560546875 16.702911376953125 -0.5
vertex -62.55475616455078 18.264888763427734 -0.5
endloop
endfacet
facet normal -0.5902427093616804 0.3893764697295039 0.7071064339025432
outer loop
vertex -62.55475616455078 18.264888763427734 -0.5
vertex -62.91487503051758 18.626995086669922 -1
vertex -64.05978393554688 16.89146614074707 -1
endloop
endfacet
facet normal -0.69653064993986 0.12183571601823463 0.7071075674865037
outer loop
vertex -64.05978393554688 16.89146614074707 -1
vertex -67.37191009521484 -2.043846607208252 -1
vertex -66.87938690185547 -2.129997730255127 -0.5
endloop
endfacet
facet normal -0.6965317519444025 0.12183585022933728 0.7071064588392302
outer loop
vertex -64.05978393554688 16.89146614074707 -1
vertex -66.87938690185547 -2.129997730255127 -0.5
vertex -63.585174560546875 16.702911376953125 -0.5
endloop
endfacet
facet normal -0.692683507713978 -0.14209427428892965 0.707105915231489
outer loop
vertex -70.39310455322266 -23.359556198120117 -1
vertex -69.92239379882812 -23.166027069091797 -0.5
vertex -70.0834732055664 -22.380794525146484 -0.5
endloop
endfacet
facet normal -0.6926834442869179 -0.1420943212718095 0.707105967923561
outer loop
vertex -70.61405944824219 -22.282442092895508 -1
vertex -70.39310455322266 -23.359556198120117 -1
vertex -70.0834732055664 -22.380794525146484 -0.5
endloop
endfacet
facet normal -0.59231258291567 -0.3862213669132973 0.7071059749849323
outer loop
vertex -70.39310455322266 -23.359556198120117 -1
vertex -67.66655731201172 -27.541013717651367 -1
vertex -69.92239379882812 -23.166027069091797 -0.5
endloop
endfacet
facet normal -0.5923100703136769 -0.3862203738865486 0.7071086220659043
outer loop
vertex -67.66655731201172 -27.541013717651367 -1
vertex -67.30387115478516 -27.18181037902832 -0.5
vertex -69.92239379882812 -23.166027069091797 -0.5
endloop
endfacet
facet normal -0.39191262937119603 -0.5885599483005911 0.7071079678491546
outer loop
vertex -66.03060913085938 -28.6303653717041 -1
vertex -67.30387115478516 -27.18181037902832 -0.5
vertex -67.66655731201172 -27.541013717651367 -1
endloop
endfacet
facet normal -0.3919144165838045 -0.5885608309295517 0.7071062426321038
outer loop
vertex -65.95539093017578 -28.680452346801758 -1
vertex -65.76382446289062 -28.207305908203125 -0.5
vertex -67.30387115478516 -27.18181037902832 -0.5
endloop
endfacet
facet normal -0.39191726533955523 -0.5885624248259977 0.7071033370107273
outer loop
vertex -65.95539093017578 -28.680452346801758 -1
vertex -67.30387115478516 -27.18181037902832 -0.5
vertex -66.03060913085938 -28.6303653717041 -1
endloop
endfacet
facet normal -0.12800829245767809 -0.6956465007719723 0.7068874189188684
outer loop
vertex -55.76286315917969 -30.555696487426758 -1
vertex -55.672447204589844 -30.064254760742188 -0.5
vertex -65.76382446289062 -28.207305908203125 -0.5
endloop
endfacet
facet normal -0.1279477196462737 -0.6954351476046314 0.7071063120305483
outer loop
vertex -65.95539093017578 -28.680452346801758 -1
vertex -55.76286315917969 -30.555696487426758 -1
vertex -65.76382446289062 -28.207305908203125 -0.5
endloop
endfacet
facet normal -0.18336233353078268 -0.6843130225233784 0.7057577076072667
outer loop
vertex -55.672447204589844 -30.064254760742188 -0.5
vertex -55.76286315917969 -30.555696487426758 -1
vertex -55.591854095458984 -30.08584976196289 -0.5
endloop
endfacet
facet normal -0.40636499947997007 -0.5803220881547226 0.7057575796244674
outer loop
vertex -55.76286315917969 -30.555696487426758 -1
vertex -55.441471099853516 -30.17267417907715 -0.5
vertex -55.51286315917969 -30.122682571411133 -0.5
endloop
endfacet
facet normal -0.2993967291741907 -0.642080479624045 0.7057579303454922
outer loop
vertex -55.76286315917969 -30.555696487426758 -1
vertex -55.51286315917969 -30.122682571411133 -0.5
vertex -55.591854095458984 -30.08584976196289 -0.5
endloop
endfacet
facet normal -0.5009609052979823 -0.5009454028717004 0.7057562431213312
outer loop
vertex -55.441471099853516 -30.17267417907715 -0.5
vertex -55.76286315917969 -30.555696487426758 -1
vertex -55.37983703613281 -30.234310150146484 -0.5
endloop
endfacet
facet normal -0.5416815908744899 -0.4545100034283166 0.707107990968334
outer loop
vertex -54.65904235839844 -31.871227264404297 -1
vertex -53.45024490356445 -33.31186294555664 -1
vertex -55.37983703613281 -30.234310150146484 -0.5
endloop
endfacet
facet normal -0.5416831247424805 -0.4545107013596405 0.7071063673301139
outer loop
vertex -53.45024490356445 -33.31186294555664 -1
vertex -53.06721878051758 -32.990474700927734 -0.5
vertex -55.37983703613281 -30.234310150146484 -0.5
endloop
endfacet
facet normal -0.5416844309846548 -0.4545104932884639 0.7071055004166692
outer loop
vertex -54.65904235839844 -31.871227264404297 -1
vertex -55.37983703613281 -30.234310150146484 -0.5
vertex -55.76286315917969 -30.555696487426758 -1
endloop
endfacet
facet normal -0.5803261838452054 -0.40635857182363855 0.7057579127782512
outer loop
vertex -53.06721878051758 -32.990474700927734 -0.5
vertex -53.45024490356445 -33.31186294555664 -1
vertex -53.01723098754883 -33.06186294555664 -0.5
endloop
endfacet
facet normal -0.6420869728884303 -0.2993842528245422 0.7057573155183463
outer loop
vertex -53.45024490356445 -33.31186294555664 -1
vertex -52.98040008544922 -33.14085388183594 -0.5
vertex -53.01723098754883 -33.06186294555664 -0.5
endloop
endfacet
facet normal -0.7009916266716008 -0.12627182623529062 0.7019018202252418
outer loop
vertex -53.45024490356445 -33.31186294555664 -1
vertex -52.950260162353516 -33.30817413330078 -0.5
vertex -52.98040008544922 -33.14085388183594 -0.5
endloop
endfacet
facet normal -0.7070886878323388 -0.005219077310573545 0.7071056135907616
outer loop
vertex -52.950260162353516 -33.30817413330078 -0.5
vertex -53.45024490356445 -33.31186294555664 -1
vertex -53.31574249267578 -51.53445816040039 -1
endloop
endfacet
facet normal -0.7070866890613804 -0.0052191722023244855 0.7071076116078352
outer loop
vertex -53.31574249267578 -51.53445816040039 -1
vertex -52.81644821166992 -51.43684387207031 -0.5
vertex -52.950260162353516 -33.30817413330078 -0.5
endloop
endfacet
facet normal -0.6569892124901981 -0.2614657169601875 0.7071073847203155
outer loop
vertex -52.62112045288086 -53.27984619140625 -1
vertex -52.191287994384766 -53.007694244384766 -0.5
vertex -52.81644821166992 -51.43684387207031 -0.5
endloop
endfacet
facet normal -0.656989154194131 -0.26146572469989376 0.7071074360225891
outer loop
vertex -53.31574249267578 -51.53445816040039 -1
vertex -52.62112045288086 -53.27984619140625 -1
vertex -52.81644821166992 -51.43684387207031 -0.5
endloop
endfacet
facet normal -0.51731599513973 -0.48206234313058227 0.7071068225579806
outer loop
vertex -52.62112045288086 -53.27984619140625 -1
vertex -49.23196029663086 -56.9168586730957 -1
vertex -52.191287994384766 -53.007694244384766 -0.5
endloop
endfacet
facet normal -0.5173169181865868 -0.4820629064081918 0.707105763251311
outer loop
vertex -49.23196029663086 -56.9168586730957 -1
vertex -48.93496322631836 -56.502159118652344 -0.5
vertex -52.191287994384766 -53.007694244384766 -0.5
endloop
endfacet
facet normal -0.29090650864578493 -0.645934463483867 0.705791805075214
outer loop
vertex -47.058292388916016 -57.893680572509766 -1
vertex -46.85409927368164 -57.439308166503906 -0.5
vertex -48.93496322631836 -56.502159118652344 -0.5
endloop
endfacet
facet normal -0.2898439585771723 -0.6449737781085214 0.7071062899089035
outer loop
vertex -49.23196029663086 -56.9168586730957 -1
vertex -47.058292388916016 -57.893680572509766 -1
vertex -48.93496322631836 -56.502159118652344 -0.5
endloop
endfacet
facet normal -0.2994309195185605 -0.6420654431390846 0.705757104932625
outer loop
vertex -46.85409927368164 -57.439308166503906 -0.5
vertex -47.058292388916016 -57.893680572509766 -1
vertex -46.808292388916016 -57.460670471191406 -0.5
endloop
endfacet
facet normal -0.5125112220930719 -0.4902375619724635 0.7049818295956012
outer loop
vertex -46.73689651489258 -57.510658264160156 -0.5
vertex -47.058292388916016 -57.893680572509766 -1
vertex -46.667964935302734 -57.58272171020508 -0.5
endloop
endfacet
facet normal -0.4063298138320105 -0.5803471303174533 0.7057572463131644
outer loop
vertex -46.808292388916016 -57.460670471191406 -0.5
vertex -47.058292388916016 -57.893680572509766 -1
vertex -46.73689651489258 -57.510658264160156 -0.5
endloop
endfacet
facet normal -0.5535797247137744 -0.44102194750614326 0.7064340947347534
outer loop
vertex -45.5474967956543 -59.790061950683594 -1
vertex -46.667964935302734 -57.58272171020508 -0.5
vertex -47.058292388916016 -57.893680572509766 -1
endloop
endfacet
facet normal -0.5535801708884638 -0.44102207654332043 0.7064336645436123
outer loop
vertex -45.5474967956543 -59.790061950683594 -1
vertex -45.15717315673828 -59.47909927368164 -0.5
vertex -46.667964935302734 -57.58272171020508 -0.5
endloop
endfacet
facet normal -0.6420762061804283 -0.2994102403476223 0.7057560863584013
outer loop
vertex -45.5474967956543 -59.790061950683594 -1
vertex -45.07765197753906 -59.61905288696289 -0.5
vertex -45.11448669433594 -59.540061950683594 -0.5
endloop
endfacet
facet normal -0.6843124349174137 -0.18336853520572222 0.7057566660782655
outer loop
vertex -45.07765197753906 -59.61905288696289 -0.5
vertex -45.5474967956543 -59.790061950683594 -1
vertex -45.05800247192383 -59.6923828125 -0.5
endloop
endfacet
facet normal -0.5803325833431455 -0.40635264424064815 0.7057560635438455
outer loop
vertex -45.15717315673828 -59.47909927368164 -0.5
vertex -45.5474967956543 -59.790061950683594 -1
vertex -45.11448669433594 -59.540061950683594 -0.5
endloop
endfacet
facet normal -0.6939512443843198 -0.13887873005615964 0.706501499471475
outer loop
vertex -44.755035400390625 -61.20625305175781 -0.5
vertex -45.05800247192383 -59.6923828125 -0.5
vertex -45.5474967956543 -59.790061950683594 -1
endloop
endfacet
facet normal -0.6934356351338585 -0.138376787233508 0.7071059925367869
outer loop
vertex -45.21037292480469 -61.479461669921875 -1
vertex -44.755035400390625 -61.20625305175781 -0.5
vertex -45.5474967956543 -59.790061950683594 -1
endloop
endfacet
facet normal -0.4484156328566325 -0.5467400002161702 0.7071059272650796
outer loop
vertex -42.44514083862305 -63.747398376464844 -1
vertex -42.266326904296875 -63.247398376464844 -0.5
vertex -44.755035400390625 -61.20625305175781 -0.5
endloop
endfacet
facet normal -0.4484143389872954 -0.5467391195240605 0.7071074287352962
outer loop
vertex -44.755035400390625 -61.20625305175781 -0.5
vertex -45.21037292480469 -61.479461669921875 -1
vertex -42.44514083862305 -63.747398376464844 -1
endloop
endfacet
facet normal 0.4941857654268144 -0.44219241693053307 -0.748496022473498
outer loop
vertex 14.94457721710205 -63.68563461303711 -16.56485366821289
vertex 14.877655029296875 -63.573524475097656 -16.675270080566406
vertex 17.750518798828125 -61.095855712890625 -16.242238998413086
endloop
endfacet
facet normal 0.49437311967547976 -0.443101385355532 -0.7478344608523615
outer loop
vertex 17.76430320739746 -60.92409896850586 -16.33460807800293
vertex 14.474848747253418 -62.502540588378906 -17.573930740356445
vertex 20.01167106628418 -58.74754333496094 -16.13857078552246
endloop
endfacet
facet normal 0.49420813664846974 -0.4427330737749127 -0.7481615755010848
outer loop
vertex 14.474848747253418 -62.502540588378906 -17.573930740356445
vertex 19.241884231567383 -57.86664962768555 -17.16834259033203
vertex 20.01167106628418 -58.74754333496094 -16.13857078552246
endloop
endfacet
facet normal 0.49418646291120616 -0.442194115039409 -0.7484945587643407
outer loop
vertex 17.750518798828125 -61.095855712890625 -16.242238998413086
vertex 14.474848747253418 -62.502540588378906 -17.573930740356445
vertex 17.76430320739746 -60.92409896850586 -16.33460807800293
endloop
endfacet
facet normal 0.4941863291110635 -0.4421932183131482 -0.7484951768699597
outer loop
vertex 14.877655029296875 -63.573524475097656 -16.675270080566406
vertex 14.474848747253418 -62.502540588378906 -17.573930740356445
vertex 17.750518798828125 -61.095855712890625 -16.242238998413086
endloop
endfacet
facet normal 0.03426695224259787 -0.6455342234454537 -0.7629622155419484
outer loop
vertex 21.239587783813477 -58.26336669921875 -16.049753189086914
vertex 21.18468475341797 -57.03065490722656 -17.095203399658203
vertex 30.288270950317383 -57.82804870605469 -16.011667251586914
endloop
endfacet
facet normal 0.03493565466013812 -0.6419547074145735 -0.7659462472404556
outer loop
vertex 30.288270950317383 -57.82804870605469 -16.011667251586914
vertex 21.18468475341797 -57.03065490722656 -17.095203399658203
vertex 30.288270950317383 -57.6541748046875 -16.157394409179688
endloop
endfacet
facet normal 0.03495283813854475 -0.6418431944395134 -0.7660389107987542
outer loop
vertex 21.18468475341797 -57.03065490722656 -17.095203399658203
vertex 30.064870834350586 -56.59278869628906 -17.056894302368164
vertex 30.288270950317383 -57.6541748046875 -16.157394409179688
endloop
endfacet
facet normal 0.44966490970610246 -0.48435308490110734 -0.7504688921772731
outer loop
vertex 19.667957305908203 -57.518310546875 -17.137866973876953
vertex 20.265033721923828 -58.502166748046875 -16.145130157470703
vertex 19.241884231567383 -57.86664962768555 -17.16834259033203
endloop
endfacet
facet normal 0.06966846100490162 -0.6434240052960554 -0.7623331653220855
outer loop
vertex 20.745281219482422 -57.07376480102539 -17.098974227905273
vertex 21.18468475341797 -57.03065490722656 -17.095203399658203
vertex 21.239587783813477 -58.26336669921875 -16.049753189086914
endloop
endfacet
facet normal 0.08637908737569862 -0.6385690920414017 -0.7647013586711883
outer loop
vertex 20.745281219482422 -57.07376480102539 -17.098974227905273
vertex 21.239587783813477 -58.26336669921875 -16.049753189086914
vertex 20.965774536132812 -58.27653884887695 -16.069683074951172
endloop
endfacet
facet normal 0.20575541189817306 -0.6142290846864614 -0.7618315706242719
outer loop
vertex 20.58411407470703 -58.294898986816406 -16.157958984375
vertex 20.745281219482422 -57.07376480102539 -17.098974227905273
vertex 20.965774536132812 -58.27653884887695 -16.069683074951172
endloop
endfacet
facet normal 0.3341213071374839 -0.5612629683382744 -0.757196693395348
outer loop
vertex 20.47355079650879 -58.30021667480469 -16.202804565429688
vertex 20.18464469909668 -57.243186950683594 -17.113798141479492
vertex 20.58411407470703 -58.294898986816406 -16.157958984375
endloop
endfacet
facet normal 0.33412965638499736 -0.5612596383714817 -0.7571954774423557
outer loop
vertex 19.667957305908203 -57.518310546875 -17.137866973876953
vertex 20.18464469909668 -57.243186950683594 -17.113798141479492
vertex 20.47355079650879 -58.30021667480469 -16.202804565429688
endloop
endfacet
facet normal 0.334139744813254 -0.5612513062469358 -0.757197201640525
outer loop
vertex 20.265033721923828 -58.502166748046875 -16.145130157470703
vertex 19.667957305908203 -57.518310546875 -17.137866973876953
vertex 20.47355079650879 -58.30021667480469 -16.202804565429688
endloop
endfacet
facet normal 0.44966137897247443 -0.4843575428816577 -0.7504681305120264
outer loop
vertex 20.01167106628418 -58.74754333496094 -16.13857078552246
vertex 19.241884231567383 -57.86664962768555 -17.16834259033203
vertex 20.265033721923828 -58.502166748046875 -16.145130157470703
endloop
endfacet
facet normal 0.20576124910712862 -0.6142288105323906 -0.7618302151252854
outer loop
vertex 20.18464469909668 -57.243186950683594 -17.113798141479492
vertex 20.745281219482422 -57.07376480102539 -17.098974227905273
vertex 20.58411407470703 -58.294898986816406 -16.157958984375
endloop
endfacet
facet normal 0.10447508059501152 -0.6388315792580449 -0.7622198966684995
outer loop
vertex 30.288270950317383 -57.82804870605469 -16.011667251586914
vertex 30.288270950317383 -57.6541748046875 -16.157394409179688
vertex 30.33416748046875 -57.808692932128906 -16.02159881591797
endloop
endfacet
facet normal 0.27566352136905903 -0.58705743254792 -0.7611656809635171
outer loop
vertex 31.922311782836914 -57.138912200927734 -15.963000297546387
vertex 30.064870834350586 -56.59278869628906 -17.056894302368164
vertex 31.980426788330078 -57.08475875854492 -15.983719825744629
endloop
endfacet
facet normal 0.27566859109530695 -0.5870553068391083 -0.7611654843695743
outer loop
vertex 30.288270950317383 -57.6541748046875 -16.157394409179688
vertex 31.922311782836914 -57.138912200927734 -15.963000297546387
vertex 30.33416748046875 -57.808692932128906 -16.02159881591797
endloop
endfacet
facet normal 0.27566613426821795 -0.587051804873086 -0.7611690750502605
outer loop
vertex 30.064870834350586 -56.59278869628906 -17.056894302368164
vertex 31.375213623046875 -56.04016876220703 -17.008546829223633
vertex 31.922311782836914 -56.96503829956055 -16.097103118896484
endloop
endfacet
facet normal 0.2756676216197485 -0.5870507838279322 -0.7611693238679037
outer loop
vertex 30.288270950317383 -57.6541748046875 -16.157394409179688
vertex 30.064870834350586 -56.59278869628906 -17.056894302368164
vertex 31.922311782836914 -57.138912200927734 -15.963000297546387
endloop
endfacet
facet normal 0.27566161998620176 -0.5870607524631194 -0.7611638090345723
outer loop
vertex 30.064870834350586 -56.59278869628906 -17.056894302368164
vertex 31.922311782836914 -56.96503829956055 -16.097103118896484
vertex 31.980426788330078 -57.08475875854492 -15.983719825744629
endloop
endfacet
facet normal 0.4830467361723796 -0.4528087401166908 -0.7494198393071447
outer loop
vertex 35.53514862060547 -53.77227783203125 -15.697503089904785
vertex 31.375213623046875 -56.04016876220703 -17.008546829223633
vertex 35.53514862060547 -53.59840393066406 -15.802559852600098
endloop
endfacet
facet normal 0.48304527150833865 -0.4528037727304613 -0.749423784700283
outer loop
vertex 31.922311782836914 -56.96503829956055 -16.097103118896484
vertex 31.375213623046875 -56.04016876220703 -17.008546829223633
vertex 35.53514862060547 -53.77227783203125 -15.697503089904785
endloop
endfacet
facet normal 0.49010177272506317 -0.4620796421123356 -0.739109367223205
outer loop
vertex 31.922311782836914 -56.96503829956055 -16.097103118896484
vertex 35.53514862060547 -53.77227783203125 -15.697503089904785
vertex 31.980426788330078 -57.08475875854492 -15.983719825744629
endloop
endfacet
facet normal 0.5078044414874959 -0.44550552647651787 -0.737332675991274
outer loop
vertex 35.53514862060547 -53.77227783203125 -15.697503089904785
vertex 35.53514862060547 -53.59840393066406 -15.802559852600098
vertex 35.594417572021484 -53.63770294189453 -15.737996101379395
endloop
endfacet
facet normal 0.48304571777269395 -0.4528058050162906 -0.749422269141378
outer loop
vertex 31.375213623046875 -56.04016876220703 -17.008546829223633
vertex 34.71147537231445 -52.93126678466797 -16.736553192138672
vertex 35.53514862060547 -53.59840393066406 -15.802559852600098
endloop
endfacet
facet normal 0.6475273292737608 -0.2213813252680308 -0.7291767046924641
outer loop
vertex 34.71147537231445 -52.93126678466797 -16.736553192138672
vertex 35.377655029296875 -51.41862487792969 -16.60421371459961
vertex 36.36594009399414 -51.71620559692383 -15.636244773864746
endloop
endfacet
facet normal 0.6475281174923766 -0.22138367969440942 -0.7291752899143951
outer loop
vertex 35.53514862060547 -53.59840393066406 -15.802559852600098
vertex 34.71147537231445 -52.93126678466797 -16.736553192138672
vertex 36.36594009399414 -51.71620559692383 -15.636244773864746
endloop
endfacet
facet normal 0.6475269002366262 -0.22138302944470403 -0.7291765682904462
outer loop
vertex 35.53514862060547 -53.59840393066406 -15.802559852600098
vertex 36.36594009399414 -51.71620559692383 -15.636244773864746
vertex 35.594417572021484 -53.63770294189453 -15.737996101379395
endloop
endfacet
facet normal 0.6475298061908786 -0.22138435419837973 -0.7291735855134699
outer loop
vertex 35.594417572021484 -53.63770294189453 -15.737996101379395
vertex 36.36594009399414 -51.71620559692383 -15.636244773864746
vertex 36.36437225341797 -51.889434814453125 -15.585042953491211
endloop
endfacet
facet normal 0.7073742345795481 0.055026465139568145 -0.704694104124082
outer loop
vertex 36.437828063964844 -43.76515579223633 -14.9423828125
vertex 35.377655029296875 -51.41862487792969 -16.60421371459961
vertex 35.45023727416992 -43.670143127441406 -15.926310539245605
endloop
endfacet
facet normal 0.7070843584031431 0.0551280515201151 -0.7049770266024354
outer loop
vertex 36.36594009399414 -51.71620559692383 -15.636244773864746
vertex 35.377655029296875 -51.41862487792969 -16.60421371459961
vertex 36.437828063964844 -43.76515579223633 -14.9423828125
endloop
endfacet
facet normal 0.6112518801266384 -0.29568555042405137 -0.7341261433242079
outer loop
vertex 35.84613800048828 -42.21152114868164 -15.798697471618652
vertex 36.650264739990234 -40.845848083496094 -15.679216384887695
vertex 37.56843566894531 -41.46516799926758 -14.665279388427734
endloop
endfacet
facet normal 0.6104194225587092 -0.28821460425272555 -0.7377807739827169
outer loop
vertex 36.7755012512207 -42.83726119995117 -14.785322189331055
vertex 35.84613800048828 -42.21152114868164 -15.798697471618652
vertex 37.56843566894531 -41.46516799926758 -14.665279388427734
endloop
endfacet
facet normal 0.7053980903078896 -0.007734750210112582 -0.7087691498853274
outer loop
vertex 35.45023727416992 -43.670143127441406 -15.926310539245605
vertex 35.5050163269043 -43.116111755371094 -15.877838134765625
vertex 36.440982818603516 -43.41611099243164 -14.943049430847168
endloop
endfacet
facet normal 0.6782909733948054 -0.1434930646498533 -0.7206463042356634
outer loop
vertex 36.45652770996094 -43.38921356201172 -14.927871704101562
vertex 35.5050163269043 -43.116111755371094 -15.877838134765625
vertex 36.651145935058594 -43.05244445800781 -14.811748504638672
endloop
endfacet
facet normal 0.7053992011610598 -0.007728066706252044 -0.7087681172191104
outer loop
vertex 36.440982818603516 -43.41611099243164 -14.943049430847168
vertex 35.5050163269043 -43.116111755371094 -15.877838134765625
vertex 36.45652770996094 -43.38921356201172 -14.927871704101562
endloop
endfacet
facet normal 0.6782909109084664 -0.14349396847897028 -0.7206461830809342
outer loop
vertex 35.5050163269043 -43.116111755371094 -15.877838134765625
vertex 35.67508316040039 -42.5576057434082 -15.828975677490234
vertex 36.651145935058594 -43.05244445800781 -14.811748504638672
endloop
endfacet
facet normal 0.7053974037720202 -0.007729193353624463 -0.7087698937749796
outer loop
vertex 36.437828063964844 -43.76515579223633 -14.9423828125
vertex 35.45023727416992 -43.670143127441406 -15.926310539245605
vertex 36.440982818603516 -43.41611099243164 -14.943049430847168
endloop
endfacet
facet normal 0.6251157731864029 -0.2713815676352218 -0.7318348959030415
outer loop
vertex 36.651145935058594 -43.05244445800781 -14.811748504638672
vertex 35.67508316040039 -42.5576057434082 -15.828975677490234
vertex 36.7755012512207 -42.83726119995117 -14.785322189331055
endloop
endfacet
facet normal 0.632573197477628 -0.2484762955487048 -0.7335602772665123
outer loop
vertex 35.67508316040039 -42.5576057434082 -15.828975677490234
vertex 35.84613800048828 -42.21152114868164 -15.798697471618652
vertex 36.7755012512207 -42.83726119995117 -14.785322189331055
endloop
endfacet
facet normal 0.3595883024344973 -0.544903839925583 -0.7574800710161497
outer loop
vertex 38.283111572265625 -40.82753372192383 -14.544961929321289
vertex 37.709312438964844 -39.7613410949707 -15.584334373474121
vertex 70.9195327758789 -21.625701904296875 -12.865018844604492
endloop
endfacet
facet normal 0.35958837458374776 -0.5449039937768297 -0.7574799260906383
outer loop
vertex 70.9195327758789 -21.625701904296875 -12.865018844604492
vertex 37.709312438964844 -39.7613410949707 -15.584334373474121
vertex 70.28365325927734 -20.59603500366211 -13.907587051391602
endloop
endfacet
facet normal 0.3595879233378468 -0.5449042805015104 -0.7574799340449264
outer loop
vertex 70.9195327758789 -21.625701904296875 -12.865018844604492
vertex 70.28365325927734 -20.59603500366211 -13.907587051391602
vertex 70.9195327758789 -21.451826095581055 -12.99009895324707
endloop
endfacet
facet normal 0.35957921967699563 -0.5449062391406516 -0.7574826567797271
outer loop
vertex 70.9195327758789 -21.625701904296875 -12.865018844604492
vertex 70.9195327758789 -21.451826095581055 -12.99009895324707
vertex 70.99166107177734 -21.565317153930664 -12.874217987060547
endloop
endfacet
facet normal 0.5479141445578392 -0.38648069109722955 -0.7419048224687983
outer loop
vertex 36.74419021606445 -40.67079162597656 -15.663901329040527
vertex 37.75857925415039 -41.136146545410156 -14.672333717346191
vertex 37.632144927978516 -41.354923248291016 -14.651741027832031
endloop
endfacet
facet normal 0.4496692994909484 -0.48434906609436806 -0.7504688556288218
outer loop
vertex 37.87394332885742 -41.06827163696289 -14.622491836547852
vertex 37.11585998535156 -40.219635009765625 -15.624429702758789
vertex 38.19412612915039 -40.879886627197266 -14.552226066589355
endloop
endfacet
facet normal 0.5479169282718778 -0.38647493278139133 -0.7419057662835146
outer loop
vertex 37.75857925415039 -41.136146545410156 -14.672333717346191
vertex 37.11585998535156 -40.219635009765625 -15.624429702758789
vertex 37.87394332885742 -41.06827163696289 -14.622491836547852
endloop
endfacet
facet normal 0.3764265439602833 -0.5348511112644164 -0.7564637108158829
outer loop
vertex 37.709312438964844 -39.7613410949707 -15.584334373474121
vertex 38.283111572265625 -40.82753372192383 -14.544961929321289
vertex 37.56874084472656 -39.84938049316406 -15.592037200927734
endloop
endfacet
facet normal 0.4496642541883195 -0.4843554861310329 -0.7504677351892173
outer loop
vertex 37.11585998535156 -40.219635009765625 -15.624429702758789
vertex 37.56874084472656 -39.84938049316406 -15.592037200927734
vertex 38.19412612915039 -40.879886627197266 -14.552226066589355
endloop
endfacet
facet normal 0.5479179044013257 -0.3864740026849615 -0.7419055298925356
outer loop
vertex 37.75857925415039 -41.136146545410156 -14.672333717346191
vertex 36.74419021606445 -40.67079162597656 -15.663901329040527
vertex 37.11585998535156 -40.219635009765625 -15.624429702758789
endloop
endfacet
facet normal 0.6251176713405219 -0.2713775030195799 -0.7318347817866141
outer loop
vertex 37.632144927978516 -41.354923248291016 -14.651741027832031
vertex 36.650264739990234 -40.845848083496094 -15.679216384887695
vertex 36.74419021606445 -40.67079162597656 -15.663901329040527
endloop
endfacet
facet normal 0.3764232485283615 -0.534853480334485 -0.7564636756258982
outer loop
vertex 38.19412612915039 -40.879886627197266 -14.552226066589355
vertex 37.56874084472656 -39.84938049316406 -15.592037200927734
vertex 38.283111572265625 -40.82753372192383 -14.544961929321289
endloop
endfacet
facet normal 0.6251176874828327 -0.27137746929561746 -0.7318347805036475
outer loop
vertex 37.56843566894531 -41.46516799926758 -14.665279388427734
vertex 36.650264739990234 -40.845848083496094 -15.679216384887695
vertex 37.632144927978516 -41.354923248291016 -14.651741027832031
endloop
endfacet
facet normal 0.5283446729524124 -0.4065338560783923 -0.7453738192510129
outer loop
vertex 70.9195327758789 -21.451826095581055 -12.99009895324707
vertex 70.28365325927734 -20.59603500366211 -13.907587051391602
vertex 71.55435180664062 -21.094226837158203 -12.735157012939453
endloop
endfacet
facet normal 0.5309195141704932 -0.4162621262438108 -0.7381397643589928
outer loop
vertex 70.99166107177734 -21.565317153930664 -12.874217987060547
vertex 70.9195327758789 -21.451826095581055 -12.99009895324707
vertex 71.55435180664062 -21.094226837158203 -12.735157012939453
endloop
endfacet
facet normal 0.5283457264669126 -0.40653190975042763 -0.7453741340285566
outer loop
vertex 71.55435180664062 -21.094226837158203 -12.735157012939453
vertex 70.28365325927734 -20.59603500366211 -13.907587051391602
vertex 75.38812255859375 -16.620952606201172 -12.457406997680664
endloop
endfacet
facet normal 0.528345438158174 -0.40653135449136657 -0.7453746412327573
outer loop
vertex 70.28365325927734 -20.59603500366211 -13.907587051391602
vertex 74.5106430053711 -15.861867904663086 -13.493401527404785
vertex 75.38812255859375 -16.620952606201172 -12.457406997680664
endloop
endfacet
facet normal 0.5283433932247203 -0.40653384374066553 -0.7453747330901611
outer loop
vertex 75.38812255859375 -16.620952606201172 -12.457406997680664
vertex 74.5106430053711 -15.861867904663086 -13.493401527404785
vertex 75.38812255859375 -16.44707679748535 -12.552240371704102
endloop
endfacet
facet normal 0.5283012602311584 -0.4065463972287868 -0.7453977497540917
outer loop
vertex 75.38812255859375 -16.620952606201172 -12.457406997680664
vertex 75.38812255859375 -16.44707679748535 -12.552240371704102
vertex 75.43241119384766 -16.48348617553711 -12.500992774963379
endloop
endfacet
facet normal 0.6875599806829608 -0.16043914005601756 -0.7081811599452023
outer loop
vertex 76.00476837158203 -14.70669937133789 -12.347834587097168
vertex 75.43241119384766 -16.48348617553711 -12.500992774963379
vertex 75.38812255859375 -16.44707679748535 -12.552240371704102
endloop
endfacet
facet normal 0.6732898965902778 -0.15361816096429828 -0.72324420203096
outer loop
vertex 76.00476837158203 -14.70669937133789 -12.347834587097168
vertex 74.5106430053711 -15.861867904663086 -13.493401527404785
vertex 75.9896469116211 -14.529816627502441 -12.399481773376465
endloop
endfacet
facet normal 0.673288006251067 -0.15361285272343791 -0.7232470892555535
outer loop
vertex 75.38812255859375 -16.44707679748535 -12.552240371704102
vertex 74.5106430053711 -15.861867904663086 -13.493401527404785
vertex 76.00476837158203 -14.70669937133789 -12.347834587097168
endloop
endfacet
facet normal 0.6732883536571259 -0.15361465705256927 -0.7232463826168083
outer loop
vertex 74.5106430053711 -15.861867904663086 -13.493401527404785
vertex 75.00294494628906 -14.333627700805664 -13.359697341918945
vertex 75.9896469116211 -14.529816627502441 -12.399481773376465
endloop
endfacet
facet normal 0.7045540538014868 0.1214279825908893 -0.6991844036560012
outer loop
vertex 71.23796844482422 41.045501708984375 -7.537346363067627
vertex 70.26871490478516 41.03844451904297 -8.51526927947998
vertex 71.15911865234375 41.20545959472656 -7.589021682739258
endloop
endfacet
facet normal 0.7045566915093996 0.12140927273450625 -0.6991849947927995
outer loop
vertex 75.9896469116211 -14.529816627502441 -12.399481773376465
vertex 75.00294494628906 -14.333627700805664 -13.359697341918945
vertex 71.23796844482422 41.045501708984375 -7.537346363067627
endloop
endfacet
facet normal 0.7045557436693702 0.12140930806786267 -0.6991859437781793
outer loop
vertex 71.23796844482422 41.045501708984375 -7.537346363067627
vertex 75.00294494628906 -14.333627700805664 -13.359697341918945
vertex 70.26871490478516 41.03844451904297 -8.51526927947998
endloop
endfacet
facet normal 0.6347149120207755 0.37211057577080847 -0.6772523162440839
outer loop
vertex 70.26871490478516 41.03844451904297 -8.51526927947998
vertex 69.59915924072266 42.396812438964844 -8.396427154541016
vertex 70.2918930053711 42.83928680419922 -7.50408935546875
endloop
endfacet
facet normal 0.6347051829230798 0.3721145841058649 -0.6772592318058862
outer loop
vertex 70.40447998046875 42.736454010009766 -7.455077171325684
vertex 70.26871490478516 41.03844451904297 -8.51526927947998
vertex 70.2918930053711 42.83928680419922 -7.50408935546875
endloop
endfacet
facet normal 0.6347172055118291 0.37210863029274344 -0.6772512357234299
outer loop
vertex 71.15911865234375 41.20545959472656 -7.589021682739258
vertex 70.26871490478516 41.03844451904297 -8.51526927947998
vertex 70.40447998046875 42.736454010009766 -7.455077171325684
endloop
endfacet
facet normal 0.47787190934366525 0.580835424604538 -0.6589906279945915
outer loop
vertex 69.59915924072266 42.396812438964844 -8.396427154541016
vertex 66.22416687011719 45.47951889038086 -8.126725196838379
vertex 66.64825439453125 46.11402893066406 -7.259936809539795
endloop
endfacet
facet normal 0.4778710067545134 0.5808346845016087 -0.658991934839376
outer loop
vertex 70.2918930053711 42.83928680419922 -7.50408935546875
vertex 66.64825439453125 46.11402893066406 -7.259936809539795
vertex 66.742919921875 46.08090591430664 -7.220484256744385
endloop
endfacet
facet normal 0.4778716210242838 0.5808352946618376 -0.6589909516030699
outer loop
vertex 70.2918930053711 42.83928680419922 -7.50408935546875
vertex 69.59915924072266 42.396812438964844 -8.396427154541016
vertex 66.64825439453125 46.11402893066406 -7.259936809539795
endloop
endfacet
facet normal 0.23431362168577508 0.7262452365918683 -0.6462700542498597
outer loop
vertex 64.78544616699219 46.75477600097656 -7.215283393859863
vertex 66.64825439453125 46.11402893066406 -7.259936809539795
vertex 66.22416687011719 45.47951889038086 -8.126725196838379
endloop
endfacet
facet normal 0.2343138496784107 0.726245346475562 -0.6462698481064036
outer loop
vertex 66.22416687011719 45.47951889038086 -8.126725196838379
vertex 64.67578125 46.021263122558594 -8.079328536987305
vertex 64.78544616699219 46.75477600097656 -7.215283393859863
endloop
endfacet
facet normal -0.04754800008928455 0.7644491780121615 -0.6429281778892879
outer loop
vertex 64.67578125 46.021263122558594 -8.079328536987305
vertex 54.62364959716797 45.346370697021484 -8.138374328613281
vertex 64.78544616699219 46.75477600097656 -7.215283393859863
endloop
endfacet
facet normal -0.046596882958027 0.7606077043989312 -0.6475373738307187
outer loop
vertex 64.78544616699219 46.75477600097656 -7.215283393859863
vertex 54.62364959716797 45.346370697021484 -8.138374328613281
vertex 54.57012939453125 46.06892395019531 -7.285800457000732
endloop
endfacet
facet normal 0.3568079075875762 0.6658027000959229 -0.6552822915568178
outer loop
vertex 52.906646728515625 45.75113296508789 -8.102962493896484
vertex 51.31357192993164 46.68531036376953 -8.021232604980469
vertex 53.32483673095703 46.38777160644531 -7.228394031524658
endloop
endfacet
facet normal 0.35680795610585553 0.6658024667844152 -0.6552825021953124
outer loop
vertex 53.32483673095703 46.38777160644531 -7.228394031524658
vertex 51.31357192993164 46.68531036376953 -8.021232604980469
vertex 51.73176193237305 47.32194900512695 -7.146664619445801
endloop
endfacet
facet normal 0.31413496518526335 0.6897740625706236 -0.6523273459336738
outer loop
vertex 53.27900695800781 45.56625747680664 -8.119136810302734
vertex 52.906646728515625 45.75113296508789 -8.102962493896484
vertex 53.32483673095703 46.38777160644531 -7.228394031524658
endloop
endfacet
facet normal 0.20575513603590467 0.7371906254158663 -0.6435952189022308
outer loop
vertex 53.83964538574219 45.3968391418457 -8.13395881652832
vertex 53.27900695800781 45.56625747680664 -8.119136810302734
vertex 53.94064712524414 46.02666091918945 -7.380254745483398
endloop
endfacet
facet normal 0.06947941896037849 0.7641930664881205 -0.6412344091456815
outer loop
vertex 54.42268753051758 45.339630126953125 -8.13896369934082
vertex 53.83964538574219 45.3968391418457 -8.13395881652832
vertex 54.42268753051758 46.059024810791016 -7.281622886657715
endloop
endfacet
facet normal 0.3341251900870576 0.6842187214698144 -0.6482322874861296
outer loop
vertex 53.32483673095703 46.38777160644531 -7.228394031524658
vertex 53.58598327636719 46.23463821411133 -7.255423069000244
vertex 53.27900695800781 45.56625747680664 -8.119136810302734
endloop
endfacet
facet normal 0.20576221190260474 0.737185763559157 -0.643598525603229
outer loop
vertex 53.94064712524414 46.02666091918945 -7.380254745483398
vertex 53.27900695800781 45.56625747680664 -8.119136810302734
vertex 53.58598327636719 46.23463821411133 -7.255423069000244
endloop
endfacet
facet normal 0.2056930210971512 0.7372048494132473 -0.643598781131163
outer loop
vertex 53.94064712524414 46.02666091918945 -7.380254745483398
vertex 53.978271484375 46.02919006347656 -7.365333080291748
vertex 53.83964538574219 45.3968391418457 -8.13395881652832
endloop
endfacet
facet normal 0.06948086630947096 0.7641924839150436 -0.6412349466027574
outer loop
vertex 54.42268753051758 46.059024810791016 -7.281622886657715
vertex 53.83964538574219 45.3968391418457 -8.13395881652832
vertex 53.978271484375 46.02919006347656 -7.365333080291748
endloop
endfacet
facet normal -0.0694759125820292 0.7641932535600476 -0.6412345661177373
outer loop
vertex 54.57012939453125 46.06892395019531 -7.285800457000732
vertex 54.42268753051758 45.339630126953125 -8.13896369934082
vertex 54.42268753051758 46.059024810791016 -7.281622886657715
endloop
endfacet
facet normal -0.023658291642595298 0.7619344866287601 -0.6472218501582915
outer loop
vertex 54.62364959716797 45.346370697021484 -8.138374328613281
vertex 54.42268753051758 45.339630126953125 -8.13896369934082
vertex 54.57012939453125 46.06892395019531 -7.285800457000732
endloop
endfacet
facet normal 0.6392747961161226 0.36267020972591063 -0.6780841054235484
outer loop
vertex 50.39349365234375 49.4620475769043 -6.864112854003906
vertex 50.127685546875 47.97868728637695 -7.908076286315918
vertex 50.287147521972656 49.576168060302734 -6.9033355712890625
endloop
endfacet
facet normal 0.6392816630965608 0.3626666499027195 -0.6780795353620647
outer loop
vertex 50.127685546875 47.97868728637695 -7.908076286315918
vertex 49.56502151489258 49.16447830200195 -7.804333209991455
vertex 50.287147521972656 49.576168060302734 -6.9033355712890625
endloop
endfacet
facet normal 0.6348742594319192 0.36535165337812947 -0.6807737098953215
outer loop
vertex 50.950775146484375 48.2875862121582 -6.974704265594482
vertex 50.127685546875 47.97868728637695 -7.908076286315918
vertex 50.39349365234375 49.4620475769043 -6.864112854003906
endloop
endfacet
facet normal 0.44969188192801457 0.6072884621270445 -0.6549640716065347
outer loop
vertex 51.2845344543457 47.58420181274414 -7.184366703033447
vertex 50.716365814208984 47.14581298828125 -7.98094367980957
vertex 51.26521301269531 47.62492370605469 -7.15987491607666
endloop
endfacet
facet normal 0.4496649231997319 0.607312687875543 -0.6549601178615095
outer loop
vertex 51.62552261352539 47.384246826171875 -7.135668754577637
vertex 51.16924285888672 46.77555847167969 -8.013336181640625
vertex 51.2845344543457 47.58420181274414 -7.184366703033447
endloop
endfacet
facet normal 0.5479176967378465 0.5094339012742052 -0.6635233965988212
outer loop
vertex 50.716365814208984 47.14581298828125 -7.98094367980957
vertex 50.344696044921875 47.59696960449219 -7.94147253036499
vertex 51.26521301269531 47.62492370605469 -7.15987491607666
endloop
endfacet
facet normal 0.3759943972016661 0.6583617152169178 -0.652064463998456
outer loop
vertex 51.31357192993164 46.68531036376953 -8.021232604980469
vertex 51.16924285888672 46.77555847167969 -8.013336181640625
vertex 51.62552261352539 47.384246826171875 -7.135668754577637
endloop
endfacet
facet normal 0.449667483620876 0.6073115768568998 -0.6549593901835861
outer loop
vertex 51.16924285888672 46.77555847167969 -8.013336181640625
vertex 50.716365814208984 47.14581298828125 -7.98094367980957
vertex 51.2845344543457 47.58420181274414 -7.184366703033447
endloop
endfacet
facet normal 0.33130862201922734 0.6803767038762886 -0.6536988127556591
outer loop
vertex 51.73176193237305 47.32194900512695 -7.146664619445801
vertex 51.31357192993164 46.68531036376953 -8.021232604980469
vertex 51.62552261352539 47.384246826171875 -7.135668754577637
endloop
endfacet
facet normal 0.625116257860949 0.394339457663081 -0.6735919063408577
outer loop
vertex 51.08221435546875 48.010581970214844 -7.014890193939209
vertex 50.344696044921875 47.59696960449219 -7.94147253036499
vertex 50.950775146484375 48.2875862121582 -6.974704265594482
endloop
endfacet
facet normal 0.6135671675881401 0.40796993579408625 -0.6760886497686796
outer loop
vertex 50.344696044921875 47.59696960449219 -7.94147253036499
vertex 50.127685546875 47.97868728637695 -7.908076286315918
vertex 50.950775146484375 48.2875862121582 -6.974704265594482
endloop
endfacet
facet normal 0.5479164958900111 0.5094368954129178 -0.6635220894014451
outer loop
vertex 51.26521301269531 47.62492370605469 -7.15987491607666
vertex 50.344696044921875 47.59696960449219 -7.94147253036499
vertex 51.08221435546875 48.010581970214844 -7.014890193939209
endloop
endfacet
facet normal 0.5182306173258742 0.5408752083507202 -0.6624885178307683
outer loop
vertex 50.287147521972656 49.576168060302734 -6.9033355712890625
vertex 49.56502151489258 49.16447830200195 -7.804333209991455
vertex 47.097530364990234 52.99904251098633 -6.603872776031494
endloop
endfacet
facet normal 0.5182314805887845 0.5408754365001931 -0.6624876562755578
outer loop
vertex 49.56502151489258 49.16447830200195 -7.804333209991455
vertex 46.512794494628906 52.439918518066406 -7.5177693367004395
vertex 46.994205474853516 53.04411315917969 -6.647902011871338
endloop
endfacet
facet normal 0.5182331221304263 0.5408760035089667 -0.6624859092502411
outer loop
vertex 49.56502151489258 49.16447830200195 -7.804333209991455
vertex 46.994205474853516 53.04411315917969 -6.647902011871338
vertex 47.097530364990234 52.99904251098633 -6.603872776031494
endloop
endfacet
facet normal 0.28361871830863494 0.7068982692281982 -0.6479623905653359
outer loop
vertex 46.512794494628906 52.439918518066406 -7.5177693367004395
vertex 45.194881439208984 53.82897186279297 -6.579235553741455
vertex 46.994205474853516 53.04411315917969 -6.647902011871338
endloop
endfacet
facet normal 0.2836200696748178 0.7068987961796319 -0.6479612241773721
outer loop
vertex 46.512794494628906 52.439918518066406 -7.5177693367004395
vertex 44.986995697021484 53.10546875 -7.459541320800781
vertex 45.154457092285156 53.82905197143555 -6.596842288970947
endloop
endfacet
facet normal 0.28361925059639403 0.7068984693326629 -0.6479619392728851
outer loop
vertex 46.512794494628906 52.439918518066406 -7.5177693367004395
vertex 45.154457092285156 53.82905197143555 -6.596842288970947
vertex 45.194881439208984 53.82897186279297 -6.579235553741455
endloop
endfacet
facet normal 0.0014006996657006804 0.7660432525953227 -0.6427875023626588
outer loop
vertex 44.986995697021484 53.10546875 -7.459541320800781
vertex -10.601239204406738 53.21516418457031 -7.449944019317627
vertex -10.749873161315918 53.93937301635742 -6.587190628051758
endloop
endfacet
facet normal 0.0014007292824091237 0.7660441336514631 -0.6427864522962947
outer loop
vertex 44.986995697021484 53.10546875 -7.459541320800781
vertex -10.749873161315918 53.93937301635742 -6.587190628051758
vertex 45.154457092285156 53.82905197143555 -6.596842288970947
endloop
endfacet
facet normal -0.25628583281552497 0.7181478096865342 -0.646978589553384
outer loop
vertex -10.601239204406738 53.21516418457031 -7.449944019317627
vertex -12.442631721496582 53.29756164550781 -6.629056930541992
vertex -10.785752296447754 53.93944549560547 -6.572899341583252
endloop
endfacet
facet normal -0.2562527666674892 0.7181581690771842 -0.6469801880760832
outer loop
vertex -10.601239204406738 53.21516418457031 -7.449944019317627
vertex -10.785752296447754 53.93944549560547 -6.572899341583252
vertex -10.749873161315918 53.93937301635742 -6.587190628051758
endloop
endfacet
facet normal -0.2562862935538389 0.7181468050183868 -0.6469795222248681
outer loop
vertex -12.006607055664062 52.67071533203125 -7.49757719039917
vertex -12.442631721496582 53.29756164550781 -6.629056930541992
vertex -10.601239204406738 53.21516418457031 -7.449944019317627
endloop
endfacet
facet normal -0.47839862818866835 0.5803549650705417 -0.6590317648377584
outer loop
vertex -16.063690185546875 50.03392028808594 -6.874502658843994
vertex -12.006607055664062 52.67071533203125 -7.49757719039917
vertex -15.361960411071777 49.599727630615234 -7.76625394821167
endloop
endfacet
facet normal -0.4783975866726297 0.5803527158608857 -0.6590345015693017
outer loop
vertex -12.006607055664062 52.67071533203125 -7.49757719039917
vertex -16.063690185546875 50.03392028808594 -6.874502658843994
vertex -12.538381576538086 53.260467529296875 -6.592216491699219
endloop
endfacet
facet normal -0.47839989342880934 0.5803507384610214 -0.6590345683915609
outer loop
vertex -12.442631721496582 53.29756164550781 -6.629056930541992
vertex -12.006607055664062 52.67071533203125 -7.49757719039917
vertex -12.538381576538086 53.260467529296875 -6.592216491699219
endloop
endfacet
facet normal -0.6413620148398854 0.358113065228505 -0.6785350384712399
outer loop
vertex -15.361960411071777 49.599727630615234 -7.76625394821167
vertex -16.71693229675293 48.75728225708008 -6.930133819580078
vertex -16.1776065826416 49.92966079711914 -6.821162223815918
endloop
endfacet
facet normal -0.6406447213408936 0.3543111440147079 -0.6812033134424977
outer loop
vertex -15.8873872756958 48.45756149291992 -7.866180419921875
vertex -16.71693229675293 48.75728225708008 -6.930133819580078
vertex -15.361960411071777 49.599727630615234 -7.76625394821167
endloop
endfacet
facet normal -0.6428162984210266 0.35510469540245965 -0.6787399073190085
outer loop
vertex -15.361960411071777 49.599727630615234 -7.76625394821167
vertex -16.1776065826416 49.92966079711914 -6.821162223815918
vertex -16.063690185546875 50.03392028808594 -6.874502658843994
endloop
endfacet
facet normal -0.31337919404653813 0.6887919650685815 -0.6537270910675983
outer loop
vertex -19.168960571289062 46.091670989990234 -8.073168754577637
vertex -19.533382415771484 46.750160217285156 -7.204665184020996
vertex -17.271869659423828 47.0329475402832 -7.990818023681641
endloop
endfacet
facet normal -0.31337923592357797 0.6887917625378251 -0.6537272843869918
outer loop
vertex -17.271869659423828 47.0329475402832 -7.990818023681641
vertex -19.533382415771484 46.750160217285156 -7.204665184020996
vertex -17.636293411254883 47.691436767578125 -7.122313976287842
endloop
endfacet
facet normal -0.5479196630620247 0.509432043505447 -0.6635231992024557
outer loop
vertex -17.03444480895996 48.067081451416016 -7.128879070281982
vertex -16.855268478393555 48.456573486328125 -6.9777984619140625
vertex -16.11934471130371 48.04385757446289 -7.902374744415283
endloop
endfacet
facet normal -0.44966490379476565 0.6073138668777294 -0.6549590379506673
outer loop
vertex -16.943893432617188 47.22244644165039 -7.974238872528076
vertex -17.387853622436523 47.81470489501953 -7.1202616691589355
vertex -16.491012573242188 47.59270095825195 -7.941845893859863
endloop
endfacet
facet normal -0.33174197031642305 0.6795017773512015 -0.6543887221729418
outer loop
vertex -17.387853622436523 47.81470489501953 -7.1202616691589355
vertex -17.271869659423828 47.0329475402832 -7.990818023681641
vertex -17.636293411254883 47.691436767578125 -7.122313976287842
endloop
endfacet
facet normal -0.4496681306229452 0.6073107390460151 -0.6549597228390833
outer loop
vertex -17.080358505249023 47.9672737121582 -7.189903259277344
vertex -17.03444480895996 48.067081451416016 -7.128879070281982
vertex -16.491012573242188 47.59270095825195 -7.941845893859863
endloop
endfacet
facet normal -0.6218920131170711 0.39341782020002425 -0.6771061532509198
outer loop
vertex -15.8873872756958 48.45756149291992 -7.866180419921875
vertex -16.855268478393555 48.456573486328125 -6.9777984619140625
vertex -16.71693229675293 48.75728225708008 -6.930133819580078
endloop
endfacet
facet normal -0.5479193303915505 0.5094328811694722 -0.6635228307802568
outer loop
vertex -17.03444480895996 48.067081451416016 -7.128879070281982
vertex -16.11934471130371 48.04385757446289 -7.902374744415283
vertex -16.491012573242188 47.59270095825195 -7.941845893859863
endloop
endfacet
facet normal -0.6183156165699744 0.4055769807791356 -0.6731961905475796
outer loop
vertex -15.8873872756958 48.45756149291992 -7.866180419921875
vertex -16.11934471130371 48.04385757446289 -7.902374744415283
vertex -16.855268478393555 48.456573486328125 -6.9777984619140625
endloop
endfacet
facet normal -0.4496644611333913 0.6073145241969307 -0.65495873235882
outer loop
vertex -16.491012573242188 47.59270095825195 -7.941845893859863
vertex -17.387853622436523 47.81470489501953 -7.1202616691589355
vertex -17.080358505249023 47.9672737121582 -7.189903259277344
endloop
endfacet
facet normal -0.35512089112231177 0.6715252942290826 -0.6503406275937551
outer loop
vertex -16.943893432617188 47.22244644165039 -7.974238872528076
vertex -17.271869659423828 47.0329475402832 -7.990818023681641
vertex -17.387853622436523 47.81470489501953 -7.1202616691589355
endloop
endfacet
facet normal 0.153972763229262 0.749799673698816 -0.6435004564914422
outer loop
vertex -20.97722816467285 46.56010437011719 -7.232532978057861
vertex -21.15017318725586 45.856502532958984 -8.093743324279785
vertex -36.89133834838867 50.0933952331543 -6.923409938812256
endloop
endfacet
facet normal 0.15397288117259103 0.7497999992983961 -0.6435000488854189
outer loop
vertex -36.89133834838867 50.0933952331543 -6.923409938812256
vertex -21.15017318725586 45.856502532958984 -8.093743324279785
vertex -37.06428146362305 49.389793395996094 -7.784620761871338
endloop
endfacet
facet normal -0.06947904625903067 0.7641927934928968 -0.6412347748714651
outer loop
vertex -20.244365692138672 46.39739227294922 -7.391857147216797
vertex -20.06117057800293 46.48828887939453 -7.303380489349365
vertex -19.918306350708008 45.83662414550781 -8.09548282623291
endloop
endfacet
facet normal -0.06947572296349146 0.7641943312557865 -0.6412333023129891
outer loop
vertex -20.244365692138672 46.39739227294922 -7.391857147216797
vertex -20.50135040283203 45.7794189453125 -8.10048770904541
vertex -20.50135040283203 46.45444869995117 -7.296016216278076
endloop
endfacet
facet normal 0.06947608298411467 0.7641936589241834 -0.6412340645608693
outer loop
vertex -20.50135040283203 46.45444869995117 -7.296016216278076
vertex -21.084394454956055 45.83662414550781 -8.09548282623291
vertex -20.92817497253418 46.54921340942383 -7.229325294494629
endloop
endfacet
facet normal 0.20575914715678564 0.7371882924154374 -0.6435966088218024
outer loop
vertex -21.084394454956055 45.83662414550781 -8.09548282623291
vertex -20.97722816467285 46.56010437011719 -7.232532978057861
vertex -20.92817497253418 46.54921340942383 -7.229325294494629
endloop
endfacet
facet normal -0.06947430510850255 0.7641941565480159 -0.6412336641408943
outer loop
vertex -19.918306350708008 45.83662414550781 -8.09548282623291
vertex -20.50135040283203 45.7794189453125 -8.10048770904541
vertex -20.244365692138672 46.39739227294922 -7.391857147216797
endloop
endfacet
facet normal -0.2057586586877095 0.7371878673689544 -0.6435972518423674
outer loop
vertex -19.668615341186523 46.68306350708008 -7.205782413482666
vertex -19.918306350708008 45.83662414550781 -8.09548282623291
vertex -20.06117057800293 46.48828887939453 -7.303380489349365
endloop
endfacet
facet normal -0.3341247520076312 0.6842197007028169 -0.6482314796937794
outer loop
vertex -19.533382415771484 46.750160217285156 -7.204665184020996
vertex -19.357669830322266 46.006046295166016 -8.080659866333008
vertex -19.668615341186523 46.68306350708008 -7.205782413482666
endloop
endfacet
facet normal 0.20575916261636581 0.7371882889562568 -0.6435966078415566
outer loop
vertex -21.084394454956055 45.83662414550781 -8.09548282623291
vertex -21.15017318725586 45.856502532958984 -8.093743324279785
vertex -20.97722816467285 46.56010437011719 -7.232532978057861
endloop
endfacet
facet normal 0.06947433210173273 0.7641944054581683 -0.6412333645759979
outer loop
vertex -20.50135040283203 45.7794189453125 -8.10048770904541
vertex -21.084394454956055 45.83662414550781 -8.09548282623291
vertex -20.50135040283203 46.45444869995117 -7.296016216278076
endloop
endfacet
facet normal -0.20575887051536682 0.7371878634234431 -0.6435971886400839
outer loop
vertex -19.357669830322266 46.006046295166016 -8.080659866333008
vertex -19.918306350708008 45.83662414550781 -8.09548282623291
vertex -19.668615341186523 46.68306350708008 -7.205782413482666
endloop
endfacet
facet normal -0.2914492839808017 0.6994216213643515 -0.6525846385221917
outer loop
vertex -19.168960571289062 46.091670989990234 -8.073168754577637
vertex -19.357669830322266 46.006046295166016 -8.080659866333008
vertex -19.533382415771484 46.750160217285156 -7.204665184020996
endloop
endfacet
facet normal 0.321846513320215 0.6905348899845157 -0.64774716331119
outer loop
vertex -37.766326904296875 49.649658203125 -7.761885643005371
vertex -38.44161605834961 49.99253845214844 -7.731887340545654
vertex -38.076324462890625 50.63606262207031 -6.864351749420166
endloop
endfacet
facet normal 0.3218507996553619 0.690534590077092 -0.6477453532587222
outer loop
vertex -37.766326904296875 49.649658203125 -7.761885643005371
vertex -38.076324462890625 50.63606262207031 -6.864351749420166
vertex -37.40103530883789 50.29317855834961 -6.894349575042725
endloop
endfacet
facet normal 0.20576587608307484 0.7371869220385631 -0.6435960271902509
outer loop
vertex -36.89133834838867 50.0933952331543 -6.923409938812256
vertex -37.06428146362305 49.389793395996094 -7.784620761871338
vertex -37.09788513183594 50.13925552368164 -6.936916351318359
endloop
endfacet
facet normal 0.20574996918838548 0.7371920505086731 -0.6435952383647632
outer loop
vertex -37.09788513183594 50.13925552368164 -6.936916351318359
vertex -37.559139251708984 49.539337158203125 -7.7715373039245605
vertex -37.24848556518555 50.215721130371094 -6.897475719451904
endloop
endfacet
facet normal 0.3341294205242273 0.684218672341245 -0.6482301587860041
outer loop
vertex -37.40103530883789 50.29317855834961 -6.894349575042725
vertex -37.24848556518555 50.215721130371094 -6.897475719451904
vertex -37.559139251708984 49.539337158203125 -7.7715373039245605
endloop
endfacet
facet normal 0.2057588596593776 0.7371878902761161 -0.6435971613532193
outer loop
vertex -37.06428146362305 49.389793395996094 -7.784620761871338
vertex -37.559139251708984 49.539337158203125 -7.7715373039245605
vertex -37.09788513183594 50.13925552368164 -6.936916351318359
endloop
endfacet
facet normal 0.3341283265879559 0.6842190697701697 -0.6482303031595916
outer loop
vertex -37.559139251708984 49.539337158203125 -7.7715373039245605
vertex -37.766326904296875 49.649658203125 -7.761885643005371
vertex -37.40103530883789 50.29317855834961 -6.894349575042725
endloop
endfacet
facet normal 0.4675160663920322 0.5900860707163263 -0.6581999368063535
outer loop
vertex -39.060020446777344 50.40988540649414 -7.695374011993408
vertex -52.82211685180664 62.49249267578125 -6.6382832527160645
vertex -52.3106575012207 63.09541702270508 -5.734465599060059
endloop
endfacet
facet normal 0.4686083722560488 0.5909823659323676 -0.656617115683499
outer loop
vertex -39.060020446777344 50.40988540649414 -7.695374011993408
vertex -52.3106575012207 63.09541702270508 -5.734465599060059
vertex -38.5076904296875 50.96030044555664 -6.805796146392822
endloop
endfacet
facet normal 0.4678878881102489 0.5897824846629492 -0.6582078280790415
outer loop
vertex -52.3106575012207 63.09541702270508 -5.734465599060059
vertex -52.82211685180664 62.49249267578125 -6.6382832527160645
vertex -52.40380859375 63.1285285949707 -5.771012783050537
endloop
endfacet
facet normal 0.3341230462993086 0.684219948934362 -0.6482320968695773
outer loop
vertex -38.076324462890625 50.63606262207031 -6.864351749420166
vertex -38.44161605834961 49.99253845214844 -7.731887340545654
vertex -38.22441482543945 50.71125411987305 -6.861317157745361
endloop
endfacet
facet normal 0.41844926090341156 0.623244534690366 -0.6606560875584041
outer loop
vertex -38.22441482543945 50.71125411987305 -6.861317157745361
vertex -38.75111770629883 50.15734100341797 -7.717468738555908
vertex -38.5076904296875 50.96030044555664 -6.805796146392822
endloop
endfacet
facet normal 0.4496642333383155 0.6073136727842817 -0.6549596782287681
outer loop
vertex -38.75111770629883 50.15734100341797 -7.717468738555908
vertex -39.060020446777344 50.40988540649414 -7.695374011993408
vertex -38.5076904296875 50.96030044555664 -6.805796146392822
endloop
endfacet
facet normal 0.3341309316250663 0.6842167423916773 -0.6482314169818417
outer loop
vertex -38.44161605834961 49.99253845214844 -7.731887340545654
vertex -38.75111770629883 50.15734100341797 -7.717468738555908
vertex -38.22441482543945 50.71125411987305 -6.861317157745361
endloop
endfacet
facet normal 0.23763488673687994 0.7250752443748598 -0.6463710626260181
outer loop
vertex -52.82211685180664 62.49249267578125 -6.6382832527160645
vertex -54.150753021240234 63.737823486328125 -5.729783058166504
vertex -52.40380859375 63.1285285949707 -5.771012783050537
endloop
endfacet
facet normal 0.2376334012733061 0.7250745919033524 -0.6463723406640068
outer loop
vertex -52.82211685180664 62.49249267578125 -6.6382832527160645
vertex -54.273765563964844 63.00849533081055 -6.593138694763184
vertex -54.150753021240234 63.737823486328125 -5.729783058166504
endloop
endfacet
facet normal -0.027053900603498167 0.7655288644885425 -0.6428325163656695
outer loop
vertex -54.273765563964844 63.00849533081055 -6.593138694763184
vertex -58.961936950683594 62.82967758178711 -6.60878324508667
vertex -59.160343170166016 63.54674530029297 -5.746500015258789
endloop
endfacet
facet normal -0.02705402545994706 0.7655284670907565 -0.6428329843591484
outer loop
vertex -54.273765563964844 63.00849533081055 -6.593138694763184
vertex -59.160343170166016 63.54674530029297 -5.746500015258789
vertex -54.150753021240234 63.737823486328125 -5.729783058166504
endloop
endfacet
facet normal -0.31020059678288064 0.6946432260003162 -0.6490349592490516
outer loop
vertex -59.160343170166016 63.54674530029297 -5.746500015258789
vertex -58.961936950683594 62.82967758178711 -6.60878324508667
vertex -59.208187103271484 63.544921875 -5.725584983825684
endloop
endfacet
facet normal -0.31020553752569935 0.6946412372994636 -0.649034726290868
outer loop
vertex -60.9918212890625 62.67749786376953 -5.8014750480651855
vertex -59.208187103271484 63.544921875 -5.725584983825684
vertex -58.961936950683594 62.82967758178711 -6.60878324508667
endloop
endfacet
facet normal -0.3102060314037108 0.6946395612841127 -0.6490362840240715
outer loop
vertex -58.961936950683594 62.82967758178711 -6.60878324508667
vertex -60.47855758666992 62.092105865478516 -6.673312187194824
vertex -60.9918212890625 62.67749786376953 -5.8014750480651855
endloop
endfacet
facet normal -0.5400305076553991 0.5163660678177557 -0.6646300736559255
outer loop
vertex -60.47855758666992 62.092105865478516 -6.673312187194824
vertex -74.49397277832031 45.57432556152344 -8.118431091308594
vertex -75.26429748535156 45.93110275268555 -7.215332508087158
endloop
endfacet
facet normal -0.5400303172031623 0.5163619439271432 -0.6646334323258452
outer loop
vertex -60.9918212890625 62.67749786376953 -5.8014750480651855
vertex -60.47855758666992 62.092105865478516 -6.673312187194824
vertex -61.09923553466797 62.62525939941406 -5.7547831535339355
endloop
endfacet
facet normal -0.5400282988289115 0.5163641569416263 -0.6646333529773506
outer loop
vertex -60.47855758666992 62.092105865478516 -6.673312187194824
vertex -75.26429748535156 45.93110275268555 -7.215332508087158
vertex -61.09923553466797 62.62525939941406 -5.7547831535339355
endloop
endfacet
facet normal -0.6701684845525874 0.28632403611316987 -0.6847574378247764
outer loop
vertex -74.49397277832031 45.57432556152344 -8.118431091308594
vertex -75.92463684082031 44.16618347167969 -7.307047367095947
vertex -75.37074279785156 45.80565643310547 -7.163612365722656
endloop
endfacet
facet normal -0.6701635532296599 0.28633820038668034 -0.6847563412790815
outer loop
vertex -74.49397277832031 45.57432556152344 -8.118431091308594
vertex -75.37074279785156 45.80565643310547 -7.163612365722656
vertex -75.26429748535156 45.93110275268555 -7.215332508087158
endloop
endfacet
facet normal -0.6701684884405049 0.28632404420553115 -0.6847574306359574
outer loop
vertex -74.49397277832031 45.57432556152344 -8.118431091308594
vertex -74.98567962646484 44.118919372558594 -8.245762825012207
vertex -75.92463684082031 44.16618347167969 -7.307047367095947
endloop
endfacet
facet normal -0.7061582179942282 0.02516038252193618 -0.7076069009772064
outer loop
vertex -75.92463684082031 44.16618347167969 -7.307047367095947
vertex -74.98567962646484 44.118919372558594 -8.245762825012207
vertex -75.9826889038086 43.99435806274414 -7.255223751068115
endloop
endfacet
facet normal -0.706158020071526 0.025155984012829792 -0.7076072548787277
outer loop
vertex -74.98567962646484 44.118919372558594 -8.245762825012207
vertex -75.72212982177734 39.16263198852539 -7.687020778656006
vertex -75.9826889038086 43.99435806274414 -7.255223751068115
endloop
endfacet
facet normal -0.7061573255298863 0.025155801943824153 -0.7076079544698755
outer loop
vertex -74.98567962646484 44.118919372558594 -8.245762825012207
vertex -74.74541473388672 39.50240707397461 -8.649654388427734
vertex -75.72212982177734 39.16263198852539 -7.687020778656006
endloop
endfacet
facet normal -0.6341804065074461 -0.24993327590955758 -0.7316751803875594
outer loop
vertex -75.72212982177734 38.98875427246094 -7.627626419067383
vertex -74.74541473388672 39.50240707397461 -8.649654388427734
vertex -74.86837005615234 37.264137268066406 -7.778511047363281
endloop
endfacet
facet normal -0.6341816260597101 -0.2499306431107257 -0.7316750226723071
outer loop
vertex -75.72212982177734 39.16263198852539 -7.687020778656006
vertex -74.74541473388672 39.50240707397461 -8.649654388427734
vertex -75.72212982177734 38.98875427246094 -7.627626419067383
endloop
endfacet
facet normal -0.6341592279727202 -0.24994060866604995 -0.7316910315950905
outer loop
vertex -74.74541473388672 39.50240707397461 -8.649654388427734
vertex -74.80506896972656 37.310150146484375 -7.84909200668335
vertex -74.86837005615234 37.264137268066406 -7.778511047363281
endloop
endfacet
facet normal -0.6341802248048393 -0.2499341920457555 -0.7316750249345122
outer loop
vertex -74.74541473388672 39.50240707397461 -8.649654388427734
vertex -74.00873565673828 38.01430130004883 -8.779847145080566
vertex -74.80506896972656 37.310150146484375 -7.84909200668335
endloop
endfacet
facet normal -0.45841443191908104 -0.47470387511030804 -0.7513404285432558
outer loop
vertex -74.80506896972656 37.310150146484375 -7.84909200668335
vertex -74.00873565673828 38.01430130004883 -8.779847145080566
vertex -74.80506896972656 37.13627243041992 -7.739234447479248
endloop
endfacet
facet normal -0.45866529114233356 -0.47446999555670427 -0.7513350610864233
outer loop
vertex -74.00873565673828 38.01430130004883 -8.779847145080566
vertex -61.344268798828125 25.718708038330078 -8.74638843536377
vertex -74.80506896972656 37.13627243041992 -7.739234447479248
endloop
endfacet
facet normal -0.48485069266411823 -0.4671503858667758 -0.739385097772228
outer loop
vertex -74.86837005615234 37.264137268066406 -7.778511047363281
vertex -74.80506896972656 37.310150146484375 -7.84909200668335
vertex -74.80506896972656 37.13627243041992 -7.739234447479248
endloop
endfacet
facet normal -0.4599037334822479 -0.47574133959362175 -0.7497724546359087
outer loop
vertex -60.63126754760742 26.64922332763672 -9.774162292480469
vertex -61.344268798828125 25.718708038330078 -8.74638843536377
vertex -74.00873565673828 38.01430130004883 -8.779847145080566
endloop
endfacet
facet normal -0.7026460540312015 0.10581553029631321 -0.7036274556201539
outer loop
vertex -59.76698684692383 21.190109252929688 -10.2517728805542
vertex -60.74256134033203 21.1666316986084 -9.281089782714844
vertex -59.57699966430664 24.206499099731445 -9.987873077392578
endloop
endfacet
facet normal -0.7026460540312015 0.10581553029631321 -0.7036274556201539
outer loop
vertex -59.57699966430664 24.206499099731445 -9.987873077392578
vertex -60.74256134033203 21.1666316986084 -9.281089782714844
vertex -60.552574157714844 24.183021545410156 -9.017189979553223
endloop
endfacet
facet normal -0.4496664407203557 -0.48435351112812347 -0.7504676997364681
outer loop
vertex -60.63126754760742 26.64922332763672 -9.774162292480469
vertex -60.44647216796875 26.49814224243164 -9.78738021850586
vertex -61.344268798828125 25.718708038330078 -8.74638843536377
endloop
endfacet
facet normal -0.7053974637710944 -0.007729049268908499 -0.7087698356326309
outer loop
vertex -59.571136474609375 24.392934799194336 -9.971562385559082
vertex -60.51886749267578 24.71822738647461 -9.031888008117676
vertex -59.62855911254883 24.9737606048584 -9.920746803283691
endloop
endfacet
facet normal -0.6782888146415712 -0.1434983568852455 -0.7206472823117887
outer loop
vertex -59.62855911254883 24.9737606048584 -9.920746803283691
vertex -60.50090789794922 25.003358840942383 -9.10556697845459
vertex -59.79862976074219 25.532264709472656 -9.8718843460083
endloop
endfacet
facet normal -0.7038569854570071 0.08384668305440132 -0.7053758414945532
outer loop
vertex -59.571136474609375 24.392934799194336 -9.971562385559082
vertex -59.57699966430664 24.206499099731445 -9.987873077392578
vertex -60.552574157714844 24.183021545410156 -9.017189979553223
endloop
endfacet
facet normal -0.7053988431748257 0.13069375956225918 -0.6966574576211036
outer loop
vertex -60.552574157714844 24.183021545410156 -9.017189979553223
vertex -60.54469680786133 24.30808448791504 -9.001704216003418
vertex -59.571136474609375 24.392934799194336 -9.971562385559082
endloop
endfacet
facet normal -0.7053988240860519 -0.00773717961764872 -0.7087683930802637
outer loop
vertex -60.51886749267578 24.71822738647461 -9.031888008117676
vertex -59.571136474609375 24.392934799194336 -9.971562385559082
vertex -60.54469680786133 24.30808448791504 -9.001704216003418
endloop
endfacet
facet normal -0.6782891292356886 -0.14349447045812427 -0.7206477600802169
outer loop
vertex -60.50090789794922 25.003358840942383 -9.10556697845459
vertex -59.62855911254883 24.9737606048584 -9.920746803283691
vertex -60.51886749267578 24.71822738647461 -9.031888008117676
endloop
endfacet
facet normal -0.6251177427351007 -0.2713782879988496 -0.7318344297179424
outer loop
vertex -59.79862976074219 25.532264709472656 -9.8718843460083
vertex -60.62846755981445 25.111557006835938 -9.007047653198242
vertex -60.07480239868164 26.046985626220703 -9.826851844787598
endloop
endfacet
facet normal -0.6782928883804968 -0.14348984735272755 -0.7206451424100032
outer loop
vertex -60.62846755981445 25.111557006835938 -9.007047653198242
vertex -59.79862976074219 25.532264709472656 -9.8718843460083
vertex -60.50090789794922 25.003358840942383 -9.10556697845459
endloop
endfacet
facet normal -0.4496724575200917 -0.484347203059806 -0.7504681657711967
outer loop
vertex -61.344268798828125 25.718708038330078 -8.74638843536377
vertex -60.44647216796875 26.49814224243164 -9.78738021850586
vertex -61.2296142578125 25.6214542388916 -8.752321243286133
endloop
endfacet
facet normal -0.625116533713799 -0.2713795111600677 -0.7318350088648176
outer loop
vertex -60.942832946777344 25.378204345703125 -8.83740234375
vertex -60.07480239868164 26.046985626220703 -9.826851844787598
vertex -60.62846755981445 25.111557006835938 -9.007047653198242
endloop
endfacet
facet normal -0.5479169593018904 -0.3864759417923946 -0.7419052177502542
outer loop
vertex -60.44647216796875 26.49814224243164 -9.78738021850586
vertex -60.942832946777344 25.378204345703125 -8.83740234375
vertex -61.2296142578125 25.6214542388916 -8.752321243286133
endloop
endfacet
facet normal -0.5479186445091111 -0.386474691616616 -0.7419046244222636
outer loop
vertex -60.07480239868164 26.046985626220703 -9.826851844787598
vertex -60.942832946777344 25.378204345703125 -8.83740234375
vertex -60.44647216796875 26.49814224243164 -9.78738021850586
endloop
endfacet
facet normal -0.38788569951512725 0.6504950540288914 -0.6529937739332665
outer loop
vertex -61.56786346435547 19.5049991607666 -9.567940711975098
vertex -62.20160675048828 18.175922393798828 -10.515480995178223
vertex -62.800601959228516 18.701478958129883 -9.636125564575195
endloop
endfacet
facet normal -0.3885577959195718 0.6505158156910357 -0.6525733773040017
outer loop
vertex -61.11487579345703 18.88748550415039 -10.453227043151855
vertex -62.20160675048828 18.175922393798828 -10.515480995178223
vertex -61.56786346435547 19.5049991607666 -9.567940711975098
endloop
endfacet
facet normal -0.5479196903753644 0.5094329115765904 -0.663522510169446
outer loop
vertex -60.81636428833008 19.99483871459961 -9.715599060058594
vertex -60.63645553588867 19.271339416503906 -10.419644355773926
vertex -61.1878662109375 19.752687454223633 -9.594738960266113
endloop
endfacet
facet normal -0.5479113415082494 0.5094427735898319 -0.6635218325599618
outer loop
vertex -60.26478576660156 19.722496032714844 -10.380172729492188
vertex -60.81636428833008 19.99483871459961 -9.715599060058594
vertex -60.81411361694336 20.03056526184082 -9.690027236938477
endloop
endfacet
facet normal -0.4448159431763337 0.6116407823162894 -0.6542433263730447
outer loop
vertex -61.1878662109375 19.752687454223633 -9.594738960266113
vertex -61.11487579345703 18.88748550415039 -10.453227043151855
vertex -61.56786346435547 19.5049991607666 -9.567940711975098
endloop
endfacet
facet normal -0.6782905111945735 0.26645247906539793 -0.6847810298360403
outer loop
vertex -59.98861312866211 20.23721694946289 -10.335140228271484
vertex -60.78512954711914 20.490747451782227 -9.44752311706543
vertex -59.818546295166016 20.79572105407715 -10.286277770996094
endloop
endfacet
facet normal -0.62511653659573 0.39433729990002125 -0.6735929108757902
outer loop
vertex -59.98861312866211 20.23721694946289 -10.335140228271484
vertex -60.26478576660156 19.722496032714844 -10.380172729492188
vertex -60.81411361694336 20.03056526184082 -9.690027236938477
endloop
endfacet
facet normal -0.7019685906063635 0.15263335326087388 -0.6956602312008765
outer loop
vertex -59.818546295166016 20.79572105407715 -10.286277770996094
vertex -60.75944519042969 20.8985538482666 -9.314284324645996
vertex -59.76698684692383 21.190109252929688 -10.2517728805542
endloop
endfacet
facet normal -0.5479173552597983 0.5094343179341442 -0.6635233586815776
outer loop
vertex -60.26478576660156 19.722496032714844 -10.380172729492188
vertex -60.63645553588867 19.271339416503906 -10.419644355773926
vertex -60.81636428833008 19.99483871459961 -9.715599060058594
endloop
endfacet
facet normal -0.44481675088707695 0.6116404642896871 -0.6542430745325166
outer loop
vertex -60.63645553588867 19.271339416503906 -10.419644355773926
vertex -61.11487579345703 18.88748550415039 -10.453227043151855
vertex -61.1878662109375 19.752687454223633 -9.594738960266113
endloop
endfacet
facet normal -0.625116437997291 0.39433812102098204 -0.6735925216740609
outer loop
vertex -60.78512954711914 20.490747451782227 -9.44752311706543
vertex -59.98861312866211 20.23721694946289 -10.335140228271484
vertex -60.81411361694336 20.03056526184082 -9.690027236938477
endloop
endfacet
facet normal -0.7008344667559356 0.13096473982919704 -0.7011984648645446
outer loop
vertex -60.75944519042969 20.8985538482666 -9.314284324645996
vertex -60.74256134033203 21.1666316986084 -9.281089782714844
vertex -59.76698684692383 21.190109252929688 -10.2517728805542
endloop
endfacet
facet normal -0.6782905156707307 0.2664521029489196 -0.6847811717514088
outer loop
vertex -60.75944519042969 20.8985538482666 -9.314284324645996
vertex -59.818546295166016 20.79572105407715 -10.286277770996094
vertex -60.78512954711914 20.490747451782227 -9.44752311706543
endloop
endfacet
facet normal -0.5909233646336258 0.44849240581208805 -0.6705700105574066
outer loop
vertex -62.20160675048828 18.175922393798828 -10.515480995178223
vertex -63.12105941772461 16.782154083251953 -10.637419700622559
vertex -63.963687896728516 17.037134170532227 -9.724337577819824
endloop
endfacet
facet normal -0.5909233615905521 0.4484923935367571 -0.6705700214490595
outer loop
vertex -62.20160675048828 18.175922393798828 -10.515480995178223
vertex -63.963687896728516 17.037134170532227 -9.724337577819824
vertex -62.91487503051758 18.626995086669922 -9.585243225097656
endloop
endfacet
facet normal -0.5909187226382528 0.44849901980020956 -0.6705696775681306
outer loop
vertex -62.800601959228516 18.701478958129883 -9.636125564575195
vertex -62.20160675048828 18.175922393798828 -10.515480995178223
vertex -62.91487503051758 18.626995086669922 -9.585243225097656
endloop
endfacet
facet normal -0.6966100360550928 0.18254976944059947 -0.6938371850401983
outer loop
vertex -63.12105941772461 16.782154083251953 -10.637419700622559
vertex -70.7439193725586 -21.32149314880371 -13.009231567382812
vertex -64.05978393554688 16.89146614074707 -9.666183471679688
endloop
endfacet
facet normal -0.6966096561234111 0.18255176240857313 -0.6938370421339198
outer loop
vertex -63.963687896728516 17.037134170532227 -9.724337577819824
vertex -63.12105941772461 16.782154083251953 -10.637419700622559
vertex -64.05978393554688 16.89146614074707 -9.666183471679688
endloop
endfacet
facet normal -0.6966119420132246 0.18255002740079804 -0.6938352035898234
outer loop
vertex -70.7439193725586 -21.32149314880371 -13.009231567382812
vertex -63.12105941772461 16.782154083251953 -10.637419700622559
vertex -69.76885223388672 -21.22386932373047 -13.962515830993652
endloop
endfacet
facet normal -0.6927892793822253 -0.07940703659382205 -0.7167548652869016
outer loop
vertex -69.76885223388672 -21.22386932373047 -13.962515830993652
vertex -70.42610931396484 -23.198671340942383 -13.108452796936035
vertex -70.7748794555664 -21.49846839904785 -12.959704399108887
endloop
endfacet
facet normal -0.6927909984825463 -0.0794065079825014 -0.7167532622259779
outer loop
vertex -69.46204376220703 -22.719528198242188 -14.093368530273438
vertex -70.39310455322266 -23.185680389404297 -13.141791343688965
vertex -69.76885223388672 -21.22386932373047 -13.962515830993652
endloop
endfacet
facet normal -0.692763904618298 -0.07942521747162905 -0.716777376378185
outer loop
vertex -70.39310455322266 -23.185680389404297 -13.141791343688965
vertex -70.42610931396484 -23.198671340942383 -13.108452796936035
vertex -69.76885223388672 -21.22386932373047 -13.962515830993652
endloop
endfacet
facet normal -0.6927928496669404 -0.07938875112656721 -0.716753439925421
outer loop
vertex -69.76885223388672 -21.22386932373047 -13.962515830993652
vertex -70.7748794555664 -21.49846839904785 -12.959704399108887
vertex -70.7439193725586 -21.32149314880371 -13.009231567382812
endloop
endfacet
facet normal -0.5929866981360035 -0.32209223135224374 -0.7379860231307184
outer loop
vertex -70.39310455322266 -23.185680389404297 -13.141791343688965
vertex -69.46204376220703 -22.719528198242188 -14.093368530273438
vertex -70.39310455322266 -23.359556198120117 -13.065903663635254
endloop
endfacet
facet normal -0.5926908243763717 -0.32256953429870633 -0.7380152317143412
outer loop
vertex -69.46204376220703 -22.719528198242188 -14.093368530273438
vertex -67.7270278930664 -27.448272705078125 -13.419912338256836
vertex -70.39310455322266 -23.359556198120117 -13.065903663635254
endloop
endfacet
facet normal -0.6095907255235111 -0.32653755473202833 -0.7223381290679225
outer loop
vertex -69.46204376220703 -22.719528198242188 -14.093368530273438
vertex -67.66655731201172 -27.367137908935547 -13.507621765136719
vertex -67.7270278930664 -27.448272705078125 -13.419912338256836
endloop
endfacet
facet normal -0.5929829117258871 -0.32209396670777707 -0.7379883081807854
outer loop
vertex -66.94822692871094 -26.57472801208496 -14.430655479431152
vertex -67.66655731201172 -27.367137908935547 -13.507621765136719
vertex -69.46204376220703 -22.719528198242188 -14.093368530273438
endloop
endfacet
facet normal -0.6092634798176835 -0.31719435810129376 -0.7267638896843702
outer loop
vertex -70.39310455322266 -23.359556198120117 -13.065903663635254
vertex -70.42610931396484 -23.198671340942383 -13.108452796936035
vertex -70.39310455322266 -23.185680389404297 -13.141791343688965
endloop
endfacet
facet normal -0.3929602550854428 -0.5240029625734947 -0.7556474926428225
outer loop
vertex -67.66655731201172 -27.367137908935547 -13.507621765136719
vertex -67.66655731201172 -27.541013717651367 -13.38704776763916
vertex -67.7270278930664 -27.448272705078125 -13.419912338256836
endloop
endfacet
facet normal -0.39131053480558564 -0.5252249565966831 -0.7556552192092495
outer loop
vertex -67.66655731201172 -27.541013717651367 -13.38704776763916
vertex -66.94822692871094 -26.57472801208496 -14.430655479431152
vertex -65.99504852294922 -28.65404510498047 -13.47900390625
endloop
endfacet
facet normal -0.39294576146450394 -0.5240064919171229 -0.7556525821935576
outer loop
vertex -66.94822692871094 -26.57472801208496 -14.430655479431152
vertex -67.66655731201172 -27.541013717651367 -13.38704776763916
vertex -67.66655731201172 -27.367137908935547 -13.507621765136719
endloop
endfacet
facet normal -0.3929490332025138 -0.5240044986090105 -0.7556522631096457
outer loop
vertex -66.94822692871094 -26.57472801208496 -14.430655479431152
vertex -65.57544708251953 -27.488842010498047 -14.510629653930664
vertex -65.95539093017578 -28.506576538085938 -13.607309341430664
endloop
endfacet
facet normal -0.41838994999231555 -0.5295286739583056 -0.7379357920587578
outer loop
vertex -65.99504852294922 -28.65404510498047 -13.47900390625
vertex -66.94822692871094 -26.57472801208496 -14.430655479431152
vertex -65.95539093017578 -28.506576538085938 -13.607309341430664
endloop
endfacet
facet normal -0.12859041893730816 -0.6310579992950823 -0.7650034677589479
outer loop
vertex -65.95539093017578 -28.506576538085938 -13.607309341430664
vertex -56.50053787231445 -30.41997718811035 -13.618206977844238
vertex -65.95539093017578 -28.680452346801758 -13.46387767791748
endloop
endfacet
facet normal -0.12858358231650105 -0.6310240508718564 -0.7650326199450114
outer loop
vertex -56.50053787231445 -30.41997718811035 -13.618206977844238
vertex -65.95539093017578 -28.506576538085938 -13.607309341430664
vertex -65.57544708251953 -27.488842010498047 -14.510629653930664
endloop
endfacet
facet normal -0.12842420123867654 -0.6310717053026836 -0.7650200829406837
outer loop
vertex -65.99504852294922 -28.65404510498047 -13.47900390625
vertex -65.95539093017578 -28.506576538085938 -13.607309341430664
vertex -65.95539093017578 -28.680452346801758 -13.46387767791748
endloop
endfacet
facet normal -0.12877755619052345 -0.631496053481618 -0.7646104076317155
outer loop
vertex -56.50053787231445 -30.41997718811035 -13.618206977844238
vertex -65.57544708251953 -27.488842010498047 -14.510629653930664
vertex -56.29294204711914 -29.20046043395996 -14.66037654876709
endloop
endfacet
facet normal -0.5438313171776016 -0.3913662749753697 -0.7423475852111182
outer loop
vertex -55.3822021484375 -31.009366989135742 -13.728513717651367
vertex -54.552955627441406 -30.224206924438477 -14.749942779541016
vertex -53.992088317871094 -32.66609573364258 -13.873458862304688
endloop
endfacet
facet normal -0.543831801741315 -0.39136626142106096 -0.7423472373735197
outer loop
vertex -53.162841796875 -31.880937576293945 -14.894887924194336
vertex -53.992088317871094 -32.66609573364258 -13.873458862304688
vertex -54.552955627441406 -30.224206924438477 -14.749942779541016
endloop
endfacet
facet normal -0.334130462821806 -0.5612581548179645 -0.7571962212430933
outer loop
vertex -55.174659729003906 -29.649023056030273 -14.699621200561523
vertex -55.76286315917969 -30.555696487426758 -13.768007278442383
vertex -55.691349029541016 -29.373899459838867 -14.67555046081543
endloop
endfacet
facet normal -0.06948275168361479 -0.6412334587870626 -0.7641935609192568
outer loop
vertex -56.29294204711914 -29.20046043395996 -14.66037654876709
vertex -56.251983642578125 -29.204479217529297 -14.660728454589844
vertex -56.50053787231445 -30.41997718811035 -13.618206977844238
endloop
endfacet
facet normal -0.5479140314229799 -0.3864796968816657 -0.7419054239376293
outer loop
vertex -54.72178268432617 -30.019277572631836 -14.732013702392578
vertex -54.552955627441406 -30.224206924438477 -14.749942779541016
vertex -55.49070739746094 -30.88005256652832 -13.715743064880371
endloop
endfacet
facet normal -0.4496662150757978 -0.4843532269720382 -0.7504680183333461
outer loop
vertex -54.72178268432617 -30.019277572631836 -14.732013702392578
vertex -55.49070739746094 -30.88005256652832 -13.715743064880371
vertex -55.174659729003906 -29.649023056030273 -14.699621200561523
endloop
endfacet
facet normal -0.5479156271283709 -0.38647742401035967 -0.7419054294711966
outer loop
vertex -55.49070739746094 -30.88005256652832 -13.715743064880371
vertex -54.552955627441406 -30.224206924438477 -14.749942779541016
vertex -55.3822021484375 -31.009366989135742 -13.728513717651367
endloop
endfacet
facet normal -0.4496658586413068 -0.4843533999470382 -0.7504681202636931
outer loop
vertex -55.7408332824707 -30.581953048706055 -13.75826644897461
vertex -55.174659729003906 -29.649023056030273 -14.699621200561523
vertex -55.49070739746094 -30.88005256652832 -13.715743064880371
endloop
endfacet
facet normal -0.33413400426563805 -0.5612559391028441 -0.7571963008462174
outer loop
vertex -55.76286315917969 -30.555696487426758 -13.768007278442383
vertex -55.174659729003906 -29.649023056030273 -14.699621200561523
vertex -55.7408332824707 -30.581953048706055 -13.75826644897461
endloop
endfacet
facet normal -0.3341319911843471 -0.5612577658330572 -0.7571958351439003
outer loop
vertex -56.115577697753906 -30.490802764892578 -13.6604642868042
vertex -55.691349029541016 -29.373899459838867 -14.67555046081543
vertex -55.76286315917969 -30.555696487426758 -13.768007278442383
endloop
endfacet
facet normal -0.19694042171761253 -0.6147676755831044 -0.7637245415408855
outer loop
vertex -56.50053787231445 -30.41997718811035 -13.618206977844238
vertex -56.251983642578125 -29.204479217529297 -14.660728454589844
vertex -56.115577697753906 -30.490802764892578 -13.6604642868042
endloop
endfacet
facet normal -0.20575756685792906 -0.6142297823286578 -0.761830426132479
outer loop
vertex -56.251983642578125 -29.204479217529297 -14.660728454589844
vertex -55.691349029541016 -29.373899459838867 -14.67555046081543
vertex -56.115577697753906 -30.490802764892578 -13.6604642868042
endloop
endfacet
facet normal -0.7070785673569467 0.056365329106123546 -0.7048849900935658
outer loop
vertex -52.32854461669922 -51.08283615112305 -16.57483673095703
vertex -53.31574249267578 -51.36058044433594 -15.606776237487793
vertex -52.45849609375 -33.75933837890625 -15.059226989746094
endloop
endfacet
facet normal -0.7073335706878939 0.056369777301534404 -0.7046287447903964
outer loop
vertex -52.45849609375 -33.75933837890625 -15.059226989746094
vertex -53.31574249267578 -51.36058044433594 -15.606776237487793
vertex -53.44625473022461 -33.852725982666016 -14.07514762878418
endloop
endfacet
facet normal -0.6782905067272026 -0.14349255699626554 -0.7206468445573242
outer loop
vertex -52.513755798339844 -33.20038986206055 -15.01032543182373
vertex -53.45024490356445 -33.31186294555664 -14.106682777404785
vertex -52.68382263183594 -32.641883850097656 -14.961462020874023
endloop
endfacet
facet normal -0.7053992928116454 -0.007726166825803721 -0.7087680467169851
outer loop
vertex -53.44625473022461 -33.852725982666016 -14.07514762878418
vertex -53.4490852355957 -33.46884536743164 -14.076515197753906
vertex -52.513755798339844 -33.20038986206055 -15.01032543182373
endloop
endfacet
facet normal -0.7053982384576106 -0.007729131971224361 -0.7087690637294146
outer loop
vertex -52.513755798339844 -33.20038986206055 -15.01032543182373
vertex -52.45849609375 -33.75933837890625 -15.059226989746094
vertex -53.44625473022461 -33.852725982666016 -14.07514762878418
endloop
endfacet
facet normal -0.547920645174783 -0.38647195088459935 -0.7419045745718928
outer loop
vertex -52.959999084472656 -32.12716293334961 -14.916430473327637
vertex -53.992088317871094 -32.66609573364258 -13.873458862304688
vertex -53.162841796875 -31.880937576293945 -14.894887924194336
endloop
endfacet
facet normal -0.625114134306444 -0.27138219787621337 -0.7318360620837024
outer loop
vertex -52.68382263183594 -32.641883850097656 -14.961462020874023
vertex -53.615909576416016 -33.11442565917969 -13.990069389343262
vertex -52.959999084472656 -32.12716293334961 -14.916430473327637
endloop
endfacet
facet normal -0.6782895257956221 -0.14349857244637992 -0.7206465700340223
outer loop
vertex -53.45024490356445 -33.31186294555664 -14.106682777404785
vertex -52.513755798339844 -33.20038986206055 -15.01032543182373
vertex -53.4490852355957 -33.46884536743164 -14.076515197753906
endloop
endfacet
facet normal -0.625116190058335 -0.2713799623031818 -0.7318351351139649
outer loop
vertex -52.959999084472656 -32.12716293334961 -14.916430473327637
vertex -53.615909576416016 -33.11442565917969 -13.990069389343262
vertex -53.86149978637695 -32.82173156738281 -13.888829231262207
endloop
endfacet
facet normal -0.5479208486469398 -0.38647161202168295 -0.741904600821008
outer loop
vertex -53.992088317871094 -32.66609573364258 -13.873458862304688
vertex -52.959999084472656 -32.12716293334961 -14.916430473327637
vertex -53.86149978637695 -32.82173156738281 -13.888829231262207
endloop
endfacet
facet normal -0.6782889702537603 -0.14349542987468744 -0.7206477186789482
outer loop
vertex -52.68382263183594 -32.641883850097656 -14.961462020874023
vertex -53.45024490356445 -33.31186294555664 -14.106682777404785
vertex -53.615909576416016 -33.11442565917969 -13.990069389343262
endloop
endfacet
facet normal -0.6573181929775308 -0.19799186201085164 -0.727139612287922
outer loop
vertex -52.62112045288086 -53.10597229003906 -15.759477615356445
vertex -52.676918029785156 -53.1396484375 -15.699868202209473
vertex -52.32854461669922 -51.08283615112305 -16.57483673095703
endloop
endfacet
facet normal -0.6573313916328416 -0.19798530977081755 -0.7271294648747123
outer loop
vertex -52.32854461669922 -51.08283615112305 -16.57483673095703
vertex -52.676918029785156 -53.1396484375 -15.699868202209473
vertex -53.31574249267578 -51.53445816040039 -15.559432029724121
endloop
endfacet
facet normal -0.6573314207050841 -0.1979857955947953 -0.7271293063111482
outer loop
vertex -52.62112045288086 -53.10597229003906 -15.759477615356445
vertex -52.32854461669922 -51.08283615112305 -16.57483673095703
vertex -51.77045822143555 -52.48515319824219 -16.69752311706543
endloop
endfacet
facet normal -0.6573310889189004 -0.19798610184577956 -0.7271295228613712
outer loop
vertex -53.31574249267578 -51.36058044433594 -15.606776237487793
vertex -52.32854461669922 -51.08283615112305 -16.57483673095703
vertex -53.31574249267578 -51.53445816040039 -15.559432029724121
endloop
endfacet
facet normal -0.5376022069383914 -0.4117401674288505 -0.7358355126117746
outer loop
vertex -52.676918029785156 -53.1396484375 -15.699868202209473
vertex -52.62112045288086 -53.10597229003906 -15.759477615356445
vertex -52.62112045288086 -53.27984619140625 -15.662185668945312
endloop
endfacet
facet normal -0.5182320624673342 -0.41761932344637354 -0.746344176714099
outer loop
vertex -51.77045822143555 -52.48515319824219 -16.69752311706543
vertex -48.64335250854492 -55.840946197509766 -16.991117477416992
vertex -49.23196029663086 -56.74298095703125 -16.077674865722656
endloop
endfacet
facet normal -0.5182298438745947 -0.41762075336039417 -0.7463449170996007
outer loop
vertex -52.62112045288086 -53.10597229003906 -15.759477615356445
vertex -51.77045822143555 -52.48515319824219 -16.69752311706543
vertex -52.62112045288086 -53.27984619140625 -15.662185668945312
endloop
endfacet
facet normal -0.5182313864683435 -0.4176189912392548 -0.7463448319881405
outer loop
vertex -52.62112045288086 -53.27984619140625 -15.662185668945312
vertex -51.77045822143555 -52.48515319824219 -16.69752311706543
vertex -49.30647277832031 -56.83689498901367 -15.973386764526367
endloop
endfacet
facet normal -0.5182308875280793 -0.4176187855375818 -0.7463452935324068
outer loop
vertex -49.23196029663086 -56.74298095703125 -16.077674865722656
vertex -49.30647277832031 -56.83689498901367 -15.973386764526367
vertex -51.77045822143555 -52.48515319824219 -16.69752311706543
endloop
endfacet
facet normal -0.29405337198032677 -0.5800679811139977 -0.7596405411201606
outer loop
vertex -48.64335250854492 -55.840946197509766 -16.991117477416992
vertex -47.09738540649414 -56.54408264160156 -17.05263328552246
vertex -47.56147003173828 -57.66756057739258 -16.015090942382812
endloop
endfacet
facet normal -0.29077894626977946 -0.5804696688579692 -0.7605935629113334
outer loop
vertex -49.23196029663086 -56.74298095703125 -16.077674865722656
vertex -48.64335250854492 -55.840946197509766 -16.991117477416992
vertex -49.23196029663086 -56.9168586730957 -15.944974899291992
endloop
endfacet
facet normal -0.32862828228190527 -0.5729886942121578 -0.7507911882737374
outer loop
vertex -49.30647277832031 -56.83689498901367 -15.973386764526367
vertex -49.23196029663086 -56.74298095703125 -16.077674865722656
vertex -49.23196029663086 -56.9168586730957 -15.944974899291992
endloop
endfacet
facet normal -0.29239883340885514 -0.5796140706607653 -0.7606250398936378
outer loop
vertex -48.64335250854492 -55.840946197509766 -16.991117477416992
vertex -47.56147003173828 -57.66756057739258 -16.015090942382812
vertex -49.23196029663086 -56.9168586730957 -15.944974899291992
endloop
endfacet
facet normal -0.5473917245914965 -0.37947523254755783 -0.7458960032951806
outer loop
vertex -45.07386016845703 -58.540348052978516 -17.227285385131836
vertex -45.929176330566406 -59.310970306396484 -16.207538604736328
vertex -45.9931640625 -57.40884017944336 -17.1282901763916
endloop
endfacet
facet normal -0.5551696292026188 -0.37744548104976927 -0.7411623247616779
outer loop
vertex -46.837520599365234 -58.170799255371094 -16.107786178588867
vertex -45.9931640625 -57.40884017944336 -17.1282901763916
vertex -45.929176330566406 -59.310970306396484 -16.207538604736328
endloop
endfacet
facet normal -0.4496641373044428 -0.4843553281137604 -0.7504679072086043
outer loop
vertex -47.058292388916016 -57.893680572509766 -16.114219665527344
vertex -46.66277313232422 -56.77550506591797 -17.0728816986084
vertex -46.20989227294922 -57.14575958251953 -17.105274200439453
endloop
endfacet
facet normal -0.5479190736520411 -0.3864741979201448 -0.7419045646646676
outer loop
vertex -46.20989227294922 -57.14575958251953 -17.105274200439453
vertex -45.9931640625 -57.40884017944336 -17.1282901763916
vertex -46.837520599365234 -58.170799255371094 -16.107786178588867
endloop
endfacet
facet normal -0.3341303366430223 -0.5612567250382129 -0.7571973367189035
outer loop
vertex -47.56147003173828 -57.66756057739258 -16.015090942382812
vertex -47.09738540649414 -56.54408264160156 -17.05263328552246
vertex -47.28070831298828 -57.793731689453125 -16.045461654663086
endloop
endfacet
facet normal -0.5479119549087325 -0.3864804854581776 -0.7419065466944623
outer loop
vertex -46.20989227294922 -57.14575958251953 -17.105274200439453
vertex -46.837520599365234 -58.170799255371094 -16.107786178588867
vertex -46.973304748535156 -58.000362396240234 -16.09629249572754
endloop
endfacet
facet normal -0.4496755501833221 -0.4843434654627854 -0.7504687248852053
outer loop
vertex -46.973304748535156 -58.000362396240234 -16.09629249572754
vertex -47.058292388916016 -57.893680572509766 -16.114219665527344
vertex -46.20989227294922 -57.14575958251953 -17.105274200439453
endloop
endfacet
facet normal -0.44966070928133667 -0.48435724240221784 -0.750468725704892
outer loop
vertex -46.66277313232422 -56.77550506591797 -17.0728816986084
vertex -47.058292388916016 -57.893680572509766 -16.114219665527344
vertex -47.28070831298828 -57.793731689453125 -16.045461654663086
endloop
endfacet
facet normal -0.33413481461934097 -0.5612553168034831 -0.7571964045207296
outer loop
vertex -46.66277313232422 -56.77550506591797 -17.0728816986084
vertex -47.28070831298828 -57.793731689453125 -16.045461654663086
vertex -47.09738540649414 -56.54408264160156 -17.05263328552246
endloop
endfacet
facet normal -0.6935025804133823 -0.07580202586593819 -0.7164553187984578
outer loop
vertex -45.242061614990234 -61.32065963745117 -16.444581985473633
vertex -44.309574127197266 -60.68258285522461 -17.414705276489258
vertex -45.21037292480469 -61.30558395385742 -16.476850509643555
endloop
endfacet
facet normal -0.6935264019212581 -0.07574183322741655 -0.7164386257995193
outer loop
vertex -44.483604431152344 -59.81065368652344 -17.338420867919922
vertex -44.309574127197266 -60.68258285522461 -17.414705276489258
vertex -45.242061614990234 -61.32065963745117 -16.444581985473633
endloop
endfacet
facet normal -0.6935368592610749 -0.07573125058240543 -0.7164296214782782
outer loop
vertex -45.486000061035156 -60.09823989868164 -16.337656021118164
vertex -44.483604431152344 -59.81065368652344 -17.338420867919922
vertex -45.242061614990234 -61.32065963745117 -16.444581985473633
endloop
endfacet
facet normal -0.5443082420095521 -0.38329739397423795 -0.7461981274789081
outer loop
vertex -45.929176330566406 -59.310970306396484 -16.207538604736328
vertex -45.07386016845703 -58.540348052978516 -17.227285385131836
vertex -45.832401275634766 -59.43244552612305 -16.21573257446289
endloop
endfacet
facet normal -0.678316647934558 -0.14342123561186942 -0.7206364369849679
outer loop
vertex -44.65370559692383 -59.25181198120117 -17.28952980041504
vertex -44.483604431152344 -59.81065368652344 -17.338420867919922
vertex -45.486000061035156 -60.09823989868164 -16.337656021118164
endloop
endfacet
facet normal -0.6251173955875123 -0.2713780686792724 -0.7318348075718957
outer loop
vertex -44.92987823486328 -58.737091064453125 -17.244497299194336
vertex -44.65370559692383 -59.25181198120117 -17.28952980041504
vertex -45.595802307128906 -59.72943115234375 -16.307701110839844
endloop
endfacet
facet normal -0.5716187065086111 -0.35354920297240405 -0.7404424457356561
outer loop
vertex -44.92987823486328 -58.737091064453125 -17.244497299194336
vertex -45.832401275634766 -59.43244552612305 -16.21573257446289
vertex -45.07386016845703 -58.540348052978516 -17.227285385131836
endloop
endfacet
facet normal -0.6251157878613867 -0.271379828080124 -0.731835528433568
outer loop
vertex -44.92987823486328 -58.737091064453125 -17.244497299194336
vertex -45.595802307128906 -59.72943115234375 -16.307701110839844
vertex -45.832401275634766 -59.43244552612305 -16.21573257446289
endloop
endfacet
facet normal -0.6782854484402575 -0.14350910033906683 -0.7206483112823274
outer loop
vertex -45.5474967956543 -59.790061950683594 -16.341093063354492
vertex -45.595802307128906 -59.72943115234375 -16.307701110839844
vertex -44.65370559692383 -59.25181198120117 -17.28952980041504
endloop
endfacet
facet normal -0.6783308486706461 -0.1433975422502348 -0.7206277850724
outer loop
vertex -44.65370559692383 -59.25181198120117 -17.28952980041504
vertex -45.486000061035156 -60.09823989868164 -16.337656021118164
vertex -45.5474967956543 -59.790061950683594 -16.341093063354492
endloop
endfacet
facet normal -0.5147585356076363 -0.4627691359066173 -0.7217121149539646
outer loop
vertex -45.21037292480469 -61.30558395385742 -16.476850509643555
vertex -45.21037292480469 -61.479461669921875 -16.365358352661133
vertex -45.242061614990234 -61.32065963745117 -16.444581985473633
endloop
endfacet
facet normal -0.4494443742072664 -0.4821865682817528 -0.7519945929739822
outer loop
vertex -45.21037292480469 -61.30558395385742 -16.476850509643555
vertex -44.309574127197266 -60.68258285522461 -17.414705276489258
vertex -45.21037292480469 -61.479461669921875 -16.365358352661133
endloop
endfacet
facet normal -0.4494351699297823 -0.48219370331599404 -0.7519955189444915
outer loop
vertex -44.309574127197266 -60.68258285522461 -17.414705276489258
vertex -42.44514083862305 -63.573524475097656 -16.675270080566406
vertex -42.5084228515625 -63.695499420166016 -16.559236526489258
endloop
endfacet
facet normal -0.44943690617642545 -0.48219433214177126 -0.7519940780464393
outer loop
vertex -44.309574127197266 -60.68258285522461 -17.414705276489258
vertex -42.5084228515625 -63.695499420166016 -16.559236526489258
vertex -45.21037292480469 -61.479461669921875 -16.365358352661133
endloop
endfacet
facet normal -0.44943596981420214 -0.48219404144715483 -0.7519948240713009
outer loop
vertex -44.309574127197266 -60.68258285522461 -17.414705276489258
vertex -42.09054946899414 -62.502540588378906 -17.573930740356445
vertex -42.44514083862305 -63.573524475097656 -16.675270080566406
endloop
endfacet
facet normal -0.23874267590364961 -0.6014242207156542 -0.7624243184991759
outer loop
vertex -42.5084228515625 -63.695499420166016 -16.559236526489258
vertex -42.44514083862305 -63.573524475097656 -16.675270080566406
vertex -42.46980667114258 -63.727169036865234 -16.54634666442871
endloop
endfacet
facet normal 0.000020492055224460357 -0.6427909510604519 -0.766041639086855
outer loop
vertex -42.44514083862305 -63.573524475097656 -16.675270080566406
vertex -42.09054946899414 -62.502540588378906 -17.573930740356445
vertex -42.44514083862305 -63.747398376464844 -16.52937126159668
endloop
endfacet
facet normal 0 -0.6427875258755249 -0.7660445134447614
outer loop
vertex -42.44514083862305 -63.747398376464844 -16.52937126159668
vertex -42.09054946899414 -62.502540588378906 -17.573930740356445
vertex 14.877655029296875 -63.747398376464844 -16.52937126159668
endloop
endfacet
facet normal -0.00003915436721289666 -0.6427909507026937 -0.766041638660499
outer loop
vertex 14.877655029296875 -63.747398376464844 -16.52937126159668
vertex 14.877655029296875 -63.573524475097656 -16.675270080566406
vertex 14.904601097106934 -63.722530364990234 -16.55023956298828
endloop
endfacet
facet normal -0.000018039207065077563 -0.6427909510908274 -0.7660416391230547
outer loop
vertex 14.877655029296875 -63.747398376464844 -16.52937126159668
vertex 14.474848747253418 -62.502540588378906 -17.573930740356445
vertex 14.877655029296875 -63.573524475097656 -16.675270080566406
endloop
endfacet
facet normal 0.000025499607625902733 -0.6427909509864327 -0.7660416389986431
outer loop
vertex -42.44514083862305 -63.573524475097656 -16.675270080566406
vertex -42.44514083862305 -63.747398376464844 -16.52937126159668
vertex -42.46980667114258 -63.727169036865234 -16.54634666442871
endloop
endfacet
facet normal 0 -0.642787525875525 -0.7660445134447614
outer loop
vertex 14.877655029296875 -63.747398376464844 -16.52937126159668
vertex -42.09054946899414 -62.502540588378906 -17.573930740356445
vertex 14.474848747253418 -62.502540588378906 -17.573930740356445
endloop
endfacet
facet normal 0.2668173298696548 -0.5907132662874571 -0.7614895596876109
outer loop
vertex 14.877655029296875 -63.573524475097656 -16.675270080566406
vertex 14.94457721710205 -63.68563461303711 -16.56485366821289
vertex 14.904601097106934 -63.722530364990234 -16.55023956298828
endloop
endfacet
facet normal 0.9807856371245007 0 -0.19508852864862958
outer loop
vertex -21.252853393554688 -63.747398376464844 -4.375974655151367
vertex -21.367033004760742 -63.747398376464844 -4.949999809265137
vertex -21.367033004760742 -60.247398376464844 -4.949999809265137
endloop
endfacet
facet normal 0 -1 0
outer loop
vertex -17.617033004760742 -60.247398376464844 -5.699999809265137
vertex -10.117033958435059 -60.247398376464844 -5.699999809265137
vertex -7.867033958435059 -60.247398376464844 -3.450000047683716
endloop
endfacet
facet normal 0.5555703047945764 0 -0.8314695643440364
outer loop
vertex -20.441059112548828 -63.747398376464844 -3.564180612564087
vertex -20.92769432067871 -60.247398376464844 -3.8893399238586426
vertex -20.441059112548828 -60.247398376464844 -3.564180612564087
endloop
endfacet
facet normal 0.1950897843073725 0 -0.9807853873599988
outer loop
vertex -19.867033004760742 -63.747398376464844 -3.450000047683716
vertex -20.441059112548828 -60.247398376464844 -3.564180612564087
vertex -19.867033004760742 -60.247398376464844 -3.450000047683716
endloop
endfacet
facet normal 0 -1 0
outer loop
vertex -19.867033004760742 -60.247398376464844 -3.450000047683716
vertex -17.617033004760742 -60.247398376464844 -5.699999809265137
vertex -7.867033958435059 -60.247398376464844 -3.450000047683716
endloop
endfacet
facet normal 0 0 -1
outer loop
vertex -19.867033004760742 -60.247398376464844 -3.450000047683716
vertex -7.867033958435059 -63.747398376464844 -3.450000047683716
vertex -19.867033004760742 -63.747398376464844 -3.450000047683716
endloop
endfacet
facet normal 0 0 -1
outer loop
vertex -7.867033958435059 -63.747398376464844 -3.450000047683716
vertex -19.867033004760742 -60.247398376464844 -3.450000047683716
vertex -7.867033958435059 -60.247398376464844 -3.450000047683716
endloop
endfacet
facet normal 0.5555703047945764 0 -0.8314695643440364
outer loop
vertex -20.441059112548828 -63.747398376464844 -3.564180612564087
vertex -20.92769432067871 -63.747398376464844 -3.8893399238586426
vertex -20.92769432067871 -60.247398376464844 -3.8893399238586426
endloop
endfacet
facet normal 1 0 0
outer loop
vertex -21.367033004760742 -63.747398376464844 -4.949999809265137
vertex -21.367033004760742 -60.247398376464844 -9.949999809265137
vertex -21.367033004760742 -60.247398376464844 -4.949999809265137
endloop
endfacet
facet normal 0 -1 0
outer loop
vertex -21.367033004760742 -60.247398376464844 -9.949999809265137
vertex -21.252853393554688 -60.247398376464844 -10.524024963378906
vertex -21.367033004760742 -60.247398376464844 -4.949999809265137
endloop
endfacet
facet normal 0 -1 0
outer loop
vertex -21.367033004760742 -60.247398376464844 -4.949999809265137
vertex -21.252853393554688 -60.247398376464844 -10.524024963378906
vertex -21.252853393554688 -60.247398376464844 -4.375974655151367
endloop
endfacet
facet normal 0.1950897843073725 0 0.9807853873599988
outer loop
vertex -20.441059112548828 -63.747398376464844 -11.335819244384766
vertex -19.867033004760742 -60.247398376464844 -11.449999809265137
vertex -20.441059112548828 -60.247398376464844 -11.335819244384766
endloop
endfacet
facet normal 0.1950897843073725 0 0.9807853873599988
outer loop
vertex -19.867033004760742 -60.247398376464844 -11.449999809265137
vertex -20.441059112548828 -63.747398376464844 -11.335819244384766
vertex -19.867033004760742 -63.747398376464844 -11.449999809265137
endloop
endfacet
facet normal 0.5555700231666058 0 0.8314697525217963
outer loop
vertex -20.92769432067871 -63.747398376464844 -11.010660171508789
vertex -20.441059112548828 -60.247398376464844 -11.335819244384766
vertex -20.92769432067871 -60.247398376464844 -11.010660171508789
endloop
endfacet
facet normal 0.8314697525217963 0 0.5555700231666058
outer loop
vertex -21.252853393554688 -63.747398376464844 -10.524024963378906
vertex -20.92769432067871 -63.747398376464844 -11.010660171508789
vertex -20.92769432067871 -60.247398376464844 -11.010660171508789
endloop
endfacet
facet normal -0.9807853253427457 0 -0.1950900960897925
outer loop
vertex -6.48121452331543 -60.247398376464844 -4.375974655151367
vertex -6.367033958435059 -63.747398376464844 -4.949999809265137
vertex -6.48121452331543 -63.747398376464844 -4.375974655151367
endloop
endfacet
facet normal -0.9807853253427457 0 -0.1950900960897925
outer loop
vertex -6.367033958435059 -60.247398376464844 -4.949999809265137
vertex -6.367033958435059 -63.747398376464844 -4.949999809265137
vertex -6.48121452331543 -60.247398376464844 -4.375974655151367
endloop
endfacet
facet normal -0.8314695010489663 0 -0.5555703995223136
outer loop
vertex -6.806373596191406 -60.247398376464844 -3.8893399238586426
vertex -6.48121452331543 -63.747398376464844 -4.375974655151367
vertex -6.806373596191406 -63.747398376464844 -3.8893399238586426
endloop
endfacet
facet normal -0.8314695010489663 0 -0.5555703995223136
outer loop
vertex -6.806373596191406 -60.247398376464844 -3.8893399238586426
vertex -6.48121452331543 -60.247398376464844 -4.375974655151367
vertex -6.48121452331543 -63.747398376464844 -4.375974655151367
endloop
endfacet
facet normal 0.8314697525217963 0 0.5555700231666058
outer loop
vertex -21.252853393554688 -63.747398376464844 -10.524024963378906
vertex -20.92769432067871 -60.247398376464844 -11.010660171508789
vertex -21.252853393554688 -60.247398376464844 -10.524024963378906
endloop
endfacet
facet normal 0.9807856371245007 0 0.19508852864862958
outer loop
vertex -21.367033004760742 -63.747398376464844 -9.949999809265137
vertex -21.252853393554688 -63.747398376464844 -10.524024963378906
vertex -21.252853393554688 -60.247398376464844 -10.524024963378906
endloop
endfacet
facet normal -0.5555703047945764 0 -0.8314695643440364
outer loop
vertex -7.293008804321289 -60.247398376464844 -3.564180612564087
vertex -6.806373596191406 -60.247398376464844 -3.8893399238586426
vertex -6.806373596191406 -63.747398376464844 -3.8893399238586426
endloop
endfacet
facet normal -0.5555703047945764 0 -0.8314695643440364
outer loop
vertex -6.806373596191406 -63.747398376464844 -3.8893399238586426
vertex -7.293008804321289 -63.747398376464844 -3.564180612564087
vertex -7.293008804321289 -60.247398376464844 -3.564180612564087
endloop
endfacet
facet normal 0.9807856371245007 0 0.19508852864862958
outer loop
vertex -21.367033004760742 -63.747398376464844 -9.949999809265137
vertex -21.252853393554688 -60.247398376464844 -10.524024963378906
vertex -21.367033004760742 -60.247398376464844 -9.949999809265137
endloop
endfacet
facet normal -0.1950900960897925 0 -0.9807853253427457
outer loop
vertex -7.867033958435059 -63.747398376464844 -3.450000047683716
vertex -7.867033958435059 -60.247398376464844 -3.450000047683716
vertex -7.293008804321289 -63.747398376464844 -3.564180612564087
endloop
endfacet
facet normal -0.1950900960897925 0 -0.9807853253427457
outer loop
vertex -7.293008804321289 -60.247398376464844 -3.564180612564087
vertex -7.293008804321289 -63.747398376464844 -3.564180612564087
vertex -7.867033958435059 -60.247398376464844 -3.450000047683716
endloop
endfacet
facet normal 0 -1 0
outer loop
vertex -10.117033958435059 -60.247398376464844 -5.699999809265137
vertex -9.734350204467773 -60.247398376464844 -5.776120662689209
vertex -7.867033958435059 -60.247398376464844 -3.450000047683716
endloop
endfacet
facet normal 0 -1 0
outer loop
vertex -9.409927368164062 -60.247398376464844 -5.992893218994141
vertex -7.867033958435059 -60.247398376464844 -3.450000047683716
vertex -9.734350204467773 -60.247398376464844 -5.776120662689209
endloop
endfacet
facet normal 0 -1 0
outer loop
vertex -9.409927368164062 -60.247398376464844 -5.992893218994141
vertex -9.193154335021973 -60.247398376464844 -6.31731653213501
vertex -7.867033958435059 -60.247398376464844 -3.450000047683716
endloop
endfacet
facet normal 0 -1 0
outer loop
vertex -9.117033958435059 -60.247398376464844 -6.699999809265137
vertex -7.867033958435059 -60.247398376464844 -3.450000047683716
vertex -9.193154335021973 -60.247398376464844 -6.31731653213501
endloop
endfacet
facet normal 0 -1 0
outer loop
vertex -7.293008804321289 -60.247398376464844 -3.564180612564087
vertex -6.806373596191406 -60.247398376464844 -11.010660171508789
vertex -6.806373596191406 -60.247398376464844 -3.8893399238586426
endloop
endfacet
facet normal 0 -1 0
outer loop
vertex -6.806373596191406 -60.247398376464844 -3.8893399238586426
vertex -6.48121452331543 -60.247398376464844 -10.524024963378906
vertex -6.48121452331543 -60.247398376464844 -4.375974655151367
endloop
endfacet
facet normal 0 -1 0
outer loop
vertex -19.867033004760742 -60.247398376464844 -11.449999809265137
vertex -18.540912628173828 -60.247398376464844 -8.582683563232422
vertex -18.617033004760742 -60.247398376464844 -8.199999809265137
endloop
endfacet
facet normal 0 -1 0
outer loop
vertex -7.867033958435059 -60.247398376464844 -3.450000047683716
vertex -7.293008804321289 -60.247398376464844 -11.335819244384766
vertex -7.293008804321289 -60.247398376464844 -3.564180612564087
endloop
endfacet
facet normal 0 -1 0
outer loop
vertex -9.193154335021973 -60.247398376464844 -8.582683563232422
vertex -7.867033958435059 -60.247398376464844 -11.449999809265137
vertex -9.117033958435059 -60.247398376464844 -8.199999809265137
endloop
endfacet
facet normal 0 -1 0
outer loop
vertex -19.867033004760742 -60.247398376464844 -11.449999809265137
vertex -18.617033004760742 -60.247398376464844 -8.199999809265137
vertex -19.867033004760742 -60.247398376464844 -3.450000047683716
endloop
endfacet
facet normal 0 -1 0
outer loop
vertex -9.409927368164062 -60.247398376464844 -8.907106399536133
vertex -7.867033958435059 -60.247398376464844 -11.449999809265137
vertex -9.193154335021973 -60.247398376464844 -8.582683563232422
endloop
endfacet
facet normal 0 -1 0
outer loop
vertex -9.409927368164062 -60.247398376464844 -8.907106399536133
vertex -9.734350204467773 -60.247398376464844 -9.123879432678223
vertex -7.867033958435059 -60.247398376464844 -11.449999809265137
endloop
endfacet
facet normal 0 -1 0
outer loop
vertex -10.117033958435059 -60.247398376464844 -9.199999809265137
vertex -7.867033958435059 -60.247398376464844 -11.449999809265137
vertex -9.734350204467773 -60.247398376464844 -9.123879432678223
endloop
endfacet
facet normal 0 0 1
outer loop
vertex -19.867033004760742 -60.247398376464844 -11.449999809265137
vertex -19.867033004760742 -63.747398376464844 -11.449999809265137
vertex -7.867033958435059 -60.247398376464844 -11.449999809265137
endloop
endfacet
facet normal 0.5555700231666058 0 0.8314697525217963
outer loop
vertex -20.92769432067871 -63.747398376464844 -11.010660171508789
vertex -20.441059112548828 -63.747398376464844 -11.335819244384766
vertex -20.441059112548828 -60.247398376464844 -11.335819244384766
endloop
endfacet
facet normal 0 -1 0
outer loop
vertex -21.252853393554688 -60.247398376464844 -10.524024963378906
vertex -20.92769432067871 -60.247398376464844 -11.010660171508789
vertex -21.252853393554688 -60.247398376464844 -4.375974655151367
endloop
endfacet
facet normal 0 -1 0
outer loop
vertex -20.441059112548828 -60.247398376464844 -11.335819244384766
vertex -19.867033004760742 -60.247398376464844 -11.449999809265137
vertex -20.441059112548828 -60.247398376464844 -3.564180612564087
endloop
endfacet
facet normal 1 0 0
outer loop
vertex -21.367033004760742 -63.747398376464844 -4.949999809265137
vertex -21.367033004760742 -63.747398376464844 -9.949999809265137
vertex -21.367033004760742 -60.247398376464844 -9.949999809265137
endloop
endfacet
facet normal -0.9807853253427457 0 0.1950900960897925
outer loop
vertex -6.48121452331543 -60.247398376464844 -10.524024963378906
vertex -6.48121452331543 -63.747398376464844 -10.524024963378906
vertex -6.367033958435059 -60.247398376464844 -9.949999809265137
endloop
endfacet
facet normal -0.9807853253427457 0 0.1950900960897925
outer loop
vertex -6.367033958435059 -60.247398376464844 -9.949999809265137
vertex -6.48121452331543 -63.747398376464844 -10.524024963378906
vertex -6.367033958435059 -63.747398376464844 -9.949999809265137
endloop
endfacet
facet normal -0.8314697525217963 0 0.5555700231666058
outer loop
vertex -6.806373596191406 -60.247398376464844 -11.010660171508789
vertex -6.806373596191406 -63.747398376464844 -11.010660171508789
vertex -6.48121452331543 -60.247398376464844 -10.524024963378906
endloop
endfacet
facet normal 0 0 1
outer loop
vertex -7.867033958435059 -60.247398376464844 -11.449999809265137
vertex -19.867033004760742 -63.747398376464844 -11.449999809265137
vertex -7.867033958435059 -63.747398376464844 -11.449999809265137
endloop
endfacet
facet normal 0 -1 0
outer loop
vertex -21.252853393554688 -60.247398376464844 -4.375974655151367
vertex -20.92769432067871 -60.247398376464844 -11.010660171508789
vertex -20.92769432067871 -60.247398376464844 -3.8893399238586426
endloop
endfacet
facet normal 0 -1 0
outer loop
vertex -9.117033958435059 -60.247398376464844 -6.699999809265137
vertex -7.867033958435059 -60.247398376464844 -11.449999809265137
vertex -7.867033958435059 -60.247398376464844 -3.450000047683716
endloop
endfacet
facet normal -0.1950900960897925 0 0.9807853253427457
outer loop
vertex -7.867033958435059 -63.747398376464844 -11.449999809265137
vertex -7.293008804321289 -63.747398376464844 -11.335819244384766
vertex -7.293008804321289 -60.247398376464844 -11.335819244384766
endloop
endfacet
facet normal -0.8314697525217963 0 0.5555700231666058
outer loop
vertex -6.48121452331543 -60.247398376464844 -10.524024963378906
vertex -6.806373596191406 -63.747398376464844 -11.010660171508789
vertex -6.48121452331543 -63.747398376464844 -10.524024963378906
endloop
endfacet
facet normal -0.1950900960897925 0 0.9807853253427457
outer loop
vertex -7.867033958435059 -60.247398376464844 -11.449999809265137
vertex -7.867033958435059 -63.747398376464844 -11.449999809265137
vertex -7.293008804321289 -60.247398376464844 -11.335819244384766
endloop
endfacet
facet normal 0 -1 0
outer loop
vertex -6.48121452331543 -60.247398376464844 -10.524024963378906
vertex -6.367033958435059 -60.247398376464844 -9.949999809265137
vertex -6.48121452331543 -60.247398376464844 -4.375974655151367
endloop
endfacet
facet normal 0 -1 0
outer loop
vertex -6.806373596191406 -60.247398376464844 -11.010660171508789
vertex -6.48121452331543 -60.247398376464844 -10.524024963378906
vertex -6.806373596191406 -60.247398376464844 -3.8893399238586426
endloop
endfacet
facet normal 0 -1 0
outer loop
vertex -20.92769432067871 -60.247398376464844 -3.8893399238586426
vertex -20.441059112548828 -60.247398376464844 -11.335819244384766
vertex -20.441059112548828 -60.247398376464844 -3.564180612564087
endloop
endfacet
facet normal 0 -1 0
outer loop
vertex -20.441059112548828 -60.247398376464844 -3.564180612564087
vertex -19.867033004760742 -60.247398376464844 -11.449999809265137
vertex -19.867033004760742 -60.247398376464844 -3.450000047683716
endloop
endfacet
facet normal 0 -1 0
outer loop
vertex -19.867033004760742 -60.247398376464844 -3.450000047683716
vertex -18.617033004760742 -60.247398376464844 -8.199999809265137
vertex -18.617033004760742 -60.247398376464844 -6.699999809265137
endloop
endfacet
facet normal -0.5555700231666058 0 0.8314697525217963
outer loop
vertex -7.293008804321289 -60.247398376464844 -11.335819244384766
vertex -7.293008804321289 -63.747398376464844 -11.335819244384766
vertex -6.806373596191406 -60.247398376464844 -11.010660171508789
endloop
endfacet
facet normal 0 -1 0
outer loop
vertex -10.117033958435059 -60.247398376464844 -9.199999809265137
vertex -19.867033004760742 -60.247398376464844 -11.449999809265137
vertex -7.867033958435059 -60.247398376464844 -11.449999809265137
endloop
endfacet
facet normal 0 -1 0
outer loop
vertex -7.293008804321289 -60.247398376464844 -11.335819244384766
vertex -6.806373596191406 -60.247398376464844 -11.010660171508789
vertex -7.293008804321289 -60.247398376464844 -3.564180612564087
endloop
endfacet
facet normal 0.8314695010489663 0 -0.5555703995223136
outer loop
vertex -20.92769432067871 -63.747398376464844 -3.8893399238586426
vertex -21.252853393554688 -60.247398376464844 -4.375974655151367
vertex -20.92769432067871 -60.247398376464844 -3.8893399238586426
endloop
endfacet
facet normal 0.8314695010489663 0 -0.5555703995223136
outer loop
vertex -20.92769432067871 -63.747398376464844 -3.8893399238586426
vertex -21.252853393554688 -63.747398376464844 -4.375974655151367
vertex -21.252853393554688 -60.247398376464844 -4.375974655151367
endloop
endfacet
facet normal 0.9807856371245007 0 -0.19508852864862958
outer loop
vertex -21.252853393554688 -63.747398376464844 -4.375974655151367
vertex -21.367033004760742 -60.247398376464844 -4.949999809265137
vertex -21.252853393554688 -60.247398376464844 -4.375974655151367
endloop
endfacet
facet normal 0 -1 0
outer loop
vertex -7.867033958435059 -60.247398376464844 -11.449999809265137
vertex -7.293008804321289 -60.247398376464844 -11.335819244384766
vertex -7.867033958435059 -60.247398376464844 -3.450000047683716
endloop
endfacet
facet normal 0 -1 0
outer loop
vertex -19.867033004760742 -60.247398376464844 -11.449999809265137
vertex -17.617033004760742 -60.247398376464844 -9.199999809265137
vertex -17.999717712402344 -60.247398376464844 -9.123879432678223
endloop
endfacet
facet normal 0 -1 0
outer loop
vertex -6.48121452331543 -60.247398376464844 -4.375974655151367
vertex -6.367033958435059 -60.247398376464844 -9.949999809265137
vertex -6.367033958435059 -60.247398376464844 -4.949999809265137
endloop
endfacet
facet normal 0 -1 0
outer loop
vertex -19.867033004760742 -60.247398376464844 -11.449999809265137
vertex -17.999717712402344 -60.247398376464844 -9.123879432678223
vertex -18.324140548706055 -60.247398376464844 -8.907106399536133
endloop
endfacet
facet normal 0 -1 0
outer loop
vertex -19.867033004760742 -60.247398376464844 -3.450000047683716
vertex -18.540912628173828 -60.247398376464844 -6.31731653213501
vertex -18.324140548706055 -60.247398376464844 -5.992893218994141
endloop
endfacet
facet normal 0 -1 0
outer loop
vertex -19.867033004760742 -60.247398376464844 -3.450000047683716
vertex -18.617033004760742 -60.247398376464844 -6.699999809265137
vertex -18.540912628173828 -60.247398376464844 -6.31731653213501
endloop
endfacet
facet normal 0 -1 0
outer loop
vertex -19.867033004760742 -60.247398376464844 -11.449999809265137
vertex -18.324140548706055 -60.247398376464844 -8.907106399536133
vertex -18.540912628173828 -60.247398376464844 -8.582683563232422
endloop
endfacet
facet normal 0 -1 0
outer loop
vertex -17.617033004760742 -60.247398376464844 -9.199999809265137
vertex -19.867033004760742 -60.247398376464844 -11.449999809265137
vertex -10.117033958435059 -60.247398376464844 -9.199999809265137
endloop
endfacet
facet normal 0 -1 0
outer loop
vertex -19.867033004760742 -60.247398376464844 -3.450000047683716
vertex -18.324140548706055 -60.247398376464844 -5.992893218994141
vertex -17.999717712402344 -60.247398376464844 -5.776120662689209
endloop
endfacet
facet normal 0 -1 0
outer loop
vertex -19.867033004760742 -60.247398376464844 -3.450000047683716
vertex -17.999717712402344 -60.247398376464844 -5.776120662689209
vertex -17.617033004760742 -60.247398376464844 -5.699999809265137
endloop
endfacet
facet normal 0 -1 0
outer loop
vertex -20.92769432067871 -60.247398376464844 -11.010660171508789
vertex -20.441059112548828 -60.247398376464844 -11.335819244384766
vertex -20.92769432067871 -60.247398376464844 -3.8893399238586426
endloop
endfacet
facet normal 0 -1 0
outer loop
vertex -9.117033958435059 -60.247398376464844 -8.199999809265137
vertex -7.867033958435059 -60.247398376464844 -11.449999809265137
vertex -9.117033958435059 -60.247398376464844 -6.699999809265137
endloop
endfacet
facet normal -1 0 0
outer loop
vertex -6.367033958435059 -60.247398376464844 -9.949999809265137
vertex -6.367033958435059 -63.747398376464844 -9.949999809265137
vertex -6.367033958435059 -60.247398376464844 -4.949999809265137
endloop
endfacet
facet normal -0.5555700231666058 0 0.8314697525217963
outer loop
vertex -6.806373596191406 -60.247398376464844 -11.010660171508789
vertex -7.293008804321289 -63.747398376464844 -11.335819244384766
vertex -6.806373596191406 -63.747398376464844 -11.010660171508789
endloop
endfacet
facet normal -1 0 0
outer loop
vertex -6.367033958435059 -60.247398376464844 -4.949999809265137
vertex -6.367033958435059 -63.747398376464844 -9.949999809265137
vertex -6.367033958435059 -63.747398376464844 -4.949999809265137
endloop
endfacet
facet normal 0.1950897843073725 0 -0.9807853873599988
outer loop
vertex -19.867033004760742 -63.747398376464844 -3.450000047683716
vertex -20.441059112548828 -63.747398376464844 -3.564180612564087
vertex -20.441059112548828 -60.247398376464844 -3.564180612564087
endloop
endfacet
facet normal -0.19509111577748658 0 -0.9807851225139457
outer loop
vertex -9.734350204467773 -59.047401428222656 -5.776120662689209
vertex -9.734350204467773 -60.247398376464844 -5.776120662689209
vertex -10.117033958435059 -59.047401428222656 -5.699999809265137
endloop
endfacet
facet normal -0.19509111577748658 0 -0.9807851225139457
outer loop
vertex -10.117033958435059 -60.247398376464844 -5.699999809265137
vertex -10.117033958435059 -59.047401428222656 -5.699999809265137
vertex -9.734350204467773 -60.247398376464844 -5.776120662689209
endloop
endfacet
facet normal 1 0 0
outer loop
vertex -18.617033004760742 -60.247398376464844 -6.699999809265137
vertex -18.617033004760742 -59.047401428222656 -8.199999809265137
vertex -18.617033004760742 -59.047401428222656 -6.699999809265137
endloop
endfacet
facet normal -0.5555713391342493 0 0.8314688732193027
outer loop
vertex -9.734350204467773 -59.047401428222656 -9.123879432678223
vertex -9.734350204467773 -60.247398376464844 -9.123879432678223
vertex -9.409927368164062 -59.047401428222656 -8.907106399536133
endloop
endfacet
facet normal 1 0 0
outer loop
vertex -18.617033004760742 -60.247398376464844 -6.699999809265137
vertex -18.617033004760742 -60.247398376464844 -8.199999809265137
vertex -18.617033004760742 -59.047401428222656 -8.199999809265137
endloop
endfacet
facet normal -0.5555713391342493 0 0.8314688732193027
outer loop
vertex -9.409927368164062 -60.247398376464844 -8.907106399536133
vertex -9.409927368164062 -59.047401428222656 -8.907106399536133
vertex -9.734350204467773 -60.247398376464844 -9.123879432678223
endloop
endfacet
facet normal 0.9807853563514094 0 0.19508994019846038
outer loop
vertex -18.617033004760742 -60.247398376464844 -8.199999809265137
vertex -18.540912628173828 -59.047401428222656 -8.582683563232422
vertex -18.617033004760742 -59.047401428222656 -8.199999809265137
endloop
endfacet
facet normal -0.19508994019846038 0 0.9807853563514094
outer loop
vertex -9.734350204467773 -60.247398376464844 -9.123879432678223
vertex -9.734350204467773 -59.047401428222656 -9.123879432678223
vertex -10.117033958435059 -60.247398376464844 -9.199999809265137
endloop
endfacet
facet normal -0.19508994019846038 0 0.9807853563514094
outer loop
vertex -10.117033958435059 -59.047401428222656 -9.199999809265137
vertex -10.117033958435059 -60.247398376464844 -9.199999809265137
vertex -9.734350204467773 -59.047401428222656 -9.123879432678223
endloop
endfacet
facet normal 0 0 1
outer loop
vertex -10.117033958435059 -59.047401428222656 -9.199999809265137
vertex -17.617033004760742 -60.247398376464844 -9.199999809265137
vertex -10.117033958435059 -60.247398376464844 -9.199999809265137
endloop
endfacet
facet normal 0 0 1
outer loop
vertex -17.617033004760742 -59.047401428222656 -9.199999809265137
vertex -17.617033004760742 -60.247398376464844 -9.199999809265137
vertex -10.117033958435059 -59.047401428222656 -9.199999809265137
endloop
endfacet
facet normal 0.1950894725259293 0 0.9807854493769546
outer loop
vertex -17.617033004760742 -59.047401428222656 -9.199999809265137
vertex -17.999717712402344 -60.247398376464844 -9.123879432678223
vertex -17.617033004760742 -60.247398376464844 -9.199999809265137
endloop
endfacet
facet normal 0.1950894725259293 0 0.9807854493769546
outer loop
vertex -17.999717712402344 -60.247398376464844 -9.123879432678223
vertex -17.617033004760742 -59.047401428222656 -9.199999809265137
vertex -17.999717712402344 -59.047401428222656 -9.123879432678223
endloop
endfacet
facet normal 0 0 -1
outer loop
vertex -10.117033958435059 -60.247398376464844 -5.699999809265137
vertex -17.617033004760742 -59.047401428222656 -5.699999809265137
vertex -10.117033958435059 -59.047401428222656 -5.699999809265137
endloop
endfacet
facet normal 0.9807853563514094 0 0.19508994019846038
outer loop
vertex -18.617033004760742 -60.247398376464844 -8.199999809265137
vertex -18.540912628173828 -60.247398376464844 -8.582683563232422
vertex -18.540912628173828 -59.047401428222656 -8.582683563232422
endloop
endfacet
facet normal 0.5555713391342493 0 0.8314688732193027
outer loop
vertex -18.324140548706055 -60.247398376464844 -8.907106399536133
vertex -17.999717712402344 -60.247398376464844 -9.123879432678223
vertex -17.999717712402344 -59.047401428222656 -9.123879432678223
endloop
endfacet
facet normal 0.8314700022881474 0 0.5555696493644593
outer loop
vertex -18.540912628173828 -60.247398376464844 -8.582683563232422
vertex -18.324140548706055 -59.047401428222656 -8.907106399536133
vertex -18.540912628173828 -59.047401428222656 -8.582683563232422
endloop
endfacet
facet normal 0.8314700022881474 0 0.5555696493644593
outer loop
vertex -18.540912628173828 -60.247398376464844 -8.582683563232422
vertex -18.324140548706055 -60.247398376464844 -8.907106399536133
vertex -18.324140548706055 -59.047401428222656 -8.907106399536133
endloop
endfacet
facet normal 0.5555713391342493 0 0.8314688732193027
outer loop
vertex -18.324140548706055 -60.247398376464844 -8.907106399536133
vertex -17.999717712402344 -59.047401428222656 -9.123879432678223
vertex -18.324140548706055 -59.047401428222656 -8.907106399536133
endloop
endfacet
facet normal 0 0 -1
outer loop
vertex -17.617033004760742 -59.047401428222656 -5.699999809265137
vertex -10.117033958435059 -60.247398376464844 -5.699999809265137
vertex -17.617033004760742 -60.247398376464844 -5.699999809265137
endloop
endfacet
facet normal -0.9807853098383859 0 -0.19509017403555012
outer loop
vertex -9.117033958435059 -59.047401428222656 -6.699999809265137
vertex -9.117033958435059 -60.247398376464844 -6.699999809265137
vertex -9.193154335021973 -59.047401428222656 -6.31731653213501
endloop
endfacet
facet normal -0.9807853098383859 0 -0.19509017403555012
outer loop
vertex -9.193154335021973 -59.047401428222656 -6.31731653213501
vertex -9.117033958435059 -60.247398376464844 -6.699999809265137
vertex -9.193154335021973 -60.247398376464844 -6.31731653213501
endloop
endfacet
facet normal -0.8314692504297169 0 -0.5555707746001806
outer loop
vertex -9.409927368164062 -59.047401428222656 -5.992893218994141
vertex -9.193154335021973 -59.047401428222656 -6.31731653213501
vertex -9.193154335021973 -60.247398376464844 -6.31731653213501
endloop
endfacet
facet normal -0.9807853563514094 0 0.19508994019846038
outer loop
vertex -9.193154335021973 -59.047401428222656 -8.582683563232422
vertex -9.193154335021973 -60.247398376464844 -8.582683563232422
vertex -9.117033958435059 -59.047401428222656 -8.199999809265137
endloop
endfacet
facet normal -0.9807853563514094 0 0.19508994019846038
outer loop
vertex -9.117033958435059 -59.047401428222656 -8.199999809265137
vertex -9.193154335021973 -60.247398376464844 -8.582683563232422
vertex -9.117033958435059 -60.247398376464844 -8.199999809265137
endloop
endfacet
facet normal -1 0 0
outer loop
vertex -9.117033958435059 -59.047401428222656 -8.199999809265137
vertex -9.117033958435059 -60.247398376464844 -8.199999809265137
vertex -9.117033958435059 -59.047401428222656 -6.699999809265137
endloop
endfacet
facet normal -1 0 0
outer loop
vertex -9.117033958435059 -59.047401428222656 -6.699999809265137
vertex -9.117033958435059 -60.247398376464844 -8.199999809265137
vertex -9.117033958435059 -60.247398376464844 -6.699999809265137
endloop
endfacet
facet normal 0.9807853098383859 0 -0.19509017403555012
outer loop
vertex -18.540912628173828 -60.247398376464844 -6.31731653213501
vertex -18.617033004760742 -60.247398376464844 -6.699999809265137
vertex -18.617033004760742 -59.047401428222656 -6.699999809265137
endloop
endfacet
facet normal 0.9807853098383859 0 -0.19509017403555012
outer loop
vertex -18.540912628173828 -60.247398376464844 -6.31731653213501
vertex -18.617033004760742 -59.047401428222656 -6.699999809265137
vertex -18.540912628173828 -59.047401428222656 -6.31731653213501
endloop
endfacet
facet normal -0.8314692504297169 0 -0.5555707746001806
outer loop
vertex -9.409927368164062 -59.047401428222656 -5.992893218994141
vertex -9.193154335021973 -60.247398376464844 -6.31731653213501
vertex -9.409927368164062 -60.247398376464844 -5.992893218994141
endloop
endfacet
facet normal 0.8314703794967792 0 -0.5555690848305744
outer loop
vertex -18.540912628173828 -60.247398376464844 -6.31731653213501
vertex -18.540912628173828 -59.047401428222656 -6.31731653213501
vertex -18.324140548706055 -60.247398376464844 -5.992893218994141
endloop
endfacet
facet normal 0.8314703794967792 0 -0.5555690848305744
outer loop
vertex -18.324140548706055 -60.247398376464844 -5.992893218994141
vertex -18.540912628173828 -59.047401428222656 -6.31731653213501
vertex -18.324140548706055 -59.047401428222656 -5.992893218994141
endloop
endfacet
facet normal 0.5555704942502148 0 -0.831469437753771
outer loop
vertex -18.324140548706055 -60.247398376464844 -5.992893218994141
vertex -18.324140548706055 -59.047401428222656 -5.992893218994141
vertex -17.999717712402344 -60.247398376464844 -5.776120662689209
endloop
endfacet
facet normal 0.5555704942502148 0 -0.831469437753771
outer loop
vertex -17.999717712402344 -60.247398376464844 -5.776120662689209
vertex -18.324140548706055 -59.047401428222656 -5.992893218994141
vertex -17.999717712402344 -59.047401428222656 -5.776120662689209
endloop
endfacet
facet normal -0.5555704942502148 0 -0.831469437753771
outer loop
vertex -9.734350204467773 -60.247398376464844 -5.776120662689209
vertex -9.734350204467773 -59.047401428222656 -5.776120662689209
vertex -9.409927368164062 -60.247398376464844 -5.992893218994141
endloop
endfacet
facet normal -0.5555704942502148 0 -0.831469437753771
outer loop
vertex -9.734350204467773 -59.047401428222656 -5.776120662689209
vertex -9.409927368164062 -59.047401428222656 -5.992893218994141
vertex -9.409927368164062 -60.247398376464844 -5.992893218994141
endloop
endfacet
facet normal 0.19509064810236038 0 -0.9807852155405897
outer loop
vertex -17.999717712402344 -60.247398376464844 -5.776120662689209
vertex -17.999717712402344 -59.047401428222656 -5.776120662689209
vertex -17.617033004760742 -60.247398376464844 -5.699999809265137
endloop
endfacet
facet normal -0.8314688732193027 0 0.5555713391342493
outer loop
vertex -9.409927368164062 -59.047401428222656 -8.907106399536133
vertex -9.409927368164062 -60.247398376464844 -8.907106399536133
vertex -9.193154335021973 -59.047401428222656 -8.582683563232422
endloop
endfacet
facet normal -0.8314688732193027 0 0.5555713391342493
outer loop
vertex -9.193154335021973 -59.047401428222656 -8.582683563232422
vertex -9.409927368164062 -60.247398376464844 -8.907106399536133
vertex -9.193154335021973 -60.247398376464844 -8.582683563232422
endloop
endfacet
facet normal 0.19509064810236038 0 -0.9807852155405897
outer loop
vertex -17.617033004760742 -60.247398376464844 -5.699999809265137
vertex -17.999717712402344 -59.047401428222656 -5.776120662689209
vertex -17.617033004760742 -59.047401428222656 -5.699999809265137
endloop
endfacet
facet normal -0.5555703047945764 0 -0.8314695643440364
outer loop
vertex -26.29300880432129 -60.247398376464844 -3.564180612564087
vertex -25.806373596191406 -60.247398376464844 -3.8893399238586426
vertex -25.806373596191406 -63.747398376464844 -3.8893399238586426
endloop
endfacet
facet normal 0 -1 0
outer loop
vertex -37.617034912109375 -60.247398376464844 -6.699999809265137
vertex -37.54091262817383 -60.247398376464844 -6.31731653213501
vertex -38.867034912109375 -60.247398376464844 -3.450000047683716
endloop
endfacet
facet normal -0.8314695010489663 0 -0.5555703995223136
outer loop
vertex -25.806373596191406 -60.247398376464844 -3.8893399238586426
vertex -25.48121452331543 -60.247398376464844 -4.375974655151367
vertex -25.48121452331543 -63.747398376464844 -4.375974655151367
endloop
endfacet
facet normal 0.5555715285918136 0 0.8314687466274098
outer loop
vertex -39.92769241333008 -63.747398376464844 -11.010660171508789
vertex -39.44105911254883 -63.747398376464844 -11.335819244384766
vertex -39.44105911254883 -60.247398376464844 -11.335819244384766
endloop
endfacet
facet normal 0.9807850135586839 0 0.19509166352946058
outer loop
vertex -40.367034912109375 -63.747398376464844 -9.949999809265137
vertex -40.25285339355469 -63.747398376464844 -10.524024963378906
vertex -40.25285339355469 -60.247398376464844 -10.524024963378906
endloop
endfacet
facet normal 0 -1 0
outer loop
vertex -29.117033004760742 -60.247398376464844 -5.699999809265137
vertex -28.734350204467773 -60.247398376464844 -5.776120662689209
vertex -26.867033004760742 -60.247398376464844 -3.450000047683716
endloop
endfacet
facet normal 0.9807850135586839 0 0.19509166352946058
outer loop
vertex -40.367034912109375 -63.747398376464844 -9.949999809265137
vertex -40.25285339355469 -60.247398376464844 -10.524024963378906
vertex -40.367034912109375 -60.247398376464844 -9.949999809265137
endloop
endfacet
facet normal 0 -1 0
outer loop
vertex -37.54091262817383 -60.247398376464844 -8.582683563232422
vertex -37.617034912109375 -60.247398376464844 -8.199999809265137
vertex -38.867034912109375 -60.247398376464844 -11.449999809265137
endloop
endfacet
facet normal 0 -1 0
outer loop
vertex -28.409927368164062 -60.247398376464844 -5.992893218994141
vertex -26.867033004760742 -60.247398376464844 -3.450000047683716
vertex -28.734350204467773 -60.247398376464844 -5.776120662689209
endloop
endfacet
facet normal 0 -1 0
outer loop
vertex -28.409927368164062 -60.247398376464844 -5.992893218994141
vertex -28.19315528869629 -60.247398376464844 -6.31731653213501
vertex -26.867033004760742 -60.247398376464844 -3.450000047683716
endloop
endfacet
facet normal 0 0 1
outer loop
vertex -38.867034912109375 -60.247398376464844 -11.449999809265137
vertex -38.867034912109375 -63.747398376464844 -11.449999809265137
vertex -26.867033004760742 -60.247398376464844 -11.449999809265137
endloop
endfacet
facet normal 0 -1 0
outer loop
vertex -28.117033004760742 -60.247398376464844 -6.699999809265137
vertex -26.867033004760742 -60.247398376464844 -3.450000047683716
vertex -28.19315528869629 -60.247398376464844 -6.31731653213501
endloop
endfacet
facet normal 0 -1 0
outer loop
vertex -26.29300880432129 -60.247398376464844 -3.564180612564087
vertex -25.806373596191406 -60.247398376464844 -11.010660171508789
vertex -25.806373596191406 -60.247398376464844 -3.8893399238586426
endloop
endfacet
facet normal -0.5555703047945764 0 -0.8314695643440364
outer loop
vertex -25.806373596191406 -63.747398376464844 -3.8893399238586426
vertex -26.29300880432129 -63.747398376464844 -3.564180612564087
vertex -26.29300880432129 -60.247398376464844 -3.564180612564087
endloop
endfacet
facet normal -0.19509040787318938 0 -0.9807852633251953
outer loop
vertex -26.867033004760742 -63.747398376464844 -3.450000047683716
vertex -26.867033004760742 -60.247398376464844 -3.450000047683716
vertex -26.29300880432129 -63.747398376464844 -3.564180612564087
endloop
endfacet
facet normal 0 0 1
outer loop
vertex -26.867033004760742 -60.247398376464844 -11.449999809265137
vertex -38.867034912109375 -63.747398376464844 -11.449999809265137
vertex -26.867033004760742 -63.747398376464844 -11.449999809265137
endloop
endfacet
facet normal -0.19509040787318938 0 0.9807852633251953
outer loop
vertex -26.867033004760742 -63.747398376464844 -11.449999809265137
vertex -26.29300880432129 -63.747398376464844 -11.335819244384766
vertex -26.29300880432129 -60.247398376464844 -11.335819244384766
endloop
endfacet
facet normal -0.19509040787318938 0 -0.9807852633251953
outer loop
vertex -26.29300880432129 -60.247398376464844 -3.564180612564087
vertex -26.29300880432129 -63.747398376464844 -3.564180612564087
vertex -26.867033004760742 -60.247398376464844 -3.450000047683716
endloop
endfacet
facet normal 0 -1 0
outer loop
vertex -25.806373596191406 -60.247398376464844 -3.8893399238586426
vertex -25.48121452331543 -60.247398376464844 -10.524024963378906
vertex -25.48121452331543 -60.247398376464844 -4.375974655151367
endloop
endfacet
facet normal -0.19509040787318938 0 0.9807852633251953
outer loop
vertex -26.867033004760742 -60.247398376464844 -11.449999809265137
vertex -26.867033004760742 -63.747398376464844 -11.449999809265137
vertex -26.29300880432129 -60.247398376464844 -11.335819244384766
endloop
endfacet
facet normal -0.5555700231666058 0 0.8314697525217963
outer loop
vertex -26.29300880432129 -60.247398376464844 -11.335819244384766
vertex -26.29300880432129 -63.747398376464844 -11.335819244384766
vertex -25.806373596191406 -60.247398376464844 -11.010660171508789
endloop
endfacet
facet normal -0.8314695010489663 0 -0.5555703995223136
outer loop
vertex -25.806373596191406 -60.247398376464844 -3.8893399238586426
vertex -25.48121452331543 -63.747398376464844 -4.375974655151367
vertex -25.806373596191406 -63.747398376464844 -3.8893399238586426
endloop
endfacet
facet normal -0.9807850135586839 0 -0.19509166352946058
outer loop
vertex -25.367033004760742 -60.247398376464844 -4.949999809265137
vertex -25.367033004760742 -63.747398376464844 -4.949999809265137
vertex -25.48121452331543 -60.247398376464844 -4.375974655151367
endloop
endfacet
facet normal -0.9807850135586839 0 -0.19509166352946058
outer loop
vertex -25.48121452331543 -60.247398376464844 -4.375974655151367
vertex -25.367033004760742 -63.747398376464844 -4.949999809265137
vertex -25.48121452331543 -63.747398376464844 -4.375974655151367
endloop
endfacet
facet normal 0 -1 0
outer loop
vertex -40.367034912109375 -60.247398376464844 -4.949999809265137
vertex -40.25285339355469 -60.247398376464844 -10.524024963378906
vertex -40.25285339355469 -60.247398376464844 -4.375974655151367
endloop
endfacet
facet normal 0 -1 0
outer loop
vertex -26.867033004760742 -60.247398376464844 -3.450000047683716
vertex -26.29300880432129 -60.247398376464844 -11.335819244384766
vertex -26.29300880432129 -60.247398376464844 -3.564180612564087
endloop
endfacet
facet normal 1 0 0
outer loop
vertex -40.367034912109375 -63.747398376464844 -4.949999809265137
vertex -40.367034912109375 -60.247398376464844 -9.949999809265137
vertex -40.367034912109375 -60.247398376464844 -4.949999809265137
endloop
endfacet
facet normal 0 -1 0
outer loop
vertex -25.48121452331543 -60.247398376464844 -4.375974655151367
vertex -25.367033004760742 -60.247398376464844 -9.949999809265137
vertex -25.367033004760742 -60.247398376464844 -4.949999809265137
endloop
endfacet
facet normal 0 -1 0
outer loop
vertex -38.867034912109375 -60.247398376464844 -11.449999809265137
vertex -37.617034912109375 -60.247398376464844 -8.199999809265137
vertex -38.867034912109375 -60.247398376464844 -3.450000047683716
endloop
endfacet
facet normal 0 0 -1
outer loop
vertex -26.867033004760742 -63.747398376464844 -3.450000047683716
vertex -38.867034912109375 -60.247398376464844 -3.450000047683716
vertex -26.867033004760742 -60.247398376464844 -3.450000047683716
endloop
endfacet
facet normal 0 -1 0
outer loop
vertex -40.367034912109375 -60.247398376464844 -9.949999809265137
vertex -40.25285339355469 -60.247398376464844 -10.524024963378906
vertex -40.367034912109375 -60.247398376464844 -4.949999809265137
endloop
endfacet
facet normal 0 0 -1
outer loop
vertex -38.867034912109375 -60.247398376464844 -3.450000047683716
vertex -26.867033004760742 -63.747398376464844 -3.450000047683716
vertex -38.867034912109375 -63.747398376464844 -3.450000047683716
endloop
endfacet
facet normal -1 0 0
outer loop
vertex -25.367033004760742 -60.247398376464844 -4.949999809265137
vertex -25.367033004760742 -63.747398376464844 -9.949999809265137
vertex -25.367033004760742 -63.747398376464844 -4.949999809265137
endloop
endfacet
facet normal 0 -1 0
outer loop
vertex -29.117033004760742 -60.247398376464844 -9.199999809265137
vertex -38.867034912109375 -60.247398376464844 -11.449999809265137
vertex -26.867033004760742 -60.247398376464844 -11.449999809265137
endloop
endfacet
facet normal 0 -1 0
outer loop
vertex -36.617034912109375 -60.247398376464844 -5.699999809265137
vertex -29.117033004760742 -60.247398376464844 -5.699999809265137
vertex -26.867033004760742 -60.247398376464844 -3.450000047683716
endloop
endfacet
facet normal 0 -1 0
outer loop
vertex -39.92769241333008 -60.247398376464844 -11.010660171508789
vertex -39.44105911254883 -60.247398376464844 -11.335819244384766
vertex -39.92769241333008 -60.247398376464844 -3.8893399238586426
endloop
endfacet
facet normal 0 -1 0
outer loop
vertex -38.867034912109375 -60.247398376464844 -11.449999809265137
vertex -36.617034912109375 -60.247398376464844 -9.199999809265137
vertex -36.999717712402344 -60.247398376464844 -9.123879432678223
endloop
endfacet
facet normal 0 -1 0
outer loop
vertex -38.867034912109375 -60.247398376464844 -11.449999809265137
vertex -36.999717712402344 -60.247398376464844 -9.123879432678223
vertex -37.32414245605469 -60.247398376464844 -8.907106399536133
endloop
endfacet
facet normal 0 -1 0
outer loop
vertex -38.867034912109375 -60.247398376464844 -11.449999809265137
vertex -37.32414245605469 -60.247398376464844 -8.907106399536133
vertex -37.54091262817383 -60.247398376464844 -8.582683563232422
endloop
endfacet
facet normal 0 -1 0
outer loop
vertex -36.617034912109375 -60.247398376464844 -9.199999809265137
vertex -38.867034912109375 -60.247398376464844 -11.449999809265137
vertex -29.117033004760742 -60.247398376464844 -9.199999809265137
endloop
endfacet
facet normal 0 -1 0
outer loop
vertex -40.25285339355469 -60.247398376464844 -10.524024963378906
vertex -39.92769241333008 -60.247398376464844 -11.010660171508789
vertex -40.25285339355469 -60.247398376464844 -4.375974655151367
endloop
endfacet
facet normal 0 -1 0
outer loop
vertex -39.44105911254883 -60.247398376464844 -11.335819244384766
vertex -38.867034912109375 -60.247398376464844 -11.449999809265137
vertex -39.44105911254883 -60.247398376464844 -3.564180612564087
endloop
endfacet
facet normal 1 0 0
outer loop
vertex -40.367034912109375 -63.747398376464844 -4.949999809265137
vertex -40.367034912109375 -63.747398376464844 -9.949999809265137
vertex -40.367034912109375 -60.247398376464844 -9.949999809265137
endloop
endfacet
facet normal 0 -1 0
outer loop
vertex -28.117033004760742 -60.247398376464844 -6.699999809265137
vertex -26.867033004760742 -60.247398376464844 -11.449999809265137
vertex -26.867033004760742 -60.247398376464844 -3.450000047683716
endloop
endfacet
facet normal 0 -1 0
outer loop
vertex -25.48121452331543 -60.247398376464844 -10.524024963378906
vertex -25.367033004760742 -60.247398376464844 -9.949999809265137
vertex -25.48121452331543 -60.247398376464844 -4.375974655151367
endloop
endfacet
facet normal 0 -1 0
outer loop
vertex -25.806373596191406 -60.247398376464844 -11.010660171508789
vertex -25.48121452331543 -60.247398376464844 -10.524024963378906
vertex -25.806373596191406 -60.247398376464844 -3.8893399238586426
endloop
endfacet
facet normal 0 -1 0
outer loop
vertex -26.29300880432129 -60.247398376464844 -11.335819244384766
vertex -25.806373596191406 -60.247398376464844 -11.010660171508789
vertex -26.29300880432129 -60.247398376464844 -3.564180612564087
endloop
endfacet
facet normal 0 -1 0
outer loop
vertex -26.867033004760742 -60.247398376464844 -11.449999809265137
vertex -26.29300880432129 -60.247398376464844 -11.335819244384766
vertex -26.867033004760742 -60.247398376464844 -3.450000047683716
endloop
endfacet
facet normal -0.5555700231666058 0 0.8314697525217963
outer loop
vertex -25.806373596191406 -60.247398376464844 -11.010660171508789
vertex -26.29300880432129 -63.747398376464844 -11.335819244384766
vertex -25.806373596191406 -63.747398376464844 -11.010660171508789
endloop
endfacet
facet normal -0.8314697525217963 0 0.5555700231666058
outer loop
vertex -25.48121452331543 -60.247398376464844 -10.524024963378906
vertex -25.806373596191406 -63.747398376464844 -11.010660171508789
vertex -25.48121452331543 -63.747398376464844 -10.524024963378906
endloop
endfacet
facet normal -0.8314697525217963 0 0.5555700231666058
outer loop
vertex -25.806373596191406 -60.247398376464844 -11.010660171508789
vertex -25.806373596191406 -63.747398376464844 -11.010660171508789
vertex -25.48121452331543 -60.247398376464844 -10.524024963378906
endloop
endfacet
facet normal -0.9807850135586839 0 0.19509166352946058
outer loop
vertex -25.367033004760742 -60.247398376464844 -9.949999809265137
vertex -25.48121452331543 -63.747398376464844 -10.524024963378906
vertex -25.367033004760742 -63.747398376464844 -9.949999809265137
endloop
endfacet
facet normal 0 -1 0
outer loop
vertex -28.117033004760742 -60.247398376464844 -8.199999809265137
vertex -26.867033004760742 -60.247398376464844 -11.449999809265137
vertex -28.117033004760742 -60.247398376464844 -6.699999809265137
endloop
endfacet
facet normal -1 0 0
outer loop
vertex -25.367033004760742 -60.247398376464844 -9.949999809265137
vertex -25.367033004760742 -63.747398376464844 -9.949999809265137
vertex -25.367033004760742 -60.247398376464844 -4.949999809265137
endloop
endfacet
facet normal 0 -1 0
outer loop
vertex -36.999717712402344 -60.247398376464844 -5.776120662689209
vertex -36.617034912109375 -60.247398376464844 -5.699999809265137
vertex -38.867034912109375 -60.247398376464844 -3.450000047683716
endloop
endfacet
facet normal 0 -1 0
outer loop
vertex -37.32414245605469 -60.247398376464844 -5.992893218994141
vertex -36.999717712402344 -60.247398376464844 -5.776120662689209
vertex -38.867034912109375 -60.247398376464844 -3.450000047683716
endloop
endfacet
facet normal -0.9807850135586839 0 0.19509166352946058
outer loop
vertex -25.48121452331543 -60.247398376464844 -10.524024963378906
vertex -25.48121452331543 -63.747398376464844 -10.524024963378906
vertex -25.367033004760742 -60.247398376464844 -9.949999809265137
endloop
endfacet
facet normal 0 -1 0
outer loop
vertex -37.54091262817383 -60.247398376464844 -6.31731653213501
vertex -37.32414245605469 -60.247398376464844 -5.992893218994141
vertex -38.867034912109375 -60.247398376464844 -3.450000047683716
endloop
endfacet
facet normal 0 -1 0
outer loop
vertex -38.867034912109375 -60.247398376464844 -3.450000047683716
vertex -36.617034912109375 -60.247398376464844 -5.699999809265137
vertex -26.867033004760742 -60.247398376464844 -3.450000047683716
endloop
endfacet
facet normal 0 -1 0
outer loop
vertex -40.25285339355469 -60.247398376464844 -4.375974655151367
vertex -39.92769241333008 -60.247398376464844 -11.010660171508789
vertex -39.92769241333008 -60.247398376464844 -3.8893399238586426
endloop
endfacet
facet normal 0 -1 0
outer loop
vertex -39.92769241333008 -60.247398376464844 -3.8893399238586426
vertex -39.44105911254883 -60.247398376464844 -11.335819244384766
vertex -39.44105911254883 -60.247398376464844 -3.564180612564087
endloop
endfacet
facet normal 0 -1 0
outer loop
vertex -39.44105911254883 -60.247398376464844 -3.564180612564087
vertex -38.867034912109375 -60.247398376464844 -11.449999809265137
vertex -38.867034912109375 -60.247398376464844 -3.450000047683716
endloop
endfacet
facet normal 0.19509040787318938 0 0.9807852633251953
outer loop
vertex -39.44105911254883 -63.747398376464844 -11.335819244384766
vertex -38.867034912109375 -60.247398376464844 -11.449999809265137
vertex -39.44105911254883 -60.247398376464844 -11.335819244384766
endloop
endfacet
facet normal 0.19509040787318938 0 -0.9807852633251953
outer loop
vertex -38.867034912109375 -63.747398376464844 -3.450000047683716
vertex -39.44105911254883 -60.247398376464844 -3.564180612564087
vertex -38.867034912109375 -60.247398376464844 -3.450000047683716
endloop
endfacet
facet normal 0.5555718102198659 0 -0.8314685584488576
outer loop
vertex -39.44105911254883 -63.747398376464844 -3.564180612564087
vertex -39.92769241333008 -60.247398376464844 -3.8893399238586426
vertex -39.44105911254883 -60.247398376464844 -3.564180612564087
endloop
endfacet
facet normal 0.19509040787318938 0 -0.9807852633251953
outer loop
vertex -39.44105911254883 -63.747398376464844 -3.564180612564087
vertex -39.44105911254883 -60.247398376464844 -3.564180612564087
vertex -38.867034912109375 -63.747398376464844 -3.450000047683716
endloop
endfacet
facet normal 0 -1 0
outer loop
vertex -29.117033004760742 -60.247398376464844 -9.199999809265137
vertex -26.867033004760742 -60.247398376464844 -11.449999809265137
vertex -28.734350204467773 -60.247398376464844 -9.123879432678223
endloop
endfacet
facet normal 0 -1 0
outer loop
vertex -28.409927368164062 -60.247398376464844 -8.907106399536133
vertex -28.734350204467773 -60.247398376464844 -9.123879432678223
vertex -26.867033004760742 -60.247398376464844 -11.449999809265137
endloop
endfacet
facet normal 0 -1 0
outer loop
vertex -28.409927368164062 -60.247398376464844 -8.907106399536133
vertex -26.867033004760742 -60.247398376464844 -11.449999809265137
vertex -28.19315528869629 -60.247398376464844 -8.582683563232422
endloop
endfacet
facet normal 0 -1 0
outer loop
vertex -28.19315528869629 -60.247398376464844 -8.582683563232422
vertex -26.867033004760742 -60.247398376464844 -11.449999809265137
vertex -28.117033004760742 -60.247398376464844 -8.199999809265137
endloop
endfacet
facet normal 0.5555718102198659 0 -0.8314685584488576
outer loop
vertex -39.92769241333008 -63.747398376464844 -3.8893399238586426
vertex -39.92769241333008 -60.247398376464844 -3.8893399238586426
vertex -39.44105911254883 -63.747398376464844 -3.564180612564087
endloop
endfacet
facet normal 0.8314679956250158 0 -0.5555726525408882
outer loop
vertex -39.92769241333008 -63.747398376464844 -3.8893399238586426
vertex -40.25285339355469 -60.247398376464844 -4.375974655151367
vertex -39.92769241333008 -60.247398376464844 -3.8893399238586426
endloop
endfacet
facet normal 0.8314682470994302 0 0.5555722761850169
outer loop
vertex -40.25285339355469 -63.747398376464844 -10.524024963378906
vertex -39.92769241333008 -60.247398376464844 -11.010660171508789
vertex -40.25285339355469 -60.247398376464844 -10.524024963378906
endloop
endfacet
facet normal 0.8314682470994302 0 0.5555722761850169
outer loop
vertex -40.25285339355469 -63.747398376464844 -10.524024963378906
vertex -39.92769241333008 -63.747398376464844 -11.010660171508789
vertex -39.92769241333008 -60.247398376464844 -11.010660171508789
endloop
endfacet
facet normal 0.19509040787318938 0 0.9807852633251953
outer loop
vertex -38.867034912109375 -60.247398376464844 -11.449999809265137
vertex -39.44105911254883 -63.747398376464844 -11.335819244384766
vertex -38.867034912109375 -63.747398376464844 -11.449999809265137
endloop
endfacet
facet normal 0.8314679956250158 0 -0.5555726525408882
outer loop
vertex -40.25285339355469 -63.747398376464844 -4.375974655151367
vertex -40.25285339355469 -60.247398376464844 -4.375974655151367
vertex -39.92769241333008 -63.747398376464844 -3.8893399238586426
endloop
endfacet
facet normal 0.9807850135586839 0 -0.19509166352946058
outer loop
vertex -40.25285339355469 -63.747398376464844 -4.375974655151367
vertex -40.367034912109375 -60.247398376464844 -4.949999809265137
vertex -40.25285339355469 -60.247398376464844 -4.375974655151367
endloop
endfacet
facet normal 0.5555715285918136 0 0.8314687466274098
outer loop
vertex -39.92769241333008 -63.747398376464844 -11.010660171508789
vertex -39.44105911254883 -60.247398376464844 -11.335819244384766
vertex -39.92769241333008 -60.247398376464844 -11.010660171508789
endloop
endfacet
facet normal 0.9807850135586839 0 -0.19509166352946058
outer loop
vertex -40.367034912109375 -60.247398376464844 -4.949999809265137
vertex -40.25285339355469 -63.747398376464844 -4.375974655151367
vertex -40.367034912109375 -63.747398376464844 -4.949999809265137
endloop
endfacet
facet normal 0 -1 0
outer loop
vertex -37.617034912109375 -60.247398376464844 -8.199999809265137
vertex -37.617034912109375 -60.247398376464844 -6.699999809265137
vertex -38.867034912109375 -60.247398376464844 -3.450000047683716
endloop
endfacet
facet normal 0.5555682361196549 0 -0.8314709465849636
outer loop
vertex -37.32414245605469 -60.247398376464844 -5.992893218994141
vertex -37.32414245605469 -59.047401428222656 -5.992893218994141
vertex -36.999717712402344 -60.247398376464844 -5.776120662689209
endloop
endfacet
facet normal 0.8314726376298004 0 -0.555565705270711
outer loop
vertex -37.32414245605469 -60.247398376464844 -5.992893218994141
vertex -37.54091262817383 -59.047401428222656 -6.31731653213501
vertex -37.32414245605469 -59.047401428222656 -5.992893218994141
endloop
endfacet
facet normal 0.5555690810033217 0 0.8314703820540599
outer loop
vertex -37.32414245605469 -60.247398376464844 -8.907106399536133
vertex -36.999717712402344 -59.047401428222656 -9.123879432678223
vertex -37.32414245605469 -59.047401428222656 -8.907106399536133
endloop
endfacet
facet normal 0.8314722604247334 0 0.5555662698042281
outer loop
vertex -37.54091262817383 -60.247398376464844 -8.582683563232422
vertex -37.32414245605469 -60.247398376464844 -8.907106399536133
vertex -37.32414245605469 -59.047401428222656 -8.907106399536133
endloop
endfacet
facet normal 0.8314722604247334 0 0.5555662698042281
outer loop
vertex -37.54091262817383 -60.247398376464844 -8.582683563232422
vertex -37.32414245605469 -59.047401428222656 -8.907106399536133
vertex -37.54091262817383 -59.047401428222656 -8.582683563232422
endloop
endfacet
facet normal 0.980784420993769 0 0.19509464250952005
outer loop
vertex -37.617034912109375 -60.247398376464844 -8.199999809265137
vertex -37.54091262817383 -60.247398376464844 -8.582683563232422
vertex -37.54091262817383 -59.047401428222656 -8.582683563232422
endloop
endfacet
facet normal -0.5555704942502148 0 -0.831469437753771
outer loop
vertex -28.734350204467773 -59.047401428222656 -5.776120662689209
vertex -28.409927368164062 -59.047401428222656 -5.992893218994141
vertex -28.409927368164062 -60.247398376464844 -5.992893218994141
endloop
endfacet
facet normal 0.19509158345481065 0 -0.9807850294866325
outer loop
vertex -36.999717712402344 -60.247398376464844 -5.776120662689209
vertex -36.999717712402344 -59.047401428222656 -5.776120662689209
vertex -36.617034912109375 -60.247398376464844 -5.699999809265137
endloop
endfacet
facet normal 0.19509158345481065 0 -0.9807850294866325
outer loop
vertex -36.617034912109375 -60.247398376464844 -5.699999809265137
vertex -36.999717712402344 -59.047401428222656 -5.776120662689209
vertex -36.617034912109375 -59.047401428222656 -5.699999809265137
endloop
endfacet
facet normal 0 0 -1
outer loop
vertex -36.617034912109375 -59.047401428222656 -5.699999809265137
vertex -29.117033004760742 -60.247398376464844 -5.699999809265137
vertex -36.617034912109375 -60.247398376464844 -5.699999809265137
endloop
endfacet
facet normal 0.5555682361196549 0 -0.8314709465849636
outer loop
vertex -36.999717712402344 -60.247398376464844 -5.776120662689209
vertex -37.32414245605469 -59.047401428222656 -5.992893218994141
vertex -36.999717712402344 -59.047401428222656 -5.776120662689209
endloop
endfacet
facet normal 0.980784420993769 0 0.19509464250952005
outer loop
vertex -37.617034912109375 -60.247398376464844 -8.199999809265137
vertex -37.54091262817383 -59.047401428222656 -8.582683563232422
vertex -37.617034912109375 -59.047401428222656 -8.199999809265137
endloop
endfacet
facet normal -0.5555713391342493 0 0.8314688732193027
outer loop
vertex -28.409927368164062 -60.247398376464844 -8.907106399536133
vertex -28.409927368164062 -59.047401428222656 -8.907106399536133
vertex -28.734350204467773 -60.247398376464844 -9.123879432678223
endloop
endfacet
facet normal 1 0 0
outer loop
vertex -37.617034912109375 -60.247398376464844 -6.699999809265137
vertex -37.617034912109375 -60.247398376464844 -8.199999809265137
vertex -37.617034912109375 -59.047401428222656 -8.199999809265137
endloop
endfacet
facet normal 1 0 0
outer loop
vertex -37.617034912109375 -60.247398376464844 -6.699999809265137
vertex -37.617034912109375 -59.047401428222656 -8.199999809265137
vertex -37.617034912109375 -59.047401428222656 -6.699999809265137
endloop
endfacet
facet normal 0 0 -1
outer loop
vertex -29.117033004760742 -60.247398376464844 -5.699999809265137
vertex -36.617034912109375 -59.047401428222656 -5.699999809265137
vertex -29.117033004760742 -59.047401428222656 -5.699999809265137
endloop
endfacet
facet normal -0.19509158345481065 0 -0.9807850294866325
outer loop
vertex -29.117033004760742 -60.247398376464844 -5.699999809265137
vertex -29.117033004760742 -59.047401428222656 -5.699999809265137
vertex -28.734350204467773 -60.247398376464844 -5.776120662689209
endloop
endfacet
facet normal -0.8314700022881474 0 0.5555696493644593
outer loop
vertex -28.409927368164062 -59.047401428222656 -8.907106399536133
vertex -28.409927368164062 -60.247398376464844 -8.907106399536133
vertex -28.19315528869629 -59.047401428222656 -8.582683563232422
endloop
endfacet
facet normal -0.8314700022881474 0 0.5555696493644593
outer loop
vertex -28.19315528869629 -59.047401428222656 -8.582683563232422
vertex -28.409927368164062 -60.247398376464844 -8.907106399536133
vertex -28.19315528869629 -60.247398376464844 -8.582683563232422
endloop
endfacet
facet normal -0.5555713391342493 0 0.8314688732193027
outer loop
vertex -28.734350204467773 -59.047401428222656 -9.123879432678223
vertex -28.734350204467773 -60.247398376464844 -9.123879432678223
vertex -28.409927368164062 -59.047401428222656 -8.907106399536133
endloop
endfacet
facet normal -0.19509040787318935 0 0.9807852633251953
outer loop
vertex -28.734350204467773 -60.247398376464844 -9.123879432678223
vertex -28.734350204467773 -59.047401428222656 -9.123879432678223
vertex -29.117033004760742 -60.247398376464844 -9.199999809265137
endloop
endfacet
facet normal -0.980784420993769 0 0.19509464250952005
outer loop
vertex -28.19315528869629 -59.047401428222656 -8.582683563232422
vertex -28.19315528869629 -60.247398376464844 -8.582683563232422
vertex -28.117033004760742 -59.047401428222656 -8.199999809265137
endloop
endfacet
facet normal -0.980784420993769 0 0.19509464250952005
outer loop
vertex -28.117033004760742 -59.047401428222656 -8.199999809265137
vertex -28.19315528869629 -60.247398376464844 -8.582683563232422
vertex -28.117033004760742 -60.247398376464844 -8.199999809265137
endloop
endfacet
facet normal -0.19509040787318935 0 0.9807852633251953
outer loop
vertex -29.117033004760742 -59.047401428222656 -9.199999809265137
vertex -29.117033004760742 -60.247398376464844 -9.199999809265137
vertex -28.734350204467773 -59.047401428222656 -9.123879432678223
endloop
endfacet
facet normal 0 0 1
outer loop
vertex -29.117033004760742 -59.047401428222656 -9.199999809265137
vertex -36.617034912109375 -60.247398376464844 -9.199999809265137
vertex -29.117033004760742 -60.247398376464844 -9.199999809265137
endloop
endfacet
facet normal -1 0 0
outer loop
vertex -28.117033004760742 -59.047401428222656 -8.199999809265137
vertex -28.117033004760742 -60.247398376464844 -8.199999809265137
vertex -28.117033004760742 -59.047401428222656 -6.699999809265137
endloop
endfacet
facet normal -1 0 0
outer loop
vertex -28.117033004760742 -59.047401428222656 -6.699999809265137
vertex -28.117033004760742 -60.247398376464844 -8.199999809265137
vertex -28.117033004760742 -60.247398376464844 -6.699999809265137
endloop
endfacet
facet normal 0 0 1
outer loop
vertex -36.617034912109375 -59.047401428222656 -9.199999809265137
vertex -36.617034912109375 -60.247398376464844 -9.199999809265137
vertex -29.117033004760742 -59.047401428222656 -9.199999809265137
endloop
endfacet
facet normal 0.9807843744785476 0 -0.1950948763518
outer loop
vertex -37.54091262817383 -60.247398376464844 -6.31731653213501
vertex -37.617034912109375 -60.247398376464844 -6.699999809265137
vertex -37.617034912109375 -59.047401428222656 -6.699999809265137
endloop
endfacet
facet normal 0.19509040787318935 0 0.9807852633251953
outer loop
vertex -36.617034912109375 -59.047401428222656 -9.199999809265137
vertex -36.999717712402344 -60.247398376464844 -9.123879432678223
vertex -36.617034912109375 -60.247398376464844 -9.199999809265137
endloop
endfacet
facet normal 0.19509040787318935 0 0.9807852633251953
outer loop
vertex -36.999717712402344 -60.247398376464844 -9.123879432678223
vertex -36.617034912109375 -59.047401428222656 -9.199999809265137
vertex -36.999717712402344 -59.047401428222656 -9.123879432678223
endloop
endfacet
facet normal 0.5555690810033217 0 0.8314703820540599
outer loop
vertex -37.32414245605469 -60.247398376464844 -8.907106399536133
vertex -36.999717712402344 -60.247398376464844 -9.123879432678223
vertex -36.999717712402344 -59.047401428222656 -9.123879432678223
endloop
endfacet
facet normal -0.19509158345481065 0 -0.9807850294866325
outer loop
vertex -28.734350204467773 -59.047401428222656 -5.776120662689209
vertex -28.734350204467773 -60.247398376464844 -5.776120662689209
vertex -29.117033004760742 -59.047401428222656 -5.699999809265137
endloop
endfacet
facet normal -0.9807843744785476 0 -0.1950948763518
outer loop
vertex -28.117033004760742 -59.047401428222656 -6.699999809265137
vertex -28.117033004760742 -60.247398376464844 -6.699999809265137
vertex -28.19315528869629 -59.047401428222656 -6.31731653213501
endloop
endfacet
facet normal -0.9807843744785476 0 -0.1950948763518
outer loop
vertex -28.19315528869629 -59.047401428222656 -6.31731653213501
vertex -28.117033004760742 -60.247398376464844 -6.699999809265137
vertex -28.19315528869629 -60.247398376464844 -6.31731653213501
endloop
endfacet
facet normal 0.9807843744785476 0 -0.1950948763518
outer loop
vertex -37.54091262817383 -60.247398376464844 -6.31731653213501
vertex -37.617034912109375 -59.047401428222656 -6.699999809265137
vertex -37.54091262817383 -59.047401428222656 -6.31731653213501
endloop
endfacet
facet normal -0.8314703794967792 0 -0.5555690848305744
outer loop
vertex -28.409927368164062 -59.047401428222656 -5.992893218994141
vertex -28.19315528869629 -59.047401428222656 -6.31731653213501
vertex -28.19315528869629 -60.247398376464844 -6.31731653213501
endloop
endfacet
facet normal -0.8314703794967792 0 -0.5555690848305744
outer loop
vertex -28.409927368164062 -59.047401428222656 -5.992893218994141
vertex -28.19315528869629 -60.247398376464844 -6.31731653213501
vertex -28.409927368164062 -60.247398376464844 -5.992893218994141
endloop
endfacet
facet normal 0.8314726376298004 0 -0.555565705270711
outer loop
vertex -37.54091262817383 -60.247398376464844 -6.31731653213501
vertex -37.54091262817383 -59.047401428222656 -6.31731653213501
vertex -37.32414245605469 -60.247398376464844 -5.992893218994141
endloop
endfacet
facet normal -0.5555704942502148 0 -0.831469437753771
outer loop
vertex -28.734350204467773 -60.247398376464844 -5.776120662689209
vertex -28.734350204467773 -59.047401428222656 -5.776120662689209
vertex -28.409927368164062 -60.247398376464844 -5.992893218994141
endloop
endfacet
facet normal -0.2588208437962301 -0.9659253443287464 0
outer loop
vertex 3.1414942741394043 -64.76493835449219 -0.5
vertex 3.1414942741394043 -64.76493835449219 -1.5
vertex 4.488470077514648 -65.12586212158203 -0.5
endloop
endfacet
facet normal -0.027515755352592368 -0.10268883500677108 -0.9943328850904652
outer loop
vertex 3.5118489265441895 -63.747398376464844 -1.6254053115844727
vertex 4.73153018951416 -63.747398376464844 -1.6591570377349854
vertex 3.413893699645996 -64.01653289794922 -1.5949000120162964
endloop
endfacet
facet normal -0.02751558923014643 -0.10268962981361612 -0.9943328076042046
outer loop
vertex 4.626770973205566 -64.34152221679688 -1.5949000120162964
vertex 3.413893699645996 -64.01653289794922 -1.5949000120162964
vertex 4.73153018951416 -63.747398376464844 -1.6591570377349854
endloop
endfacet
facet normal -1 0 0
outer loop
vertex 1.3776553869247437 -63.747398376464844 -1
vertex 1.3776553869247437 -63.82550048828125 -0.5
vertex 1.3776553869247437 -63.247398376464844 -0.5
endloop
endfacet
facet normal -0.009265842145256095 -0.10590752702389684 -0.9943328114313746
outer loop
vertex 4.626770973205566 -64.34152221679688 -1.5949000120162964
vertex 4.73153018951416 -63.747398376464844 -1.6591570377349854
vertex 5.477655410766602 -63.747398376464844 -1.6661099195480347
endloop
endfacet
facet normal -0.009265419327807898 -0.10590812540225965 -0.9943327516372269
outer loop
vertex 5.477655410766602 -64.41596221923828 -1.5949000120162964
vertex 4.626770973205566 -64.34152221679688 -1.5949000120162964
vertex 5.477655410766602 -63.747398376464844 -1.6661099195480347
endloop
endfacet
facet normal 0.009265419327807898 -0.10590812540225965 -0.9943327516372269
outer loop
vertex 7.1285400390625 -64.34152221679688 -1.5949000120162964
vertex 6.277655601501465 -64.41596221923828 -1.5949000120162964
vertex 6.277655601501465 -63.747398376464844 -1.6661099195480347
endloop
endfacet
facet normal 0.02751576392046038 -0.10268959883444453 -0.9943328059694572
outer loop
vertex 7.1285400390625 -64.34152221679688 -1.5949000120162964
vertex 7.023780822753906 -63.747398376464844 -1.6591570377349854
vertex 8.243461608886719 -63.747398376464844 -1.6254053115844727
endloop
endfacet
facet normal 0.027515398086551266 -0.1026889164556406 -0.9943328865653117
outer loop
vertex 8.34141731262207 -64.01653289794922 -1.5949000120162964
vertex 7.1285400390625 -64.34152221679688 -1.5949000120162964
vertex 8.243461608886719 -63.747398376464844 -1.6254053115844727
endloop
endfacet
facet normal 0.044929862778467576 -0.09635064893783904 -0.9943328717687882
outer loop
vertex 8.34141731262207 -64.01653289794922 -1.5949000120162964
vertex 8.243461608886719 -63.747398376464844 -1.6254053115844727
vertex 8.918567657470703 -63.747398376464844 -1.5949000120162964
endloop
endfacet
facet normal -0.0681200609245163 -0.09728149667441814 -0.9929229414735191
outer loop
vertex 1.3776553869247437 -63.747398376464844 -1.5076520442962646
vertex 2.1248786449432373 -63.747398376464844 -1.5589157342910767
vertex 1.3776553869247437 -63.82550048828125 -1.5
endloop
endfacet
facet normal -0.06811971320284374 -0.09728461122407478 -0.9929226601765835
outer loop
vertex 1.3776553869247437 -63.82550048828125 -1.5
vertex 2.1248786449432373 -63.747398376464844 -1.5589157342910767
vertex 1.8776553869247437 -64.17560577392578 -1.5
endloop
endfacet
facet normal -0.050191600744882485 -0.10763531368344223 -0.9929226769809083
outer loop
vertex 1.8776553869247437 -64.17560577392578 -1.5
vertex 2.1248786449432373 -63.747398376464844 -1.5589157342910767
vertex 2.836742877960205 -63.747398376464844 -1.5949000120162964
endloop
endfacet
facet normal -1 0 0
outer loop
vertex 1.3776553869247437 -63.747398376464844 -1
vertex 1.3776553869247437 -63.747398376464844 -1.5076520442962646
vertex 1.3776553869247437 -63.82550048828125 -1.5
endloop
endfacet
facet normal -0.5735781035076711 -0.8191508769308272 0
outer loop
vertex 1.8776553869247437 -64.17560577392578 -1.5
vertex 1.8776553869247437 -64.17560577392578 -0.5
vertex 1.3776553869247437 -63.82550048828125 -1.5
endloop
endfacet
facet normal 1 0 0
outer loop
vertex 10.377655029296875 -63.747398376464844 -1
vertex 10.377655029296875 -63.247398376464844 -0.5
vertex 10.377655029296875 -63.82550048828125 -0.5
endloop
endfacet
facet normal -0.050191171071095234 -0.10763625817789985 -0.9929225963145226
outer loop
vertex 1.8776553869247437 -64.17560577392578 -1.5
vertex 2.836742877960205 -63.747398376464844 -1.5949000120162964
vertex 3.1414942741394043 -64.76493835449219 -1.5
endloop
endfacet
facet normal -0.05019268972579555 -0.10763670137182563 -0.9929224715031292
outer loop
vertex 3.1414942741394043 -64.76493835449219 -1.5
vertex 2.836742877960205 -63.747398376464844 -1.5949000120162964
vertex 3.413893699645996 -64.01653289794922 -1.5949000120162964
endloop
endfacet
facet normal 0.5735781035076711 -0.8191508769308272 0
outer loop
vertex 9.877655029296875 -64.17560577392578 -0.5
vertex 9.877655029296875 -64.17560577392578 -1.5
vertex 10.377655029296875 -63.82550048828125 -0.5
endloop
endfacet
facet normal 1 0 0
outer loop
vertex 10.377655029296875 -63.82550048828125 -0.5
vertex 10.377655029296875 -63.82550048828125 -1.5
vertex 10.377655029296875 -63.747398376464844 -1
endloop
endfacet
facet normal 0.5735781035076711 -0.8191508769308272 0
outer loop
vertex 9.877655029296875 -64.17560577392578 -1.5
vertex 10.377655029296875 -63.82550048828125 -1.5
vertex 10.377655029296875 -63.82550048828125 -0.5
endloop
endfacet
facet normal 1 0 0
outer loop
vertex 10.377655029296875 -63.82550048828125 -1.5
vertex 10.377655029296875 -63.747398376464844 -1.5076520442962646
vertex 10.377655029296875 -63.747398376464844 -1
endloop
endfacet
facet normal 0.06811754409499457 -0.09728151343044224 -0.9929231124972111
outer loop
vertex 9.877655029296875 -64.17560577392578 -1.5
vertex 10.377655029296875 -63.747398376464844 -1.5076520442962646
vertex 10.377655029296875 -63.82550048828125 -1.5
endloop
endfacet
facet normal 0.06812007355787197 -0.09728445872150555 -0.9929226503961593
outer loop
vertex 9.877655029296875 -64.17560577392578 -1.5
vertex 9.63043212890625 -63.747398376464844 -1.5589157342910767
vertex 10.377655029296875 -63.747398376464844 -1.5076520442962646
endloop
endfacet
facet normal 0.422615248489073 -0.9063091921328609 0
outer loop
vertex 8.613816261291504 -64.76493835449219 -0.5
vertex 8.613816261291504 -64.76493835449219 -1.5
vertex 9.877655029296875 -64.17560577392578 -0.5
endloop
endfacet
facet normal 0.25882092928258643 -0.9659253214225717 0
outer loop
vertex 7.266840934753418 -65.12586212158203 -0.5
vertex 7.266840934753418 -65.12586212158203 -1.5
vertex 8.613816261291504 -64.76493835449219 -0.5
endloop
endfacet
facet normal -0.030738674230593222 -0.11471743950333028 -0.9929224758158842
outer loop
vertex 3.1414942741394043 -64.76493835449219 -1.5
vertex 3.413893699645996 -64.01653289794922 -1.5949000120162964
vertex 4.488470077514648 -65.12586212158203 -1.5
endloop
endfacet
facet normal 0.08715346341544244 -0.9961948975048472 0
outer loop
vertex 6.277655601501465 -65.21240234375 -1.5
vertex 7.266840934753418 -65.12586212158203 -0.5
vertex 6.277655601501465 -65.21240234375 -0.5
endloop
endfacet
facet normal -0.030738345107861716 -0.11471712467458942 -0.9929225223784707
outer loop
vertex 4.488470077514648 -65.12586212158203 -1.5
vertex 3.413893699645996 -64.01653289794922 -1.5949000120162964
vertex 4.626770973205566 -64.34152221679688 -1.5949000120162964
endloop
endfacet
facet normal -0.42261521574623434 -0.9063092074009642 0
outer loop
vertex 3.1414942741394043 -64.76493835449219 -1.5
vertex 3.1414942741394043 -64.76493835449219 -0.5
vertex 1.8776553869247437 -64.17560577392578 -1.5
endloop
endfacet
facet normal -0.08715346341544244 -0.9961948975048472 0
outer loop
vertex 4.488470077514648 -65.12586212158203 -0.5
vertex 4.488470077514648 -65.12586212158203 -1.5
vertex 5.477655410766602 -65.21240234375 -0.5
endloop
endfacet
facet normal 0.422615248489073 -0.9063091921328609 0
outer loop
vertex 8.613816261291504 -64.76493835449219 -1.5
vertex 9.877655029296875 -64.17560577392578 -1.5
vertex 9.877655029296875 -64.17560577392578 -0.5
endloop
endfacet
facet normal 0.25882092928258643 -0.9659253214225717 0
outer loop
vertex 7.266840934753418 -65.12586212158203 -1.5
vertex 8.613816261291504 -64.76493835449219 -1.5
vertex 8.613816261291504 -64.76493835449219 -0.5
endloop
endfacet
facet normal 0.050191583698101214 -0.10763536480020217 -0.9929226723014255
outer loop
vertex 9.877655029296875 -64.17560577392578 -1.5
vertex 8.918567657470703 -63.747398376464844 -1.5949000120162964
vertex 9.63043212890625 -63.747398376464844 -1.5589157342910767
endloop
endfacet
facet normal 0.05019184257271765 -0.10763479575069702 -0.9929227209017132
outer loop
vertex 9.877655029296875 -64.17560577392578 -1.5
vertex 8.34141731262207 -64.01653289794922 -1.5949000120162964
vertex 8.918567657470703 -63.747398376464844 -1.5949000120162964
endloop
endfacet
facet normal 0.050191585332335635 -0.10763713641911529 -0.9929224801691819
outer loop
vertex 8.613816261291504 -64.76493835449219 -1.5
vertex 8.34141731262207 -64.01653289794922 -1.5949000120162964
vertex 9.877655029296875 -64.17560577392578 -1.5
endloop
endfacet
facet normal 0.03073845585414407 -0.11471753798555445 -0.9929224711981472
outer loop
vertex 8.613816261291504 -64.76493835449219 -1.5
vertex 7.1285400390625 -64.34152221679688 -1.5949000120162964
vertex 8.34141731262207 -64.01653289794922 -1.5949000120162964
endloop
endfacet
facet normal 0.030738589141009433 -0.11471708133652676 -0.9929225198308521
outer loop
vertex 7.266840934753418 -65.12586212158203 -1.5
vertex 7.1285400390625 -64.34152221679688 -1.5949000120162964
vertex 8.613816261291504 -64.76493835449219 -1.5
endloop
endfacet
facet normal 0.08715346341544244 -0.9961948975048472 0
outer loop
vertex 7.266840934753418 -65.12586212158203 -1.5
vertex 7.266840934753418 -65.12586212158203 -0.5
vertex 6.277655601501465 -65.21240234375 -1.5
endloop
endfacet
facet normal -0.08715346341544244 -0.9961948975048472 0
outer loop
vertex 4.488470077514648 -65.12586212158203 -1.5
vertex 5.477655410766602 -65.21240234375 -1.5
vertex 5.477655410766602 -65.21240234375 -0.5
endloop
endfacet
facet normal 0.01035058238474126 -0.11831205241834955 -0.9929225164618105
outer loop
vertex 7.266840934753418 -65.12586212158203 -1.5
vertex 6.277655601501465 -64.41596221923828 -1.5949000120162964
vertex 7.1285400390625 -64.34152221679688 -1.5949000120162964
endloop
endfacet
facet normal 0.010350678969440938 -0.11831191981339857 -0.9929225312555555
outer loop
vertex 6.277655601501465 -64.41596221923828 -1.5949000120162964
vertex 7.266840934753418 -65.12586212158203 -1.5
vertex 6.277655601501465 -65.21240234375 -1.5
endloop
endfacet
facet normal -0.010350570795328766 -0.11831191994588303 -0.9929225323674199
outer loop
vertex 5.477655410766602 -65.21240234375 -1.5
vertex 4.626770973205566 -64.34152221679688 -1.5949000120162964
vertex 5.477655410766602 -64.41596221923828 -1.5949000120162964
endloop
endfacet
facet normal -0.010350688938606377 -0.11831203376448386 -0.992922517573757
outer loop
vertex 4.488470077514648 -65.12586212158203 -1.5
vertex 4.626770973205566 -64.34152221679688 -1.5949000120162964
vertex 5.477655410766602 -65.21240234375 -1.5
endloop
endfacet
facet normal -0.2588208437962301 -0.9659253443287464 0
outer loop
vertex 3.1414942741394043 -64.76493835449219 -1.5
vertex 4.488470077514648 -65.12586212158203 -1.5
vertex 4.488470077514648 -65.12586212158203 -0.5
endloop
endfacet
facet normal -0.42261521574623434 -0.9063092074009642 0
outer loop
vertex 1.8776553869247437 -64.17560577392578 -0.5
vertex 1.8776553869247437 -64.17560577392578 -1.5
vertex 3.1414942741394043 -64.76493835449219 -0.5
endloop
endfacet
facet normal -1 0 0
outer loop
vertex 1.3776553869247437 -63.747398376464844 -1
vertex 1.3776553869247437 -63.82550048828125 -1.5
vertex 1.3776553869247437 -63.82550048828125 -0.5
endloop
endfacet
facet normal 0.009265842145256095 -0.10590752702389684 -0.9943328114313746
outer loop
vertex 7.1285400390625 -64.34152221679688 -1.5949000120162964
vertex 6.277655601501465 -63.747398376464844 -1.6661099195480347
vertex 7.023780822753906 -63.747398376464844 -1.6591570377349854
endloop
endfacet
facet normal -0.5735781035076711 -0.8191508769308272 0
outer loop
vertex 1.3776553869247437 -63.82550048828125 -0.5
vertex 1.3776553869247437 -63.82550048828125 -1.5
vertex 1.8776553869247437 -64.17560577392578 -0.5
endloop
endfacet
facet normal -0.04492986243385931 -0.0963507278029992 -0.9943328641423388
outer loop
vertex 2.836742877960205 -63.747398376464844 -1.5949000120162964
vertex 3.5118489265441895 -63.747398376464844 -1.6254053115844727
vertex 3.413893699645996 -64.01653289794922 -1.5949000120162964
endloop
endfacet
facet normal 1 0 0
outer loop
vertex 5.477655410766602 -63.747398376464844 -1.6661099195480347
vertex 5.477655410766602 -62.547401428222656 -4
vertex 5.477655410766602 -62.547401428222656 -0.5
endloop
endfacet
facet normal -0.19508477021179677 -0.9807863847094384 0
outer loop
vertex 11.568997383117676 -60.5854606628418 -5
vertex 11.568997383117676 -60.5854606628418 -0.5
vertex 11.377655029296875 -60.547401428222656 -0.5
endloop
endfacet
facet normal 0 0 1
outer loop
vertex 0.02410198748111725 -60.69384765625 -5
vertex -0.12234462052583694 -63.747398376464844 -5
vertex 0.186313658952713 -60.5854606628418 -5
endloop
endfacet
facet normal 0 0 1
outer loop
vertex 0.186313658952713 -60.5854606628418 -5
vertex -0.12234462052583694 -63.747398376464844 -5
vertex 0.37765538692474365 -60.547401428222656 -5
endloop
endfacet
facet normal 0 0 1
outer loop
vertex 0.37765538692474365 -60.547401428222656 -5
vertex -0.12234462052583694 -63.747398376464844 -5
vertex 11.377655029296875 -60.547401428222656 -5
endloop
endfacet
facet normal 0 0 1
outer loop
vertex 11.877655029296875 -63.747398376464844 -5
vertex 11.877655029296875 -61.047401428222656 -5
vertex -0.12234462052583694 -63.747398376464844 -5
endloop
endfacet
facet normal 0 0 1
outer loop
vertex 11.377655029296875 -60.547401428222656 -5
vertex -0.12234462052583694 -63.747398376464844 -5
vertex 11.568997383117676 -60.5854606628418 -5
endloop
endfacet
facet normal 0 0 1
outer loop
vertex 11.568997383117676 -60.5854606628418 -5
vertex -0.12234462052583694 -63.747398376464844 -5
vertex 11.731208801269531 -60.69384765625 -5
endloop
endfacet
facet normal 0 0 1
outer loop
vertex -0.12234462052583694 -63.747398376464844 -5
vertex 11.877655029296875 -61.047401428222656 -5
vertex 11.839594841003418 -60.85606002807617 -5
endloop
endfacet
facet normal 0 0 1
outer loop
vertex 11.731208801269531 -60.69384765625 -5
vertex -0.12234462052583694 -63.747398376464844 -5
vertex 11.839594841003418 -60.85606002807617 -5
endloop
endfacet
facet normal 0 0 -1
outer loop
vertex -0.12234462052583694 -63.747398376464844 -4
vertex 0.186313658952713 -62.50933837890625 -4
vertex 5.477655410766602 -63.747398376464844 -4
endloop
endfacet
facet normal 0 0 -1
outer loop
vertex 0.186313658952713 -62.50933837890625 -4
vertex -0.12234462052583694 -63.747398376464844 -4
vertex 0.02410198748111725 -62.40095520019531 -4
endloop
endfacet
facet normal 0 0 -1
outer loop
vertex 5.477655410766602 -63.747398376464844 -4
vertex 0.186313658952713 -62.50933837890625 -4
vertex 5.477655410766602 -62.547401428222656 -4
endloop
endfacet
facet normal 0 0 -1
outer loop
vertex 6.277655601501465 -63.747398376464844 -4
vertex 6.277655601501465 -62.547401428222656 -4
vertex 11.877655029296875 -63.747398376464844 -4
endloop
endfacet
facet normal 0.5555589107851099 0.8314771774662625 0
outer loop
vertex 0.02410198748111725 -62.40095520019531 -0.5
vertex 0.186313658952713 -62.50933837890625 -4
vertex 0.02410198748111725 -62.40095520019531 -4
endloop
endfacet
facet normal 0.007193272772287554 0.9999741280787335 0
outer loop
vertex 0.186313658952713 -62.50933837890625 -4
vertex 5.477655410766602 -62.547401428222656 -0.5
vertex 5.477655410766602 -62.547401428222656 -4
endloop
endfacet
facet normal 0.5555724290795419 -0.831468144938011 0
outer loop
vertex 0.02410198748111725 -60.69384765625 -0.5
vertex 0.02410198748111725 -60.69384765625 -5
vertex 0.186313658952713 -60.5854606628418 -5
endloop
endfacet
facet normal 0.1950853840188201 -0.9807862626190426 0
outer loop
vertex 0.186313658952713 -60.5854606628418 -0.5
vertex 0.186313658952713 -60.5854606628418 -5
vertex 0.37765538692474365 -60.547401428222656 -5
endloop
endfacet
facet normal 0 -1 0
outer loop
vertex 0.37765538692474365 -60.547401428222656 -0.5
vertex 0.37765538692474365 -60.547401428222656 -5
vertex 11.377655029296875 -60.547401428222656 -5
endloop
endfacet
facet normal 1 0 0
outer loop
vertex 5.477655410766602 -63.747398376464844 -1.6661099195480347
vertex 5.477655410766602 -63.747398376464844 -4
vertex 5.477655410766602 -62.547401428222656 -4
endloop
endfacet
facet normal -1 0 0
outer loop
vertex 6.277655601501465 -62.547401428222656 -4
vertex 6.277655601501465 -63.747398376464844 -4
vertex 6.277655601501465 -63.747398376464844 -1.6661099195480347
endloop
endfacet
facet normal -1 0 0
outer loop
vertex 11.877655029296875 -61.047401428222656 -5
vertex 11.877655029296875 -63.747398376464844 -5
vertex 11.877655029296875 -62.047401428222656 -4
endloop
endfacet
facet normal -1 0 0
outer loop
vertex 11.877655029296875 -62.047401428222656 -4
vertex 11.877655029296875 -63.747398376464844 -5
vertex 11.877655029296875 -63.747398376464844 -4
endloop
endfacet
facet normal 0 0 -1
outer loop
vertex 11.877655029296875 -63.747398376464844 -4
vertex 6.277655601501465 -62.547401428222656 -4
vertex 11.568997383117676 -62.50933837890625 -4
endloop
endfacet
facet normal 0 0 -1
outer loop
vertex 11.877655029296875 -63.747398376464844 -4
vertex 11.568997383117676 -62.50933837890625 -4
vertex 11.731208801269531 -62.40095520019531 -4
endloop
endfacet
facet normal 0 0 -1
outer loop
vertex 11.877655029296875 -63.747398376464844 -4
vertex 11.731208801269531 -62.40095520019531 -4
vertex 11.839594841003418 -62.23874282836914 -4
endloop
endfacet
facet normal 0 0 -1
outer loop
vertex 11.877655029296875 -62.047401428222656 -4
vertex 11.877655029296875 -63.747398376464844 -4
vertex 11.839594841003418 -62.23874282836914 -4
endloop
endfacet
facet normal -1 0 0
outer loop
vertex 11.877655029296875 -61.047401428222656 -0.5
vertex 11.877655029296875 -61.047401428222656 -5
vertex 11.877655029296875 -62.047401428222656 -4
endloop
endfacet
facet normal -0.007193272731775119 0.9999741280790251 0
outer loop
vertex 11.568997383117676 -62.50933837890625 -0.5
vertex 11.568997383117676 -62.50933837890625 -4
vertex 6.277655601501465 -62.547401428222656 -4
endloop
endfacet
facet normal -0.5555595106011604 0.831476776693492 0
outer loop
vertex 11.731208801269531 -62.40095520019531 -0.5
vertex 11.731208801269531 -62.40095520019531 -4
vertex 11.568997383117676 -62.50933837890625 -4
endloop
endfacet
facet normal -0.8314715111157752 0.5555673912342671 0
outer loop
vertex 11.731208801269531 -62.40095520019531 -0.5
vertex 11.839594841003418 -62.23874282836914 -4
vertex 11.731208801269531 -62.40095520019531 -4
endloop
endfacet
facet normal -0.9807852633251952 0.19509040787318935 0
outer loop
vertex 11.839594841003418 -62.23874282836914 -0.5
vertex 11.877655029296875 -62.047401428222656 -4
vertex 11.839594841003418 -62.23874282836914 -4
endloop
endfacet
facet normal -0.9807852633251952 -0.19509040787318935 0
outer loop
vertex 11.839594841003418 -60.85606002807617 -0.5
vertex 11.839594841003418 -60.85606002807617 -5
vertex 11.877655029296875 -61.047401428222656 -5
endloop
endfacet
facet normal -0.8314715111157752 -0.5555673912342671 0
outer loop
vertex 11.731208801269531 -60.69384765625 -0.5
vertex 11.731208801269531 -60.69384765625 -5
vertex 11.839594841003418 -60.85606002807617 -5
endloop
endfacet
facet normal -0.19508477021179677 -0.9807863847094384 0
outer loop
vertex 11.377655029296875 -60.547401428222656 -0.5
vertex 11.377655029296875 -60.547401428222656 -5
vertex 11.568997383117676 -60.5854606628418 -5
endloop
endfacet
facet normal -0.5555730288971555 -0.8314677441500905 0
outer loop
vertex 11.568997383117676 -60.5854606628418 -0.5
vertex 11.568997383117676 -60.5854606628418 -5
vertex 11.731208801269531 -60.69384765625 -5
endloop
endfacet
facet normal 0.5555589107851099 0.8314771774662625 0
outer loop
vertex 0.186313658952713 -62.50933837890625 -0.5
vertex 0.186313658952713 -62.50933837890625 -4
vertex 0.02410198748111725 -62.40095520019531 -0.5
endloop
endfacet
facet normal 0.19510419324912634 0.9807825211414647 0
outer loop
vertex 0.186313658952713 -62.50933837890625 -4
vertex 0.186313658952713 -62.50933837890625 -0.5
vertex 0.37765538692474365 -62.547401428222656 -0.5
endloop
endfacet
facet normal 0 0.9999408707255033 0.010874513907404296
outer loop
vertex 0.37765538692474365 -62.547401428222656 -0.5
vertex 5.477655410766602 -62.547401428222656 -0.5
vertex 0.186313658952713 -62.50933837890625 -4
endloop
endfacet
facet normal 0.5555724290795419 -0.831468144938011 0
outer loop
vertex 0.186313658952713 -60.5854606628418 -5
vertex 0.186313658952713 -60.5854606628418 -0.5
vertex 0.02410198748111725 -60.69384765625 -0.5
endloop
endfacet
facet normal 0.1950853840188201 -0.9807862626190426 0
outer loop
vertex 0.37765538692474365 -60.547401428222656 -5
vertex 0.37765538692474365 -60.547401428222656 -0.5
vertex 0.186313658952713 -60.5854606628418 -0.5
endloop
endfacet
facet normal -1 0 0
outer loop
vertex 6.277655601501465 -62.547401428222656 -0.5
vertex 6.277655601501465 -62.547401428222656 -4
vertex 6.277655601501465 -63.747398376464844 -1.6661099195480347
endloop
endfacet
facet normal -0.007193272731775119 0.9999741280790251 0
outer loop
vertex 11.568997383117676 -62.50933837890625 -0.5
vertex 6.277655601501465 -62.547401428222656 -4
vertex 6.277655601501465 -62.547401428222656 -0.5
endloop
endfacet
facet normal 0 -1 0
outer loop
vertex 11.377655029296875 -60.547401428222656 -5
vertex 11.377655029296875 -60.547401428222656 -0.5
vertex 0.37765538692474365 -60.547401428222656 -0.5
endloop
endfacet
facet normal 0.8314707172442951 -0.5555685793538522 0
outer loop
vertex 0.02410198748111725 -60.69384765625 -5
vertex 0.02410198748111725 -60.69384765625 -0.5
vertex -0.08428438752889633 -60.85606002807617 -0.5
endloop
endfacet
facet normal 0.9807852194805636 -0.1950906282948074 0
outer loop
vertex -0.12234462052583694 -61.047401428222656 -0.5
vertex -0.12234462052583694 -61.047401428222656 -5
vertex -0.08428438752889633 -60.85606002807617 -0.5
endloop
endfacet
facet normal 1 0 0
outer loop
vertex -0.12234462052583694 -62.047401428222656 -0.5
vertex -0.12234462052583694 -62.047401428222656 -4
vertex -0.12234462052583694 -61.047401428222656 -0.5
endloop
endfacet
facet normal 0.9807852194805635 0.1950906282948074 0
outer loop
vertex -0.12234462052583694 -62.047401428222656 -4
vertex -0.12234462052583694 -62.047401428222656 -0.5
vertex -0.08428438752889633 -62.23874282836914 -0.5
endloop
endfacet
facet normal 0.8314707172442951 0.5555685793538521 0
outer loop
vertex -0.08428438752889633 -62.23874282836914 -4
vertex -0.08428438752889633 -62.23874282836914 -0.5
vertex 0.02410198748111725 -62.40095520019531 -0.5
endloop
endfacet
facet normal 1 0 0
outer loop
vertex 5.477655410766602 -65.21240234375 -0.5
vertex 5.477655410766602 -65.21240234375 -1.5
vertex 5.477655410766602 -64.41596221923828 -1.5949000120162964
endloop
endfacet
facet normal 1 0 0
outer loop
vertex 5.477655410766602 -65.21240234375 -0.5
vertex 5.477655410766602 -64.41596221923828 -1.5949000120162964
vertex 5.477655410766602 -63.747398376464844 -1.6661099195480347
endloop
endfacet
facet normal -1 0 0
outer loop
vertex 6.277655601501465 -65.21240234375 -1.5
vertex 6.277655601501465 -62.547401428222656 -0.5
vertex 6.277655601501465 -64.41596221923828 -1.5949000120162964
endloop
endfacet
facet normal -1 0 0
outer loop
vertex 6.277655601501465 -62.547401428222656 -0.5
vertex 6.277655601501465 -63.747398376464844 -1.6661099195480347
vertex 6.277655601501465 -64.41596221923828 -1.5949000120162964
endloop
endfacet
facet normal 1 0 0
outer loop
vertex 5.477655410766602 -65.21240234375 -0.5
vertex 5.477655410766602 -63.747398376464844 -1.6661099195480347
vertex 5.477655410766602 -62.90752029418945 -0.5
endloop
endfacet
facet normal 1 0 0
outer loop
vertex -0.12234462052583694 -63.747398376464844 -5
vertex -0.12234462052583694 -61.047401428222656 -5
vertex -0.12234462052583694 -62.047401428222656 -4
endloop
endfacet
facet normal 1 0 0
outer loop
vertex -0.12234462052583694 -63.747398376464844 -4
vertex -0.12234462052583694 -63.747398376464844 -5
vertex -0.12234462052583694 -62.047401428222656 -4
endloop
endfacet
facet normal 0 0 -1
outer loop
vertex -0.12234462052583694 -63.747398376464844 -4
vertex -0.08428438752889633 -62.23874282836914 -4
vertex 0.02410198748111725 -62.40095520019531 -4
endloop
endfacet
facet normal 0 0 -1
outer loop
vertex -0.08428438752889633 -62.23874282836914 -4
vertex -0.12234462052583694 -63.747398376464844 -4
vertex -0.12234462052583694 -62.047401428222656 -4
endloop
endfacet
facet normal -1 0 0
outer loop
vertex 6.277655601501465 -65.21240234375 -1.5
vertex 6.277655601501465 -65.21240234375 -0.5
vertex 6.277655601501465 -62.547401428222656 -0.5
endloop
endfacet
facet normal 1 0 0
outer loop
vertex 5.477655410766602 -63.747398376464844 -1.6661099195480347
vertex 5.477655410766602 -62.547401428222656 -0.5
vertex 5.477655410766602 -62.90752029418945 -0.5
endloop
endfacet
facet normal 0.8314707172442951 -0.5555685793538522 0
outer loop
vertex -0.08428438752889633 -60.85606002807617 -0.5
vertex -0.08428438752889633 -60.85606002807617 -5
vertex 0.02410198748111725 -60.69384765625 -5
endloop
endfacet
facet normal 0.9807852194805636 -0.1950906282948074 0
outer loop
vertex -0.08428438752889633 -60.85606002807617 -0.5
vertex -0.12234462052583694 -61.047401428222656 -5
vertex -0.08428438752889633 -60.85606002807617 -5
endloop
endfacet
facet normal 0.9807852194805635 0.1950906282948074 0
outer loop
vertex -0.08428438752889633 -62.23874282836914 -0.5
vertex -0.08428438752889633 -62.23874282836914 -4
vertex -0.12234462052583694 -62.047401428222656 -4
endloop
endfacet
facet normal 0 0 1
outer loop
vertex -0.08428438752889633 -60.85606002807617 -5
vertex -0.12234462052583694 -63.747398376464844 -5
vertex 0.02410198748111725 -60.69384765625 -5
endloop
endfacet
facet normal 0.8314707172442951 0.5555685793538521 0
outer loop
vertex 0.02410198748111725 -62.40095520019531 -0.5
vertex 0.02410198748111725 -62.40095520019531 -4
vertex -0.08428438752889633 -62.23874282836914 -4
endloop
endfacet
facet normal 0 0 1
outer loop
vertex -0.12234462052583694 -63.747398376464844 -5
vertex -0.08428438752889633 -60.85606002807617 -5
vertex -0.12234462052583694 -61.047401428222656 -5
endloop
endfacet
facet normal 1 0 0
outer loop
vertex -0.12234462052583694 -61.047401428222656 -5
vertex -0.12234462052583694 -61.047401428222656 -0.5
vertex -0.12234462052583694 -62.047401428222656 -4
endloop
endfacet
facet normal -0.5555595106011604 0.831476776693492 0
outer loop
vertex 11.568997383117676 -62.50933837890625 -4
vertex 11.568997383117676 -62.50933837890625 -0.5
vertex 11.731208801269531 -62.40095520019531 -0.5
endloop
endfacet
facet normal -0.8314715111157752 0.5555673912342671 0
outer loop
vertex 11.839594841003418 -62.23874282836914 -0.5
vertex 11.839594841003418 -62.23874282836914 -4
vertex 11.731208801269531 -62.40095520019531 -0.5
endloop
endfacet
facet normal -0.9807852633251952 0.19509040787318935 0
outer loop
vertex 11.877655029296875 -62.047401428222656 -0.5
vertex 11.877655029296875 -62.047401428222656 -4
vertex 11.839594841003418 -62.23874282836914 -0.5
endloop
endfacet
facet normal -1 0 0
outer loop
vertex 11.877655029296875 -62.047401428222656 -4
vertex 11.877655029296875 -62.047401428222656 -0.5
vertex 11.877655029296875 -61.047401428222656 -0.5
endloop
endfacet
facet normal -0.9807852633251952 -0.19509040787318935 0
outer loop
vertex 11.877655029296875 -61.047401428222656 -5
vertex 11.877655029296875 -61.047401428222656 -0.5
vertex 11.839594841003418 -60.85606002807617 -0.5
endloop
endfacet
facet normal -0.8314715111157752 -0.5555673912342671 0
outer loop
vertex 11.839594841003418 -60.85606002807617 -5
vertex 11.839594841003418 -60.85606002807617 -0.5
vertex 11.731208801269531 -60.69384765625 -0.5
endloop
endfacet
facet normal -0.5555730288971555 -0.8314677441500905 0
outer loop
vertex 11.731208801269531 -60.69384765625 -5
vertex 11.731208801269531 -60.69384765625 -0.5
vertex 11.568997383117676 -60.5854606628418 -0.5
endloop
endfacet
facet normal 0 0 1
outer loop
vertex 1.3776553869247437 -63.247398376464844 -0.5
vertex 5.477655410766602 -62.90752029418945 -0.5
vertex -44.755035400390625 -61.20625305175781 -0.5
endloop
endfacet
facet normal 0 0 1
outer loop
vertex 70.93728637695312 -14.130738258361816 -0.5
vertex 69.1607666015625 -16.247900009155273 -0.5
vertex 74.07593536376953 -15.624350547790527 -0.5
endloop
endfacet
facet normal 0 0 1
outer loop
vertex 68.63467407226562 -16.521764755249023 -0.5
vertex 75.21524047851562 -15.52694034576416 -0.5
vertex 74.07593536376953 -15.624350547790527 -0.5
endloop
endfacet
facet normal 0 0 1
outer loop
vertex 74.94303894042969 -16.371931076049805 -0.5
vertex 75.21524047851562 -15.52694034576416 -0.5
vertex 68.63467407226562 -16.521764755249023 -0.5
endloop
endfacet
facet normal 0 0 1
outer loop
vertex 71.02102661132812 -13.86514949798584 -0.5
vertex 70.93728637695312 -14.130738258361816 -0.5
vertex 74.07593536376953 -15.624350547790527 -0.5
endloop
endfacet
facet normal 0 0 1
outer loop
vertex -64.03972625732422 -23.94898223876953 -0.5
vertex -69.92239379882812 -23.166027069091797 -0.5
vertex -67.30387115478516 -27.18181037902832 -0.5
endloop
endfacet
facet normal 0 0 1
outer loop
vertex -64.03972625732422 -23.94898223876953 -0.5
vertex -65.62501525878906 -21.6951904296875 -0.5
vertex -69.92239379882812 -23.166027069091797 -0.5
endloop
endfacet
facet normal 0 0 1
outer loop
vertex -68.93401336669922 -22.58185577392578 -0.5
vertex -69.92239379882812 -23.166027069091797 -0.5
vertex -65.68598175048828 -21.424264907836914 -0.5
endloop
endfacet
facet normal 0 0 1
outer loop
vertex -65.62501525878906 -21.6951904296875 -0.5
vertex -65.68598175048828 -21.424264907836914 -0.5
vertex -69.92239379882812 -23.166027069091797 -0.5
endloop
endfacet
facet normal 0 0 1
outer loop
vertex -75.4783935546875 43.92488479614258 -0.5
vertex -75.2281723022461 39.117958068847656 -0.5
vertex -70.7826156616211 40.280799865722656 -0.5
endloop
endfacet
facet normal 0 0 1
outer loop
vertex -41.06703567504883 -58.33734893798828 -0.5
vertex -46.808292388916016 -57.460670471191406 -0.5
vertex -46.73689651489258 -57.510658264160156 -0.5
endloop
endfacet
facet normal 0 0 1
outer loop
vertex -41.06703567504883 -58.33734893798828 -0.5
vertex -46.73689651489258 -57.510658264160156 -0.5
vertex -46.667964935302734 -57.58272171020508 -0.5
endloop
endfacet
facet normal 0 0 1
outer loop
vertex -63.80535125732422 -24.097942352294922 -0.5
vertex -67.30387115478516 -27.18181037902832 -0.5
vertex -65.76382446289062 -28.207305908203125 -0.5
endloop
endfacet
facet normal 0 0 1
outer loop
vertex -75.2281723022461 39.117958068847656 -0.5
vertex -74.40282440185547 37.45072555541992 -0.5
vertex -70.6540298461914 40.03378677368164 -0.5
endloop
endfacet
facet normal 0 0 1
outer loop
vertex 69.18134307861328 41.622398376464844 -0.5
vertex 70.34703826904297 41.72206497192383 -0.5
vertex 69.99767303466797 42.43084716796875 -0.5
endloop
endfacet
facet normal 0 0 1
outer loop
vertex -74.40282440185547 37.45072555541992 -0.5
vertex -55.514060974121094 27.329877853393555 -0.5
vertex -70.6540298461914 40.03378677368164 -0.5
endloop
endfacet
facet normal 0 0 1
outer loop
vertex -75.2281723022461 39.117958068847656 -0.5
vertex -70.6540298461914 40.03378677368164 -0.5
vertex -70.7826156616211 40.280799865722656 -0.5
endloop
endfacet
facet normal 0 0 1
outer loop
vertex -75.4783935546875 43.92488479614258 -0.5
vertex -70.7826156616211 40.280799865722656 -0.5
vertex -71.02349090576172 43.03403854370117 -0.5
endloop
endfacet
facet normal 0 0 1
outer loop
vertex 64.12614440917969 41.69925308227539 -0.5
vertex 69.99767303466797 42.43084716796875 -0.5
vertex 66.48123931884766 45.64274215698242 -0.5
endloop
endfacet
facet normal 0 0 1
outer loop
vertex 69.18134307861328 41.622398376464844 -0.5
vertex 69.99767303466797 42.43084716796875 -0.5
vertex 66.20989990234375 39.92556381225586 -0.5
endloop
endfacet
facet normal 0 0 1
outer loop
vertex -63.80535125732422 -24.097942352294922 -0.5
vertex -64.03972625732422 -23.94898223876953 -0.5
vertex -67.30387115478516 -27.18181037902832 -0.5
endloop
endfacet
facet normal 0 0 1
outer loop
vertex -65.76382446289062 -28.207305908203125 -0.5
vertex -49.975738525390625 -26.5365047454834 -0.5
vertex -63.80535125732422 -24.097942352294922 -0.5
endloop
endfacet
facet normal 0 0 1
outer loop
vertex -49.975738525390625 -26.5365047454834 -0.5
vertex -65.76382446289062 -28.207305908203125 -0.5
vertex -55.672447204589844 -30.064254760742188 -0.5
endloop
endfacet
facet normal 0 0 1
outer loop
vertex 14.094488143920898 -52.876434326171875 -0.5
vertex 20.22355079650879 -57.86720657348633 -0.5
vertex 20.302541732788086 -57.83037185668945 -0.5
endloop
endfacet
facet normal 0 0 1
outer loop
vertex 14.094488143920898 -52.876434326171875 -0.5
vertex 20.126981735229492 -57.9423713684082 -0.5
vertex 20.22355079650879 -57.86720657348633 -0.5
endloop
endfacet
facet normal 0 0 1
outer loop
vertex 14.094488143920898 -52.876434326171875 -0.5
vertex 17.417734146118164 -60.566253662109375 -0.5
vertex 20.126981735229492 -57.9423713684082 -0.5
endloop
endfacet
facet normal 0 0 1
outer loop
vertex 14.094488143920898 -52.876434326171875 -0.5
vertex 13.332965850830078 -53.63795471191406 -0.5
vertex 17.417734146118164 -60.566253662109375 -0.5
endloop
endfacet
facet normal 0 0 1
outer loop
vertex 64.12614440917969 41.69925308227539 -0.5
vertex 66.20989990234375 39.92556381225586 -0.5
vertex 69.99767303466797 42.43084716796875 -0.5
endloop
endfacet
facet normal 0 0 1
outer loop
vertex 66.20989990234375 39.92556381225586 -0.5
vertex 66.33644104003906 39.68037796020508 -0.5
vertex 69.18134307861328 41.622398376464844 -0.5
endloop
endfacet
facet normal 0 0 1
outer loop
vertex -68.93401336669922 -22.58185577392578 -0.5
vertex -65.68598175048828 -21.424264907836914 -0.5
vertex -65.40182495117188 -2.388450860977173 -0.5
endloop
endfacet
facet normal 0 0 1
outer loop
vertex 66.33644104003906 39.68037796020508 -0.5
vertex 70.92771911621094 21.19692039489746 -0.5
vertex 69.18134307861328 41.622398376464844 -0.5
endloop
endfacet
facet normal 0 0 1
outer loop
vertex -71.02349090576172 43.03403854370117 -0.5
vertex -70.93975830078125 43.29962921142578 -0.5
vertex -75.4783935546875 43.92488479614258 -0.5
endloop
endfacet
facet normal 0 0 1
outer loop
vertex -74.92764282226562 45.5550537109375 -0.5
vertex -75.4783935546875 43.92488479614258 -0.5
vertex -72.35220336914062 46.27187728881836 -0.5
endloop
endfacet
facet normal 0 0 1
outer loop
vertex -13.303292274475098 38.74959182739258 -0.5
vertex -12.299582481384277 39.51171875 -0.5
vertex -16.75896453857422 47.584251403808594 -0.5
endloop
endfacet
facet normal 0 0 1
outer loop
vertex 66.48123931884766 45.64274215698242 -0.5
vertex 64.74327087402344 46.250816345214844 -0.5
vertex 64.12614440917969 41.69925308227539 -0.5
endloop
endfacet
facet normal 0 0 1
outer loop
vertex -65.68598175048828 -21.424264907836914 -0.5
vertex -59.46297073364258 14.769927978515625 -0.5
vertex -65.40182495117188 -2.388450860977173 -0.5
endloop
endfacet
facet normal 0 0 1
outer loop
vertex 17.417734146118164 -60.566253662109375 -0.5
vertex 13.332965850830078 -53.63795471191406 -0.5
vertex 13.332965850830078 -58.33734893798828 -0.5
endloop
endfacet
facet normal 0 0 1
outer loop
vertex 17.38128089904785 -60.60270690917969 -0.5
vertex 17.417734146118164 -60.566253662109375 -0.5
vertex 13.332965850830078 -58.33734893798828 -0.5
endloop
endfacet
facet normal 0 0 1
outer loop
vertex 17.294456481933594 -60.753089904785156 -0.5
vertex 17.33129119873047 -60.67409896850586 -0.5
vertex 13.332965850830078 -58.33734893798828 -0.5
endloop
endfacet
facet normal 0 0 1
outer loop
vertex 17.33129119873047 -60.67409896850586 -0.5
vertex 17.38128089904785 -60.60270690917969 -0.5
vertex 13.332965850830078 -58.33734893798828 -0.5
endloop
endfacet
facet normal 0 0 1
outer loop
vertex 17.270004272460938 -60.85894012451172 -0.5
vertex 17.294456481933594 -60.753089904785156 -0.5
vertex 13.332965850830078 -58.33734893798828 -0.5
endloop
endfacet
facet normal 0 0 1
outer loop
vertex 17.270004272460938 -60.85894012451172 -0.5
vertex 13.332965850830078 -58.33734893798828 -0.5
vertex 12.9229154586792 -58.747398376464844 -0.5
endloop
endfacet
facet normal 0 0 1
outer loop
vertex 12.632966041564941 -59.047401428222656 -0.5
vertex 17.270004272460938 -60.85894012451172 -0.5
vertex 12.9229154586792 -58.747398376464844 -0.5
endloop
endfacet
facet normal 0 0 1
outer loop
vertex 14.682181358337402 -63.247398376464844 -0.5
vertex 17.270004272460938 -60.85894012451172 -0.5
vertex 11.839594841003418 -62.23874282836914 -0.5
endloop
endfacet
facet normal 0 0 1
outer loop
vertex -48.45590591430664 -32.52656173706055 -0.5
vertex -55.37983703613281 -30.234310150146484 -0.5
vertex -53.06721878051758 -32.990474700927734 -0.5
endloop
endfacet
facet normal 0 0 1
outer loop
vertex -12.299582481384277 39.51171875 -0.5
vertex -16.627840042114258 47.75910568237305 -0.5
vertex -16.64734649658203 47.7172737121582 -0.5
endloop
endfacet
facet normal 0 0 1
outer loop
vertex -49.975738525390625 -26.5365047454834 -0.5
vertex -55.441471099853516 -30.17267417907715 -0.5
vertex -55.37983703613281 -30.234310150146484 -0.5
endloop
endfacet
facet normal 0 0 1
outer loop
vertex -49.975738525390625 -26.5365047454834 -0.5
vertex -55.672447204589844 -30.064254760742188 -0.5
vertex -55.591854095458984 -30.08584976196289 -0.5
endloop
endfacet
facet normal 0 0 1
outer loop
vertex 12.632966041564941 -58.747398376464844 -0.5
vertex 12.632966041564941 -59.047401428222656 -0.5
vertex 12.9229154586792 -58.747398376464844 -0.5
endloop
endfacet
facet normal 0 0 1
outer loop
vertex 17.270004272460938 -60.85894012451172 -0.5
vertex 12.632966041564941 -59.047401428222656 -0.5
vertex 11.377655029296875 -60.547401428222656 -0.5
endloop
endfacet
facet normal 0 0 1
outer loop
vertex 17.270004272460938 -60.85894012451172 -0.5
vertex 11.377655029296875 -60.547401428222656 -0.5
vertex 11.568997383117676 -60.5854606628418 -0.5
endloop
endfacet
facet normal 0 0 1
outer loop
vertex 17.270004272460938 -60.85894012451172 -0.5
vertex 11.731208801269531 -60.69384765625 -0.5
vertex 11.839594841003418 -60.85606002807617 -0.5
endloop
endfacet
facet normal 0 0 1
outer loop
vertex -12.299582481384277 39.51171875 -0.5
vertex -16.697336196899414 47.64588165283203 -0.5
vertex -16.75896453857422 47.584251403808594 -0.5
endloop
endfacet
facet normal 0 0 1
outer loop
vertex 17.270004272460938 -60.85894012451172 -0.5
vertex 11.568997383117676 -60.5854606628418 -0.5
vertex 11.731208801269531 -60.69384765625 -0.5
endloop
endfacet
facet normal 0 0 1
outer loop
vertex -12.299582481384277 39.51171875 -0.5
vertex -16.64734649658203 47.7172737121582 -0.5
vertex -16.697336196899414 47.64588165283203 -0.5
endloop
endfacet
facet normal 0 0 1
outer loop
vertex 11.877655029296875 -61.047401428222656 -0.5
vertex 17.270004272460938 -60.85894012451172 -0.5
vertex 11.839594841003418 -60.85606002807617 -0.5
endloop
endfacet
facet normal 0 0 1
outer loop
vertex 11.877655029296875 -62.047401428222656 -0.5
vertex 17.270004272460938 -60.85894012451172 -0.5
vertex 11.877655029296875 -61.047401428222656 -0.5
endloop
endfacet
facet normal 0 0 1
outer loop
vertex -9.855844497680664 48.937599182128906 -0.5
vertex 45.09010314941406 53.32917785644531 -0.5
vertex -10.692761421203613 53.43925857543945 -0.5
endloop
endfacet
facet normal 0 0 1
outer loop
vertex 11.877655029296875 -62.047401428222656 -0.5
vertex 11.839594841003418 -62.23874282836914 -0.5
vertex 17.270004272460938 -60.85894012451172 -0.5
endloop
endfacet
facet normal 0 0 1
outer loop
vertex 11.839594841003418 -62.23874282836914 -0.5
vertex 11.731208801269531 -62.40095520019531 -0.5
vertex 14.682181358337402 -63.247398376464844 -0.5
endloop
endfacet
facet normal 0 0 1
outer loop
vertex 11.731208801269531 -62.40095520019531 -0.5
vertex 11.568997383117676 -62.50933837890625 -0.5
vertex 14.682181358337402 -63.247398376464844 -0.5
endloop
endfacet
facet normal 0 0 1
outer loop
vertex -49.975738525390625 -26.5365047454834 -0.5
vertex -55.591854095458984 -30.08584976196289 -0.5
vertex -55.51286315917969 -30.122682571411133 -0.5
endloop
endfacet
facet normal 0 0 1
outer loop
vertex 45.09010314941406 53.32917785644531 -0.5
vertex -9.855844497680664 48.937599182128906 -0.5
vertex 43.88984680175781 48.937599182128906 -0.5
endloop
endfacet
facet normal 0 0 1
outer loop
vertex -49.975738525390625 -26.5365047454834 -0.5
vertex -55.51286315917969 -30.122682571411133 -0.5
vertex -55.441471099853516 -30.17267417907715 -0.5
endloop
endfacet
facet normal 0 0 1
outer loop
vertex 11.568997383117676 -62.50933837890625 -0.5
vertex 6.277655601501465 -62.547401428222656 -0.5
vertex 14.682181358337402 -63.247398376464844 -0.5
endloop
endfacet
facet normal 0 0 1
outer loop
vertex 10.377655029296875 -63.247398376464844 -0.5
vertex 14.682181358337402 -63.247398376464844 -0.5
vertex 6.277655601501465 -62.547401428222656 -0.5
endloop
endfacet
facet normal 0 0 1
outer loop
vertex -48.45590591430664 -32.52656173706055 -0.5
vertex -53.06721878051758 -32.990474700927734 -0.5
vertex -53.01723098754883 -33.06186294555664 -0.5
endloop
endfacet
facet normal 0 0 1
outer loop
vertex -48.45590591430664 -32.52656173706055 -0.5
vertex -53.01723098754883 -33.06186294555664 -0.5
vertex -52.98040008544922 -33.14085388183594 -0.5
endloop
endfacet
facet normal 0 0 1
outer loop
vertex -55.37983703613281 -30.234310150146484 -0.5
vertex -48.45590591430664 -32.52656173706055 -0.5
vertex -49.76487350463867 -30.778364181518555 -0.5
endloop
endfacet
facet normal 0 0 1
outer loop
vertex -52.950260162353516 -33.30817413330078 -0.5
vertex -48.322811126708984 -32.9263801574707 -0.5
vertex -48.45590591430664 -32.52656173706055 -0.5
endloop
endfacet
facet normal 0 0 1
outer loop
vertex -49.76487350463867 -30.778364181518555 -0.5
vertex -49.833351135253906 -30.505033493041992 -0.5
vertex -55.37983703613281 -30.234310150146484 -0.5
endloop
endfacet
facet normal 0 0 1
outer loop
vertex -69.92239379882812 -23.166027069091797 -0.5
vertex -68.93401336669922 -22.58185577392578 -0.5
vertex -70.0834732055664 -22.380794525146484 -0.5
endloop
endfacet
facet normal 0 0 1
outer loop
vertex 64.74327087402344 46.250816345214844 -0.5
vertex 63.86389923095703 41.785003662109375 -0.5
vertex 64.12614440917969 41.69925308227539 -0.5
endloop
endfacet
facet normal 0 0 1
outer loop
vertex -70.93975830078125 43.29962921142578 -0.5
vertex -72.35220336914062 46.27187728881836 -0.5
vertex -75.4783935546875 43.92488479614258 -0.5
endloop
endfacet
facet normal 0 0 1
outer loop
vertex 66.33644104003906 39.68037796020508 -0.5
vertex 71.02102661132812 -13.86514949798584 -0.5
vertex 74.07593536376953 -15.624350547790527 -0.5
endloop
endfacet
facet normal 0 0 1
outer loop
vertex -74.92764282226562 45.5550537109375 -0.5
vertex -72.35220336914062 46.27187728881836 -0.5
vertex -73.49595642089844 47.24235534667969 -0.5
endloop
endfacet
facet normal 0 0 1
outer loop
vertex 66.33644104003906 39.68037796020508 -0.5
vertex 74.07593536376953 -15.624350547790527 -0.5
vertex 72.50182342529297 2.7862844467163086 -0.5
endloop
endfacet
facet normal 0 0 1
outer loop
vertex 64.74327087402344 46.250816345214844 -0.5
vertex 47.03794479370117 40.551963806152344 -0.5
vertex 63.86389923095703 41.785003662109375 -0.5
endloop
endfacet
facet normal 0 0 1
outer loop
vertex -41.06703567504883 -58.33734893798828 -0.5
vertex -41.06703567504883 -53.63795471191406 -0.5
vertex -41.828556060791016 -52.876434326171875 -0.5
endloop
endfacet
facet normal 0 0 1
outer loop
vertex -46.00468826293945 -52.876434326171875 -0.5
vertex -41.06703567504883 -58.33734893798828 -0.5
vertex -41.828556060791016 -52.876434326171875 -0.5
endloop
endfacet
facet normal 0 0 1
outer loop
vertex 29.16232681274414 -52.876434326171875 -0.5
vertex 14.094488143920898 -52.876434326171875 -0.5
vertex 20.302541732788086 -57.83037185668945 -0.5
endloop
endfacet
facet normal 0 0 1
outer loop
vertex 29.16232681274414 -52.876434326171875 -0.5
vertex 20.302541732788086 -57.83037185668945 -0.5
vertex 20.44959831237793 -57.80231475830078 -0.5
endloop
endfacet
facet normal 0 0 1
outer loop
vertex 29.16232681274414 -52.876434326171875 -0.5
vertex 20.44959831237793 -57.80231475830078 -0.5
vertex 30.175676345825195 -57.332889556884766 -0.5
endloop
endfacet
facet normal 0 0 1
outer loop
vertex -46.00468826293945 -52.876434326171875 -0.5
vertex -52.81644821166992 -51.43684387207031 -0.5
vertex -41.06703567504883 -58.33734893798828 -0.5
endloop
endfacet
facet normal 0 0 1
outer loop
vertex -41.06703567504883 -58.33734893798828 -0.5
vertex -52.191287994384766 -53.007694244384766 -0.5
vertex -48.93496322631836 -56.502159118652344 -0.5
endloop
endfacet
facet normal 0 0 1
outer loop
vertex -49.35810470581055 -27.397544860839844 -0.5
vertex -55.37983703613281 -30.234310150146484 -0.5
vertex -49.833351135253906 -30.505033493041992 -0.5
endloop
endfacet
facet normal 0 0 1
outer loop
vertex 72.50182342529297 2.7862844467163086 -0.5
vertex 70.92771911621094 21.19692039489746 -0.5
vertex 66.33644104003906 39.68037796020508 -0.5
endloop
endfacet
facet normal 0 0 1
outer loop
vertex 31.828781127929688 -38.425376892089844 -0.5
vertex 31.480445861816406 -39.028709411621094 -0.5
vertex 36.00809097290039 -43.16594314575195 -0.5
endloop
endfacet
facet normal 0 0 1
outer loop
vertex 31.828781127929688 -38.425376892089844 -0.5
vertex 36.00809097290039 -43.16594314575195 -0.5
vertex 37.32566833496094 -40.88596725463867 -0.5
endloop
endfacet
facet normal 0 0 1
outer loop
vertex 31.828781127929688 -38.425376892089844 -0.5
vertex 37.32566833496094 -40.88596725463867 -0.5
vertex 37.37555694580078 -40.81475067138672 -0.5
endloop
endfacet
facet normal 0 0 1
outer loop
vertex 12.632966041564941 -59.047401428222656 -0.5
vertex 0.37765538692474365 -60.547401428222656 -0.5
vertex 11.377655029296875 -60.547401428222656 -0.5
endloop
endfacet
facet normal 0 0 1
outer loop
vertex 6.277655601501465 -62.547401428222656 -0.5
vertex 10.377655029296875 -63.82550048828125 -0.5
vertex 10.377655029296875 -63.247398376464844 -0.5
endloop
endfacet
facet normal 0 0 1
outer loop
vertex 10.377655029296875 -63.82550048828125 -0.5
vertex 6.277655601501465 -62.547401428222656 -0.5
vertex 9.877655029296875 -64.17560577392578 -0.5
endloop
endfacet
facet normal 0 0 1
outer loop
vertex -16.75896453857422 47.584251403808594 -0.5
vertex -16.858125686645508 47.519378662109375 -0.5
vertex -13.303292274475098 38.74959182739258 -0.5
endloop
endfacet
facet normal 0 0 1
outer loop
vertex -12.299582481384277 39.51171875 -0.5
vertex -12.16593074798584 46.67024230957031 -0.5
vertex -16.627840042114258 47.75910568237305 -0.5
endloop
endfacet
facet normal 0 0 1
outer loop
vertex 71.20164489746094 -20.7374210357666 -0.5
vertex 74.94303894042969 -16.371931076049805 -0.5
vertex 68.63467407226562 -16.521764755249023 -0.5
endloop
endfacet
facet normal 0 0 1
outer loop
vertex -13.303292274475098 38.74959182739258 -0.5
vertex -16.858125686645508 47.519378662109375 -0.5
vertex -20.022132873535156 45.94949722290039 -0.5
endloop
endfacet
facet normal 0 0 1
outer loop
vertex -13.303292274475098 38.74959182739258 -0.5
vertex -20.022132873535156 45.94949722290039 -0.5
vertex -20.073354721069336 45.927547454833984 -0.5
endloop
endfacet
facet normal 0 0 1
outer loop
vertex -20.073354721069336 45.927547454833984 -0.5
vertex -20.352426528930664 45.91067886352539 -0.5
vertex -13.303292274475098 38.74959182739258 -0.5
endloop
endfacet
facet normal 0 0 1
outer loop
vertex 68.29247283935547 -16.948144912719727 -0.5
vertex 71.20164489746094 -20.7374210357666 -0.5
vertex 68.63467407226562 -16.521764755249023 -0.5
endloop
endfacet
facet normal 0 0 1
outer loop
vertex 9.877655029296875 -64.17560577392578 -0.5
vertex 6.277655601501465 -62.547401428222656 -0.5
vertex 8.613816261291504 -64.76493835449219 -0.5
endloop
endfacet
facet normal 0 0 1
outer loop
vertex 68.29247283935547 -16.948144912719727 -0.5
vertex 68.19678497314453 -17.30524444580078 -0.5
vertex 71.20164489746094 -20.7374210357666 -0.5
endloop
endfacet
facet normal 0 0 1
outer loop
vertex 68.19678497314453 -17.30524444580078 -0.5
vertex 68.02725982666016 -17.52617645263672 -0.5
vertex 71.20164489746094 -20.7374210357666 -0.5
endloop
endfacet
facet normal 0 0 1
outer loop
vertex 0.186313658952713 -62.50933837890625 -0.5
vertex 0.02410198748111725 -62.40095520019531 -0.5
vertex -44.755035400390625 -61.20625305175781 -0.5
endloop
endfacet
facet normal 0 0 1
outer loop
vertex 0.37765538692474365 -62.547401428222656 -0.5
vertex 0.186313658952713 -62.50933837890625 -0.5
vertex -44.755035400390625 -61.20625305175781 -0.5
endloop
endfacet
facet normal 0 0 1
outer loop
vertex 0.02410198748111725 -62.40095520019531 -0.5
vertex -0.08428438752889633 -62.23874282836914 -0.5
vertex -40.367034912109375 -59.047401428222656 -0.5
endloop
endfacet
facet normal 0 0 1
outer loop
vertex -44.755035400390625 -61.20625305175781 -0.5
vertex 5.477655410766602 -62.90752029418945 -0.5
vertex 0.37765538692474365 -62.547401428222656 -0.5
endloop
endfacet
facet normal 0 0 1
outer loop
vertex -48.322811126708984 -50.558311462402344 -0.5
vertex -52.950260162353516 -33.30817413330078 -0.5
vertex -52.81644821166992 -51.43684387207031 -0.5
endloop
endfacet
facet normal 0 0 1
outer loop
vertex -0.08428438752889633 -62.23874282836914 -0.5
vertex -0.12234462052583694 -62.047401428222656 -0.5
vertex -40.367034912109375 -59.047401428222656 -0.5
endloop
endfacet
facet normal 0 0 1
outer loop
vertex -0.12234462052583694 -62.047401428222656 -0.5
vertex -0.12234462052583694 -61.047401428222656 -0.5
vertex -40.367034912109375 -59.047401428222656 -0.5
endloop
endfacet
facet normal 0 0 1
outer loop
vertex -0.12234462052583694 -61.047401428222656 -0.5
vertex -0.08428438752889633 -60.85606002807617 -0.5
vertex -40.367034912109375 -59.047401428222656 -0.5
endloop
endfacet
facet normal 0 0 1
outer loop
vertex -0.08428438752889633 -60.85606002807617 -0.5
vertex 0.02410198748111725 -60.69384765625 -0.5
vertex -40.367034912109375 -59.047401428222656 -0.5
endloop
endfacet
facet normal 0 0 1
outer loop
vertex 0.02410198748111725 -60.69384765625 -0.5
vertex 0.186313658952713 -60.5854606628418 -0.5
vertex -40.367034912109375 -59.047401428222656 -0.5
endloop
endfacet
facet normal 0 0 1
outer loop
vertex 6.277655601501465 -62.547401428222656 -0.5
vertex 7.266840934753418 -65.12586212158203 -0.5
vertex 8.613816261291504 -64.76493835449219 -0.5
endloop
endfacet
facet normal 0 0 1
outer loop
vertex 71.20164489746094 -20.7374210357666 -0.5
vertex 68.02725982666016 -17.52617645263672 -0.5
vertex 70.63031005859375 -21.215747833251953 -0.5
endloop
endfacet
facet normal 0 0 1
outer loop
vertex 6.277655601501465 -62.547401428222656 -0.5
vertex 6.277655601501465 -65.21240234375 -0.5
vertex 7.266840934753418 -65.12586212158203 -0.5
endloop
endfacet
facet normal 0 0 1
outer loop
vertex 31.646312713623047 -56.71266555786133 -0.5
vertex 29.16232681274414 -52.876434326171875 -0.5
vertex 30.175676345825195 -57.332889556884766 -0.5
endloop
endfacet
facet normal 0 0 1
outer loop
vertex 29.419605255126953 -52.769866943359375 -0.5
vertex 29.16232681274414 -52.876434326171875 -0.5
vertex 31.646312713623047 -56.71266555786133 -0.5
endloop
endfacet
facet normal 0 0 1
outer loop
vertex 31.646312713623047 -56.71266555786133 -0.5
vertex 35.119022369384766 -53.47660827636719 -0.5
vertex 29.419605255126953 -52.769866943359375 -0.5
endloop
endfacet
facet normal 0 0 1
outer loop
vertex 31.373878479003906 -50.81559371948242 -0.5
vertex 29.419605255126953 -52.769866943359375 -0.5
vertex 35.119022369384766 -53.47660827636719 -0.5
endloop
endfacet
facet normal 0 0 1
outer loop
vertex 31.480445861816406 -50.558311462402344 -0.5
vertex 31.373878479003906 -50.81559371948242 -0.5
vertex 35.119022369384766 -53.47660827636719 -0.5
endloop
endfacet
facet normal 0 0 1
outer loop
vertex -10.11047649383545 48.833518981933594 -0.5
vertex -10.692761421203613 53.43925857543945 -0.5
vertex -12.270127296447754 52.82817840576172 -0.5
endloop
endfacet
facet normal 0 0 1
outer loop
vertex 5.477655410766602 -62.90752029418945 -0.5
vertex 5.477655410766602 -62.547401428222656 -0.5
vertex 0.37765538692474365 -62.547401428222656 -0.5
endloop
endfacet
facet normal 0 0 1
outer loop
vertex 5.477655410766602 -65.21240234375 -0.5
vertex 5.477655410766602 -62.90752029418945 -0.5
vertex 1.3776553869247437 -63.247398376464844 -0.5
endloop
endfacet
facet normal 0 0 1
outer loop
vertex 0.186313658952713 -60.5854606628418 -0.5
vertex 0.37765538692474365 -60.547401428222656 -0.5
vertex -40.367034912109375 -59.047401428222656 -0.5
endloop
endfacet
facet normal 0 0 1
outer loop
vertex 68.02725982666016 -17.52617645263672 -0.5
vertex 37.50520324707031 -40.70549774169922 -0.5
vertex 70.63031005859375 -21.215747833251953 -0.5
endloop
endfacet
facet normal 0 0 1
outer loop
vertex 5.477655410766602 -65.21240234375 -0.5
vertex 3.1414942741394043 -64.76493835449219 -0.5
vertex 4.488470077514648 -65.12586212158203 -0.5
endloop
endfacet
facet normal 0 0 1
outer loop
vertex -52.191287994384766 -53.007694244384766 -0.5
vertex -41.06703567504883 -58.33734893798828 -0.5
vertex -52.81644821166992 -51.43684387207031 -0.5
endloop
endfacet
facet normal 0 0 1
outer loop
vertex -46.26197052001953 -52.769866943359375 -0.5
vertex -48.21623992919922 -50.81559371948242 -0.5
vertex -52.81644821166992 -51.43684387207031 -0.5
endloop
endfacet
facet normal 0 0 1
outer loop
vertex -46.00468826293945 -52.876434326171875 -0.5
vertex -46.26197052001953 -52.769866943359375 -0.5
vertex -52.81644821166992 -51.43684387207031 -0.5
endloop
endfacet
facet normal 0 0 1
outer loop
vertex -48.21623992919922 -50.81559371948242 -0.5
vertex -48.322811126708984 -50.558311462402344 -0.5
vertex -52.81644821166992 -51.43684387207031 -0.5
endloop
endfacet
facet normal 0 0 1
outer loop
vertex -40.367034912109375 -59.047401428222656 -0.5
vertex 0.37765538692474365 -60.547401428222656 -0.5
vertex 12.632966041564941 -59.047401428222656 -0.5
endloop
endfacet
facet normal 0 0 1
outer loop
vertex -20.352426528930664 45.91067886352539 -0.5
vertex -40.071712493896484 45.677757263183594 -0.5
vertex -13.303292274475098 38.74959182739258 -0.5
endloop
endfacet
facet normal 0 0 1
outer loop
vertex -40.071712493896484 45.677757263183594 -0.5
vertex -20.352426528930664 45.91067886352539 -0.5
vertex -37.206260681152344 49.65114212036133 -0.5
endloop
endfacet
facet normal 0 0 1
outer loop
vertex -66.87938690185547 -2.129997730255127 -0.5
vertex -65.40182495117188 -2.388450860977173 -0.5
vertex -63.585174560546875 16.702911376953125 -0.5
endloop
endfacet
facet normal 0 0 1
outer loop
vertex -63.585174560546875 16.702911376953125 -0.5
vertex -65.40182495117188 -2.388450860977173 -0.5
vertex -59.46297073364258 14.769927978515625 -0.5
endloop
endfacet
facet normal 0 0 1
outer loop
vertex -62.55475616455078 18.264888763427734 -0.5
vertex -63.585174560546875 16.702911376953125 -0.5
vertex -59.46297073364258 14.769927978515625 -0.5
endloop
endfacet
facet normal 0 0 1
outer loop
vertex -62.55475616455078 18.264888763427734 -0.5
vertex -59.46297073364258 14.769927978515625 -0.5
vertex -59.313682556152344 15.005926132202148 -0.5
endloop
endfacet
facet normal 0 0 1
outer loop
vertex -62.55475616455078 18.264888763427734 -0.5
vertex -59.313682556152344 15.005926132202148 -0.5
vertex -60.54422378540039 19.577329635620117 -0.5
endloop
endfacet
facet normal 0 0 1
outer loop
vertex -59.313682556152344 15.005926132202148 -0.5
vertex -60.49496841430664 19.611818313598633 -0.5
vertex -60.54422378540039 19.577329635620117 -0.5
endloop
endfacet
facet normal 0 0 1
outer loop
vertex 69.1607666015625 -16.247900009155273 -0.5
vertex 68.63467407226562 -16.521764755249023 -0.5
vertex 74.07593536376953 -15.624350547790527 -0.5
endloop
endfacet
facet normal 0 0 1
outer loop
vertex -59.313682556152344 15.005926132202148 -0.5
vertex -60.43334197998047 19.673446655273438 -0.5
vertex -60.49496841430664 19.611818313598633 -0.5
endloop
endfacet
facet normal 0 0 1
outer loop
vertex -59.313682556152344 15.005926132202148 -0.5
vertex -57.046363830566406 16.60073471069336 -0.5
vertex -60.38335037231445 19.74483871459961 -0.5
endloop
endfacet
facet normal 0 0 1
outer loop
vertex -38.450782775878906 50.26543045043945 -0.5
vertex -38.545806884765625 50.32823181152344 -0.5
vertex -40.343563079833984 45.82242965698242 -0.5
endloop
endfacet
facet normal 0 0 1
outer loop
vertex -37.324256896972656 49.69343185424805 -0.5
vertex -40.071712493896484 45.677757263183594 -0.5
vertex -37.268898010253906 49.66940689086914 -0.5
endloop
endfacet
facet normal 0 0 1
outer loop
vertex -40.071712493896484 45.677757263183594 -0.5
vertex -37.206260681152344 49.65114212036133 -0.5
vertex -37.268898010253906 49.66940689086914 -0.5
endloop
endfacet
facet normal 0 0 1
outer loop
vertex -37.324256896972656 49.69343185424805 -0.5
vertex -38.450782775878906 50.26543045043945 -0.5
vertex -40.343563079833984 45.82242965698242 -0.5
endloop
endfacet
facet normal 0 0 1
outer loop
vertex -57.046363830566406 16.60073471069336 -0.5
vertex -60.32395935058594 19.908016204833984 -0.5
vertex -60.346519470214844 19.823829650878906 -0.5
endloop
endfacet
facet normal 0 0 1
outer loop
vertex -57.046363830566406 16.60073471069336 -0.5
vertex -60.346519470214844 19.823829650878906 -0.5
vertex -60.38335037231445 19.74483871459961 -0.5
endloop
endfacet
facet normal 0 0 1
outer loop
vertex -38.545806884765625 50.32823181152344 -0.5
vertex -54.89052200317383 58.705970764160156 -0.5
vertex -40.343563079833984 45.82242965698242 -0.5
endloop
endfacet
facet normal 0 0 1
outer loop
vertex -57.046363830566406 16.60073471069336 -0.5
vertex -60.317352294921875 19.963409423828125 -0.5
vertex -60.32395935058594 19.908016204833984 -0.5
endloop
endfacet
facet normal 0 0 1
outer loop
vertex -54.89052200317383 58.705970764160156 -0.5
vertex -38.545806884765625 50.32823181152344 -0.5
vertex -52.56864547729492 62.656471252441406 -0.5
endloop
endfacet
facet normal 0 0 1
outer loop
vertex -54.19803237915039 63.23565673828125 -0.5
vertex -59.0889892578125 61.90316390991211 -0.5
vertex -52.56864547729492 62.656471252441406 -0.5
endloop
endfacet
facet normal 0 0 1
outer loop
vertex -54.89052200317383 58.705970764160156 -0.5
vertex -52.56864547729492 62.656471252441406 -0.5
vertex -59.0889892578125 61.90316390991211 -0.5
endloop
endfacet
facet normal 0 0 1
outer loop
vertex -55.15898513793945 58.796566009521484 -0.5
vertex -54.89052200317383 58.705970764160156 -0.5
vertex -59.0889892578125 61.90316390991211 -0.5
endloop
endfacet
facet normal 0 0 1
outer loop
vertex -57.046363830566406 16.60073471069336 -0.5
vertex -60.00364685058594 24.9720401763916 -0.5
vertex -60.317352294921875 19.963409423828125 -0.5
endloop
endfacet
facet normal 0 0 1
outer loop
vertex -57.046363830566406 16.60073471069336 -0.5
vertex -55.248470306396484 27.246137619018555 -0.5
vertex -60.00364685058594 24.9720401763916 -0.5
endloop
endfacet
facet normal 0 0 1
outer loop
vertex -74.40282440185547 37.45072555541992 -0.5
vertex -60.1776237487793 25.384492874145508 -0.5
vertex -55.514060974121094 27.329877853393555 -0.5
endloop
endfacet
facet normal 0 0 1
outer loop
vertex -37.324256896972656 49.69343185424805 -0.5
vertex -40.343563079833984 45.82242965698242 -0.5
vertex -40.071712493896484 45.677757263183594 -0.5
endloop
endfacet
facet normal 0 0 1
outer loop
vertex -60.00850296020508 25.09018325805664 -0.5
vertex -60.00364685058594 24.9720401763916 -0.5
vertex -55.514060974121094 27.329877853393555 -0.5
endloop
endfacet
facet normal 0 0 1
outer loop
vertex -60.03105926513672 25.17436981201172 -0.5
vertex -60.00850296020508 25.09018325805664 -0.5
vertex -55.514060974121094 27.329877853393555 -0.5
endloop
endfacet
facet normal 0 0 1
outer loop
vertex -60.067893981933594 25.253358840942383 -0.5
vertex -60.03105926513672 25.17436981201172 -0.5
vertex -55.514060974121094 27.329877853393555 -0.5
endloop
endfacet
facet normal 0 0 1
outer loop
vertex -55.514060974121094 27.329877853393555 -0.5
vertex -60.1776237487793 25.384492874145508 -0.5
vertex -60.11788558959961 25.324752807617188 -0.5
endloop
endfacet
facet normal 0 0 1
outer loop
vertex -60.067893981933594 25.253358840942383 -0.5
vertex -55.514060974121094 27.329877853393555 -0.5
vertex -60.11788558959961 25.324752807617188 -0.5
endloop
endfacet
facet normal 0 0 1
outer loop
vertex -43.001956939697266 14.233131408691406 -0.5
vertex -42.12106704711914 14.847249031066895 -0.5
vertex -56.77379608154297 16.661466598510742 -0.5
endloop
endfacet
facet normal 0 0 1
outer loop
vertex -54.19803237915039 63.23565673828125 -0.5
vertex -59.08406448364258 63.049293518066406 -0.5
vertex -59.945831298828125 62.63019561767578 -0.5
endloop
endfacet
facet normal 0 0 1
outer loop
vertex -57.046363830566406 16.60073471069336 -0.5
vertex -56.77379608154297 16.661466598510742 -0.5
vertex -55.248470306396484 27.246137619018555 -0.5
endloop
endfacet
facet normal 0 0 1
outer loop
vertex -59.0889892578125 61.90316390991211 -0.5
vertex -54.19803237915039 63.23565673828125 -0.5
vertex -59.945831298828125 62.63019561767578 -0.5
endloop
endfacet
facet normal 0 0 1
outer loop
vertex -56.77379608154297 16.661466598510742 -0.5
vertex -50.42256546020508 25.313949584960938 -0.5
vertex -52.49522399902344 27.487022399902344 -0.5
endloop
endfacet
facet normal 0 0 1
outer loop
vertex -56.77379608154297 16.661466598510742 -0.5
vertex -48.81977081298828 22.750944137573242 -0.5
vertex -49.04070281982422 22.92047119140625 -0.5
endloop
endfacet
facet normal 0 0 1
outer loop
vertex -56.77379608154297 16.661466598510742 -0.5
vertex -49.04070281982422 22.92047119140625 -0.5
vertex -50.42256546020508 25.313949584960938 -0.5
endloop
endfacet
facet normal 0 0 1
outer loop
vertex -57.96697235107422 58.588626861572266 -0.5
vertex -55.15898513793945 58.796566009521484 -0.5
vertex -59.0889892578125 61.90316390991211 -0.5
endloop
endfacet
facet normal 0 0 1
outer loop
vertex -56.77379608154297 16.661466598510742 -0.5
vertex -41.73454666137695 20.852415084838867 -0.5
vertex -48.81977081298828 22.750944137573242 -0.5
endloop
endfacet
facet normal 0 0 1
outer loop
vertex 46.20796585083008 41.32334518432617 -0.5
vertex 47.03794479370117 40.551963806152344 -0.5
vertex 50.963138580322266 47.20117950439453 -0.5
endloop
endfacet
facet normal 0 0 1
outer loop
vertex 46.20796585083008 46.61948013305664 -0.5
vertex 46.20796585083008 41.32334518432617 -0.5
vertex 50.963138580322266 47.20117950439453 -0.5
endloop
endfacet
facet normal 0 0 1
outer loop
vertex 47.03794479370117 40.551963806152344 -0.5
vertex 51.031612396240234 47.152889251708984 -0.5
vertex 50.963138580322266 47.20117950439453 -0.5
endloop
endfacet
facet normal 0 0 1
outer loop
vertex 46.10139846801758 46.87675857543945 -0.5
vertex 46.20796585083008 46.61948013305664 -0.5
vertex 50.83451461791992 47.370670318603516 -0.5
endloop
endfacet
facet normal 0 0 1
outer loop
vertex 50.901512145996094 47.26280975341797 -0.5
vertex 50.83451461791992 47.370670318603516 -0.5
vertex 46.20796585083008 46.61948013305664 -0.5
endloop
endfacet
facet normal 0 0 1
outer loop
vertex 50.963138580322266 47.20117950439453 -0.5
vertex 50.901512145996094 47.26280975341797 -0.5
vertex 46.20796585083008 46.61948013305664 -0.5
endloop
endfacet
facet normal 0 0 1
outer loop
vertex 47.03794479370117 40.551963806152344 -0.5
vertex 53.687870025634766 45.59559631347656 -0.5
vertex 51.031612396240234 47.152889251708984 -0.5
endloop
endfacet
facet normal 0 0 1
outer loop
vertex 47.03794479370117 40.551963806152344 -0.5
vertex 53.76963806152344 45.55681610107422 -0.5
vertex 53.687870025634766 45.59559631347656 -0.5
endloop
endfacet
facet normal 0 0 1
outer loop
vertex 47.03794479370117 40.551963806152344 -0.5
vertex 53.974021911621094 45.52958297729492 -0.5
vertex 53.853824615478516 45.53425979614258 -0.5
endloop
endfacet
facet normal 0 0 1
outer loop
vertex 47.03794479370117 40.551963806152344 -0.5
vertex 53.853824615478516 45.53425979614258 -0.5
vertex 53.76963806152344 45.55681610107422 -0.5
endloop
endfacet
facet normal 0 0 1
outer loop
vertex 31.828781127929688 -38.425376892089844 -0.5
vertex 37.37555694580078 -40.81475067138672 -0.5
vertex 37.43718338012695 -40.75312423706055 -0.5
endloop
endfacet
facet normal 0 0 1
outer loop
vertex -56.77379608154297 16.661466598510742 -0.5
vertex -52.49522399902344 27.487022399902344 -0.5
vertex -55.248470306396484 27.246137619018555 -0.5
endloop
endfacet
facet normal 0 0 1
outer loop
vertex -55.248470306396484 27.246137619018555 -0.5
vertex -55.514060974121094 27.329877853393555 -0.5
vertex -60.00364685058594 24.9720401763916 -0.5
endloop
endfacet
facet normal 0 0 1
outer loop
vertex -50.42256546020508 25.313949584960938 -0.5
vertex -50.45891571044922 25.590044021606445 -0.5
vertex -52.49522399902344 27.487022399902344 -0.5
endloop
endfacet
facet normal 0 0 1
outer loop
vertex 31.828781127929688 -38.425376892089844 -0.5
vertex 37.43718338012695 -40.75312423706055 -0.5
vertex 37.50520324707031 -40.70549774169922 -0.5
endloop
endfacet
facet normal 0 0 1
outer loop
vertex -40.367034912109375 -59.047401428222656 -0.5
vertex -40.367034912109375 -58.747398376464844 -0.5
vertex -40.656982421875 -58.747398376464844 -0.5
endloop
endfacet
facet normal 0 0 1
outer loop
vertex -40.367034912109375 -59.047401428222656 -0.5
vertex -40.656982421875 -58.747398376464844 -0.5
vertex -45.05800247192383 -59.6923828125 -0.5
endloop
endfacet
facet normal 0 0 1
outer loop
vertex -58.21916198730469 58.459476470947266 -0.5
vertex -57.96697235107422 58.588626861572266 -0.5
vertex -59.0889892578125 61.90316390991211 -0.5
endloop
endfacet
facet normal 0 0 1
outer loop
vertex -40.656982421875 -58.747398376464844 -0.5
vertex -41.06703567504883 -58.33734893798828 -0.5
vertex -45.05800247192383 -59.6923828125 -0.5
endloop
endfacet
facet normal 0 0 1
outer loop
vertex -41.06703567504883 -58.33734893798828 -0.5
vertex -45.11448669433594 -59.540061950683594 -0.5
vertex -45.07765197753906 -59.61905288696289 -0.5
endloop
endfacet
facet normal 0 0 1
outer loop
vertex 5.477655410766602 -65.21240234375 -0.5
vertex 1.8776553869247437 -64.17560577392578 -0.5
vertex 3.1414942741394043 -64.76493835449219 -0.5
endloop
endfacet
facet normal 0 0 1
outer loop
vertex 5.477655410766602 -65.21240234375 -0.5
vertex 1.3776553869247437 -63.247398376464844 -0.5
vertex 1.8776553869247437 -64.17560577392578 -0.5
endloop
endfacet
facet normal 0 0 1
outer loop
vertex 1.3776553869247437 -63.247398376464844 -0.5
vertex 1.3776553869247437 -63.82550048828125 -0.5
vertex 1.8776553869247437 -64.17560577392578 -0.5
endloop
endfacet
facet normal 0 0 1
outer loop
vertex 68.02725982666016 -17.52617645263672 -0.5
vertex 31.828781127929688 -38.425376892089844 -0.5
vertex 37.50520324707031 -40.70549774169922 -0.5
endloop
endfacet
facet normal 0 0 1
outer loop
vertex 35.86532211303711 -51.78205108642578 -0.5
vertex 31.480445861816406 -50.558311462402344 -0.5
vertex 35.119022369384766 -53.47660827636719 -0.5
endloop
endfacet
facet normal 0 0 1
outer loop
vertex -52.98040008544922 -33.14085388183594 -0.5
vertex -52.950260162353516 -33.30817413330078 -0.5
vertex -48.45590591430664 -32.52656173706055 -0.5
endloop
endfacet
facet normal 0 0 1
outer loop
vertex -55.37983703613281 -30.234310150146484 -0.5
vertex -49.35810470581055 -27.397544860839844 -0.5
vertex -49.975738525390625 -26.5365047454834 -0.5
endloop
endfacet
facet normal 0 0 1
outer loop
vertex -52.950260162353516 -33.30817413330078 -0.5
vertex -48.322811126708984 -50.558311462402344 -0.5
vertex -48.322811126708984 -32.9263801574707 -0.5
endloop
endfacet
facet normal 0 0 1
outer loop
vertex 47.03794479370117 40.551963806152344 -0.5
vertex 64.74327087402344 46.250816345214844 -0.5
vertex 53.974021911621094 45.52958297729492 -0.5
endloop
endfacet
facet normal 0 0 1
outer loop
vertex -40.367034912109375 -59.047401428222656 -0.5
vertex -45.05800247192383 -59.6923828125 -0.5
vertex 0.02410198748111725 -62.40095520019531 -0.5
endloop
endfacet
facet normal 0 0 1
outer loop
vertex -50.45891571044922 25.590044021606445 -0.5
vertex -51.4063835144043 28.053842544555664 -0.5
vertex -52.49522399902344 27.487022399902344 -0.5
endloop
endfacet
facet normal 0 0 1
outer loop
vertex -50.45891571044922 25.590044021606445 -0.5
vertex -50.08327865600586 26.991941452026367 -0.5
vertex -51.4063835144043 28.053842544555664 -0.5
endloop
endfacet
facet normal 0 0 1
outer loop
vertex -42.12106704711914 14.847249031066895 -0.5
vertex -41.191402435302734 19.995969772338867 -0.5
vertex -56.77379608154297 16.661466598510742 -0.5
endloop
endfacet
facet normal 0 0 1
outer loop
vertex -41.73454666137695 20.852415084838867 -0.5
vertex -56.77379608154297 16.661466598510742 -0.5
vertex -41.191402435302734 19.995969772338867 -0.5
endloop
endfacet
facet normal 0 0 1
outer loop
vertex -70.93975830078125 43.29962921142578 -0.5
vertex -58.21916198730469 58.459476470947266 -0.5
vertex -59.0889892578125 61.90316390991211 -0.5
endloop
endfacet
facet normal 0 0 1
outer loop
vertex -41.06703567504883 -58.33734893798828 -0.5
vertex -45.15717315673828 -59.47909927368164 -0.5
vertex -45.11448669433594 -59.540061950683594 -0.5
endloop
endfacet
facet normal 0 0 1
outer loop
vertex -70.93975830078125 43.29962921142578 -0.5
vertex -59.0889892578125 61.90316390991211 -0.5
vertex -72.35220336914062 46.27187728881836 -0.5
endloop
endfacet
facet normal 0 0 1
outer loop
vertex 0.02410198748111725 -62.40095520019531 -0.5
vertex -45.05800247192383 -59.6923828125 -0.5
vertex -44.755035400390625 -61.20625305175781 -0.5
endloop
endfacet
facet normal 0 0 1
outer loop
vertex -42.266326904296875 -63.247398376464844 -0.5
vertex 1.3776553869247437 -63.247398376464844 -0.5
vertex -44.755035400390625 -61.20625305175781 -0.5
endloop
endfacet
facet normal 0 0 1
outer loop
vertex 31.480445861816406 -39.028709411621094 -0.5
vertex 31.480445861816406 -50.558311462402344 -0.5
vertex 35.86532211303711 -51.78205108642578 -0.5
endloop
endfacet
facet normal 0 0 1
outer loop
vertex -10.11047649383545 48.833518981933594 -0.5
vertex -9.855844497680664 48.937599182128906 -0.5
vertex -10.692761421203613 53.43925857543945 -0.5
endloop
endfacet
facet normal 0 0 1
outer loop
vertex -12.057113647460938 46.92288589477539 -0.5
vertex -10.11047649383545 48.833518981933594 -0.5
vertex -12.270127296447754 52.82817840576172 -0.5
endloop
endfacet
facet normal 0 0 1
outer loop
vertex -12.057113647460938 46.92288589477539 -0.5
vertex -12.270127296447754 52.82817840576172 -0.5
vertex -15.765557289123535 49.62898254394531 -0.5
endloop
endfacet
facet normal 0 0 1
outer loop
vertex 45.09010314941406 53.32917785644531 -0.5
vertex 43.88984680175781 48.937599182128906 -0.5
vertex 44.147125244140625 48.831031799316406 -0.5
endloop
endfacet
facet normal 0 0 1
outer loop
vertex 44.147125244140625 48.831031799316406 -0.5
vertex 46.10139846801758 46.87675857543945 -0.5
vertex 49.97494125366211 49.17778778076172 -0.5
endloop
endfacet
facet normal 0 0 1
outer loop
vertex 45.09010314941406 53.32917785644531 -0.5
vertex 44.147125244140625 48.831031799316406 -0.5
vertex 49.97494125366211 49.17778778076172 -0.5
endloop
endfacet
facet normal 0 0 1
outer loop
vertex 31.480445861816406 -39.028709411621094 -0.5
vertex 35.86532211303711 -51.78205108642578 -0.5
vertex 35.94137954711914 -43.41159439086914 -0.5
endloop
endfacet
facet normal 0 0 1
outer loop
vertex 46.802490234375 52.58224105834961 -0.5
vertex 45.09010314941406 53.32917785644531 -0.5
vertex 49.97494125366211 49.17778778076172 -0.5
endloop
endfacet
facet normal 0 0 1
outer loop
vertex 31.480445861816406 -39.028709411621094 -0.5
vertex 35.94137954711914 -43.41159439086914 -0.5
vertex 35.948577880859375 -43.329288482666016 -0.5
endloop
endfacet
facet normal 0 0 1
outer loop
vertex 46.10139846801758 46.87675857543945 -0.5
vertex 50.83451461791992 47.370670318603516 -0.5
vertex 49.97494125366211 49.17778778076172 -0.5
endloop
endfacet
facet normal 0 0 1
outer loop
vertex 31.480445861816406 -39.028709411621094 -0.5
vertex 35.948577880859375 -43.329288482666016 -0.5
vertex 35.97113800048828 -43.24510192871094 -0.5
endloop
endfacet
facet normal 0 0 1
outer loop
vertex 31.480445861816406 -39.028709411621094 -0.5
vertex 35.97113800048828 -43.24510192871094 -0.5
vertex 36.00809097290039 -43.16594314575195 -0.5
endloop
endfacet
facet normal 0 0 1
outer loop
vertex -12.16593074798584 46.67024230957031 -0.5
vertex -15.765557289123535 49.62898254394531 -0.5
vertex -16.627840042114258 47.75910568237305 -0.5
endloop
endfacet
facet normal 0 0 1
outer loop
vertex -41.06703567504883 -58.33734893798828 -0.5
vertex -48.93496322631836 -56.502159118652344 -0.5
vertex -46.85409927368164 -57.439308166503906 -0.5
endloop
endfacet
facet normal 0 0 1
outer loop
vertex -41.06703567504883 -58.33734893798828 -0.5
vertex -45.07765197753906 -59.61905288696289 -0.5
vertex -45.05800247192383 -59.6923828125 -0.5
endloop
endfacet
facet normal 0 0 1
outer loop
vertex -41.06703567504883 -58.33734893798828 -0.5
vertex -46.667964935302734 -57.58272171020508 -0.5
vertex -45.15717315673828 -59.47909927368164 -0.5
endloop
endfacet
facet normal 0 0 1
outer loop
vertex -41.06703567504883 -58.33734893798828 -0.5
vertex -46.85409927368164 -57.439308166503906 -0.5
vertex -46.808292388916016 -57.460670471191406 -0.5
endloop
endfacet
facet normal 0 0 1
outer loop
vertex -12.16593074798584 46.67024230957031 -0.5
vertex -12.057113647460938 46.92288589477539 -0.5
vertex -15.765557289123535 49.62898254394531 -0.5
endloop
endfacet
facet normal 0 0 1
outer loop
vertex -59.313682556152344 15.005926132202148 -0.5
vertex -60.38335037231445 19.74483871459961 -0.5
vertex -60.43334197998047 19.673446655273438 -0.5
endloop
endfacet
facet normal -0.08518882140027731 0.9963648251059577 -7.793001985101089e-8
outer loop
vertex 74.07593536376953 -15.624350547790527 -1
vertex 75.21524047851562 -15.52694034576416 -0.5
vertex 75.75542449951172 -15.480754852294922 -1
endloop
endfacet
facet normal -0.08518885535275869 0.9963648222030357 0
outer loop
vertex 74.07593536376953 -15.624350547790527 -0.5
vertex 75.21524047851562 -15.52694034576416 -0.5
vertex 74.07593536376953 -15.624350547790527 -1
endloop
endfacet
facet normal 0.9963647814466089 0.08518933203665474 0
outer loop
vertex 72.50182342529297 2.7862844467163086 -1
vertex 74.07593536376953 -15.624350547790527 -0.5
vertex 74.07593536376953 -15.624350547790527 -1
endloop
endfacet
facet normal 0 0 1
outer loop
vertex 72.50182342529297 2.7862844467163086 -1
vertex 74.07593536376953 -15.624350547790527 -1
vertex 75.75542449951172 -15.480754852294922 -1
endloop
endfacet
facet normal 0 0 1
outer loop
vertex 72.32955932617188 4.801127910614014 -1
vertex 75.75542449951172 -15.480754852294922 -1
vertex 76.00476837158203 -14.70669937133789 -1
endloop
endfacet
facet normal 0.9963647814466089 0.08518933203665474 0
outer loop
vertex 74.07593536376953 -15.624350547790527 -0.5
vertex 72.50182342529297 2.7862844467163086 -1
vertex 72.50182342529297 2.7862844467163086 -0.5
endloop
endfacet
facet normal 0 0 1
outer loop
vertex 75.75542449951172 -15.480754852294922 -1
vertex 72.32955932617188 4.801127910614014 -1
vertex 72.50182342529297 2.7862844467163086 -1
endloop
endfacet
facet normal 0 0 1
outer loop
vertex 76.00476837158203 -14.70669937133789 -1
vertex 74.3222885131836 4.971506118774414 -1
vertex 72.32955932617188 4.801127910614014 -1
endloop
endfacet
facet normal 0.08518889853132966 -0.9963648185097301 -0.0000017582477577886007
outer loop
vertex 69.18134307861328 41.622398376464844 -0.5
vertex 70.8819351196289 41.767799377441406 -1
vertex 70.34703826904297 41.72206497192383 -0.5
endloop
endfacet
facet normal 0 0 1
outer loop
vertex 70.92771911621094 21.19692039489746 -1
vertex 72.92044830322266 21.367298126220703 -1
vertex 71.23796844482422 41.045501708984375 -1
endloop
endfacet
facet normal 0.9963648032498701 0.0851890770277951 0
outer loop
vertex 70.92771911621094 21.19692039489746 -0.5
vertex 70.92771911621094 21.19692039489746 -1
vertex 69.18134307861328 41.622398376464844 -1
endloop
endfacet
facet normal 0.08518941173149269 -0.9963647746326855 0
outer loop
vertex 69.18134307861328 41.622398376464844 -1
vertex 70.8819351196289 41.767799377441406 -1
vertex 69.18134307861328 41.622398376464844 -0.5
endloop
endfacet
facet normal 0.9963648032498701 0.0851890770277951 0
outer loop
vertex 70.92771911621094 21.19692039489746 -0.5
vertex 69.18134307861328 41.622398376464844 -1
vertex 69.18134307861328 41.622398376464844 -0.5
endloop
endfacet
facet normal 0 0 1
outer loop
vertex 70.8819351196289 41.767799377441406 -1
vertex 70.92771911621094 21.19692039489746 -1
vertex 71.23796844482422 41.045501708984375 -1
endloop
endfacet
facet normal 0 0 1
outer loop
vertex 70.92771911621094 21.19692039489746 -1
vertex 70.8819351196289 41.767799377441406 -1
vertex 69.18134307861328 41.622398376464844 -1
endloop
endfacet
facet normal 0 0 1
outer loop
vertex -73.87721252441406 47.56584930419922 -1
vertex -72.35220336914062 46.27187728881836 -1
vertex -61.09923553466797 62.62525939941406 -1
endloop
endfacet
facet normal 0.6469846732651646 0.762503004951435 0
outer loop
vertex -72.35220336914062 46.27187728881836 -1
vertex -73.87721252441406 47.56584930419922 -1
vertex -72.35220336914062 46.27187728881836 -0.5
endloop
endfacet
facet normal 0 0 1
outer loop
vertex -59.0889892578125 61.90316390991211 -1
vertex -61.09923553466797 62.62525939941406 -1
vertex -72.35220336914062 46.27187728881836 -1
endloop
endfacet
facet normal -0.7625018136165242 0.6469860773088639 0
outer loop
vertex -72.35220336914062 46.27187728881836 -1
vertex -59.0889892578125 61.90316390991211 -0.5
vertex -59.0889892578125 61.90316390991211 -1
endloop
endfacet
facet normal 0 0 1
outer loop
vertex -61.09923553466797 62.62525939941406 -1
vertex -59.0889892578125 61.90316390991211 -1
vertex -60.385711669921875 62.97226333618164 -1
endloop
endfacet
facet normal -0.6358152134800172 -0.7711872413555912 0.031768743722614456
outer loop
vertex -60.385711669921875 62.97226333618164 -1
vertex -59.0889892578125 61.90316390991211 -1
vertex -59.945831298828125 62.63019561767578 -0.5
endloop
endfacet
facet normal -0.6469848048486319 -0.7625028933026927 0
outer loop
vertex -59.0889892578125 61.90316390991211 -0.5
vertex -59.945831298828125 62.63019561767578 -0.5
vertex -59.0889892578125 61.90316390991211 -1
endloop
endfacet
facet normal -0.7625018136165242 0.6469860773088639 0
outer loop
vertex -72.35220336914062 46.27187728881836 -1
vertex -72.35220336914062 46.27187728881836 -0.5
vertex -59.0889892578125 61.90316390991211 -0.5
endloop
endfacet
facet normal 0.646985558204325 0.7625022540645285 -0.000004642333930340504
outer loop
vertex -73.49595642089844 47.24235534667969 -0.5
vertex -72.35220336914062 46.27187728881836 -0.5
vertex -73.87721252441406 47.56584930419922 -1
endloop
endfacet
facet normal 0 0 1
outer loop
vertex -70.7748794555664 -21.49846839904785 -1
vertex -68.93401336669922 -22.58185577392578 -1
vertex -67.37191009521484 -2.043846607208252 -1
endloop
endfacet
facet normal -0.9850441925121105 0.17230188274700983 0
outer loop
vertex -68.93401336669922 -22.58185577392578 -1
vertex -68.93401336669922 -22.58185577392578 -0.5
vertex -65.40182495117188 -2.388450860977173 -0.5
endloop
endfacet
facet normal 0 0 1
outer loop
vertex -70.7748794555664 -21.49846839904785 -1
vertex -70.61405944824219 -22.282442092895508 -1
vertex -68.93401336669922 -22.58185577392578 -1
endloop
endfacet
facet normal 0 0 1
outer loop
vertex -68.93401336669922 -22.58185577392578 -1
vertex -65.40182495117188 -2.388450860977173 -1
vertex -67.37191009521484 -2.043846607208252 -1
endloop
endfacet
facet normal -0.9850441925121105 0.17230188274700983 0
outer loop
vertex -65.40182495117188 -2.388450860977173 -1
vertex -68.93401336669922 -22.58185577392578 -1
vertex -65.40182495117188 -2.388450860977173 -0.5
endloop
endfacet
facet normal -0.17230239467499123 -0.985044102966447 5.398550661365118e-7
outer loop
vertex -67.37191009521484 -2.043846607208252 -1
vertex -65.40182495117188 -2.388450860977173 -1
vertex -66.87938690185547 -2.129997730255127 -0.5
endloop
endfacet
facet normal -0.17230257193586207 -0.9850440719603804 0
outer loop
vertex -65.40182495117188 -2.388450860977173 -1
vertex -65.40182495117188 -2.388450860977173 -0.5
vertex -66.87938690185547 -2.129997730255127 -0.5
endloop
endfacet
facet normal 0.17545299624019367 0.9844878090206798 0
outer loop
vertex -70.61405944824219 -22.282442092895508 -1
vertex -68.93401336669922 -22.58185577392578 -0.5
vertex -68.93401336669922 -22.58185577392578 -1
endloop
endfacet
facet normal 0.17229171106202862 0.9849854392026621 0.010920204121590234
outer loop
vertex -68.93401336669922 -22.58185577392578 -0.5
vertex -70.61405944824219 -22.282442092895508 -1
vertex -70.0834732055664 -22.380794525146484 -0.5
endloop
endfacet
facet normal 0 0 1
outer loop
vertex 72.32955932617188 4.801127910614014 -1
vertex 74.3222885131836 4.971506118774414 -1
vertex 70.92771911621094 21.19692039489746 -1
endloop
endfacet
facet normal 0.9963648168674681 0.08518891775727912 0
outer loop
vertex 72.50182342529297 2.7862844467163086 -0.5
vertex 70.92771911621094 21.19692039489746 -1
vertex 70.92771911621094 21.19692039489746 -0.5
endloop
endfacet
facet normal 0.9963647937983627 0.08518918698653105 0.00000998598984444832
outer loop
vertex 72.32955932617188 4.801127910614014 -1
vertex 70.92771911621094 21.19692039489746 -1
vertex 72.50182342529297 2.7862844467163086 -0.5
endloop
endfacet
facet normal 0 0 1
outer loop
vertex 74.3222885131836 4.971506118774414 -1
vertex 72.92044830322266 21.367298126220703 -1
vertex 70.92771911621094 21.19692039489746 -1
endloop
endfacet
facet normal 0.9963650041854318 0.08518672686847617 0
outer loop
vertex 72.50182342529297 2.7862844467163086 -1
vertex 72.32955932617188 4.801127910614014 -1
vertex 72.50182342529297 2.7862844467163086 -0.5
endloop
endfacet
endsolid auto-kdk-case
